backbone,tsk_pretext,d_pretext,head_pred,ft_strategy,tsk_target,d_target,frac_dtarget,metric_target,metric,lr
CNN PF,1e-1,UCI,MLP,Full Finetune,HAR,UCI,25.0,accuracy,0.408695638179779,1e-1
ResNet-1D,1e-3,RW-Waist,MLP,Full Finetune,HAR,RW-Waist,10.0,accuracy,0.5416666865348816,1e-3
IMU Transformer,1e-5,UCI,MLP,Full Finetune,HAR,UCI,1.0,accuracy,0.3985507190227508,1e-5
CNN PF,1e-1,RW-Waist,MLP,Full Finetune,HAR,RW-Waist,1.0,accuracy,0.318287044763565,1e-1
IMU Transformer,1e-4,UCI,MLP,Full Finetune,HAR,UCI,25.0,accuracy,0.7652173638343811,1e-4
IMU Transformer,1e-1,RW-Thigh,MLP,Full Finetune,HAR,RW-Thigh,100.0,accuracy,0.1666666716337204,1e-1
CNN PF,1e-4,RW-Thigh,MLP,Full Finetune,HAR,RW-Thigh,50.0,accuracy,0.7118702530860901,1e-4
ResNet-1D,1e-3,RW-Waist,MLP,Full Finetune,HAR,RW-Waist,10.0,accuracy,0.5451388955116272,1e-3
IMU Transformer,1e-1,RW-Waist,MLP,Full Finetune,HAR,RW-Waist,100.0,accuracy,0.1666666716337204,1e-1
ResNet-1D,1e-4,KH,MLP,Full Finetune,HAR,KH,50.0,accuracy,0.6666666865348816,1e-4
IMU Transformer,1e-5,MS,MLP,Full Finetune,HAR,MS,50.0,accuracy,0.6421845555305481,1e-5
CNN PF,1e-3,MS,MLP,Full Finetune,HAR,MS,10.0,accuracy,0.5160075426101685,1e-3
ResNet-1D,1e-4,WISDM,MLP,Full Finetune,HAR,WISDM,50.0,accuracy,0.792242705821991,1e-4
IMU Transformer,1e-3,UCI,MLP,Full Finetune,HAR,UCI,100.0,accuracy,0.7811594009399414,1e-3
IMU Transformer,1e-1,MS,MLP,Full Finetune,HAR,MS,1000.0,accuracy,0.1666666716337204,1e-1
ResNet-1D,1e-5,RW-Waist,MLP,Full Finetune,HAR,RW-Waist,10.0,accuracy,0.3418209850788116,1e-5
CNN PF,1e-2,UCI,MLP,Full Finetune,HAR,UCI,10.0,accuracy,0.6985507011413574,1e-2
ResNet-1D,1e-3,RW-Thigh,MLP,Full Finetune,HAR,RW-Thigh,100.0,accuracy,0.6797791719436646,1e-3
IMU Transformer,1e-4,RW-Waist,MLP,Full Finetune,HAR,RW-Waist,100.0,accuracy,0.6188271641731262,1e-4
ResNet-1D,1e-2,MS,MLP,Full Finetune,HAR,MS,1.0,accuracy,0.5395480394363403,1e-2
CNN PF,1e-5,RW-Thigh,MLP,Full Finetune,HAR,RW-Thigh,25.0,accuracy,0.2915804088115692,1e-5
CNN PF,1e-2,WISDM,MLP,Full Finetune,HAR,WISDM,100.0,accuracy,0.7269585132598877,1e-2
IMU Transformer,1e-3,MS,MLP,Full Finetune,HAR,MS,5.0,accuracy,0.6290018558502197,1e-3
CNN PF,1e-1,RW-Thigh,MLP,Full Finetune,HAR,RW-Thigh,100.0,accuracy,0.4006211161613464,1e-1
IMU Transformer,1e-4,RW-Thigh,MLP,Full Finetune,HAR,RW-Thigh,200.0,accuracy,0.6269841194152832,1e-4
IMU Transformer,1e-2,KH,MLP,Full Finetune,HAR,KH,200.0,accuracy,0.3333333432674408,1e-2
CNN PF,1e-5,RW-Waist,MLP,Full Finetune,HAR,RW-Waist,5.0,accuracy,0.1666666716337204,1e-5
IMU Transformer,1e-4,MS,MLP,Full Finetune,HAR,MS,5.0,accuracy,0.578154444694519,1e-4
ResNet-1D,1e-4,KH,MLP,Full Finetune,HAR,KH,1.0,accuracy,0.5555555820465088,1e-4
IMU Transformer,1e-1,RW-Thigh,MLP,Full Finetune,HAR,RW-Thigh,25.0,accuracy,0.1666666716337204,1e-1
CNN PF,1e-5,WISDM,MLP,Full Finetune,HAR,WISDM,50.0,accuracy,0.5426267385482788,1e-5
ResNet-1D,1e-2,RW-Waist,MLP,Full Finetune,HAR,RW-Waist,1000.0,accuracy,0.720678985118866,1e-2
CNN PF,1e-5,UCI,MLP,Full Finetune,HAR,UCI,1.0,accuracy,0.2000000029802322,1e-5
CNN PF,1e-2,RW-Waist,MLP,Full Finetune,HAR,RW-Waist,25.0,accuracy,0.6462191343307495,1e-2
IMU Transformer,1e-3,KH,MLP,Full Finetune,HAR,KH,100.0,accuracy,0.5069444179534912,1e-3
IMU Transformer,1e-5,UCI,MLP,Full Finetune,HAR,UCI,1000.0,accuracy,0.7971014380455017,1e-5
ResNet-1D,1e-3,RW-Thigh,MLP,Full Finetune,HAR,RW-Thigh,50.0,accuracy,0.6701173186302185,1e-3
CNN PF,1e-5,UCI,MLP,Full Finetune,HAR,UCI,100.0,accuracy,0.7579709887504578,1e-5
ResNet-1D,1e-2,WISDM,MLP,Full Finetune,HAR,WISDM,200.0,accuracy,0.8052995204925537,1e-2
CNN PF,1e-4,RW-Thigh,MLP,Full Finetune,HAR,RW-Thigh,100.0,accuracy,0.6873705983161926,1e-4
IMU Transformer,1e-3,RW-Waist,MLP,Full Finetune,HAR,RW-Waist,200.0,accuracy,0.6246141791343689,1e-3
IMU Transformer,1e-3,UCI,MLP,Full Finetune,HAR,UCI,10.0,accuracy,0.7420290112495422,1e-3
IMU Transformer,1e-2,UCI,MLP,Full Finetune,HAR,UCI,200.0,accuracy,0.2000000029802322,1e-2
ResNet-1D,1e-4,UCI,MLP,Full Finetune,HAR,UCI,1000.0,accuracy,0.9376811385154724,1e-4
IMU Transformer,1e-5,UCI,MLP,Full Finetune,HAR,UCI,200.0,accuracy,0.7724637389183044,1e-5
CNN PF,1e-3,MS,MLP,Full Finetune,HAR,MS,25.0,accuracy,0.6902071833610535,1e-3
ResNet-1D,1e-2,MS,MLP,Full Finetune,HAR,MS,50.0,accuracy,0.7749529480934143,1e-2
ResNet-1D,1e-2,UCI,MLP,Full Finetune,HAR,UCI,100.0,accuracy,0.7956521511077881,1e-2
IMU Transformer,1e-1,RW-Waist,MLP,Full Finetune,HAR,RW-Waist,50.0,accuracy,0.1666666716337204,1e-1
CNN PF,1e-4,RW-Waist,MLP,Full Finetune,HAR,RW-Waist,5.0,accuracy,0.5852623581886292,1e-4
CNN PF,1e-1,RW-Waist,MLP,Full Finetune,HAR,RW-Waist,50.0,accuracy,0.3090277910232544,1e-1
ResNet-1D,1e-2,KH,MLP,Full Finetune,HAR,KH,10.0,accuracy,0.1666666716337204,1e-2
IMU Transformer,1e-5,RW-Waist,MLP,Full Finetune,HAR,RW-Waist,25.0,accuracy,0.501928985118866,1e-5
CNN PF,1e-4,WISDM,MLP,Full Finetune,HAR,WISDM,5.0,accuracy,0.5691244006156921,1e-4
ResNet-1D,1e-5,WISDM,MLP,Full Finetune,HAR,WISDM,50.0,accuracy,0.7154377698898315,1e-5
CNN PF,1e-1,RW-Thigh,MLP,Full Finetune,HAR,RW-Thigh,1000.0,accuracy,0.3267771005630493,1e-1
CNN PF,1e-5,UCI,MLP,Full Finetune,HAR,UCI,25.0,accuracy,0.4768115878105163,1e-5
ResNet-1D,1e-4,RW-Thigh,MLP,Full Finetune,HAR,RW-Thigh,1000.0,accuracy,0.7239475250244141,1e-4
ResNet-1D,1e-2,WISDM,MLP,Full Finetune,HAR,WISDM,200.0,accuracy,0.7599846124649048,1e-2
CNN PF,1e-4,RW-Thigh,MLP,Full Finetune,HAR,RW-Thigh,10.0,accuracy,0.5555555820465088,1e-4
CNN PF,1e-3,WISDM,MLP,Full Finetune,HAR,WISDM,1000.0,accuracy,0.8840245604515076,1e-3
CNN PF,1e-1,WISDM,MLP,Full Finetune,HAR,WISDM,1000.0,accuracy,0.6140552759170532,1e-1
IMU Transformer,1e-3,MS,MLP,Full Finetune,HAR,MS,100.0,accuracy,0.7071563005447388,1e-3
IMU Transformer,1e-5,RW-Waist,MLP,Full Finetune,HAR,RW-Waist,1.0,accuracy,0.3530092537403106,1e-5
IMU Transformer,1e-2,WISDM,MLP,Full Finetune,HAR,WISDM,200.0,accuracy,0.25,1e-2
IMU Transformer,1e-1,KH,MLP,Full Finetune,HAR,KH,200.0,accuracy,0.1666666716337204,1e-1
IMU Transformer,1e-5,RW-Waist,MLP,Full Finetune,HAR,RW-Waist,25.0,accuracy,0.4741512238979339,1e-5
ResNet-1D,1e-5,UCI,MLP,Full Finetune,HAR,UCI,100.0,accuracy,0.8014492988586426,1e-5
ResNet-1D,1e-1,RW-Waist,MLP,Full Finetune,HAR,RW-Waist,5.0,accuracy,0.2669753134250641,1e-1
CNN PF,1e-1,MS,MLP,Full Finetune,HAR,MS,200.0,accuracy,0.1666666716337204,1e-1
CNN PF,1e-2,KH,MLP,Full Finetune,HAR,KH,200.0,accuracy,0.3472222089767456,1e-2
CNN PF,1e-3,RW-Waist,MLP,Full Finetune,HAR,RW-Waist,50.0,accuracy,0.6396604776382446,1e-3
ResNet-1D,1e-5,KH,MLP,Full Finetune,HAR,KH,1000.0,accuracy,0.7152777910232544,1e-5
ResNet-1D,1e-2,KH,MLP,Full Finetune,HAR,KH,200.0,accuracy,0.7638888955116272,1e-2
CNN PF,1e-3,RW-Thigh,MLP,Full Finetune,HAR,RW-Thigh,1000.0,accuracy,0.7229123711585999,1e-3
ResNet-1D,1e-3,MS,MLP,Full Finetune,HAR,MS,50.0,accuracy,0.7419962286949158,1e-3
IMU Transformer,1e-5,RW-Thigh,MLP,Full Finetune,HAR,RW-Thigh,1000.0,accuracy,0.6055900454521179,1e-5
ResNet-1D,1e-4,UCI,MLP,Full Finetune,HAR,UCI,1.0,accuracy,0.4898550808429718,1e-4
ResNet-1D,1e-1,WISDM,MLP,Full Finetune,HAR,WISDM,1000.0,accuracy,0.7012288570404053,1e-1
IMU Transformer,1e-5,KH,MLP,Full Finetune,HAR,KH,25.0,accuracy,0.5138888955116272,1e-5
CNN PF,1e-2,MS,MLP,Full Finetune,HAR,MS,50.0,accuracy,0.5913370847702026,1e-2
CNN PF,1e-1,KH,MLP,Full Finetune,HAR,KH,1.0,accuracy,0.1736111044883728,1e-1
CNN PF,1e-3,UCI,MLP,Full Finetune,HAR,UCI,100.0,accuracy,0.804347813129425,1e-3
IMU Transformer,1e-4,RW-Waist,MLP,Full Finetune,HAR,RW-Waist,50.0,accuracy,0.6535493731498718,1e-4
CNN PF,1e-4,RW-Thigh,MLP,Full Finetune,HAR,RW-Thigh,1.0,accuracy,0.0393374748528003,1e-4
CNN PF,1e-2,WISDM,MLP,Full Finetune,HAR,WISDM,50.0,accuracy,0.6678187251091003,1e-2
ResNet-1D,1e-4,RW-Thigh,MLP,Full Finetune,HAR,RW-Thigh,5.0,accuracy,0.5686680674552917,1e-4
CNN PF,1e-3,WISDM,MLP,Full Finetune,HAR,WISDM,200.0,accuracy,0.726190447807312,1e-3
CNN PF,1e-5,WISDM,MLP,Full Finetune,HAR,WISDM,25.0,accuracy,0.4366359412670135,1e-5
IMU Transformer,1e-5,WISDM,MLP,Full Finetune,HAR,WISDM,1000.0,accuracy,0.7200461030006409,1e-5
IMU Transformer,1e-3,RW-Thigh,MLP,Full Finetune,HAR,RW-Thigh,200.0,accuracy,0.4996549487113952,1e-3
CNN PF,1e-3,KH,MLP,Full Finetune,HAR,KH,50.0,accuracy,0.7430555820465088,1e-3
IMU Transformer,1e-2,RW-Thigh,MLP,Full Finetune,HAR,RW-Thigh,25.0,accuracy,0.3240165710449219,1e-2
IMU Transformer,1e-3,KH,MLP,Full Finetune,HAR,KH,10.0,accuracy,0.6875,1e-3
ResNet-1D,1e-3,UCI,MLP,Full Finetune,HAR,UCI,200.0,accuracy,0.9449275135993958,1e-3
ResNet-1D,1e-5,UCI,MLP,Full Finetune,HAR,UCI,200.0,accuracy,0.7971014380455017,1e-5
ResNet-1D,1e-3,RW-Waist,MLP,Full Finetune,HAR,RW-Waist,1000.0,accuracy,0.65625,1e-3
IMU Transformer,1e-1,RW-Thigh,MLP,Full Finetune,HAR,RW-Thigh,10.0,accuracy,0.1666666716337204,1e-1
ResNet-1D,1e-5,KH,MLP,Full Finetune,HAR,KH,100.0,accuracy,0.6944444179534912,1e-5
CNN PF,1e-4,RW-Thigh,MLP,Full Finetune,HAR,RW-Thigh,5.0,accuracy,0.4927536249160766,1e-4
CNN PF,1e-4,RW-Waist,MLP,Full Finetune,HAR,RW-Waist,200.0,accuracy,0.7569444179534912,1e-4
IMU Transformer,1e-1,UCI,MLP,Full Finetune,HAR,UCI,200.0,accuracy,0.2000000029802322,1e-1
IMU Transformer,1e-2,KH,MLP,Full Finetune,HAR,KH,1.0,accuracy,0.3333333432674408,1e-2
IMU Transformer,1e-1,MS,MLP,Full Finetune,HAR,MS,50.0,accuracy,0.1666666716337204,1e-1
IMU Transformer,1e-2,UCI,MLP,Full Finetune,HAR,UCI,5.0,accuracy,0.2000000029802322,1e-2
CNN PF,1e-3,WISDM,MLP,Full Finetune,HAR,WISDM,50.0,accuracy,0.7304147481918335,1e-3
ResNet-1D,1e-3,RW-Waist,MLP,Full Finetune,HAR,RW-Waist,200.0,accuracy,0.6180555820465088,1e-3
IMU Transformer,1e-5,WISDM,MLP,Full Finetune,HAR,WISDM,1.0,accuracy,0.511904776096344,1e-5
ResNet-1D,1e-1,RW-Thigh,MLP,Full Finetune,HAR,RW-Thigh,25.0,accuracy,0.6097308397293091,1e-1
CNN PF,1e-1,RW-Thigh,MLP,Full Finetune,HAR,RW-Thigh,200.0,accuracy,0.3992408514022827,1e-1
IMU Transformer,1e-4,RW-Thigh,MLP,Full Finetune,HAR,RW-Thigh,1.0,accuracy,0.4534161388874054,1e-4
CNN PF,1e-1,RW-Thigh,MLP,Full Finetune,HAR,RW-Thigh,1.0,accuracy,0.3398895859718323,1e-1
ResNet-1D,1e-5,MS,MLP,Full Finetune,HAR,MS,10.0,accuracy,0.4858756959438324,1e-5
CNN PF,1e-3,WISDM,MLP,Full Finetune,HAR,WISDM,50.0,accuracy,0.7872503995895386,1e-3
IMU Transformer,1e-5,UCI,MLP,Full Finetune,HAR,UCI,1000.0,accuracy,0.791304349899292,1e-5
ResNet-1D,1e-4,RW-Thigh,MLP,Full Finetune,HAR,RW-Thigh,25.0,accuracy,0.6735679507255554,1e-4
IMU Transformer,1e-3,KH,MLP,Full Finetune,HAR,KH,10.0,accuracy,0.4930555522441864,1e-3
ResNet-1D,1e-5,WISDM,MLP,Full Finetune,HAR,WISDM,100.0,accuracy,0.7235022783279419,1e-5
ResNet-1D,1e-4,RW-Thigh,MLP,Full Finetune,HAR,RW-Thigh,200.0,accuracy,0.6959972381591797,1e-4
CNN PF,1e-2,RW-Thigh,MLP,Full Finetune,HAR,RW-Thigh,1.0,accuracy,0.2774327099323272,1e-2
ResNet-1D,1e-5,UCI,MLP,Full Finetune,HAR,UCI,100.0,accuracy,0.7927536368370056,1e-5
ResNet-1D,1e-5,RW-Waist,MLP,Full Finetune,HAR,RW-Waist,10.0,accuracy,0.4112654328346252,1e-5
IMU Transformer,1e-3,UCI,MLP,Full Finetune,HAR,UCI,1000.0,accuracy,0.7797101736068726,1e-3
CNN PF,1e-3,MS,MLP,Full Finetune,HAR,MS,1.0,accuracy,0.1864406764507293,1e-3
IMU Transformer,1e-2,KH,MLP,Full Finetune,HAR,KH,1.0,accuracy,0.3333333432674408,1e-2
ResNet-1D,1e-4,MS,MLP,Full Finetune,HAR,MS,25.0,accuracy,0.81732577085495,1e-4
IMU Transformer,1e-4,UCI,MLP,Full Finetune,HAR,UCI,1000.0,accuracy,0.7971014380455017,1e-4
CNN PF,1e-5,KH,MLP,Full Finetune,HAR,KH,50.0,accuracy,0.6319444179534912,1e-5
ResNet-1D,1e-2,MS,MLP,Full Finetune,HAR,MS,1000.0,accuracy,0.7288135886192322,1e-2
CNN PF,1e-2,RW-Thigh,MLP,Full Finetune,HAR,RW-Thigh,200.0,accuracy,0.601104199886322,1e-2
ResNet-1D,1e-2,RW-Thigh,MLP,Full Finetune,HAR,RW-Thigh,50.0,accuracy,0.6418219208717346,1e-2
CNN PF,1e-5,UCI,MLP,Full Finetune,HAR,UCI,5.0,accuracy,0.252173900604248,1e-5
CNN PF,1e-4,RW-Thigh,MLP,Full Finetune,HAR,RW-Thigh,1000.0,accuracy,0.7670807242393494,1e-4
CNN PF,1e-3,WISDM,MLP,Full Finetune,HAR,WISDM,1.0,accuracy,0.2645929455757141,1e-3
ResNet-1D,1e-3,MS,MLP,Full Finetune,HAR,MS,1.0,accuracy,0.5866289734840393,1e-3
ResNet-1D,1e-1,RW-Thigh,MLP,Full Finetune,HAR,RW-Thigh,5.0,accuracy,0.4109730720520019,1e-1
ResNet-1D,1e-3,UCI,MLP,Full Finetune,HAR,UCI,50.0,accuracy,0.8594202995300293,1e-3
CNN PF,1e-3,RW-Waist,MLP,Full Finetune,HAR,RW-Waist,5.0,accuracy,0.6219135522842407,1e-3
CNN PF,1e-2,RW-Thigh,MLP,Full Finetune,HAR,RW-Thigh,10.0,accuracy,0.2222222238779068,1e-2
CNN PF,1e-2,UCI,MLP,Full Finetune,HAR,UCI,100.0,accuracy,0.7507246136665344,1e-2
IMU Transformer,1e-4,MS,MLP,Full Finetune,HAR,MS,10.0,accuracy,0.6930320262908936,1e-4
ResNet-1D,1e-5,RW-Waist,MLP,Full Finetune,HAR,RW-Waist,5.0,accuracy,0.4494598805904388,1e-5
ResNet-1D,1e-1,UCI,MLP,Full Finetune,HAR,UCI,5.0,accuracy,0.678260862827301,1e-1
IMU Transformer,1e-4,UCI,MLP,Full Finetune,HAR,UCI,1.0,accuracy,0.6333333253860474,1e-4
IMU Transformer,1e-1,RW-Waist,MLP,Full Finetune,HAR,RW-Waist,10.0,accuracy,0.1666666716337204,1e-1
CNN PF,1e-5,WISDM,MLP,Full Finetune,HAR,WISDM,200.0,accuracy,0.735023021697998,1e-5
CNN PF,1e-2,WISDM,MLP,Full Finetune,HAR,WISDM,1.0,accuracy,0.2492319494485855,1e-2
ResNet-1D,1e-5,MS,MLP,Full Finetune,HAR,MS,5.0,accuracy,0.4905838072299957,1e-5
CNN PF,1e-3,UCI,MLP,Full Finetune,HAR,UCI,200.0,accuracy,0.8318840861320496,1e-3
ResNet-1D,1e-5,WISDM,MLP,Full Finetune,HAR,WISDM,25.0,accuracy,0.7165898680686951,1e-5
ResNet-1D,1e-1,KH,MLP,Full Finetune,HAR,KH,1000.0,accuracy,0.5416666865348816,1e-1
IMU Transformer,1e-3,MS,MLP,Full Finetune,HAR,MS,10.0,accuracy,0.6666666865348816,1e-3
IMU Transformer,1e-3,KH,MLP,Full Finetune,HAR,KH,100.0,accuracy,0.5208333134651184,1e-3
ResNet-1D,1e-1,KH,MLP,Full Finetune,HAR,KH,10.0,accuracy,0.6180555820465088,1e-1
ResNet-1D,1e-3,RW-Thigh,MLP,Full Finetune,HAR,RW-Thigh,5.0,accuracy,0.6048999428749084,1e-3
ResNet-1D,1e-2,MS,MLP,Full Finetune,HAR,MS,100.0,accuracy,0.8003766536712646,1e-2
CNN PF,1e-2,RW-Thigh,MLP,Full Finetune,HAR,RW-Thigh,1000.0,accuracy,0.7570738196372986,1e-2
CNN PF,1e-3,UCI,MLP,Full Finetune,HAR,UCI,25.0,accuracy,0.8173912763595581,1e-3
ResNet-1D,1e-1,RW-Waist,MLP,Full Finetune,HAR,RW-Waist,5.0,accuracy,0.4266975224018097,1e-1
IMU Transformer,1e-5,MS,MLP,Full Finetune,HAR,MS,10.0,accuracy,0.5753295421600342,1e-5
CNN PF,1e-3,RW-Waist,MLP,Full Finetune,HAR,RW-Waist,1.0,accuracy,0.2916666567325592,1e-3
IMU Transformer,1e-3,RW-Thigh,MLP,Full Finetune,HAR,RW-Thigh,10.0,accuracy,0.513112485408783,1e-3
CNN PF,1e-4,RW-Thigh,MLP,Full Finetune,HAR,RW-Thigh,25.0,accuracy,0.6649413108825684,1e-4
CNN PF,1e-1,RW-Thigh,MLP,Full Finetune,HAR,RW-Thigh,10.0,accuracy,0.3178053796291351,1e-1
IMU Transformer,1e-1,RW-Thigh,MLP,Full Finetune,HAR,RW-Thigh,1.0,accuracy,0.1666666716337204,1e-1
IMU Transformer,1e-3,MS,MLP,Full Finetune,HAR,MS,1000.0,accuracy,0.6073446273803711,1e-3
CNN PF,1e-2,KH,MLP,Full Finetune,HAR,KH,50.0,accuracy,0.4513888955116272,1e-2
IMU Transformer,1e-4,MS,MLP,Full Finetune,HAR,MS,200.0,accuracy,0.770244836807251,1e-4
ResNet-1D,1e-2,RW-Thigh,MLP,Full Finetune,HAR,RW-Thigh,10.0,accuracy,0.54347825050354,1e-2
CNN PF,1e-3,KH,MLP,Full Finetune,HAR,KH,5.0,accuracy,0.2291666716337204,1e-3
IMU Transformer,1e-2,KH,MLP,Full Finetune,HAR,KH,25.0,accuracy,0.3333333432674408,1e-2
ResNet-1D,1e-4,UCI,MLP,Full Finetune,HAR,UCI,10.0,accuracy,0.7797101736068726,1e-4
IMU Transformer,1e-1,UCI,MLP,Full Finetune,HAR,UCI,100.0,accuracy,0.2000000029802322,1e-1
ResNet-1D,1e-4,UCI,MLP,Full Finetune,HAR,UCI,200.0,accuracy,0.9376811385154724,1e-4
IMU Transformer,1e-2,UCI,MLP,Full Finetune,HAR,UCI,25.0,accuracy,0.2000000029802322,1e-2
ResNet-1D,1e-2,KH,MLP,Full Finetune,HAR,KH,25.0,accuracy,0.5486111044883728,1e-2
ResNet-1D,1e-1,UCI,MLP,Full Finetune,HAR,UCI,10.0,accuracy,0.7130434513092041,1e-1
CNN PF,1e-3,KH,MLP,Full Finetune,HAR,KH,200.0,accuracy,0.6944444179534912,1e-3
ResNet-1D,1e-3,RW-Waist,MLP,Full Finetune,HAR,RW-Waist,1000.0,accuracy,0.7330247163772583,1e-3
IMU Transformer,1e-4,WISDM,MLP,Full Finetune,HAR,WISDM,1.0,accuracy,0.5994623899459839,1e-4
CNN PF,1e-2,RW-Waist,MLP,Full Finetune,HAR,RW-Waist,100.0,accuracy,0.6890432238578796,1e-2
IMU Transformer,1e-2,RW-Waist,MLP,Full Finetune,HAR,RW-Waist,1.0,accuracy,0.3267746865749359,1e-2
IMU Transformer,1e-5,RW-Thigh,MLP,Full Finetune,HAR,RW-Thigh,100.0,accuracy,0.6922014951705933,1e-5
IMU Transformer,1e-1,MS,MLP,Full Finetune,HAR,MS,100.0,accuracy,0.1666666716337204,1e-1
CNN PF,1e-3,RW-Waist,MLP,Full Finetune,HAR,RW-Waist,10.0,accuracy,0.645061731338501,1e-3
ResNet-1D,1e-4,RW-Thigh,MLP,Full Finetune,HAR,RW-Thigh,5.0,accuracy,0.6187025308609009,1e-4
CNN PF,1e-1,MS,MLP,Full Finetune,HAR,MS,50.0,accuracy,0.2212806046009063,1e-1
ResNet-1D,1e-3,KH,MLP,Full Finetune,HAR,KH,10.0,accuracy,0.5416666865348816,1e-3
IMU Transformer,1e-1,UCI,MLP,Full Finetune,HAR,UCI,5.0,accuracy,0.2000000029802322,1e-1
IMU Transformer,1e-3,RW-Thigh,MLP,Full Finetune,HAR,RW-Thigh,25.0,accuracy,0.593512773513794,1e-3
IMU Transformer,1e-3,RW-Thigh,MLP,Full Finetune,HAR,RW-Thigh,100.0,accuracy,0.5372670888900757,1e-3
IMU Transformer,1e-2,RW-Thigh,MLP,Full Finetune,HAR,RW-Thigh,50.0,accuracy,0.1666666716337204,1e-2
ResNet-1D,1e-2,WISDM,MLP,Full Finetune,HAR,WISDM,25.0,accuracy,0.7480798959732056,1e-2
IMU Transformer,1e-3,KH,MLP,Full Finetune,HAR,KH,200.0,accuracy,0.4861111044883728,1e-3
CNN PF,1e-1,RW-Waist,MLP,Full Finetune,HAR,RW-Waist,200.0,accuracy,0.3506944477558136,1e-1
ResNet-1D,1e-2,MS,MLP,Full Finetune,HAR,MS,100.0,accuracy,0.8041431307792664,1e-2
IMU Transformer,1e-4,UCI,MLP,Full Finetune,HAR,UCI,25.0,accuracy,0.7507246136665344,1e-4
ResNet-1D,1e-1,WISDM,MLP,Full Finetune,HAR,WISDM,10.0,accuracy,0.7281106114387512,1e-1
CNN PF,1e-3,KH,MLP,Full Finetune,HAR,KH,200.0,accuracy,0.6111111044883728,1e-3
IMU Transformer,1e-2,MS,MLP,Full Finetune,HAR,MS,100.0,accuracy,0.1666666716337204,1e-2
IMU Transformer,1e-2,KH,MLP,Full Finetune,HAR,KH,50.0,accuracy,0.3333333432674408,1e-2
ResNet-1D,1e-2,UCI,MLP,Full Finetune,HAR,UCI,1.0,accuracy,0.6144927740097046,1e-2
ResNet-1D,1e-2,RW-Thigh,MLP,Full Finetune,HAR,RW-Thigh,200.0,accuracy,0.6649413108825684,1e-2
IMU Transformer,1e-2,KH,MLP,Full Finetune,HAR,KH,10.0,accuracy,0.3194444477558136,1e-2
ResNet-1D,1e-1,WISDM,MLP,Full Finetune,HAR,WISDM,25.0,accuracy,0.7085253596305847,1e-1
ResNet-1D,1e-2,RW-Thigh,MLP,Full Finetune,HAR,RW-Thigh,100.0,accuracy,0.6687370538711548,1e-2
CNN PF,1e-2,RW-Waist,MLP,Full Finetune,HAR,RW-Waist,1000.0,accuracy,0.7141203880310059,1e-2
ResNet-1D,1e-4,WISDM,MLP,Full Finetune,HAR,WISDM,1.0,accuracy,0.6148233413696289,1e-4
IMU Transformer,1e-2,UCI,MLP,Full Finetune,HAR,UCI,100.0,accuracy,0.2000000029802322,1e-2
CNN PF,1e-5,RW-Waist,MLP,Full Finetune,HAR,RW-Waist,1000.0,accuracy,0.7430555820465088,1e-5
IMU Transformer,1e-2,MS,MLP,Full Finetune,HAR,MS,25.0,accuracy,0.1666666716337204,1e-2
ResNet-1D,1e-2,UCI,MLP,Full Finetune,HAR,UCI,10.0,accuracy,0.7565217614173889,1e-2
IMU Transformer,1e-4,RW-Thigh,MLP,Full Finetune,HAR,RW-Thigh,50.0,accuracy,0.6318150162696838,1e-4
ResNet-1D,1e-2,RW-Waist,MLP,Full Finetune,HAR,RW-Waist,1000.0,accuracy,0.729938268661499,1e-2
ResNet-1D,1e-3,MS,MLP,Full Finetune,HAR,MS,5.0,accuracy,0.6751412153244019,1e-3
ResNet-1D,1e-3,UCI,MLP,Full Finetune,HAR,UCI,25.0,accuracy,0.843478262424469,1e-3
ResNet-1D,1e-3,RW-Waist,MLP,Full Finetune,HAR,RW-Waist,100.0,accuracy,0.6350308656692505,1e-3
CNN PF,1e-5,KH,MLP,Full Finetune,HAR,KH,50.0,accuracy,0.3541666567325592,1e-5
ResNet-1D,1e-3,RW-Waist,MLP,Full Finetune,HAR,RW-Waist,5.0,accuracy,0.6593364477157593,1e-3
CNN PF,1e-1,KH,MLP,Full Finetune,HAR,KH,5.0,accuracy,0.1805555522441864,1e-1
IMU Transformer,1e-5,UCI,MLP,Full Finetune,HAR,UCI,5.0,accuracy,0.3289855122566223,1e-5
IMU Transformer,1e-4,UCI,MLP,Full Finetune,HAR,UCI,200.0,accuracy,0.7768115997314453,1e-4
ResNet-1D,1e-3,MS,MLP,Full Finetune,HAR,MS,50.0,accuracy,0.7457627058029175,1e-3
ResNet-1D,1e-5,UCI,MLP,Full Finetune,HAR,UCI,5.0,accuracy,0.3942028880119324,1e-5
ResNet-1D,1e-2,KH,MLP,Full Finetune,HAR,KH,1.0,accuracy,0.1666666716337204,1e-2
IMU Transformer,1e-4,WISDM,MLP,Full Finetune,HAR,WISDM,25.0,accuracy,0.7334869503974915,1e-4
CNN PF,1e-3,MS,MLP,Full Finetune,HAR,MS,100.0,accuracy,0.6760828495025635,1e-3
CNN PF,1e-1,UCI,MLP,Full Finetune,HAR,UCI,25.0,accuracy,0.3826086819171905,1e-1
IMU Transformer,1e-1,UCI,MLP,Full Finetune,HAR,UCI,1000.0,accuracy,0.2000000029802322,1e-1
ResNet-1D,1e-3,RW-Thigh,MLP,Full Finetune,HAR,RW-Thigh,10.0,accuracy,0.6432021856307983,1e-3
IMU Transformer,1e-4,WISDM,MLP,Full Finetune,HAR,WISDM,1000.0,accuracy,0.8168202638626099,1e-4
CNN PF,1e-2,WISDM,MLP,Full Finetune,HAR,WISDM,100.0,accuracy,0.7031490206718445,1e-2
CNN PF,1e-1,WISDM,MLP,Full Finetune,HAR,WISDM,5.0,accuracy,0.4942396283149719,1e-1
ResNet-1D,1e-5,WISDM,MLP,Full Finetune,HAR,WISDM,50.0,accuracy,0.7288786768913269,1e-5
ResNet-1D,1e-1,RW-Thigh,MLP,Full Finetune,HAR,RW-Thigh,1000.0,accuracy,0.6918564438819885,1e-1
ResNet-1D,1e-5,WISDM,MLP,Full Finetune,HAR,WISDM,25.0,accuracy,0.7331029176712036,1e-5
ResNet-1D,1e-1,RW-Thigh,MLP,Full Finetune,HAR,RW-Thigh,25.0,accuracy,0.6266390681266785,1e-1
CNN PF,1e-1,RW-Waist,MLP,Full Finetune,HAR,RW-Waist,5.0,accuracy,0.3398919701576233,1e-1
IMU Transformer,1e-2,WISDM,MLP,Full Finetune,HAR,WISDM,25.0,accuracy,0.4934715926647186,1e-2
IMU Transformer,1e-2,MS,MLP,Full Finetune,HAR,MS,1000.0,accuracy,0.3314501047134399,1e-2
ResNet-1D,1e-5,RW-Waist,MLP,Full Finetune,HAR,RW-Waist,100.0,accuracy,0.7797067761421204,1e-5
IMU Transformer,1e-1,KH,MLP,Full Finetune,HAR,KH,5.0,accuracy,0.1666666716337204,1e-1
CNN PF,1e-4,MS,MLP,Full Finetune,HAR,MS,5.0,accuracy,0.4717514216899872,1e-4
ResNet-1D,1e-4,RW-Thigh,MLP,Full Finetune,HAR,RW-Thigh,10.0,accuracy,0.6373360753059387,1e-4
ResNet-1D,1e-5,MS,MLP,Full Finetune,HAR,MS,50.0,accuracy,0.6610169410705566,1e-5
IMU Transformer,1e-4,RW-Waist,MLP,Full Finetune,HAR,RW-Waist,200.0,accuracy,0.6253858208656311,1e-4
ResNet-1D,1e-3,UCI,MLP,Full Finetune,HAR,UCI,10.0,accuracy,0.7637681365013123,1e-3
CNN PF,1e-4,KH,MLP,Full Finetune,HAR,KH,10.0,accuracy,0.2986111044883728,1e-4
CNN PF,1e-3,UCI,MLP,Full Finetune,HAR,UCI,50.0,accuracy,0.865217387676239,1e-3
CNN PF,1e-3,KH,MLP,Full Finetune,HAR,KH,100.0,accuracy,0.4097222089767456,1e-3
ResNet-1D,1e-2,MS,MLP,Full Finetune,HAR,MS,100.0,accuracy,0.7768361568450928,1e-2
IMU Transformer,1e-5,RW-Waist,MLP,Full Finetune,HAR,RW-Waist,200.0,accuracy,0.6288580298423767,1e-5
CNN PF,1e-5,UCI,MLP,Full Finetune,HAR,UCI,1.0,accuracy,0.2927536368370056,1e-5
ResNet-1D,1e-4,RW-Waist,MLP,Full Finetune,HAR,RW-Waist,5.0,accuracy,0.5590277910232544,1e-4
CNN PF,1e-1,UCI,MLP,Full Finetune,HAR,UCI,10.0,accuracy,0.4014492630958557,1e-1
CNN PF,1e-5,UCI,MLP,Full Finetune,HAR,UCI,100.0,accuracy,0.7681159377098083,1e-5
CNN PF,1e-1,KH,MLP,Full Finetune,HAR,KH,5.0,accuracy,0.3333333432674408,1e-1
ResNet-1D,1e-4,UCI,MLP,Full Finetune,HAR,UCI,10.0,accuracy,0.782608687877655,1e-4
CNN PF,1e-1,WISDM,MLP,Full Finetune,HAR,WISDM,50.0,accuracy,0.5414746403694153,1e-1
IMU Transformer,1e-5,RW-Waist,MLP,Full Finetune,HAR,RW-Waist,200.0,accuracy,0.6597222089767456,1e-5
ResNet-1D,1e-2,UCI,MLP,Full Finetune,HAR,UCI,1.0,accuracy,0.2000000029802322,1e-2
ResNet-1D,1e-4,WISDM,MLP,Full Finetune,HAR,WISDM,5.0,accuracy,0.7115975618362427,1e-4
ResNet-1D,1e-3,UCI,MLP,Full Finetune,HAR,UCI,5.0,accuracy,0.7666666507720947,1e-3
ResNet-1D,1e-2,UCI,MLP,Full Finetune,HAR,UCI,100.0,accuracy,0.8376811742782593,1e-2
IMU Transformer,1e-5,KH,MLP,Full Finetune,HAR,KH,100.0,accuracy,0.625,1e-5
IMU Transformer,1e-2,RW-Thigh,MLP,Full Finetune,HAR,RW-Thigh,10.0,accuracy,0.1666666716337204,1e-2
IMU Transformer,1e-3,UCI,MLP,Full Finetune,HAR,UCI,25.0,accuracy,0.7376811504364014,1e-3
IMU Transformer,1e-5,RW-Waist,MLP,Full Finetune,HAR,RW-Waist,200.0,accuracy,0.6797839403152466,1e-5
IMU Transformer,1e-4,UCI,MLP,Full Finetune,HAR,UCI,5.0,accuracy,0.5927536487579346,1e-4
CNN PF,1e-3,RW-Thigh,MLP,Full Finetune,HAR,RW-Thigh,50.0,accuracy,0.7425810694694519,1e-3
IMU Transformer,1e-2,KH,MLP,Full Finetune,HAR,KH,10.0,accuracy,0.3333333432674408,1e-2
CNN PF,1e-1,KH,MLP,Full Finetune,HAR,KH,1000.0,accuracy,0.4652777910232544,1e-1
IMU Transformer,1e-2,MS,MLP,Full Finetune,HAR,MS,10.0,accuracy,0.3314501047134399,1e-2
IMU Transformer,1e-2,KH,MLP,Full Finetune,HAR,KH,5.0,accuracy,0.3333333432674408,1e-2
CNN PF,1e-5,RW-Thigh,MLP,Full Finetune,HAR,RW-Thigh,1000.0,accuracy,0.7104899883270264,1e-5
IMU Transformer,1e-5,RW-Thigh,MLP,Full Finetune,HAR,RW-Thigh,25.0,accuracy,0.4482401609420776,1e-5
ResNet-1D,1e-1,WISDM,MLP,Full Finetune,HAR,WISDM,200.0,accuracy,0.7430875301361084,1e-1
ResNet-1D,1e-1,WISDM,MLP,Full Finetune,HAR,WISDM,50.0,accuracy,0.7131336331367493,1e-1
ResNet-1D,1e-4,KH,MLP,Full Finetune,HAR,KH,25.0,accuracy,0.6319444179534912,1e-4
IMU Transformer,1e-2,WISDM,MLP,Full Finetune,HAR,WISDM,1000.0,accuracy,0.25,1e-2
CNN PF,1e-5,MS,MLP,Full Finetune,HAR,MS,100.0,accuracy,0.6930320262908936,1e-5
ResNet-1D,1e-3,MS,MLP,Full Finetune,HAR,MS,100.0,accuracy,0.7890772223472595,1e-3
ResNet-1D,1e-4,UCI,MLP,Full Finetune,HAR,UCI,5.0,accuracy,0.769565224647522,1e-4
CNN PF,1e-2,WISDM,MLP,Full Finetune,HAR,WISDM,10.0,accuracy,0.4877112209796905,1e-2
ResNet-1D,1e-5,RW-Waist,MLP,Full Finetune,HAR,RW-Waist,25.0,accuracy,0.5706018805503845,1e-5
IMU Transformer,1e-2,UCI,MLP,Full Finetune,HAR,UCI,1.0,accuracy,0.1840579658746719,1e-2
CNN PF,1e-1,KH,MLP,Full Finetune,HAR,KH,25.0,accuracy,0.3333333432674408,1e-1
ResNet-1D,1e-2,MS,MLP,Full Finetune,HAR,MS,5.0,accuracy,0.1666666716337204,1e-2
CNN PF,1e-4,RW-Waist,MLP,Full Finetune,HAR,RW-Waist,25.0,accuracy,0.6790123581886292,1e-4
IMU Transformer,1e-5,MS,MLP,Full Finetune,HAR,MS,200.0,accuracy,0.7382297515869141,1e-5
CNN PF,1e-1,WISDM,MLP,Full Finetune,HAR,WISDM,200.0,accuracy,0.5937020182609558,1e-1
ResNet-1D,1e-2,KH,MLP,Full Finetune,HAR,KH,1000.0,accuracy,0.5347222089767456,1e-2
CNN PF,1e-1,RW-Waist,MLP,Full Finetune,HAR,RW-Waist,100.0,accuracy,0.3379629552364349,1e-1
CNN PF,1e-5,MS,MLP,Full Finetune,HAR,MS,100.0,accuracy,0.7843691110610962,1e-5
IMU Transformer,1e-2,MS,MLP,Full Finetune,HAR,MS,1.0,accuracy,0.3314501047134399,1e-2
IMU Transformer,1e-3,RW-Waist,MLP,Full Finetune,HAR,RW-Waist,5.0,accuracy,0.5158178806304932,1e-3
IMU Transformer,1e-2,RW-Thigh,MLP,Full Finetune,HAR,RW-Thigh,200.0,accuracy,0.3188405930995941,1e-2
ResNet-1D,1e-1,WISDM,MLP,Full Finetune,HAR,WISDM,200.0,accuracy,0.6570660471916199,1e-1
IMU Transformer,1e-4,RW-Thigh,MLP,Full Finetune,HAR,RW-Thigh,1000.0,accuracy,0.622843325138092,1e-4
IMU Transformer,1e-4,MS,MLP,Full Finetune,HAR,MS,200.0,accuracy,0.7514124512672424,1e-4
IMU Transformer,1e-3,MS,MLP,Full Finetune,HAR,MS,200.0,accuracy,0.7598869800567627,1e-3
ResNet-1D,1e-5,MS,MLP,Full Finetune,HAR,MS,50.0,accuracy,0.8079096078872681,1e-5
ResNet-1D,1e-5,MS,MLP,Full Finetune,HAR,MS,100.0,accuracy,0.7919020652770996,1e-5
ResNet-1D,1e-2,UCI,MLP,Full Finetune,HAR,UCI,200.0,accuracy,0.921739101409912,1e-2
ResNet-1D,1e-5,KH,MLP,Full Finetune,HAR,KH,1.0,accuracy,0.3680555522441864,1e-5
ResNet-1D,1e-5,RW-Waist,MLP,Full Finetune,HAR,RW-Waist,50.0,accuracy,0.6504629850387573,1e-5
ResNet-1D,1e-5,MS,MLP,Full Finetune,HAR,MS,200.0,accuracy,0.8455743789672852,1e-5
CNN PF,1e-5,RW-Thigh,MLP,Full Finetune,HAR,RW-Thigh,10.0,accuracy,0.1663216054439544,1e-5
ResNet-1D,1e-1,KH,MLP,Full Finetune,HAR,KH,200.0,accuracy,0.5069444179534912,1e-1
CNN PF,1e-4,MS,MLP,Full Finetune,HAR,MS,1000.0,accuracy,0.8483992218971252,1e-4
CNN PF,1e-2,UCI,MLP,Full Finetune,HAR,UCI,25.0,accuracy,0.8304347991943359,1e-2
IMU Transformer,1e-5,MS,MLP,Full Finetune,HAR,MS,1000.0,accuracy,0.756120502948761,1e-5
CNN PF,1e-3,MS,MLP,Full Finetune,HAR,MS,25.0,accuracy,0.7344632744789124,1e-3
ResNet-1D,1e-4,MS,MLP,Full Finetune,HAR,MS,1.0,accuracy,0.4877589344978332,1e-4
ResNet-1D,1e-3,RW-Waist,MLP,Full Finetune,HAR,RW-Waist,50.0,accuracy,0.7156635522842407,1e-3
CNN PF,1e-1,KH,MLP,Full Finetune,HAR,KH,200.0,accuracy,0.3958333432674408,1e-1
ResNet-1D,1e-3,KH,MLP,Full Finetune,HAR,KH,100.0,accuracy,0.5555555820465088,1e-3
CNN PF,1e-3,UCI,MLP,Full Finetune,HAR,UCI,100.0,accuracy,0.8072463870048523,1e-3
IMU Transformer,1e-4,RW-Thigh,MLP,Full Finetune,HAR,RW-Thigh,200.0,accuracy,0.4717046320438385,1e-4
ResNet-1D,1e-4,RW-Waist,MLP,Full Finetune,HAR,RW-Waist,200.0,accuracy,0.7067901492118835,1e-4
CNN PF,1e-4,UCI,MLP,Full Finetune,HAR,UCI,1000.0,accuracy,0.9202898740768432,1e-4
CNN PF,1e-5,UCI,MLP,Full Finetune,HAR,UCI,10.0,accuracy,0.2347826063632965,1e-5
CNN PF,1e-3,UCI,MLP,Full Finetune,HAR,UCI,10.0,accuracy,0.7202898263931274,1e-3
ResNet-1D,1e-3,KH,MLP,Full Finetune,HAR,KH,100.0,accuracy,0.6666666865348816,1e-3
ResNet-1D,1e-2,KH,MLP,Full Finetune,HAR,KH,1000.0,accuracy,0.6041666865348816,1e-2
CNN PF,1e-3,RW-Waist,MLP,Full Finetune,HAR,RW-Waist,10.0,accuracy,0.6469907164573669,1e-3
CNN PF,1e-4,MS,MLP,Full Finetune,HAR,MS,200.0,accuracy,0.8568738102912903,1e-4
CNN PF,1e-1,WISDM,MLP,Full Finetune,HAR,WISDM,10.0,accuracy,0.5380184054374695,1e-1
IMU Transformer,1e-1,MS,MLP,Full Finetune,HAR,MS,100.0,accuracy,0.1666666716337204,1e-1
CNN PF,1e-5,WISDM,MLP,Full Finetune,HAR,WISDM,25.0,accuracy,0.4270353317260742,1e-5
CNN PF,1e-2,KH,MLP,Full Finetune,HAR,KH,10.0,accuracy,0.3611111044883728,1e-2
CNN PF,1e-1,WISDM,MLP,Full Finetune,HAR,WISDM,50.0,accuracy,0.4811827838420868,1e-1
ResNet-1D,1e-4,RW-Thigh,MLP,Full Finetune,HAR,RW-Thigh,1000.0,accuracy,0.6752933263778687,1e-4
IMU Transformer,1e-2,UCI,MLP,Full Finetune,HAR,UCI,50.0,accuracy,0.3971014618873596,1e-2
CNN PF,1e-3,KH,MLP,Full Finetune,HAR,KH,25.0,accuracy,0.5416666865348816,1e-3
CNN PF,1e-5,RW-Thigh,MLP,Full Finetune,HAR,RW-Thigh,50.0,accuracy,0.4882677793502807,1e-5
IMU Transformer,1e-3,WISDM,MLP,Full Finetune,HAR,WISDM,200.0,accuracy,0.7043010592460632,1e-3
ResNet-1D,1e-3,UCI,MLP,Full Finetune,HAR,UCI,1.0,accuracy,0.5594202876091003,1e-3
ResNet-1D,1e-4,UCI,MLP,Full Finetune,HAR,UCI,200.0,accuracy,0.9405797123908995,1e-4
ResNet-1D,1e-5,KH,MLP,Full Finetune,HAR,KH,200.0,accuracy,0.6388888955116272,1e-5
CNN PF,1e-5,RW-Waist,MLP,Full Finetune,HAR,RW-Waist,1.0,accuracy,0.1608796268701553,1e-5
CNN PF,1e-5,RW-Thigh,MLP,Full Finetune,HAR,RW-Thigh,5.0,accuracy,0.2215320914983749,1e-5
CNN PF,1e-3,KH,MLP,Full Finetune,HAR,KH,1000.0,accuracy,0.5555555820465088,1e-3
CNN PF,1e-1,UCI,MLP,Full Finetune,HAR,UCI,5.0,accuracy,0.282608687877655,1e-1
CNN PF,1e-1,MS,MLP,Full Finetune,HAR,MS,1.0,accuracy,0.1760828644037246,1e-1
CNN PF,1e-5,RW-Thigh,MLP,Full Finetune,HAR,RW-Thigh,1.0,accuracy,0.2042788118124008,1e-5
ResNet-1D,1e-4,KH,MLP,Full Finetune,HAR,KH,1000.0,accuracy,0.5833333134651184,1e-4
ResNet-1D,1e-4,RW-Thigh,MLP,Full Finetune,HAR,RW-Thigh,200.0,accuracy,0.6656314730644226,1e-4
IMU Transformer,1e-2,UCI,MLP,Full Finetune,HAR,UCI,25.0,accuracy,0.2000000029802322,1e-2
CNN PF,1e-5,RW-Waist,MLP,Full Finetune,HAR,RW-Waist,200.0,accuracy,0.7337962985038757,1e-5
CNN PF,1e-4,MS,MLP,Full Finetune,HAR,MS,1.0,accuracy,0.155367225408554,1e-4
CNN PF,1e-4,RW-Waist,MLP,Full Finetune,HAR,RW-Waist,25.0,accuracy,0.6940586566925049,1e-4
CNN PF,1e-5,KH,MLP,Full Finetune,HAR,KH,10.0,accuracy,0.3333333432674408,1e-5
ResNet-1D,1e-4,RW-Thigh,MLP,Full Finetune,HAR,RW-Thigh,1.0,accuracy,0.1690821200609207,1e-4
ResNet-1D,1e-1,MS,MLP,Full Finetune,HAR,MS,5.0,accuracy,0.5969868302345276,1e-1
IMU Transformer,1e-2,UCI,MLP,Full Finetune,HAR,UCI,5.0,accuracy,0.3985507190227508,1e-2
ResNet-1D,1e-3,UCI,MLP,Full Finetune,HAR,UCI,100.0,accuracy,0.791304349899292,1e-3
IMU Transformer,1e-2,RW-Waist,MLP,Full Finetune,HAR,RW-Waist,25.0,accuracy,0.1666666716337204,1e-2
IMU Transformer,1e-1,RW-Thigh,MLP,Full Finetune,HAR,RW-Thigh,100.0,accuracy,0.1666666716337204,1e-1
IMU Transformer,1e-3,UCI,MLP,Full Finetune,HAR,UCI,200.0,accuracy,0.7739130258560181,1e-3
CNN PF,1e-1,KH,MLP,Full Finetune,HAR,KH,10.0,accuracy,0.3194444477558136,1e-1
ResNet-1D,1e-4,KH,MLP,Full Finetune,HAR,KH,5.0,accuracy,0.6111111044883728,1e-4
CNN PF,1e-1,UCI,MLP,Full Finetune,HAR,UCI,1000.0,accuracy,0.5188405513763428,1e-1
IMU Transformer,1e-5,RW-Thigh,MLP,Full Finetune,HAR,RW-Thigh,1000.0,accuracy,0.5848861336708069,1e-5
ResNet-1D,1e-4,MS,MLP,Full Finetune,HAR,MS,1000.0,accuracy,0.927495300769806,1e-4
CNN PF,1e-1,RW-Thigh,MLP,Full Finetune,HAR,RW-Thigh,5.0,accuracy,0.1097308471798896,1e-1
IMU Transformer,1e-1,RW-Waist,MLP,Full Finetune,HAR,RW-Waist,1.0,accuracy,0.1666666716337204,1e-1
IMU Transformer,1e-1,RW-Waist,MLP,Full Finetune,HAR,RW-Waist,25.0,accuracy,0.1666666716337204,1e-1
ResNet-1D,1e-1,KH,MLP,Full Finetune,HAR,KH,1.0,accuracy,0.5833333134651184,1e-1
ResNet-1D,1e-5,UCI,MLP,Full Finetune,HAR,UCI,200.0,accuracy,0.8014492988586426,1e-5
CNN PF,1e-1,KH,MLP,Full Finetune,HAR,KH,50.0,accuracy,0.2569444477558136,1e-1
ResNet-1D,1e-4,RW-Waist,MLP,Full Finetune,HAR,RW-Waist,5.0,accuracy,0.5775462985038757,1e-4
CNN PF,1e-3,MS,MLP,Full Finetune,HAR,MS,200.0,accuracy,0.8728813529014587,1e-3
ResNet-1D,1e-1,UCI,MLP,Full Finetune,HAR,UCI,100.0,accuracy,0.7898550629615784,1e-1
ResNet-1D,1e-2,RW-Thigh,MLP,Full Finetune,HAR,RW-Thigh,25.0,accuracy,0.6538992524147034,1e-2
CNN PF,1e-2,MS,MLP,Full Finetune,HAR,MS,200.0,accuracy,0.7900188565254211,1e-2
ResNet-1D,1e-4,WISDM,MLP,Full Finetune,HAR,WISDM,100.0,accuracy,0.7438555955886841,1e-4
IMU Transformer,1e-3,WISDM,MLP,Full Finetune,HAR,WISDM,5.0,accuracy,0.6570660471916199,1e-3
CNN PF,1e-2,RW-Waist,MLP,Full Finetune,HAR,RW-Waist,25.0,accuracy,0.6408178806304932,1e-2
CNN PF,1e-3,KH,MLP,Full Finetune,HAR,KH,1000.0,accuracy,0.5972222089767456,1e-3
ResNet-1D,1e-4,UCI,MLP,Full Finetune,HAR,UCI,25.0,accuracy,0.7898550629615784,1e-4
IMU Transformer,1e-2,KH,MLP,Full Finetune,HAR,KH,1000.0,accuracy,0.3333333432674408,1e-2
CNN PF,1e-4,KH,MLP,Full Finetune,HAR,KH,5.0,accuracy,0.2222222238779068,1e-4
ResNet-1D,1e-1,MS,MLP,Full Finetune,HAR,MS,1.0,accuracy,0.5470809936523438,1e-1
CNN PF,1e-4,MS,MLP,Full Finetune,HAR,MS,25.0,accuracy,0.7514124512672424,1e-4
ResNet-1D,1e-4,MS,MLP,Full Finetune,HAR,MS,25.0,accuracy,0.7730696797370911,1e-4
IMU Transformer,1e-2,RW-Thigh,MLP,Full Finetune,HAR,RW-Thigh,25.0,accuracy,0.3285024166107178,1e-2
IMU Transformer,1e-3,RW-Waist,MLP,Full Finetune,HAR,RW-Waist,100.0,accuracy,0.6369598507881165,1e-3
CNN PF,1e-4,KH,MLP,Full Finetune,HAR,KH,5.0,accuracy,0.3263888955116272,1e-4
IMU Transformer,1e-4,MS,MLP,Full Finetune,HAR,MS,100.0,accuracy,0.7740113139152527,1e-4
CNN PF,1e-3,WISDM,MLP,Full Finetune,HAR,WISDM,100.0,accuracy,0.7791858911514282,1e-3
CNN PF,1e-1,UCI,MLP,Full Finetune,HAR,UCI,100.0,accuracy,0.3898550868034363,1e-1
ResNet-1D,1e-2,RW-Waist,MLP,Full Finetune,HAR,RW-Waist,5.0,accuracy,0.1666666716337204,1e-2
IMU Transformer,1e-1,MS,MLP,Full Finetune,HAR,MS,100.0,accuracy,0.1666666716337204,1e-1
IMU Transformer,1e-5,WISDM,MLP,Full Finetune,HAR,WISDM,100.0,accuracy,0.725806474685669,1e-5
IMU Transformer,1e-4,WISDM,MLP,Full Finetune,HAR,WISDM,200.0,accuracy,0.6601382493972778,1e-4
CNN PF,1e-5,RW-Waist,MLP,Full Finetune,HAR,RW-Waist,200.0,accuracy,0.7287808656692505,1e-5
ResNet-1D,1e-5,RW-Thigh,MLP,Full Finetune,HAR,RW-Thigh,200.0,accuracy,0.7039337754249573,1e-5
IMU Transformer,1e-4,WISDM,MLP,Full Finetune,HAR,WISDM,10.0,accuracy,0.7000768184661865,1e-4
IMU Transformer,1e-2,RW-Thigh,MLP,Full Finetune,HAR,RW-Thigh,50.0,accuracy,0.3264320194721222,1e-2
CNN PF,1e-1,RW-Waist,MLP,Full Finetune,HAR,RW-Waist,25.0,accuracy,0.3375771641731262,1e-1
IMU Transformer,1e-4,RW-Thigh,MLP,Full Finetune,HAR,RW-Thigh,25.0,accuracy,0.6124913692474365,1e-4
IMU Transformer,1e-2,KH,MLP,Full Finetune,HAR,KH,200.0,accuracy,0.3333333432674408,1e-2
ResNet-1D,1e-4,RW-Waist,MLP,Full Finetune,HAR,RW-Waist,1000.0,accuracy,0.7210648059844971,1e-4
ResNet-1D,1e-3,UCI,MLP,Full Finetune,HAR,UCI,5.0,accuracy,0.7753623127937317,1e-3
IMU Transformer,1e-1,MS,MLP,Full Finetune,HAR,MS,1.0,accuracy,0.1666666716337204,1e-1
IMU Transformer,1e-3,RW-Thigh,MLP,Full Finetune,HAR,RW-Thigh,1.0,accuracy,0.3312629461288452,1e-3
CNN PF,1e-5,RW-Thigh,MLP,Full Finetune,HAR,RW-Thigh,200.0,accuracy,0.6977225542068481,1e-5
IMU Transformer,1e-4,MS,MLP,Full Finetune,HAR,MS,1.0,accuracy,0.5273069739341736,1e-4
CNN PF,1e-4,WISDM,MLP,Full Finetune,HAR,WISDM,25.0,accuracy,0.7534562349319458,1e-4
CNN PF,1e-2,WISDM,MLP,Full Finetune,HAR,WISDM,200.0,accuracy,0.72926265001297,1e-2
ResNet-1D,1e-2,RW-Waist,MLP,Full Finetune,HAR,RW-Waist,1.0,accuracy,0.5038580298423767,1e-2
IMU Transformer,1e-2,UCI,MLP,Full Finetune,HAR,UCI,1.0,accuracy,0.2000000029802322,1e-2
ResNet-1D,1e-5,RW-Thigh,MLP,Full Finetune,HAR,RW-Thigh,50.0,accuracy,0.6521739363670349,1e-5
ResNet-1D,1e-1,RW-Waist,MLP,Full Finetune,HAR,RW-Waist,1.0,accuracy,0.2469135820865631,1e-1
CNN PF,1e-4,KH,MLP,Full Finetune,HAR,KH,5.0,accuracy,0.4513888955116272,1e-4
IMU Transformer,1e-3,UCI,MLP,Full Finetune,HAR,UCI,200.0,accuracy,0.7681159377098083,1e-3
CNN PF,1e-1,MS,MLP,Full Finetune,HAR,MS,200.0,accuracy,0.430320143699646,1e-1
CNN PF,1e-1,UCI,MLP,Full Finetune,HAR,UCI,1.0,accuracy,0.3913043439388275,1e-1
ResNet-1D,1e-1,RW-Waist,MLP,Full Finetune,HAR,RW-Waist,200.0,accuracy,0.698688268661499,1e-1
CNN PF,1e-4,MS,MLP,Full Finetune,HAR,MS,1000.0,accuracy,0.8531073331832886,1e-4
ResNet-1D,1e-4,MS,MLP,Full Finetune,HAR,MS,1.0,accuracy,0.6563088297843933,1e-4
CNN PF,1e-3,RW-Thigh,MLP,Full Finetune,HAR,RW-Thigh,1.0,accuracy,0.3174603283405304,1e-3
CNN PF,1e-5,UCI,MLP,Full Finetune,HAR,UCI,1000.0,accuracy,0.7971014380455017,1e-5
CNN PF,1e-3,RW-Waist,MLP,Full Finetune,HAR,RW-Waist,25.0,accuracy,0.6693673133850098,1e-3
IMU Transformer,1e-4,RW-Waist,MLP,Full Finetune,HAR,RW-Waist,100.0,accuracy,0.6261574029922485,1e-4
IMU Transformer,1e-3,RW-Waist,MLP,Full Finetune,HAR,RW-Waist,50.0,accuracy,0.6095678806304932,1e-3
CNN PF,1e-5,RW-Waist,MLP,Full Finetune,HAR,RW-Waist,10.0,accuracy,0.1612654328346252,1e-5
ResNet-1D,1e-4,MS,MLP,Full Finetune,HAR,MS,100.0,accuracy,0.9199623465538024,1e-4
IMU Transformer,1e-2,UCI,MLP,Full Finetune,HAR,UCI,25.0,accuracy,0.2000000029802322,1e-2
IMU Transformer,1e-3,RW-Thigh,MLP,Full Finetune,HAR,RW-Thigh,25.0,accuracy,0.5724637508392334,1e-3
ResNet-1D,1e-3,MS,MLP,Full Finetune,HAR,MS,1.0,accuracy,0.5677965879440308,1e-3
IMU Transformer,1e-4,KH,MLP,Full Finetune,HAR,KH,200.0,accuracy,0.5902777910232544,1e-4
ResNet-1D,1e-1,RW-Thigh,MLP,Full Finetune,HAR,RW-Thigh,200.0,accuracy,0.6690821051597595,1e-1
ResNet-1D,1e-3,KH,MLP,Full Finetune,HAR,KH,200.0,accuracy,0.6736111044883728,1e-3
ResNet-1D,1e-3,RW-Thigh,MLP,Full Finetune,HAR,RW-Thigh,1.0,accuracy,0.425465852022171,1e-3
ResNet-1D,1e-2,RW-Waist,MLP,Full Finetune,HAR,RW-Waist,1000.0,accuracy,0.6809413433074951,1e-2
CNN PF,1e-1,MS,MLP,Full Finetune,HAR,MS,5.0,accuracy,0.1666666716337204,1e-1
ResNet-1D,1e-2,RW-Waist,MLP,Full Finetune,HAR,RW-Waist,5.0,accuracy,0.501928985118866,1e-2
CNN PF,1e-2,MS,MLP,Full Finetune,HAR,MS,200.0,accuracy,0.6374764442443848,1e-2
IMU Transformer,1e-3,MS,MLP,Full Finetune,HAR,MS,1000.0,accuracy,0.7655367255210876,1e-3
ResNet-1D,1e-3,RW-Thigh,MLP,Full Finetune,HAR,RW-Thigh,25.0,accuracy,0.6618357300758362,1e-3
ResNet-1D,1e-1,RW-Thigh,MLP,Full Finetune,HAR,RW-Thigh,100.0,accuracy,0.6293995976448059,1e-1
IMU Transformer,1e-1,RW-Waist,MLP,Full Finetune,HAR,RW-Waist,200.0,accuracy,0.1666666716337204,1e-1
ResNet-1D,1e-4,WISDM,MLP,Full Finetune,HAR,WISDM,1000.0,accuracy,0.8172042965888977,1e-4
IMU Transformer,1e-2,RW-Waist,MLP,Full Finetune,HAR,RW-Waist,10.0,accuracy,0.3287037014961242,1e-2
CNN PF,1e-4,WISDM,MLP,Full Finetune,HAR,WISDM,100.0,accuracy,0.7864823341369629,1e-4
IMU Transformer,1e-1,WISDM,MLP,Full Finetune,HAR,WISDM,25.0,accuracy,0.25,1e-1
CNN PF,1e-4,KH,MLP,Full Finetune,HAR,KH,25.0,accuracy,0.5763888955116272,1e-4
ResNet-1D,1e-2,WISDM,MLP,Full Finetune,HAR,WISDM,10.0,accuracy,0.7626727819442749,1e-2
CNN PF,1e-2,KH,MLP,Full Finetune,HAR,KH,25.0,accuracy,0.5555555820465088,1e-2
CNN PF,1e-5,RW-Thigh,MLP,Full Finetune,HAR,RW-Thigh,5.0,accuracy,0.1559696346521377,1e-5
IMU Transformer,1e-4,MS,MLP,Full Finetune,HAR,MS,25.0,accuracy,0.7401130199432373,1e-4
IMU Transformer,1e-3,MS,MLP,Full Finetune,HAR,MS,100.0,accuracy,0.7410545945167542,1e-3
ResNet-1D,1e-1,KH,MLP,Full Finetune,HAR,KH,50.0,accuracy,0.5208333134651184,1e-1
IMU Transformer,1e-3,KH,MLP,Full Finetune,HAR,KH,25.0,accuracy,0.4513888955116272,1e-3
CNN PF,1e-3,UCI,MLP,Full Finetune,HAR,UCI,50.0,accuracy,0.7869565486907959,1e-3
IMU Transformer,1e-3,KH,MLP,Full Finetune,HAR,KH,5.0,accuracy,0.5694444179534912,1e-3
IMU Transformer,1e-2,UCI,MLP,Full Finetune,HAR,UCI,1.0,accuracy,0.2000000029802322,1e-2
ResNet-1D,1e-4,KH,MLP,Full Finetune,HAR,KH,200.0,accuracy,0.6527777910232544,1e-4
IMU Transformer,1e-4,KH,MLP,Full Finetune,HAR,KH,10.0,accuracy,0.5069444179534912,1e-4
CNN PF,1e-1,KH,MLP,Full Finetune,HAR,KH,10.0,accuracy,0.3333333432674408,1e-1
IMU Transformer,1e-1,MS,MLP,Full Finetune,HAR,MS,25.0,accuracy,0.1666666716337204,1e-1
CNN PF,1e-5,MS,MLP,Full Finetune,HAR,MS,200.0,accuracy,0.7740113139152527,1e-5
IMU Transformer,1e-2,MS,MLP,Full Finetune,HAR,MS,5.0,accuracy,0.3276836276054382,1e-2
CNN PF,1e-4,RW-Waist,MLP,Full Finetune,HAR,RW-Waist,50.0,accuracy,0.7148919701576233,1e-4
CNN PF,1e-2,MS,MLP,Full Finetune,HAR,MS,1.0,accuracy,0.4444444477558136,1e-2
ResNet-1D,1e-2,KH,MLP,Full Finetune,HAR,KH,10.0,accuracy,0.4444444477558136,1e-2
CNN PF,1e-4,WISDM,MLP,Full Finetune,HAR,WISDM,50.0,accuracy,0.7837941646575928,1e-4
ResNet-1D,1e-5,RW-Thigh,MLP,Full Finetune,HAR,RW-Thigh,10.0,accuracy,0.4506556391716003,1e-5
CNN PF,1e-3,MS,MLP,Full Finetune,HAR,MS,100.0,accuracy,0.7608286142349243,1e-3
ResNet-1D,1e-5,UCI,MLP,Full Finetune,HAR,UCI,5.0,accuracy,0.4246376752853393,1e-5
IMU Transformer,1e-2,WISDM,MLP,Full Finetune,HAR,WISDM,10.0,accuracy,0.25,1e-2
ResNet-1D,1e-1,UCI,MLP,Full Finetune,HAR,UCI,5.0,accuracy,0.6304348111152649,1e-1
ResNet-1D,1e-3,KH,MLP,Full Finetune,HAR,KH,1000.0,accuracy,0.5833333134651184,1e-3
IMU Transformer,1e-4,RW-Waist,MLP,Full Finetune,HAR,RW-Waist,10.0,accuracy,0.5833333134651184,1e-4
ResNet-1D,1e-1,RW-Thigh,MLP,Full Finetune,HAR,RW-Thigh,10.0,accuracy,0.4082125723361969,1e-1
IMU Transformer,1e-1,KH,MLP,Full Finetune,HAR,KH,50.0,accuracy,0.1666666716337204,1e-1
CNN PF,1e-3,RW-Waist,MLP,Full Finetune,HAR,RW-Waist,10.0,accuracy,0.6219135522842407,1e-3
CNN PF,1e-3,WISDM,MLP,Full Finetune,HAR,WISDM,10.0,accuracy,0.6098310351371765,1e-3
CNN PF,1e-4,RW-Waist,MLP,Full Finetune,HAR,RW-Waist,200.0,accuracy,0.7295524477958679,1e-4
ResNet-1D,1e-3,WISDM,MLP,Full Finetune,HAR,WISDM,100.0,accuracy,0.7626727819442749,1e-3
IMU Transformer,1e-3,WISDM,MLP,Full Finetune,HAR,WISDM,5.0,accuracy,0.6966205835342407,1e-3
IMU Transformer,1e-5,UCI,MLP,Full Finetune,HAR,UCI,25.0,accuracy,0.54347825050354,1e-5
IMU Transformer,1e-1,RW-Thigh,MLP,Full Finetune,HAR,RW-Thigh,50.0,accuracy,0.1666666716337204,1e-1
IMU Transformer,1e-3,KH,MLP,Full Finetune,HAR,KH,5.0,accuracy,0.4722222089767456,1e-3
ResNet-1D,1e-3,KH,MLP,Full Finetune,HAR,KH,1000.0,accuracy,0.7013888955116272,1e-3
ResNet-1D,1e-3,RW-Thigh,MLP,Full Finetune,HAR,RW-Thigh,10.0,accuracy,0.6821945905685425,1e-3
ResNet-1D,1e-5,UCI,MLP,Full Finetune,HAR,UCI,10.0,accuracy,0.5855072736740112,1e-5
ResNet-1D,1e-5,WISDM,MLP,Full Finetune,HAR,WISDM,1000.0,accuracy,0.8425499200820923,1e-5
CNN PF,1e-2,RW-Thigh,MLP,Full Finetune,HAR,RW-Thigh,50.0,accuracy,0.3350586593151092,1e-2
ResNet-1D,1e-4,RW-Thigh,MLP,Full Finetune,HAR,RW-Thigh,100.0,accuracy,0.7253277897834778,1e-4
IMU Transformer,1e-2,RW-Waist,MLP,Full Finetune,HAR,RW-Waist,200.0,accuracy,0.1666666716337204,1e-2
ResNet-1D,1e-5,RW-Waist,MLP,Full Finetune,HAR,RW-Waist,50.0,accuracy,0.6682098507881165,1e-5
CNN PF,1e-2,UCI,MLP,Full Finetune,HAR,UCI,5.0,accuracy,0.6942028999328613,1e-2
CNN PF,1e-4,KH,MLP,Full Finetune,HAR,KH,100.0,accuracy,0.7152777910232544,1e-4
IMU Transformer,1e-1,RW-Thigh,MLP,Full Finetune,HAR,RW-Thigh,10.0,accuracy,0.1666666716337204,1e-1
CNN PF,1e-1,MS,MLP,Full Finetune,HAR,MS,10.0,accuracy,0.3672316372394562,1e-1
ResNet-1D,1e-5,WISDM,MLP,Full Finetune,HAR,WISDM,1.0,accuracy,0.4754224121570587,1e-5
IMU Transformer,1e-3,UCI,MLP,Full Finetune,HAR,UCI,5.0,accuracy,0.7202898263931274,1e-3
CNN PF,1e-4,RW-Thigh,MLP,Full Finetune,HAR,RW-Thigh,200.0,accuracy,0.7449965476989746,1e-4
CNN PF,1e-1,MS,MLP,Full Finetune,HAR,MS,10.0,accuracy,0.3258003890514374,1e-1
ResNet-1D,1e-4,MS,MLP,Full Finetune,HAR,MS,1.0,accuracy,0.6779661178588867,1e-4
IMU Transformer,1e-3,WISDM,MLP,Full Finetune,HAR,WISDM,25.0,accuracy,0.7181259393692017,1e-3
IMU Transformer,1e-4,RW-Waist,MLP,Full Finetune,HAR,RW-Waist,200.0,accuracy,0.667438268661499,1e-4
IMU Transformer,1e-2,MS,MLP,Full Finetune,HAR,MS,1.0,accuracy,0.3323917090892792,1e-2
CNN PF,1e-4,KH,MLP,Full Finetune,HAR,KH,1.0,accuracy,0.2361111044883728,1e-4
ResNet-1D,1e-2,RW-Waist,MLP,Full Finetune,HAR,RW-Waist,200.0,accuracy,0.7148919701576233,1e-2
IMU Transformer,1e-2,MS,MLP,Full Finetune,HAR,MS,50.0,accuracy,0.3323917090892792,1e-2
ResNet-1D,1e-1,KH,MLP,Full Finetune,HAR,KH,100.0,accuracy,0.5,1e-1
IMU Transformer,1e-4,RW-Waist,MLP,Full Finetune,HAR,RW-Waist,5.0,accuracy,0.5983796119689941,1e-4
IMU Transformer,1e-5,UCI,MLP,Full Finetune,HAR,UCI,50.0,accuracy,0.5463768243789673,1e-5
ResNet-1D,1e-5,UCI,MLP,Full Finetune,HAR,UCI,1.0,accuracy,0.2014492750167846,1e-5
CNN PF,1e-5,KH,MLP,Full Finetune,HAR,KH,200.0,accuracy,0.4861111044883728,1e-5
ResNet-1D,1e-3,KH,MLP,Full Finetune,HAR,KH,200.0,accuracy,0.6736111044883728,1e-3
CNN PF,1e-2,KH,MLP,Full Finetune,HAR,KH,1.0,accuracy,0.4305555522441864,1e-2
CNN PF,1e-5,MS,MLP,Full Finetune,HAR,MS,25.0,accuracy,0.2354048937559127,1e-5
IMU Transformer,1e-4,KH,MLP,Full Finetune,HAR,KH,25.0,accuracy,0.6041666865348816,1e-4
CNN PF,1e-4,MS,MLP,Full Finetune,HAR,MS,1.0,accuracy,0.2843691110610962,1e-4
IMU Transformer,1e-5,MS,MLP,Full Finetune,HAR,MS,10.0,accuracy,0.4971751272678375,1e-5
IMU Transformer,1e-5,UCI,MLP,Full Finetune,HAR,UCI,25.0,accuracy,0.4028985500335693,1e-5
CNN PF,1e-1,WISDM,MLP,Full Finetune,HAR,WISDM,5.0,accuracy,0.5011520981788635,1e-1
IMU Transformer,1e-5,RW-Waist,MLP,Full Finetune,HAR,RW-Waist,50.0,accuracy,0.533178985118866,1e-5
CNN PF,1e-2,UCI,MLP,Full Finetune,HAR,UCI,25.0,accuracy,0.730434775352478,1e-2
ResNet-1D,1e-1,WISDM,MLP,Full Finetune,HAR,WISDM,200.0,accuracy,0.7104454636573792,1e-1
IMU Transformer,1e-5,KH,MLP,Full Finetune,HAR,KH,1.0,accuracy,0.25,1e-5
CNN PF,1e-5,WISDM,MLP,Full Finetune,HAR,WISDM,1.0,accuracy,0.4016897082328796,1e-5
ResNet-1D,1e-4,MS,MLP,Full Finetune,HAR,MS,1000.0,accuracy,0.8286252617835999,1e-4
IMU Transformer,1e-4,KH,MLP,Full Finetune,HAR,KH,10.0,accuracy,0.6527777910232544,1e-4
IMU Transformer,1e-3,WISDM,MLP,Full Finetune,HAR,WISDM,1000.0,accuracy,0.6966205835342407,1e-3
ResNet-1D,1e-1,KH,MLP,Full Finetune,HAR,KH,1.0,accuracy,0.5069444179534912,1e-1
CNN PF,1e-3,WISDM,MLP,Full Finetune,HAR,WISDM,1000.0,accuracy,0.8740399479866028,1e-3
CNN PF,1e-2,MS,MLP,Full Finetune,HAR,MS,1.0,accuracy,0.3163841664791107,1e-2
CNN PF,1e-3,WISDM,MLP,Full Finetune,HAR,WISDM,100.0,accuracy,0.7868663668632507,1e-3
IMU Transformer,1e-5,MS,MLP,Full Finetune,HAR,MS,100.0,accuracy,0.7109227776527405,1e-5
ResNet-1D,1e-4,MS,MLP,Full Finetune,HAR,MS,10.0,accuracy,0.7853107452392578,1e-4
IMU Transformer,1e-2,RW-Thigh,MLP,Full Finetune,HAR,RW-Thigh,100.0,accuracy,0.305383026599884,1e-2
ResNet-1D,1e-1,UCI,MLP,Full Finetune,HAR,UCI,200.0,accuracy,0.7927536368370056,1e-1
ResNet-1D,1e-5,MS,MLP,Full Finetune,HAR,MS,1.0,accuracy,0.299435019493103,1e-5
ResNet-1D,1e-5,MS,MLP,Full Finetune,HAR,MS,50.0,accuracy,0.7589454054832458,1e-5
ResNet-1D,1e-4,UCI,MLP,Full Finetune,HAR,UCI,1000.0,accuracy,0.9318840503692628,1e-4
IMU Transformer,1e-1,KH,MLP,Full Finetune,HAR,KH,100.0,accuracy,0.1666666716337204,1e-1
IMU Transformer,1e-1,RW-Waist,MLP,Full Finetune,HAR,RW-Waist,1.0,accuracy,0.1666666716337204,1e-1
CNN PF,1e-3,RW-Thigh,MLP,Full Finetune,HAR,RW-Thigh,25.0,accuracy,0.5631470084190369,1e-3
IMU Transformer,1e-1,RW-Waist,MLP,Full Finetune,HAR,RW-Waist,100.0,accuracy,0.1666666716337204,1e-1
IMU Transformer,1e-3,RW-Waist,MLP,Full Finetune,HAR,RW-Waist,10.0,accuracy,0.5574845671653748,1e-3
IMU Transformer,1e-3,RW-Thigh,MLP,Full Finetune,HAR,RW-Thigh,200.0,accuracy,0.5334713459014893,1e-3
CNN PF,1e-4,RW-Waist,MLP,Full Finetune,HAR,RW-Waist,10.0,accuracy,0.633873462677002,1e-4
IMU Transformer,1e-3,RW-Waist,MLP,Full Finetune,HAR,RW-Waist,200.0,accuracy,0.5841049551963806,1e-3
ResNet-1D,1e-1,KH,MLP,Full Finetune,HAR,KH,5.0,accuracy,0.6180555820465088,1e-1
CNN PF,1e-4,WISDM,MLP,Full Finetune,HAR,WISDM,200.0,accuracy,0.8006912469863892,1e-4
IMU Transformer,1e-3,KH,MLP,Full Finetune,HAR,KH,200.0,accuracy,0.5069444179534912,1e-3
IMU Transformer,1e-4,RW-Waist,MLP,Full Finetune,HAR,RW-Waist,25.0,accuracy,0.5543981194496155,1e-4
IMU Transformer,1e-2,WISDM,MLP,Full Finetune,HAR,WISDM,5.0,accuracy,0.4942396283149719,1e-2
CNN PF,1e-3,RW-Thigh,MLP,Full Finetune,HAR,RW-Thigh,200.0,accuracy,0.6980676054954529,1e-3
ResNet-1D,1e-2,WISDM,MLP,Full Finetune,HAR,WISDM,5.0,accuracy,0.7392473220825195,1e-2
IMU Transformer,1e-4,WISDM,MLP,Full Finetune,HAR,WISDM,200.0,accuracy,0.7035330533981323,1e-4
CNN PF,1e-1,UCI,MLP,Full Finetune,HAR,UCI,5.0,accuracy,0.4057970941066742,1e-1
IMU Transformer,1e-1,MS,MLP,Full Finetune,HAR,MS,5.0,accuracy,0.1666666716337204,1e-1
IMU Transformer,1e-2,RW-Thigh,MLP,Full Finetune,HAR,RW-Thigh,10.0,accuracy,0.3278122842311859,1e-2
ResNet-1D,1e-3,MS,MLP,Full Finetune,HAR,MS,5.0,accuracy,0.7363465428352356,1e-3
IMU Transformer,1e-4,MS,MLP,Full Finetune,HAR,MS,25.0,accuracy,0.6723163723945618,1e-4
IMU Transformer,1e-5,RW-Waist,MLP,Full Finetune,HAR,RW-Waist,50.0,accuracy,0.5196759104728699,1e-5
IMU Transformer,1e-2,KH,MLP,Full Finetune,HAR,KH,50.0,accuracy,0.3333333432674408,1e-2
IMU Transformer,1e-2,UCI,MLP,Full Finetune,HAR,UCI,200.0,accuracy,0.2000000029802322,1e-2
CNN PF,1e-1,RW-Waist,MLP,Full Finetune,HAR,RW-Waist,5.0,accuracy,0.3244598805904388,1e-1
CNN PF,1e-1,UCI,MLP,Full Finetune,HAR,UCI,100.0,accuracy,0.5130434632301331,1e-1
IMU Transformer,1e-1,UCI,MLP,Full Finetune,HAR,UCI,10.0,accuracy,0.2000000029802322,1e-1
ResNet-1D,1e-3,RW-Thigh,MLP,Full Finetune,HAR,RW-Thigh,100.0,accuracy,0.695652186870575,1e-3
CNN PF,1e-4,RW-Thigh,MLP,Full Finetune,HAR,RW-Thigh,1000.0,accuracy,0.7553485035896301,1e-4
IMU Transformer,1e-5,KH,MLP,Full Finetune,HAR,KH,200.0,accuracy,0.6111111044883728,1e-5
ResNet-1D,1e-4,WISDM,MLP,Full Finetune,HAR,WISDM,200.0,accuracy,0.8367895483970642,1e-4
CNN PF,1e-1,KH,MLP,Full Finetune,HAR,KH,10.0,accuracy,0.3263888955116272,1e-1
CNN PF,1e-5,MS,MLP,Full Finetune,HAR,MS,25.0,accuracy,0.2532956600189209,1e-5
ResNet-1D,1e-3,UCI,MLP,Full Finetune,HAR,UCI,50.0,accuracy,0.9159420132637024,1e-3
CNN PF,1e-4,UCI,MLP,Full Finetune,HAR,UCI,1.0,accuracy,0.5231884121894836,1e-4
CNN PF,1e-5,WISDM,MLP,Full Finetune,HAR,WISDM,200.0,accuracy,0.7419354915618896,1e-5
ResNet-1D,1e-5,RW-Thigh,MLP,Full Finetune,HAR,RW-Thigh,100.0,accuracy,0.7491373419761658,1e-5
IMU Transformer,1e-5,RW-Waist,MLP,Full Finetune,HAR,RW-Waist,50.0,accuracy,0.5347222089767456,1e-5
CNN PF,1e-1,UCI,MLP,Full Finetune,HAR,UCI,50.0,accuracy,0.3942028880119324,1e-1
ResNet-1D,1e-5,MS,MLP,Full Finetune,HAR,MS,1000.0,accuracy,0.8973634839057922,1e-5
ResNet-1D,1e-1,MS,MLP,Full Finetune,HAR,MS,50.0,accuracy,0.598870038986206,1e-1
IMU Transformer,1e-1,KH,MLP,Full Finetune,HAR,KH,10.0,accuracy,0.1666666716337204,1e-1
ResNet-1D,1e-4,RW-Thigh,MLP,Full Finetune,HAR,RW-Thigh,10.0,accuracy,0.558661162853241,1e-4
IMU Transformer,1e-5,MS,MLP,Full Finetune,HAR,MS,1000.0,accuracy,0.7749529480934143,1e-5
IMU Transformer,1e-5,MS,MLP,Full Finetune,HAR,MS,10.0,accuracy,0.4962335228919983,1e-5
IMU Transformer,1e-1,RW-Waist,MLP,Full Finetune,HAR,RW-Waist,100.0,accuracy,0.1666666716337204,1e-1
IMU Transformer,1e-4,UCI,MLP,Full Finetune,HAR,UCI,100.0,accuracy,0.7985507249832153,1e-4
IMU Transformer,1e-3,RW-Thigh,MLP,Full Finetune,HAR,RW-Thigh,100.0,accuracy,0.5648723244667053,1e-3
ResNet-1D,1e-2,KH,MLP,Full Finetune,HAR,KH,1000.0,accuracy,0.6319444179534912,1e-2
IMU Transformer,1e-5,WISDM,MLP,Full Finetune,HAR,WISDM,200.0,accuracy,0.7596006393432617,1e-5
ResNet-1D,1e-4,KH,MLP,Full Finetune,HAR,KH,10.0,accuracy,0.6805555820465088,1e-4
CNN PF,1e-3,UCI,MLP,Full Finetune,HAR,UCI,1000.0,accuracy,0.9550724625587464,1e-3
CNN PF,1e-1,MS,MLP,Full Finetune,HAR,MS,50.0,accuracy,0.4077212810516357,1e-1
CNN PF,1e-4,WISDM,MLP,Full Finetune,HAR,WISDM,100.0,accuracy,0.7910906076431274,1e-4
ResNet-1D,1e-3,RW-Waist,MLP,Full Finetune,HAR,RW-Waist,5.0,accuracy,0.5343364477157593,1e-3
ResNet-1D,1e-1,RW-Thigh,MLP,Full Finetune,HAR,RW-Thigh,1000.0,accuracy,0.5583160519599915,1e-1
CNN PF,1e-5,MS,MLP,Full Finetune,HAR,MS,5.0,accuracy,0.1873822957277298,1e-5
ResNet-1D,1e-2,WISDM,MLP,Full Finetune,HAR,WISDM,5.0,accuracy,0.6505376100540161,1e-2
ResNet-1D,1e-5,UCI,MLP,Full Finetune,HAR,UCI,1.0,accuracy,0.3188405930995941,1e-5
IMU Transformer,1e-4,UCI,MLP,Full Finetune,HAR,UCI,1000.0,accuracy,0.8173912763595581,1e-4
IMU Transformer,1e-2,RW-Waist,MLP,Full Finetune,HAR,RW-Waist,100.0,accuracy,0.1666666716337204,1e-2
ResNet-1D,1e-1,RW-Thigh,MLP,Full Finetune,HAR,RW-Thigh,10.0,accuracy,0.4958592057228088,1e-1
CNN PF,1e-5,UCI,MLP,Full Finetune,HAR,UCI,25.0,accuracy,0.2449275404214859,1e-5
IMU Transformer,1e-5,UCI,MLP,Full Finetune,HAR,UCI,200.0,accuracy,0.769565224647522,1e-5
CNN PF,1e-3,WISDM,MLP,Full Finetune,HAR,WISDM,10.0,accuracy,0.7096773982048035,1e-3
ResNet-1D,1e-4,WISDM,MLP,Full Finetune,HAR,WISDM,1000.0,accuracy,0.8579109311103821,1e-4
ResNet-1D,1e-2,WISDM,MLP,Full Finetune,HAR,WISDM,1000.0,accuracy,0.8582949042320251,1e-2
IMU Transformer,1e-2,KH,MLP,Full Finetune,HAR,KH,1.0,accuracy,0.3333333432674408,1e-2
IMU Transformer,1e-3,KH,MLP,Full Finetune,HAR,KH,1000.0,accuracy,0.4930555522441864,1e-3
ResNet-1D,1e-5,WISDM,MLP,Full Finetune,HAR,WISDM,200.0,accuracy,0.7730414867401123,1e-5
ResNet-1D,1e-1,UCI,MLP,Full Finetune,HAR,UCI,1.0,accuracy,0.447826087474823,1e-1
IMU Transformer,1e-1,UCI,MLP,Full Finetune,HAR,UCI,5.0,accuracy,0.2000000029802322,1e-1
CNN PF,1e-3,RW-Waist,MLP,Full Finetune,HAR,RW-Waist,5.0,accuracy,0.591821014881134,1e-3
CNN PF,1e-1,WISDM,MLP,Full Finetune,HAR,WISDM,1000.0,accuracy,0.6182795763015747,1e-1
ResNet-1D,1e-3,RW-Waist,MLP,Full Finetune,HAR,RW-Waist,50.0,accuracy,0.5362654328346252,1e-3
IMU Transformer,1e-2,RW-Thigh,MLP,Full Finetune,HAR,RW-Thigh,1.0,accuracy,0.1687370538711547,1e-2
ResNet-1D,1e-2,UCI,MLP,Full Finetune,HAR,UCI,1000.0,accuracy,0.9521738886833192,1e-2
CNN PF,1e-5,UCI,MLP,Full Finetune,HAR,UCI,200.0,accuracy,0.7855072617530823,1e-5
IMU Transformer,1e-2,RW-Waist,MLP,Full Finetune,HAR,RW-Waist,25.0,accuracy,0.3244598805904388,1e-2
CNN PF,1e-1,MS,MLP,Full Finetune,HAR,MS,100.0,accuracy,0.4548022747039795,1e-1
CNN PF,1e-2,MS,MLP,Full Finetune,HAR,MS,1000.0,accuracy,0.7740113139152527,1e-2
CNN PF,1e-5,RW-Waist,MLP,Full Finetune,HAR,RW-Waist,1000.0,accuracy,0.7403549551963806,1e-5
ResNet-1D,1e-2,MS,MLP,Full Finetune,HAR,MS,10.0,accuracy,0.743879497051239,1e-2
ResNet-1D,1e-1,UCI,MLP,Full Finetune,HAR,UCI,1000.0,accuracy,0.7855072617530823,1e-1
IMU Transformer,1e-5,RW-Thigh,MLP,Full Finetune,HAR,RW-Thigh,1.0,accuracy,0.1918564587831497,1e-5
ResNet-1D,1e-2,WISDM,MLP,Full Finetune,HAR,WISDM,1000.0,accuracy,0.8632872700691223,1e-2
IMU Transformer,1e-3,UCI,MLP,Full Finetune,HAR,UCI,100.0,accuracy,0.7724637389183044,1e-3
ResNet-1D,1e-5,KH,MLP,Full Finetune,HAR,KH,1.0,accuracy,0.1666666716337204,1e-5
CNN PF,1e-1,MS,MLP,Full Finetune,HAR,MS,1000.0,accuracy,0.4557438790798187,1e-1
ResNet-1D,1e-4,WISDM,MLP,Full Finetune,HAR,WISDM,10.0,accuracy,0.6378648281097412,1e-4
CNN PF,1e-2,RW-Thigh,MLP,Full Finetune,HAR,RW-Thigh,10.0,accuracy,0.1666666716337204,1e-2
ResNet-1D,1e-1,WISDM,MLP,Full Finetune,HAR,WISDM,1.0,accuracy,0.4923194944858551,1e-1
ResNet-1D,1e-2,WISDM,MLP,Full Finetune,HAR,WISDM,25.0,accuracy,0.72926265001297,1e-2
CNN PF,1e-2,KH,MLP,Full Finetune,HAR,KH,1000.0,accuracy,0.3888888955116272,1e-2
ResNet-1D,1e-2,MS,MLP,Full Finetune,HAR,MS,1000.0,accuracy,0.8455743789672852,1e-2
CNN PF,1e-1,WISDM,MLP,Full Finetune,HAR,WISDM,1.0,accuracy,0.2753456234931946,1e-1
IMU Transformer,1e-4,RW-Thigh,MLP,Full Finetune,HAR,RW-Thigh,10.0,accuracy,0.4924085438251495,1e-4
IMU Transformer,1e-5,RW-Thigh,MLP,Full Finetune,HAR,RW-Thigh,50.0,accuracy,0.5828157067298889,1e-5
IMU Transformer,1e-5,UCI,MLP,Full Finetune,HAR,UCI,10.0,accuracy,0.5043478012084961,1e-5
ResNet-1D,1e-2,RW-Thigh,MLP,Full Finetune,HAR,RW-Thigh,10.0,accuracy,0.4993098676204681,1e-2
IMU Transformer,1e-5,WISDM,MLP,Full Finetune,HAR,WISDM,1000.0,accuracy,0.7334869503974915,1e-5
CNN PF,1e-1,UCI,MLP,Full Finetune,HAR,UCI,200.0,accuracy,0.4246376752853393,1e-1
IMU Transformer,1e-2,RW-Waist,MLP,Full Finetune,HAR,RW-Waist,1000.0,accuracy,0.1666666716337204,1e-2
ResNet-1D,1e-2,RW-Waist,MLP,Full Finetune,HAR,RW-Waist,25.0,accuracy,0.6577932238578796,1e-2
IMU Transformer,1e-4,RW-Thigh,MLP,Full Finetune,HAR,RW-Thigh,25.0,accuracy,0.6459627151489258,1e-4
IMU Transformer,1e-5,KH,MLP,Full Finetune,HAR,KH,25.0,accuracy,0.5,1e-5
CNN PF,1e-2,RW-Thigh,MLP,Full Finetune,HAR,RW-Thigh,50.0,accuracy,0.5269151329994202,1e-2
IMU Transformer,1e-3,KH,MLP,Full Finetune,HAR,KH,1000.0,accuracy,0.4652777910232544,1e-3
CNN PF,1e-4,UCI,MLP,Full Finetune,HAR,UCI,200.0,accuracy,0.8333333134651184,1e-4
IMU Transformer,1e-4,WISDM,MLP,Full Finetune,HAR,WISDM,5.0,accuracy,0.5994623899459839,1e-4
CNN PF,1e-3,RW-Waist,MLP,Full Finetune,HAR,RW-Waist,25.0,accuracy,0.6932870149612427,1e-3
CNN PF,1e-4,KH,MLP,Full Finetune,HAR,KH,1000.0,accuracy,0.6388888955116272,1e-4
ResNet-1D,1e-5,KH,MLP,Full Finetune,HAR,KH,100.0,accuracy,0.7152777910232544,1e-5
IMU Transformer,1e-3,MS,MLP,Full Finetune,HAR,MS,50.0,accuracy,0.7071563005447388,1e-3
CNN PF,1e-3,UCI,MLP,Full Finetune,HAR,UCI,50.0,accuracy,0.800000011920929,1e-3
IMU Transformer,1e-1,KH,MLP,Full Finetune,HAR,KH,10.0,accuracy,0.1666666716337204,1e-1
ResNet-1D,1e-3,UCI,MLP,Full Finetune,HAR,UCI,200.0,accuracy,0.9362319111824036,1e-3
CNN PF,1e-5,KH,MLP,Full Finetune,HAR,KH,25.0,accuracy,0.3680555522441864,1e-5
CNN PF,1e-4,WISDM,MLP,Full Finetune,HAR,WISDM,200.0,accuracy,0.7834101319313049,1e-4
ResNet-1D,1e-3,RW-Thigh,MLP,Full Finetune,HAR,RW-Thigh,1000.0,accuracy,0.6656314730644226,1e-3
CNN PF,1e-4,UCI,MLP,Full Finetune,HAR,UCI,25.0,accuracy,0.800000011920929,1e-4
CNN PF,1e-1,KH,MLP,Full Finetune,HAR,KH,50.0,accuracy,0.3402777910232544,1e-1
IMU Transformer,1e-3,RW-Waist,MLP,Full Finetune,HAR,RW-Waist,100.0,accuracy,0.6350308656692505,1e-3
CNN PF,1e-2,RW-Waist,MLP,Full Finetune,HAR,RW-Waist,5.0,accuracy,0.3267746865749359,1e-2
CNN PF,1e-3,RW-Thigh,MLP,Full Finetune,HAR,RW-Thigh,100.0,accuracy,0.6749482154846191,1e-3
ResNet-1D,1e-2,RW-Waist,MLP,Full Finetune,HAR,RW-Waist,10.0,accuracy,0.5964506268501282,1e-2
IMU Transformer,1e-3,WISDM,MLP,Full Finetune,HAR,WISDM,100.0,accuracy,0.7027649879455566,1e-3
ResNet-1D,1e-4,RW-Thigh,MLP,Full Finetune,HAR,RW-Thigh,10.0,accuracy,0.6749482154846191,1e-4
ResNet-1D,1e-3,RW-Thigh,MLP,Full Finetune,HAR,RW-Thigh,5.0,accuracy,0.6280193328857422,1e-3
CNN PF,1e-2,WISDM,MLP,Full Finetune,HAR,WISDM,100.0,accuracy,0.7868663668632507,1e-2
IMU Transformer,1e-2,RW-Waist,MLP,Full Finetune,HAR,RW-Waist,1000.0,accuracy,0.1666666716337204,1e-2
IMU Transformer,1e-3,RW-Waist,MLP,Full Finetune,HAR,RW-Waist,1000.0,accuracy,0.6566358208656311,1e-3
IMU Transformer,1e-4,WISDM,MLP,Full Finetune,HAR,WISDM,1.0,accuracy,0.3559907972812652,1e-4
ResNet-1D,1e-3,RW-Waist,MLP,Full Finetune,HAR,RW-Waist,1000.0,accuracy,0.6697530746459961,1e-3
CNN PF,1e-4,RW-Waist,MLP,Full Finetune,HAR,RW-Waist,1.0,accuracy,0.386188268661499,1e-4
ResNet-1D,1e-2,KH,MLP,Full Finetune,HAR,KH,25.0,accuracy,0.4861111044883728,1e-2
CNN PF,1e-4,MS,MLP,Full Finetune,HAR,MS,10.0,accuracy,0.4934086501598358,1e-4
ResNet-1D,1e-5,UCI,MLP,Full Finetune,HAR,UCI,5.0,accuracy,0.491304337978363,1e-5
IMU Transformer,1e-4,WISDM,MLP,Full Finetune,HAR,WISDM,100.0,accuracy,0.6793394684791565,1e-4
IMU Transformer,1e-4,RW-Waist,MLP,Full Finetune,HAR,RW-Waist,25.0,accuracy,0.5505401492118835,1e-4
IMU Transformer,1e-3,WISDM,MLP,Full Finetune,HAR,WISDM,200.0,accuracy,0.6547619104385376,1e-3
IMU Transformer,1e-5,UCI,MLP,Full Finetune,HAR,UCI,1000.0,accuracy,0.813043475151062,1e-5
CNN PF,1e-2,WISDM,MLP,Full Finetune,HAR,WISDM,1.0,accuracy,0.2534562349319458,1e-2
IMU Transformer,1e-5,KH,MLP,Full Finetune,HAR,KH,50.0,accuracy,0.5763888955116272,1e-5
IMU Transformer,1e-1,UCI,MLP,Full Finetune,HAR,UCI,1.0,accuracy,0.2000000029802322,1e-1
ResNet-1D,1e-5,RW-Waist,MLP,Full Finetune,HAR,RW-Waist,1.0,accuracy,0.3097993731498718,1e-5
IMU Transformer,1e-2,RW-Waist,MLP,Full Finetune,HAR,RW-Waist,200.0,accuracy,0.1666666716337204,1e-2
IMU Transformer,1e-5,UCI,MLP,Full Finetune,HAR,UCI,100.0,accuracy,0.7347826361656189,1e-5
CNN PF,1e-5,WISDM,MLP,Full Finetune,HAR,WISDM,100.0,accuracy,0.768433153629303,1e-5
IMU Transformer,1e-2,KH,MLP,Full Finetune,HAR,KH,25.0,accuracy,0.1666666716337204,1e-2
ResNet-1D,1e-1,UCI,MLP,Full Finetune,HAR,UCI,1000.0,accuracy,0.7927536368370056,1e-1
ResNet-1D,1e-1,RW-Thigh,MLP,Full Finetune,HAR,RW-Thigh,50.0,accuracy,0.6128364205360413,1e-1
IMU Transformer,1e-5,WISDM,MLP,Full Finetune,HAR,WISDM,1000.0,accuracy,0.7000768184661865,1e-5
CNN PF,1e-1,MS,MLP,Full Finetune,HAR,MS,5.0,accuracy,0.3314501047134399,1e-1
ResNet-1D,1e-5,RW-Thigh,MLP,Full Finetune,HAR,RW-Thigh,200.0,accuracy,0.7084196209907532,1e-5
ResNet-1D,1e-1,UCI,MLP,Full Finetune,HAR,UCI,50.0,accuracy,0.769565224647522,1e-1
ResNet-1D,1e-3,UCI,MLP,Full Finetune,HAR,UCI,1.0,accuracy,0.4724637567996979,1e-3
IMU Transformer,1e-2,RW-Waist,MLP,Full Finetune,HAR,RW-Waist,1.0,accuracy,0.2997685074806213,1e-2
IMU Transformer,1e-1,KH,MLP,Full Finetune,HAR,KH,1.0,accuracy,0.1666666716337204,1e-1
ResNet-1D,1e-5,UCI,MLP,Full Finetune,HAR,UCI,1000.0,accuracy,0.9202898740768432,1e-5
CNN PF,1e-3,UCI,MLP,Full Finetune,HAR,UCI,25.0,accuracy,0.7724637389183044,1e-3
CNN PF,1e-3,MS,MLP,Full Finetune,HAR,MS,200.0,accuracy,0.9001883268356323,1e-3
CNN PF,1e-2,WISDM,MLP,Full Finetune,HAR,WISDM,5.0,accuracy,0.4888632893562317,1e-2
CNN PF,1e-5,KH,MLP,Full Finetune,HAR,KH,5.0,accuracy,0.1666666716337204,1e-5
ResNet-1D,1e-1,RW-Waist,MLP,Full Finetune,HAR,RW-Waist,25.0,accuracy,0.6658950448036194,1e-1
CNN PF,1e-2,RW-Thigh,MLP,Full Finetune,HAR,RW-Thigh,5.0,accuracy,0.3540372550487518,1e-2
IMU Transformer,1e-1,WISDM,MLP,Full Finetune,HAR,WISDM,25.0,accuracy,0.25,1e-1
ResNet-1D,1e-4,RW-Waist,MLP,Full Finetune,HAR,RW-Waist,25.0,accuracy,0.6388888955116272,1e-4
IMU Transformer,1e-1,KH,MLP,Full Finetune,HAR,KH,5.0,accuracy,0.1666666716337204,1e-1
CNN PF,1e-2,WISDM,MLP,Full Finetune,HAR,WISDM,5.0,accuracy,0.5733487010002136,1e-2
CNN PF,1e-5,RW-Waist,MLP,Full Finetune,HAR,RW-Waist,50.0,accuracy,0.5239197611808777,1e-5
CNN PF,1e-3,WISDM,MLP,Full Finetune,HAR,WISDM,200.0,accuracy,0.8264209032058716,1e-3
ResNet-1D,1e-5,KH,MLP,Full Finetune,HAR,KH,5.0,accuracy,0.3611111044883728,1e-5
CNN PF,1e-5,RW-Thigh,MLP,Full Finetune,HAR,RW-Thigh,50.0,accuracy,0.361973762512207,1e-5
ResNet-1D,1e-5,UCI,MLP,Full Finetune,HAR,UCI,10.0,accuracy,0.4507246315479278,1e-5
IMU Transformer,1e-3,RW-Thigh,MLP,Full Finetune,HAR,RW-Thigh,25.0,accuracy,0.4803312718868255,1e-3
CNN PF,1e-2,UCI,MLP,Full Finetune,HAR,UCI,10.0,accuracy,0.6927536129951477,1e-2
IMU Transformer,1e-1,WISDM,MLP,Full Finetune,HAR,WISDM,1.0,accuracy,0.25,1e-1
ResNet-1D,1e-5,RW-Thigh,MLP,Full Finetune,HAR,RW-Thigh,5.0,accuracy,0.4202898442745209,1e-5
IMU Transformer,1e-2,RW-Thigh,MLP,Full Finetune,HAR,RW-Thigh,25.0,accuracy,0.327122151851654,1e-2
ResNet-1D,1e-4,RW-Thigh,MLP,Full Finetune,HAR,RW-Thigh,50.0,accuracy,0.6884058117866516,1e-4
ResNet-1D,1e-1,MS,MLP,Full Finetune,HAR,MS,1.0,accuracy,0.4265536665916443,1e-1
ResNet-1D,1e-1,RW-Waist,MLP,Full Finetune,HAR,RW-Waist,10.0,accuracy,0.5266203880310059,1e-1
IMU Transformer,1e-3,UCI,MLP,Full Finetune,HAR,UCI,1.0,accuracy,0.5942028760910034,1e-3
IMU Transformer,1e-1,WISDM,MLP,Full Finetune,HAR,WISDM,100.0,accuracy,0.25,1e-1
ResNet-1D,1e-2,UCI,MLP,Full Finetune,HAR,UCI,10.0,accuracy,0.5811594128608704,1e-2
CNN PF,1e-5,UCI,MLP,Full Finetune,HAR,UCI,200.0,accuracy,0.7797101736068726,1e-5
ResNet-1D,1e-4,RW-Waist,MLP,Full Finetune,HAR,RW-Waist,1.0,accuracy,0.5621141791343689,1e-4
CNN PF,1e-2,WISDM,MLP,Full Finetune,HAR,WISDM,50.0,accuracy,0.6708909273147583,1e-2
CNN PF,1e-1,RW-Waist,MLP,Full Finetune,HAR,RW-Waist,1.0,accuracy,0.2322530895471573,1e-1
CNN PF,1e-2,KH,MLP,Full Finetune,HAR,KH,10.0,accuracy,0.3611111044883728,1e-2
CNN PF,1e-5,MS,MLP,Full Finetune,HAR,MS,50.0,accuracy,0.5790960192680359,1e-5
ResNet-1D,1e-2,WISDM,MLP,Full Finetune,HAR,WISDM,100.0,accuracy,0.7373272180557251,1e-2
IMU Transformer,1e-1,RW-Waist,MLP,Full Finetune,HAR,RW-Waist,25.0,accuracy,0.1666666716337204,1e-1
ResNet-1D,1e-4,RW-Thigh,MLP,Full Finetune,HAR,RW-Thigh,100.0,accuracy,0.6556245684623718,1e-4
ResNet-1D,1e-5,WISDM,MLP,Full Finetune,HAR,WISDM,5.0,accuracy,0.5472350120544434,1e-5
IMU Transformer,1e-2,RW-Waist,MLP,Full Finetune,HAR,RW-Waist,1.0,accuracy,0.3279320895671844,1e-2
CNN PF,1e-4,UCI,MLP,Full Finetune,HAR,UCI,100.0,accuracy,0.813043475151062,1e-4
CNN PF,1e-2,MS,MLP,Full Finetune,HAR,MS,100.0,accuracy,0.8644067645072937,1e-2
IMU Transformer,1e-5,RW-Thigh,MLP,Full Finetune,HAR,RW-Thigh,50.0,accuracy,0.482056587934494,1e-5
CNN PF,1e-5,RW-Waist,MLP,Full Finetune,HAR,RW-Waist,1.0,accuracy,0.1666666716337204,1e-5
IMU Transformer,1e-3,MS,MLP,Full Finetune,HAR,MS,5.0,accuracy,0.5602636337280273,1e-3
CNN PF,1e-2,KH,MLP,Full Finetune,HAR,KH,5.0,accuracy,0.5833333134651184,1e-2
ResNet-1D,1e-1,MS,MLP,Full Finetune,HAR,MS,200.0,accuracy,0.7250470519065857,1e-1
ResNet-1D,1e-1,RW-Waist,MLP,Full Finetune,HAR,RW-Waist,25.0,accuracy,0.5914351940155029,1e-1
ResNet-1D,1e-2,WISDM,MLP,Full Finetune,HAR,WISDM,1.0,accuracy,0.701996922492981,1e-2
IMU Transformer,1e-2,RW-Thigh,MLP,Full Finetune,HAR,RW-Thigh,1.0,accuracy,0.3291925489902496,1e-2
ResNet-1D,1e-1,RW-Waist,MLP,Full Finetune,HAR,RW-Waist,100.0,accuracy,0.6180555820465088,1e-1
IMU Transformer,1e-5,KH,MLP,Full Finetune,HAR,KH,5.0,accuracy,0.4444444477558136,1e-5
ResNet-1D,1e-5,KH,MLP,Full Finetune,HAR,KH,5.0,accuracy,0.3333333432674408,1e-5
IMU Transformer,1e-1,RW-Thigh,MLP,Full Finetune,HAR,RW-Thigh,1000.0,accuracy,0.1666666716337204,1e-1
ResNet-1D,1e-1,RW-Thigh,MLP,Full Finetune,HAR,RW-Thigh,10.0,accuracy,0.5093167424201965,1e-1
CNN PF,1e-3,MS,MLP,Full Finetune,HAR,MS,1000.0,accuracy,0.909604549407959,1e-3
ResNet-1D,1e-2,WISDM,MLP,Full Finetune,HAR,WISDM,5.0,accuracy,0.6854838728904724,1e-2
IMU Transformer,1e-3,RW-Thigh,MLP,Full Finetune,HAR,RW-Thigh,1.0,accuracy,0.438578337430954,1e-3
IMU Transformer,1e-3,KH,MLP,Full Finetune,HAR,KH,50.0,accuracy,0.4861111044883728,1e-3
IMU Transformer,1e-2,RW-Thigh,MLP,Full Finetune,HAR,RW-Thigh,1000.0,accuracy,0.3212560415267944,1e-2
IMU Transformer,1e-4,UCI,MLP,Full Finetune,HAR,UCI,50.0,accuracy,0.752173900604248,1e-4
ResNet-1D,1e-2,RW-Thigh,MLP,Full Finetune,HAR,RW-Thigh,1.0,accuracy,0.1511387228965759,1e-2
ResNet-1D,1e-3,WISDM,MLP,Full Finetune,HAR,WISDM,5.0,accuracy,0.726190447807312,1e-3
IMU Transformer,1e-3,RW-Waist,MLP,Full Finetune,HAR,RW-Waist,50.0,accuracy,0.6087962985038757,1e-3
IMU Transformer,1e-2,MS,MLP,Full Finetune,HAR,MS,200.0,accuracy,0.3286252319812774,1e-2
ResNet-1D,1e-5,UCI,MLP,Full Finetune,HAR,UCI,10.0,accuracy,0.4826087057590484,1e-5
CNN PF,1e-3,MS,MLP,Full Finetune,HAR,MS,1000.0,accuracy,0.8841807842254639,1e-3
ResNet-1D,1e-5,WISDM,MLP,Full Finetune,HAR,WISDM,1.0,accuracy,0.5645161271095276,1e-5
IMU Transformer,1e-5,RW-Thigh,MLP,Full Finetune,HAR,RW-Thigh,1.0,accuracy,0.2132505178451538,1e-5
ResNet-1D,1e-4,KH,MLP,Full Finetune,HAR,KH,10.0,accuracy,0.6319444179534912,1e-4
ResNet-1D,1e-2,UCI,MLP,Full Finetune,HAR,UCI,1000.0,accuracy,0.9652174115180968,1e-2
ResNet-1D,1e-5,WISDM,MLP,Full Finetune,HAR,WISDM,50.0,accuracy,0.731566846370697,1e-5
ResNet-1D,1e-5,MS,MLP,Full Finetune,HAR,MS,25.0,accuracy,0.6054614186286926,1e-5
ResNet-1D,1e-2,KH,MLP,Full Finetune,HAR,KH,50.0,accuracy,0.5277777910232544,1e-2
ResNet-1D,1e-4,KH,MLP,Full Finetune,HAR,KH,5.0,accuracy,0.5902777910232544,1e-4
ResNet-1D,1e-4,UCI,MLP,Full Finetune,HAR,UCI,10.0,accuracy,0.7753623127937317,1e-4
CNN PF,1e-4,WISDM,MLP,Full Finetune,HAR,WISDM,5.0,accuracy,0.599846363067627,1e-4
ResNet-1D,1e-4,RW-Waist,MLP,Full Finetune,HAR,RW-Waist,50.0,accuracy,0.6917438507080078,1e-4
CNN PF,1e-4,KH,MLP,Full Finetune,HAR,KH,50.0,accuracy,0.2361111044883728,1e-4
IMU Transformer,1e-4,KH,MLP,Full Finetune,HAR,KH,50.0,accuracy,0.7013888955116272,1e-4
CNN PF,1e-1,WISDM,MLP,Full Finetune,HAR,WISDM,200.0,accuracy,0.5372503995895386,1e-1
ResNet-1D,1e-2,RW-Waist,MLP,Full Finetune,HAR,RW-Waist,1.0,accuracy,0.1666666716337204,1e-2
CNN PF,1e-4,RW-Waist,MLP,Full Finetune,HAR,RW-Waist,25.0,accuracy,0.6847993731498718,1e-4
ResNet-1D,1e-1,RW-Waist,MLP,Full Finetune,HAR,RW-Waist,200.0,accuracy,0.689428985118866,1e-1
ResNet-1D,1e-1,RW-Thigh,MLP,Full Finetune,HAR,RW-Thigh,100.0,accuracy,0.5700483322143555,1e-1
CNN PF,1e-1,MS,MLP,Full Finetune,HAR,MS,1000.0,accuracy,0.4500941634178161,1e-1
CNN PF,1e-2,KH,MLP,Full Finetune,HAR,KH,50.0,accuracy,0.5,1e-2
CNN PF,1e-4,MS,MLP,Full Finetune,HAR,MS,1.0,accuracy,0.2241054624319076,1e-4
IMU Transformer,1e-2,MS,MLP,Full Finetune,HAR,MS,100.0,accuracy,0.4529190063476562,1e-2
IMU Transformer,1e-4,MS,MLP,Full Finetune,HAR,MS,100.0,accuracy,0.7015066146850586,1e-4
IMU Transformer,1e-3,WISDM,MLP,Full Finetune,HAR,WISDM,5.0,accuracy,0.6040706634521484,1e-3
ResNet-1D,1e-1,UCI,MLP,Full Finetune,HAR,UCI,1.0,accuracy,0.3000000119209289,1e-1
ResNet-1D,1e-4,RW-Waist,MLP,Full Finetune,HAR,RW-Waist,1.0,accuracy,0.4988425970077514,1e-4
ResNet-1D,1e-4,RW-Thigh,MLP,Full Finetune,HAR,RW-Thigh,25.0,accuracy,0.6645962595939636,1e-4
CNN PF,1e-4,MS,MLP,Full Finetune,HAR,MS,5.0,accuracy,0.5075329542160034,1e-4
CNN PF,1e-4,UCI,MLP,Full Finetune,HAR,UCI,1.0,accuracy,0.4376811683177948,1e-4
ResNet-1D,1e-3,UCI,MLP,Full Finetune,HAR,UCI,100.0,accuracy,0.821739137172699,1e-3
CNN PF,1e-2,RW-Waist,MLP,Full Finetune,HAR,RW-Waist,50.0,accuracy,0.6631944179534912,1e-2
CNN PF,1e-4,RW-Thigh,MLP,Full Finetune,HAR,RW-Thigh,5.0,accuracy,0.425465852022171,1e-4
ResNet-1D,1e-4,MS,MLP,Full Finetune,HAR,MS,200.0,accuracy,0.874764621257782,1e-4
CNN PF,1e-4,RW-Waist,MLP,Full Finetune,HAR,RW-Waist,1000.0,accuracy,0.6662808656692505,1e-4
ResNet-1D,1e-5,WISDM,MLP,Full Finetune,HAR,WISDM,5.0,accuracy,0.498463898897171,1e-5
IMU Transformer,1e-1,MS,MLP,Full Finetune,HAR,MS,10.0,accuracy,0.1666666716337204,1e-1
ResNet-1D,1e-1,RW-Waist,MLP,Full Finetune,HAR,RW-Waist,50.0,accuracy,0.553626537322998,1e-1
IMU Transformer,1e-1,WISDM,MLP,Full Finetune,HAR,WISDM,1.0,accuracy,0.25,1e-1
CNN PF,1e-1,MS,MLP,Full Finetune,HAR,MS,100.0,accuracy,0.4312617778778076,1e-1
CNN PF,1e-5,WISDM,MLP,Full Finetune,HAR,WISDM,50.0,accuracy,0.6148233413696289,1e-5
CNN PF,1e-5,WISDM,MLP,Full Finetune,HAR,WISDM,25.0,accuracy,0.284562200307846,1e-5
CNN PF,1e-1,UCI,MLP,Full Finetune,HAR,UCI,25.0,accuracy,0.3985507190227508,1e-1
ResNet-1D,1e-5,RW-Thigh,MLP,Full Finetune,HAR,RW-Thigh,1.0,accuracy,0.2374051064252853,1e-5
ResNet-1D,1e-5,UCI,MLP,Full Finetune,HAR,UCI,1000.0,accuracy,0.9188405871391296,1e-5
CNN PF,1e-1,WISDM,MLP,Full Finetune,HAR,WISDM,25.0,accuracy,0.5311059951782227,1e-1
CNN PF,1e-3,MS,MLP,Full Finetune,HAR,MS,50.0,accuracy,0.764595091342926,1e-3
ResNet-1D,1e-4,RW-Waist,MLP,Full Finetune,HAR,RW-Waist,10.0,accuracy,0.7152777910232544,1e-4
CNN PF,1e-3,RW-Thigh,MLP,Full Finetune,HAR,RW-Thigh,50.0,accuracy,0.7204968929290771,1e-3
ResNet-1D,1e-5,KH,MLP,Full Finetune,HAR,KH,10.0,accuracy,0.4513888955116272,1e-5
IMU Transformer,1e-1,MS,MLP,Full Finetune,HAR,MS,25.0,accuracy,0.1666666716337204,1e-1
CNN PF,1e-2,WISDM,MLP,Full Finetune,HAR,WISDM,10.0,accuracy,0.698924720287323,1e-2
IMU Transformer,1e-4,MS,MLP,Full Finetune,HAR,MS,10.0,accuracy,0.6666666865348816,1e-4
CNN PF,1e-3,KH,MLP,Full Finetune,HAR,KH,1.0,accuracy,0.1805555522441864,1e-3
ResNet-1D,1e-4,MS,MLP,Full Finetune,HAR,MS,100.0,accuracy,0.8041431307792664,1e-4
CNN PF,1e-5,RW-Waist,MLP,Full Finetune,HAR,RW-Waist,25.0,accuracy,0.1662808656692505,1e-5
CNN PF,1e-5,UCI,MLP,Full Finetune,HAR,UCI,5.0,accuracy,0.2000000029802322,1e-5
ResNet-1D,1e-5,WISDM,MLP,Full Finetune,HAR,WISDM,200.0,accuracy,0.7438555955886841,1e-5
CNN PF,1e-4,UCI,MLP,Full Finetune,HAR,UCI,10.0,accuracy,0.6608695387840271,1e-4
IMU Transformer,1e-4,RW-Waist,MLP,Full Finetune,HAR,RW-Waist,10.0,accuracy,0.5324074029922485,1e-4
CNN PF,1e-3,KH,MLP,Full Finetune,HAR,KH,25.0,accuracy,0.5138888955116272,1e-3
ResNet-1D,1e-1,WISDM,MLP,Full Finetune,HAR,WISDM,10.0,accuracy,0.7557603716850281,1e-1
CNN PF,1e-1,KH,MLP,Full Finetune,HAR,KH,5.0,accuracy,0.3958333432674408,1e-1
CNN PF,1e-3,MS,MLP,Full Finetune,HAR,MS,5.0,accuracy,0.3192090392112732,1e-3
IMU Transformer,1e-4,KH,MLP,Full Finetune,HAR,KH,100.0,accuracy,0.6458333134651184,1e-4
ResNet-1D,1e-2,RW-Thigh,MLP,Full Finetune,HAR,RW-Thigh,25.0,accuracy,0.6511387228965759,1e-2
CNN PF,1e-3,UCI,MLP,Full Finetune,HAR,UCI,1.0,accuracy,0.4811594188213348,1e-3
IMU Transformer,1e-4,MS,MLP,Full Finetune,HAR,MS,1000.0,accuracy,0.7749529480934143,1e-4
ResNet-1D,1e-3,UCI,MLP,Full Finetune,HAR,UCI,50.0,accuracy,0.804347813129425,1e-3
ResNet-1D,1e-2,KH,MLP,Full Finetune,HAR,KH,100.0,accuracy,0.5694444179534912,1e-2
IMU Transformer,1e-4,UCI,MLP,Full Finetune,HAR,UCI,5.0,accuracy,0.7260869741439819,1e-4
CNN PF,1e-2,RW-Thigh,MLP,Full Finetune,HAR,RW-Thigh,200.0,accuracy,0.6397515535354614,1e-2
ResNet-1D,1e-4,UCI,MLP,Full Finetune,HAR,UCI,1000.0,accuracy,0.9434782862663268,1e-4
IMU Transformer,1e-5,MS,MLP,Full Finetune,HAR,MS,25.0,accuracy,0.5131826996803284,1e-5
IMU Transformer,1e-1,WISDM,MLP,Full Finetune,HAR,WISDM,5.0,accuracy,0.25,1e-1
CNN PF,1e-5,RW-Thigh,MLP,Full Finetune,HAR,RW-Thigh,25.0,accuracy,0.295721173286438,1e-5
IMU Transformer,1e-3,RW-Waist,MLP,Full Finetune,HAR,RW-Waist,10.0,accuracy,0.5131173133850098,1e-3
IMU Transformer,1e-1,UCI,MLP,Full Finetune,HAR,UCI,1.0,accuracy,0.2000000029802322,1e-1
IMU Transformer,1e-2,RW-Waist,MLP,Full Finetune,HAR,RW-Waist,5.0,accuracy,0.3144290149211883,1e-2
CNN PF,1e-1,WISDM,MLP,Full Finetune,HAR,WISDM,10.0,accuracy,0.4804147481918335,1e-1
IMU Transformer,1e-1,WISDM,MLP,Full Finetune,HAR,WISDM,10.0,accuracy,0.25,1e-1
ResNet-1D,1e-1,MS,MLP,Full Finetune,HAR,MS,10.0,accuracy,0.596045196056366,1e-1
ResNet-1D,1e-5,UCI,MLP,Full Finetune,HAR,UCI,1000.0,accuracy,0.813043475151062,1e-5
ResNet-1D,1e-4,KH,MLP,Full Finetune,HAR,KH,50.0,accuracy,0.7569444179534912,1e-4
CNN PF,1e-1,KH,MLP,Full Finetune,HAR,KH,1000.0,accuracy,0.3541666567325592,1e-1
CNN PF,1e-1,MS,MLP,Full Finetune,HAR,MS,10.0,accuracy,0.1666666716337204,1e-1
IMU Transformer,1e-5,KH,MLP,Full Finetune,HAR,KH,10.0,accuracy,0.4444444477558136,1e-5
CNN PF,1e-1,RW-Waist,MLP,Full Finetune,HAR,RW-Waist,10.0,accuracy,0.3063271641731262,1e-1
CNN PF,1e-3,UCI,MLP,Full Finetune,HAR,UCI,25.0,accuracy,0.7652173638343811,1e-3
CNN PF,1e-3,RW-Waist,MLP,Full Finetune,HAR,RW-Waist,1000.0,accuracy,0.7222222089767456,1e-3
CNN PF,1e-5,WISDM,MLP,Full Finetune,HAR,WISDM,1000.0,accuracy,0.8014593124389648,1e-5
CNN PF,1e-3,RW-Thigh,MLP,Full Finetune,HAR,RW-Thigh,5.0,accuracy,0.4216701090335846,1e-3
IMU Transformer,1e-2,MS,MLP,Full Finetune,HAR,MS,50.0,accuracy,0.3192090392112732,1e-2
IMU Transformer,1e-4,RW-Waist,MLP,Full Finetune,HAR,RW-Waist,1.0,accuracy,0.4259259402751922,1e-4
CNN PF,1e-3,KH,MLP,Full Finetune,HAR,KH,200.0,accuracy,0.7222222089767456,1e-3
ResNet-1D,1e-2,UCI,MLP,Full Finetune,HAR,UCI,100.0,accuracy,0.9202898740768432,1e-2
IMU Transformer,1e-4,MS,MLP,Full Finetune,HAR,MS,5.0,accuracy,0.5564971566200256,1e-4
ResNet-1D,1e-2,KH,MLP,Full Finetune,HAR,KH,50.0,accuracy,0.5416666865348816,1e-2
ResNet-1D,1e-4,MS,MLP,Full Finetune,HAR,MS,5.0,accuracy,0.7749529480934143,1e-4
CNN PF,1e-2,RW-Thigh,MLP,Full Finetune,HAR,RW-Thigh,50.0,accuracy,0.4668737053871155,1e-2
IMU Transformer,1e-1,MS,MLP,Full Finetune,HAR,MS,5.0,accuracy,0.1666666716337204,1e-1
ResNet-1D,1e-3,RW-Waist,MLP,Full Finetune,HAR,RW-Waist,25.0,accuracy,0.6277006268501282,1e-3
CNN PF,1e-5,KH,MLP,Full Finetune,HAR,KH,1000.0,accuracy,0.6597222089767456,1e-5
IMU Transformer,1e-4,KH,MLP,Full Finetune,HAR,KH,10.0,accuracy,0.5138888955116272,1e-4
ResNet-1D,1e-5,UCI,MLP,Full Finetune,HAR,UCI,50.0,accuracy,0.7637681365013123,1e-5
IMU Transformer,1e-5,KH,MLP,Full Finetune,HAR,KH,25.0,accuracy,0.4930555522441864,1e-5
ResNet-1D,1e-4,MS,MLP,Full Finetune,HAR,MS,50.0,accuracy,0.8945385813713074,1e-4
CNN PF,1e-3,MS,MLP,Full Finetune,HAR,MS,10.0,accuracy,0.5668550133705139,1e-3
IMU Transformer,1e-1,KH,MLP,Full Finetune,HAR,KH,50.0,accuracy,0.1666666716337204,1e-1
ResNet-1D,1e-3,UCI,MLP,Full Finetune,HAR,UCI,200.0,accuracy,0.9434782862663268,1e-3
ResNet-1D,1e-5,RW-Thigh,MLP,Full Finetune,HAR,RW-Thigh,100.0,accuracy,0.6915113925933838,1e-5
IMU Transformer,1e-5,RW-Thigh,MLP,Full Finetune,HAR,RW-Thigh,200.0,accuracy,0.6073153614997864,1e-5
ResNet-1D,1e-3,KH,MLP,Full Finetune,HAR,KH,50.0,accuracy,0.6180555820465088,1e-3
CNN PF,1e-4,WISDM,MLP,Full Finetune,HAR,WISDM,5.0,accuracy,0.5103686451911926,1e-4
IMU Transformer,1e-4,UCI,MLP,Full Finetune,HAR,UCI,50.0,accuracy,0.7753623127937317,1e-4
CNN PF,1e-3,RW-Thigh,MLP,Full Finetune,HAR,RW-Thigh,200.0,accuracy,0.7073844075202942,1e-3
CNN PF,1e-5,UCI,MLP,Full Finetune,HAR,UCI,1.0,accuracy,0.2420289814472198,1e-5
IMU Transformer,1e-1,RW-Thigh,MLP,Full Finetune,HAR,RW-Thigh,5.0,accuracy,0.1666666716337204,1e-1
ResNet-1D,1e-3,UCI,MLP,Full Finetune,HAR,UCI,1.0,accuracy,0.5478261113166809,1e-3
CNN PF,1e-3,WISDM,MLP,Full Finetune,HAR,WISDM,10.0,accuracy,0.5633640289306641,1e-3
IMU Transformer,1e-5,RW-Waist,MLP,Full Finetune,HAR,RW-Waist,10.0,accuracy,0.4483024775981903,1e-5
CNN PF,1e-5,RW-Thigh,MLP,Full Finetune,HAR,RW-Thigh,200.0,accuracy,0.6939268708229065,1e-5
CNN PF,1e-2,RW-Waist,MLP,Full Finetune,HAR,RW-Waist,10.0,accuracy,0.3472222089767456,1e-2
CNN PF,1e-1,RW-Waist,MLP,Full Finetune,HAR,RW-Waist,50.0,accuracy,0.3055555522441864,1e-1
ResNet-1D,1e-1,RW-Thigh,MLP,Full Finetune,HAR,RW-Thigh,50.0,accuracy,0.5959282517433167,1e-1
ResNet-1D,1e-4,WISDM,MLP,Full Finetune,HAR,WISDM,100.0,accuracy,0.8006912469863892,1e-4
IMU Transformer,1e-3,KH,MLP,Full Finetune,HAR,KH,50.0,accuracy,0.5347222089767456,1e-3
CNN PF,1e-2,KH,MLP,Full Finetune,HAR,KH,1.0,accuracy,0.4652777910232544,1e-2
ResNet-1D,1e-3,KH,MLP,Full Finetune,HAR,KH,200.0,accuracy,0.5972222089767456,1e-3
ResNet-1D,1e-1,RW-Thigh,MLP,Full Finetune,HAR,RW-Thigh,50.0,accuracy,0.6649413108825684,1e-1
ResNet-1D,1e-5,RW-Thigh,MLP,Full Finetune,HAR,RW-Thigh,1.0,accuracy,0.2708764672279358,1e-5
ResNet-1D,1e-1,RW-Waist,MLP,Full Finetune,HAR,RW-Waist,10.0,accuracy,0.5493826866149902,1e-1
ResNet-1D,1e-4,KH,MLP,Full Finetune,HAR,KH,200.0,accuracy,0.6041666865348816,1e-4
ResNet-1D,1e-4,RW-Waist,MLP,Full Finetune,HAR,RW-Waist,200.0,accuracy,0.7368826866149902,1e-4
CNN PF,1e-3,MS,MLP,Full Finetune,HAR,MS,5.0,accuracy,0.3380414247512817,1e-3
ResNet-1D,1e-5,MS,MLP,Full Finetune,HAR,MS,200.0,accuracy,0.8672316670417786,1e-5
IMU Transformer,1e-2,RW-Thigh,MLP,Full Finetune,HAR,RW-Thigh,1000.0,accuracy,0.1666666716337204,1e-2
IMU Transformer,1e-4,UCI,MLP,Full Finetune,HAR,UCI,25.0,accuracy,0.7463768124580383,1e-4
IMU Transformer,1e-3,RW-Thigh,MLP,Full Finetune,HAR,RW-Thigh,10.0,accuracy,0.4699792861938476,1e-3
ResNet-1D,1e-1,RW-Thigh,MLP,Full Finetune,HAR,RW-Thigh,25.0,accuracy,0.4485852420330047,1e-1
CNN PF,1e-3,RW-Thigh,MLP,Full Finetune,HAR,RW-Thigh,10.0,accuracy,0.4755003452301025,1e-3
ResNet-1D,1e-3,KH,MLP,Full Finetune,HAR,KH,100.0,accuracy,0.6805555820465088,1e-3
ResNet-1D,1e-1,RW-Thigh,MLP,Full Finetune,HAR,RW-Thigh,1000.0,accuracy,0.6863353848457336,1e-1
IMU Transformer,1e-5,WISDM,MLP,Full Finetune,HAR,WISDM,25.0,accuracy,0.5556835532188416,1e-5
CNN PF,1e-4,UCI,MLP,Full Finetune,HAR,UCI,25.0,accuracy,0.7594202756881714,1e-4
IMU Transformer,1e-5,MS,MLP,Full Finetune,HAR,MS,5.0,accuracy,0.4566855132579803,1e-5
ResNet-1D,1e-5,KH,MLP,Full Finetune,HAR,KH,200.0,accuracy,0.6458333134651184,1e-5
IMU Transformer,1e-1,KH,MLP,Full Finetune,HAR,KH,25.0,accuracy,0.1666666716337204,1e-1
ResNet-1D,1e-3,WISDM,MLP,Full Finetune,HAR,WISDM,10.0,accuracy,0.7442396283149719,1e-3
CNN PF,1e-4,WISDM,MLP,Full Finetune,HAR,WISDM,100.0,accuracy,0.7695852518081665,1e-4
ResNet-1D,1e-2,WISDM,MLP,Full Finetune,HAR,WISDM,25.0,accuracy,0.7557603716850281,1e-2
ResNet-1D,1e-1,RW-Waist,MLP,Full Finetune,HAR,RW-Waist,25.0,accuracy,0.6419752836227417,1e-1
ResNet-1D,1e-3,KH,MLP,Full Finetune,HAR,KH,10.0,accuracy,0.6944444179534912,1e-3
IMU Transformer,1e-2,RW-Thigh,MLP,Full Finetune,HAR,RW-Thigh,5.0,accuracy,0.1666666716337204,1e-2
ResNet-1D,1e-5,UCI,MLP,Full Finetune,HAR,UCI,50.0,accuracy,0.7811594009399414,1e-5
CNN PF,1e-4,KH,MLP,Full Finetune,HAR,KH,1000.0,accuracy,0.5416666865348816,1e-4
ResNet-1D,1e-5,MS,MLP,Full Finetune,HAR,MS,1000.0,accuracy,0.874764621257782,1e-5
IMU Transformer,1e-5,KH,MLP,Full Finetune,HAR,KH,50.0,accuracy,0.4375,1e-5
IMU Transformer,1e-2,RW-Waist,MLP,Full Finetune,HAR,RW-Waist,25.0,accuracy,0.3086419701576233,1e-2
IMU Transformer,1e-2,RW-Waist,MLP,Full Finetune,HAR,RW-Waist,200.0,accuracy,0.3244598805904388,1e-2
IMU Transformer,1e-5,WISDM,MLP,Full Finetune,HAR,WISDM,100.0,accuracy,0.7369431853294373,1e-5
IMU Transformer,1e-4,WISDM,MLP,Full Finetune,HAR,WISDM,50.0,accuracy,0.6801075339317322,1e-4
ResNet-1D,1e-3,MS,MLP,Full Finetune,HAR,MS,50.0,accuracy,0.7815442681312561,1e-3
IMU Transformer,1e-1,WISDM,MLP,Full Finetune,HAR,WISDM,50.0,accuracy,0.25,1e-1
IMU Transformer,1e-2,MS,MLP,Full Finetune,HAR,MS,5.0,accuracy,0.3314501047134399,1e-2
IMU Transformer,1e-2,MS,MLP,Full Finetune,HAR,MS,10.0,accuracy,0.3380414247512817,1e-2
IMU Transformer,1e-5,RW-Waist,MLP,Full Finetune,HAR,RW-Waist,5.0,accuracy,0.474537044763565,1e-5
CNN PF,1e-3,MS,MLP,Full Finetune,HAR,MS,50.0,accuracy,0.7768361568450928,1e-3
ResNet-1D,1e-1,RW-Waist,MLP,Full Finetune,HAR,RW-Waist,50.0,accuracy,0.6311728358268738,1e-1
ResNet-1D,1e-1,MS,MLP,Full Finetune,HAR,MS,100.0,accuracy,0.7683615684509277,1e-1
CNN PF,1e-1,MS,MLP,Full Finetune,HAR,MS,1.0,accuracy,0.3258003890514374,1e-1
CNN PF,1e-2,RW-Waist,MLP,Full Finetune,HAR,RW-Waist,1.0,accuracy,0.4212962985038757,1e-2
ResNet-1D,1e-5,MS,MLP,Full Finetune,HAR,MS,1.0,accuracy,0.4011299312114715,1e-5
ResNet-1D,1e-4,WISDM,MLP,Full Finetune,HAR,WISDM,10.0,accuracy,0.7450076937675476,1e-4
IMU Transformer,1e-3,RW-Waist,MLP,Full Finetune,HAR,RW-Waist,1.0,accuracy,0.5258487462997437,1e-3
IMU Transformer,1e-2,RW-Waist,MLP,Full Finetune,HAR,RW-Waist,50.0,accuracy,0.2982253134250641,1e-2
ResNet-1D,1e-4,RW-Waist,MLP,Full Finetune,HAR,RW-Waist,50.0,accuracy,0.7600308656692505,1e-4
ResNet-1D,1e-2,RW-Thigh,MLP,Full Finetune,HAR,RW-Thigh,200.0,accuracy,0.6666666865348816,1e-2
IMU Transformer,1e-4,RW-Waist,MLP,Full Finetune,HAR,RW-Waist,5.0,accuracy,0.4483024775981903,1e-4
ResNet-1D,1e-2,RW-Thigh,MLP,Full Finetune,HAR,RW-Thigh,50.0,accuracy,0.533816397190094,1e-2
IMU Transformer,1e-4,MS,MLP,Full Finetune,HAR,MS,1.0,accuracy,0.443502813577652,1e-4
IMU Transformer,1e-4,RW-Thigh,MLP,Full Finetune,HAR,RW-Thigh,50.0,accuracy,0.5931677222251892,1e-4
IMU Transformer,1e-1,WISDM,MLP,Full Finetune,HAR,WISDM,100.0,accuracy,0.25,1e-1
ResNet-1D,1e-3,RW-Thigh,MLP,Full Finetune,HAR,RW-Thigh,1000.0,accuracy,0.6235334873199463,1e-3
CNN PF,1e-3,KH,MLP,Full Finetune,HAR,KH,50.0,accuracy,0.6805555820465088,1e-3
ResNet-1D,1e-4,RW-Thigh,MLP,Full Finetune,HAR,RW-Thigh,50.0,accuracy,0.6652864217758179,1e-4
IMU Transformer,1e-2,RW-Waist,MLP,Full Finetune,HAR,RW-Waist,10.0,accuracy,0.1666666716337204,1e-2
CNN PF,1e-4,WISDM,MLP,Full Finetune,HAR,WISDM,10.0,accuracy,0.5353302359580994,1e-4
IMU Transformer,1e-3,MS,MLP,Full Finetune,HAR,MS,1000.0,accuracy,0.756120502948761,1e-3
IMU Transformer,1e-2,RW-Thigh,MLP,Full Finetune,HAR,RW-Thigh,50.0,accuracy,0.1666666716337204,1e-2
IMU Transformer,1e-5,UCI,MLP,Full Finetune,HAR,UCI,50.0,accuracy,0.6608695387840271,1e-5
CNN PF,1e-1,MS,MLP,Full Finetune,HAR,MS,25.0,accuracy,0.41713747382164,1e-1
IMU Transformer,1e-1,RW-Thigh,MLP,Full Finetune,HAR,RW-Thigh,200.0,accuracy,0.1666666716337204,1e-1
IMU Transformer,1e-4,MS,MLP,Full Finetune,HAR,MS,10.0,accuracy,0.6713747382164001,1e-4
CNN PF,1e-1,UCI,MLP,Full Finetune,HAR,UCI,100.0,accuracy,0.395652174949646,1e-1
CNN PF,1e-2,MS,MLP,Full Finetune,HAR,MS,1.0,accuracy,0.3587570488452911,1e-2
IMU Transformer,1e-4,KH,MLP,Full Finetune,HAR,KH,200.0,accuracy,0.625,1e-4
ResNet-1D,1e-1,MS,MLP,Full Finetune,HAR,MS,1000.0,accuracy,0.7900188565254211,1e-1
IMU Transformer,1e-4,RW-Thigh,MLP,Full Finetune,HAR,RW-Thigh,1000.0,accuracy,0.6111111044883728,1e-4
ResNet-1D,1e-4,KH,MLP,Full Finetune,HAR,KH,100.0,accuracy,0.6944444179534912,1e-4
CNN PF,1e-1,MS,MLP,Full Finetune,HAR,MS,5.0,accuracy,0.369114875793457,1e-1
IMU Transformer,1e-4,KH,MLP,Full Finetune,HAR,KH,5.0,accuracy,0.5486111044883728,1e-4
IMU Transformer,1e-3,WISDM,MLP,Full Finetune,HAR,WISDM,1.0,accuracy,0.5280337929725647,1e-3
IMU Transformer,1e-2,UCI,MLP,Full Finetune,HAR,UCI,50.0,accuracy,0.386956512928009,1e-2
CNN PF,1e-3,MS,MLP,Full Finetune,HAR,MS,50.0,accuracy,0.7777777910232544,1e-3
CNN PF,1e-4,RW-Thigh,MLP,Full Finetune,HAR,RW-Thigh,1000.0,accuracy,0.7632850408554077,1e-4
CNN PF,1e-5,RW-Waist,MLP,Full Finetune,HAR,RW-Waist,1.0,accuracy,0.2511574029922485,1e-5
CNN PF,1e-4,KH,MLP,Full Finetune,HAR,KH,25.0,accuracy,0.4236111044883728,1e-4
ResNet-1D,1e-2,RW-Thigh,MLP,Full Finetune,HAR,RW-Thigh,1.0,accuracy,0.3395445048809051,1e-2
CNN PF,1e-2,RW-Waist,MLP,Full Finetune,HAR,RW-Waist,100.0,accuracy,0.6558641791343689,1e-2
ResNet-1D,1e-1,WISDM,MLP,Full Finetune,HAR,WISDM,100.0,accuracy,0.7461597323417664,1e-1
IMU Transformer,1e-4,RW-Thigh,MLP,Full Finetune,HAR,RW-Thigh,25.0,accuracy,0.6111111044883728,1e-4
ResNet-1D,1e-4,RW-Thigh,MLP,Full Finetune,HAR,RW-Thigh,1.0,accuracy,0.5169082283973694,1e-4
ResNet-1D,1e-1,MS,MLP,Full Finetune,HAR,MS,25.0,accuracy,0.6195856928825378,1e-1
ResNet-1D,1e-1,RW-Thigh,MLP,Full Finetune,HAR,RW-Thigh,1.0,accuracy,0.1690821200609207,1e-1
IMU Transformer,1e-1,MS,MLP,Full Finetune,HAR,MS,50.0,accuracy,0.1666666716337204,1e-1
ResNet-1D,1e-5,WISDM,MLP,Full Finetune,HAR,WISDM,1000.0,accuracy,0.8467742204666138,1e-5
IMU Transformer,1e-4,KH,MLP,Full Finetune,HAR,KH,1000.0,accuracy,0.5138888955116272,1e-4
ResNet-1D,1e-4,WISDM,MLP,Full Finetune,HAR,WISDM,5.0,accuracy,0.758832573890686,1e-4
ResNet-1D,1e-4,WISDM,MLP,Full Finetune,HAR,WISDM,25.0,accuracy,0.7983871102333069,1e-4
IMU Transformer,1e-1,RW-Thigh,MLP,Full Finetune,HAR,RW-Thigh,100.0,accuracy,0.1666666716337204,1e-1
IMU Transformer,1e-3,RW-Waist,MLP,Full Finetune,HAR,RW-Waist,25.0,accuracy,0.6234567761421204,1e-3
CNN PF,1e-3,UCI,MLP,Full Finetune,HAR,UCI,5.0,accuracy,0.7072463631629944,1e-3
CNN PF,1e-2,KH,MLP,Full Finetune,HAR,KH,5.0,accuracy,0.5486111044883728,1e-2
ResNet-1D,1e-1,MS,MLP,Full Finetune,HAR,MS,50.0,accuracy,0.5894538760185242,1e-1
IMU Transformer,1e-5,RW-Thigh,MLP,Full Finetune,HAR,RW-Thigh,5.0,accuracy,0.2612146437168121,1e-5
CNN PF,1e-4,RW-Waist,MLP,Full Finetune,HAR,RW-Waist,1.0,accuracy,0.485339492559433,1e-4
CNN PF,1e-1,KH,MLP,Full Finetune,HAR,KH,25.0,accuracy,0.3333333432674408,1e-1
CNN PF,1e-3,UCI,MLP,Full Finetune,HAR,UCI,10.0,accuracy,0.6898550987243652,1e-3
CNN PF,1e-4,RW-Thigh,MLP,Full Finetune,HAR,RW-Thigh,100.0,accuracy,0.7398205399513245,1e-4
CNN PF,1e-4,UCI,MLP,Full Finetune,HAR,UCI,5.0,accuracy,0.708695650100708,1e-4
ResNet-1D,1e-2,WISDM,MLP,Full Finetune,HAR,WISDM,100.0,accuracy,0.7764977216720581,1e-2
ResNet-1D,1e-3,RW-Thigh,MLP,Full Finetune,HAR,RW-Thigh,1.0,accuracy,0.4213250577449798,1e-3
ResNet-1D,1e-2,UCI,MLP,Full Finetune,HAR,UCI,25.0,accuracy,0.7710145115852356,1e-2
CNN PF,1e-1,RW-Thigh,MLP,Full Finetune,HAR,RW-Thigh,50.0,accuracy,0.310213953256607,1e-1
ResNet-1D,1e-3,MS,MLP,Full Finetune,HAR,MS,10.0,accuracy,0.7580037713050842,1e-3
CNN PF,1e-4,RW-Thigh,MLP,Full Finetune,HAR,RW-Thigh,25.0,accuracy,0.6211180090904236,1e-4
IMU Transformer,1e-4,RW-Thigh,MLP,Full Finetune,HAR,RW-Thigh,10.0,accuracy,0.6514837741851807,1e-4
IMU Transformer,1e-2,MS,MLP,Full Finetune,HAR,MS,5.0,accuracy,0.1666666716337204,1e-2
IMU Transformer,1e-3,UCI,MLP,Full Finetune,HAR,UCI,5.0,accuracy,0.7217391133308411,1e-3
ResNet-1D,1e-1,KH,MLP,Full Finetune,HAR,KH,10.0,accuracy,0.5763888955116272,1e-1
ResNet-1D,1e-3,MS,MLP,Full Finetune,HAR,MS,10.0,accuracy,0.7071563005447388,1e-3
CNN PF,1e-2,WISDM,MLP,Full Finetune,HAR,WISDM,200.0,accuracy,0.8118279576301575,1e-2
IMU Transformer,1e-1,UCI,MLP,Full Finetune,HAR,UCI,50.0,accuracy,0.2000000029802322,1e-1
IMU Transformer,1e-1,RW-Thigh,MLP,Full Finetune,HAR,RW-Thigh,10.0,accuracy,0.1666666716337204,1e-1
CNN PF,1e-1,RW-Waist,MLP,Full Finetune,HAR,RW-Waist,25.0,accuracy,0.1662808656692505,1e-1
CNN PF,1e-3,WISDM,MLP,Full Finetune,HAR,WISDM,5.0,accuracy,0.5433948040008545,1e-3
ResNet-1D,1e-3,KH,MLP,Full Finetune,HAR,KH,1.0,accuracy,0.5486111044883728,1e-3
IMU Transformer,1e-3,RW-Thigh,MLP,Full Finetune,HAR,RW-Thigh,10.0,accuracy,0.6469979286193848,1e-3
CNN PF,1e-2,MS,MLP,Full Finetune,HAR,MS,25.0,accuracy,0.3182674348354339,1e-2
IMU Transformer,1e-5,WISDM,MLP,Full Finetune,HAR,WISDM,100.0,accuracy,0.7254224419593811,1e-5
CNN PF,1e-2,RW-Thigh,MLP,Full Finetune,HAR,RW-Thigh,5.0,accuracy,0.4399586021900177,1e-2
ResNet-1D,1e-3,RW-Thigh,MLP,Full Finetune,HAR,RW-Thigh,1.0,accuracy,0.1642512083053589,1e-3
ResNet-1D,1e-5,RW-Waist,MLP,Full Finetune,HAR,RW-Waist,100.0,accuracy,0.7291666865348816,1e-5
CNN PF,1e-1,KH,MLP,Full Finetune,HAR,KH,50.0,accuracy,0.375,1e-1
CNN PF,1e-1,MS,MLP,Full Finetune,HAR,MS,1.0,accuracy,0.3380414247512817,1e-1
ResNet-1D,1e-2,MS,MLP,Full Finetune,HAR,MS,50.0,accuracy,0.6261770129203796,1e-2
CNN PF,1e-2,WISDM,MLP,Full Finetune,HAR,WISDM,1000.0,accuracy,0.8625192046165466,1e-2
CNN PF,1e-2,RW-Waist,MLP,Full Finetune,HAR,RW-Waist,1.0,accuracy,0.4031635820865631,1e-2
IMU Transformer,1e-2,MS,MLP,Full Finetune,HAR,MS,10.0,accuracy,0.3295668661594391,1e-2
ResNet-1D,1e-3,WISDM,MLP,Full Finetune,HAR,WISDM,25.0,accuracy,0.731566846370697,1e-3
ResNet-1D,1e-3,RW-Waist,MLP,Full Finetune,HAR,RW-Waist,10.0,accuracy,0.6685956716537476,1e-3
IMU Transformer,1e-5,RW-Waist,MLP,Full Finetune,HAR,RW-Waist,25.0,accuracy,0.5285493731498718,1e-5
ResNet-1D,1e-3,KH,MLP,Full Finetune,HAR,KH,50.0,accuracy,0.6041666865348816,1e-3
IMU Transformer,1e-2,WISDM,MLP,Full Finetune,HAR,WISDM,50.0,accuracy,0.25,1e-2
IMU Transformer,1e-4,UCI,MLP,Full Finetune,HAR,UCI,10.0,accuracy,0.739130437374115,1e-4
ResNet-1D,1e-1,UCI,MLP,Full Finetune,HAR,UCI,10.0,accuracy,0.634782612323761,1e-1
CNN PF,1e-4,MS,MLP,Full Finetune,HAR,MS,10.0,accuracy,0.561205267906189,1e-4
ResNet-1D,1e-1,KH,MLP,Full Finetune,HAR,KH,25.0,accuracy,0.5625,1e-1
IMU Transformer,1e-5,RW-Waist,MLP,Full Finetune,HAR,RW-Waist,1000.0,accuracy,0.6238425970077515,1e-5
CNN PF,1e-1,RW-Thigh,MLP,Full Finetune,HAR,RW-Thigh,10.0,accuracy,0.1663216054439544,1e-1
ResNet-1D,1e-5,KH,MLP,Full Finetune,HAR,KH,25.0,accuracy,0.5486111044883728,1e-5
CNN PF,1e-3,UCI,MLP,Full Finetune,HAR,UCI,1000.0,accuracy,0.9449275135993958,1e-3
CNN PF,1e-4,UCI,MLP,Full Finetune,HAR,UCI,10.0,accuracy,0.717391312122345,1e-4
IMU Transformer,1e-1,UCI,MLP,Full Finetune,HAR,UCI,1000.0,accuracy,0.2000000029802322,1e-1
ResNet-1D,1e-5,RW-Thigh,MLP,Full Finetune,HAR,RW-Thigh,5.0,accuracy,0.3585231304168701,1e-5
IMU Transformer,1e-5,RW-Waist,MLP,Full Finetune,HAR,RW-Waist,5.0,accuracy,0.4436728358268738,1e-5
ResNet-1D,1e-1,UCI,MLP,Full Finetune,HAR,UCI,10.0,accuracy,0.5855072736740112,1e-1
IMU Transformer,1e-5,RW-Thigh,MLP,Full Finetune,HAR,RW-Thigh,1.0,accuracy,0.4227053225040436,1e-5
ResNet-1D,1e-4,MS,MLP,Full Finetune,HAR,MS,50.0,accuracy,0.7862523794174194,1e-4
CNN PF,1e-4,KH,MLP,Full Finetune,HAR,KH,1.0,accuracy,0.2152777761220932,1e-4
IMU Transformer,1e-3,MS,MLP,Full Finetune,HAR,MS,1.0,accuracy,0.4472692906856537,1e-3
IMU Transformer,1e-1,RW-Waist,MLP,Full Finetune,HAR,RW-Waist,5.0,accuracy,0.1666666716337204,1e-1
CNN PF,1e-5,MS,MLP,Full Finetune,HAR,MS,25.0,accuracy,0.3832391798496246,1e-5
IMU Transformer,1e-2,RW-Thigh,MLP,Full Finetune,HAR,RW-Thigh,100.0,accuracy,0.3212560415267944,1e-2
ResNet-1D,1e-4,WISDM,MLP,Full Finetune,HAR,WISDM,50.0,accuracy,0.7538402676582336,1e-4
ResNet-1D,1e-4,MS,MLP,Full Finetune,HAR,MS,5.0,accuracy,0.7627118825912476,1e-4
ResNet-1D,1e-5,WISDM,MLP,Full Finetune,HAR,WISDM,10.0,accuracy,0.5430107712745667,1e-5
CNN PF,1e-5,RW-Thigh,MLP,Full Finetune,HAR,RW-Thigh,10.0,accuracy,0.1428571492433548,1e-5
CNN PF,1e-1,RW-Waist,MLP,Full Finetune,HAR,RW-Waist,5.0,accuracy,0.3452932238578796,1e-1
ResNet-1D,1e-5,RW-Waist,MLP,Full Finetune,HAR,RW-Waist,5.0,accuracy,0.4949845671653747,1e-5
IMU Transformer,1e-4,WISDM,MLP,Full Finetune,HAR,WISDM,5.0,accuracy,0.6635944843292236,1e-4
ResNet-1D,1e-5,RW-Waist,MLP,Full Finetune,HAR,RW-Waist,25.0,accuracy,0.5416666865348816,1e-5
CNN PF,1e-2,UCI,MLP,Full Finetune,HAR,UCI,50.0,accuracy,0.6985507011413574,1e-2
IMU Transformer,1e-1,RW-Waist,MLP,Full Finetune,HAR,RW-Waist,50.0,accuracy,0.1666666716337204,1e-1
ResNet-1D,1e-1,WISDM,MLP,Full Finetune,HAR,WISDM,100.0,accuracy,0.7169739007949829,1e-1
IMU Transformer,1e-2,MS,MLP,Full Finetune,HAR,MS,200.0,accuracy,0.3286252319812774,1e-2
IMU Transformer,1e-1,RW-Waist,MLP,Full Finetune,HAR,RW-Waist,1000.0,accuracy,0.1666666716337204,1e-1
CNN PF,1e-3,WISDM,MLP,Full Finetune,HAR,WISDM,25.0,accuracy,0.725806474685669,1e-3
CNN PF,1e-3,KH,MLP,Full Finetune,HAR,KH,1.0,accuracy,0.3125,1e-3
CNN PF,1e-5,RW-Thigh,MLP,Full Finetune,HAR,RW-Thigh,5.0,accuracy,0.1694271862506866,1e-5
CNN PF,1e-4,WISDM,MLP,Full Finetune,HAR,WISDM,25.0,accuracy,0.7476958632469177,1e-4
CNN PF,1e-5,KH,MLP,Full Finetune,HAR,KH,100.0,accuracy,0.3819444477558136,1e-5
ResNet-1D,1e-1,WISDM,MLP,Full Finetune,HAR,WISDM,1000.0,accuracy,0.7419354915618896,1e-1
IMU Transformer,1e-5,MS,MLP,Full Finetune,HAR,MS,200.0,accuracy,0.7580037713050842,1e-5
IMU Transformer,1e-2,WISDM,MLP,Full Finetune,HAR,WISDM,1.0,accuracy,0.5,1e-2
ResNet-1D,1e-3,UCI,MLP,Full Finetune,HAR,UCI,1000.0,accuracy,0.9492753744125366,1e-3
IMU Transformer,1e-4,KH,MLP,Full Finetune,HAR,KH,5.0,accuracy,0.6527777910232544,1e-4
IMU Transformer,1e-3,UCI,MLP,Full Finetune,HAR,UCI,100.0,accuracy,0.8246376514434814,1e-3
IMU Transformer,1e-2,UCI,MLP,Full Finetune,HAR,UCI,50.0,accuracy,0.2000000029802322,1e-2
ResNet-1D,1e-1,RW-Waist,MLP,Full Finetune,HAR,RW-Waist,5.0,accuracy,0.4776234626770019,1e-1
CNN PF,1e-3,KH,MLP,Full Finetune,HAR,KH,1000.0,accuracy,0.7013888955116272,1e-3
IMU Transformer,1e-3,RW-Waist,MLP,Full Finetune,HAR,RW-Waist,100.0,accuracy,0.5547839403152466,1e-3
ResNet-1D,1e-4,UCI,MLP,Full Finetune,HAR,UCI,5.0,accuracy,0.7855072617530823,1e-4
ResNet-1D,1e-3,MS,MLP,Full Finetune,HAR,MS,100.0,accuracy,0.8813559412956238,1e-3
IMU Transformer,1e-5,KH,MLP,Full Finetune,HAR,KH,5.0,accuracy,0.3333333432674408,1e-5
IMU Transformer,1e-5,RW-Waist,MLP,Full Finetune,HAR,RW-Waist,100.0,accuracy,0.5698302388191223,1e-5
ResNet-1D,1e-3,MS,MLP,Full Finetune,HAR,MS,200.0,accuracy,0.9284369349479676,1e-3
CNN PF,1e-5,RW-Waist,MLP,Full Finetune,HAR,RW-Waist,5.0,accuracy,0.2739197611808777,1e-5
CNN PF,1e-1,RW-Thigh,MLP,Full Finetune,HAR,RW-Thigh,50.0,accuracy,0.3685300350189209,1e-1
ResNet-1D,1e-5,KH,MLP,Full Finetune,HAR,KH,100.0,accuracy,0.6875,1e-5
IMU Transformer,1e-3,WISDM,MLP,Full Finetune,HAR,WISDM,10.0,accuracy,0.6850998401641846,1e-3
CNN PF,1e-4,MS,MLP,Full Finetune,HAR,MS,50.0,accuracy,0.8022598624229431,1e-4
CNN PF,1e-3,RW-Thigh,MLP,Full Finetune,HAR,RW-Thigh,100.0,accuracy,0.7167011499404907,1e-3
CNN PF,1e-2,RW-Thigh,MLP,Full Finetune,HAR,RW-Thigh,1000.0,accuracy,0.6570048332214355,1e-2
IMU Transformer,1e-4,WISDM,MLP,Full Finetune,HAR,WISDM,10.0,accuracy,0.7223502397537231,1e-4
CNN PF,1e-2,WISDM,MLP,Full Finetune,HAR,WISDM,10.0,accuracy,0.6451612710952759,1e-2
IMU Transformer,1e-3,RW-Thigh,MLP,Full Finetune,HAR,RW-Thigh,100.0,accuracy,0.4865424335002899,1e-3
CNN PF,1e-5,MS,MLP,Full Finetune,HAR,MS,200.0,accuracy,0.770244836807251,1e-5
CNN PF,1e-5,RW-Thigh,MLP,Full Finetune,HAR,RW-Thigh,100.0,accuracy,0.6273291707038879,1e-5
CNN PF,1e-2,UCI,MLP,Full Finetune,HAR,UCI,200.0,accuracy,0.895652174949646,1e-2
ResNet-1D,1e-4,WISDM,MLP,Full Finetune,HAR,WISDM,200.0,accuracy,0.8398617506027222,1e-4
CNN PF,1e-5,WISDM,MLP,Full Finetune,HAR,WISDM,1.0,accuracy,0.3751920163631439,1e-5
ResNet-1D,1e-5,KH,MLP,Full Finetune,HAR,KH,5.0,accuracy,0.3541666567325592,1e-5
ResNet-1D,1e-2,RW-Waist,MLP,Full Finetune,HAR,RW-Waist,100.0,accuracy,0.6319444179534912,1e-2
CNN PF,1e-1,WISDM,MLP,Full Finetune,HAR,WISDM,100.0,accuracy,0.5280337929725647,1e-1
CNN PF,1e-1,UCI,MLP,Full Finetune,HAR,UCI,10.0,accuracy,0.395652174949646,1e-1
CNN PF,1e-4,WISDM,MLP,Full Finetune,HAR,WISDM,10.0,accuracy,0.6973886489868164,1e-4
ResNet-1D,1e-4,RW-Thigh,MLP,Full Finetune,HAR,RW-Thigh,50.0,accuracy,0.727053165435791,1e-4
ResNet-1D,1e-2,MS,MLP,Full Finetune,HAR,MS,1.0,accuracy,0.6261770129203796,1e-2
CNN PF,1e-4,RW-Thigh,MLP,Full Finetune,HAR,RW-Thigh,200.0,accuracy,0.7211870551109314,1e-4
CNN PF,1e-2,UCI,MLP,Full Finetune,HAR,UCI,25.0,accuracy,0.395652174949646,1e-2
IMU Transformer,1e-1,KH,MLP,Full Finetune,HAR,KH,200.0,accuracy,0.1666666716337204,1e-1
CNN PF,1e-2,WISDM,MLP,Full Finetune,HAR,WISDM,200.0,accuracy,0.725806474685669,1e-2
IMU Transformer,1e-4,RW-Thigh,MLP,Full Finetune,HAR,RW-Thigh,1000.0,accuracy,0.6269841194152832,1e-4
IMU Transformer,1e-4,MS,MLP,Full Finetune,HAR,MS,5.0,accuracy,0.6751412153244019,1e-4
ResNet-1D,1e-4,UCI,MLP,Full Finetune,HAR,UCI,100.0,accuracy,0.908695638179779,1e-4
IMU Transformer,1e-3,RW-Waist,MLP,Full Finetune,HAR,RW-Waist,25.0,accuracy,0.571373462677002,1e-3
IMU Transformer,1e-5,MS,MLP,Full Finetune,HAR,MS,100.0,accuracy,0.7363465428352356,1e-5
ResNet-1D,1e-4,WISDM,MLP,Full Finetune,HAR,WISDM,25.0,accuracy,0.7415514588356018,1e-4
ResNet-1D,1e-1,UCI,MLP,Full Finetune,HAR,UCI,25.0,accuracy,0.7652173638343811,1e-1
CNN PF,1e-4,UCI,MLP,Full Finetune,HAR,UCI,10.0,accuracy,0.6884058117866516,1e-4
ResNet-1D,1e-1,MS,MLP,Full Finetune,HAR,MS,100.0,accuracy,0.700564980506897,1e-1
ResNet-1D,1e-4,RW-Waist,MLP,Full Finetune,HAR,RW-Waist,25.0,accuracy,0.6485339403152466,1e-4
CNN PF,1e-1,WISDM,MLP,Full Finetune,HAR,WISDM,100.0,accuracy,0.2668970823287964,1e-1
CNN PF,1e-3,KH,MLP,Full Finetune,HAR,KH,5.0,accuracy,0.2569444477558136,1e-3
CNN PF,1e-2,RW-Thigh,MLP,Full Finetune,HAR,RW-Thigh,5.0,accuracy,0.3405797183513641,1e-2
IMU Transformer,1e-5,WISDM,MLP,Full Finetune,HAR,WISDM,10.0,accuracy,0.4961597621440887,1e-5
ResNet-1D,1e-3,KH,MLP,Full Finetune,HAR,KH,25.0,accuracy,0.5833333134651184,1e-3
IMU Transformer,1e-4,KH,MLP,Full Finetune,HAR,KH,200.0,accuracy,0.5138888955116272,1e-4
IMU Transformer,1e-1,RW-Waist,MLP,Full Finetune,HAR,RW-Waist,25.0,accuracy,0.1666666716337204,1e-1
CNN PF,1e-1,UCI,MLP,Full Finetune,HAR,UCI,200.0,accuracy,0.4115942120552063,1e-1
IMU Transformer,1e-3,RW-Thigh,MLP,Full Finetune,HAR,RW-Thigh,5.0,accuracy,0.5055210590362549,1e-3
IMU Transformer,1e-3,UCI,MLP,Full Finetune,HAR,UCI,50.0,accuracy,0.7565217614173889,1e-3
ResNet-1D,1e-5,RW-Thigh,MLP,Full Finetune,HAR,RW-Thigh,10.0,accuracy,0.3975155353546142,1e-5
CNN PF,1e-4,MS,MLP,Full Finetune,HAR,MS,100.0,accuracy,0.8502824902534485,1e-4
ResNet-1D,1e-4,KH,MLP,Full Finetune,HAR,KH,10.0,accuracy,0.7708333134651184,1e-4
CNN PF,1e-5,KH,MLP,Full Finetune,HAR,KH,10.0,accuracy,0.1666666716337204,1e-5
CNN PF,1e-5,KH,MLP,Full Finetune,HAR,KH,1.0,accuracy,0.3194444477558136,1e-5
ResNet-1D,1e-4,KH,MLP,Full Finetune,HAR,KH,25.0,accuracy,0.7083333134651184,1e-4
CNN PF,1e-5,WISDM,MLP,Full Finetune,HAR,WISDM,1000.0,accuracy,0.7991551756858826,1e-5
CNN PF,1e-2,RW-Thigh,MLP,Full Finetune,HAR,RW-Thigh,25.0,accuracy,0.5700483322143555,1e-2
IMU Transformer,1e-4,RW-Thigh,MLP,Full Finetune,HAR,RW-Thigh,1.0,accuracy,0.287439614534378,1e-4
CNN PF,1e-5,RW-Thigh,MLP,Full Finetune,HAR,RW-Thigh,200.0,accuracy,0.7053139805793762,1e-5
CNN PF,1e-3,RW-Waist,MLP,Full Finetune,HAR,RW-Waist,100.0,accuracy,0.7318673133850098,1e-3
IMU Transformer,1e-4,WISDM,MLP,Full Finetune,HAR,WISDM,100.0,accuracy,0.6520737409591675,1e-4
IMU Transformer,1e-4,KH,MLP,Full Finetune,HAR,KH,50.0,accuracy,0.6458333134651184,1e-4
CNN PF,1e-3,WISDM,MLP,Full Finetune,HAR,WISDM,1000.0,accuracy,0.8751919865608215,1e-3
ResNet-1D,1e-1,RW-Thigh,MLP,Full Finetune,HAR,RW-Thigh,1.0,accuracy,0.2933057248592376,1e-1
CNN PF,1e-2,RW-Waist,MLP,Full Finetune,HAR,RW-Waist,5.0,accuracy,0.5652006268501282,1e-2
ResNet-1D,1e-4,UCI,MLP,Full Finetune,HAR,UCI,200.0,accuracy,0.9333333373069764,1e-4
ResNet-1D,1e-2,MS,MLP,Full Finetune,HAR,MS,10.0,accuracy,0.5028248429298401,1e-2
CNN PF,1e-2,KH,MLP,Full Finetune,HAR,KH,100.0,accuracy,0.5069444179534912,1e-2
IMU Transformer,1e-2,MS,MLP,Full Finetune,HAR,MS,25.0,accuracy,0.1666666716337204,1e-2
IMU Transformer,1e-1,RW-Waist,MLP,Full Finetune,HAR,RW-Waist,5.0,accuracy,0.1666666716337204,1e-1
ResNet-1D,1e-4,KH,MLP,Full Finetune,HAR,KH,100.0,accuracy,0.6458333134651184,1e-4
ResNet-1D,1e-1,WISDM,MLP,Full Finetune,HAR,WISDM,1.0,accuracy,0.2922427058219909,1e-1
CNN PF,1e-5,RW-Thigh,MLP,Full Finetune,HAR,RW-Thigh,50.0,accuracy,0.5272601842880249,1e-5
CNN PF,1e-4,UCI,MLP,Full Finetune,HAR,UCI,5.0,accuracy,0.7028985619544983,1e-4
CNN PF,1e-5,UCI,MLP,Full Finetune,HAR,UCI,200.0,accuracy,0.7768115997314453,1e-5
ResNet-1D,1e-4,UCI,MLP,Full Finetune,HAR,UCI,25.0,accuracy,0.8231884241104126,1e-4
ResNet-1D,1e-2,KH,MLP,Full Finetune,HAR,KH,200.0,accuracy,0.7847222089767456,1e-2
ResNet-1D,1e-3,WISDM,MLP,Full Finetune,HAR,WISDM,1000.0,accuracy,0.8536866307258606,1e-3
ResNet-1D,1e-4,WISDM,MLP,Full Finetune,HAR,WISDM,5.0,accuracy,0.6797235012054443,1e-4
IMU Transformer,1e-5,MS,MLP,Full Finetune,HAR,MS,5.0,accuracy,0.4632768332958221,1e-5
ResNet-1D,1e-3,MS,MLP,Full Finetune,HAR,MS,200.0,accuracy,0.8427495360374451,1e-3
ResNet-1D,1e-3,WISDM,MLP,Full Finetune,HAR,WISDM,1.0,accuracy,0.5956221222877502,1e-3
IMU Transformer,1e-1,KH,MLP,Full Finetune,HAR,KH,25.0,accuracy,0.1666666716337204,1e-1
CNN PF,1e-3,UCI,MLP,Full Finetune,HAR,UCI,10.0,accuracy,0.7463768124580383,1e-3
IMU Transformer,1e-2,KH,MLP,Full Finetune,HAR,KH,200.0,accuracy,0.1666666716337204,1e-2
IMU Transformer,1e-3,KH,MLP,Full Finetune,HAR,KH,1.0,accuracy,0.3958333432674408,1e-3
IMU Transformer,1e-2,MS,MLP,Full Finetune,HAR,MS,1000.0,accuracy,0.1666666716337204,1e-2
ResNet-1D,1e-3,RW-Waist,MLP,Full Finetune,HAR,RW-Waist,5.0,accuracy,0.5760030746459961,1e-3
IMU Transformer,1e-5,MS,MLP,Full Finetune,HAR,MS,5.0,accuracy,0.4001883268356323,1e-5
IMU Transformer,1e-1,KH,MLP,Full Finetune,HAR,KH,50.0,accuracy,0.1666666716337204,1e-1
ResNet-1D,1e-5,KH,MLP,Full Finetune,HAR,KH,50.0,accuracy,0.5694444179534912,1e-5
IMU Transformer,1e-3,WISDM,MLP,Full Finetune,HAR,WISDM,100.0,accuracy,0.6336405277252197,1e-3
ResNet-1D,1e-5,RW-Thigh,MLP,Full Finetune,HAR,RW-Thigh,1000.0,accuracy,0.715320885181427,1e-5
ResNet-1D,1e-3,KH,MLP,Full Finetune,HAR,KH,10.0,accuracy,0.5069444179534912,1e-3
ResNet-1D,1e-3,RW-Thigh,MLP,Full Finetune,HAR,RW-Thigh,25.0,accuracy,0.6849551200866699,1e-3
IMU Transformer,1e-5,RW-Thigh,MLP,Full Finetune,HAR,RW-Thigh,100.0,accuracy,0.6635611057281494,1e-5
ResNet-1D,1e-4,RW-Waist,MLP,Full Finetune,HAR,RW-Waist,1000.0,accuracy,0.6755401492118835,1e-4
CNN PF,1e-2,RW-Waist,MLP,Full Finetune,HAR,RW-Waist,10.0,accuracy,0.1666666716337204,1e-2
CNN PF,1e-2,WISDM,MLP,Full Finetune,HAR,WISDM,5.0,accuracy,0.6401689648628235,1e-2
ResNet-1D,1e-3,RW-Waist,MLP,Full Finetune,HAR,RW-Waist,100.0,accuracy,0.6685956716537476,1e-3
ResNet-1D,1e-5,WISDM,MLP,Full Finetune,HAR,WISDM,10.0,accuracy,0.656682014465332,1e-5
ResNet-1D,1e-1,KH,MLP,Full Finetune,HAR,KH,1000.0,accuracy,0.5277777910232544,1e-1
CNN PF,1e-1,RW-Thigh,MLP,Full Finetune,HAR,RW-Thigh,1000.0,accuracy,0.4047619104385376,1e-1
IMU Transformer,1e-4,WISDM,MLP,Full Finetune,HAR,WISDM,25.0,accuracy,0.7246543765068054,1e-4
CNN PF,1e-1,WISDM,MLP,Full Finetune,HAR,WISDM,1.0,accuracy,0.2922427058219909,1e-1
IMU Transformer,1e-1,WISDM,MLP,Full Finetune,HAR,WISDM,50.0,accuracy,0.25,1e-1
IMU Transformer,1e-5,RW-Thigh,MLP,Full Finetune,HAR,RW-Thigh,25.0,accuracy,0.4582470655441284,1e-5
ResNet-1D,1e-3,WISDM,MLP,Full Finetune,HAR,WISDM,10.0,accuracy,0.7907066345214844,1e-3
IMU Transformer,1e-3,KH,MLP,Full Finetune,HAR,KH,25.0,accuracy,0.5347222089767456,1e-3
CNN PF,1e-1,KH,MLP,Full Finetune,HAR,KH,1.0,accuracy,0.3333333432674408,1e-1
ResNet-1D,1e-1,KH,MLP,Full Finetune,HAR,KH,50.0,accuracy,0.5555555820465088,1e-1
ResNet-1D,1e-4,MS,MLP,Full Finetune,HAR,MS,100.0,accuracy,0.7984933853149414,1e-4
CNN PF,1e-5,UCI,MLP,Full Finetune,HAR,UCI,1000.0,accuracy,0.7971014380455017,1e-5
IMU Transformer,1e-5,UCI,MLP,Full Finetune,HAR,UCI,50.0,accuracy,0.4000000059604645,1e-5
ResNet-1D,1e-4,UCI,MLP,Full Finetune,HAR,UCI,50.0,accuracy,0.8623188138008118,1e-4
IMU Transformer,1e-3,KH,MLP,Full Finetune,HAR,KH,1.0,accuracy,0.5347222089767456,1e-3
ResNet-1D,1e-1,WISDM,MLP,Full Finetune,HAR,WISDM,50.0,accuracy,0.7254224419593811,1e-1
CNN PF,1e-4,MS,MLP,Full Finetune,HAR,MS,100.0,accuracy,0.8455743789672852,1e-4
ResNet-1D,1e-3,MS,MLP,Full Finetune,HAR,MS,5.0,accuracy,0.66572505235672,1e-3
CNN PF,1e-5,WISDM,MLP,Full Finetune,HAR,WISDM,10.0,accuracy,0.369047611951828,1e-5
ResNet-1D,1e-2,RW-Waist,MLP,Full Finetune,HAR,RW-Waist,50.0,accuracy,0.6647376418113708,1e-2
CNN PF,1e-3,MS,MLP,Full Finetune,HAR,MS,200.0,accuracy,0.8361582159996033,1e-3
ResNet-1D,1e-3,WISDM,MLP,Full Finetune,HAR,WISDM,1000.0,accuracy,0.8625192046165466,1e-3
IMU Transformer,1e-5,UCI,MLP,Full Finetune,HAR,UCI,10.0,accuracy,0.4202898442745209,1e-5
CNN PF,1e-4,MS,MLP,Full Finetune,HAR,MS,1000.0,accuracy,0.8672316670417786,1e-4
IMU Transformer,1e-5,RW-Waist,MLP,Full Finetune,HAR,RW-Waist,1000.0,accuracy,0.6481481194496155,1e-5
IMU Transformer,1e-1,RW-Waist,MLP,Full Finetune,HAR,RW-Waist,1.0,accuracy,0.1666666716337204,1e-1
IMU Transformer,1e-4,WISDM,MLP,Full Finetune,HAR,WISDM,200.0,accuracy,0.7069892287254333,1e-4
IMU Transformer,1e-1,WISDM,MLP,Full Finetune,HAR,WISDM,100.0,accuracy,0.25,1e-1
ResNet-1D,1e-5,MS,MLP,Full Finetune,HAR,MS,200.0,accuracy,0.8446327447891235,1e-5
CNN PF,1e-1,UCI,MLP,Full Finetune,HAR,UCI,5.0,accuracy,0.3826086819171905,1e-1
ResNet-1D,1e-3,WISDM,MLP,Full Finetune,HAR,WISDM,100.0,accuracy,0.7653610110282898,1e-3
IMU Transformer,1e-4,KH,MLP,Full Finetune,HAR,KH,25.0,accuracy,0.5833333134651184,1e-4
IMU Transformer,1e-1,MS,MLP,Full Finetune,HAR,MS,200.0,accuracy,0.1666666716337204,1e-1
CNN PF,1e-2,UCI,MLP,Full Finetune,HAR,UCI,200.0,accuracy,0.7275362610816956,1e-2
IMU Transformer,1e-5,RW-Waist,MLP,Full Finetune,HAR,RW-Waist,1000.0,accuracy,0.6527777910232544,1e-5
ResNet-1D,1e-2,KH,MLP,Full Finetune,HAR,KH,1.0,accuracy,0.1666666716337204,1e-2
IMU Transformer,1e-4,MS,MLP,Full Finetune,HAR,MS,1.0,accuracy,0.6139359474182129,1e-4
CNN PF,1e-2,UCI,MLP,Full Finetune,HAR,UCI,1000.0,accuracy,0.9449275135993958,1e-2
IMU Transformer,1e-2,WISDM,MLP,Full Finetune,HAR,WISDM,10.0,accuracy,0.4911674261093139,1e-2
IMU Transformer,1e-5,KH,MLP,Full Finetune,HAR,KH,1.0,accuracy,0.4305555522441864,1e-5
ResNet-1D,1e-2,WISDM,MLP,Full Finetune,HAR,WISDM,1.0,accuracy,0.632488489151001,1e-2
CNN PF,1e-2,KH,MLP,Full Finetune,HAR,KH,1000.0,accuracy,0.5069444179534912,1e-2
IMU Transformer,1e-2,WISDM,MLP,Full Finetune,HAR,WISDM,1.0,accuracy,0.4919354915618896,1e-2
CNN PF,1e-3,MS,MLP,Full Finetune,HAR,MS,1.0,accuracy,0.2919020652770996,1e-3
ResNet-1D,1e-1,RW-Waist,MLP,Full Finetune,HAR,RW-Waist,1000.0,accuracy,0.6940586566925049,1e-1
ResNet-1D,1e-5,RW-Thigh,MLP,Full Finetune,HAR,RW-Thigh,200.0,accuracy,0.739130437374115,1e-5
IMU Transformer,1e-3,MS,MLP,Full Finetune,HAR,MS,10.0,accuracy,0.6732580065727234,1e-3
IMU Transformer,1e-3,RW-Thigh,MLP,Full Finetune,HAR,RW-Thigh,50.0,accuracy,0.4720496833324432,1e-3
ResNet-1D,1e-1,MS,MLP,Full Finetune,HAR,MS,25.0,accuracy,0.6723163723945618,1e-1
IMU Transformer,1e-3,MS,MLP,Full Finetune,HAR,MS,25.0,accuracy,0.7457627058029175,1e-3
CNN PF,1e-2,MS,MLP,Full Finetune,HAR,MS,50.0,accuracy,0.647834300994873,1e-2
CNN PF,1e-3,WISDM,MLP,Full Finetune,HAR,WISDM,100.0,accuracy,0.7223502397537231,1e-3
IMU Transformer,1e-4,UCI,MLP,Full Finetune,HAR,UCI,10.0,accuracy,0.7231884002685547,1e-4
CNN PF,1e-1,WISDM,MLP,Full Finetune,HAR,WISDM,25.0,accuracy,0.4823348820209503,1e-1
ResNet-1D,1e-5,RW-Waist,MLP,Full Finetune,HAR,RW-Waist,1.0,accuracy,0.3016975224018097,1e-5
IMU Transformer,1e-3,RW-Thigh,MLP,Full Finetune,HAR,RW-Thigh,5.0,accuracy,0.5300207138061523,1e-3
IMU Transformer,1e-2,WISDM,MLP,Full Finetune,HAR,WISDM,50.0,accuracy,0.496927797794342,1e-2
ResNet-1D,1e-2,KH,MLP,Full Finetune,HAR,KH,5.0,accuracy,0.1666666716337204,1e-2
CNN PF,1e-2,UCI,MLP,Full Finetune,HAR,UCI,50.0,accuracy,0.8202898502349854,1e-2
IMU Transformer,1e-1,RW-Thigh,MLP,Full Finetune,HAR,RW-Thigh,25.0,accuracy,0.1666666716337204,1e-1
IMU Transformer,1e-3,RW-Waist,MLP,Full Finetune,HAR,RW-Waist,200.0,accuracy,0.5972222089767456,1e-3
ResNet-1D,1e-3,KH,MLP,Full Finetune,HAR,KH,25.0,accuracy,0.6388888955116272,1e-3
CNN PF,1e-5,RW-Thigh,MLP,Full Finetune,HAR,RW-Thigh,1000.0,accuracy,0.7577639818191528,1e-5
ResNet-1D,1e-1,MS,MLP,Full Finetune,HAR,MS,5.0,accuracy,0.6064029932022095,1e-1
CNN PF,1e-3,RW-Waist,MLP,Full Finetune,HAR,RW-Waist,50.0,accuracy,0.6743826866149902,1e-3
CNN PF,1e-1,RW-Thigh,MLP,Full Finetune,HAR,RW-Thigh,5.0,accuracy,0.2622498273849487,1e-1
CNN PF,1e-3,RW-Waist,MLP,Full Finetune,HAR,RW-Waist,200.0,accuracy,0.6531635522842407,1e-3
ResNet-1D,1e-3,KH,MLP,Full Finetune,HAR,KH,1000.0,accuracy,0.6458333134651184,1e-3
IMU Transformer,1e-5,RW-Thigh,MLP,Full Finetune,HAR,RW-Thigh,25.0,accuracy,0.380952388048172,1e-5
IMU Transformer,1e-2,RW-Waist,MLP,Full Finetune,HAR,RW-Waist,50.0,accuracy,0.1666666716337204,1e-2
ResNet-1D,1e-1,KH,MLP,Full Finetune,HAR,KH,1.0,accuracy,0.5069444179534912,1e-1
CNN PF,1e-4,RW-Waist,MLP,Full Finetune,HAR,RW-Waist,5.0,accuracy,0.5814043283462524,1e-4
IMU Transformer,1e-4,RW-Thigh,MLP,Full Finetune,HAR,RW-Thigh,100.0,accuracy,0.660800576210022,1e-4
IMU Transformer,1e-5,WISDM,MLP,Full Finetune,HAR,WISDM,25.0,accuracy,0.6824116706848145,1e-5
IMU Transformer,1e-4,RW-Waist,MLP,Full Finetune,HAR,RW-Waist,1000.0,accuracy,0.6550925970077515,1e-4
ResNet-1D,1e-1,RW-Waist,MLP,Full Finetune,HAR,RW-Waist,100.0,accuracy,0.6813271641731262,1e-1
ResNet-1D,1e-2,WISDM,MLP,Full Finetune,HAR,WISDM,100.0,accuracy,0.7907066345214844,1e-2
CNN PF,1e-5,RW-Thigh,MLP,Full Finetune,HAR,RW-Thigh,1.0,accuracy,0.1870255321264267,1e-5
IMU Transformer,1e-3,MS,MLP,Full Finetune,HAR,MS,25.0,accuracy,0.6610169410705566,1e-3
ResNet-1D,1e-1,WISDM,MLP,Full Finetune,HAR,WISDM,5.0,accuracy,0.599078357219696,1e-1
CNN PF,1e-3,UCI,MLP,Full Finetune,HAR,UCI,1.0,accuracy,0.4376811683177948,1e-3
ResNet-1D,1e-2,MS,MLP,Full Finetune,HAR,MS,25.0,accuracy,0.799435019493103,1e-2
CNN PF,1e-3,RW-Thigh,MLP,Full Finetune,HAR,RW-Thigh,1.0,accuracy,0.1639061421155929,1e-3
CNN PF,1e-3,RW-Thigh,MLP,Full Finetune,HAR,RW-Thigh,25.0,accuracy,0.6066252589225769,1e-3
CNN PF,1e-5,WISDM,MLP,Full Finetune,HAR,WISDM,10.0,accuracy,0.4036098420619964,1e-5
IMU Transformer,1e-4,MS,MLP,Full Finetune,HAR,MS,50.0,accuracy,0.7495291829109192,1e-4
CNN PF,1e-4,WISDM,MLP,Full Finetune,HAR,WISDM,1000.0,accuracy,0.8678955435752869,1e-4
CNN PF,1e-5,MS,MLP,Full Finetune,HAR,MS,10.0,accuracy,0.2966101765632629,1e-5
CNN PF,1e-3,RW-Waist,MLP,Full Finetune,HAR,RW-Waist,1.0,accuracy,0.4791666567325592,1e-3
ResNet-1D,1e-1,WISDM,MLP,Full Finetune,HAR,WISDM,25.0,accuracy,0.7012288570404053,1e-1
IMU Transformer,1e-4,KH,MLP,Full Finetune,HAR,KH,1000.0,accuracy,0.5347222089767456,1e-4
IMU Transformer,1e-2,WISDM,MLP,Full Finetune,HAR,WISDM,200.0,accuracy,0.4742703437805176,1e-2
ResNet-1D,1e-2,UCI,MLP,Full Finetune,HAR,UCI,5.0,accuracy,0.7115942239761353,1e-2
CNN PF,1e-5,RW-Waist,MLP,Full Finetune,HAR,RW-Waist,50.0,accuracy,0.5273919701576233,1e-5
CNN PF,1e-5,MS,MLP,Full Finetune,HAR,MS,10.0,accuracy,0.1996233463287353,1e-5
IMU Transformer,1e-5,RW-Thigh,MLP,Full Finetune,HAR,RW-Thigh,10.0,accuracy,0.4182194471359253,1e-5
CNN PF,1e-2,WISDM,MLP,Full Finetune,HAR,WISDM,25.0,accuracy,0.5460829734802246,1e-2
IMU Transformer,1e-5,WISDM,MLP,Full Finetune,HAR,WISDM,25.0,accuracy,0.5234255194664001,1e-5
CNN PF,1e-1,RW-Waist,MLP,Full Finetune,HAR,RW-Waist,25.0,accuracy,0.295910507440567,1e-1
CNN PF,1e-4,WISDM,MLP,Full Finetune,HAR,WISDM,25.0,accuracy,0.7427035570144653,1e-4
CNN PF,1e-3,UCI,MLP,Full Finetune,HAR,UCI,200.0,accuracy,0.8884057998657227,1e-3
ResNet-1D,1e-5,UCI,MLP,Full Finetune,HAR,UCI,100.0,accuracy,0.7956521511077881,1e-5
CNN PF,1e-2,WISDM,MLP,Full Finetune,HAR,WISDM,25.0,accuracy,0.6405529975891113,1e-2
CNN PF,1e-2,KH,MLP,Full Finetune,HAR,KH,25.0,accuracy,0.4861111044883728,1e-2
ResNet-1D,1e-2,KH,MLP,Full Finetune,HAR,KH,100.0,accuracy,0.5694444179534912,1e-2
IMU Transformer,1e-1,UCI,MLP,Full Finetune,HAR,UCI,25.0,accuracy,0.2000000029802322,1e-1
ResNet-1D,1e-3,RW-Thigh,MLP,Full Finetune,HAR,RW-Thigh,100.0,accuracy,0.6183574795722961,1e-3
ResNet-1D,1e-3,UCI,MLP,Full Finetune,HAR,UCI,10.0,accuracy,0.747826099395752,1e-3
ResNet-1D,1e-5,WISDM,MLP,Full Finetune,HAR,WISDM,100.0,accuracy,0.7438555955886841,1e-5
CNN PF,1e-2,KH,MLP,Full Finetune,HAR,KH,100.0,accuracy,0.4027777910232544,1e-2
IMU Transformer,1e-1,RW-Thigh,MLP,Full Finetune,HAR,RW-Thigh,50.0,accuracy,0.1666666716337204,1e-1
CNN PF,1e-1,WISDM,MLP,Full Finetune,HAR,WISDM,1.0,accuracy,0.3064516186714172,1e-1
CNN PF,1e-2,UCI,MLP,Full Finetune,HAR,UCI,1.0,accuracy,0.5101449489593506,1e-2
IMU Transformer,1e-4,RW-Thigh,MLP,Full Finetune,HAR,RW-Thigh,5.0,accuracy,0.483091801404953,1e-4
CNN PF,1e-2,UCI,MLP,Full Finetune,HAR,UCI,1.0,accuracy,0.2884058058261871,1e-2
IMU Transformer,1e-5,UCI,MLP,Full Finetune,HAR,UCI,5.0,accuracy,0.3550724685192108,1e-5
IMU Transformer,1e-5,KH,MLP,Full Finetune,HAR,KH,1000.0,accuracy,0.6388888955116272,1e-5
CNN PF,1e-1,RW-Waist,MLP,Full Finetune,HAR,RW-Waist,1000.0,accuracy,0.3171296417713165,1e-1
CNN PF,1e-4,RW-Waist,MLP,Full Finetune,HAR,RW-Waist,200.0,accuracy,0.7488425970077515,1e-4
CNN PF,1e-5,WISDM,MLP,Full Finetune,HAR,WISDM,10.0,accuracy,0.25,1e-5
CNN PF,1e-5,MS,MLP,Full Finetune,HAR,MS,1.0,accuracy,0.2504708170890808,1e-5
CNN PF,1e-5,KH,MLP,Full Finetune,HAR,KH,25.0,accuracy,0.2430555522441864,1e-5
ResNet-1D,1e-4,RW-Waist,MLP,Full Finetune,HAR,RW-Waist,100.0,accuracy,0.6817129850387573,1e-4
ResNet-1D,1e-5,RW-Waist,MLP,Full Finetune,HAR,RW-Waist,200.0,accuracy,0.7114197611808777,1e-5
CNN PF,1e-4,RW-Waist,MLP,Full Finetune,HAR,RW-Waist,50.0,accuracy,0.6720678806304932,1e-4
IMU Transformer,1e-3,WISDM,MLP,Full Finetune,HAR,WISDM,10.0,accuracy,0.7046850919723511,1e-3
CNN PF,1e-1,RW-Thigh,MLP,Full Finetune,HAR,RW-Thigh,25.0,accuracy,0.3216010928153991,1e-1
IMU Transformer,1e-2,UCI,MLP,Full Finetune,HAR,UCI,1000.0,accuracy,0.2000000029802322,1e-2
ResNet-1D,1e-4,RW-Thigh,MLP,Full Finetune,HAR,RW-Thigh,5.0,accuracy,0.600068986415863,1e-4
ResNet-1D,1e-1,MS,MLP,Full Finetune,HAR,MS,100.0,accuracy,0.564030110836029,1e-1
ResNet-1D,1e-3,WISDM,MLP,Full Finetune,HAR,WISDM,200.0,accuracy,0.8218125700950623,1e-3
CNN PF,1e-4,UCI,MLP,Full Finetune,HAR,UCI,1.0,accuracy,0.5347825884819031,1e-4
ResNet-1D,1e-5,RW-Thigh,MLP,Full Finetune,HAR,RW-Thigh,100.0,accuracy,0.7256729006767273,1e-5
CNN PF,1e-3,RW-Waist,MLP,Full Finetune,HAR,RW-Waist,5.0,accuracy,0.5775462985038757,1e-3
ResNet-1D,1e-5,WISDM,MLP,Full Finetune,HAR,WISDM,100.0,accuracy,0.7357910871505737,1e-5
CNN PF,1e-2,RW-Thigh,MLP,Full Finetune,HAR,RW-Thigh,1.0,accuracy,0.3316079974174499,1e-2
ResNet-1D,1e-2,MS,MLP,Full Finetune,HAR,MS,1000.0,accuracy,0.7664783596992493,1e-2
IMU Transformer,1e-4,WISDM,MLP,Full Finetune,HAR,WISDM,25.0,accuracy,0.7396313548088074,1e-4
IMU Transformer,1e-3,RW-Waist,MLP,Full Finetune,HAR,RW-Waist,10.0,accuracy,0.6149691343307495,1e-3
CNN PF,1e-3,KH,MLP,Full Finetune,HAR,KH,50.0,accuracy,0.2986111044883728,1e-3
ResNet-1D,1e-2,KH,MLP,Full Finetune,HAR,KH,25.0,accuracy,0.5069444179534912,1e-2
ResNet-1D,1e-1,RW-Thigh,MLP,Full Finetune,HAR,RW-Thigh,5.0,accuracy,0.4734299480915069,1e-1
ResNet-1D,1e-1,KH,MLP,Full Finetune,HAR,KH,25.0,accuracy,0.4861111044883728,1e-1
ResNet-1D,1e-2,RW-Waist,MLP,Full Finetune,HAR,RW-Waist,10.0,accuracy,0.5968364477157593,1e-2
IMU Transformer,1e-4,RW-Waist,MLP,Full Finetune,HAR,RW-Waist,1.0,accuracy,0.3892746865749359,1e-4
CNN PF,1e-5,RW-Waist,MLP,Full Finetune,HAR,RW-Waist,10.0,accuracy,0.1520061790943145,1e-5
IMU Transformer,1e-3,RW-Thigh,MLP,Full Finetune,HAR,RW-Thigh,5.0,accuracy,0.4720496833324432,1e-3
CNN PF,1e-3,MS,MLP,Full Finetune,HAR,MS,1000.0,accuracy,0.9576271176338196,1e-3
IMU Transformer,1e-5,WISDM,MLP,Full Finetune,HAR,WISDM,1.0,accuracy,0.4973118305206299,1e-5
CNN PF,1e-4,WISDM,MLP,Full Finetune,HAR,WISDM,50.0,accuracy,0.7192780375480652,1e-4
CNN PF,1e-3,RW-Waist,MLP,Full Finetune,HAR,RW-Waist,100.0,accuracy,0.7264660596847534,1e-3
IMU Transformer,1e-5,KH,MLP,Full Finetune,HAR,KH,10.0,accuracy,0.3402777910232544,1e-5
IMU Transformer,1e-2,WISDM,MLP,Full Finetune,HAR,WISDM,1000.0,accuracy,0.25,1e-2
ResNet-1D,1e-5,RW-Thigh,MLP,Full Finetune,HAR,RW-Thigh,1.0,accuracy,0.4030365645885467,1e-5
CNN PF,1e-1,KH,MLP,Full Finetune,HAR,KH,1000.0,accuracy,0.3680555522441864,1e-1
ResNet-1D,1e-1,UCI,MLP,Full Finetune,HAR,UCI,50.0,accuracy,0.7782608866691589,1e-1
IMU Transformer,1e-2,UCI,MLP,Full Finetune,HAR,UCI,100.0,accuracy,0.2000000029802322,1e-2
CNN PF,1e-4,RW-Waist,MLP,Full Finetune,HAR,RW-Waist,100.0,accuracy,0.7372685074806213,1e-4
ResNet-1D,1e-1,RW-Waist,MLP,Full Finetune,HAR,RW-Waist,50.0,accuracy,0.616126537322998,1e-1
ResNet-1D,1e-5,WISDM,MLP,Full Finetune,HAR,WISDM,10.0,accuracy,0.496927797794342,1e-5
CNN PF,1e-1,WISDM,MLP,Full Finetune,HAR,WISDM,1000.0,accuracy,0.5380184054374695,1e-1
CNN PF,1e-1,WISDM,MLP,Full Finetune,HAR,WISDM,200.0,accuracy,0.5430107712745667,1e-1
CNN PF,1e-1,MS,MLP,Full Finetune,HAR,MS,50.0,accuracy,0.1666666716337204,1e-1
IMU Transformer,1e-4,KH,MLP,Full Finetune,HAR,KH,100.0,accuracy,0.6111111044883728,1e-4
IMU Transformer,1e-2,RW-Waist,MLP,Full Finetune,HAR,RW-Waist,5.0,accuracy,0.2214506119489669,1e-2
CNN PF,1e-1,KH,MLP,Full Finetune,HAR,KH,1.0,accuracy,0.1666666716337204,1e-1
ResNet-1D,1e-3,KH,MLP,Full Finetune,HAR,KH,1.0,accuracy,0.4236111044883728,1e-3
IMU Transformer,1e-1,KH,MLP,Full Finetune,HAR,KH,1.0,accuracy,0.1666666716337204,1e-1
IMU Transformer,1e-3,UCI,MLP,Full Finetune,HAR,UCI,1000.0,accuracy,0.7898550629615784,1e-3
CNN PF,1e-2,UCI,MLP,Full Finetune,HAR,UCI,100.0,accuracy,0.8579710125923157,1e-2
CNN PF,1e-2,RW-Waist,MLP,Full Finetune,HAR,RW-Waist,25.0,accuracy,0.5883487462997437,1e-2
CNN PF,1e-5,RW-Thigh,MLP,Full Finetune,HAR,RW-Thigh,25.0,accuracy,0.2601794302463531,1e-5
ResNet-1D,1e-3,UCI,MLP,Full Finetune,HAR,UCI,100.0,accuracy,0.9318840503692628,1e-3
IMU Transformer,1e-3,MS,MLP,Full Finetune,HAR,MS,10.0,accuracy,0.6421845555305481,1e-3
ResNet-1D,1e-2,KH,MLP,Full Finetune,HAR,KH,5.0,accuracy,0.5486111044883728,1e-2
CNN PF,1e-5,KH,MLP,Full Finetune,HAR,KH,100.0,accuracy,0.6666666865348816,1e-5
ResNet-1D,1e-1,WISDM,MLP,Full Finetune,HAR,WISDM,5.0,accuracy,0.6935483813285828,1e-1
ResNet-1D,1e-4,RW-Thigh,MLP,Full Finetune,HAR,RW-Thigh,25.0,accuracy,0.6797791719436646,1e-4
IMU Transformer,1e-1,RW-Thigh,MLP,Full Finetune,HAR,RW-Thigh,200.0,accuracy,0.1666666716337204,1e-1
IMU Transformer,1e-4,RW-Waist,MLP,Full Finetune,HAR,RW-Waist,10.0,accuracy,0.5327932238578796,1e-4
ResNet-1D,1e-1,KH,MLP,Full Finetune,HAR,KH,1000.0,accuracy,0.7986111044883728,1e-1
ResNet-1D,1e-5,RW-Waist,MLP,Full Finetune,HAR,RW-Waist,50.0,accuracy,0.6454475522041321,1e-5
IMU Transformer,1e-4,WISDM,MLP,Full Finetune,HAR,WISDM,50.0,accuracy,0.7188940048217773,1e-4
CNN PF,1e-4,WISDM,MLP,Full Finetune,HAR,WISDM,1000.0,accuracy,0.882488489151001,1e-4
IMU Transformer,1e-2,KH,MLP,Full Finetune,HAR,KH,100.0,accuracy,0.3333333432674408,1e-2
ResNet-1D,1e-5,UCI,MLP,Full Finetune,HAR,UCI,1.0,accuracy,0.3985507190227508,1e-5
IMU Transformer,1e-2,RW-Thigh,MLP,Full Finetune,HAR,RW-Thigh,200.0,accuracy,0.3236714899539947,1e-2
IMU Transformer,1e-3,MS,MLP,Full Finetune,HAR,MS,1.0,accuracy,0.2900188267230987,1e-3
IMU Transformer,1e-4,MS,MLP,Full Finetune,HAR,MS,25.0,accuracy,0.7288135886192322,1e-4
IMU Transformer,1e-5,KH,MLP,Full Finetune,HAR,KH,1000.0,accuracy,0.7291666865348816,1e-5
ResNet-1D,1e-4,KH,MLP,Full Finetune,HAR,KH,1.0,accuracy,0.5069444179534912,1e-4
IMU Transformer,1e-4,KH,MLP,Full Finetune,HAR,KH,25.0,accuracy,0.5486111044883728,1e-4
CNN PF,1e-4,KH,MLP,Full Finetune,HAR,KH,50.0,accuracy,0.6527777910232544,1e-4
ResNet-1D,1e-1,RW-Waist,MLP,Full Finetune,HAR,RW-Waist,1.0,accuracy,0.4884259402751922,1e-1
ResNet-1D,1e-5,KH,MLP,Full Finetune,HAR,KH,1000.0,accuracy,0.6805555820465088,1e-5
IMU Transformer,1e-4,UCI,MLP,Full Finetune,HAR,UCI,1000.0,accuracy,0.843478262424469,1e-4
IMU Transformer,1e-3,MS,MLP,Full Finetune,HAR,MS,200.0,accuracy,0.7335216403007507,1e-3
CNN PF,1e-4,RW-Waist,MLP,Full Finetune,HAR,RW-Waist,100.0,accuracy,0.7310956716537476,1e-4
IMU Transformer,1e-3,MS,MLP,Full Finetune,HAR,MS,5.0,accuracy,0.6506591439247131,1e-3
CNN PF,1e-4,RW-Thigh,MLP,Full Finetune,HAR,RW-Thigh,1.0,accuracy,0.1666666716337204,1e-4
CNN PF,1e-1,RW-Thigh,MLP,Full Finetune,HAR,RW-Thigh,10.0,accuracy,0.3695652186870575,1e-1
ResNet-1D,1e-1,UCI,MLP,Full Finetune,HAR,UCI,25.0,accuracy,0.7565217614173889,1e-1
IMU Transformer,1e-5,MS,MLP,Full Finetune,HAR,MS,50.0,accuracy,0.6073446273803711,1e-5
CNN PF,1e-5,KH,MLP,Full Finetune,HAR,KH,1000.0,accuracy,0.5,1e-5
IMU Transformer,1e-4,UCI,MLP,Full Finetune,HAR,UCI,1.0,accuracy,0.5188405513763428,1e-4
IMU Transformer,1e-2,UCI,MLP,Full Finetune,HAR,UCI,1000.0,accuracy,0.2000000029802322,1e-2
IMU Transformer,1e-1,KH,MLP,Full Finetune,HAR,KH,100.0,accuracy,0.1666666716337204,1e-1
IMU Transformer,1e-5,RW-Thigh,MLP,Full Finetune,HAR,RW-Thigh,1000.0,accuracy,0.5931677222251892,1e-5
CNN PF,1e-2,WISDM,MLP,Full Finetune,HAR,WISDM,50.0,accuracy,0.7327188849449158,1e-2
CNN PF,1e-5,WISDM,MLP,Full Finetune,HAR,WISDM,5.0,accuracy,0.4992319643497467,1e-5
IMU Transformer,1e-2,WISDM,MLP,Full Finetune,HAR,WISDM,50.0,accuracy,0.25,1e-2
IMU Transformer,1e-1,RW-Waist,MLP,Full Finetune,HAR,RW-Waist,10.0,accuracy,0.1666666716337204,1e-1
IMU Transformer,1e-4,MS,MLP,Full Finetune,HAR,MS,200.0,accuracy,0.764595091342926,1e-4
CNN PF,1e-3,KH,MLP,Full Finetune,HAR,KH,25.0,accuracy,0.75,1e-3
CNN PF,1e-5,UCI,MLP,Full Finetune,HAR,UCI,50.0,accuracy,0.6608695387840271,1e-5
ResNet-1D,1e-1,RW-Thigh,MLP,Full Finetune,HAR,RW-Thigh,1.0,accuracy,0.2329192608594894,1e-1
IMU Transformer,1e-3,MS,MLP,Full Finetune,HAR,MS,25.0,accuracy,0.7250470519065857,1e-3
CNN PF,1e-1,MS,MLP,Full Finetune,HAR,MS,25.0,accuracy,0.4425612092018127,1e-1
ResNet-1D,1e-5,KH,MLP,Full Finetune,HAR,KH,200.0,accuracy,0.7361111044883728,1e-5
IMU Transformer,1e-4,UCI,MLP,Full Finetune,HAR,UCI,100.0,accuracy,0.769565224647522,1e-4
ResNet-1D,1e-2,RW-Waist,MLP,Full Finetune,HAR,RW-Waist,10.0,accuracy,0.5945215821266174,1e-2
IMU Transformer,1e-3,KH,MLP,Full Finetune,HAR,KH,200.0,accuracy,0.5,1e-3
ResNet-1D,1e-1,WISDM,MLP,Full Finetune,HAR,WISDM,100.0,accuracy,0.6620583534240723,1e-1
IMU Transformer,1e-5,WISDM,MLP,Full Finetune,HAR,WISDM,50.0,accuracy,0.5745007395744324,1e-5
ResNet-1D,1e-3,RW-Thigh,MLP,Full Finetune,HAR,RW-Thigh,5.0,accuracy,0.6293995976448059,1e-3
ResNet-1D,1e-5,WISDM,MLP,Full Finetune,HAR,WISDM,25.0,accuracy,0.7373272180557251,1e-5
IMU Transformer,1e-2,WISDM,MLP,Full Finetune,HAR,WISDM,5.0,accuracy,0.650921642780304,1e-2
IMU Transformer,1e-3,RW-Waist,MLP,Full Finetune,HAR,RW-Waist,50.0,accuracy,0.5196759104728699,1e-3
CNN PF,1e-4,KH,MLP,Full Finetune,HAR,KH,200.0,accuracy,0.2361111044883728,1e-4
ResNet-1D,1e-1,UCI,MLP,Full Finetune,HAR,UCI,1.0,accuracy,0.5260869860649109,1e-1
CNN PF,1e-4,UCI,MLP,Full Finetune,HAR,UCI,100.0,accuracy,0.8057971000671387,1e-4
IMU Transformer,1e-4,RW-Waist,MLP,Full Finetune,HAR,RW-Waist,1000.0,accuracy,0.6886574029922485,1e-4
CNN PF,1e-1,RW-Thigh,MLP,Full Finetune,HAR,RW-Thigh,5.0,accuracy,0.3633540272712707,1e-1
IMU Transformer,1e-2,RW-Thigh,MLP,Full Finetune,HAR,RW-Thigh,5.0,accuracy,0.3285024166107178,1e-2
ResNet-1D,1e-3,RW-Thigh,MLP,Full Finetune,HAR,RW-Thigh,200.0,accuracy,0.6991028189659119,1e-3
ResNet-1D,1e-1,UCI,MLP,Full Finetune,HAR,UCI,100.0,accuracy,0.769565224647522,1e-1
CNN PF,1e-5,RW-Thigh,MLP,Full Finetune,HAR,RW-Thigh,10.0,accuracy,0.2915804088115692,1e-5
ResNet-1D,1e-5,KH,MLP,Full Finetune,HAR,KH,25.0,accuracy,0.4583333432674408,1e-5
CNN PF,1e-2,UCI,MLP,Full Finetune,HAR,UCI,5.0,accuracy,0.6333333253860474,1e-2
CNN PF,1e-3,KH,MLP,Full Finetune,HAR,KH,10.0,accuracy,0.2638888955116272,1e-3
ResNet-1D,1e-2,WISDM,MLP,Full Finetune,HAR,WISDM,1000.0,accuracy,0.8341013789176941,1e-2
ResNet-1D,1e-1,KH,MLP,Full Finetune,HAR,KH,200.0,accuracy,0.5625,1e-1
IMU Transformer,1e-2,KH,MLP,Full Finetune,HAR,KH,1000.0,accuracy,0.1666666716337204,1e-2
ResNet-1D,1e-1,UCI,MLP,Full Finetune,HAR,UCI,200.0,accuracy,0.8173912763595581,1e-1
IMU Transformer,1e-3,RW-Waist,MLP,Full Finetune,HAR,RW-Waist,1000.0,accuracy,0.6323302388191223,1e-3
ResNet-1D,1e-2,UCI,MLP,Full Finetune,HAR,UCI,10.0,accuracy,0.7739130258560181,1e-2
CNN PF,1e-2,MS,MLP,Full Finetune,HAR,MS,10.0,accuracy,0.5677965879440308,1e-2
IMU Transformer,1e-1,MS,MLP,Full Finetune,HAR,MS,5.0,accuracy,0.1666666716337204,1e-1
ResNet-1D,1e-1,UCI,MLP,Full Finetune,HAR,UCI,50.0,accuracy,0.7710145115852356,1e-1
CNN PF,1e-4,KH,MLP,Full Finetune,HAR,KH,100.0,accuracy,0.4027777910232544,1e-4
ResNet-1D,1e-2,UCI,MLP,Full Finetune,HAR,UCI,5.0,accuracy,0.7333333492279053,1e-2
IMU Transformer,1e-3,RW-Waist,MLP,Full Finetune,HAR,RW-Waist,5.0,accuracy,0.6080247163772583,1e-3
IMU Transformer,1e-1,WISDM,MLP,Full Finetune,HAR,WISDM,5.0,accuracy,0.25,1e-1
CNN PF,1e-2,WISDM,MLP,Full Finetune,HAR,WISDM,25.0,accuracy,0.5652841925621033,1e-2
ResNet-1D,1e-3,WISDM,MLP,Full Finetune,HAR,WISDM,25.0,accuracy,0.7461597323417664,1e-3
IMU Transformer,1e-5,RW-Thigh,MLP,Full Finetune,HAR,RW-Thigh,5.0,accuracy,0.4102829396724701,1e-5
IMU Transformer,1e-2,UCI,MLP,Full Finetune,HAR,UCI,10.0,accuracy,0.3782608807086944,1e-2
CNN PF,1e-1,UCI,MLP,Full Finetune,HAR,UCI,1000.0,accuracy,0.3942028880119324,1e-1
CNN PF,1e-1,UCI,MLP,Full Finetune,HAR,UCI,10.0,accuracy,0.3826086819171905,1e-1
CNN PF,1e-3,RW-Waist,MLP,Full Finetune,HAR,RW-Waist,200.0,accuracy,0.738811731338501,1e-3
IMU Transformer,1e-5,WISDM,MLP,Full Finetune,HAR,WISDM,200.0,accuracy,0.7115975618362427,1e-5
CNN PF,1e-2,RW-Thigh,MLP,Full Finetune,HAR,RW-Thigh,25.0,accuracy,0.2550034523010254,1e-2
CNN PF,1e-5,WISDM,MLP,Full Finetune,HAR,WISDM,1000.0,accuracy,0.8060675859451294,1e-5
ResNet-1D,1e-4,RW-Waist,MLP,Full Finetune,HAR,RW-Waist,10.0,accuracy,0.654321014881134,1e-4
ResNet-1D,1e-5,MS,MLP,Full Finetune,HAR,MS,5.0,accuracy,0.3333333432674408,1e-5
CNN PF,1e-4,WISDM,MLP,Full Finetune,HAR,WISDM,200.0,accuracy,0.7661290168762207,1e-4
ResNet-1D,1e-1,UCI,MLP,Full Finetune,HAR,UCI,1000.0,accuracy,0.7956521511077881,1e-1
CNN PF,1e-1,MS,MLP,Full Finetune,HAR,MS,25.0,accuracy,0.3851224184036255,1e-1
ResNet-1D,1e-3,UCI,MLP,Full Finetune,HAR,UCI,25.0,accuracy,0.7811594009399414,1e-3
ResNet-1D,1e-2,RW-Thigh,MLP,Full Finetune,HAR,RW-Thigh,1000.0,accuracy,0.6673567891120911,1e-2
ResNet-1D,1e-2,WISDM,MLP,Full Finetune,HAR,WISDM,10.0,accuracy,0.7396313548088074,1e-2
CNN PF,1e-5,RW-Waist,MLP,Full Finetune,HAR,RW-Waist,25.0,accuracy,0.4170524775981903,1e-5
IMU Transformer,1e-3,UCI,MLP,Full Finetune,HAR,UCI,200.0,accuracy,0.7797101736068726,1e-3
CNN PF,1e-4,UCI,MLP,Full Finetune,HAR,UCI,50.0,accuracy,0.8028985261917114,1e-4
IMU Transformer,1e-2,MS,MLP,Full Finetune,HAR,MS,50.0,accuracy,0.3314501047134399,1e-2
ResNet-1D,1e-5,MS,MLP,Full Finetune,HAR,MS,25.0,accuracy,0.6337099671363831,1e-5
IMU Transformer,1e-2,RW-Thigh,MLP,Full Finetune,HAR,RW-Thigh,5.0,accuracy,0.3267771005630493,1e-2
IMU Transformer,1e-2,RW-Thigh,MLP,Full Finetune,HAR,RW-Thigh,1000.0,accuracy,0.1666666716337204,1e-2
ResNet-1D,1e-5,KH,MLP,Full Finetune,HAR,KH,1000.0,accuracy,0.5416666865348816,1e-5
ResNet-1D,1e-2,RW-Thigh,MLP,Full Finetune,HAR,RW-Thigh,200.0,accuracy,0.5855762362480164,1e-2
ResNet-1D,1e-1,KH,MLP,Full Finetune,HAR,KH,25.0,accuracy,0.5277777910232544,1e-1
IMU Transformer,1e-1,KH,MLP,Full Finetune,HAR,KH,25.0,accuracy,0.1666666716337204,1e-1
ResNet-1D,1e-2,RW-Waist,MLP,Full Finetune,HAR,RW-Waist,5.0,accuracy,0.6253858208656311,1e-2
CNN PF,1e-4,WISDM,MLP,Full Finetune,HAR,WISDM,1000.0,accuracy,0.8671274781227112,1e-4
ResNet-1D,1e-5,RW-Waist,MLP,Full Finetune,HAR,RW-Waist,1000.0,accuracy,0.6959876418113708,1e-5
ResNet-1D,1e-5,WISDM,MLP,Full Finetune,HAR,WISDM,200.0,accuracy,0.7972350120544434,1e-5
ResNet-1D,1e-1,WISDM,MLP,Full Finetune,HAR,WISDM,50.0,accuracy,0.7895545363426208,1e-1
ResNet-1D,1e-5,MS,MLP,Full Finetune,HAR,MS,10.0,accuracy,0.3333333432674408,1e-5
ResNet-1D,1e-4,MS,MLP,Full Finetune,HAR,MS,1000.0,accuracy,0.790960431098938,1e-4
ResNet-1D,1e-2,RW-Waist,MLP,Full Finetune,HAR,RW-Waist,1.0,accuracy,0.1666666716337204,1e-2
IMU Transformer,1e-1,UCI,MLP,Full Finetune,HAR,UCI,50.0,accuracy,0.2000000029802322,1e-1
ResNet-1D,1e-1,RW-Waist,MLP,Full Finetune,HAR,RW-Waist,10.0,accuracy,0.5597993731498718,1e-1
IMU Transformer,1e-5,RW-Thigh,MLP,Full Finetune,HAR,RW-Thigh,10.0,accuracy,0.4113181531429291,1e-5
CNN PF,1e-5,RW-Waist,MLP,Full Finetune,HAR,RW-Waist,1000.0,accuracy,0.7530864477157593,1e-5
CNN PF,1e-4,MS,MLP,Full Finetune,HAR,MS,50.0,accuracy,0.8323917388916016,1e-4
ResNet-1D,1e-3,RW-Waist,MLP,Full Finetune,HAR,RW-Waist,200.0,accuracy,0.6851851940155029,1e-3
ResNet-1D,1e-1,UCI,MLP,Full Finetune,HAR,UCI,5.0,accuracy,0.6000000238418579,1e-1
CNN PF,1e-2,RW-Waist,MLP,Full Finetune,HAR,RW-Waist,200.0,accuracy,0.6890432238578796,1e-2
IMU Transformer,1e-2,KH,MLP,Full Finetune,HAR,KH,1000.0,accuracy,0.1666666716337204,1e-2
IMU Transformer,1e-3,RW-Thigh,MLP,Full Finetune,HAR,RW-Thigh,50.0,accuracy,0.5559006333351135,1e-3
CNN PF,1e-1,UCI,MLP,Full Finetune,HAR,UCI,50.0,accuracy,0.426086962223053,1e-1
IMU Transformer,1e-1,RW-Thigh,MLP,Full Finetune,HAR,RW-Thigh,5.0,accuracy,0.1666666716337204,1e-1
IMU Transformer,1e-5,UCI,MLP,Full Finetune,HAR,UCI,200.0,accuracy,0.8086956739425659,1e-5
CNN PF,1e-5,KH,MLP,Full Finetune,HAR,KH,1000.0,accuracy,0.4444444477558136,1e-5
ResNet-1D,1e-3,WISDM,MLP,Full Finetune,HAR,WISDM,1000.0,accuracy,0.8732718825340271,1e-3
CNN PF,1e-2,WISDM,MLP,Full Finetune,HAR,WISDM,1000.0,accuracy,0.8648233413696289,1e-2
ResNet-1D,1e-3,MS,MLP,Full Finetune,HAR,MS,1.0,accuracy,0.5357815623283386,1e-3
ResNet-1D,1e-5,RW-Waist,MLP,Full Finetune,HAR,RW-Waist,25.0,accuracy,0.5478395223617554,1e-5
IMU Transformer,1e-4,RW-Waist,MLP,Full Finetune,HAR,RW-Waist,50.0,accuracy,0.6469907164573669,1e-4
ResNet-1D,1e-4,UCI,MLP,Full Finetune,HAR,UCI,5.0,accuracy,0.6811594367027283,1e-4
IMU Transformer,1e-2,WISDM,MLP,Full Finetune,HAR,WISDM,100.0,accuracy,0.25,1e-2
CNN PF,1e-3,RW-Thigh,MLP,Full Finetune,HAR,RW-Thigh,200.0,accuracy,0.6897860765457153,1e-3
ResNet-1D,1e-1,KH,MLP,Full Finetune,HAR,KH,5.0,accuracy,0.5347222089767456,1e-1
IMU Transformer,1e-2,UCI,MLP,Full Finetune,HAR,UCI,10.0,accuracy,0.386956512928009,1e-2
ResNet-1D,1e-3,WISDM,MLP,Full Finetune,HAR,WISDM,1.0,accuracy,0.5672042965888977,1e-3
ResNet-1D,1e-5,KH,MLP,Full Finetune,HAR,KH,10.0,accuracy,0.5972222089767456,1e-5
IMU Transformer,1e-5,RW-Thigh,MLP,Full Finetune,HAR,RW-Thigh,5.0,accuracy,0.3209109604358673,1e-5
IMU Transformer,1e-2,RW-Thigh,MLP,Full Finetune,HAR,RW-Thigh,200.0,accuracy,0.3295376002788543,1e-2
IMU Transformer,1e-4,MS,MLP,Full Finetune,HAR,MS,50.0,accuracy,0.7372881174087524,1e-4
ResNet-1D,1e-3,MS,MLP,Full Finetune,HAR,MS,25.0,accuracy,0.8210923075675964,1e-3
IMU Transformer,1e-2,WISDM,MLP,Full Finetune,HAR,WISDM,1.0,accuracy,0.25,1e-2
IMU Transformer,1e-5,UCI,MLP,Full Finetune,HAR,UCI,100.0,accuracy,0.6594203114509583,1e-5
IMU Transformer,1e-5,KH,MLP,Full Finetune,HAR,KH,50.0,accuracy,0.5,1e-5
IMU Transformer,1e-4,RW-Thigh,MLP,Full Finetune,HAR,RW-Thigh,1.0,accuracy,0.4865424335002899,1e-4
IMU Transformer,1e-2,UCI,MLP,Full Finetune,HAR,UCI,5.0,accuracy,0.3376811742782593,1e-2
CNN PF,1e-5,UCI,MLP,Full Finetune,HAR,UCI,25.0,accuracy,0.2840579748153686,1e-5
IMU Transformer,1e-1,KH,MLP,Full Finetune,HAR,KH,200.0,accuracy,0.1666666716337204,1e-1
CNN PF,1e-4,KH,MLP,Full Finetune,HAR,KH,200.0,accuracy,0.6527777910232544,1e-4
IMU Transformer,1e-4,UCI,MLP,Full Finetune,HAR,UCI,100.0,accuracy,0.7768115997314453,1e-4
CNN PF,1e-4,UCI,MLP,Full Finetune,HAR,UCI,50.0,accuracy,0.7884057760238647,1e-4
ResNet-1D,1e-2,RW-Waist,MLP,Full Finetune,HAR,RW-Waist,200.0,accuracy,0.6801697611808777,1e-2
CNN PF,1e-3,MS,MLP,Full Finetune,HAR,MS,100.0,accuracy,0.7419962286949158,1e-3
IMU Transformer,1e-3,RW-Waist,MLP,Full Finetune,HAR,RW-Waist,5.0,accuracy,0.5528549551963806,1e-3
CNN PF,1e-5,MS,MLP,Full Finetune,HAR,MS,1.0,accuracy,0.1779661029577255,1e-5
IMU Transformer,1e-1,KH,MLP,Full Finetune,HAR,KH,5.0,accuracy,0.1666666716337204,1e-1
CNN PF,1e-3,UCI,MLP,Full Finetune,HAR,UCI,200.0,accuracy,0.8289855122566223,1e-3
IMU Transformer,1e-1,MS,MLP,Full Finetune,HAR,MS,10.0,accuracy,0.1666666716337204,1e-1
CNN PF,1e-4,UCI,MLP,Full Finetune,HAR,UCI,200.0,accuracy,0.852173924446106,1e-4
IMU Transformer,1e-1,UCI,MLP,Full Finetune,HAR,UCI,10.0,accuracy,0.2000000029802322,1e-1
ResNet-1D,1e-5,RW-Waist,MLP,Full Finetune,HAR,RW-Waist,1.0,accuracy,0.439814805984497,1e-5
IMU Transformer,1e-4,RW-Waist,MLP,Full Finetune,HAR,RW-Waist,25.0,accuracy,0.5860339403152466,1e-4
CNN PF,1e-4,RW-Waist,MLP,Full Finetune,HAR,RW-Waist,1000.0,accuracy,0.7218364477157593,1e-4
CNN PF,1e-4,RW-Thigh,MLP,Full Finetune,HAR,RW-Thigh,5.0,accuracy,0.4451345801353454,1e-4
ResNet-1D,1e-2,MS,MLP,Full Finetune,HAR,MS,200.0,accuracy,0.7485875487327576,1e-2
CNN PF,1e-4,WISDM,MLP,Full Finetune,HAR,WISDM,50.0,accuracy,0.7119815945625305,1e-4
CNN PF,1e-4,RW-Thigh,MLP,Full Finetune,HAR,RW-Thigh,50.0,accuracy,0.727053165435791,1e-4
CNN PF,1e-5,MS,MLP,Full Finetune,HAR,MS,1000.0,accuracy,0.8531073331832886,1e-5
CNN PF,1e-2,KH,MLP,Full Finetune,HAR,KH,10.0,accuracy,0.3611111044883728,1e-2
CNN PF,1e-3,RW-Thigh,MLP,Full Finetune,HAR,RW-Thigh,1.0,accuracy,0.3951000571250915,1e-3
CNN PF,1e-2,UCI,MLP,Full Finetune,HAR,UCI,1.0,accuracy,0.2811594307422638,1e-2
IMU Transformer,1e-3,KH,MLP,Full Finetune,HAR,KH,1.0,accuracy,0.4583333432674408,1e-3
ResNet-1D,1e-1,KH,MLP,Full Finetune,HAR,KH,100.0,accuracy,0.5069444179534912,1e-1
IMU Transformer,1e-5,KH,MLP,Full Finetune,HAR,KH,1000.0,accuracy,0.5208333134651184,1e-5
CNN PF,1e-5,KH,MLP,Full Finetune,HAR,KH,10.0,accuracy,0.1736111044883728,1e-5
CNN PF,1e-4,KH,MLP,Full Finetune,HAR,KH,10.0,accuracy,0.4652777910232544,1e-4
ResNet-1D,1e-5,UCI,MLP,Full Finetune,HAR,UCI,25.0,accuracy,0.7623188495635986,1e-5
ResNet-1D,1e-3,RW-Waist,MLP,Full Finetune,HAR,RW-Waist,50.0,accuracy,0.6087962985038757,1e-3
ResNet-1D,1e-3,RW-Waist,MLP,Full Finetune,HAR,RW-Waist,100.0,accuracy,0.6377314925193787,1e-3
CNN PF,1e-2,KH,MLP,Full Finetune,HAR,KH,50.0,accuracy,0.4375,1e-2
CNN PF,1e-3,MS,MLP,Full Finetune,HAR,MS,5.0,accuracy,0.4698681831359863,1e-3
CNN PF,1e-2,MS,MLP,Full Finetune,HAR,MS,5.0,accuracy,0.4105461537837982,1e-2
IMU Transformer,1e-5,MS,MLP,Full Finetune,HAR,MS,1000.0,accuracy,0.7419962286949158,1e-5
CNN PF,1e-1,RW-Waist,MLP,Full Finetune,HAR,RW-Waist,10.0,accuracy,0.2797067761421203,1e-1
CNN PF,1e-3,RW-Waist,MLP,Full Finetune,HAR,RW-Waist,200.0,accuracy,0.6909722089767456,1e-3
CNN PF,1e-2,KH,MLP,Full Finetune,HAR,KH,200.0,accuracy,0.4652777910232544,1e-2
IMU Transformer,1e-3,RW-Thigh,MLP,Full Finetune,HAR,RW-Thigh,1.0,accuracy,0.4440993666648865,1e-3
CNN PF,1e-1,WISDM,MLP,Full Finetune,HAR,WISDM,25.0,accuracy,0.5364823341369629,1e-1
CNN PF,1e-2,KH,MLP,Full Finetune,HAR,KH,200.0,accuracy,0.3333333432674408,1e-2
ResNet-1D,1e-4,RW-Thigh,MLP,Full Finetune,HAR,RW-Thigh,1.0,accuracy,0.3985507190227508,1e-4
IMU Transformer,1e-4,KH,MLP,Full Finetune,HAR,KH,1.0,accuracy,0.4166666567325592,1e-4
CNN PF,1e-4,RW-Waist,MLP,Full Finetune,HAR,RW-Waist,10.0,accuracy,0.5702160596847534,1e-4
CNN PF,1e-5,RW-Thigh,MLP,Full Finetune,HAR,RW-Thigh,1000.0,accuracy,0.7446514964103699,1e-5
ResNet-1D,1e-3,KH,MLP,Full Finetune,HAR,KH,5.0,accuracy,0.5138888955116272,1e-3
CNN PF,1e-4,UCI,MLP,Full Finetune,HAR,UCI,100.0,accuracy,0.8362318873405457,1e-4
ResNet-1D,1e-2,RW-Thigh,MLP,Full Finetune,HAR,RW-Thigh,25.0,accuracy,0.6024844646453857,1e-2
CNN PF,1e-5,WISDM,MLP,Full Finetune,HAR,WISDM,100.0,accuracy,0.5660521984100342,1e-5
IMU Transformer,1e-1,WISDM,MLP,Full Finetune,HAR,WISDM,1.0,accuracy,0.25,1e-1
CNN PF,1e-3,UCI,MLP,Full Finetune,HAR,UCI,5.0,accuracy,0.6231883764266968,1e-3
ResNet-1D,1e-3,UCI,MLP,Full Finetune,HAR,UCI,5.0,accuracy,0.6695652008056641,1e-3
IMU Transformer,1e-4,UCI,MLP,Full Finetune,HAR,UCI,1.0,accuracy,0.4217391312122345,1e-4
IMU Transformer,1e-2,RW-Waist,MLP,Full Finetune,HAR,RW-Waist,100.0,accuracy,0.1666666716337204,1e-2
IMU Transformer,1e-5,RW-Thigh,MLP,Full Finetune,HAR,RW-Thigh,50.0,accuracy,0.5062111616134644,1e-5
CNN PF,1e-4,MS,MLP,Full Finetune,HAR,MS,50.0,accuracy,0.7777777910232544,1e-4
IMU Transformer,1e-1,WISDM,MLP,Full Finetune,HAR,WISDM,5.0,accuracy,0.25,1e-1
IMU Transformer,1e-4,KH,MLP,Full Finetune,HAR,KH,1.0,accuracy,0.4791666567325592,1e-4
ResNet-1D,1e-5,RW-Thigh,MLP,Full Finetune,HAR,RW-Thigh,10.0,accuracy,0.5006901025772095,1e-5
CNN PF,1e-3,RW-Thigh,MLP,Full Finetune,HAR,RW-Thigh,10.0,accuracy,0.460317462682724,1e-3
IMU Transformer,1e-1,RW-Waist,MLP,Full Finetune,HAR,RW-Waist,10.0,accuracy,0.1666666716337204,1e-1
IMU Transformer,1e-2,KH,MLP,Full Finetune,HAR,KH,100.0,accuracy,0.3333333432674408,1e-2
ResNet-1D,1e-2,WISDM,MLP,Full Finetune,HAR,WISDM,200.0,accuracy,0.7953149080276489,1e-2
IMU Transformer,1e-4,MS,MLP,Full Finetune,HAR,MS,100.0,accuracy,0.7504708170890808,1e-4
ResNet-1D,1e-3,MS,MLP,Full Finetune,HAR,MS,25.0,accuracy,0.81732577085495,1e-3
CNN PF,1e-2,RW-Waist,MLP,Full Finetune,HAR,RW-Waist,50.0,accuracy,0.6967592835426331,1e-2
CNN PF,1e-1,RW-Waist,MLP,Full Finetune,HAR,RW-Waist,100.0,accuracy,0.3248456716537475,1e-1
ResNet-1D,1e-2,KH,MLP,Full Finetune,HAR,KH,200.0,accuracy,0.7361111044883728,1e-2
ResNet-1D,1e-2,RW-Thigh,MLP,Full Finetune,HAR,RW-Thigh,10.0,accuracy,0.5534851551055908,1e-2
ResNet-1D,1e-5,KH,MLP,Full Finetune,HAR,KH,10.0,accuracy,0.3819444477558136,1e-5
ResNet-1D,1e-3,KH,MLP,Full Finetune,HAR,KH,5.0,accuracy,0.6805555820465088,1e-3
IMU Transformer,1e-5,RW-Waist,MLP,Full Finetune,HAR,RW-Waist,1.0,accuracy,0.2746913433074951,1e-5
IMU Transformer,1e-4,RW-Waist,MLP,Full Finetune,HAR,RW-Waist,1000.0,accuracy,0.7048611044883728,1e-4
IMU Transformer,1e-4,KH,MLP,Full Finetune,HAR,KH,1.0,accuracy,0.4583333432674408,1e-4
ResNet-1D,1e-4,WISDM,MLP,Full Finetune,HAR,WISDM,50.0,accuracy,0.7484639286994934,1e-4
CNN PF,1e-3,MS,MLP,Full Finetune,HAR,MS,10.0,accuracy,0.3644067943096161,1e-3
ResNet-1D,1e-4,KH,MLP,Full Finetune,HAR,KH,1000.0,accuracy,0.6527777910232544,1e-4
ResNet-1D,1e-4,RW-Waist,MLP,Full Finetune,HAR,RW-Waist,50.0,accuracy,0.6547067761421204,1e-4
IMU Transformer,1e-5,UCI,MLP,Full Finetune,HAR,UCI,5.0,accuracy,0.4057970941066742,1e-5
CNN PF,1e-2,RW-Waist,MLP,Full Finetune,HAR,RW-Waist,10.0,accuracy,0.34375,1e-2
CNN PF,1e-4,UCI,MLP,Full Finetune,HAR,UCI,25.0,accuracy,0.7594202756881714,1e-4
ResNet-1D,1e-1,KH,MLP,Full Finetune,HAR,KH,100.0,accuracy,0.5069444179534912,1e-1
IMU Transformer,1e-3,RW-Waist,MLP,Full Finetune,HAR,RW-Waist,1.0,accuracy,0.3746142089366913,1e-3
ResNet-1D,1e-2,MS,MLP,Full Finetune,HAR,MS,200.0,accuracy,0.7419962286949158,1e-2
ResNet-1D,1e-1,WISDM,MLP,Full Finetune,HAR,WISDM,1.0,accuracy,0.5011520981788635,1e-1
IMU Transformer,1e-2,KH,MLP,Full Finetune,HAR,KH,100.0,accuracy,0.1666666716337204,1e-2
IMU Transformer,1e-3,WISDM,MLP,Full Finetune,HAR,WISDM,200.0,accuracy,0.6985406875610352,1e-3
CNN PF,1e-3,KH,MLP,Full Finetune,HAR,KH,100.0,accuracy,0.5,1e-3
IMU Transformer,1e-1,MS,MLP,Full Finetune,HAR,MS,25.0,accuracy,0.1666666716337204,1e-1
IMU Transformer,1e-3,UCI,MLP,Full Finetune,HAR,UCI,10.0,accuracy,0.7362318634986877,1e-3
IMU Transformer,1e-4,RW-Thigh,MLP,Full Finetune,HAR,RW-Thigh,200.0,accuracy,0.5510696768760681,1e-4
IMU Transformer,1e-3,MS,MLP,Full Finetune,HAR,MS,200.0,accuracy,0.7853107452392578,1e-3
IMU Transformer,1e-5,UCI,MLP,Full Finetune,HAR,UCI,25.0,accuracy,0.5492753386497498,1e-5
IMU Transformer,1e-2,WISDM,MLP,Full Finetune,HAR,WISDM,1000.0,accuracy,0.25,1e-2
IMU Transformer,1e-3,KH,MLP,Full Finetune,HAR,KH,5.0,accuracy,0.625,1e-3
IMU Transformer,1e-2,KH,MLP,Full Finetune,HAR,KH,25.0,accuracy,0.1666666716337204,1e-2
IMU Transformer,1e-3,UCI,MLP,Full Finetune,HAR,UCI,1000.0,accuracy,0.7797101736068726,1e-3
CNN PF,1e-5,KH,MLP,Full Finetune,HAR,KH,1.0,accuracy,0.3333333432674408,1e-5
IMU Transformer,1e-3,KH,MLP,Full Finetune,HAR,KH,1000.0,accuracy,0.4791666567325592,1e-3
ResNet-1D,1e-4,RW-Waist,MLP,Full Finetune,HAR,RW-Waist,100.0,accuracy,0.7291666865348816,1e-4
IMU Transformer,1e-4,WISDM,MLP,Full Finetune,HAR,WISDM,5.0,accuracy,0.6259600520133972,1e-4
IMU Transformer,1e-3,WISDM,MLP,Full Finetune,HAR,WISDM,1000.0,accuracy,0.7000768184661865,1e-3
CNN PF,1e-2,UCI,MLP,Full Finetune,HAR,UCI,50.0,accuracy,0.7782608866691589,1e-2
CNN PF,1e-2,MS,MLP,Full Finetune,HAR,MS,200.0,accuracy,0.7391713857650757,1e-2
CNN PF,1e-2,UCI,MLP,Full Finetune,HAR,UCI,5.0,accuracy,0.6492753624916077,1e-2
IMU Transformer,1e-2,UCI,MLP,Full Finetune,HAR,UCI,1000.0,accuracy,0.2000000029802322,1e-2
ResNet-1D,1e-2,RW-Thigh,MLP,Full Finetune,HAR,RW-Thigh,1000.0,accuracy,0.6487232446670532,1e-2
CNN PF,1e-2,KH,MLP,Full Finetune,HAR,KH,5.0,accuracy,0.1666666716337204,1e-2
IMU Transformer,1e-2,RW-Waist,MLP,Full Finetune,HAR,RW-Waist,50.0,accuracy,0.1666666716337204,1e-2
CNN PF,1e-5,MS,MLP,Full Finetune,HAR,MS,1.0,accuracy,0.2024482041597366,1e-5
CNN PF,1e-3,UCI,MLP,Full Finetune,HAR,UCI,1.0,accuracy,0.2289855033159256,1e-3
IMU Transformer,1e-3,MS,MLP,Full Finetune,HAR,MS,100.0,accuracy,0.7476459741592407,1e-3
CNN PF,1e-5,MS,MLP,Full Finetune,HAR,MS,50.0,accuracy,0.6591337323188782,1e-5
CNN PF,1e-3,RW-Thigh,MLP,Full Finetune,HAR,RW-Thigh,5.0,accuracy,0.4154589474201202,1e-3
ResNet-1D,1e-1,MS,MLP,Full Finetune,HAR,MS,200.0,accuracy,0.7128060460090637,1e-1
IMU Transformer,1e-4,RW-Waist,MLP,Full Finetune,HAR,RW-Waist,50.0,accuracy,0.6084104776382446,1e-4
ResNet-1D,1e-5,RW-Thigh,MLP,Full Finetune,HAR,RW-Thigh,5.0,accuracy,0.446169763803482,1e-5
ResNet-1D,1e-3,WISDM,MLP,Full Finetune,HAR,WISDM,5.0,accuracy,0.7930107712745667,1e-3
ResNet-1D,1e-4,WISDM,MLP,Full Finetune,HAR,WISDM,10.0,accuracy,0.7415514588356018,1e-4
CNN PF,1e-5,KH,MLP,Full Finetune,HAR,KH,50.0,accuracy,0.4722222089767456,1e-5
CNN PF,1e-5,UCI,MLP,Full Finetune,HAR,UCI,1000.0,accuracy,0.8072463870048523,1e-5
IMU Transformer,1e-2,RW-Waist,MLP,Full Finetune,HAR,RW-Waist,5.0,accuracy,0.25,1e-2
ResNet-1D,1e-2,RW-Thigh,MLP,Full Finetune,HAR,RW-Thigh,5.0,accuracy,0.1666666716337204,1e-2
ResNet-1D,1e-1,RW-Waist,MLP,Full Finetune,HAR,RW-Waist,1000.0,accuracy,0.6547067761421204,1e-1
IMU Transformer,1e-4,MS,MLP,Full Finetune,HAR,MS,1000.0,accuracy,0.7721280455589294,1e-4
ResNet-1D,1e-4,UCI,MLP,Full Finetune,HAR,UCI,100.0,accuracy,0.9115942120552064,1e-4
CNN PF,1e-2,MS,MLP,Full Finetune,HAR,MS,25.0,accuracy,0.1666666716337204,1e-2
CNN PF,1e-4,MS,MLP,Full Finetune,HAR,MS,5.0,accuracy,0.5094162225723267,1e-4
ResNet-1D,1e-4,KH,MLP,Full Finetune,HAR,KH,5.0,accuracy,0.5972222089767456,1e-4
ResNet-1D,1e-3,RW-Waist,MLP,Full Finetune,HAR,RW-Waist,25.0,accuracy,0.6265432238578796,1e-3
IMU Transformer,1e-5,UCI,MLP,Full Finetune,HAR,UCI,10.0,accuracy,0.4463768005371094,1e-5
IMU Transformer,1e-5,KH,MLP,Full Finetune,HAR,KH,10.0,accuracy,0.3333333432674408,1e-5
IMU Transformer,1e-1,WISDM,MLP,Full Finetune,HAR,WISDM,50.0,accuracy,0.25,1e-1
CNN PF,1e-5,WISDM,MLP,Full Finetune,HAR,WISDM,1.0,accuracy,0.3920890986919403,1e-5
ResNet-1D,1e-1,RW-Thigh,MLP,Full Finetune,HAR,RW-Thigh,5.0,accuracy,0.3530020713806152,1e-1
IMU Transformer,1e-4,WISDM,MLP,Full Finetune,HAR,WISDM,1.0,accuracy,0.4934715926647186,1e-4
CNN PF,1e-2,UCI,MLP,Full Finetune,HAR,UCI,10.0,accuracy,0.1985507309436798,1e-2
ResNet-1D,1e-1,WISDM,MLP,Full Finetune,HAR,WISDM,25.0,accuracy,0.7031490206718445,1e-1
ResNet-1D,1e-1,RW-Thigh,MLP,Full Finetune,HAR,RW-Thigh,200.0,accuracy,0.6445824503898621,1e-1
IMU Transformer,1e-4,UCI,MLP,Full Finetune,HAR,UCI,5.0,accuracy,0.6594203114509583,1e-4
CNN PF,1e-3,RW-Waist,MLP,Full Finetune,HAR,RW-Waist,50.0,accuracy,0.6971450448036194,1e-3
CNN PF,1e-3,MS,MLP,Full Finetune,HAR,MS,1.0,accuracy,0.1864406764507293,1e-3
CNN PF,1e-5,MS,MLP,Full Finetune,HAR,MS,5.0,accuracy,0.1996233463287353,1e-5
CNN PF,1e-5,KH,MLP,Full Finetune,HAR,KH,200.0,accuracy,0.625,1e-5
ResNet-1D,1e-4,RW-Thigh,MLP,Full Finetune,HAR,RW-Thigh,200.0,accuracy,0.6763284802436829,1e-4
IMU Transformer,1e-5,WISDM,MLP,Full Finetune,HAR,WISDM,10.0,accuracy,0.4957757294178009,1e-5
ResNet-1D,1e-2,UCI,MLP,Full Finetune,HAR,UCI,50.0,accuracy,0.7927536368370056,1e-2
CNN PF,1e-1,UCI,MLP,Full Finetune,HAR,UCI,1.0,accuracy,0.3985507190227508,1e-1
CNN PF,1e-1,MS,MLP,Full Finetune,HAR,MS,200.0,accuracy,0.4397363364696502,1e-1
CNN PF,1e-4,RW-Waist,MLP,Full Finetune,HAR,RW-Waist,50.0,accuracy,0.7226080298423767,1e-4
CNN PF,1e-5,UCI,MLP,Full Finetune,HAR,UCI,5.0,accuracy,0.2681159377098083,1e-5
CNN PF,1e-3,UCI,MLP,Full Finetune,HAR,UCI,100.0,accuracy,0.8420289754867554,1e-3
ResNet-1D,1e-5,UCI,MLP,Full Finetune,HAR,UCI,25.0,accuracy,0.7072463631629944,1e-5
ResNet-1D,1e-1,UCI,MLP,Full Finetune,HAR,UCI,200.0,accuracy,0.8536232113838196,1e-1
IMU Transformer,1e-1,UCI,MLP,Full Finetune,HAR,UCI,25.0,accuracy,0.2000000029802322,1e-1
CNN PF,1e-2,RW-Waist,MLP,Full Finetune,HAR,RW-Waist,1000.0,accuracy,0.6408178806304932,1e-2
ResNet-1D,1e-3,RW-Waist,MLP,Full Finetune,HAR,RW-Waist,1.0,accuracy,0.6072530746459961,1e-3
IMU Transformer,1e-2,RW-Waist,MLP,Full Finetune,HAR,RW-Waist,1000.0,accuracy,0.1666666716337204,1e-2
CNN PF,1e-5,RW-Waist,MLP,Full Finetune,HAR,RW-Waist,200.0,accuracy,0.7033178806304932,1e-5
ResNet-1D,1e-5,RW-Thigh,MLP,Full Finetune,HAR,RW-Thigh,50.0,accuracy,0.6563146710395813,1e-5
CNN PF,1e-3,WISDM,MLP,Full Finetune,HAR,WISDM,1.0,accuracy,0.2910906374454498,1e-3
IMU Transformer,1e-3,UCI,MLP,Full Finetune,HAR,UCI,5.0,accuracy,0.708695650100708,1e-3
IMU Transformer,1e-4,MS,MLP,Full Finetune,HAR,MS,1000.0,accuracy,0.756120502948761,1e-4
ResNet-1D,1e-2,KH,MLP,Full Finetune,HAR,KH,1.0,accuracy,0.1666666716337204,1e-2
CNN PF,1e-2,MS,MLP,Full Finetune,HAR,MS,10.0,accuracy,0.4237288236618042,1e-2
ResNet-1D,1e-2,UCI,MLP,Full Finetune,HAR,UCI,200.0,accuracy,0.9362319111824036,1e-2
ResNet-1D,1e-3,KH,MLP,Full Finetune,HAR,KH,1.0,accuracy,0.5833333134651184,1e-3
ResNet-1D,1e-4,UCI,MLP,Full Finetune,HAR,UCI,1.0,accuracy,0.6681159138679504,1e-4
ResNet-1D,1e-2,WISDM,MLP,Full Finetune,HAR,WISDM,10.0,accuracy,0.7837941646575928,1e-2
ResNet-1D,1e-3,MS,MLP,Full Finetune,HAR,MS,1000.0,accuracy,0.7862523794174194,1e-3
IMU Transformer,1e-3,WISDM,MLP,Full Finetune,HAR,WISDM,1.0,accuracy,0.560675859451294,1e-3
ResNet-1D,1e-5,KH,MLP,Full Finetune,HAR,KH,50.0,accuracy,0.6458333134651184,1e-5
CNN PF,1e-5,RW-Waist,MLP,Full Finetune,HAR,RW-Waist,25.0,accuracy,0.292438268661499,1e-5
ResNet-1D,1e-4,RW-Waist,MLP,Full Finetune,HAR,RW-Waist,1.0,accuracy,0.3406635820865631,1e-4
ResNet-1D,1e-1,RW-Waist,MLP,Full Finetune,HAR,RW-Waist,200.0,accuracy,0.7106481194496155,1e-1
CNN PF,1e-3,RW-Thigh,MLP,Full Finetune,HAR,RW-Thigh,1000.0,accuracy,0.7346445918083191,1e-3
ResNet-1D,1e-3,UCI,MLP,Full Finetune,HAR,UCI,10.0,accuracy,0.7681159377098083,1e-3
CNN PF,1e-5,RW-Thigh,MLP,Full Finetune,HAR,RW-Thigh,100.0,accuracy,0.6038647294044495,1e-5
ResNet-1D,1e-4,KH,MLP,Full Finetune,HAR,KH,200.0,accuracy,0.6875,1e-4
CNN PF,1e-4,UCI,MLP,Full Finetune,HAR,UCI,5.0,accuracy,0.6463767886161804,1e-4
ResNet-1D,1e-2,RW-Thigh,MLP,Full Finetune,HAR,RW-Thigh,5.0,accuracy,0.1652864068746566,1e-2
ResNet-1D,1e-3,MS,MLP,Full Finetune,HAR,MS,200.0,accuracy,0.7928436994552612,1e-3
ResNet-1D,1e-2,RW-Thigh,MLP,Full Finetune,HAR,RW-Thigh,1000.0,accuracy,0.6984127163887024,1e-2
CNN PF,1e-5,UCI,MLP,Full Finetune,HAR,UCI,50.0,accuracy,0.6942028999328613,1e-5
ResNet-1D,1e-3,WISDM,MLP,Full Finetune,HAR,WISDM,100.0,accuracy,0.7523041367530823,1e-3
IMU Transformer,1e-5,KH,MLP,Full Finetune,HAR,KH,200.0,accuracy,0.6875,1e-5
CNN PF,1e-1,WISDM,MLP,Full Finetune,HAR,WISDM,100.0,accuracy,0.562980055809021,1e-1
IMU Transformer,1e-4,RW-Waist,MLP,Full Finetune,HAR,RW-Waist,100.0,accuracy,0.6655092835426331,1e-4
IMU Transformer,1e-3,UCI,MLP,Full Finetune,HAR,UCI,1.0,accuracy,0.6115942001342773,1e-3
IMU Transformer,1e-5,KH,MLP,Full Finetune,HAR,KH,100.0,accuracy,0.5555555820465088,1e-5
ResNet-1D,1e-2,MS,MLP,Full Finetune,HAR,MS,25.0,accuracy,0.7881355881690979,1e-2
IMU Transformer,1e-3,RW-Thigh,MLP,Full Finetune,HAR,RW-Thigh,1000.0,accuracy,0.544513463973999,1e-3
CNN PF,1e-4,RW-Thigh,MLP,Full Finetune,HAR,RW-Thigh,100.0,accuracy,0.7332643270492554,1e-4
CNN PF,1e-4,RW-Thigh,MLP,Full Finetune,HAR,RW-Thigh,25.0,accuracy,0.6121463179588318,1e-4
IMU Transformer,1e-1,WISDM,MLP,Full Finetune,HAR,WISDM,25.0,accuracy,0.25,1e-1
CNN PF,1e-3,RW-Thigh,MLP,Full Finetune,HAR,RW-Thigh,5.0,accuracy,0.4579020142555237,1e-3
IMU Transformer,1e-4,WISDM,MLP,Full Finetune,HAR,WISDM,1000.0,accuracy,0.690092146396637,1e-4
CNN PF,1e-4,KH,MLP,Full Finetune,HAR,KH,25.0,accuracy,0.6041666865348816,1e-4
CNN PF,1e-2,UCI,MLP,Full Finetune,HAR,UCI,1000.0,accuracy,0.9420289993286132,1e-2
IMU Transformer,1e-1,UCI,MLP,Full Finetune,HAR,UCI,100.0,accuracy,0.2000000029802322,1e-1
CNN PF,1e-5,WISDM,MLP,Full Finetune,HAR,WISDM,5.0,accuracy,0.2549923062324524,1e-5
ResNet-1D,1e-1,MS,MLP,Full Finetune,HAR,MS,200.0,accuracy,0.6346516013145447,1e-1
IMU Transformer,1e-2,RW-Waist,MLP,Full Finetune,HAR,RW-Waist,100.0,accuracy,0.1666666716337204,1e-2
IMU Transformer,1e-1,UCI,MLP,Full Finetune,HAR,UCI,1000.0,accuracy,0.2000000029802322,1e-1
ResNet-1D,1e-4,MS,MLP,Full Finetune,HAR,MS,5.0,accuracy,0.6836158037185669,1e-4
ResNet-1D,1e-4,WISDM,MLP,Full Finetune,HAR,WISDM,1.0,accuracy,0.6582181453704834,1e-4
ResNet-1D,1e-4,KH,MLP,Full Finetune,HAR,KH,50.0,accuracy,0.5625,1e-4
CNN PF,1e-2,KH,MLP,Full Finetune,HAR,KH,25.0,accuracy,0.4305555522441864,1e-2
IMU Transformer,1e-5,WISDM,MLP,Full Finetune,HAR,WISDM,50.0,accuracy,0.75,1e-5
IMU Transformer,1e-3,WISDM,MLP,Full Finetune,HAR,WISDM,100.0,accuracy,0.6159754395484924,1e-3
ResNet-1D,1e-4,RW-Waist,MLP,Full Finetune,HAR,RW-Waist,10.0,accuracy,0.5902777910232544,1e-4
CNN PF,1e-5,UCI,MLP,Full Finetune,HAR,UCI,100.0,accuracy,0.7869565486907959,1e-5
IMU Transformer,1e-5,RW-Waist,MLP,Full Finetune,HAR,RW-Waist,10.0,accuracy,0.3692129552364349,1e-5
IMU Transformer,1e-3,MS,MLP,Full Finetune,HAR,MS,1.0,accuracy,0.5790960192680359,1e-3
IMU Transformer,1e-2,RW-Waist,MLP,Full Finetune,HAR,RW-Waist,10.0,accuracy,0.1601080298423767,1e-2
ResNet-1D,1e-5,RW-Thigh,MLP,Full Finetune,HAR,RW-Thigh,1000.0,accuracy,0.6915113925933838,1e-5
ResNet-1D,1e-5,MS,MLP,Full Finetune,HAR,MS,10.0,accuracy,0.377589464187622,1e-5
ResNet-1D,1e-5,WISDM,MLP,Full Finetune,HAR,WISDM,5.0,accuracy,0.2557603716850281,1e-5
ResNet-1D,1e-5,KH,MLP,Full Finetune,HAR,KH,50.0,accuracy,0.6527777910232544,1e-5
ResNet-1D,1e-3,MS,MLP,Full Finetune,HAR,MS,100.0,accuracy,0.7316384315490723,1e-3
CNN PF,1e-5,WISDM,MLP,Full Finetune,HAR,WISDM,200.0,accuracy,0.7284946441650391,1e-5
CNN PF,1e-3,KH,MLP,Full Finetune,HAR,KH,10.0,accuracy,0.2222222238779068,1e-3
ResNet-1D,1e-5,MS,MLP,Full Finetune,HAR,MS,25.0,accuracy,0.5725046992301941,1e-5
IMU Transformer,1e-3,UCI,MLP,Full Finetune,HAR,UCI,25.0,accuracy,0.760869562625885,1e-3
ResNet-1D,1e-5,WISDM,MLP,Full Finetune,HAR,WISDM,1.0,accuracy,0.4884792566299438,1e-5
ResNet-1D,1e-2,UCI,MLP,Full Finetune,HAR,UCI,25.0,accuracy,0.7724637389183044,1e-2
ResNet-1D,1e-1,WISDM,MLP,Full Finetune,HAR,WISDM,10.0,accuracy,0.7131336331367493,1e-1
CNN PF,1e-4,UCI,MLP,Full Finetune,HAR,UCI,200.0,accuracy,0.856521725654602,1e-4
ResNet-1D,1e-3,RW-Thigh,MLP,Full Finetune,HAR,RW-Thigh,25.0,accuracy,0.6469979286193848,1e-3
IMU Transformer,1e-3,UCI,MLP,Full Finetune,HAR,UCI,1.0,accuracy,0.3275362253189087,1e-3
ResNet-1D,1e-2,RW-Thigh,MLP,Full Finetune,HAR,RW-Thigh,100.0,accuracy,0.5959282517433167,1e-2
ResNet-1D,1e-2,RW-Waist,MLP,Full Finetune,HAR,RW-Waist,25.0,accuracy,0.5412808656692505,1e-2
IMU Transformer,1e-3,WISDM,MLP,Full Finetune,HAR,WISDM,50.0,accuracy,0.6981566548347473,1e-3
IMU Transformer,1e-5,MS,MLP,Full Finetune,HAR,MS,1.0,accuracy,0.3766478300094604,1e-5
ResNet-1D,1e-1,MS,MLP,Full Finetune,HAR,MS,10.0,accuracy,0.6751412153244019,1e-1
IMU Transformer,1e-5,KH,MLP,Full Finetune,HAR,KH,200.0,accuracy,0.625,1e-5
IMU Transformer,1e-2,WISDM,MLP,Full Finetune,HAR,WISDM,100.0,accuracy,0.4919354915618896,1e-2
ResNet-1D,1e-4,WISDM,MLP,Full Finetune,HAR,WISDM,1.0,accuracy,0.3214285671710968,1e-4
IMU Transformer,1e-5,MS,MLP,Full Finetune,HAR,MS,1.0,accuracy,0.3747645914554596,1e-5
CNN PF,1e-4,RW-Waist,MLP,Full Finetune,HAR,RW-Waist,1000.0,accuracy,0.7426697611808777,1e-4
CNN PF,1e-2,RW-Waist,MLP,Full Finetune,HAR,RW-Waist,1000.0,accuracy,0.6983024477958679,1e-2
CNN PF,1e-3,RW-Thigh,MLP,Full Finetune,HAR,RW-Thigh,100.0,accuracy,0.7594892978668213,1e-3
ResNet-1D,1e-2,KH,MLP,Full Finetune,HAR,KH,100.0,accuracy,0.5763888955116272,1e-2
CNN PF,1e-5,WISDM,MLP,Full Finetune,HAR,WISDM,5.0,accuracy,0.2480798810720443,1e-5
CNN PF,1e-2,MS,MLP,Full Finetune,HAR,MS,5.0,accuracy,0.569679856300354,1e-2
ResNet-1D,1e-4,WISDM,MLP,Full Finetune,HAR,WISDM,200.0,accuracy,0.812980055809021,1e-4
IMU Transformer,1e-4,RW-Thigh,MLP,Full Finetune,HAR,RW-Thigh,100.0,accuracy,0.5465838313102722,1e-4
CNN PF,1e-4,WISDM,MLP,Full Finetune,HAR,WISDM,1.0,accuracy,0.2031490057706833,1e-4
CNN PF,1e-1,RW-Thigh,MLP,Full Finetune,HAR,RW-Thigh,100.0,accuracy,0.1773636937141418,1e-1
CNN PF,1e-3,WISDM,MLP,Full Finetune,HAR,WISDM,5.0,accuracy,0.5875576138496399,1e-3
ResNet-1D,1e-3,WISDM,MLP,Full Finetune,HAR,WISDM,1.0,accuracy,0.4980798661708832,1e-3
CNN PF,1e-4,MS,MLP,Full Finetune,HAR,MS,25.0,accuracy,0.7514124512672424,1e-4
CNN PF,1e-4,MS,MLP,Full Finetune,HAR,MS,100.0,accuracy,0.8276836276054382,1e-4
ResNet-1D,1e-4,MS,MLP,Full Finetune,HAR,MS,200.0,accuracy,0.9284369349479676,1e-4
CNN PF,1e-4,KH,MLP,Full Finetune,HAR,KH,1.0,accuracy,0.3680555522441864,1e-4
ResNet-1D,1e-1,RW-Thigh,MLP,Full Finetune,HAR,RW-Thigh,200.0,accuracy,0.691166341304779,1e-1
ResNet-1D,1e-4,KH,MLP,Full Finetune,HAR,KH,25.0,accuracy,0.5416666865348816,1e-4
ResNet-1D,1e-2,MS,MLP,Full Finetune,HAR,MS,200.0,accuracy,0.7730696797370911,1e-2
IMU Transformer,1e-3,WISDM,MLP,Full Finetune,HAR,WISDM,10.0,accuracy,0.6908602118492126,1e-3
ResNet-1D,1e-1,MS,MLP,Full Finetune,HAR,MS,1000.0,accuracy,0.7655367255210876,1e-1
ResNet-1D,1e-3,UCI,MLP,Full Finetune,HAR,UCI,1000.0,accuracy,0.9652174115180968,1e-3
ResNet-1D,1e-3,WISDM,MLP,Full Finetune,HAR,WISDM,50.0,accuracy,0.7983871102333069,1e-3
IMU Transformer,1e-5,RW-Waist,MLP,Full Finetune,HAR,RW-Waist,100.0,accuracy,0.626928985118866,1e-5
ResNet-1D,1e-3,WISDM,MLP,Full Finetune,HAR,WISDM,25.0,accuracy,0.7523041367530823,1e-3
CNN PF,1e-5,KH,MLP,Full Finetune,HAR,KH,100.0,accuracy,0.4583333432674408,1e-5
ResNet-1D,1e-4,RW-Waist,MLP,Full Finetune,HAR,RW-Waist,200.0,accuracy,0.7079475522041321,1e-4
ResNet-1D,1e-3,WISDM,MLP,Full Finetune,HAR,WISDM,50.0,accuracy,0.7434715628623962,1e-3
ResNet-1D,1e-3,RW-Waist,MLP,Full Finetune,HAR,RW-Waist,200.0,accuracy,0.7712191343307495,1e-3
CNN PF,1e-3,KH,MLP,Full Finetune,HAR,KH,10.0,accuracy,0.3958333432674408,1e-3
IMU Transformer,1e-4,KH,MLP,Full Finetune,HAR,KH,5.0,accuracy,0.5902777910232544,1e-4
CNN PF,1e-5,MS,MLP,Full Finetune,HAR,MS,100.0,accuracy,0.7128060460090637,1e-5
ResNet-1D,1e-3,MS,MLP,Full Finetune,HAR,MS,1000.0,accuracy,0.8248587846755981,1e-3
ResNet-1D,1e-3,MS,MLP,Full Finetune,HAR,MS,25.0,accuracy,0.7900188565254211,1e-3
IMU Transformer,1e-1,UCI,MLP,Full Finetune,HAR,UCI,10.0,accuracy,0.2000000029802322,1e-1
CNN PF,1e-5,KH,MLP,Full Finetune,HAR,KH,5.0,accuracy,0.3541666567325592,1e-5
IMU Transformer,1e-1,KH,MLP,Full Finetune,HAR,KH,1.0,accuracy,0.1666666716337204,1e-1
CNN PF,1e-5,MS,MLP,Full Finetune,HAR,MS,200.0,accuracy,0.7674199342727661,1e-5
IMU Transformer,1e-1,RW-Thigh,MLP,Full Finetune,HAR,RW-Thigh,50.0,accuracy,0.1666666716337204,1e-1
CNN PF,1e-1,UCI,MLP,Full Finetune,HAR,UCI,1.0,accuracy,0.4043478369712829,1e-1
IMU Transformer,1e-5,MS,MLP,Full Finetune,HAR,MS,25.0,accuracy,0.5932203531265259,1e-5
ResNet-1D,1e-2,RW-Waist,MLP,Full Finetune,HAR,RW-Waist,100.0,accuracy,0.6739969253540039,1e-2
IMU Transformer,1e-1,RW-Waist,MLP,Full Finetune,HAR,RW-Waist,200.0,accuracy,0.1666666716337204,1e-1
CNN PF,1e-4,RW-Waist,MLP,Full Finetune,HAR,RW-Waist,1.0,accuracy,0.4513888955116272,1e-4
IMU Transformer,1e-1,UCI,MLP,Full Finetune,HAR,UCI,1.0,accuracy,0.2000000029802322,1e-1
IMU Transformer,1e-3,RW-Waist,MLP,Full Finetune,HAR,RW-Waist,1.0,accuracy,0.4293981492519378,1e-3
CNN PF,1e-4,WISDM,MLP,Full Finetune,HAR,WISDM,1.0,accuracy,0.5249615907669067,1e-4
IMU Transformer,1e-5,KH,MLP,Full Finetune,HAR,KH,5.0,accuracy,0.4861111044883728,1e-5
CNN PF,1e-4,MS,MLP,Full Finetune,HAR,MS,25.0,accuracy,0.7749529480934143,1e-4
IMU Transformer,1e-4,RW-Thigh,MLP,Full Finetune,HAR,RW-Thigh,10.0,accuracy,0.5093167424201965,1e-4
IMU Transformer,1e-1,RW-Thigh,MLP,Full Finetune,HAR,RW-Thigh,1.0,accuracy,0.1666666716337204,1e-1
CNN PF,1e-1,RW-Waist,MLP,Full Finetune,HAR,RW-Waist,200.0,accuracy,0.3240740597248077,1e-1
IMU Transformer,1e-2,MS,MLP,Full Finetune,HAR,MS,1.0,accuracy,0.3323917090892792,1e-2
CNN PF,1e-2,RW-Thigh,MLP,Full Finetune,HAR,RW-Thigh,200.0,accuracy,0.4975845515727997,1e-2
ResNet-1D,1e-2,WISDM,MLP,Full Finetune,HAR,WISDM,50.0,accuracy,0.7361751198768616,1e-2
IMU Transformer,1e-2,RW-Thigh,MLP,Full Finetune,HAR,RW-Thigh,100.0,accuracy,0.1666666716337204,1e-2
CNN PF,1e-2,KH,MLP,Full Finetune,HAR,KH,100.0,accuracy,0.375,1e-2
IMU Transformer,1e-5,UCI,MLP,Full Finetune,HAR,UCI,1.0,accuracy,0.4565217494964599,1e-5
IMU Transformer,1e-4,UCI,MLP,Full Finetune,HAR,UCI,10.0,accuracy,0.6942028999328613,1e-4
CNN PF,1e-4,KH,MLP,Full Finetune,HAR,KH,1000.0,accuracy,0.5,1e-4
CNN PF,1e-5,KH,MLP,Full Finetune,HAR,KH,25.0,accuracy,0.1944444477558136,1e-5
ResNet-1D,1e-1,MS,MLP,Full Finetune,HAR,MS,10.0,accuracy,0.4265536665916443,1e-1
ResNet-1D,1e-4,RW-Waist,MLP,Full Finetune,HAR,RW-Waist,5.0,accuracy,0.6851851940155029,1e-4
ResNet-1D,1e-1,MS,MLP,Full Finetune,HAR,MS,50.0,accuracy,0.764595091342926,1e-1
IMU Transformer,1e-4,KH,MLP,Full Finetune,HAR,KH,1000.0,accuracy,0.7083333134651184,1e-4
CNN PF,1e-4,UCI,MLP,Full Finetune,HAR,UCI,1000.0,accuracy,0.8768116235733032,1e-4
ResNet-1D,1e-3,UCI,MLP,Full Finetune,HAR,UCI,25.0,accuracy,0.7811594009399414,1e-3
ResNet-1D,1e-2,RW-Thigh,MLP,Full Finetune,HAR,RW-Thigh,5.0,accuracy,0.4033816456794739,1e-2
IMU Transformer,1e-3,RW-Waist,MLP,Full Finetune,HAR,RW-Waist,25.0,accuracy,0.5181326866149902,1e-3
CNN PF,1e-1,RW-Waist,MLP,Full Finetune,HAR,RW-Waist,200.0,accuracy,0.3553240597248077,1e-1
ResNet-1D,1e-3,RW-Waist,MLP,Full Finetune,HAR,RW-Waist,1.0,accuracy,0.4726080298423767,1e-3
CNN PF,1e-4,RW-Waist,MLP,Full Finetune,HAR,RW-Waist,100.0,accuracy,0.6705247163772583,1e-4
ResNet-1D,1e-4,KH,MLP,Full Finetune,HAR,KH,1000.0,accuracy,0.6388888955116272,1e-4
CNN PF,1e-5,RW-Waist,MLP,Full Finetune,HAR,RW-Waist,100.0,accuracy,0.6925154328346252,1e-5
IMU Transformer,1e-3,KH,MLP,Full Finetune,HAR,KH,10.0,accuracy,0.5625,1e-3
IMU Transformer,1e-1,UCI,MLP,Full Finetune,HAR,UCI,50.0,accuracy,0.2000000029802322,1e-1
CNN PF,1e-1,RW-Waist,MLP,Full Finetune,HAR,RW-Waist,10.0,accuracy,0.2476851791143417,1e-1
IMU Transformer,1e-5,RW-Waist,MLP,Full Finetune,HAR,RW-Waist,5.0,accuracy,0.463348776102066,1e-5
ResNet-1D,1e-3,RW-Thigh,MLP,Full Finetune,HAR,RW-Thigh,50.0,accuracy,0.6808143258094788,1e-3
ResNet-1D,1e-5,RW-Thigh,MLP,Full Finetune,HAR,RW-Thigh,25.0,accuracy,0.4955141544342041,1e-5
ResNet-1D,1e-5,RW-Waist,MLP,Full Finetune,HAR,RW-Waist,100.0,accuracy,0.7145061492919922,1e-5
IMU Transformer,1e-3,RW-Thigh,MLP,Full Finetune,HAR,RW-Thigh,200.0,accuracy,0.5048308968544006,1e-3
CNN PF,1e-3,RW-Waist,MLP,Full Finetune,HAR,RW-Waist,25.0,accuracy,0.6863425970077515,1e-3
IMU Transformer,1e-4,WISDM,MLP,Full Finetune,HAR,WISDM,1000.0,accuracy,0.7300307154655457,1e-4
ResNet-1D,1e-5,RW-Waist,MLP,Full Finetune,HAR,RW-Waist,10.0,accuracy,0.4517746865749359,1e-5
ResNet-1D,1e-3,WISDM,MLP,Full Finetune,HAR,WISDM,5.0,accuracy,0.6459293365478516,1e-3
CNN PF,1e-3,RW-Thigh,MLP,Full Finetune,HAR,RW-Thigh,25.0,accuracy,0.6104210019111633,1e-3
CNN PF,1e-3,MS,MLP,Full Finetune,HAR,MS,25.0,accuracy,0.7843691110610962,1e-3
ResNet-1D,1e-1,RW-Waist,MLP,Full Finetune,HAR,RW-Waist,1000.0,accuracy,0.6948302388191223,1e-1
CNN PF,1e-5,MS,MLP,Full Finetune,HAR,MS,10.0,accuracy,0.1760828644037246,1e-5
IMU Transformer,1e-3,UCI,MLP,Full Finetune,HAR,UCI,10.0,accuracy,0.7231884002685547,1e-3
IMU Transformer,1e-1,RW-Waist,MLP,Full Finetune,HAR,RW-Waist,5.0,accuracy,0.1666666716337204,1e-1
ResNet-1D,1e-3,KH,MLP,Full Finetune,HAR,KH,25.0,accuracy,0.5972222089767456,1e-3
ResNet-1D,1e-5,MS,MLP,Full Finetune,HAR,MS,1.0,accuracy,0.4689265489578247,1e-5
CNN PF,1e-5,UCI,MLP,Full Finetune,HAR,UCI,10.0,accuracy,0.2507246434688568,1e-5
ResNet-1D,1e-3,KH,MLP,Full Finetune,HAR,KH,5.0,accuracy,0.6180555820465088,1e-3
IMU Transformer,1e-3,UCI,MLP,Full Finetune,HAR,UCI,50.0,accuracy,0.739130437374115,1e-3
ResNet-1D,1e-1,MS,MLP,Full Finetune,HAR,MS,25.0,accuracy,0.6365348696708679,1e-1
IMU Transformer,1e-2,KH,MLP,Full Finetune,HAR,KH,50.0,accuracy,0.3333333432674408,1e-2
CNN PF,1e-1,UCI,MLP,Full Finetune,HAR,UCI,1000.0,accuracy,0.508695662021637,1e-1
ResNet-1D,1e-2,UCI,MLP,Full Finetune,HAR,UCI,5.0,accuracy,0.7768115997314453,1e-2
ResNet-1D,1e-4,KH,MLP,Full Finetune,HAR,KH,1.0,accuracy,0.4583333432674408,1e-4
ResNet-1D,1e-3,RW-Thigh,MLP,Full Finetune,HAR,RW-Thigh,200.0,accuracy,0.6714975833892822,1e-3
CNN PF,1e-2,UCI,MLP,Full Finetune,HAR,UCI,1000.0,accuracy,0.9072463512420654,1e-2
ResNet-1D,1e-5,MS,MLP,Full Finetune,HAR,MS,5.0,accuracy,0.4934086501598358,1e-5
ResNet-1D,1e-2,UCI,MLP,Full Finetune,HAR,UCI,50.0,accuracy,0.8086956739425659,1e-2
CNN PF,1e-3,KH,MLP,Full Finetune,HAR,KH,100.0,accuracy,0.5902777910232544,1e-3
IMU Transformer,1e-1,RW-Thigh,MLP,Full Finetune,HAR,RW-Thigh,5.0,accuracy,0.1666666716337204,1e-1
CNN PF,1e-1,RW-Waist,MLP,Full Finetune,HAR,RW-Waist,50.0,accuracy,0.1666666716337204,1e-1
IMU Transformer,1e-5,RW-Thigh,MLP,Full Finetune,HAR,RW-Thigh,200.0,accuracy,0.5921325087547302,1e-5
IMU Transformer,1e-1,KH,MLP,Full Finetune,HAR,KH,100.0,accuracy,0.1666666716337204,1e-1
IMU Transformer,1e-5,WISDM,MLP,Full Finetune,HAR,WISDM,5.0,accuracy,0.5007680654525757,1e-5
IMU Transformer,1e-4,RW-Thigh,MLP,Full Finetune,HAR,RW-Thigh,50.0,accuracy,0.6111111044883728,1e-4
IMU Transformer,1e-4,RW-Waist,MLP,Full Finetune,HAR,RW-Waist,200.0,accuracy,0.6481481194496155,1e-4
ResNet-1D,1e-3,RW-Waist,MLP,Full Finetune,HAR,RW-Waist,25.0,accuracy,0.7025462985038757,1e-3
CNN PF,1e-2,RW-Thigh,MLP,Full Finetune,HAR,RW-Thigh,1000.0,accuracy,0.7895100116729736,1e-2
IMU Transformer,1e-3,KH,MLP,Full Finetune,HAR,KH,50.0,accuracy,0.4930555522441864,1e-3
IMU Transformer,1e-4,KH,MLP,Full Finetune,HAR,KH,100.0,accuracy,0.6736111044883728,1e-4
ResNet-1D,1e-2,MS,MLP,Full Finetune,HAR,MS,10.0,accuracy,0.6751412153244019,1e-2
ResNet-1D,1e-1,KH,MLP,Full Finetune,HAR,KH,5.0,accuracy,0.375,1e-1
CNN PF,1e-4,RW-Thigh,MLP,Full Finetune,HAR,RW-Thigh,10.0,accuracy,0.4658385217189789,1e-4
CNN PF,1e-3,RW-Thigh,MLP,Full Finetune,HAR,RW-Thigh,1000.0,accuracy,0.724982738494873,1e-3
IMU Transformer,1e-3,RW-Thigh,MLP,Full Finetune,HAR,RW-Thigh,1000.0,accuracy,0.4009661972522735,1e-3
IMU Transformer,1e-2,WISDM,MLP,Full Finetune,HAR,WISDM,10.0,accuracy,0.4961597621440887,1e-2
CNN PF,1e-3,WISDM,MLP,Full Finetune,HAR,WISDM,25.0,accuracy,0.738095223903656,1e-3
CNN PF,1e-5,KH,MLP,Full Finetune,HAR,KH,1.0,accuracy,0.3333333432674408,1e-5
IMU Transformer,1e-5,RW-Thigh,MLP,Full Finetune,HAR,RW-Thigh,10.0,accuracy,0.4164941310882568,1e-5
ResNet-1D,1e-3,RW-Thigh,MLP,Full Finetune,HAR,RW-Thigh,10.0,accuracy,0.590062141418457,1e-3
ResNet-1D,1e-4,MS,MLP,Full Finetune,HAR,MS,50.0,accuracy,0.8493408560752869,1e-4
CNN PF,1e-5,KH,MLP,Full Finetune,HAR,KH,5.0,accuracy,0.1805555522441864,1e-5
IMU Transformer,1e-5,WISDM,MLP,Full Finetune,HAR,WISDM,10.0,accuracy,0.5710445642471313,1e-5
ResNet-1D,1e-5,KH,MLP,Full Finetune,HAR,KH,1.0,accuracy,0.4375,1e-5
IMU Transformer,1e-4,RW-Thigh,MLP,Full Finetune,HAR,RW-Thigh,5.0,accuracy,0.4824016690254211,1e-4
IMU Transformer,1e-5,MS,MLP,Full Finetune,HAR,MS,1.0,accuracy,0.3926553726196289,1e-5
IMU Transformer,1e-2,WISDM,MLP,Full Finetune,HAR,WISDM,100.0,accuracy,0.25,1e-2
IMU Transformer,1e-5,WISDM,MLP,Full Finetune,HAR,WISDM,5.0,accuracy,0.4957757294178009,1e-5
CNN PF,1e-5,WISDM,MLP,Full Finetune,HAR,WISDM,100.0,accuracy,0.6954684853553772,1e-5
ResNet-1D,1e-3,KH,MLP,Full Finetune,HAR,KH,50.0,accuracy,0.6458333134651184,1e-3
ResNet-1D,1e-2,UCI,MLP,Full Finetune,HAR,UCI,1.0,accuracy,0.2000000029802322,1e-2
IMU Transformer,1e-5,KH,MLP,Full Finetune,HAR,KH,1.0,accuracy,0.4722222089767456,1e-5
CNN PF,1e-5,UCI,MLP,Full Finetune,HAR,UCI,10.0,accuracy,0.4115942120552063,1e-5
ResNet-1D,1e-2,RW-Waist,MLP,Full Finetune,HAR,RW-Waist,200.0,accuracy,0.6589506268501282,1e-2
IMU Transformer,1e-5,MS,MLP,Full Finetune,HAR,MS,200.0,accuracy,0.7843691110610962,1e-5
ResNet-1D,1e-2,UCI,MLP,Full Finetune,HAR,UCI,50.0,accuracy,0.8797101378440857,1e-2
IMU Transformer,1e-1,MS,MLP,Full Finetune,HAR,MS,50.0,accuracy,0.1666666716337204,1e-1
ResNet-1D,1e-2,KH,MLP,Full Finetune,HAR,KH,10.0,accuracy,0.5,1e-2
CNN PF,1e-1,MS,MLP,Full Finetune,HAR,MS,100.0,accuracy,0.451977401971817,1e-1
CNN PF,1e-1,RW-Thigh,MLP,Full Finetune,HAR,RW-Thigh,1.0,accuracy,0.1732229143381118,1e-1
CNN PF,1e-5,RW-Waist,MLP,Full Finetune,HAR,RW-Waist,100.0,accuracy,0.6932870149612427,1e-5
IMU Transformer,1e-1,UCI,MLP,Full Finetune,HAR,UCI,100.0,accuracy,0.2000000029802322,1e-1
ResNet-1D,1e-2,MS,MLP,Full Finetune,HAR,MS,25.0,accuracy,0.7476459741592407,1e-2
IMU Transformer,1e-1,UCI,MLP,Full Finetune,HAR,UCI,5.0,accuracy,0.2000000029802322,1e-1
IMU Transformer,1e-1,RW-Waist,MLP,Full Finetune,HAR,RW-Waist,50.0,accuracy,0.1666666716337204,1e-1
CNN PF,1e-4,RW-Thigh,MLP,Full Finetune,HAR,RW-Thigh,200.0,accuracy,0.7094547748565674,1e-4
IMU Transformer,1e-2,WISDM,MLP,Full Finetune,HAR,WISDM,25.0,accuracy,0.4965437650680542,1e-2
ResNet-1D,1e-2,MS,MLP,Full Finetune,HAR,MS,50.0,accuracy,0.8323917388916016,1e-2
CNN PF,1e-1,KH,MLP,Full Finetune,HAR,KH,100.0,accuracy,0.3333333432674408,1e-1
IMU Transformer,1e-3,KH,MLP,Full Finetune,HAR,KH,100.0,accuracy,0.5069444179534912,1e-3
IMU Transformer,1e-3,KH,MLP,Full Finetune,HAR,KH,25.0,accuracy,0.5416666865348816,1e-3
CNN PF,1e-4,WISDM,MLP,Full Finetune,HAR,WISDM,1.0,accuracy,0.5706605315208435,1e-4
IMU Transformer,1e-2,WISDM,MLP,Full Finetune,HAR,WISDM,5.0,accuracy,0.25,1e-2
ResNet-1D,1e-5,RW-Waist,MLP,Full Finetune,HAR,RW-Waist,200.0,accuracy,0.689428985118866,1e-5
ResNet-1D,1e-3,RW-Thigh,MLP,Full Finetune,HAR,RW-Thigh,200.0,accuracy,0.6542443037033081,1e-3
ResNet-1D,1e-1,MS,MLP,Full Finetune,HAR,MS,1000.0,accuracy,0.7231638431549072,1e-1
ResNet-1D,1e-3,WISDM,MLP,Full Finetune,HAR,WISDM,200.0,accuracy,0.7999231815338135,1e-3
CNN PF,1e-1,RW-Waist,MLP,Full Finetune,HAR,RW-Waist,100.0,accuracy,0.3283179104328155,1e-1
CNN PF,1e-4,RW-Thigh,MLP,Full Finetune,HAR,RW-Thigh,10.0,accuracy,0.5213940739631653,1e-4
ResNet-1D,1e-5,UCI,MLP,Full Finetune,HAR,UCI,200.0,accuracy,0.8115941882133484,1e-5
CNN PF,1e-1,WISDM,MLP,Full Finetune,HAR,WISDM,50.0,accuracy,0.5168970823287964,1e-1
ResNet-1D,1e-4,UCI,MLP,Full Finetune,HAR,UCI,1.0,accuracy,0.47826087474823,1e-4
ResNet-1D,1e-2,UCI,MLP,Full Finetune,HAR,UCI,200.0,accuracy,0.9463768005371094,1e-2
ResNet-1D,1e-2,RW-Waist,MLP,Full Finetune,HAR,RW-Waist,100.0,accuracy,0.6936728358268738,1e-2
IMU Transformer,1e-1,UCI,MLP,Full Finetune,HAR,UCI,25.0,accuracy,0.2000000029802322,1e-1
CNN PF,1e-4,RW-Thigh,MLP,Full Finetune,HAR,RW-Thigh,50.0,accuracy,0.724982738494873,1e-4
ResNet-1D,1e-3,RW-Thigh,MLP,Full Finetune,HAR,RW-Thigh,50.0,accuracy,0.7084196209907532,1e-3
ResNet-1D,1e-2,KH,MLP,Full Finetune,HAR,KH,5.0,accuracy,0.5347222089767456,1e-2
ResNet-1D,1e-3,MS,MLP,Full Finetune,HAR,MS,1000.0,accuracy,0.8662900328636169,1e-3
IMU Transformer,1e-1,KH,MLP,Full Finetune,HAR,KH,10.0,accuracy,0.1666666716337204,1e-1
CNN PF,1e-1,RW-Thigh,MLP,Full Finetune,HAR,RW-Thigh,1000.0,accuracy,0.3274672329425812,1e-1
CNN PF,1e-2,UCI,MLP,Full Finetune,HAR,UCI,200.0,accuracy,0.8840579986572266,1e-2
CNN PF,1e-3,RW-Waist,MLP,Full Finetune,HAR,RW-Waist,1000.0,accuracy,0.685571014881134,1e-3
IMU Transformer,1e-5,MS,MLP,Full Finetune,HAR,MS,50.0,accuracy,0.7306967973709106,1e-5
CNN PF,1e-4,KH,MLP,Full Finetune,HAR,KH,50.0,accuracy,0.6041666865348816,1e-4
IMU Transformer,1e-4,KH,MLP,Full Finetune,HAR,KH,50.0,accuracy,0.5277777910232544,1e-4
IMU Transformer,1e-4,MS,MLP,Full Finetune,HAR,MS,50.0,accuracy,0.7306967973709106,1e-4
ResNet-1D,1e-4,MS,MLP,Full Finetune,HAR,MS,25.0,accuracy,0.8757061958312988,1e-4
CNN PF,1e-3,RW-Thigh,MLP,Full Finetune,HAR,RW-Thigh,50.0,accuracy,0.6859903335571289,1e-3
ResNet-1D,1e-2,WISDM,MLP,Full Finetune,HAR,WISDM,50.0,accuracy,0.7073732614517212,1e-2
ResNet-1D,1e-3,UCI,MLP,Full Finetune,HAR,UCI,1000.0,accuracy,0.9681159257888794,1e-3
ResNet-1D,1e-2,UCI,MLP,Full Finetune,HAR,UCI,1000.0,accuracy,0.9579710364341736,1e-2
IMU Transformer,1e-1,WISDM,MLP,Full Finetune,HAR,WISDM,10.0,accuracy,0.25,1e-1
CNN PF,1e-3,UCI,MLP,Full Finetune,HAR,UCI,5.0,accuracy,0.6144927740097046,1e-3
CNN PF,1e-3,KH,MLP,Full Finetune,HAR,KH,1.0,accuracy,0.1666666716337204,1e-3
IMU Transformer,1e-2,UCI,MLP,Full Finetune,HAR,UCI,10.0,accuracy,0.2000000029802322,1e-2
ResNet-1D,1e-5,MS,MLP,Full Finetune,HAR,MS,100.0,accuracy,0.8483992218971252,1e-5
CNN PF,1e-2,UCI,MLP,Full Finetune,HAR,UCI,100.0,accuracy,0.8594202995300293,1e-2
CNN PF,1e-5,MS,MLP,Full Finetune,HAR,MS,1000.0,accuracy,0.8474576473236084,1e-5
IMU Transformer,1e-4,UCI,MLP,Full Finetune,HAR,UCI,200.0,accuracy,0.782608687877655,1e-4
IMU Transformer,1e-4,UCI,MLP,Full Finetune,HAR,UCI,50.0,accuracy,0.769565224647522,1e-4
IMU Transformer,1e-2,UCI,MLP,Full Finetune,HAR,UCI,100.0,accuracy,0.2000000029802322,1e-2
ResNet-1D,1e-5,RW-Waist,MLP,Full Finetune,HAR,RW-Waist,200.0,accuracy,0.7044752836227417,1e-5
CNN PF,1e-4,RW-Waist,MLP,Full Finetune,HAR,RW-Waist,5.0,accuracy,0.5798611044883728,1e-4
ResNet-1D,1e-4,UCI,MLP,Full Finetune,HAR,UCI,100.0,accuracy,0.91304349899292,1e-4
CNN PF,1e-5,RW-Thigh,MLP,Full Finetune,HAR,RW-Thigh,100.0,accuracy,0.5645272731781006,1e-5
CNN PF,1e-1,UCI,MLP,Full Finetune,HAR,UCI,200.0,accuracy,0.4826087057590484,1e-1
CNN PF,1e-3,WISDM,MLP,Full Finetune,HAR,WISDM,25.0,accuracy,0.7484639286994934,1e-3
ResNet-1D,1e-4,RW-Waist,MLP,Full Finetune,HAR,RW-Waist,1000.0,accuracy,0.7156635522842407,1e-4
ResNet-1D,1e-5,MS,MLP,Full Finetune,HAR,MS,1000.0,accuracy,0.8276836276054382,1e-5
ResNet-1D,1e-5,RW-Thigh,MLP,Full Finetune,HAR,RW-Thigh,50.0,accuracy,0.6204279065132141,1e-5
ResNet-1D,1e-5,RW-Thigh,MLP,Full Finetune,HAR,RW-Thigh,1000.0,accuracy,0.7908902764320374,1e-5
IMU Transformer,1e-3,WISDM,MLP,Full Finetune,HAR,WISDM,50.0,accuracy,0.7192780375480652,1e-3
ResNet-1D,1e-1,WISDM,MLP,Full Finetune,HAR,WISDM,1000.0,accuracy,0.7400153875350952,1e-1
ResNet-1D,1e-5,KH,MLP,Full Finetune,HAR,KH,25.0,accuracy,0.6736111044883728,1e-5
IMU Transformer,1e-3,WISDM,MLP,Full Finetune,HAR,WISDM,1000.0,accuracy,0.687019944190979,1e-3
IMU Transformer,1e-2,WISDM,MLP,Full Finetune,HAR,WISDM,25.0,accuracy,0.25,1e-2
IMU Transformer,1e-3,RW-Thigh,MLP,Full Finetune,HAR,RW-Thigh,1000.0,accuracy,0.5,1e-3
CNN PF,1e-4,RW-Waist,MLP,Full Finetune,HAR,RW-Waist,10.0,accuracy,0.6392747163772583,1e-4
IMU Transformer,1e-3,WISDM,MLP,Full Finetune,HAR,WISDM,50.0,accuracy,0.7023809552192688,1e-3
ResNet-1D,1e-5,UCI,MLP,Full Finetune,HAR,UCI,50.0,accuracy,0.7681159377098083,1e-5
CNN PF,1e-4,MS,MLP,Full Finetune,HAR,MS,200.0,accuracy,0.8578154444694519,1e-4
ResNet-1D,1e-2,MS,MLP,Full Finetune,HAR,MS,5.0,accuracy,0.6619585752487183,1e-2
ResNet-1D,1e-2,RW-Waist,MLP,Full Finetune,HAR,RW-Waist,25.0,accuracy,0.5767747163772583,1e-2
ResNet-1D,1e-1,KH,MLP,Full Finetune,HAR,KH,50.0,accuracy,0.5833333134651184,1e-1
CNN PF,1e-1,RW-Thigh,MLP,Full Finetune,HAR,RW-Thigh,1.0,accuracy,0.1766735613346099,1e-1
CNN PF,1e-1,KH,MLP,Full Finetune,HAR,KH,100.0,accuracy,0.3194444477558136,1e-1
ResNet-1D,1e-1,MS,MLP,Full Finetune,HAR,MS,5.0,accuracy,0.526365339756012,1e-1
IMU Transformer,1e-4,RW-Waist,MLP,Full Finetune,HAR,RW-Waist,5.0,accuracy,0.5231481194496155,1e-4
CNN PF,1e-5,KH,MLP,Full Finetune,HAR,KH,200.0,accuracy,0.4305555522441864,1e-5
CNN PF,1e-3,WISDM,MLP,Full Finetune,HAR,WISDM,5.0,accuracy,0.5130568146705627,1e-3
CNN PF,1e-5,WISDM,MLP,Full Finetune,HAR,WISDM,50.0,accuracy,0.5061444044113159,1e-5
ResNet-1D,1e-5,RW-Waist,MLP,Full Finetune,HAR,RW-Waist,5.0,accuracy,0.4764660596847534,1e-5
ResNet-1D,1e-2,RW-Thigh,MLP,Full Finetune,HAR,RW-Thigh,50.0,accuracy,0.6959972381591797,1e-2
ResNet-1D,1e-2,RW-Waist,MLP,Full Finetune,HAR,RW-Waist,50.0,accuracy,0.6709104776382446,1e-2
IMU Transformer,1e-4,WISDM,MLP,Full Finetune,HAR,WISDM,100.0,accuracy,0.6674346923828125,1e-4
IMU Transformer,1e-5,WISDM,MLP,Full Finetune,HAR,WISDM,50.0,accuracy,0.7392473220825195,1e-5
IMU Transformer,1e-1,MS,MLP,Full Finetune,HAR,MS,1.0,accuracy,0.1666666716337204,1e-1
IMU Transformer,1e-1,MS,MLP,Full Finetune,HAR,MS,1.0,accuracy,0.1666666716337204,1e-1
CNN PF,1e-3,WISDM,MLP,Full Finetune,HAR,WISDM,1.0,accuracy,0.3375576138496399,1e-3
IMU Transformer,1e-5,WISDM,MLP,Full Finetune,HAR,WISDM,5.0,accuracy,0.4988479316234588,1e-5
IMU Transformer,1e-2,MS,MLP,Full Finetune,HAR,MS,200.0,accuracy,0.3314501047134399,1e-2
ResNet-1D,1e-4,UCI,MLP,Full Finetune,HAR,UCI,50.0,accuracy,0.8898550868034363,1e-4
IMU Transformer,1e-2,WISDM,MLP,Full Finetune,HAR,WISDM,200.0,accuracy,0.25,1e-2
ResNet-1D,1e-2,RW-Thigh,MLP,Full Finetune,HAR,RW-Thigh,100.0,accuracy,0.658730149269104,1e-2
ResNet-1D,1e-4,WISDM,MLP,Full Finetune,HAR,WISDM,1000.0,accuracy,0.828341007232666,1e-4
IMU Transformer,1e-2,MS,MLP,Full Finetune,HAR,MS,100.0,accuracy,0.3314501047134399,1e-2
ResNet-1D,1e-4,KH,MLP,Full Finetune,HAR,KH,100.0,accuracy,0.5833333134651184,1e-4
IMU Transformer,1e-3,WISDM,MLP,Full Finetune,HAR,WISDM,25.0,accuracy,0.7776497602462769,1e-3
CNN PF,1e-3,RW-Thigh,MLP,Full Finetune,HAR,RW-Thigh,10.0,accuracy,0.536922037601471,1e-3
ResNet-1D,1e-1,KH,MLP,Full Finetune,HAR,KH,200.0,accuracy,0.7569444179534912,1e-1
CNN PF,1e-3,WISDM,MLP,Full Finetune,HAR,WISDM,50.0,accuracy,0.7000768184661865,1e-3
ResNet-1D,1e-3,RW-Waist,MLP,Full Finetune,HAR,RW-Waist,1.0,accuracy,0.454089492559433,1e-3
IMU Transformer,1e-4,WISDM,MLP,Full Finetune,HAR,WISDM,10.0,accuracy,0.7288786768913269,1e-4
ResNet-1D,1e-2,UCI,MLP,Full Finetune,HAR,UCI,25.0,accuracy,0.791304349899292,1e-2
CNN PF,1e-4,MS,MLP,Full Finetune,HAR,MS,10.0,accuracy,0.5800376534461975,1e-4
ResNet-1D,1e-2,RW-Waist,MLP,Full Finetune,HAR,RW-Waist,50.0,accuracy,0.6219135522842407,1e-2
CNN PF,1e-3,RW-Waist,MLP,Full Finetune,HAR,RW-Waist,1000.0,accuracy,0.6902006268501282,1e-3
ResNet-1D,1e-3,WISDM,MLP,Full Finetune,HAR,WISDM,10.0,accuracy,0.7388632893562317,1e-3
ResNet-1D,1e-1,MS,MLP,Full Finetune,HAR,MS,1.0,accuracy,0.4067796468734741,1e-1
CNN PF,1e-4,RW-Thigh,MLP,Full Finetune,HAR,RW-Thigh,1.0,accuracy,0.3419599831104278,1e-4
ResNet-1D,1e-2,MS,MLP,Full Finetune,HAR,MS,5.0,accuracy,0.6290018558502197,1e-2
CNN PF,1e-1,RW-Thigh,MLP,Full Finetune,HAR,RW-Thigh,25.0,accuracy,0.2715665996074676,1e-1
ResNet-1D,1e-3,WISDM,MLP,Full Finetune,HAR,WISDM,200.0,accuracy,0.828341007232666,1e-3
CNN PF,1e-4,UCI,MLP,Full Finetune,HAR,UCI,1000.0,accuracy,0.9028985500335692,1e-4
CNN PF,1e-2,MS,MLP,Full Finetune,HAR,MS,25.0,accuracy,0.473634660243988,1e-2
IMU Transformer,1e-1,UCI,MLP,Full Finetune,HAR,UCI,200.0,accuracy,0.2000000029802322,1e-1
IMU Transformer,1e-1,RW-Thigh,MLP,Full Finetune,HAR,RW-Thigh,25.0,accuracy,0.1666666716337204,1e-1
CNN PF,1e-2,WISDM,MLP,Full Finetune,HAR,WISDM,1.0,accuracy,0.4189708232879638,1e-2
IMU Transformer,1e-4,RW-Thigh,MLP,Full Finetune,HAR,RW-Thigh,100.0,accuracy,0.6704623699188232,1e-4
ResNet-1D,1e-1,UCI,MLP,Full Finetune,HAR,UCI,25.0,accuracy,0.7652173638343811,1e-1
CNN PF,1e-1,RW-Waist,MLP,Full Finetune,HAR,RW-Waist,1.0,accuracy,0.2314814776182174,1e-1
CNN PF,1e-4,KH,MLP,Full Finetune,HAR,KH,10.0,accuracy,0.2361111044883728,1e-4
ResNet-1D,1e-1,RW-Waist,MLP,Full Finetune,HAR,RW-Waist,100.0,accuracy,0.6369598507881165,1e-1
CNN PF,1e-1,KH,MLP,Full Finetune,HAR,KH,25.0,accuracy,0.3333333432674408,1e-1
CNN PF,1e-1,WISDM,MLP,Full Finetune,HAR,WISDM,10.0,accuracy,0.530337929725647,1e-1
CNN PF,1e-2,RW-Waist,MLP,Full Finetune,HAR,RW-Waist,5.0,accuracy,0.4938271641731262,1e-2
ResNet-1D,1e-4,RW-Waist,MLP,Full Finetune,HAR,RW-Waist,100.0,accuracy,0.6280864477157593,1e-4
ResNet-1D,1e-4,WISDM,MLP,Full Finetune,HAR,WISDM,25.0,accuracy,0.7246543765068054,1e-4
IMU Transformer,1e-2,RW-Thigh,MLP,Full Finetune,HAR,RW-Thigh,1.0,accuracy,0.3040027618408203,1e-2
ResNet-1D,1e-5,RW-Waist,MLP,Full Finetune,HAR,RW-Waist,1000.0,accuracy,0.7318673133850098,1e-5
IMU Transformer,1e-1,WISDM,MLP,Full Finetune,HAR,WISDM,10.0,accuracy,0.25,1e-1
IMU Transformer,1e-5,UCI,MLP,Full Finetune,HAR,UCI,100.0,accuracy,0.752173900604248,1e-5
IMU Transformer,1e-3,MS,MLP,Full Finetune,HAR,MS,50.0,accuracy,0.7391713857650757,1e-3
IMU Transformer,1e-3,RW-Thigh,MLP,Full Finetune,HAR,RW-Thigh,50.0,accuracy,0.5213940739631653,1e-3
ResNet-1D,1e-5,MS,MLP,Full Finetune,HAR,MS,100.0,accuracy,0.8069679737091064,1e-5
IMU Transformer,1e-4,UCI,MLP,Full Finetune,HAR,UCI,200.0,accuracy,0.7753623127937317,1e-4
ResNet-1D,1e-5,RW-Thigh,MLP,Full Finetune,HAR,RW-Thigh,25.0,accuracy,0.5296756625175476,1e-5
CNN PF,1e-1,UCI,MLP,Full Finetune,HAR,UCI,50.0,accuracy,0.4115942120552063,1e-1
ResNet-1D,1e-1,KH,MLP,Full Finetune,HAR,KH,10.0,accuracy,0.5972222089767456,1e-1
ResNet-1D,1e-3,WISDM,MLP,Full Finetune,HAR,WISDM,50.0,accuracy,0.7837941646575928,1e-3
CNN PF,1e-2,RW-Thigh,MLP,Full Finetune,HAR,RW-Thigh,1.0,accuracy,0.3285024166107178,1e-2
ResNet-1D,1e-3,MS,MLP,Full Finetune,HAR,MS,10.0,accuracy,0.7288135886192322,1e-3
IMU Transformer,1e-3,WISDM,MLP,Full Finetune,HAR,WISDM,25.0,accuracy,0.719662070274353,1e-3
ResNet-1D,1e-1,WISDM,MLP,Full Finetune,HAR,WISDM,5.0,accuracy,0.687019944190979,1e-1
ResNet-1D,1e-4,UCI,MLP,Full Finetune,HAR,UCI,50.0,accuracy,0.834782600402832,1e-4
IMU Transformer,1e-5,RW-Waist,MLP,Full Finetune,HAR,RW-Waist,1.0,accuracy,0.474537044763565,1e-5
IMU Transformer,1e-2,KH,MLP,Full Finetune,HAR,KH,5.0,accuracy,0.3333333432674408,1e-2
IMU Transformer,1e-3,UCI,MLP,Full Finetune,HAR,UCI,25.0,accuracy,0.7666666507720947,1e-3
CNN PF,1e-4,KH,MLP,Full Finetune,HAR,KH,200.0,accuracy,0.5486111044883728,1e-4
CNN PF,1e-2,KH,MLP,Full Finetune,HAR,KH,1.0,accuracy,0.1666666716337204,1e-2
CNN PF,1e-1,KH,MLP,Full Finetune,HAR,KH,100.0,accuracy,0.4583333432674408,1e-1
CNN PF,1e-4,MS,MLP,Full Finetune,HAR,MS,200.0,accuracy,0.8135592937469482,1e-4
ResNet-1D,1e-2,MS,MLP,Full Finetune,HAR,MS,1.0,accuracy,0.6016949415206909,1e-2
ResNet-1D,1e-1,RW-Waist,MLP,Full Finetune,HAR,RW-Waist,1.0,accuracy,0.3244598805904388,1e-1
IMU Transformer,1e-3,RW-Waist,MLP,Full Finetune,HAR,RW-Waist,1000.0,accuracy,0.6130401492118835,1e-3
CNN PF,1e-3,RW-Waist,MLP,Full Finetune,HAR,RW-Waist,100.0,accuracy,0.665123462677002,1e-3
CNN PF,1e-5,UCI,MLP,Full Finetune,HAR,UCI,50.0,accuracy,0.6739130616188049,1e-5
CNN PF,1e-5,RW-Thigh,MLP,Full Finetune,HAR,RW-Thigh,1.0,accuracy,0.1680469214916229,1e-5
ResNet-1D,1e-3,RW-Thigh,MLP,Full Finetune,HAR,RW-Thigh,1000.0,accuracy,0.7636300921440125,1e-3
CNN PF,1e-5,RW-Waist,MLP,Full Finetune,HAR,RW-Waist,50.0,accuracy,0.5945215821266174,1e-5
CNN PF,1e-3,RW-Waist,MLP,Full Finetune,HAR,RW-Waist,1.0,accuracy,0.508873462677002,1e-3
CNN PF,1e-3,KH,MLP,Full Finetune,HAR,KH,5.0,accuracy,0.3194444477558136,1e-3
ResNet-1D,1e-2,WISDM,MLP,Full Finetune,HAR,WISDM,1.0,accuracy,0.4485407173633575,1e-2
CNN PF,1e-2,MS,MLP,Full Finetune,HAR,MS,5.0,accuracy,0.3615819215774536,1e-2
CNN PF,1e-3,WISDM,MLP,Full Finetune,HAR,WISDM,200.0,accuracy,0.8033794164657593,1e-3
IMU Transformer,1e-5,UCI,MLP,Full Finetune,HAR,UCI,1.0,accuracy,0.4405797123908996,1e-5
ResNet-1D,1e-4,MS,MLP,Full Finetune,HAR,MS,10.0,accuracy,0.7551789283752441,1e-4
CNN PF,1e-1,MS,MLP,Full Finetune,HAR,MS,1000.0,accuracy,0.4858756959438324,1e-1
CNN PF,1e-1,RW-Thigh,MLP,Full Finetune,HAR,RW-Thigh,50.0,accuracy,0.3509316742420196,1e-1
IMU Transformer,1e-1,MS,MLP,Full Finetune,HAR,MS,10.0,accuracy,0.1666666716337204,1e-1
CNN PF,1e-4,WISDM,MLP,Full Finetune,HAR,WISDM,10.0,accuracy,0.6428571343421936,1e-4
ResNet-1D,1e-5,RW-Thigh,MLP,Full Finetune,HAR,RW-Thigh,25.0,accuracy,0.5006901025772095,1e-5
ResNet-1D,1e-4,MS,MLP,Full Finetune,HAR,MS,10.0,accuracy,0.709039568901062,1e-4
IMU Transformer,1e-2,KH,MLP,Full Finetune,HAR,KH,5.0,accuracy,0.3333333432674408,1e-2
ResNet-1D,1e-2,KH,MLP,Full Finetune,HAR,KH,50.0,accuracy,0.5,1e-2
CNN PF,1e-2,WISDM,MLP,Full Finetune,HAR,WISDM,1000.0,accuracy,0.8310291767120361,1e-2
IMU Transformer,1e-5,MS,MLP,Full Finetune,HAR,MS,25.0,accuracy,0.6120527386665344,1e-5
IMU Transformer,1e-5,RW-Waist,MLP,Full Finetune,HAR,RW-Waist,100.0,accuracy,0.5960648059844971,1e-5
IMU Transformer,1e-5,WISDM,MLP,Full Finetune,HAR,WISDM,1.0,accuracy,0.4792626798152923,1e-5
ResNet-1D,1e-4,RW-Thigh,MLP,Full Finetune,HAR,RW-Thigh,1000.0,accuracy,0.6373360753059387,1e-4
IMU Transformer,1e-2,UCI,MLP,Full Finetune,HAR,UCI,200.0,accuracy,0.4000000059604645,1e-2
IMU Transformer,1e-5,WISDM,MLP,Full Finetune,HAR,WISDM,200.0,accuracy,0.735023021697998,1e-5
ResNet-1D,1e-5,UCI,MLP,Full Finetune,HAR,UCI,25.0,accuracy,0.7420290112495422,1e-5
IMU Transformer,1e-3,MS,MLP,Full Finetune,HAR,MS,50.0,accuracy,0.4934086501598358,1e-3
IMU Transformer,1e-5,KH,MLP,Full Finetune,HAR,KH,100.0,accuracy,0.6180555820465088,1e-5
CNN PF,1e-3,UCI,MLP,Full Finetune,HAR,UCI,1000.0,accuracy,0.95652174949646,1e-3
CNN PF,1e-5,MS,MLP,Full Finetune,HAR,MS,1000.0,accuracy,0.8587570786476135,1e-5
CNN PF,1e-5,MS,MLP,Full Finetune,HAR,MS,50.0,accuracy,0.5809792876243591,1e-5
CNN PF,1e-2,RW-Thigh,MLP,Full Finetune,HAR,RW-Thigh,25.0,accuracy,0.5020703673362732,1e-2
IMU Transformer,1e-5,RW-Waist,MLP,Full Finetune,HAR,RW-Waist,10.0,accuracy,0.4818672835826874,1e-5
CNN PF,1e-5,RW-Waist,MLP,Full Finetune,HAR,RW-Waist,5.0,accuracy,0.1412037014961242,1e-5
IMU Transformer,1e-3,WISDM,MLP,Full Finetune,HAR,WISDM,1.0,accuracy,0.4930875599384308,1e-3
ResNet-1D,1e-2,RW-Thigh,MLP,Full Finetune,HAR,RW-Thigh,1.0,accuracy,0.1031746044754982,1e-2
ResNet-1D,1e-5,RW-Waist,MLP,Full Finetune,HAR,RW-Waist,1000.0,accuracy,0.7202932238578796,1e-5
IMU Transformer,1e-2,KH,MLP,Full Finetune,HAR,KH,10.0,accuracy,0.3333333432674408,1e-2
IMU Transformer,1e-5,MS,MLP,Full Finetune,HAR,MS,100.0,accuracy,0.7259886860847473,1e-5
ResNet-1D,1e-2,WISDM,MLP,Full Finetune,HAR,WISDM,50.0,accuracy,0.7231183052062988,1e-2
ResNet-1D,1e-5,WISDM,MLP,Full Finetune,HAR,WISDM,1000.0,accuracy,0.8475422263145447,1e-5
CNN PF,1e-4,UCI,MLP,Full Finetune,HAR,UCI,50.0,accuracy,0.791304349899292,1e-4
ResNet-1D,1e-1,RW-Thigh,MLP,Full Finetune,HAR,RW-Thigh,100.0,accuracy,0.6473429799079895,1e-1
ResNet-1D,1e-4,RW-Thigh,MLP,Full Finetune,HAR,RW-Thigh,100.0,accuracy,0.7374051213264465,1e-4
CNN PF,1e-2,RW-Waist,MLP,Full Finetune,HAR,RW-Waist,1.0,accuracy,0.4552469253540039,1e-2
CNN PF,1e-2,RW-Thigh,MLP,Full Finetune,HAR,RW-Thigh,10.0,accuracy,0.3433402478694916,1e-2
CNN PF,1e-1,RW-Waist,MLP,Full Finetune,HAR,RW-Waist,1000.0,accuracy,0.2947530746459961,1e-1
CNN PF,1e-4,KH,MLP,Full Finetune,HAR,KH,100.0,accuracy,0.6875,1e-4
ResNet-1D,1e-4,WISDM,MLP,Full Finetune,HAR,WISDM,100.0,accuracy,0.831413209438324,1e-4
CNN PF,1e-1,WISDM,MLP,Full Finetune,HAR,WISDM,5.0,accuracy,0.4639016985893249,1e-1
CNN PF,1e-5,RW-Waist,MLP,Full Finetune,HAR,RW-Waist,100.0,accuracy,0.6952160596847534,1e-5
CNN PF,1e-2,RW-Waist,MLP,Full Finetune,HAR,RW-Waist,100.0,accuracy,0.6948302388191223,1e-2
IMU Transformer,1e-2,MS,MLP,Full Finetune,HAR,MS,1000.0,accuracy,0.3314501047134399,1e-2
IMU Transformer,1e-2,MS,MLP,Full Finetune,HAR,MS,25.0,accuracy,0.3314501047134399,1e-2
ResNet-1D,1e-4,RW-Waist,MLP,Full Finetune,HAR,RW-Waist,25.0,accuracy,0.6905864477157593,1e-4
ResNet-1D,1e-4,MS,MLP,Full Finetune,HAR,MS,200.0,accuracy,0.8069679737091064,1e-4
ResNet-1D,1e-1,UCI,MLP,Full Finetune,HAR,UCI,100.0,accuracy,0.769565224647522,1e-1
ResNet-1D,1e-4,UCI,MLP,Full Finetune,HAR,UCI,25.0,accuracy,0.7985507249832153,1e-4
IMU Transformer,1e-4,WISDM,MLP,Full Finetune,HAR,WISDM,50.0,accuracy,0.7162058353424072,1e-4
IMU Transformer,1e-4,RW-Waist,MLP,Full Finetune,HAR,RW-Waist,1.0,accuracy,0.4629629552364349,1e-4
IMU Transformer,1e-5,RW-Thigh,MLP,Full Finetune,HAR,RW-Thigh,100.0,accuracy,0.6017943620681763,1e-5
CNN PF,1e-5,RW-Waist,MLP,Full Finetune,HAR,RW-Waist,10.0,accuracy,0.147376537322998,1e-5
IMU Transformer,1e-1,RW-Thigh,MLP,Full Finetune,HAR,RW-Thigh,1.0,accuracy,0.1666666716337204,1e-1
IMU Transformer,1e-4,RW-Thigh,MLP,Full Finetune,HAR,RW-Thigh,5.0,accuracy,0.5169082283973694,1e-4
IMU Transformer,1e-5,RW-Thigh,MLP,Full Finetune,HAR,RW-Thigh,200.0,accuracy,0.622843325138092,1e-5
IMU Transformer,1e-2,RW-Thigh,MLP,Full Finetune,HAR,RW-Thigh,10.0,accuracy,0.3302277326583862,1e-2
IMU Transformer,1e-3,UCI,MLP,Full Finetune,HAR,UCI,50.0,accuracy,0.7985507249832153,1e-3
CNN PF,1e-5,MS,MLP,Full Finetune,HAR,MS,5.0,accuracy,0.1854990571737289,1e-5
RNN,1e-4,RW-Thigh,MLP,Full Finetune,HAR,RW-Thigh,100.0,accuracy,0.5638371109962463,1e-4
RNN,1e-2,WISDM,MLP,Full Finetune,HAR,WISDM,10.0,accuracy,0.4800307154655456,1e-2
RNN,1e-4,RW-Waist,MLP,Full Finetune,HAR,RW-Waist,1000.0,accuracy,0.6751543283462524,1e-4
RNN,1e-5,RW-Waist,MLP,Full Finetune,HAR,RW-Waist,100.0,accuracy,0.3769290149211883,1e-5
RNN,1e-1,KH,MLP,Full Finetune,HAR,KH,10.0,accuracy,0.25,1e-1
RNN,1e-3,KH,MLP,Full Finetune,HAR,KH,10.0,accuracy,0.3680555522441864,1e-3
RNN,1e-5,WISDM,MLP,Full Finetune,HAR,WISDM,200.0,accuracy,0.6263440847396851,1e-5
RNN,1e-3,UCI,MLP,Full Finetune,HAR,UCI,100.0,accuracy,0.782608687877655,1e-3
RNN,1e-2,KH,MLP,Full Finetune,HAR,KH,50.0,accuracy,0.4513888955116272,1e-2
RNN,1e-2,RW-Thigh,MLP,Full Finetune,HAR,RW-Thigh,1.0,accuracy,0.2670807540416717,1e-2
RNN,1e-5,MS,MLP,Full Finetune,HAR,MS,25.0,accuracy,0.3728813529014587,1e-5
RNN,1e-5,KH,MLP,Full Finetune,HAR,KH,1000.0,accuracy,0.5069444179534912,1e-5
RNN,1e-1,KH,MLP,Full Finetune,HAR,KH,200.0,accuracy,0.1666666716337204,1e-1
RNN,1e-1,WISDM,MLP,Full Finetune,HAR,WISDM,100.0,accuracy,0.25,1e-1
RNN,1e-3,WISDM,MLP,Full Finetune,HAR,WISDM,10.0,accuracy,0.5760368704795837,1e-3
RNN,1e-3,RW-Waist,MLP,Full Finetune,HAR,RW-Waist,10.0,accuracy,0.3537808656692505,1e-3
RNN,1e-1,RW-Waist,MLP,Full Finetune,HAR,RW-Waist,100.0,accuracy,0.1670524626970291,1e-1
RNN,1e-4,RW-Waist,MLP,Full Finetune,HAR,RW-Waist,5.0,accuracy,0.3260030746459961,1e-4
RNN,1e-4,UCI,MLP,Full Finetune,HAR,UCI,1000.0,accuracy,0.8231884241104126,1e-4
RNN,1e-4,WISDM,MLP,Full Finetune,HAR,WISDM,1000.0,accuracy,0.7119815945625305,1e-4
RNN,1e-3,RW-Thigh,MLP,Full Finetune,HAR,RW-Thigh,10.0,accuracy,0.455486536026001,1e-3
RNN,1e-1,KH,MLP,Full Finetune,HAR,KH,50.0,accuracy,0.1736111044883728,1e-1
RNN,1e-3,MS,MLP,Full Finetune,HAR,MS,200.0,accuracy,0.6930320262908936,1e-3
IMU Transformer,1e-1,WISDM,MLP,Full Finetune,HAR,WISDM,1000.0,accuracy,0.25,1e-1
CNN PF,1e-2,MS,MLP,Full Finetune,HAR,MS,10.0,accuracy,0.1666666716337204,1e-2
RNN,1e-2,UCI,MLP,Full Finetune,HAR,UCI,100.0,accuracy,0.7985507249832153,1e-2
RNN,1e-2,RW-Thigh,MLP,Full Finetune,HAR,RW-Thigh,100.0,accuracy,0.5117322206497192,1e-2
RNN,1e-2,KH,MLP,Full Finetune,HAR,KH,200.0,accuracy,0.6527777910232544,1e-2
RNN,1e-4,WISDM,MLP,Full Finetune,HAR,WISDM,5.0,accuracy,0.4535330235958099,1e-4
RNN,1e-2,WISDM,MLP,Full Finetune,HAR,WISDM,50.0,accuracy,0.6232718825340271,1e-2
RNN,1e-3,MS,MLP,Full Finetune,HAR,MS,5.0,accuracy,0.3145009279251098,1e-3
RNN,1e-2,MS,MLP,Full Finetune,HAR,MS,1.0,accuracy,0.3022598922252655,1e-2
RNN,1e-2,RW-Waist,MLP,Full Finetune,HAR,RW-Waist,5.0,accuracy,0.1427469104528427,1e-2
RNN,1e-5,RW-Waist,MLP,Full Finetune,HAR,RW-Waist,200.0,accuracy,0.4498456716537475,1e-5
RNN,1e-5,UCI,MLP,Full Finetune,HAR,UCI,50.0,accuracy,0.4521739184856415,1e-5
RNN,1e-1,RW-Thigh,MLP,Full Finetune,HAR,RW-Thigh,1000.0,accuracy,0.1666666716337204,1e-1
RNN,1e-4,UCI,MLP,Full Finetune,HAR,UCI,50.0,accuracy,0.6275362372398376,1e-4
RNN,1e-5,RW-Waist,MLP,Full Finetune,HAR,RW-Waist,1000.0,accuracy,0.6574074029922485,1e-5
RNN,1e-1,UCI,MLP,Full Finetune,HAR,UCI,5.0,accuracy,0.2507246434688568,1e-1
RNN,1e-5,MS,MLP,Full Finetune,HAR,MS,100.0,accuracy,0.4378530979156494,1e-5
RNN,1e-2,MS,MLP,Full Finetune,HAR,MS,5.0,accuracy,0.1977401077747345,1e-2
RNN,1e-4,MS,MLP,Full Finetune,HAR,MS,25.0,accuracy,0.5037664771080017,1e-4
RNN,1e-2,RW-Thigh,MLP,Full Finetune,HAR,RW-Thigh,1000.0,accuracy,0.616287112236023,1e-2
RNN,1e-1,RW-Waist,MLP,Full Finetune,HAR,RW-Waist,1000.0,accuracy,0.167438268661499,1e-1
RNN,1e-3,MS,MLP,Full Finetune,HAR,MS,25.0,accuracy,0.5141242742538452,1e-3
RNN,1e-5,WISDM,MLP,Full Finetune,HAR,WISDM,1.0,accuracy,0.0917818769812583,1e-5
RNN,1e-1,MS,MLP,Full Finetune,HAR,MS,25.0,accuracy,0.1751412451267242,1e-1
RNN,1e-1,RW-Waist,MLP,Full Finetune,HAR,RW-Waist,10.0,accuracy,0.1863425970077514,1e-1
RNN,1e-2,WISDM,MLP,Full Finetune,HAR,WISDM,5.0,accuracy,0.4350998401641845,1e-2
RNN,1e-5,MS,MLP,Full Finetune,HAR,MS,50.0,accuracy,0.2608286142349243,1e-5
RNN,1e-5,UCI,MLP,Full Finetune,HAR,UCI,100.0,accuracy,0.4318840503692627,1e-5
RNN,1e-1,KH,MLP,Full Finetune,HAR,KH,10.0,accuracy,0.3125,1e-1
RNN,1e-3,MS,MLP,Full Finetune,HAR,MS,1.0,accuracy,0.3088512122631073,1e-3
RNN,1e-3,MS,MLP,Full Finetune,HAR,MS,50.0,accuracy,0.6177024245262146,1e-3
RNN,1e-1,KH,MLP,Full Finetune,HAR,KH,50.0,accuracy,0.1875,1e-1
RNN,1e-1,WISDM,MLP,Full Finetune,HAR,WISDM,5.0,accuracy,0.2630568444728851,1e-1
IMU Transformer,1e-1,WISDM,MLP,Full Finetune,HAR,WISDM,1000.0,accuracy,0.25,1e-1
RNN,1e-4,WISDM,MLP,Full Finetune,HAR,WISDM,100.0,accuracy,0.7023809552192688,1e-4
RNN,1e-3,WISDM,MLP,Full Finetune,HAR,WISDM,10.0,accuracy,0.6394008994102478,1e-3
RNN,1e-2,RW-Thigh,MLP,Full Finetune,HAR,RW-Thigh,10.0,accuracy,0.2001380324363708,1e-2
RNN,1e-4,KH,MLP,Full Finetune,HAR,KH,10.0,accuracy,0.4444444477558136,1e-4
RNN,1e-2,RW-Waist,MLP,Full Finetune,HAR,RW-Waist,50.0,accuracy,0.551311731338501,1e-2
RNN,1e-4,RW-Thigh,MLP,Full Finetune,HAR,RW-Thigh,200.0,accuracy,0.5852311849594116,1e-4
RNN,1e-3,UCI,MLP,Full Finetune,HAR,UCI,1.0,accuracy,0.334782600402832,1e-3
RNN,1e-4,WISDM,MLP,Full Finetune,HAR,WISDM,100.0,accuracy,0.7158218026161194,1e-4
RNN,1e-3,WISDM,MLP,Full Finetune,HAR,WISDM,1000.0,accuracy,0.6674346923828125,1e-3
RNN,1e-2,RW-Waist,MLP,Full Finetune,HAR,RW-Waist,25.0,accuracy,0.4459876418113708,1e-2
RNN,1e-5,UCI,MLP,Full Finetune,HAR,UCI,10.0,accuracy,0.2000000029802322,1e-5
RNN,1e-1,KH,MLP,Full Finetune,HAR,KH,5.0,accuracy,0.1319444477558136,1e-1
RNN,1e-5,UCI,MLP,Full Finetune,HAR,UCI,1.0,accuracy,0.1797101497650146,1e-5
RNN,1e-5,UCI,MLP,Full Finetune,HAR,UCI,5.0,accuracy,0.1550724655389785,1e-5
RNN,1e-2,WISDM,MLP,Full Finetune,HAR,WISDM,1.0,accuracy,0.4166666567325592,1e-2
RNN,1e-4,RW-Waist,MLP,Full Finetune,HAR,RW-Waist,1.0,accuracy,0.3171296417713165,1e-4
RNN,1e-4,UCI,MLP,Full Finetune,HAR,UCI,5.0,accuracy,0.3362318873405456,1e-4
RNN,1e-2,WISDM,MLP,Full Finetune,HAR,WISDM,1000.0,accuracy,0.6824116706848145,1e-2
RNN,1e-3,RW-Waist,MLP,Full Finetune,HAR,RW-Waist,5.0,accuracy,0.2785493731498718,1e-3
CNN PF,1e-2,RW-Waist,MLP,Full Finetune,HAR,RW-Waist,200.0,accuracy,0.1666666716337204,1e-2
RNN,1e-5,RW-Waist,MLP,Full Finetune,HAR,RW-Waist,5.0,accuracy,0.1782407462596893,1e-5
RNN,1e-4,MS,MLP,Full Finetune,HAR,MS,50.0,accuracy,0.6374764442443848,1e-4
RNN,1e-3,UCI,MLP,Full Finetune,HAR,UCI,25.0,accuracy,0.686956524848938,1e-3
RNN,1e-4,KH,MLP,Full Finetune,HAR,KH,5.0,accuracy,0.3958333432674408,1e-4
RNN,1e-5,MS,MLP,Full Finetune,HAR,MS,200.0,accuracy,0.5395480394363403,1e-5
CNN PF,1e-2,RW-Thigh,MLP,Full Finetune,HAR,RW-Thigh,100.0,accuracy,0.1666666716337204,1e-2
RNN,1e-1,RW-Waist,MLP,Full Finetune,HAR,RW-Waist,1000.0,accuracy,0.1666666716337204,1e-1
RNN,1e-5,KH,MLP,Full Finetune,HAR,KH,50.0,accuracy,0.4791666567325592,1e-5
RNN,1e-3,KH,MLP,Full Finetune,HAR,KH,50.0,accuracy,0.4583333432674408,1e-3
RNN,1e-4,MS,MLP,Full Finetune,HAR,MS,1.0,accuracy,0.1789077222347259,1e-4
CNN PF,1e-1,RW-Waist,MLP,Full Finetune,HAR,RW-Waist,1000.0,accuracy,0.1666666716337204,1e-1
RNN,1e-3,WISDM,MLP,Full Finetune,HAR,WISDM,1.0,accuracy,0.4239631295204162,1e-3
RNN,1e-3,MS,MLP,Full Finetune,HAR,MS,50.0,accuracy,0.5338982939720154,1e-3
RNN,1e-1,MS,MLP,Full Finetune,HAR,MS,1000.0,accuracy,0.1666666716337204,1e-1
RNN,1e-3,UCI,MLP,Full Finetune,HAR,UCI,10.0,accuracy,0.4898550808429718,1e-3
RNN,1e-4,WISDM,MLP,Full Finetune,HAR,WISDM,1.0,accuracy,0.3966974020004272,1e-4
RNN,1e-4,RW-Thigh,MLP,Full Finetune,HAR,RW-Thigh,1.0,accuracy,0.3485162258148193,1e-4
RNN,1e-4,WISDM,MLP,Full Finetune,HAR,WISDM,25.0,accuracy,0.6632104516029358,1e-4
RNN,1e-3,RW-Thigh,MLP,Full Finetune,HAR,RW-Thigh,25.0,accuracy,0.4930986762046814,1e-3
RNN,1e-1,RW-Thigh,MLP,Full Finetune,HAR,RW-Thigh,50.0,accuracy,0.1666666716337204,1e-1
RNN,1e-5,RW-Waist,MLP,Full Finetune,HAR,RW-Waist,25.0,accuracy,0.2496141940355301,1e-5
RNN,1e-3,RW-Waist,MLP,Full Finetune,HAR,RW-Waist,25.0,accuracy,0.511188268661499,1e-3
RNN,1e-3,KH,MLP,Full Finetune,HAR,KH,1.0,accuracy,0.1736111044883728,1e-3
RNN,1e-2,MS,MLP,Full Finetune,HAR,MS,100.0,accuracy,0.7250470519065857,1e-2
RNN,1e-3,MS,MLP,Full Finetune,HAR,MS,10.0,accuracy,0.4764595031738281,1e-3
RNN,1e-2,RW-Thigh,MLP,Full Finetune,HAR,RW-Thigh,10.0,accuracy,0.2011732161045074,1e-2
RNN,1e-5,RW-Thigh,MLP,Full Finetune,HAR,RW-Thigh,5.0,accuracy,0.2539682686328888,1e-5
CNN PF,1e-1,KH,MLP,Full Finetune,HAR,KH,200.0,accuracy,0.1666666716337204,1e-1
RNN,1e-1,RW-Waist,MLP,Full Finetune,HAR,RW-Waist,10.0,accuracy,0.1732253134250641,1e-1
RNN,1e-3,KH,MLP,Full Finetune,HAR,KH,5.0,accuracy,0.3611111044883728,1e-3
RNN,1e-4,MS,MLP,Full Finetune,HAR,MS,5.0,accuracy,0.4077212810516357,1e-4
RNN,1e-3,WISDM,MLP,Full Finetune,HAR,WISDM,50.0,accuracy,0.6601382493972778,1e-3
RNN,1e-3,KH,MLP,Full Finetune,HAR,KH,5.0,accuracy,0.3819444477558136,1e-3
RNN,1e-4,RW-Thigh,MLP,Full Finetune,HAR,RW-Thigh,5.0,accuracy,0.3481711447238922,1e-4
RNN,1e-1,RW-Waist,MLP,Full Finetune,HAR,RW-Waist,50.0,accuracy,0.1682098805904388,1e-1
RNN,1e-1,KH,MLP,Full Finetune,HAR,KH,1000.0,accuracy,0.1736111044883728,1e-1
RNN,1e-2,UCI,MLP,Full Finetune,HAR,UCI,100.0,accuracy,0.7855072617530823,1e-2
RNN,1e-4,MS,MLP,Full Finetune,HAR,MS,5.0,accuracy,0.3672316372394562,1e-4
RNN,1e-3,UCI,MLP,Full Finetune,HAR,UCI,5.0,accuracy,0.3579710125923157,1e-3
RNN,1e-2,WISDM,MLP,Full Finetune,HAR,WISDM,1000.0,accuracy,0.7231183052062988,1e-2
RNN,1e-1,UCI,MLP,Full Finetune,HAR,UCI,1000.0,accuracy,0.2000000029802322,1e-1
CNN PF,1e-2,RW-Thigh,MLP,Full Finetune,HAR,RW-Thigh,100.0,accuracy,0.1666666716337204,1e-2
RNN,1e-3,RW-Waist,MLP,Full Finetune,HAR,RW-Waist,100.0,accuracy,0.6199845671653748,1e-3
CNN PF,1e-2,MS,MLP,Full Finetune,HAR,MS,1000.0,accuracy,0.1666666716337204,1e-2
RNN,1e-3,KH,MLP,Full Finetune,HAR,KH,100.0,accuracy,0.4375,1e-3
RNN,1e-1,MS,MLP,Full Finetune,HAR,MS,50.0,accuracy,0.1666666716337204,1e-1
RNN,1e-1,MS,MLP,Full Finetune,HAR,MS,5.0,accuracy,0.2080979347229004,1e-1
IMU Transformer,1e-1,RW-Waist,MLP,Full Finetune,HAR,RW-Waist,1000.0,accuracy,0.1666666716337204,1e-1
IMU Transformer,1e-1,MS,MLP,Full Finetune,HAR,MS,200.0,accuracy,0.1666666716337204,1e-1
RNN,1e-1,KH,MLP,Full Finetune,HAR,KH,100.0,accuracy,0.1666666716337204,1e-1
RNN,1e-4,UCI,MLP,Full Finetune,HAR,UCI,5.0,accuracy,0.395652174949646,1e-4
RNN,1e-2,MS,MLP,Full Finetune,HAR,MS,10.0,accuracy,0.438794732093811,1e-2
RNN,1e-2,MS,MLP,Full Finetune,HAR,MS,100.0,accuracy,0.729755163192749,1e-2
RNN,1e-2,MS,MLP,Full Finetune,HAR,MS,100.0,accuracy,0.7485875487327576,1e-2
RNN,1e-4,RW-Waist,MLP,Full Finetune,HAR,RW-Waist,50.0,accuracy,0.6057098507881165,1e-4
RNN,1e-1,UCI,MLP,Full Finetune,HAR,UCI,10.0,accuracy,0.208695650100708,1e-1
RNN,1e-3,RW-Waist,MLP,Full Finetune,HAR,RW-Waist,25.0,accuracy,0.4814814925193786,1e-3
RNN,1e-2,RW-Waist,MLP,Full Finetune,HAR,RW-Waist,25.0,accuracy,0.454089492559433,1e-2
RNN,1e-3,KH,MLP,Full Finetune,HAR,KH,1.0,accuracy,0.1875,1e-3
RNN,1e-4,UCI,MLP,Full Finetune,HAR,UCI,200.0,accuracy,0.7869565486907959,1e-4
RNN,1e-1,RW-Waist,MLP,Full Finetune,HAR,RW-Waist,1.0,accuracy,0.2280092537403106,1e-1
RNN,1e-4,WISDM,MLP,Full Finetune,HAR,WISDM,200.0,accuracy,0.7100614309310913,1e-4
RNN,1e-3,MS,MLP,Full Finetune,HAR,MS,25.0,accuracy,0.5404896140098572,1e-3
RNN,1e-1,RW-Thigh,MLP,Full Finetune,HAR,RW-Thigh,100.0,accuracy,0.1666666716337204,1e-1
RNN,1e-3,UCI,MLP,Full Finetune,HAR,UCI,50.0,accuracy,0.7507246136665344,1e-3
RNN,1e-1,MS,MLP,Full Finetune,HAR,MS,1000.0,accuracy,0.1666666716337204,1e-1
CNN PF,1e-2,KH,MLP,Full Finetune,HAR,KH,1000.0,accuracy,0.1666666716337204,1e-2
RNN,1e-5,MS,MLP,Full Finetune,HAR,MS,5.0,accuracy,0.1610169559717178,1e-5
RNN,1e-5,RW-Thigh,MLP,Full Finetune,HAR,RW-Thigh,25.0,accuracy,0.2536231875419616,1e-5
RNN,1e-1,UCI,MLP,Full Finetune,HAR,UCI,1.0,accuracy,0.1927536278963089,1e-1
RNN,1e-2,WISDM,MLP,Full Finetune,HAR,WISDM,200.0,accuracy,0.6298003196716309,1e-2
RNN,1e-4,RW-Thigh,MLP,Full Finetune,HAR,RW-Thigh,10.0,accuracy,0.363008975982666,1e-4
IMU Transformer,1e-1,RW-Thigh,MLP,Full Finetune,HAR,RW-Thigh,1000.0,accuracy,0.1666666716337204,1e-1
RNN,1e-2,RW-Waist,MLP,Full Finetune,HAR,RW-Waist,50.0,accuracy,0.5659722089767456,1e-2
RNN,1e-1,UCI,MLP,Full Finetune,HAR,UCI,1.0,accuracy,0.1855072528123855,1e-1
RNN,1e-5,WISDM,MLP,Full Finetune,HAR,WISDM,100.0,accuracy,0.4669739007949829,1e-5
CNN PF,1e-1,RW-Thigh,MLP,Full Finetune,HAR,RW-Thigh,200.0,accuracy,0.1666666716337204,1e-1
RNN,1e-1,RW-Thigh,MLP,Full Finetune,HAR,RW-Thigh,10.0,accuracy,0.1670117378234863,1e-1
RNN,1e-2,MS,MLP,Full Finetune,HAR,MS,25.0,accuracy,0.5150659084320068,1e-2
RNN,1e-1,KH,MLP,Full Finetune,HAR,KH,200.0,accuracy,0.1666666716337204,1e-1
RNN,1e-5,RW-Waist,MLP,Full Finetune,HAR,RW-Waist,1.0,accuracy,0.2287808656692505,1e-5
CNN PF,1e-1,KH,MLP,Full Finetune,HAR,KH,200.0,accuracy,0.1666666716337204,1e-1
RNN,1e-4,UCI,MLP,Full Finetune,HAR,UCI,50.0,accuracy,0.6608695387840271,1e-4
RNN,1e-2,UCI,MLP,Full Finetune,HAR,UCI,200.0,accuracy,0.7855072617530823,1e-2
RNN,1e-5,KH,MLP,Full Finetune,HAR,KH,50.0,accuracy,0.4444444477558136,1e-5
RNN,1e-2,RW-Waist,MLP,Full Finetune,HAR,RW-Waist,5.0,accuracy,0.2889660596847534,1e-2
RNN,1e-2,RW-Thigh,MLP,Full Finetune,HAR,RW-Thigh,5.0,accuracy,0.3143547177314758,1e-2
RNN,1e-5,RW-Thigh,MLP,Full Finetune,HAR,RW-Thigh,10.0,accuracy,0.242926150560379,1e-5
RNN,1e-1,WISDM,MLP,Full Finetune,HAR,WISDM,200.0,accuracy,0.25,1e-1
RNN,1e-5,RW-Thigh,MLP,Full Finetune,HAR,RW-Thigh,25.0,accuracy,0.3064182102680206,1e-5
RNN,1e-3,KH,MLP,Full Finetune,HAR,KH,25.0,accuracy,0.4861111044883728,1e-3
IMU Transformer,1e-1,RW-Waist,MLP,Full Finetune,HAR,RW-Waist,200.0,accuracy,0.1666666716337204,1e-1
RNN,1e-1,RW-Waist,MLP,Full Finetune,HAR,RW-Waist,50.0,accuracy,0.1666666716337204,1e-1
RNN,1e-2,UCI,MLP,Full Finetune,HAR,UCI,1000.0,accuracy,0.7956521511077881,1e-2
RNN,1e-3,WISDM,MLP,Full Finetune,HAR,WISDM,5.0,accuracy,0.2549923062324524,1e-3
RNN,1e-2,RW-Thigh,MLP,Full Finetune,HAR,RW-Thigh,5.0,accuracy,0.3340234756469726,1e-2
RNN,1e-1,UCI,MLP,Full Finetune,HAR,UCI,25.0,accuracy,0.2000000029802322,1e-1
RNN,1e-2,RW-Thigh,MLP,Full Finetune,HAR,RW-Thigh,25.0,accuracy,0.3899240791797638,1e-2
RNN,1e-5,WISDM,MLP,Full Finetune,HAR,WISDM,25.0,accuracy,0.4443164467811584,1e-5
RNN,1e-1,WISDM,MLP,Full Finetune,HAR,WISDM,25.0,accuracy,0.2592165768146515,1e-1
RNN,1e-3,RW-Thigh,MLP,Full Finetune,HAR,RW-Thigh,25.0,accuracy,0.495169073343277,1e-3
RNN,1e-3,RW-Waist,MLP,Full Finetune,HAR,RW-Waist,10.0,accuracy,0.4737654328346252,1e-3
RNN,1e-2,UCI,MLP,Full Finetune,HAR,UCI,5.0,accuracy,0.2652173936367035,1e-2
RNN,1e-4,RW-Waist,MLP,Full Finetune,HAR,RW-Waist,25.0,accuracy,0.5065586566925049,1e-4
RNN,1e-5,UCI,MLP,Full Finetune,HAR,UCI,50.0,accuracy,0.3913043439388275,1e-5
RNN,1e-3,UCI,MLP,Full Finetune,HAR,UCI,25.0,accuracy,0.7420290112495422,1e-3
RNN,1e-3,WISDM,MLP,Full Finetune,HAR,WISDM,100.0,accuracy,0.6778033971786499,1e-3
RNN,1e-5,MS,MLP,Full Finetune,HAR,MS,100.0,accuracy,0.4529190063476562,1e-5
RNN,1e-2,RW-Waist,MLP,Full Finetune,HAR,RW-Waist,1.0,accuracy,0.1284722238779068,1e-2
RNN,1e-4,UCI,MLP,Full Finetune,HAR,UCI,100.0,accuracy,0.7333333492279053,1e-4
RNN,1e-3,MS,MLP,Full Finetune,HAR,MS,100.0,accuracy,0.7175140976905823,1e-3
RNN,1e-3,KH,MLP,Full Finetune,HAR,KH,10.0,accuracy,0.4027777910232544,1e-3
RNN,1e-3,UCI,MLP,Full Finetune,HAR,UCI,100.0,accuracy,0.8144927620887756,1e-3
RNN,1e-3,MS,MLP,Full Finetune,HAR,MS,10.0,accuracy,0.4595103561878204,1e-3
RNN,1e-3,MS,MLP,Full Finetune,HAR,MS,50.0,accuracy,0.5630885362625122,1e-3
RNN,1e-1,MS,MLP,Full Finetune,HAR,MS,25.0,accuracy,0.1657250523567199,1e-1
RNN,1e-3,RW-Thigh,MLP,Full Finetune,HAR,RW-Thigh,1.0,accuracy,0.1476880609989166,1e-3
RNN,1e-2,WISDM,MLP,Full Finetune,HAR,WISDM,25.0,accuracy,0.5925499200820923,1e-2
RNN,1e-1,WISDM,MLP,Full Finetune,HAR,WISDM,10.0,accuracy,0.2561444044113159,1e-1
RNN,1e-4,UCI,MLP,Full Finetune,HAR,UCI,25.0,accuracy,0.5202898383140564,1e-4
RNN,1e-4,UCI,MLP,Full Finetune,HAR,UCI,10.0,accuracy,0.4347825944423675,1e-4
RNN,1e-3,KH,MLP,Full Finetune,HAR,KH,200.0,accuracy,0.4861111044883728,1e-3
RNN,1e-4,RW-Thigh,MLP,Full Finetune,HAR,RW-Thigh,1.0,accuracy,0.2046238780021667,1e-4
RNN,1e-1,RW-Waist,MLP,Full Finetune,HAR,RW-Waist,200.0,accuracy,0.1728395074605941,1e-1
RNN,1e-3,RW-Thigh,MLP,Full Finetune,HAR,RW-Thigh,200.0,accuracy,0.5614216923713684,1e-3
RNN,1e-3,KH,MLP,Full Finetune,HAR,KH,100.0,accuracy,0.4652777910232544,1e-3
RNN,1e-1,WISDM,MLP,Full Finetune,HAR,WISDM,25.0,accuracy,0.2519201338291168,1e-1
RNN,1e-3,RW-Waist,MLP,Full Finetune,HAR,RW-Waist,1.0,accuracy,0.1701388955116272,1e-3
RNN,1e-5,RW-Thigh,MLP,Full Finetune,HAR,RW-Thigh,1.0,accuracy,0.2315389961004257,1e-5
RNN,1e-5,KH,MLP,Full Finetune,HAR,KH,100.0,accuracy,0.4583333432674408,1e-5
RNN,1e-2,RW-Waist,MLP,Full Finetune,HAR,RW-Waist,10.0,accuracy,0.4027777910232544,1e-2
RNN,1e-5,UCI,MLP,Full Finetune,HAR,UCI,1000.0,accuracy,0.6536231637001038,1e-5
RNN,1e-1,KH,MLP,Full Finetune,HAR,KH,5.0,accuracy,0.1666666716337204,1e-1
RNN,1e-2,RW-Thigh,MLP,Full Finetune,HAR,RW-Thigh,200.0,accuracy,0.6345755457878113,1e-2
RNN,1e-5,MS,MLP,Full Finetune,HAR,MS,1000.0,accuracy,0.7033898234367371,1e-5
RNN,1e-5,MS,MLP,Full Finetune,HAR,MS,50.0,accuracy,0.3738229870796203,1e-5
RNN,1e-4,RW-Thigh,MLP,Full Finetune,HAR,RW-Thigh,50.0,accuracy,0.5479640960693359,1e-4
IMU Transformer,1e-1,KH,MLP,Full Finetune,HAR,KH,1000.0,accuracy,0.1666666716337204,1e-1
RNN,1e-1,WISDM,MLP,Full Finetune,HAR,WISDM,10.0,accuracy,0.2480798810720443,1e-1
RNN,1e-2,KH,MLP,Full Finetune,HAR,KH,1000.0,accuracy,0.5902777910232544,1e-2
RNN,1e-1,WISDM,MLP,Full Finetune,HAR,WISDM,1.0,accuracy,0.2461597472429275,1e-1
RNN,1e-4,RW-Waist,MLP,Full Finetune,HAR,RW-Waist,50.0,accuracy,0.5952932238578796,1e-4
RNN,1e-1,KH,MLP,Full Finetune,HAR,KH,5.0,accuracy,0.1319444477558136,1e-1
RNN,1e-1,UCI,MLP,Full Finetune,HAR,UCI,100.0,accuracy,0.2000000029802322,1e-1
IMU Transformer,1e-1,WISDM,MLP,Full Finetune,HAR,WISDM,200.0,accuracy,0.25,1e-1
RNN,1e-4,UCI,MLP,Full Finetune,HAR,UCI,10.0,accuracy,0.4362318813800812,1e-4
RNN,1e-4,WISDM,MLP,Full Finetune,HAR,WISDM,1000.0,accuracy,0.7288786768913269,1e-4
RNN,1e-5,WISDM,MLP,Full Finetune,HAR,WISDM,100.0,accuracy,0.5314900279045105,1e-5
RNN,1e-2,RW-Thigh,MLP,Full Finetune,HAR,RW-Thigh,50.0,accuracy,0.4596273303031921,1e-2
RNN,1e-5,MS,MLP,Full Finetune,HAR,MS,5.0,accuracy,0.321092277765274,1e-5
RNN,1e-5,RW-Waist,MLP,Full Finetune,HAR,RW-Waist,1.0,accuracy,0.2210648208856582,1e-5
RNN,1e-4,RW-Thigh,MLP,Full Finetune,HAR,RW-Thigh,25.0,accuracy,0.4723947644233703,1e-4
RNN,1e-2,WISDM,MLP,Full Finetune,HAR,WISDM,25.0,accuracy,0.6209677457809448,1e-2
RNN,1e-2,WISDM,MLP,Full Finetune,HAR,WISDM,100.0,accuracy,0.6624423861503601,1e-2
RNN,1e-2,RW-Thigh,MLP,Full Finetune,HAR,RW-Thigh,25.0,accuracy,0.4496204257011413,1e-2
RNN,1e-1,UCI,MLP,Full Finetune,HAR,UCI,10.0,accuracy,0.2000000029802322,1e-1
RNN,1e-1,KH,MLP,Full Finetune,HAR,KH,1.0,accuracy,0.1527777761220932,1e-1
RNN,1e-3,WISDM,MLP,Full Finetune,HAR,WISDM,1000.0,accuracy,0.8183563947677612,1e-3
RNN,1e-4,RW-Thigh,MLP,Full Finetune,HAR,RW-Thigh,1000.0,accuracy,0.5983436703681946,1e-4
RNN,1e-2,UCI,MLP,Full Finetune,HAR,UCI,1.0,accuracy,0.159420296549797,1e-2
RNN,1e-3,MS,MLP,Full Finetune,HAR,MS,1.0,accuracy,0.3408662974834442,1e-3
RNN,1e-2,RW-Waist,MLP,Full Finetune,HAR,RW-Waist,100.0,accuracy,0.6415895223617554,1e-2
RNN,1e-1,KH,MLP,Full Finetune,HAR,KH,1.0,accuracy,0.125,1e-1
RNN,1e-3,RW-Thigh,MLP,Full Finetune,HAR,RW-Thigh,100.0,accuracy,0.509661853313446,1e-3
RNN,1e-4,MS,MLP,Full Finetune,HAR,MS,10.0,accuracy,0.4331450164318084,1e-4
RNN,1e-3,KH,MLP,Full Finetune,HAR,KH,1000.0,accuracy,0.4375,1e-3
RNN,1e-4,UCI,MLP,Full Finetune,HAR,UCI,25.0,accuracy,0.5043478012084961,1e-4
RNN,1e-4,UCI,MLP,Full Finetune,HAR,UCI,100.0,accuracy,0.7347826361656189,1e-4
RNN,1e-3,WISDM,MLP,Full Finetune,HAR,WISDM,25.0,accuracy,0.6705068945884705,1e-3
RNN,1e-5,KH,MLP,Full Finetune,HAR,KH,100.0,accuracy,0.4583333432674408,1e-5
RNN,1e-3,UCI,MLP,Full Finetune,HAR,UCI,200.0,accuracy,0.7710145115852356,1e-3
RNN,1e-2,KH,MLP,Full Finetune,HAR,KH,100.0,accuracy,0.5277777910232544,1e-2
RNN,1e-5,RW-Waist,MLP,Full Finetune,HAR,RW-Waist,100.0,accuracy,0.3942901194095611,1e-5
RNN,1e-5,WISDM,MLP,Full Finetune,HAR,WISDM,200.0,accuracy,0.6009984612464905,1e-5
RNN,1e-1,UCI,MLP,Full Finetune,HAR,UCI,200.0,accuracy,0.1985507309436798,1e-1
RNN,1e-1,MS,MLP,Full Finetune,HAR,MS,100.0,accuracy,0.1666666716337204,1e-1
RNN,1e-2,WISDM,MLP,Full Finetune,HAR,WISDM,100.0,accuracy,0.6605222821235657,1e-2
RNN,1e-3,RW-Waist,MLP,Full Finetune,HAR,RW-Waist,1000.0,accuracy,0.7218364477157593,1e-3
RNN,1e-5,WISDM,MLP,Full Finetune,HAR,WISDM,25.0,accuracy,0.3636712729930877,1e-5
RNN,1e-3,WISDM,MLP,Full Finetune,HAR,WISDM,25.0,accuracy,0.6778033971786499,1e-3
RNN,1e-3,WISDM,MLP,Full Finetune,HAR,WISDM,5.0,accuracy,0.4585253596305847,1e-3
RNN,1e-1,RW-Waist,MLP,Full Finetune,HAR,RW-Waist,100.0,accuracy,0.1666666716337204,1e-1
RNN,1e-5,RW-Thigh,MLP,Full Finetune,HAR,RW-Thigh,100.0,accuracy,0.3692201375961303,1e-5
RNN,1e-2,RW-Waist,MLP,Full Finetune,HAR,RW-Waist,1.0,accuracy,0.3055555522441864,1e-2
IMU Transformer,1e-1,RW-Waist,MLP,Full Finetune,HAR,RW-Waist,1000.0,accuracy,0.1666666716337204,1e-1
RNN,1e-5,KH,MLP,Full Finetune,HAR,KH,5.0,accuracy,0.2291666716337204,1e-5
RNN,1e-4,KH,MLP,Full Finetune,HAR,KH,10.0,accuracy,0.4305555522441864,1e-4
RNN,1e-4,WISDM,MLP,Full Finetune,HAR,WISDM,5.0,accuracy,0.4350998401641845,1e-4
RNN,1e-1,RW-Thigh,MLP,Full Finetune,HAR,RW-Thigh,25.0,accuracy,0.1677018702030182,1e-1
RNN,1e-5,WISDM,MLP,Full Finetune,HAR,WISDM,1000.0,accuracy,0.7523041367530823,1e-5
RNN,1e-2,WISDM,MLP,Full Finetune,HAR,WISDM,50.0,accuracy,0.6397849321365356,1e-2
RNN,1e-1,RW-Waist,MLP,Full Finetune,HAR,RW-Waist,25.0,accuracy,0.1666666716337204,1e-1
RNN,1e-1,RW-Thigh,MLP,Full Finetune,HAR,RW-Thigh,200.0,accuracy,0.1666666716337204,1e-1
RNN,1e-4,KH,MLP,Full Finetune,HAR,KH,1.0,accuracy,0.3194444477558136,1e-4
RNN,1e-4,WISDM,MLP,Full Finetune,HAR,WISDM,10.0,accuracy,0.5069124698638916,1e-4
RNN,1e-4,WISDM,MLP,Full Finetune,HAR,WISDM,10.0,accuracy,0.3425499200820923,1e-4
RNN,1e-5,WISDM,MLP,Full Finetune,HAR,WISDM,10.0,accuracy,0.3083717226982116,1e-5
RNN,1e-5,UCI,MLP,Full Finetune,HAR,UCI,1.0,accuracy,0.2072463780641555,1e-5
RNN,1e-2,UCI,MLP,Full Finetune,HAR,UCI,100.0,accuracy,0.7971014380455017,1e-2
IMU Transformer,1e-1,MS,MLP,Full Finetune,HAR,MS,200.0,accuracy,0.1666666716337204,1e-1
RNN,1e-3,WISDM,MLP,Full Finetune,HAR,WISDM,5.0,accuracy,0.4543010890483856,1e-3
RNN,1e-3,RW-Waist,MLP,Full Finetune,HAR,RW-Waist,10.0,accuracy,0.4162808656692505,1e-3
RNN,1e-3,RW-Waist,MLP,Full Finetune,HAR,RW-Waist,1.0,accuracy,0.2839506268501282,1e-3
RNN,1e-3,UCI,MLP,Full Finetune,HAR,UCI,50.0,accuracy,0.7666666507720947,1e-3
RNN,1e-1,MS,MLP,Full Finetune,HAR,MS,1000.0,accuracy,0.1666666716337204,1e-1
RNN,1e-5,RW-Thigh,MLP,Full Finetune,HAR,RW-Thigh,50.0,accuracy,0.3329882621765136,1e-5
RNN,1e-3,RW-Waist,MLP,Full Finetune,HAR,RW-Waist,5.0,accuracy,0.3306327164173126,1e-3
RNN,1e-4,RW-Waist,MLP,Full Finetune,HAR,RW-Waist,100.0,accuracy,0.6381173133850098,1e-4
RNN,1e-2,RW-Waist,MLP,Full Finetune,HAR,RW-Waist,100.0,accuracy,0.6408178806304932,1e-2
RNN,1e-3,RW-Thigh,MLP,Full Finetune,HAR,RW-Thigh,10.0,accuracy,0.3554175198078155,1e-3
RNN,1e-4,MS,MLP,Full Finetune,HAR,MS,5.0,accuracy,0.3709981143474579,1e-4
RNN,1e-2,UCI,MLP,Full Finetune,HAR,UCI,1000.0,accuracy,0.7956521511077881,1e-2
RNN,1e-1,RW-Thigh,MLP,Full Finetune,HAR,RW-Thigh,200.0,accuracy,0.1666666716337204,1e-1
RNN,1e-1,RW-Waist,MLP,Full Finetune,HAR,RW-Waist,25.0,accuracy,0.1774691343307495,1e-1
RNN,1e-5,MS,MLP,Full Finetune,HAR,MS,10.0,accuracy,0.3681732714176178,1e-5
RNN,1e-5,KH,MLP,Full Finetune,HAR,KH,1.0,accuracy,0.2152777761220932,1e-5
RNN,1e-1,UCI,MLP,Full Finetune,HAR,UCI,10.0,accuracy,0.2637681066989898,1e-1
RNN,1e-2,KH,MLP,Full Finetune,HAR,KH,5.0,accuracy,0.4097222089767456,1e-2
RNN,1e-5,RW-Thigh,MLP,Full Finetune,HAR,RW-Thigh,100.0,accuracy,0.3985507190227508,1e-5
RNN,1e-4,MS,MLP,Full Finetune,HAR,MS,25.0,accuracy,0.5809792876243591,1e-4
RNN,1e-3,RW-Thigh,MLP,Full Finetune,HAR,RW-Thigh,200.0,accuracy,0.5852311849594116,1e-3
RNN,1e-3,RW-Thigh,MLP,Full Finetune,HAR,RW-Thigh,1000.0,accuracy,0.657694935798645,1e-3
RNN,1e-3,WISDM,MLP,Full Finetune,HAR,WISDM,50.0,accuracy,0.6781874299049377,1e-3
RNN,1e-4,MS,MLP,Full Finetune,HAR,MS,1.0,accuracy,0.1807909607887268,1e-4
RNN,1e-5,RW-Waist,MLP,Full Finetune,HAR,RW-Waist,1000.0,accuracy,0.6323302388191223,1e-5
RNN,1e-5,RW-Waist,MLP,Full Finetune,HAR,RW-Waist,1.0,accuracy,0.2457561790943145,1e-5
RNN,1e-1,UCI,MLP,Full Finetune,HAR,UCI,200.0,accuracy,0.2000000029802322,1e-1
RNN,1e-4,RW-Thigh,MLP,Full Finetune,HAR,RW-Thigh,25.0,accuracy,0.4616977274417877,1e-4
RNN,1e-3,WISDM,MLP,Full Finetune,HAR,WISDM,25.0,accuracy,0.671658992767334,1e-3
RNN,1e-4,RW-Waist,MLP,Full Finetune,HAR,RW-Waist,200.0,accuracy,0.6157407164573669,1e-4
RNN,1e-2,UCI,MLP,Full Finetune,HAR,UCI,50.0,accuracy,0.760869562625885,1e-2
RNN,1e-2,UCI,MLP,Full Finetune,HAR,UCI,25.0,accuracy,0.6768115758895874,1e-2
RNN,1e-5,UCI,MLP,Full Finetune,HAR,UCI,1.0,accuracy,0.1275362372398376,1e-5
RNN,1e-4,UCI,MLP,Full Finetune,HAR,UCI,5.0,accuracy,0.4188405871391296,1e-4
RNN,1e-3,RW-Thigh,MLP,Full Finetune,HAR,RW-Thigh,5.0,accuracy,0.2015182822942733,1e-3
RNN,1e-2,RW-Thigh,MLP,Full Finetune,HAR,RW-Thigh,1.0,accuracy,0.1445824652910232,1e-2
RNN,1e-3,UCI,MLP,Full Finetune,HAR,UCI,200.0,accuracy,0.7739130258560181,1e-3
RNN,1e-2,UCI,MLP,Full Finetune,HAR,UCI,5.0,accuracy,0.1913043409585952,1e-2
RNN,1e-5,WISDM,MLP,Full Finetune,HAR,WISDM,50.0,accuracy,0.489631325006485,1e-5
RNN,1e-4,RW-Waist,MLP,Full Finetune,HAR,RW-Waist,25.0,accuracy,0.4903549253940582,1e-4
RNN,1e-3,WISDM,MLP,Full Finetune,HAR,WISDM,200.0,accuracy,0.7031490206718445,1e-3
RNN,1e-5,KH,MLP,Full Finetune,HAR,KH,10.0,accuracy,0.3472222089767456,1e-5
RNN,1e-5,RW-Thigh,MLP,Full Finetune,HAR,RW-Thigh,1000.0,accuracy,0.6135265827178955,1e-5
RNN,1e-1,RW-Thigh,MLP,Full Finetune,HAR,RW-Thigh,5.0,accuracy,0.1677018702030182,1e-1
RNN,1e-4,KH,MLP,Full Finetune,HAR,KH,200.0,accuracy,0.4791666567325592,1e-4
RNN,1e-3,WISDM,MLP,Full Finetune,HAR,WISDM,100.0,accuracy,0.6977726817131042,1e-3
RNN,1e-2,KH,MLP,Full Finetune,HAR,KH,25.0,accuracy,0.4305555522441864,1e-2
RNN,1e-1,RW-Waist,MLP,Full Finetune,HAR,RW-Waist,1.0,accuracy,0.1940586417913437,1e-1
RNN,1e-3,WISDM,MLP,Full Finetune,HAR,WISDM,200.0,accuracy,0.6993087530136108,1e-3
RNN,1e-1,KH,MLP,Full Finetune,HAR,KH,50.0,accuracy,0.2222222238779068,1e-1
RNN,1e-2,UCI,MLP,Full Finetune,HAR,UCI,10.0,accuracy,0.5130434632301331,1e-2
RNN,1e-3,UCI,MLP,Full Finetune,HAR,UCI,10.0,accuracy,0.5362318754196167,1e-3
RNN,1e-5,KH,MLP,Full Finetune,HAR,KH,1.0,accuracy,0.2291666716337204,1e-5
RNN,1e-4,MS,MLP,Full Finetune,HAR,MS,1000.0,accuracy,0.7721280455589294,1e-4
RNN,1e-3,RW-Waist,MLP,Full Finetune,HAR,RW-Waist,5.0,accuracy,0.3989197611808777,1e-3
RNN,1e-3,KH,MLP,Full Finetune,HAR,KH,50.0,accuracy,0.5138888955116272,1e-3
RNN,1e-1,RW-Thigh,MLP,Full Finetune,HAR,RW-Thigh,10.0,accuracy,0.1656314730644226,1e-1
RNN,1e-3,WISDM,MLP,Full Finetune,HAR,WISDM,1.0,accuracy,0.3993855714797973,1e-3
RNN,1e-1,WISDM,MLP,Full Finetune,HAR,WISDM,100.0,accuracy,0.2503840327262878,1e-1
RNN,1e-3,MS,MLP,Full Finetune,HAR,MS,100.0,accuracy,0.6958568692207336,1e-3
RNN,1e-5,RW-Thigh,MLP,Full Finetune,HAR,RW-Thigh,5.0,accuracy,0.1656314730644226,1e-5
RNN,1e-2,RW-Thigh,MLP,Full Finetune,HAR,RW-Thigh,50.0,accuracy,0.4855072498321533,1e-2
RNN,1e-3,RW-Waist,MLP,Full Finetune,HAR,RW-Waist,200.0,accuracy,0.6215277910232544,1e-3
RNN,1e-4,RW-Waist,MLP,Full Finetune,HAR,RW-Waist,100.0,accuracy,0.6030092835426331,1e-4
RNN,1e-1,UCI,MLP,Full Finetune,HAR,UCI,50.0,accuracy,0.2028985470533371,1e-1
RNN,1e-1,MS,MLP,Full Finetune,HAR,MS,200.0,accuracy,0.2099811732769012,1e-1
RNN,1e-1,MS,MLP,Full Finetune,HAR,MS,5.0,accuracy,0.1713747680187225,1e-1
RNN,1e-5,RW-Waist,MLP,Full Finetune,HAR,RW-Waist,25.0,accuracy,0.3101851940155029,1e-5
RNN,1e-3,RW-Waist,MLP,Full Finetune,HAR,RW-Waist,200.0,accuracy,0.6917438507080078,1e-3
RNN,1e-2,UCI,MLP,Full Finetune,HAR,UCI,50.0,accuracy,0.7739130258560181,1e-2
RNN,1e-4,RW-Thigh,MLP,Full Finetune,HAR,RW-Thigh,25.0,accuracy,0.4982746839523315,1e-4
RNN,1e-2,WISDM,MLP,Full Finetune,HAR,WISDM,10.0,accuracy,0.5898617506027222,1e-2
RNN,1e-1,WISDM,MLP,Full Finetune,HAR,WISDM,1000.0,accuracy,0.25,1e-1
RNN,1e-2,UCI,MLP,Full Finetune,HAR,UCI,1.0,accuracy,0.1985507309436798,1e-2
RNN,1e-1,RW-Thigh,MLP,Full Finetune,HAR,RW-Thigh,10.0,accuracy,0.2315389961004257,1e-1
RNN,1e-3,RW-Thigh,MLP,Full Finetune,HAR,RW-Thigh,100.0,accuracy,0.5314009785652161,1e-3
RNN,1e-1,MS,MLP,Full Finetune,HAR,MS,25.0,accuracy,0.1676082909107208,1e-1
RNN,1e-2,WISDM,MLP,Full Finetune,HAR,WISDM,1.0,accuracy,0.4032258093357086,1e-2
RNN,1e-5,MS,MLP,Full Finetune,HAR,MS,1.0,accuracy,0.1478342711925506,1e-5
RNN,1e-4,WISDM,MLP,Full Finetune,HAR,WISDM,50.0,accuracy,0.68049156665802,1e-4
RNN,1e-5,RW-Waist,MLP,Full Finetune,HAR,RW-Waist,10.0,accuracy,0.3024691343307495,1e-5
RNN,1e-2,KH,MLP,Full Finetune,HAR,KH,25.0,accuracy,0.4722222089767456,1e-2
RNN,1e-4,KH,MLP,Full Finetune,HAR,KH,200.0,accuracy,0.5902777910232544,1e-4
RNN,1e-3,RW-Thigh,MLP,Full Finetune,HAR,RW-Thigh,1000.0,accuracy,0.6880607604980469,1e-3
RNN,1e-1,RW-Waist,MLP,Full Finetune,HAR,RW-Waist,200.0,accuracy,0.1666666716337204,1e-1
RNN,1e-2,RW-Thigh,MLP,Full Finetune,HAR,RW-Thigh,25.0,accuracy,0.3505866229534149,1e-2
RNN,1e-1,UCI,MLP,Full Finetune,HAR,UCI,5.0,accuracy,0.2739130556583404,1e-1
RNN,1e-1,RW-Thigh,MLP,Full Finetune,HAR,RW-Thigh,50.0,accuracy,0.1666666716337204,1e-1
RNN,1e-4,RW-Waist,MLP,Full Finetune,HAR,RW-Waist,1.0,accuracy,0.2993827164173126,1e-4
CNN PF,1e-1,RW-Thigh,MLP,Full Finetune,HAR,RW-Thigh,100.0,accuracy,0.1666666716337204,1e-1
RNN,1e-4,WISDM,MLP,Full Finetune,HAR,WISDM,1.0,accuracy,0.4101382493972778,1e-4
RNN,1e-4,MS,MLP,Full Finetune,HAR,MS,50.0,accuracy,0.598870038986206,1e-4
RNN,1e-4,MS,MLP,Full Finetune,HAR,MS,10.0,accuracy,0.4124293923377991,1e-4
RNN,1e-4,MS,MLP,Full Finetune,HAR,MS,100.0,accuracy,0.6403013467788696,1e-4
RNN,1e-1,WISDM,MLP,Full Finetune,HAR,WISDM,5.0,accuracy,0.2530722022056579,1e-1
RNN,1e-4,MS,MLP,Full Finetune,HAR,MS,25.0,accuracy,0.5875706076622009,1e-4
RNN,1e-2,MS,MLP,Full Finetune,HAR,MS,50.0,accuracy,0.6497175097465515,1e-2
RNN,1e-3,RW-Thigh,MLP,Full Finetune,HAR,RW-Thigh,1.0,accuracy,0.2984817028045654,1e-3
RNN,1e-3,RW-Waist,MLP,Full Finetune,HAR,RW-Waist,1000.0,accuracy,0.7091049551963806,1e-3
CNN PF,1e-1,RW-Thigh,MLP,Full Finetune,HAR,RW-Thigh,200.0,accuracy,0.1666666716337204,1e-1
RNN,1e-4,MS,MLP,Full Finetune,HAR,MS,10.0,accuracy,0.4595103561878204,1e-4
RNN,1e-3,MS,MLP,Full Finetune,HAR,MS,1000.0,accuracy,0.7627118825912476,1e-3
RNN,1e-4,RW-Thigh,MLP,Full Finetune,HAR,RW-Thigh,5.0,accuracy,0.3291925489902496,1e-4
RNN,1e-3,UCI,MLP,Full Finetune,HAR,UCI,50.0,accuracy,0.717391312122345,1e-3
RNN,1e-1,RW-Thigh,MLP,Full Finetune,HAR,RW-Thigh,5.0,accuracy,0.1739130467176437,1e-1
RNN,1e-5,WISDM,MLP,Full Finetune,HAR,WISDM,25.0,accuracy,0.4846390187740326,1e-5
RNN,1e-2,MS,MLP,Full Finetune,HAR,MS,5.0,accuracy,0.3549905717372894,1e-2
RNN,1e-3,RW-Waist,MLP,Full Finetune,HAR,RW-Waist,200.0,accuracy,0.6481481194496155,1e-3
RNN,1e-5,RW-Thigh,MLP,Full Finetune,HAR,RW-Thigh,5.0,accuracy,0.2315389961004257,1e-5
RNN,1e-5,WISDM,MLP,Full Finetune,HAR,WISDM,100.0,accuracy,0.5299538969993591,1e-5
RNN,1e-4,RW-Waist,MLP,Full Finetune,HAR,RW-Waist,100.0,accuracy,0.6091821193695068,1e-4
RNN,1e-3,UCI,MLP,Full Finetune,HAR,UCI,1.0,accuracy,0.3376811742782593,1e-3
RNN,1e-5,RW-Waist,MLP,Full Finetune,HAR,RW-Waist,1000.0,accuracy,0.647376537322998,1e-5
RNN,1e-4,MS,MLP,Full Finetune,HAR,MS,200.0,accuracy,0.6854990720748901,1e-4
IMU Transformer,1e-1,WISDM,MLP,Full Finetune,HAR,WISDM,200.0,accuracy,0.25,1e-1
RNN,1e-3,KH,MLP,Full Finetune,HAR,KH,1000.0,accuracy,0.4652777910232544,1e-3
RNN,1e-1,KH,MLP,Full Finetune,HAR,KH,100.0,accuracy,0.1666666716337204,1e-1
RNN,1e-1,UCI,MLP,Full Finetune,HAR,UCI,50.0,accuracy,0.2000000029802322,1e-1
RNN,1e-2,RW-Waist,MLP,Full Finetune,HAR,RW-Waist,200.0,accuracy,0.6593364477157593,1e-2
RNN,1e-2,KH,MLP,Full Finetune,HAR,KH,200.0,accuracy,0.5486111044883728,1e-2
RNN,1e-3,UCI,MLP,Full Finetune,HAR,UCI,200.0,accuracy,0.7898550629615784,1e-3
RNN,1e-1,RW-Waist,MLP,Full Finetune,HAR,RW-Waist,5.0,accuracy,0.1770833283662796,1e-1
RNN,1e-3,UCI,MLP,Full Finetune,HAR,UCI,1000.0,accuracy,0.8115941882133484,1e-3
RNN,1e-4,RW-Waist,MLP,Full Finetune,HAR,RW-Waist,1000.0,accuracy,0.6886574029922485,1e-4
RNN,1e-5,RW-Thigh,MLP,Full Finetune,HAR,RW-Thigh,100.0,accuracy,0.3768115937709808,1e-5
RNN,1e-3,KH,MLP,Full Finetune,HAR,KH,200.0,accuracy,0.5138888955116272,1e-3
RNN,1e-4,RW-Thigh,MLP,Full Finetune,HAR,RW-Thigh,10.0,accuracy,0.3516218066215515,1e-4
RNN,1e-3,RW-Thigh,MLP,Full Finetune,HAR,RW-Thigh,1000.0,accuracy,0.6421670317649841,1e-3
RNN,1e-2,WISDM,MLP,Full Finetune,HAR,WISDM,200.0,accuracy,0.6574500799179077,1e-2
RNN,1e-4,RW-Thigh,MLP,Full Finetune,HAR,RW-Thigh,1.0,accuracy,0.2926155924797058,1e-4
RNN,1e-3,MS,MLP,Full Finetune,HAR,MS,10.0,accuracy,0.4397363364696502,1e-3
RNN,1e-2,UCI,MLP,Full Finetune,HAR,UCI,25.0,accuracy,0.6173912882804871,1e-2
RNN,1e-5,WISDM,MLP,Full Finetune,HAR,WISDM,5.0,accuracy,0.2142857164144516,1e-5
RNN,1e-1,WISDM,MLP,Full Finetune,HAR,WISDM,100.0,accuracy,0.2538402378559112,1e-1
RNN,1e-4,MS,MLP,Full Finetune,HAR,MS,200.0,accuracy,0.7617702484130859,1e-4
RNN,1e-4,MS,MLP,Full Finetune,HAR,MS,100.0,accuracy,0.6760828495025635,1e-4
RNN,1e-2,WISDM,MLP,Full Finetune,HAR,WISDM,25.0,accuracy,0.662826418876648,1e-2
RNN,1e-2,MS,MLP,Full Finetune,HAR,MS,50.0,accuracy,0.5338982939720154,1e-2
RNN,1e-1,RW-Thigh,MLP,Full Finetune,HAR,RW-Thigh,25.0,accuracy,0.1663216054439544,1e-1
RNN,1e-1,MS,MLP,Full Finetune,HAR,MS,1.0,accuracy,0.1581920832395553,1e-1
RNN,1e-1,MS,MLP,Full Finetune,HAR,MS,200.0,accuracy,0.1657250523567199,1e-1
RNN,1e-3,WISDM,MLP,Full Finetune,HAR,WISDM,100.0,accuracy,0.690092146396637,1e-3
RNN,1e-1,KH,MLP,Full Finetune,HAR,KH,1000.0,accuracy,0.1666666716337204,1e-1
CNN PF,1e-2,RW-Thigh,MLP,Full Finetune,HAR,RW-Thigh,100.0,accuracy,0.1666666716337204,1e-2
RNN,1e-2,RW-Thigh,MLP,Full Finetune,HAR,RW-Thigh,200.0,accuracy,0.6224982738494873,1e-2
RNN,1e-4,KH,MLP,Full Finetune,HAR,KH,25.0,accuracy,0.4583333432674408,1e-4
RNN,1e-4,UCI,MLP,Full Finetune,HAR,UCI,200.0,accuracy,0.7710145115852356,1e-4
RNN,1e-3,KH,MLP,Full Finetune,HAR,KH,1000.0,accuracy,0.4375,1e-3
RNN,1e-5,RW-Thigh,MLP,Full Finetune,HAR,RW-Thigh,200.0,accuracy,0.4489302933216095,1e-5
CNN PF,1e-2,RW-Waist,MLP,Full Finetune,HAR,RW-Waist,50.0,accuracy,0.1666666716337204,1e-2
RNN,1e-4,WISDM,MLP,Full Finetune,HAR,WISDM,50.0,accuracy,0.6881720423698425,1e-4
IMU Transformer,1e-1,MS,MLP,Full Finetune,HAR,MS,1000.0,accuracy,0.1666666716337204,1e-1
RNN,1e-3,KH,MLP,Full Finetune,HAR,KH,5.0,accuracy,0.3333333432674408,1e-3
RNN,1e-1,MS,MLP,Full Finetune,HAR,MS,1.0,accuracy,0.1629001945257187,1e-1
RNN,1e-3,RW-Thigh,MLP,Full Finetune,HAR,RW-Thigh,50.0,accuracy,0.4882677793502807,1e-3
RNN,1e-4,RW-Waist,MLP,Full Finetune,HAR,RW-Waist,1.0,accuracy,0.2932098805904388,1e-4
RNN,1e-3,MS,MLP,Full Finetune,HAR,MS,100.0,accuracy,0.7316384315490723,1e-3
RNN,1e-4,MS,MLP,Full Finetune,HAR,MS,1000.0,accuracy,0.7542372941970825,1e-4
IMU Transformer,1e-1,MS,MLP,Full Finetune,HAR,MS,1000.0,accuracy,0.1666666716337204,1e-1
RNN,1e-4,RW-Waist,MLP,Full Finetune,HAR,RW-Waist,10.0,accuracy,0.360339492559433,1e-4
RNN,1e-1,KH,MLP,Full Finetune,HAR,KH,200.0,accuracy,0.1666666716337204,1e-1
RNN,1e-4,KH,MLP,Full Finetune,HAR,KH,100.0,accuracy,0.5069444179534912,1e-4
RNN,1e-1,WISDM,MLP,Full Finetune,HAR,WISDM,1000.0,accuracy,0.25,1e-1
RNN,1e-5,MS,MLP,Full Finetune,HAR,MS,1.0,accuracy,0.2919020652770996,1e-5
RNN,1e-1,MS,MLP,Full Finetune,HAR,MS,10.0,accuracy,0.1760828644037246,1e-1
RNN,1e-1,RW-Waist,MLP,Full Finetune,HAR,RW-Waist,100.0,accuracy,0.1666666716337204,1e-1
RNN,1e-3,MS,MLP,Full Finetune,HAR,MS,1.0,accuracy,0.1854990571737289,1e-3
RNN,1e-1,RW-Waist,MLP,Full Finetune,HAR,RW-Waist,25.0,accuracy,0.1720678955316543,1e-1
RNN,1e-5,UCI,MLP,Full Finetune,HAR,UCI,25.0,accuracy,0.3202898502349853,1e-5
RNN,1e-3,RW-Thigh,MLP,Full Finetune,HAR,RW-Thigh,5.0,accuracy,0.359213262796402,1e-3
RNN,1e-3,KH,MLP,Full Finetune,HAR,KH,200.0,accuracy,0.5,1e-3
RNN,1e-1,RW-Waist,MLP,Full Finetune,HAR,RW-Waist,1.0,accuracy,0.1855709850788116,1e-1
RNN,1e-2,RW-Waist,MLP,Full Finetune,HAR,RW-Waist,1000.0,accuracy,0.6844135522842407,1e-2
RNN,1e-5,KH,MLP,Full Finetune,HAR,KH,1000.0,accuracy,0.5208333134651184,1e-5
IMU Transformer,1e-1,WISDM,MLP,Full Finetune,HAR,WISDM,1000.0,accuracy,0.25,1e-1
RNN,1e-2,RW-Waist,MLP,Full Finetune,HAR,RW-Waist,10.0,accuracy,0.3491512238979339,1e-2
RNN,1e-2,WISDM,MLP,Full Finetune,HAR,WISDM,10.0,accuracy,0.5748847723007202,1e-2
RNN,1e-3,KH,MLP,Full Finetune,HAR,KH,25.0,accuracy,0.4513888955116272,1e-3
RNN,1e-4,RW-Thigh,MLP,Full Finetune,HAR,RW-Thigh,200.0,accuracy,0.6138716340065002,1e-4
RNN,1e-3,UCI,MLP,Full Finetune,HAR,UCI,1.0,accuracy,0.1971014440059662,1e-3
RNN,1e-3,RW-Waist,MLP,Full Finetune,HAR,RW-Waist,100.0,accuracy,0.6053240895271301,1e-3
RNN,1e-3,MS,MLP,Full Finetune,HAR,MS,1000.0,accuracy,0.7721280455589294,1e-3
RNN,1e-4,RW-Waist,MLP,Full Finetune,HAR,RW-Waist,5.0,accuracy,0.3113425970077514,1e-4
RNN,1e-5,WISDM,MLP,Full Finetune,HAR,WISDM,1000.0,accuracy,0.725806474685669,1e-5
RNN,1e-2,WISDM,MLP,Full Finetune,HAR,WISDM,200.0,accuracy,0.7081413269042969,1e-2
RNN,1e-2,KH,MLP,Full Finetune,HAR,KH,10.0,accuracy,0.4236111044883728,1e-2
RNN,1e-5,RW-Thigh,MLP,Full Finetune,HAR,RW-Thigh,10.0,accuracy,0.1880607306957245,1e-5
RNN,1e-4,RW-Waist,MLP,Full Finetune,HAR,RW-Waist,5.0,accuracy,0.327160507440567,1e-4
RNN,1e-5,KH,MLP,Full Finetune,HAR,KH,10.0,accuracy,0.2152777761220932,1e-5
RNN,1e-2,KH,MLP,Full Finetune,HAR,KH,10.0,accuracy,0.4930555522441864,1e-2
RNN,1e-4,KH,MLP,Full Finetune,HAR,KH,5.0,accuracy,0.3888888955116272,1e-4
RNN,1e-3,RW-Waist,MLP,Full Finetune,HAR,RW-Waist,1000.0,accuracy,0.727623462677002,1e-3
RNN,1e-4,RW-Thigh,MLP,Full Finetune,HAR,RW-Thigh,100.0,accuracy,0.6297446489334106,1e-4
RNN,1e-1,MS,MLP,Full Finetune,HAR,MS,50.0,accuracy,0.1676082909107208,1e-1
RNN,1e-5,KH,MLP,Full Finetune,HAR,KH,1.0,accuracy,0.1666666716337204,1e-5
RNN,1e-2,RW-Waist,MLP,Full Finetune,HAR,RW-Waist,5.0,accuracy,0.3441357910633087,1e-2
RNN,1e-2,MS,MLP,Full Finetune,HAR,MS,1000.0,accuracy,0.8323917388916016,1e-2
RNN,1e-3,RW-Waist,MLP,Full Finetune,HAR,RW-Waist,50.0,accuracy,0.5219907164573669,1e-3
RNN,1e-4,RW-Thigh,MLP,Full Finetune,HAR,RW-Thigh,200.0,accuracy,0.5414078831672668,1e-4
RNN,1e-1,WISDM,MLP,Full Finetune,HAR,WISDM,1.0,accuracy,0.2546083033084869,1e-1
RNN,1e-4,RW-Thigh,MLP,Full Finetune,HAR,RW-Thigh,50.0,accuracy,0.5314009785652161,1e-4
RNN,1e-5,WISDM,MLP,Full Finetune,HAR,WISDM,10.0,accuracy,0.2826420962810516,1e-5
RNN,1e-5,WISDM,MLP,Full Finetune,HAR,WISDM,1.0,accuracy,0.3352534472942352,1e-5
RNN,1e-5,UCI,MLP,Full Finetune,HAR,UCI,100.0,accuracy,0.4202898442745209,1e-5
RNN,1e-4,RW-Waist,MLP,Full Finetune,HAR,RW-Waist,10.0,accuracy,0.3746142089366913,1e-4
RNN,1e-5,MS,MLP,Full Finetune,HAR,MS,25.0,accuracy,0.4133709967136383,1e-5
RNN,1e-3,RW-Thigh,MLP,Full Finetune,HAR,RW-Thigh,1.0,accuracy,0.2950310707092285,1e-3
RNN,1e-5,RW-Waist,MLP,Full Finetune,HAR,RW-Waist,25.0,accuracy,0.3568672835826874,1e-5
RNN,1e-4,RW-Waist,MLP,Full Finetune,HAR,RW-Waist,10.0,accuracy,0.3587962985038757,1e-4
RNN,1e-1,UCI,MLP,Full Finetune,HAR,UCI,100.0,accuracy,0.2014492750167846,1e-1
RNN,1e-5,UCI,MLP,Full Finetune,HAR,UCI,25.0,accuracy,0.2246376872062683,1e-5
RNN,1e-1,WISDM,MLP,Full Finetune,HAR,WISDM,1000.0,accuracy,0.25,1e-1
RNN,1e-2,MS,MLP,Full Finetune,HAR,MS,5.0,accuracy,0.4143126308917999,1e-2
RNN,1e-4,UCI,MLP,Full Finetune,HAR,UCI,10.0,accuracy,0.4000000059604645,1e-4
RNN,1e-1,UCI,MLP,Full Finetune,HAR,UCI,100.0,accuracy,0.2000000029802322,1e-1
RNN,1e-3,RW-Thigh,MLP,Full Finetune,HAR,RW-Thigh,100.0,accuracy,0.5790200233459473,1e-3
RNN,1e-5,RW-Waist,MLP,Full Finetune,HAR,RW-Waist,100.0,accuracy,0.3746142089366913,1e-5
RNN,1e-4,WISDM,MLP,Full Finetune,HAR,WISDM,10.0,accuracy,0.4377880096435547,1e-4
RNN,1e-3,UCI,MLP,Full Finetune,HAR,UCI,1000.0,accuracy,0.7956521511077881,1e-3
RNN,1e-3,UCI,MLP,Full Finetune,HAR,UCI,100.0,accuracy,0.7594202756881714,1e-3
RNN,1e-4,RW-Waist,MLP,Full Finetune,HAR,RW-Waist,50.0,accuracy,0.5694444179534912,1e-4
RNN,1e-1,RW-Waist,MLP,Full Finetune,HAR,RW-Waist,50.0,accuracy,0.1666666716337204,1e-1
RNN,1e-5,RW-Thigh,MLP,Full Finetune,HAR,RW-Thigh,10.0,accuracy,0.159765362739563,1e-5
RNN,1e-3,KH,MLP,Full Finetune,HAR,KH,10.0,accuracy,0.4444444477558136,1e-3
RNN,1e-1,RW-Waist,MLP,Full Finetune,HAR,RW-Waist,5.0,accuracy,0.1666666716337204,1e-1
RNN,1e-4,MS,MLP,Full Finetune,HAR,MS,100.0,accuracy,0.7250470519065857,1e-4
RNN,1e-5,KH,MLP,Full Finetune,HAR,KH,10.0,accuracy,0.2222222238779068,1e-5
RNN,1e-2,RW-Thigh,MLP,Full Finetune,HAR,RW-Thigh,200.0,accuracy,0.6452726125717163,1e-2
RNN,1e-3,UCI,MLP,Full Finetune,HAR,UCI,10.0,accuracy,0.5478261113166809,1e-3
RNN,1e-5,RW-Waist,MLP,Full Finetune,HAR,RW-Waist,200.0,accuracy,0.4594907462596893,1e-5
RNN,1e-3,RW-Waist,MLP,Full Finetune,HAR,RW-Waist,50.0,accuracy,0.5709876418113708,1e-3
RNN,1e-2,KH,MLP,Full Finetune,HAR,KH,1.0,accuracy,0.3125,1e-2
RNN,1e-1,MS,MLP,Full Finetune,HAR,MS,100.0,accuracy,0.1666666716337204,1e-1
RNN,1e-1,UCI,MLP,Full Finetune,HAR,UCI,1000.0,accuracy,0.2000000029802322,1e-1
RNN,1e-1,MS,MLP,Full Finetune,HAR,MS,10.0,accuracy,0.1845574378967285,1e-1
RNN,1e-1,WISDM,MLP,Full Finetune,HAR,WISDM,200.0,accuracy,0.280337929725647,1e-1
RNN,1e-1,UCI,MLP,Full Finetune,HAR,UCI,50.0,accuracy,0.2014492750167846,1e-1
RNN,1e-3,WISDM,MLP,Full Finetune,HAR,WISDM,50.0,accuracy,0.6655145883560181,1e-3
RNN,1e-5,UCI,MLP,Full Finetune,HAR,UCI,1000.0,accuracy,0.6608695387840271,1e-5
RNN,1e-2,KH,MLP,Full Finetune,HAR,KH,50.0,accuracy,0.5208333134651184,1e-2
RNN,1e-1,KH,MLP,Full Finetune,HAR,KH,25.0,accuracy,0.1736111044883728,1e-1
RNN,1e-4,RW-Waist,MLP,Full Finetune,HAR,RW-Waist,25.0,accuracy,0.46875,1e-4
RNN,1e-1,RW-Thigh,MLP,Full Finetune,HAR,RW-Thigh,1.0,accuracy,0.1953071057796478,1e-1
RNN,1e-2,WISDM,MLP,Full Finetune,HAR,WISDM,5.0,accuracy,0.4623655974864959,1e-2
RNN,1e-1,RW-Thigh,MLP,Full Finetune,HAR,RW-Thigh,100.0,accuracy,0.1649413406848907,1e-1
RNN,1e-1,WISDM,MLP,Full Finetune,HAR,WISDM,200.0,accuracy,0.25,1e-1
RNN,1e-4,KH,MLP,Full Finetune,HAR,KH,50.0,accuracy,0.5277777910232544,1e-4
RNN,1e-4,KH,MLP,Full Finetune,HAR,KH,25.0,accuracy,0.4375,1e-4
RNN,1e-3,UCI,MLP,Full Finetune,HAR,UCI,25.0,accuracy,0.6536231637001038,1e-3
RNN,1e-2,MS,MLP,Full Finetune,HAR,MS,1.0,accuracy,0.3286252319812774,1e-2
RNN,1e-1,UCI,MLP,Full Finetune,HAR,UCI,25.0,accuracy,0.2000000029802322,1e-1
RNN,1e-5,KH,MLP,Full Finetune,HAR,KH,5.0,accuracy,0.2152777761220932,1e-5
RNN,1e-5,MS,MLP,Full Finetune,HAR,MS,100.0,accuracy,0.4472692906856537,1e-5
RNN,1e-5,WISDM,MLP,Full Finetune,HAR,WISDM,5.0,accuracy,0.4374040067195892,1e-5
RNN,1e-4,KH,MLP,Full Finetune,HAR,KH,1.0,accuracy,0.3055555522441864,1e-4
RNN,1e-4,UCI,MLP,Full Finetune,HAR,UCI,1.0,accuracy,0.313043475151062,1e-4
RNN,1e-1,KH,MLP,Full Finetune,HAR,KH,25.0,accuracy,0.1666666716337204,1e-1
RNN,1e-3,RW-Waist,MLP,Full Finetune,HAR,RW-Waist,25.0,accuracy,0.4926697611808777,1e-3
RNN,1e-5,RW-Waist,MLP,Full Finetune,HAR,RW-Waist,50.0,accuracy,0.3410493731498718,1e-5
RNN,1e-4,RW-Thigh,MLP,Full Finetune,HAR,RW-Thigh,100.0,accuracy,0.5734989643096924,1e-4
RNN,1e-1,UCI,MLP,Full Finetune,HAR,UCI,1.0,accuracy,0.1579710096120834,1e-1
RNN,1e-2,KH,MLP,Full Finetune,HAR,KH,200.0,accuracy,0.6458333134651184,1e-2
RNN,1e-5,WISDM,MLP,Full Finetune,HAR,WISDM,1.0,accuracy,0.1939324140548706,1e-5
RNN,1e-3,UCI,MLP,Full Finetune,HAR,UCI,1000.0,accuracy,0.7884057760238647,1e-3
RNN,1e-3,RW-Thigh,MLP,Full Finetune,HAR,RW-Thigh,50.0,accuracy,0.4637681245803833,1e-3
RNN,1e-5,UCI,MLP,Full Finetune,HAR,UCI,10.0,accuracy,0.3550724685192108,1e-5
RNN,1e-4,WISDM,MLP,Full Finetune,HAR,WISDM,200.0,accuracy,0.7200461030006409,1e-4
RNN,1e-1,KH,MLP,Full Finetune,HAR,KH,10.0,accuracy,0.1666666716337204,1e-1
RNN,1e-2,MS,MLP,Full Finetune,HAR,MS,200.0,accuracy,0.7382297515869141,1e-2
RNN,1e-1,RW-Thigh,MLP,Full Finetune,HAR,RW-Thigh,1000.0,accuracy,0.1666666716337204,1e-1
RNN,1e-2,UCI,MLP,Full Finetune,HAR,UCI,5.0,accuracy,0.2130434811115265,1e-2
RNN,1e-5,MS,MLP,Full Finetune,HAR,MS,200.0,accuracy,0.5131826996803284,1e-5
RNN,1e-2,RW-Thigh,MLP,Full Finetune,HAR,RW-Thigh,100.0,accuracy,0.4799861907958984,1e-2
RNN,1e-2,KH,MLP,Full Finetune,HAR,KH,100.0,accuracy,0.4861111044883728,1e-2
RNN,1e-5,MS,MLP,Full Finetune,HAR,MS,5.0,accuracy,0.3041431307792663,1e-5
RNN,1e-2,UCI,MLP,Full Finetune,HAR,UCI,200.0,accuracy,0.782608687877655,1e-2
RNN,1e-4,WISDM,MLP,Full Finetune,HAR,WISDM,100.0,accuracy,0.7058371901512146,1e-4
RNN,1e-2,MS,MLP,Full Finetune,HAR,MS,25.0,accuracy,0.4849340915679931,1e-2
RNN,1e-3,RW-Waist,MLP,Full Finetune,HAR,RW-Waist,100.0,accuracy,0.5779321193695068,1e-3
RNN,1e-3,RW-Thigh,MLP,Full Finetune,HAR,RW-Thigh,200.0,accuracy,0.580400288105011,1e-3
RNN,1e-4,WISDM,MLP,Full Finetune,HAR,WISDM,1000.0,accuracy,0.7338709831237793,1e-4
RNN,1e-1,RW-Thigh,MLP,Full Finetune,HAR,RW-Thigh,200.0,accuracy,0.1663216054439544,1e-1
RNN,1e-1,MS,MLP,Full Finetune,HAR,MS,200.0,accuracy,0.1666666716337204,1e-1
RNN,1e-4,KH,MLP,Full Finetune,HAR,KH,200.0,accuracy,0.5,1e-4
RNN,1e-3,WISDM,MLP,Full Finetune,HAR,WISDM,1.0,accuracy,0.3917050659656524,1e-3
RNN,1e-1,UCI,MLP,Full Finetune,HAR,UCI,25.0,accuracy,0.2000000029802322,1e-1
RNN,1e-2,KH,MLP,Full Finetune,HAR,KH,10.0,accuracy,0.2361111044883728,1e-2
RNN,1e-2,RW-Thigh,MLP,Full Finetune,HAR,RW-Thigh,1000.0,accuracy,0.5020703673362732,1e-2
RNN,1e-5,RW-Thigh,MLP,Full Finetune,HAR,RW-Thigh,200.0,accuracy,0.4054520428180694,1e-5
RNN,1e-1,RW-Thigh,MLP,Full Finetune,HAR,RW-Thigh,1.0,accuracy,0.1683919876813888,1e-1
RNN,1e-4,MS,MLP,Full Finetune,HAR,MS,1000.0,accuracy,0.8333333134651184,1e-4
RNN,1e-5,RW-Thigh,MLP,Full Finetune,HAR,RW-Thigh,1.0,accuracy,0.2073844075202942,1e-5
CNN PF,1e-2,MS,MLP,Full Finetune,HAR,MS,50.0,accuracy,0.1666666716337204,1e-2
RNN,1e-5,RW-Waist,MLP,Full Finetune,HAR,RW-Waist,50.0,accuracy,0.323688268661499,1e-5
RNN,1e-4,KH,MLP,Full Finetune,HAR,KH,25.0,accuracy,0.4861111044883728,1e-4
RNN,1e-1,UCI,MLP,Full Finetune,HAR,UCI,5.0,accuracy,0.2072463780641555,1e-1
RNN,1e-5,KH,MLP,Full Finetune,HAR,KH,200.0,accuracy,0.4722222089767456,1e-5
RNN,1e-1,KH,MLP,Full Finetune,HAR,KH,100.0,accuracy,0.3402777910232544,1e-1
RNN,1e-4,RW-Waist,MLP,Full Finetune,HAR,RW-Waist,200.0,accuracy,0.6134259104728699,1e-4
RNN,1e-5,MS,MLP,Full Finetune,HAR,MS,10.0,accuracy,0.2655367255210876,1e-5
RNN,1e-2,KH,MLP,Full Finetune,HAR,KH,1000.0,accuracy,0.6041666865348816,1e-2
IMU Transformer,1e-1,KH,MLP,Full Finetune,HAR,KH,1000.0,accuracy,0.1666666716337204,1e-1
RNN,1e-3,RW-Thigh,MLP,Full Finetune,HAR,RW-Thigh,50.0,accuracy,0.5786749720573425,1e-3
RNN,1e-4,KH,MLP,Full Finetune,HAR,KH,1.0,accuracy,0.375,1e-4
RNN,1e-5,KH,MLP,Full Finetune,HAR,KH,5.0,accuracy,0.3125,1e-5
RNN,1e-5,MS,MLP,Full Finetune,HAR,MS,1.0,accuracy,0.1563088446855545,1e-5
RNN,1e-2,MS,MLP,Full Finetune,HAR,MS,10.0,accuracy,0.505649745464325,1e-2
RNN,1e-2,KH,MLP,Full Finetune,HAR,KH,1.0,accuracy,0.3402777910232544,1e-2
RNN,1e-3,RW-Thigh,MLP,Full Finetune,HAR,RW-Thigh,5.0,accuracy,0.3574879169464111,1e-3
IMU Transformer,1e-1,KH,MLP,Full Finetune,HAR,KH,1000.0,accuracy,0.1666666716337204,1e-1
RNN,1e-4,WISDM,MLP,Full Finetune,HAR,WISDM,200.0,accuracy,0.7250384092330933,1e-4
RNN,1e-2,RW-Thigh,MLP,Full Finetune,HAR,RW-Thigh,1000.0,accuracy,0.6059351563453674,1e-2
RNN,1e-1,WISDM,MLP,Full Finetune,HAR,WISDM,25.0,accuracy,0.251536101102829,1e-1
RNN,1e-1,WISDM,MLP,Full Finetune,HAR,WISDM,50.0,accuracy,0.2503840327262878,1e-1
RNN,1e-2,MS,MLP,Full Finetune,HAR,MS,200.0,accuracy,0.7853107452392578,1e-2
CNN PF,1e-2,MS,MLP,Full Finetune,HAR,MS,1000.0,accuracy,0.1666666716337204,1e-2
RNN,1e-3,MS,MLP,Full Finetune,HAR,MS,200.0,accuracy,0.7514124512672424,1e-3
RNN,1e-4,KH,MLP,Full Finetune,HAR,KH,1000.0,accuracy,0.5069444179534912,1e-4
RNN,1e-4,RW-Waist,MLP,Full Finetune,HAR,RW-Waist,200.0,accuracy,0.6500771641731262,1e-4
RNN,1e-5,RW-Thigh,MLP,Full Finetune,HAR,RW-Thigh,1000.0,accuracy,0.5976535677909851,1e-5
RNN,1e-2,UCI,MLP,Full Finetune,HAR,UCI,25.0,accuracy,0.5710144639015198,1e-2
RNN,1e-5,UCI,MLP,Full Finetune,HAR,UCI,100.0,accuracy,0.417391300201416,1e-5
RNN,1e-4,WISDM,MLP,Full Finetune,HAR,WISDM,25.0,accuracy,0.6370967626571655,1e-4
RNN,1e-1,MS,MLP,Full Finetune,HAR,MS,5.0,accuracy,0.2005649656057357,1e-1
RNN,1e-3,MS,MLP,Full Finetune,HAR,MS,5.0,accuracy,0.382297545671463,1e-3
RNN,1e-1,RW-Thigh,MLP,Full Finetune,HAR,RW-Thigh,1000.0,accuracy,0.1666666716337204,1e-1
RNN,1e-3,UCI,MLP,Full Finetune,HAR,UCI,5.0,accuracy,0.4159420430660248,1e-3
RNN,1e-5,KH,MLP,Full Finetune,HAR,KH,25.0,accuracy,0.3194444477558136,1e-5
RNN,1e-5,KH,MLP,Full Finetune,HAR,KH,50.0,accuracy,0.3541666567325592,1e-5
RNN,1e-3,RW-Waist,MLP,Full Finetune,HAR,RW-Waist,50.0,accuracy,0.5895061492919922,1e-3
RNN,1e-5,RW-Waist,MLP,Full Finetune,HAR,RW-Waist,5.0,accuracy,0.2496141940355301,1e-5
RNN,1e-4,UCI,MLP,Full Finetune,HAR,UCI,1000.0,accuracy,0.7869565486907959,1e-4
RNN,1e-4,WISDM,MLP,Full Finetune,HAR,WISDM,50.0,accuracy,0.7104454636573792,1e-4
RNN,1e-1,RW-Thigh,MLP,Full Finetune,HAR,RW-Thigh,5.0,accuracy,0.1666666716337204,1e-1
RNN,1e-2,RW-Waist,MLP,Full Finetune,HAR,RW-Waist,1000.0,accuracy,0.7476851940155029,1e-2
RNN,1e-2,RW-Thigh,MLP,Full Finetune,HAR,RW-Thigh,50.0,accuracy,0.5017253160476685,1e-2
RNN,1e-5,UCI,MLP,Full Finetune,HAR,UCI,5.0,accuracy,0.0144927538931369,1e-5
RNN,1e-4,UCI,MLP,Full Finetune,HAR,UCI,25.0,accuracy,0.469565212726593,1e-4
RNN,1e-3,MS,MLP,Full Finetune,HAR,MS,200.0,accuracy,0.7683615684509277,1e-3
RNN,1e-2,UCI,MLP,Full Finetune,HAR,UCI,50.0,accuracy,0.7623188495635986,1e-2
RNN,1e-5,MS,MLP,Full Finetune,HAR,MS,25.0,accuracy,0.2806026339530945,1e-5
RNN,1e-2,WISDM,MLP,Full Finetune,HAR,WISDM,100.0,accuracy,0.7008448243141174,1e-2
RNN,1e-2,RW-Waist,MLP,Full Finetune,HAR,RW-Waist,25.0,accuracy,0.4675925970077514,1e-2
RNN,1e-2,RW-Waist,MLP,Full Finetune,HAR,RW-Waist,50.0,accuracy,0.5351080298423767,1e-2
RNN,1e-2,WISDM,MLP,Full Finetune,HAR,WISDM,50.0,accuracy,0.6743471622467041,1e-2
RNN,1e-3,MS,MLP,Full Finetune,HAR,MS,5.0,accuracy,0.2570621371269226,1e-3
RNN,1e-2,MS,MLP,Full Finetune,HAR,MS,1000.0,accuracy,0.7532956600189209,1e-2
RNN,1e-5,WISDM,MLP,Full Finetune,HAR,WISDM,5.0,accuracy,0.3091397881507873,1e-5
RNN,1e-1,RW-Thigh,MLP,Full Finetune,HAR,RW-Thigh,25.0,accuracy,0.1690821200609207,1e-1
RNN,1e-5,RW-Waist,MLP,Full Finetune,HAR,RW-Waist,10.0,accuracy,0.1813271641731262,1e-5
RNN,1e-4,KH,MLP,Full Finetune,HAR,KH,100.0,accuracy,0.4791666567325592,1e-4
RNN,1e-4,UCI,MLP,Full Finetune,HAR,UCI,1.0,accuracy,0.3318840563297272,1e-4
IMU Transformer,1e-1,RW-Thigh,MLP,Full Finetune,HAR,RW-Thigh,1000.0,accuracy,0.1666666716337204,1e-1
RNN,1e-4,RW-Thigh,MLP,Full Finetune,HAR,RW-Thigh,5.0,accuracy,0.3285024166107178,1e-4
RNN,1e-5,WISDM,MLP,Full Finetune,HAR,WISDM,200.0,accuracy,0.6148233413696289,1e-5
IMU Transformer,1e-1,UCI,MLP,Full Finetune,HAR,UCI,200.0,accuracy,0.2000000029802322,1e-1
RNN,1e-5,WISDM,MLP,Full Finetune,HAR,WISDM,10.0,accuracy,0.0798771157860755,1e-5
RNN,1e-1,WISDM,MLP,Full Finetune,HAR,WISDM,5.0,accuracy,0.2653609812259674,1e-1
RNN,1e-3,RW-Thigh,MLP,Full Finetune,HAR,RW-Thigh,10.0,accuracy,0.341269850730896,1e-3
RNN,1e-2,RW-Waist,MLP,Full Finetune,HAR,RW-Waist,200.0,accuracy,0.6168981194496155,1e-2
RNN,1e-1,RW-Waist,MLP,Full Finetune,HAR,RW-Waist,5.0,accuracy,0.1581790149211883,1e-1
RNN,1e-1,WISDM,MLP,Full Finetune,HAR,WISDM,1.0,accuracy,0.2188940048217773,1e-1
RNN,1e-1,WISDM,MLP,Full Finetune,HAR,WISDM,10.0,accuracy,0.329877108335495,1e-1
RNN,1e-2,KH,MLP,Full Finetune,HAR,KH,5.0,accuracy,0.1736111044883728,1e-2
RNN,1e-4,RW-Thigh,MLP,Full Finetune,HAR,RW-Thigh,1000.0,accuracy,0.6366459727287292,1e-4
RNN,1e-4,UCI,MLP,Full Finetune,HAR,UCI,100.0,accuracy,0.8014492988586426,1e-4
RNN,1e-2,RW-Waist,MLP,Full Finetune,HAR,RW-Waist,100.0,accuracy,0.6369598507881165,1e-2
RNN,1e-5,RW-Waist,MLP,Full Finetune,HAR,RW-Waist,200.0,accuracy,0.4517746865749359,1e-5
RNN,1e-1,RW-Thigh,MLP,Full Finetune,HAR,RW-Thigh,1.0,accuracy,0.1697722524404525,1e-1
RNN,1e-2,KH,MLP,Full Finetune,HAR,KH,50.0,accuracy,0.4513888955116272,1e-2
RNN,1e-5,UCI,MLP,Full Finetune,HAR,UCI,200.0,accuracy,0.5289855003356934,1e-5
RNN,1e-5,UCI,MLP,Full Finetune,HAR,UCI,200.0,accuracy,0.4884057939052582,1e-5
RNN,1e-5,RW-Thigh,MLP,Full Finetune,HAR,RW-Thigh,1000.0,accuracy,0.5893719792366028,1e-5
RNN,1e-4,KH,MLP,Full Finetune,HAR,KH,5.0,accuracy,0.3958333432674408,1e-4
RNN,1e-2,KH,MLP,Full Finetune,HAR,KH,25.0,accuracy,0.3611111044883728,1e-2
RNN,1e-3,KH,MLP,Full Finetune,HAR,KH,100.0,accuracy,0.5277777910232544,1e-3
RNN,1e-2,RW-Thigh,MLP,Full Finetune,HAR,RW-Thigh,1.0,accuracy,0.1608005464076995,1e-2
RNN,1e-5,UCI,MLP,Full Finetune,HAR,UCI,5.0,accuracy,0.2101449221372604,1e-5
RNN,1e-4,UCI,MLP,Full Finetune,HAR,UCI,50.0,accuracy,0.695652186870575,1e-4
RNN,1e-4,MS,MLP,Full Finetune,HAR,MS,200.0,accuracy,0.721280574798584,1e-4
RNN,1e-4,WISDM,MLP,Full Finetune,HAR,WISDM,25.0,accuracy,0.6543778777122498,1e-4
RNN,1e-2,MS,MLP,Full Finetune,HAR,MS,1.0,accuracy,0.1789077222347259,1e-2
RNN,1e-2,KH,MLP,Full Finetune,HAR,KH,5.0,accuracy,0.3125,1e-2
RNN,1e-5,UCI,MLP,Full Finetune,HAR,UCI,25.0,accuracy,0.3463768064975738,1e-5
RNN,1e-5,KH,MLP,Full Finetune,HAR,KH,1000.0,accuracy,0.5625,1e-5
RNN,1e-2,RW-Waist,MLP,Full Finetune,HAR,RW-Waist,10.0,accuracy,0.4027777910232544,1e-2
RNN,1e-2,MS,MLP,Full Finetune,HAR,MS,50.0,accuracy,0.5367231369018555,1e-2
RNN,1e-2,RW-Waist,MLP,Full Finetune,HAR,RW-Waist,200.0,accuracy,0.6724537014961243,1e-2
RNN,1e-1,RW-Waist,MLP,Full Finetune,HAR,RW-Waist,1000.0,accuracy,0.1666666716337204,1e-1
RNN,1e-4,KH,MLP,Full Finetune,HAR,KH,50.0,accuracy,0.5625,1e-4
RNN,1e-1,UCI,MLP,Full Finetune,HAR,UCI,1000.0,accuracy,0.2000000029802322,1e-1
RNN,1e-4,KH,MLP,Full Finetune,HAR,KH,1000.0,accuracy,0.5555555820465088,1e-4
CNN PF,1e-2,MS,MLP,Full Finetune,HAR,MS,100.0,accuracy,0.1666666716337204,1e-2
RNN,1e-3,RW-Thigh,MLP,Full Finetune,HAR,RW-Thigh,25.0,accuracy,0.4575569331645965,1e-3
RNN,1e-1,RW-Thigh,MLP,Full Finetune,HAR,RW-Thigh,100.0,accuracy,0.1666666716337204,1e-1
RNN,1e-5,RW-Thigh,MLP,Full Finetune,HAR,RW-Thigh,50.0,accuracy,0.2267080694437027,1e-5
RNN,1e-2,MS,MLP,Full Finetune,HAR,MS,1000.0,accuracy,0.81732577085495,1e-2
RNN,1e-3,WISDM,MLP,Full Finetune,HAR,WISDM,10.0,accuracy,0.5522273182868958,1e-3
RNN,1e-5,UCI,MLP,Full Finetune,HAR,UCI,10.0,accuracy,0.2724637687206268,1e-5
RNN,1e-1,UCI,MLP,Full Finetune,HAR,UCI,200.0,accuracy,0.2000000029802322,1e-1
RNN,1e-5,MS,MLP,Full Finetune,HAR,MS,50.0,accuracy,0.382297545671463,1e-5
RNN,1e-5,UCI,MLP,Full Finetune,HAR,UCI,50.0,accuracy,0.2000000029802322,1e-5
RNN,1e-1,RW-Waist,MLP,Full Finetune,HAR,RW-Waist,200.0,accuracy,0.1666666716337204,1e-1
RNN,1e-5,MS,MLP,Full Finetune,HAR,MS,200.0,accuracy,0.5649717450141907,1e-5
RNN,1e-2,UCI,MLP,Full Finetune,HAR,UCI,1000.0,accuracy,0.800000011920929,1e-2
RNN,1e-2,RW-Thigh,MLP,Full Finetune,HAR,RW-Thigh,5.0,accuracy,0.3198757767677307,1e-2
RNN,1e-5,UCI,MLP,Full Finetune,HAR,UCI,1000.0,accuracy,0.613043487071991,1e-5
RNN,1e-2,WISDM,MLP,Full Finetune,HAR,WISDM,1000.0,accuracy,0.7204301357269287,1e-2
RNN,1e-3,WISDM,MLP,Full Finetune,HAR,WISDM,1000.0,accuracy,0.8141320943832397,1e-3
RNN,1e-3,KH,MLP,Full Finetune,HAR,KH,50.0,accuracy,0.4583333432674408,1e-3
RNN,1e-1,WISDM,MLP,Full Finetune,HAR,WISDM,50.0,accuracy,0.2542242705821991,1e-1
RNN,1e-4,RW-Thigh,MLP,Full Finetune,HAR,RW-Thigh,1000.0,accuracy,0.6155969500541687,1e-4
RNN,1e-3,KH,MLP,Full Finetune,HAR,KH,1.0,accuracy,0.25,1e-3
RNN,1e-4,KH,MLP,Full Finetune,HAR,KH,1000.0,accuracy,0.5277777910232544,1e-4
RNN,1e-3,UCI,MLP,Full Finetune,HAR,UCI,5.0,accuracy,0.2289855033159256,1e-3
RNN,1e-3,WISDM,MLP,Full Finetune,HAR,WISDM,200.0,accuracy,0.671658992767334,1e-3
RNN,1e-2,UCI,MLP,Full Finetune,HAR,UCI,1.0,accuracy,0.2173912972211837,1e-2
RNN,1e-2,RW-Thigh,MLP,Full Finetune,HAR,RW-Thigh,10.0,accuracy,0.4047619104385376,1e-2
RNN,1e-2,RW-Waist,MLP,Full Finetune,HAR,RW-Waist,1.0,accuracy,0.1979166716337204,1e-2
RNN,1e-3,MS,MLP,Full Finetune,HAR,MS,25.0,accuracy,0.5244821310043335,1e-3
RNN,1e-1,MS,MLP,Full Finetune,HAR,MS,50.0,accuracy,0.1694915294647216,1e-1
RNN,1e-3,MS,MLP,Full Finetune,HAR,MS,1000.0,accuracy,0.7796609997749329,1e-3
RNN,1e-5,MS,MLP,Full Finetune,HAR,MS,1000.0,accuracy,0.709039568901062,1e-5
RNN,1e-2,WISDM,MLP,Full Finetune,HAR,WISDM,5.0,accuracy,0.4496927857398987,1e-2
CNN PF,1e-2,RW-Waist,MLP,Full Finetune,HAR,RW-Waist,200.0,accuracy,0.1666666716337204,1e-2
RNN,1e-1,MS,MLP,Full Finetune,HAR,MS,10.0,accuracy,0.1657250523567199,1e-1
IMU Transformer,1e-1,RW-Thigh,MLP,Full Finetune,HAR,RW-Thigh,200.0,accuracy,0.1666666716337204,1e-1
RNN,1e-2,WISDM,MLP,Full Finetune,HAR,WISDM,1.0,accuracy,0.4143625199794769,1e-2
RNN,1e-4,UCI,MLP,Full Finetune,HAR,UCI,200.0,accuracy,0.782608687877655,1e-4
RNN,1e-4,WISDM,MLP,Full Finetune,HAR,WISDM,5.0,accuracy,0.4454685151576996,1e-4
RNN,1e-5,RW-Thigh,MLP,Full Finetune,HAR,RW-Thigh,1.0,accuracy,0.2370600402355194,1e-5
RNN,1e-5,KH,MLP,Full Finetune,HAR,KH,25.0,accuracy,0.2986111044883728,1e-5
RNN,1e-5,RW-Thigh,MLP,Full Finetune,HAR,RW-Thigh,25.0,accuracy,0.1828847527503967,1e-5
RNN,1e-4,UCI,MLP,Full Finetune,HAR,UCI,1000.0,accuracy,0.7797101736068726,1e-4
RNN,1e-5,RW-Waist,MLP,Full Finetune,HAR,RW-Waist,10.0,accuracy,0.2696759402751922,1e-5
RNN,1e-2,UCI,MLP,Full Finetune,HAR,UCI,200.0,accuracy,0.7884057760238647,1e-2
RNN,1e-5,RW-Thigh,MLP,Full Finetune,HAR,RW-Thigh,200.0,accuracy,0.468944102525711,1e-5
RNN,1e-1,KH,MLP,Full Finetune,HAR,KH,1.0,accuracy,0.1875,1e-1
RNN,1e-4,RW-Waist,MLP,Full Finetune,HAR,RW-Waist,1000.0,accuracy,0.7056326866149902,1e-4
RNN,1e-3,KH,MLP,Full Finetune,HAR,KH,25.0,accuracy,0.4652777910232544,1e-3
RNN,1e-2,MS,MLP,Full Finetune,HAR,MS,25.0,accuracy,0.4482109248638153,1e-2
RNN,1e-5,WISDM,MLP,Full Finetune,HAR,WISDM,1000.0,accuracy,0.7542242407798767,1e-5
RNN,1e-1,WISDM,MLP,Full Finetune,HAR,WISDM,50.0,accuracy,0.2542242705821991,1e-1
RNN,1e-4,MS,MLP,Full Finetune,HAR,MS,1.0,accuracy,0.3286252319812774,1e-4
RNN,1e-4,RW-Thigh,MLP,Full Finetune,HAR,RW-Thigh,50.0,accuracy,0.5013802647590637,1e-4
RNN,1e-1,KH,MLP,Full Finetune,HAR,KH,25.0,accuracy,0.1666666716337204,1e-1
RNN,1e-5,KH,MLP,Full Finetune,HAR,KH,200.0,accuracy,0.4583333432674408,1e-5
RNN,1e-4,RW-Thigh,MLP,Full Finetune,HAR,RW-Thigh,10.0,accuracy,0.359213262796402,1e-4
RNN,1e-2,UCI,MLP,Full Finetune,HAR,UCI,10.0,accuracy,0.4898550808429718,1e-2
RNN,1e-1,MS,MLP,Full Finetune,HAR,MS,1.0,accuracy,0.2683615684509277,1e-1
CNN PF,1e-2,MS,MLP,Full Finetune,HAR,MS,100.0,accuracy,0.1666666716337204,1e-2
RNN,1e-4,KH,MLP,Full Finetune,HAR,KH,100.0,accuracy,0.5625,1e-4
RNN,1e-5,MS,MLP,Full Finetune,HAR,MS,10.0,accuracy,0.2693032026290893,1e-5
RNN,1e-3,RW-Waist,MLP,Full Finetune,HAR,RW-Waist,1.0,accuracy,0.1994598805904388,1e-3
RNN,1e-2,UCI,MLP,Full Finetune,HAR,UCI,10.0,accuracy,0.4985507130622864,1e-2
RNN,1e-5,UCI,MLP,Full Finetune,HAR,UCI,200.0,accuracy,0.5101449489593506,1e-5
RNN,1e-5,MS,MLP,Full Finetune,HAR,MS,1000.0,accuracy,0.6986817121505737,1e-5
RNN,1e-5,RW-Waist,MLP,Full Finetune,HAR,RW-Waist,5.0,accuracy,0.1489197462797165,1e-5
RNN,1e-5,RW-Thigh,MLP,Full Finetune,HAR,RW-Thigh,50.0,accuracy,0.3305728137493133,1e-5
RNN,1e-1,RW-Thigh,MLP,Full Finetune,HAR,RW-Thigh,50.0,accuracy,0.1666666716337204,1e-1
RNN,1e-5,RW-Waist,MLP,Full Finetune,HAR,RW-Waist,50.0,accuracy,0.2561728358268738,1e-5
RNN,1e-5,WISDM,MLP,Full Finetune,HAR,WISDM,50.0,accuracy,0.4873271882534027,1e-5
RNN,1e-2,KH,MLP,Full Finetune,HAR,KH,100.0,accuracy,0.5555555820465088,1e-2
RNN,1e-4,KH,MLP,Full Finetune,HAR,KH,10.0,accuracy,0.3958333432674408,1e-4
RNN,1e-4,KH,MLP,Full Finetune,HAR,KH,50.0,accuracy,0.4791666567325592,1e-4
RNN,1e-4,UCI,MLP,Full Finetune,HAR,UCI,1.0,accuracy,0.3782608807086944,1e-4
RNN,1e-2,KH,MLP,Full Finetune,HAR,KH,1000.0,accuracy,0.6388888955116272,1e-2
RNN,1e-2,RW-Waist,MLP,Full Finetune,HAR,RW-Waist,1000.0,accuracy,0.6658950448036194,1e-2
RNN,1e-1,KH,MLP,Full Finetune,HAR,KH,1000.0,accuracy,0.1666666716337204,1e-1
RNN,1e-2,KH,MLP,Full Finetune,HAR,KH,1.0,accuracy,0.25,1e-2
RNN,1e-4,MS,MLP,Full Finetune,HAR,MS,50.0,accuracy,0.5536723136901855,1e-4
RNN,1e-2,MS,MLP,Full Finetune,HAR,MS,10.0,accuracy,0.2372881323099136,1e-2
RNN,1e-5,KH,MLP,Full Finetune,HAR,KH,25.0,accuracy,0.2569444477558136,1e-5
RNN,1e-1,RW-Waist,MLP,Full Finetune,HAR,RW-Waist,10.0,accuracy,0.1770833283662796,1e-1
RNN,1e-5,KH,MLP,Full Finetune,HAR,KH,100.0,accuracy,0.4166666567325592,1e-5
RNN,1e-5,KH,MLP,Full Finetune,HAR,KH,200.0,accuracy,0.4930555522441864,1e-5
CNN PF,1e-1,RW-Thigh,MLP,Full Finetune,HAR,RW-Thigh,25.0,accuracy,0.1666666716337204,1e-1
RNN,1e-2,MS,MLP,Full Finetune,HAR,MS,200.0,accuracy,0.8154425621032715,1e-2
IMU Transformer,1e-1,WISDM,MLP,Full Finetune,HAR,WISDM,200.0,accuracy,0.25,1e-1
RNN,1e-2,RW-Thigh,MLP,Full Finetune,HAR,RW-Thigh,100.0,accuracy,0.464113175868988,1e-2
RNN,1e-5,WISDM,MLP,Full Finetune,HAR,WISDM,50.0,accuracy,0.2849462330341339,1e-5
RNN,1e-4,WISDM,MLP,Full Finetune,HAR,WISDM,1.0,accuracy,0.427419364452362,1e-4
RNN,1e-1,MS,MLP,Full Finetune,HAR,MS,100.0,accuracy,0.1647834330797195,1e-1
TS Encoder,1e-3,KH,MLP,Full Finetune,HAR,KH,100.0,accuracy,0.6388888955116272,1e-3
TS Encoder,1e-4,UCI,MLP,Full Finetune,HAR,UCI,1.0,accuracy,0.5869565010070801,1e-4
TS Encoder,1e-4,MS,MLP,Full Finetune,HAR,MS,100.0,accuracy,0.709039568901062,1e-4
TS Encoder,1e-4,MS,MLP,Full Finetune,HAR,MS,100.0,accuracy,0.7928436994552612,1e-4
TS Encoder,1e-3,WISDM,MLP,Full Finetune,HAR,WISDM,5.0,accuracy,0.4854070544242859,1e-3
TS Encoder,1e-3,RW-Thigh,MLP,Full Finetune,HAR,RW-Thigh,1000.0,accuracy,0.7688060998916626,1e-3
TS Encoder,1e-4,KH,MLP,Full Finetune,HAR,KH,1.0,accuracy,0.3958333432674408,1e-4
TS Encoder,1e-3,WISDM,MLP,Full Finetune,HAR,WISDM,5.0,accuracy,0.6781874299049377,1e-3
TS Encoder,1e-3,KH,MLP,Full Finetune,HAR,KH,50.0,accuracy,0.5347222089767456,1e-3
TS Encoder,1e-3,MS,MLP,Full Finetune,HAR,MS,1.0,accuracy,0.2787193953990936,1e-3
TS Encoder,1e-4,UCI,MLP,Full Finetune,HAR,UCI,10.0,accuracy,0.7014492750167847,1e-4
TS Encoder,1e-4,KH,MLP,Full Finetune,HAR,KH,10.0,accuracy,0.5069444179534912,1e-4
TS Encoder,1e-3,WISDM,MLP,Full Finetune,HAR,WISDM,200.0,accuracy,0.7845622301101685,1e-3
TS Encoder,1e-4,KH,MLP,Full Finetune,HAR,KH,200.0,accuracy,0.6736111044883728,1e-4
TS Encoder,1e-3,UCI,MLP,Full Finetune,HAR,UCI,100.0,accuracy,0.7956521511077881,1e-3
TS Encoder,1e-4,UCI,MLP,Full Finetune,HAR,UCI,100.0,accuracy,0.8086956739425659,1e-4
TS Encoder,1e-3,WISDM,MLP,Full Finetune,HAR,WISDM,10.0,accuracy,0.7069892287254333,1e-3
TS Encoder,1e-3,WISDM,MLP,Full Finetune,HAR,WISDM,200.0,accuracy,0.7599846124649048,1e-3
TS Encoder,1e-4,RW-Thigh,MLP,Full Finetune,HAR,RW-Thigh,200.0,accuracy,0.6949620246887207,1e-4
TS Encoder,1e-3,MS,MLP,Full Finetune,HAR,MS,1000.0,accuracy,0.9482108950614928,1e-3
TS Encoder,1e-4,RW-Waist,MLP,Full Finetune,HAR,RW-Waist,50.0,accuracy,0.676311731338501,1e-4
TS Encoder,1e-3,MS,MLP,Full Finetune,HAR,MS,50.0,accuracy,0.7655367255210876,1e-3
TS Encoder,1e-4,MS,MLP,Full Finetune,HAR,MS,1.0,accuracy,0.3370998203754425,1e-4
TS Encoder,1e-3,WISDM,MLP,Full Finetune,HAR,WISDM,25.0,accuracy,0.7630568146705627,1e-3
TS Encoder,1e-4,RW-Waist,MLP,Full Finetune,HAR,RW-Waist,1.0,accuracy,0.2743055522441864,1e-4
TS Encoder,1e-3,RW-Thigh,MLP,Full Finetune,HAR,RW-Thigh,200.0,accuracy,0.7187715768814087,1e-3
TS Encoder,1e-4,MS,MLP,Full Finetune,HAR,MS,50.0,accuracy,0.6770244836807251,1e-4
TS Encoder,1e-3,MS,MLP,Full Finetune,HAR,MS,25.0,accuracy,0.7448210716247559,1e-3
TS Encoder,1e-4,UCI,MLP,Full Finetune,HAR,UCI,25.0,accuracy,0.7623188495635986,1e-4
TS Encoder,1e-3,MS,MLP,Full Finetune,HAR,MS,1000.0,accuracy,0.921845555305481,1e-3
TS Encoder,1e-3,RW-Thigh,MLP,Full Finetune,HAR,RW-Thigh,50.0,accuracy,0.6518288254737854,1e-3
TS Encoder,1e-4,RW-Thigh,MLP,Full Finetune,HAR,RW-Thigh,5.0,accuracy,0.4499655067920685,1e-4
TS Encoder,1e-3,KH,MLP,Full Finetune,HAR,KH,50.0,accuracy,0.5763888955116272,1e-3
TS Encoder,1e-3,WISDM,MLP,Full Finetune,HAR,WISDM,5.0,accuracy,0.7300307154655457,1e-3
TS Encoder,1e-3,RW-Waist,MLP,Full Finetune,HAR,RW-Waist,50.0,accuracy,0.6601080298423767,1e-3
TS Encoder,1e-3,WISDM,MLP,Full Finetune,HAR,WISDM,1.0,accuracy,0.3667434751987457,1e-3
TS Encoder,1e-4,KH,MLP,Full Finetune,HAR,KH,1.0,accuracy,0.1805555522441864,1e-4
TS Encoder,1e-4,MS,MLP,Full Finetune,HAR,MS,5.0,accuracy,0.4284369051456451,1e-4
TS Encoder,1e-4,KH,MLP,Full Finetune,HAR,KH,10.0,accuracy,0.1666666716337204,1e-4
TS Encoder,1e-3,KH,MLP,Full Finetune,HAR,KH,25.0,accuracy,0.6111111044883728,1e-3
TS Encoder,1e-4,KH,MLP,Full Finetune,HAR,KH,100.0,accuracy,0.6875,1e-4
TS Encoder,1e-4,RW-Thigh,MLP,Full Finetune,HAR,RW-Thigh,25.0,accuracy,0.6618357300758362,1e-4
TS Encoder,1e-4,UCI,MLP,Full Finetune,HAR,UCI,1.0,accuracy,0.47826087474823,1e-4
TS Encoder,1e-3,KH,MLP,Full Finetune,HAR,KH,1.0,accuracy,0.1666666716337204,1e-3
TS Encoder,1e-3,MS,MLP,Full Finetune,HAR,MS,10.0,accuracy,0.6421845555305481,1e-3
TS Encoder,1e-3,RW-Waist,MLP,Full Finetune,HAR,RW-Waist,25.0,accuracy,0.6782407164573669,1e-3
TS Encoder,1e-4,MS,MLP,Full Finetune,HAR,MS,50.0,accuracy,0.6892655491828918,1e-4
TS Encoder,1e-4,KH,MLP,Full Finetune,HAR,KH,200.0,accuracy,0.6527777910232544,1e-4
TS Encoder,1e-4,KH,MLP,Full Finetune,HAR,KH,50.0,accuracy,0.5902777910232544,1e-4
TS Encoder,1e-3,MS,MLP,Full Finetune,HAR,MS,1.0,accuracy,0.1883239150047302,1e-3
TS Encoder,1e-4,WISDM,MLP,Full Finetune,HAR,WISDM,5.0,accuracy,0.5825653076171875,1e-4
TS Encoder,1e-4,MS,MLP,Full Finetune,HAR,MS,200.0,accuracy,0.8559321761131287,1e-4
TS Encoder,1e-4,RW-Waist,MLP,Full Finetune,HAR,RW-Waist,1.0,accuracy,0.439814805984497,1e-4
TS Encoder,1e-4,RW-Thigh,MLP,Full Finetune,HAR,RW-Thigh,1.0,accuracy,0.3002070486545563,1e-4
TS Encoder,1e-4,UCI,MLP,Full Finetune,HAR,UCI,50.0,accuracy,0.7768115997314453,1e-4
TS Encoder,1e-4,RW-Thigh,MLP,Full Finetune,HAR,RW-Thigh,50.0,accuracy,0.657694935798645,1e-4
TS Encoder,1e-4,MS,MLP,Full Finetune,HAR,MS,25.0,accuracy,0.6290018558502197,1e-4
TS Encoder,1e-3,RW-Waist,MLP,Full Finetune,HAR,RW-Waist,1000.0,accuracy,0.7820215821266174,1e-3
TS Encoder,1e-4,UCI,MLP,Full Finetune,HAR,UCI,10.0,accuracy,0.7449275255203247,1e-4
TS Encoder,1e-4,UCI,MLP,Full Finetune,HAR,UCI,200.0,accuracy,0.8753623366355896,1e-4
TS Encoder,1e-3,UCI,MLP,Full Finetune,HAR,UCI,50.0,accuracy,0.895652174949646,1e-3
TS Encoder,1e-4,UCI,MLP,Full Finetune,HAR,UCI,5.0,accuracy,0.7405797243118286,1e-4
TS Encoder,1e-3,RW-Waist,MLP,Full Finetune,HAR,RW-Waist,100.0,accuracy,0.7542438507080078,1e-3
TS Encoder,1e-3,WISDM,MLP,Full Finetune,HAR,WISDM,100.0,accuracy,0.8022273182868958,1e-3
TS Encoder,1e-3,KH,MLP,Full Finetune,HAR,KH,10.0,accuracy,0.5208333134651184,1e-3
TS Encoder,1e-3,WISDM,MLP,Full Finetune,HAR,WISDM,50.0,accuracy,0.7050691246986389,1e-3
TS Encoder,1e-3,RW-Thigh,MLP,Full Finetune,HAR,RW-Thigh,25.0,accuracy,0.6928916573524475,1e-3
TS Encoder,1e-3,UCI,MLP,Full Finetune,HAR,UCI,1000.0,accuracy,0.9420289993286132,1e-3
TS Encoder,1e-4,RW-Thigh,MLP,Full Finetune,HAR,RW-Thigh,5.0,accuracy,0.5027605295181274,1e-4
TS Encoder,1e-3,RW-Waist,MLP,Full Finetune,HAR,RW-Waist,10.0,accuracy,0.5895061492919922,1e-3
TS Encoder,1e-4,RW-Thigh,MLP,Full Finetune,HAR,RW-Thigh,1.0,accuracy,0.1728778481483459,1e-4
TS Encoder,1e-3,UCI,MLP,Full Finetune,HAR,UCI,5.0,accuracy,0.7144927382469177,1e-3
TS Encoder,1e-3,KH,MLP,Full Finetune,HAR,KH,200.0,accuracy,0.6805555820465088,1e-3
TS Encoder,1e-4,KH,MLP,Full Finetune,HAR,KH,25.0,accuracy,0.6180555820465088,1e-4
TS Encoder,1e-4,RW-Thigh,MLP,Full Finetune,HAR,RW-Thigh,1000.0,accuracy,0.7298136353492737,1e-4
TS Encoder,1e-4,KH,MLP,Full Finetune,HAR,KH,5.0,accuracy,0.3333333432674408,1e-4
TS Encoder,1e-3,WISDM,MLP,Full Finetune,HAR,WISDM,50.0,accuracy,0.7964669466018677,1e-3
TS Encoder,1e-4,MS,MLP,Full Finetune,HAR,MS,1000.0,accuracy,0.8625235557556152,1e-4
TS Encoder,1e-4,MS,MLP,Full Finetune,HAR,MS,10.0,accuracy,0.4595103561878204,1e-4
TS Encoder,1e-4,RW-Waist,MLP,Full Finetune,HAR,RW-Waist,100.0,accuracy,0.6628086566925049,1e-4
TS Encoder,1e-3,MS,MLP,Full Finetune,HAR,MS,5.0,accuracy,0.5216572284698486,1e-3
TS Encoder,1e-4,RW-Waist,MLP,Full Finetune,HAR,RW-Waist,200.0,accuracy,0.6693673133850098,1e-4
TS Encoder,1e-4,RW-Thigh,MLP,Full Finetune,HAR,RW-Thigh,5.0,accuracy,0.4268460869789123,1e-4
TS Encoder,1e-3,RW-Thigh,MLP,Full Finetune,HAR,RW-Thigh,100.0,accuracy,0.7374051213264465,1e-3
TS Encoder,1e-4,KH,MLP,Full Finetune,HAR,KH,100.0,accuracy,0.6388888955116272,1e-4
TS Encoder,1e-4,RW-Thigh,MLP,Full Finetune,HAR,RW-Thigh,1000.0,accuracy,0.7587991952896118,1e-4
TS Encoder,1e-3,MS,MLP,Full Finetune,HAR,MS,200.0,accuracy,0.927495300769806,1e-3
TS Encoder,1e-4,RW-Waist,MLP,Full Finetune,HAR,RW-Waist,25.0,accuracy,0.5964506268501282,1e-4
TS Encoder,1e-4,RW-Waist,MLP,Full Finetune,HAR,RW-Waist,200.0,accuracy,0.6766975522041321,1e-4
TS Encoder,1e-3,RW-Thigh,MLP,Full Finetune,HAR,RW-Thigh,50.0,accuracy,0.7349896430969238,1e-3
TS Encoder,1e-3,RW-Waist,MLP,Full Finetune,HAR,RW-Waist,5.0,accuracy,0.5104166865348816,1e-3
TS Encoder,1e-3,RW-Waist,MLP,Full Finetune,HAR,RW-Waist,50.0,accuracy,0.658178985118866,1e-3
TS Encoder,1e-3,RW-Waist,MLP,Full Finetune,HAR,RW-Waist,25.0,accuracy,0.6087962985038757,1e-3
TS Encoder,1e-3,WISDM,MLP,Full Finetune,HAR,WISDM,10.0,accuracy,0.7046850919723511,1e-3
TS Encoder,1e-3,MS,MLP,Full Finetune,HAR,MS,50.0,accuracy,0.778719425201416,1e-3
TS Encoder,1e-3,RW-Thigh,MLP,Full Finetune,HAR,RW-Thigh,5.0,accuracy,0.4503105580806732,1e-3
TS Encoder,1e-3,RW-Waist,MLP,Full Finetune,HAR,RW-Waist,1000.0,accuracy,0.6817129850387573,1e-3
TS Encoder,1e-3,RW-Thigh,MLP,Full Finetune,HAR,RW-Thigh,10.0,accuracy,0.6259489059448242,1e-3
TS Encoder,1e-4,KH,MLP,Full Finetune,HAR,KH,5.0,accuracy,0.1805555522441864,1e-4
TS Encoder,1e-3,MS,MLP,Full Finetune,HAR,MS,10.0,accuracy,0.5150659084320068,1e-3
TS Encoder,1e-3,UCI,MLP,Full Finetune,HAR,UCI,50.0,accuracy,0.7971014380455017,1e-3
TS Encoder,1e-3,UCI,MLP,Full Finetune,HAR,UCI,1000.0,accuracy,0.9405797123908995,1e-3
TS Encoder,1e-4,KH,MLP,Full Finetune,HAR,KH,50.0,accuracy,0.6736111044883728,1e-4
TS Encoder,1e-4,RW-Thigh,MLP,Full Finetune,HAR,RW-Thigh,25.0,accuracy,0.6538992524147034,1e-4
TS Encoder,1e-3,WISDM,MLP,Full Finetune,HAR,WISDM,25.0,accuracy,0.7841781973838806,1e-3
TS Encoder,1e-3,RW-Waist,MLP,Full Finetune,HAR,RW-Waist,5.0,accuracy,0.6466049551963806,1e-3
TS Encoder,1e-4,RW-Thigh,MLP,Full Finetune,HAR,RW-Thigh,50.0,accuracy,0.7222222089767456,1e-4
TS Encoder,1e-3,KH,MLP,Full Finetune,HAR,KH,100.0,accuracy,0.5833333134651184,1e-3
TS Encoder,1e-3,RW-Thigh,MLP,Full Finetune,HAR,RW-Thigh,1.0,accuracy,0.3209109604358673,1e-3
TS Encoder,1e-3,RW-Thigh,MLP,Full Finetune,HAR,RW-Thigh,1000.0,accuracy,0.7681159377098083,1e-3
TS Encoder,1e-4,RW-Thigh,MLP,Full Finetune,HAR,RW-Thigh,100.0,accuracy,0.7322291135787964,1e-4
TS Encoder,1e-4,RW-Thigh,MLP,Full Finetune,HAR,RW-Thigh,10.0,accuracy,0.5355417728424072,1e-4
TS Encoder,1e-3,MS,MLP,Full Finetune,HAR,MS,200.0,accuracy,0.8662900328636169,1e-3
TS Encoder,1e-4,MS,MLP,Full Finetune,HAR,MS,100.0,accuracy,0.7363465428352356,1e-4
TS Encoder,1e-3,KH,MLP,Full Finetune,HAR,KH,5.0,accuracy,0.5347222089767456,1e-3
TS Encoder,1e-4,RW-Waist,MLP,Full Finetune,HAR,RW-Waist,1.0,accuracy,0.3966049253940582,1e-4
TS Encoder,1e-4,KH,MLP,Full Finetune,HAR,KH,5.0,accuracy,0.5347222089767456,1e-4
TS Encoder,1e-3,UCI,MLP,Full Finetune,HAR,UCI,25.0,accuracy,0.7347826361656189,1e-3
TS Encoder,1e-3,WISDM,MLP,Full Finetune,HAR,WISDM,10.0,accuracy,0.7373272180557251,1e-3
TS Encoder,1e-4,MS,MLP,Full Finetune,HAR,MS,1.0,accuracy,0.4425612092018127,1e-4
TS Encoder,1e-4,MS,MLP,Full Finetune,HAR,MS,5.0,accuracy,0.4237288236618042,1e-4
TS Encoder,1e-3,UCI,MLP,Full Finetune,HAR,UCI,50.0,accuracy,0.7811594009399414,1e-3
TS Encoder,1e-3,KH,MLP,Full Finetune,HAR,KH,50.0,accuracy,0.6180555820465088,1e-3
TS Encoder,1e-4,RW-Waist,MLP,Full Finetune,HAR,RW-Waist,10.0,accuracy,0.6219135522842407,1e-4
TS Encoder,1e-4,UCI,MLP,Full Finetune,HAR,UCI,200.0,accuracy,0.9057971239089966,1e-4
TS Encoder,1e-4,MS,MLP,Full Finetune,HAR,MS,25.0,accuracy,0.66572505235672,1e-4
TS Encoder,1e-4,RW-Waist,MLP,Full Finetune,HAR,RW-Waist,50.0,accuracy,0.6354166865348816,1e-4
TS Encoder,1e-3,RW-Thigh,MLP,Full Finetune,HAR,RW-Thigh,100.0,accuracy,0.7715665698051453,1e-3
TS Encoder,1e-3,RW-Waist,MLP,Full Finetune,HAR,RW-Waist,1.0,accuracy,0.1662808656692505,1e-3
TS Encoder,1e-3,RW-Thigh,MLP,Full Finetune,HAR,RW-Thigh,10.0,accuracy,0.601104199886322,1e-3
TS Encoder,1e-3,WISDM,MLP,Full Finetune,HAR,WISDM,1.0,accuracy,0.5234255194664001,1e-3
TS Encoder,1e-3,KH,MLP,Full Finetune,HAR,KH,10.0,accuracy,0.5833333134651184,1e-3
TS Encoder,1e-3,RW-Thigh,MLP,Full Finetune,HAR,RW-Thigh,100.0,accuracy,0.7605245113372803,1e-3
TS Encoder,1e-4,KH,MLP,Full Finetune,HAR,KH,50.0,accuracy,0.6875,1e-4
TS Encoder,1e-3,UCI,MLP,Full Finetune,HAR,UCI,1000.0,accuracy,0.947826087474823,1e-3
TS Encoder,1e-3,WISDM,MLP,Full Finetune,HAR,WISDM,50.0,accuracy,0.7127496004104614,1e-3
TS Encoder,1e-4,UCI,MLP,Full Finetune,HAR,UCI,1000.0,accuracy,0.9420289993286132,1e-4
TS Encoder,1e-4,UCI,MLP,Full Finetune,HAR,UCI,1.0,accuracy,0.5130434632301331,1e-4
TS Encoder,1e-3,KH,MLP,Full Finetune,HAR,KH,1.0,accuracy,0.3888888955116272,1e-3
TS Encoder,1e-3,KH,MLP,Full Finetune,HAR,KH,25.0,accuracy,0.6111111044883728,1e-3
TS Encoder,1e-4,UCI,MLP,Full Finetune,HAR,UCI,1000.0,accuracy,0.93478262424469,1e-4
TS Encoder,1e-4,RW-Waist,MLP,Full Finetune,HAR,RW-Waist,1000.0,accuracy,0.7496141791343689,1e-4
TS Encoder,1e-4,KH,MLP,Full Finetune,HAR,KH,1000.0,accuracy,0.6875,1e-4
TS Encoder,1e-3,KH,MLP,Full Finetune,HAR,KH,100.0,accuracy,0.6944444179534912,1e-3
TS Encoder,1e-4,WISDM,MLP,Full Finetune,HAR,WISDM,10.0,accuracy,0.6159754395484924,1e-4
TS Encoder,1e-4,KH,MLP,Full Finetune,HAR,KH,25.0,accuracy,0.6527777910232544,1e-4
TS Encoder,1e-3,RW-Waist,MLP,Full Finetune,HAR,RW-Waist,1000.0,accuracy,0.7581018805503845,1e-3
TS Encoder,1e-4,WISDM,MLP,Full Finetune,HAR,WISDM,100.0,accuracy,0.7703533172607422,1e-4
TS Encoder,1e-4,WISDM,MLP,Full Finetune,HAR,WISDM,1000.0,accuracy,0.8437020182609558,1e-4
TS Encoder,1e-4,WISDM,MLP,Full Finetune,HAR,WISDM,1.0,accuracy,0.524193525314331,1e-4
TS Encoder,1e-3,KH,MLP,Full Finetune,HAR,KH,1000.0,accuracy,0.5763888955116272,1e-3
TS Encoder,1e-4,UCI,MLP,Full Finetune,HAR,UCI,50.0,accuracy,0.7797101736068726,1e-4
TS Encoder,1e-3,RW-Thigh,MLP,Full Finetune,HAR,RW-Thigh,25.0,accuracy,0.716356098651886,1e-3
TS Encoder,1e-3,RW-Waist,MLP,Full Finetune,HAR,RW-Waist,10.0,accuracy,0.6180555820465088,1e-3
TS Encoder,1e-4,RW-Thigh,MLP,Full Finetune,HAR,RW-Thigh,50.0,accuracy,0.694616973400116,1e-4
TS Encoder,1e-3,UCI,MLP,Full Finetune,HAR,UCI,100.0,accuracy,0.8913043737411499,1e-3
TS Encoder,1e-4,MS,MLP,Full Finetune,HAR,MS,10.0,accuracy,0.5414312481880188,1e-4
TS Encoder,1e-4,RW-Thigh,MLP,Full Finetune,HAR,RW-Thigh,1.0,accuracy,0.3561076521873474,1e-4
TS Encoder,1e-3,KH,MLP,Full Finetune,HAR,KH,10.0,accuracy,0.3194444477558136,1e-3
TS Encoder,1e-3,RW-Waist,MLP,Full Finetune,HAR,RW-Waist,5.0,accuracy,0.6184413433074951,1e-3
TS Encoder,1e-4,UCI,MLP,Full Finetune,HAR,UCI,25.0,accuracy,0.7420290112495422,1e-4
TS Encoder,1e-4,RW-Waist,MLP,Full Finetune,HAR,RW-Waist,1000.0,accuracy,0.7681326866149902,1e-4
TS Encoder,1e-4,WISDM,MLP,Full Finetune,HAR,WISDM,5.0,accuracy,0.578341007232666,1e-4
TS Encoder,1e-4,WISDM,MLP,Full Finetune,HAR,WISDM,200.0,accuracy,0.8095238208770752,1e-4
TS Encoder,1e-4,RW-Waist,MLP,Full Finetune,HAR,RW-Waist,50.0,accuracy,0.6539351940155029,1e-4
TS Encoder,1e-4,UCI,MLP,Full Finetune,HAR,UCI,100.0,accuracy,0.791304349899292,1e-4
TS Encoder,1e-4,MS,MLP,Full Finetune,HAR,MS,1000.0,accuracy,0.8775894641876221,1e-4
TS Encoder,1e-3,MS,MLP,Full Finetune,HAR,MS,1.0,accuracy,0.2203389853239059,1e-3
TS Encoder,1e-4,MS,MLP,Full Finetune,HAR,MS,5.0,accuracy,0.3531073331832886,1e-4
TS Encoder,1e-3,UCI,MLP,Full Finetune,HAR,UCI,25.0,accuracy,0.7869565486907959,1e-3
TS Encoder,1e-3,MS,MLP,Full Finetune,HAR,MS,50.0,accuracy,0.852165699005127,1e-3
TS Encoder,1e-4,MS,MLP,Full Finetune,HAR,MS,10.0,accuracy,0.4369114935398102,1e-4
TS Encoder,1e-3,KH,MLP,Full Finetune,HAR,KH,1000.0,accuracy,0.6111111044883728,1e-3
TS Encoder,1e-3,WISDM,MLP,Full Finetune,HAR,WISDM,100.0,accuracy,0.7726574540138245,1e-3
TS Encoder,1e-4,RW-Thigh,MLP,Full Finetune,HAR,RW-Thigh,100.0,accuracy,0.6545893549919128,1e-4
TS Encoder,1e-3,WISDM,MLP,Full Finetune,HAR,WISDM,1000.0,accuracy,0.8540706634521484,1e-3
TS Encoder,1e-4,RW-Waist,MLP,Full Finetune,HAR,RW-Waist,5.0,accuracy,0.553626537322998,1e-4
TS Encoder,1e-3,WISDM,MLP,Full Finetune,HAR,WISDM,1000.0,accuracy,0.8736559152603149,1e-3
TS Encoder,1e-3,RW-Waist,MLP,Full Finetune,HAR,RW-Waist,100.0,accuracy,0.6790123581886292,1e-3
TS Encoder,1e-4,KH,MLP,Full Finetune,HAR,KH,1000.0,accuracy,0.7013888955116272,1e-4
TS Encoder,1e-3,UCI,MLP,Full Finetune,HAR,UCI,200.0,accuracy,0.926086962223053,1e-3
TS Encoder,1e-3,RW-Waist,MLP,Full Finetune,HAR,RW-Waist,1.0,accuracy,0.4259259402751922,1e-3
TS Encoder,1e-4,RW-Thigh,MLP,Full Finetune,HAR,RW-Thigh,1000.0,accuracy,0.7788129448890686,1e-4
TS Encoder,1e-4,RW-Waist,MLP,Full Finetune,HAR,RW-Waist,10.0,accuracy,0.4953703582286834,1e-4
TS Encoder,1e-4,RW-Waist,MLP,Full Finetune,HAR,RW-Waist,200.0,accuracy,0.6975308656692505,1e-4
TS Encoder,1e-4,MS,MLP,Full Finetune,HAR,MS,200.0,accuracy,0.8418079018592834,1e-4
TS Encoder,1e-4,RW-Waist,MLP,Full Finetune,HAR,RW-Waist,100.0,accuracy,0.6851851940155029,1e-4
TS Encoder,1e-4,RW-Waist,MLP,Full Finetune,HAR,RW-Waist,100.0,accuracy,0.6809413433074951,1e-4
TS Encoder,1e-3,KH,MLP,Full Finetune,HAR,KH,5.0,accuracy,0.5555555820465088,1e-3
TS Encoder,1e-3,UCI,MLP,Full Finetune,HAR,UCI,5.0,accuracy,0.699999988079071,1e-3
TS Encoder,1e-3,WISDM,MLP,Full Finetune,HAR,WISDM,1.0,accuracy,0.5145929455757141,1e-3
TS Encoder,1e-4,UCI,MLP,Full Finetune,HAR,UCI,5.0,accuracy,0.7057970762252808,1e-4
TS Encoder,1e-4,WISDM,MLP,Full Finetune,HAR,WISDM,200.0,accuracy,0.7515360713005066,1e-4
TS Encoder,1e-4,WISDM,MLP,Full Finetune,HAR,WISDM,25.0,accuracy,0.7373272180557251,1e-4
TS Encoder,1e-3,MS,MLP,Full Finetune,HAR,MS,5.0,accuracy,0.403954803943634,1e-3
TS Encoder,1e-4,UCI,MLP,Full Finetune,HAR,UCI,1000.0,accuracy,0.908695638179779,1e-4
TS Encoder,1e-3,RW-Waist,MLP,Full Finetune,HAR,RW-Waist,1.0,accuracy,0.4683642089366913,1e-3
TS Encoder,1e-4,UCI,MLP,Full Finetune,HAR,UCI,50.0,accuracy,0.7898550629615784,1e-4
TS Encoder,1e-3,MS,MLP,Full Finetune,HAR,MS,25.0,accuracy,0.6581920981407166,1e-3
TS Encoder,1e-3,MS,MLP,Full Finetune,HAR,MS,1000.0,accuracy,0.9585687518119812,1e-3
TS Encoder,1e-4,KH,MLP,Full Finetune,HAR,KH,200.0,accuracy,0.5902777910232544,1e-4
TS Encoder,1e-3,MS,MLP,Full Finetune,HAR,MS,5.0,accuracy,0.3060263693332672,1e-3
TS Encoder,1e-3,KH,MLP,Full Finetune,HAR,KH,1.0,accuracy,0.3194444477558136,1e-3
TS Encoder,1e-4,WISDM,MLP,Full Finetune,HAR,WISDM,50.0,accuracy,0.7668970823287964,1e-4
TS Encoder,1e-4,WISDM,MLP,Full Finetune,HAR,WISDM,25.0,accuracy,0.7211981415748596,1e-4
TS Encoder,1e-4,WISDM,MLP,Full Finetune,HAR,WISDM,50.0,accuracy,0.7407833933830261,1e-4
TS Encoder,1e-3,RW-Waist,MLP,Full Finetune,HAR,RW-Waist,200.0,accuracy,0.7121913433074951,1e-3
TS Encoder,1e-3,RW-Waist,MLP,Full Finetune,HAR,RW-Waist,100.0,accuracy,0.7353395223617554,1e-3
TS Encoder,1e-3,RW-Thigh,MLP,Full Finetune,HAR,RW-Thigh,200.0,accuracy,0.6563146710395813,1e-3
TS Encoder,1e-4,KH,MLP,Full Finetune,HAR,KH,10.0,accuracy,0.1805555522441864,1e-4
TS Encoder,1e-4,UCI,MLP,Full Finetune,HAR,UCI,5.0,accuracy,0.6739130616188049,1e-4
TS Encoder,1e-3,RW-Waist,MLP,Full Finetune,HAR,RW-Waist,200.0,accuracy,0.7635030746459961,1e-3
TS Encoder,1e-4,WISDM,MLP,Full Finetune,HAR,WISDM,50.0,accuracy,0.683563768863678,1e-4
TS Encoder,1e-4,RW-Waist,MLP,Full Finetune,HAR,RW-Waist,5.0,accuracy,0.4980709850788116,1e-4
TS Encoder,1e-4,UCI,MLP,Full Finetune,HAR,UCI,100.0,accuracy,0.8289855122566223,1e-4
TS Encoder,1e-3,UCI,MLP,Full Finetune,HAR,UCI,1.0,accuracy,0.5043478012084961,1e-3
TS Encoder,1e-4,WISDM,MLP,Full Finetune,HAR,WISDM,25.0,accuracy,0.7269585132598877,1e-4
TS Encoder,1e-4,RW-Thigh,MLP,Full Finetune,HAR,RW-Thigh,10.0,accuracy,0.5669426918029785,1e-4
TS Encoder,1e-4,RW-Waist,MLP,Full Finetune,HAR,RW-Waist,25.0,accuracy,0.6265432238578796,1e-4
TS Encoder,1e-4,KH,MLP,Full Finetune,HAR,KH,100.0,accuracy,0.7083333134651184,1e-4
TS Encoder,1e-3,RW-Thigh,MLP,Full Finetune,HAR,RW-Thigh,1.0,accuracy,0.3002070486545563,1e-3
TS Encoder,1e-3,UCI,MLP,Full Finetune,HAR,UCI,10.0,accuracy,0.6927536129951477,1e-3
TS Encoder,1e-4,RW-Thigh,MLP,Full Finetune,HAR,RW-Thigh,200.0,accuracy,0.7111801505088806,1e-4
TS Encoder,1e-4,RW-Waist,MLP,Full Finetune,HAR,RW-Waist,10.0,accuracy,0.5046296119689941,1e-4
TS Encoder,1e-3,UCI,MLP,Full Finetune,HAR,UCI,1.0,accuracy,0.5318840742111206,1e-3
TS Encoder,1e-4,MS,MLP,Full Finetune,HAR,MS,1000.0,accuracy,0.874764621257782,1e-4
TS Encoder,1e-4,MS,MLP,Full Finetune,HAR,MS,50.0,accuracy,0.7137476205825806,1e-4
TS Encoder,1e-4,KH,MLP,Full Finetune,HAR,KH,1.0,accuracy,0.4861111044883728,1e-4
TS Encoder,1e-4,WISDM,MLP,Full Finetune,HAR,WISDM,200.0,accuracy,0.7845622301101685,1e-4
TS Encoder,1e-3,UCI,MLP,Full Finetune,HAR,UCI,10.0,accuracy,0.7275362610816956,1e-3
TS Encoder,1e-3,RW-Thigh,MLP,Full Finetune,HAR,RW-Thigh,1.0,accuracy,0.2022084146738052,1e-3
TS Encoder,1e-4,RW-Thigh,MLP,Full Finetune,HAR,RW-Thigh,10.0,accuracy,0.4975845515727997,1e-4
TS Encoder,1e-3,MS,MLP,Full Finetune,HAR,MS,100.0,accuracy,0.8728813529014587,1e-3
TS Encoder,1e-3,RW-Waist,MLP,Full Finetune,HAR,RW-Waist,25.0,accuracy,0.6184413433074951,1e-3
TS Encoder,1e-4,UCI,MLP,Full Finetune,HAR,UCI,25.0,accuracy,0.800000011920929,1e-4
TS Encoder,1e-3,UCI,MLP,Full Finetune,HAR,UCI,25.0,accuracy,0.7898550629615784,1e-3
TS Encoder,1e-4,MS,MLP,Full Finetune,HAR,MS,200.0,accuracy,0.8785310983657837,1e-4
TS Encoder,1e-4,MS,MLP,Full Finetune,HAR,MS,1.0,accuracy,0.4077212810516357,1e-4
TS Encoder,1e-4,RW-Thigh,MLP,Full Finetune,HAR,RW-Thigh,200.0,accuracy,0.703243613243103,1e-4
TS Encoder,1e-3,RW-Thigh,MLP,Full Finetune,HAR,RW-Thigh,10.0,accuracy,0.4965493381023407,1e-3
TS Encoder,1e-3,WISDM,MLP,Full Finetune,HAR,WISDM,25.0,accuracy,0.7288786768913269,1e-3
TS Encoder,1e-3,RW-Thigh,MLP,Full Finetune,HAR,RW-Thigh,1000.0,accuracy,0.7719116806983948,1e-3
TS Encoder,1e-4,UCI,MLP,Full Finetune,HAR,UCI,10.0,accuracy,0.7028985619544983,1e-4
TS Encoder,1e-3,MS,MLP,Full Finetune,HAR,MS,200.0,accuracy,0.9284369349479676,1e-3
TS Encoder,1e-3,UCI,MLP,Full Finetune,HAR,UCI,1.0,accuracy,0.6115942001342773,1e-3
TS Encoder,1e-3,RW-Thigh,MLP,Full Finetune,HAR,RW-Thigh,50.0,accuracy,0.6538992524147034,1e-3
TS Encoder,1e-4,RW-Thigh,MLP,Full Finetune,HAR,RW-Thigh,25.0,accuracy,0.6573498845100403,1e-4
TS Encoder,1e-4,WISDM,MLP,Full Finetune,HAR,WISDM,10.0,accuracy,0.644393265247345,1e-4
TS Encoder,1e-4,WISDM,MLP,Full Finetune,HAR,WISDM,1.0,accuracy,0.5268816947937012,1e-4
TS Encoder,1e-3,UCI,MLP,Full Finetune,HAR,UCI,200.0,accuracy,0.9028985500335692,1e-3
TS Encoder,1e-3,MS,MLP,Full Finetune,HAR,MS,100.0,accuracy,0.8709981441497803,1e-3
TS Encoder,1e-4,RW-Waist,MLP,Full Finetune,HAR,RW-Waist,25.0,accuracy,0.6273148059844971,1e-4
TS Encoder,1e-3,WISDM,MLP,Full Finetune,HAR,WISDM,1000.0,accuracy,0.8867127299308777,1e-3
TS Encoder,1e-3,UCI,MLP,Full Finetune,HAR,UCI,100.0,accuracy,0.917391300201416,1e-3
TS Encoder,1e-4,RW-Waist,MLP,Full Finetune,HAR,RW-Waist,5.0,accuracy,0.6203703880310059,1e-4
TS Encoder,1e-4,WISDM,MLP,Full Finetune,HAR,WISDM,100.0,accuracy,0.7154377698898315,1e-4
TS Encoder,1e-3,KH,MLP,Full Finetune,HAR,KH,200.0,accuracy,0.6875,1e-3
TS Encoder,1e-3,KH,MLP,Full Finetune,HAR,KH,200.0,accuracy,0.5902777910232544,1e-3
TS Encoder,1e-3,KH,MLP,Full Finetune,HAR,KH,25.0,accuracy,0.5416666865348816,1e-3
TS Encoder,1e-3,WISDM,MLP,Full Finetune,HAR,WISDM,200.0,accuracy,0.8252688050270081,1e-3
TS Encoder,1e-4,WISDM,MLP,Full Finetune,HAR,WISDM,1.0,accuracy,0.5195852518081665,1e-4
TS Encoder,1e-3,UCI,MLP,Full Finetune,HAR,UCI,10.0,accuracy,0.7333333492279053,1e-3
TS Encoder,1e-3,RW-Thigh,MLP,Full Finetune,HAR,RW-Thigh,5.0,accuracy,0.5310559272766113,1e-3
TS Encoder,1e-3,RW-Thigh,MLP,Full Finetune,HAR,RW-Thigh,5.0,accuracy,0.5552104711532593,1e-3
TS Encoder,1e-3,KH,MLP,Full Finetune,HAR,KH,5.0,accuracy,0.5486111044883728,1e-3
TS Encoder,1e-4,WISDM,MLP,Full Finetune,HAR,WISDM,1000.0,accuracy,0.8621351718902588,1e-4
TS Encoder,1e-3,MS,MLP,Full Finetune,HAR,MS,25.0,accuracy,0.8022598624229431,1e-3
TS Encoder,1e-4,RW-Thigh,MLP,Full Finetune,HAR,RW-Thigh,100.0,accuracy,0.672877848148346,1e-4
TS Encoder,1e-4,KH,MLP,Full Finetune,HAR,KH,1000.0,accuracy,0.6527777910232544,1e-4
TS Encoder,1e-4,KH,MLP,Full Finetune,HAR,KH,25.0,accuracy,0.4236111044883728,1e-4
TS Encoder,1e-3,MS,MLP,Full Finetune,HAR,MS,10.0,accuracy,0.4595103561878204,1e-3
TS Encoder,1e-4,WISDM,MLP,Full Finetune,HAR,WISDM,5.0,accuracy,0.5760368704795837,1e-4
TS Encoder,1e-4,MS,MLP,Full Finetune,HAR,MS,25.0,accuracy,0.6911487579345703,1e-4
TS Encoder,1e-3,RW-Waist,MLP,Full Finetune,HAR,RW-Waist,10.0,accuracy,0.5393518805503845,1e-3
TS Encoder,1e-4,RW-Waist,MLP,Full Finetune,HAR,RW-Waist,1000.0,accuracy,0.7619598507881165,1e-4
TS Encoder,1e-4,UCI,MLP,Full Finetune,HAR,UCI,200.0,accuracy,0.8057971000671387,1e-4
TS Encoder,1e-3,KH,MLP,Full Finetune,HAR,KH,1000.0,accuracy,0.5833333134651184,1e-3
TS Encoder,1e-4,WISDM,MLP,Full Finetune,HAR,WISDM,10.0,accuracy,0.6321044564247131,1e-4
TS Encoder,1e-3,RW-Thigh,MLP,Full Finetune,HAR,RW-Thigh,25.0,accuracy,0.6942719221115112,1e-3
TS Encoder,1e-4,WISDM,MLP,Full Finetune,HAR,WISDM,1000.0,accuracy,0.8755760192871094,1e-4
TS Encoder,1e-3,UCI,MLP,Full Finetune,HAR,UCI,5.0,accuracy,0.7014492750167847,1e-3
TS Encoder,1e-3,UCI,MLP,Full Finetune,HAR,UCI,200.0,accuracy,0.9434782862663268,1e-3
TS Encoder,1e-3,MS,MLP,Full Finetune,HAR,MS,100.0,accuracy,0.8427495360374451,1e-3
TS Encoder,1e-3,RW-Waist,MLP,Full Finetune,HAR,RW-Waist,200.0,accuracy,0.5972222089767456,1e-3
TS Encoder,1e-4,WISDM,MLP,Full Finetune,HAR,WISDM,100.0,accuracy,0.7784178256988525,1e-4
TS Encoder,1e-3,RW-Waist,MLP,Full Finetune,HAR,RW-Waist,50.0,accuracy,0.7245370149612427,1e-3
TS Encoder,1e-3,WISDM,MLP,Full Finetune,HAR,WISDM,100.0,accuracy,0.7089093923568726,1e-3
TS Encoder,1e-3,RW-Thigh,MLP,Full Finetune,HAR,RW-Thigh,200.0,accuracy,0.703243613243103,1e-3
TS Encoder,1e-2,KH,MLP,Full Finetune,HAR,KH,100.0,accuracy,0.1805555522441864,1e-2
TS Encoder,1e-2,UCI,MLP,Full Finetune,HAR,UCI,200.0,accuracy,0.2000000029802322,1e-2
TS Encoder,1e-2,MS,MLP,Full Finetune,HAR,MS,5.0,accuracy,0.3436911404132843,1e-2
TS Encoder,1e-2,MS,MLP,Full Finetune,HAR,MS,10.0,accuracy,0.2024482041597366,1e-2
TS Encoder,1e-2,UCI,MLP,Full Finetune,HAR,UCI,1000.0,accuracy,0.5043478012084961,1e-2
TS Encoder,1e-2,WISDM,MLP,Full Finetune,HAR,WISDM,100.0,accuracy,0.25,1e-2
TS Encoder,1e-2,WISDM,MLP,Full Finetune,HAR,WISDM,100.0,accuracy,0.498463898897171,1e-2
TS Encoder,1e-2,RW-Waist,MLP,Full Finetune,HAR,RW-Waist,5.0,accuracy,0.1743827164173126,1e-2
TS Encoder,1e-2,RW-Waist,MLP,Full Finetune,HAR,RW-Waist,100.0,accuracy,0.1666666716337204,1e-2
TS Encoder,1e-2,KH,MLP,Full Finetune,HAR,KH,25.0,accuracy,0.1666666716337204,1e-2
TS Encoder,1e-2,KH,MLP,Full Finetune,HAR,KH,100.0,accuracy,0.5902777910232544,1e-2
TS Encoder,1e-2,RW-Waist,MLP,Full Finetune,HAR,RW-Waist,50.0,accuracy,0.1666666716337204,1e-2
TS Encoder,1e-2,WISDM,MLP,Full Finetune,HAR,WISDM,10.0,accuracy,0.3851766586303711,1e-2
TS Encoder,1e-2,UCI,MLP,Full Finetune,HAR,UCI,100.0,accuracy,0.2130434811115265,1e-2
TS Encoder,1e-2,WISDM,MLP,Full Finetune,HAR,WISDM,10.0,accuracy,0.3149001598358154,1e-2
TS Encoder,1e-2,RW-Waist,MLP,Full Finetune,HAR,RW-Waist,100.0,accuracy,0.3001543283462524,1e-2
TS Encoder,1e-2,RW-Waist,MLP,Full Finetune,HAR,RW-Waist,1000.0,accuracy,0.3198302388191223,1e-2
TS Encoder,1e-2,RW-Thigh,MLP,Full Finetune,HAR,RW-Thigh,1.0,accuracy,0.2750172615051269,1e-2
TS Encoder,1e-2,KH,MLP,Full Finetune,HAR,KH,100.0,accuracy,0.1666666716337204,1e-2
TS Encoder,1e-2,KH,MLP,Full Finetune,HAR,KH,1000.0,accuracy,0.1666666716337204,1e-2
TS Encoder,1e-2,MS,MLP,Full Finetune,HAR,MS,1000.0,accuracy,0.4764595031738281,1e-2
TS Encoder,1e-2,MS,MLP,Full Finetune,HAR,MS,50.0,accuracy,0.1666666716337204,1e-2
TS Encoder,1e-2,RW-Waist,MLP,Full Finetune,HAR,RW-Waist,50.0,accuracy,0.1682098805904388,1e-2
TS Encoder,1e-2,RW-Thigh,MLP,Full Finetune,HAR,RW-Thigh,50.0,accuracy,0.1718426495790481,1e-2
TS Encoder,1e-2,RW-Waist,MLP,Full Finetune,HAR,RW-Waist,25.0,accuracy,0.1670524626970291,1e-2
TS Encoder,1e-2,RW-Thigh,MLP,Full Finetune,HAR,RW-Thigh,100.0,accuracy,0.3285024166107178,1e-2
TS Encoder,1e-2,WISDM,MLP,Full Finetune,HAR,WISDM,200.0,accuracy,0.7100614309310913,1e-2
TS Encoder,1e-2,RW-Waist,MLP,Full Finetune,HAR,RW-Waist,25.0,accuracy,0.3321759402751922,1e-2
TS Encoder,1e-2,KH,MLP,Full Finetune,HAR,KH,5.0,accuracy,0.1736111044883728,1e-2
TS Encoder,1e-2,UCI,MLP,Full Finetune,HAR,UCI,25.0,accuracy,0.5463768243789673,1e-2
TS Encoder,1e-2,WISDM,MLP,Full Finetune,HAR,WISDM,25.0,accuracy,0.5264977216720581,1e-2
TS Encoder,1e-2,WISDM,MLP,Full Finetune,HAR,WISDM,200.0,accuracy,0.2953149080276489,1e-2
TS Encoder,1e-2,UCI,MLP,Full Finetune,HAR,UCI,100.0,accuracy,0.005797101650387,1e-2
TS Encoder,1e-2,UCI,MLP,Full Finetune,HAR,UCI,10.0,accuracy,0.6188405752182007,1e-2
TS Encoder,1e-2,MS,MLP,Full Finetune,HAR,MS,1000.0,accuracy,0.1666666716337204,1e-2
TS Encoder,1e-2,MS,MLP,Full Finetune,HAR,MS,50.0,accuracy,0.1666666716337204,1e-2
TS Encoder,1e-2,RW-Thigh,MLP,Full Finetune,HAR,RW-Thigh,1000.0,accuracy,0.1666666716337204,1e-2
TS Encoder,1e-2,MS,MLP,Full Finetune,HAR,MS,100.0,accuracy,0.3992466926574707,1e-2
TS Encoder,1e-2,UCI,MLP,Full Finetune,HAR,UCI,50.0,accuracy,0.4507246315479278,1e-2
TS Encoder,1e-2,RW-Thigh,MLP,Full Finetune,HAR,RW-Thigh,5.0,accuracy,0.1746031790971756,1e-2
TS Encoder,1e-2,RW-Thigh,MLP,Full Finetune,HAR,RW-Thigh,50.0,accuracy,0.1673568040132522,1e-2
TS Encoder,1e-2,MS,MLP,Full Finetune,HAR,MS,100.0,accuracy,0.1666666716337204,1e-2
TS Encoder,1e-2,MS,MLP,Full Finetune,HAR,MS,1.0,accuracy,0.196798488497734,1e-2
TS Encoder,1e-2,WISDM,MLP,Full Finetune,HAR,WISDM,1000.0,accuracy,0.25,1e-2
TS Encoder,1e-2,UCI,MLP,Full Finetune,HAR,UCI,100.0,accuracy,0.2000000029802322,1e-2
TS Encoder,1e-2,UCI,MLP,Full Finetune,HAR,UCI,1.0,accuracy,0.4985507130622864,1e-2
TS Encoder,1e-2,WISDM,MLP,Full Finetune,HAR,WISDM,1000.0,accuracy,0.3425499200820923,1e-2
TS Encoder,1e-2,KH,MLP,Full Finetune,HAR,KH,200.0,accuracy,0.5,1e-2
TS Encoder,1e-2,WISDM,MLP,Full Finetune,HAR,WISDM,1.0,accuracy,0.4662058353424072,1e-2
TS Encoder,1e-2,KH,MLP,Full Finetune,HAR,KH,1.0,accuracy,0.3333333432674408,1e-2
TS Encoder,1e-2,RW-Waist,MLP,Full Finetune,HAR,RW-Waist,50.0,accuracy,0.1666666716337204,1e-2
TS Encoder,1e-2,RW-Waist,MLP,Full Finetune,HAR,RW-Waist,10.0,accuracy,0.2893518507480621,1e-2
TS Encoder,1e-2,RW-Thigh,MLP,Full Finetune,HAR,RW-Thigh,100.0,accuracy,0.1666666716337204,1e-2
TS Encoder,1e-2,MS,MLP,Full Finetune,HAR,MS,100.0,accuracy,0.5574387907981873,1e-2
TS Encoder,1e-2,UCI,MLP,Full Finetune,HAR,UCI,10.0,accuracy,0.7028985619544983,1e-2
TS Encoder,1e-2,UCI,MLP,Full Finetune,HAR,UCI,5.0,accuracy,0.6724637746810913,1e-2
TS Encoder,1e-2,RW-Waist,MLP,Full Finetune,HAR,RW-Waist,200.0,accuracy,0.2110339552164077,1e-2
TS Encoder,1e-2,MS,MLP,Full Finetune,HAR,MS,200.0,accuracy,0.395480215549469,1e-2
TS Encoder,1e-2,RW-Waist,MLP,Full Finetune,HAR,RW-Waist,1000.0,accuracy,0.2353395074605941,1e-2
TS Encoder,1e-2,MS,MLP,Full Finetune,HAR,MS,200.0,accuracy,0.342749536037445,1e-2
TS Encoder,1e-2,RW-Thigh,MLP,Full Finetune,HAR,RW-Thigh,10.0,accuracy,0.1839199513196945,1e-2
TS Encoder,1e-2,MS,MLP,Full Finetune,HAR,MS,25.0,accuracy,0.3455743789672851,1e-2
TS Encoder,1e-2,KH,MLP,Full Finetune,HAR,KH,1000.0,accuracy,0.1666666716337204,1e-2
TS Encoder,1e-2,RW-Waist,MLP,Full Finetune,HAR,RW-Waist,25.0,accuracy,0.1925154328346252,1e-2
TS Encoder,1e-2,RW-Waist,MLP,Full Finetune,HAR,RW-Waist,200.0,accuracy,0.261188268661499,1e-2
TS Encoder,1e-2,WISDM,MLP,Full Finetune,HAR,WISDM,50.0,accuracy,0.5430107712745667,1e-2
TS Encoder,1e-2,UCI,MLP,Full Finetune,HAR,UCI,1000.0,accuracy,0.4420289993286133,1e-2
TS Encoder,1e-2,UCI,MLP,Full Finetune,HAR,UCI,1.0,accuracy,0.5362318754196167,1e-2
TS Encoder,1e-2,RW-Thigh,MLP,Full Finetune,HAR,RW-Thigh,200.0,accuracy,0.1666666716337204,1e-2
TS Encoder,1e-2,RW-Thigh,MLP,Full Finetune,HAR,RW-Thigh,200.0,accuracy,0.2035886794328689,1e-2
TS Encoder,1e-2,MS,MLP,Full Finetune,HAR,MS,10.0,accuracy,0.6082862615585327,1e-2
TS Encoder,1e-2,RW-Waist,MLP,Full Finetune,HAR,RW-Waist,1.0,accuracy,0.1350308656692505,1e-2
TS Encoder,1e-2,RW-Thigh,MLP,Full Finetune,HAR,RW-Thigh,200.0,accuracy,0.1666666716337204,1e-2
TS Encoder,1e-2,UCI,MLP,Full Finetune,HAR,UCI,10.0,accuracy,0.6463767886161804,1e-2
TS Encoder,1e-2,WISDM,MLP,Full Finetune,HAR,WISDM,5.0,accuracy,0.6674346923828125,1e-2
TS Encoder,1e-2,RW-Thigh,MLP,Full Finetune,HAR,RW-Thigh,100.0,accuracy,0.1666666716337204,1e-2
TS Encoder,1e-2,UCI,MLP,Full Finetune,HAR,UCI,5.0,accuracy,0.2014492750167846,1e-2
TS Encoder,1e-2,RW-Waist,MLP,Full Finetune,HAR,RW-Waist,1000.0,accuracy,0.2908950746059418,1e-2
TS Encoder,1e-2,MS,MLP,Full Finetune,HAR,MS,1000.0,accuracy,0.1666666716337204,1e-2
TS Encoder,1e-2,WISDM,MLP,Full Finetune,HAR,WISDM,5.0,accuracy,0.662826418876648,1e-2
TS Encoder,1e-2,MS,MLP,Full Finetune,HAR,MS,10.0,accuracy,0.3323917090892792,1e-2
TS Encoder,1e-2,RW-Thigh,MLP,Full Finetune,HAR,RW-Thigh,5.0,accuracy,0.014147687703371,1e-2
TS Encoder,1e-2,RW-Thigh,MLP,Full Finetune,HAR,RW-Thigh,5.0,accuracy,0.3940648734569549,1e-2
TS Encoder,1e-2,UCI,MLP,Full Finetune,HAR,UCI,25.0,accuracy,0.5666666626930237,1e-2
TS Encoder,1e-2,RW-Thigh,MLP,Full Finetune,HAR,RW-Thigh,1.0,accuracy,0.1666666716337204,1e-2
TS Encoder,1e-2,WISDM,MLP,Full Finetune,HAR,WISDM,100.0,accuracy,0.4285714328289032,1e-2
TS Encoder,1e-2,RW-Thigh,MLP,Full Finetune,HAR,RW-Thigh,1000.0,accuracy,0.1666666716337204,1e-2
TS Encoder,1e-2,WISDM,MLP,Full Finetune,HAR,WISDM,50.0,accuracy,0.2937788069248199,1e-2
TS Encoder,1e-2,UCI,MLP,Full Finetune,HAR,UCI,1.0,accuracy,0.5623188614845276,1e-2
TS Encoder,1e-2,MS,MLP,Full Finetune,HAR,MS,5.0,accuracy,0.1591337174177169,1e-2
TS Encoder,1e-2,RW-Waist,MLP,Full Finetune,HAR,RW-Waist,1.0,accuracy,0.2237654328346252,1e-2
TS Encoder,1e-2,RW-Thigh,MLP,Full Finetune,HAR,RW-Thigh,50.0,accuracy,0.1666666716337204,1e-2
TS Encoder,1e-2,KH,MLP,Full Finetune,HAR,KH,50.0,accuracy,0.3680555522441864,1e-2
TS Encoder,1e-2,WISDM,MLP,Full Finetune,HAR,WISDM,25.0,accuracy,0.2634408473968506,1e-2
TS Encoder,1e-2,RW-Waist,MLP,Full Finetune,HAR,RW-Waist,5.0,accuracy,0.167438268661499,1e-2
TS Encoder,1e-2,MS,MLP,Full Finetune,HAR,MS,5.0,accuracy,0.1666666716337204,1e-2
TS Encoder,1e-2,KH,MLP,Full Finetune,HAR,KH,10.0,accuracy,0.4166666567325592,1e-2
TS Encoder,1e-2,KH,MLP,Full Finetune,HAR,KH,200.0,accuracy,0.3680555522441864,1e-2
TS Encoder,1e-2,RW-Waist,MLP,Full Finetune,HAR,RW-Waist,10.0,accuracy,0.2087191343307495,1e-2
TS Encoder,1e-2,KH,MLP,Full Finetune,HAR,KH,5.0,accuracy,0.1666666716337204,1e-2
TS Encoder,1e-2,WISDM,MLP,Full Finetune,HAR,WISDM,25.0,accuracy,0.5257296562194824,1e-2
TS Encoder,1e-2,RW-Thigh,MLP,Full Finetune,HAR,RW-Thigh,1000.0,accuracy,0.3157349824905395,1e-2
TS Encoder,1e-2,UCI,MLP,Full Finetune,HAR,UCI,200.0,accuracy,0.2565217316150665,1e-2
TS Encoder,1e-2,UCI,MLP,Full Finetune,HAR,UCI,1000.0,accuracy,0.4376811683177948,1e-2
TS Encoder,1e-2,UCI,MLP,Full Finetune,HAR,UCI,200.0,accuracy,0.4057970941066742,1e-2
TS Encoder,1e-2,WISDM,MLP,Full Finetune,HAR,WISDM,1.0,accuracy,0.6947004795074463,1e-2
TS Encoder,1e-2,WISDM,MLP,Full Finetune,HAR,WISDM,10.0,accuracy,0.2388632893562317,1e-2
TS Encoder,1e-2,KH,MLP,Full Finetune,HAR,KH,1.0,accuracy,0.0763888880610466,1e-2
TS Encoder,1e-2,KH,MLP,Full Finetune,HAR,KH,5.0,accuracy,0.4305555522441864,1e-2
TS Encoder,1e-2,RW-Thigh,MLP,Full Finetune,HAR,RW-Thigh,25.0,accuracy,0.3077984750270843,1e-2
TS Encoder,1e-2,UCI,MLP,Full Finetune,HAR,UCI,50.0,accuracy,0.4985507130622864,1e-2
TS Encoder,1e-2,WISDM,MLP,Full Finetune,HAR,WISDM,5.0,accuracy,0.6605222821235657,1e-2
TS Encoder,1e-2,WISDM,MLP,Full Finetune,HAR,WISDM,50.0,accuracy,0.2837941646575928,1e-2
TS Encoder,1e-2,KH,MLP,Full Finetune,HAR,KH,10.0,accuracy,0.2083333283662796,1e-2
TS Encoder,1e-2,UCI,MLP,Full Finetune,HAR,UCI,5.0,accuracy,0.6797101497650146,1e-2
TS Encoder,1e-2,MS,MLP,Full Finetune,HAR,MS,200.0,accuracy,0.1958568692207336,1e-2
TS Encoder,1e-2,KH,MLP,Full Finetune,HAR,KH,1000.0,accuracy,0.2152777761220932,1e-2
TS Encoder,1e-2,RW-Thigh,MLP,Full Finetune,HAR,RW-Thigh,25.0,accuracy,0.2936508059501648,1e-2
TS Encoder,1e-2,WISDM,MLP,Full Finetune,HAR,WISDM,200.0,accuracy,0.1816436201333999,1e-2
TS Encoder,1e-2,KH,MLP,Full Finetune,HAR,KH,25.0,accuracy,0.1666666716337204,1e-2
TS Encoder,1e-2,MS,MLP,Full Finetune,HAR,MS,50.0,accuracy,0.1666666716337204,1e-2
TS Encoder,1e-2,RW-Waist,MLP,Full Finetune,HAR,RW-Waist,5.0,accuracy,0.2600308656692505,1e-2
TS Encoder,1e-2,KH,MLP,Full Finetune,HAR,KH,50.0,accuracy,0.4722222089767456,1e-2
TS Encoder,1e-2,UCI,MLP,Full Finetune,HAR,UCI,25.0,accuracy,0.5637680888175964,1e-2
TS Encoder,1e-2,RW-Thigh,MLP,Full Finetune,HAR,RW-Thigh,10.0,accuracy,0.3160800635814667,1e-2
TS Encoder,1e-2,RW-Waist,MLP,Full Finetune,HAR,RW-Waist,10.0,accuracy,0.2905092537403106,1e-2
TS Encoder,1e-2,RW-Thigh,MLP,Full Finetune,HAR,RW-Thigh,10.0,accuracy,0.3461007475852966,1e-2
TS Encoder,1e-2,MS,MLP,Full Finetune,HAR,MS,1.0,accuracy,0.1666666716337204,1e-2
TS Encoder,1e-2,WISDM,MLP,Full Finetune,HAR,WISDM,1.0,accuracy,0.518433153629303,1e-2
TS Encoder,1e-2,UCI,MLP,Full Finetune,HAR,UCI,50.0,accuracy,0.5623188614845276,1e-2
TS Encoder,1e-2,KH,MLP,Full Finetune,HAR,KH,10.0,accuracy,0.4375,1e-2
TS Encoder,1e-2,RW-Waist,MLP,Full Finetune,HAR,RW-Waist,1.0,accuracy,0.4764660596847534,1e-2
TS Encoder,1e-2,RW-Thigh,MLP,Full Finetune,HAR,RW-Thigh,1.0,accuracy,0.1801242232322693,1e-2
TS Encoder,1e-2,MS,MLP,Full Finetune,HAR,MS,1.0,accuracy,0.2919020652770996,1e-2
TS Encoder,1e-2,RW-Thigh,MLP,Full Finetune,HAR,RW-Thigh,25.0,accuracy,0.2933057248592376,1e-2
TS Encoder,1e-2,MS,MLP,Full Finetune,HAR,MS,25.0,accuracy,0.3267419934272766,1e-2
TS Encoder,1e-2,RW-Waist,MLP,Full Finetune,HAR,RW-Waist,200.0,accuracy,0.2989969253540039,1e-2
TS Encoder,1e-2,KH,MLP,Full Finetune,HAR,KH,50.0,accuracy,0.1666666716337204,1e-2
TS Encoder,1e-2,KH,MLP,Full Finetune,HAR,KH,200.0,accuracy,0.2152777761220932,1e-2
TS Encoder,1e-2,RW-Waist,MLP,Full Finetune,HAR,RW-Waist,100.0,accuracy,0.1658950597047805,1e-2
TS Encoder,1e-2,KH,MLP,Full Finetune,HAR,KH,1.0,accuracy,0.3958333432674408,1e-2
TS Encoder,1e-2,MS,MLP,Full Finetune,HAR,MS,25.0,accuracy,0.3192090392112732,1e-2
TS Encoder,1e-2,KH,MLP,Full Finetune,HAR,KH,25.0,accuracy,0.3402777910232544,1e-2
TS Encoder,1e-2,WISDM,MLP,Full Finetune,HAR,WISDM,1000.0,accuracy,0.25,1e-2
TS Encoder,1e-1,KH,MLP,Full Finetune,HAR,KH,5.0,accuracy,0.0833333358168602,1e-1
TS Encoder,1e-1,KH,MLP,Full Finetune,HAR,KH,5.0,accuracy,0.1736111044883728,1e-1
TS Encoder,1e-1,UCI,MLP,Full Finetune,HAR,UCI,25.0,accuracy,0.2043478190898895,1e-1
TS Encoder,1e-1,UCI,MLP,Full Finetune,HAR,UCI,1.0,accuracy,0.2000000029802322,1e-1
TS Encoder,1e-1,MS,MLP,Full Finetune,HAR,MS,1000.0,accuracy,0.1666666716337204,1e-1
TS Encoder,1e-1,KH,MLP,Full Finetune,HAR,KH,1.0,accuracy,0.0625,1e-1
TS Encoder,1e-1,MS,MLP,Full Finetune,HAR,MS,25.0,accuracy,0.1807909607887268,1e-1
TS Encoder,1e-1,RW-Waist,MLP,Full Finetune,HAR,RW-Waist,50.0,accuracy,0.1666666716337204,1e-1
TS Encoder,1e-1,UCI,MLP,Full Finetune,HAR,UCI,50.0,accuracy,0.1681159436702728,1e-1
TS Encoder,1e-1,RW-Waist,MLP,Full Finetune,HAR,RW-Waist,25.0,accuracy,0.1666666716337204,1e-1
TS Encoder,1e-1,RW-Thigh,MLP,Full Finetune,HAR,RW-Thigh,100.0,accuracy,0.1666666716337204,1e-1
TS Encoder,1e-1,RW-Waist,MLP,Full Finetune,HAR,RW-Waist,100.0,accuracy,0.1666666716337204,1e-1
TS Encoder,1e-1,KH,MLP,Full Finetune,HAR,KH,1000.0,accuracy,0.1666666716337204,1e-1
TS Encoder,1e-1,KH,MLP,Full Finetune,HAR,KH,100.0,accuracy,0.1666666716337204,1e-1
TS Encoder,1e-1,RW-Thigh,MLP,Full Finetune,HAR,RW-Thigh,10.0,accuracy,0.1552795022726059,1e-1
TS Encoder,1e-1,RW-Thigh,MLP,Full Finetune,HAR,RW-Thigh,200.0,accuracy,0.1666666716337204,1e-1
TS Encoder,1e-1,KH,MLP,Full Finetune,HAR,KH,50.0,accuracy,0.1666666716337204,1e-1
TS Encoder,1e-1,UCI,MLP,Full Finetune,HAR,UCI,100.0,accuracy,0.2000000029802322,1e-1
TS Encoder,1e-1,UCI,MLP,Full Finetune,HAR,UCI,1.0,accuracy,0.2000000029802322,1e-1
TS Encoder,1e-1,KH,MLP,Full Finetune,HAR,KH,1000.0,accuracy,0.1666666716337204,1e-1
TS Encoder,1e-1,MS,MLP,Full Finetune,HAR,MS,25.0,accuracy,0.1666666716337204,1e-1
TS Encoder,1e-1,RW-Thigh,MLP,Full Finetune,HAR,RW-Thigh,10.0,accuracy,0.1666666716337204,1e-1
TS Encoder,1e-1,UCI,MLP,Full Finetune,HAR,UCI,100.0,accuracy,0.2000000029802322,1e-1
TS Encoder,1e-1,RW-Waist,MLP,Full Finetune,HAR,RW-Waist,100.0,accuracy,0.1666666716337204,1e-1
TS Encoder,1e-1,MS,MLP,Full Finetune,HAR,MS,1000.0,accuracy,0.1666666716337204,1e-1
TS Encoder,1e-1,WISDM,MLP,Full Finetune,HAR,WISDM,5.0,accuracy,0.25,1e-1
TS Encoder,1e-1,RW-Waist,MLP,Full Finetune,HAR,RW-Waist,5.0,accuracy,0.1666666716337204,1e-1
TS Encoder,1e-1,UCI,MLP,Full Finetune,HAR,UCI,50.0,accuracy,0.2000000029802322,1e-1
TS Encoder,1e-1,UCI,MLP,Full Finetune,HAR,UCI,5.0,accuracy,0.2000000029802322,1e-1
TS Encoder,1e-1,MS,MLP,Full Finetune,HAR,MS,100.0,accuracy,0.1666666716337204,1e-1
TS Encoder,1e-1,RW-Thigh,MLP,Full Finetune,HAR,RW-Thigh,1.0,accuracy,0.1666666716337204,1e-1
TS Encoder,1e-1,RW-Waist,MLP,Full Finetune,HAR,RW-Waist,1.0,accuracy,0.1666666716337204,1e-1
TS Encoder,1e-1,WISDM,MLP,Full Finetune,HAR,WISDM,50.0,accuracy,0.251536101102829,1e-1
TS Encoder,1e-1,RW-Waist,MLP,Full Finetune,HAR,RW-Waist,1000.0,accuracy,0.1666666716337204,1e-1
TS Encoder,1e-1,WISDM,MLP,Full Finetune,HAR,WISDM,5.0,accuracy,0.25,1e-1
TS Encoder,1e-1,UCI,MLP,Full Finetune,HAR,UCI,50.0,accuracy,0.2000000029802322,1e-1
TS Encoder,1e-1,UCI,MLP,Full Finetune,HAR,UCI,200.0,accuracy,0.2000000029802322,1e-1
TS Encoder,1e-1,RW-Thigh,MLP,Full Finetune,HAR,RW-Thigh,1000.0,accuracy,0.1663216054439544,1e-1
TS Encoder,1e-1,KH,MLP,Full Finetune,HAR,KH,1.0,accuracy,0.3333333432674408,1e-1
TS Encoder,1e-1,KH,MLP,Full Finetune,HAR,KH,100.0,accuracy,0.1666666716337204,1e-1
TS Encoder,1e-1,KH,MLP,Full Finetune,HAR,KH,5.0,accuracy,0.2083333283662796,1e-1
TS Encoder,1e-1,WISDM,MLP,Full Finetune,HAR,WISDM,1000.0,accuracy,0.25,1e-1
TS Encoder,1e-1,RW-Thigh,MLP,Full Finetune,HAR,RW-Thigh,25.0,accuracy,0.1666666716337204,1e-1
TS Encoder,1e-1,MS,MLP,Full Finetune,HAR,MS,200.0,accuracy,0.0913370996713638,1e-1
TS Encoder,1e-1,RW-Thigh,MLP,Full Finetune,HAR,RW-Thigh,200.0,accuracy,0.1666666716337204,1e-1
TS Encoder,1e-1,MS,MLP,Full Finetune,HAR,MS,10.0,accuracy,0.1666666716337204,1e-1
TS Encoder,1e-1,RW-Thigh,MLP,Full Finetune,HAR,RW-Thigh,1000.0,accuracy,0.1521739065647125,1e-1
TS Encoder,1e-1,WISDM,MLP,Full Finetune,HAR,WISDM,50.0,accuracy,0.2626728117465973,1e-1
TS Encoder,1e-1,RW-Waist,MLP,Full Finetune,HAR,RW-Waist,5.0,accuracy,0.1666666716337204,1e-1
TS Encoder,1e-1,RW-Waist,MLP,Full Finetune,HAR,RW-Waist,1.0,accuracy,0.1666666716337204,1e-1
TS Encoder,1e-1,MS,MLP,Full Finetune,HAR,MS,200.0,accuracy,0.0574387945234775,1e-1
TS Encoder,1e-1,UCI,MLP,Full Finetune,HAR,UCI,5.0,accuracy,0.1956521719694137,1e-1
TS Encoder,1e-1,RW-Waist,MLP,Full Finetune,HAR,RW-Waist,200.0,accuracy,0.1666666716337204,1e-1
TS Encoder,1e-1,UCI,MLP,Full Finetune,HAR,UCI,200.0,accuracy,0.2000000029802322,1e-1
TS Encoder,1e-1,WISDM,MLP,Full Finetune,HAR,WISDM,100.0,accuracy,0.25,1e-1
TS Encoder,1e-1,UCI,MLP,Full Finetune,HAR,UCI,1000.0,accuracy,0.2101449221372604,1e-1
TS Encoder,1e-1,MS,MLP,Full Finetune,HAR,MS,5.0,accuracy,0.0941619575023651,1e-1
TS Encoder,1e-1,UCI,MLP,Full Finetune,HAR,UCI,10.0,accuracy,0.2000000029802322,1e-1
TS Encoder,1e-1,WISDM,MLP,Full Finetune,HAR,WISDM,5.0,accuracy,0.0875576063990593,1e-1
TS Encoder,1e-1,RW-Thigh,MLP,Full Finetune,HAR,RW-Thigh,25.0,accuracy,0.1766735613346099,1e-1
TS Encoder,1e-1,MS,MLP,Full Finetune,HAR,MS,50.0,accuracy,0.1666666716337204,1e-1
TS Encoder,1e-1,RW-Waist,MLP,Full Finetune,HAR,RW-Waist,1000.0,accuracy,0.1739969104528427,1e-1
TS Encoder,1e-1,WISDM,MLP,Full Finetune,HAR,WISDM,1000.0,accuracy,0.2599846422672272,1e-1
TS Encoder,1e-1,UCI,MLP,Full Finetune,HAR,UCI,1.0,accuracy,0.2014492750167846,1e-1
TS Encoder,1e-1,KH,MLP,Full Finetune,HAR,KH,10.0,accuracy,0.1666666716337204,1e-1
TS Encoder,1e-1,RW-Waist,MLP,Full Finetune,HAR,RW-Waist,50.0,accuracy,0.1682098805904388,1e-1
TS Encoder,1e-1,MS,MLP,Full Finetune,HAR,MS,1000.0,accuracy,0.1704331487417221,1e-1
TS Encoder,1e-1,WISDM,MLP,Full Finetune,HAR,WISDM,10.0,accuracy,0.25,1e-1
TS Encoder,1e-1,UCI,MLP,Full Finetune,HAR,UCI,10.0,accuracy,0.2000000029802322,1e-1
TS Encoder,1e-1,UCI,MLP,Full Finetune,HAR,UCI,1000.0,accuracy,0.2014492750167846,1e-1
TS Encoder,1e-1,WISDM,MLP,Full Finetune,HAR,WISDM,1.0,accuracy,0.25,1e-1
TS Encoder,1e-1,RW-Thigh,MLP,Full Finetune,HAR,RW-Thigh,50.0,accuracy,0.1666666716337204,1e-1
TS Encoder,1e-1,RW-Thigh,MLP,Full Finetune,HAR,RW-Thigh,100.0,accuracy,0.1666666716337204,1e-1
TS Encoder,1e-1,RW-Waist,MLP,Full Finetune,HAR,RW-Waist,5.0,accuracy,0.2179783880710601,1e-1
TS Encoder,1e-1,MS,MLP,Full Finetune,HAR,MS,100.0,accuracy,0.1666666716337204,1e-1
TS Encoder,1e-1,RW-Waist,MLP,Full Finetune,HAR,RW-Waist,25.0,accuracy,0.1666666716337204,1e-1
TS Encoder,1e-1,WISDM,MLP,Full Finetune,HAR,WISDM,200.0,accuracy,0.25,1e-1
TS Encoder,1e-1,MS,MLP,Full Finetune,HAR,MS,1.0,accuracy,0.1666666716337204,1e-1
TS Encoder,1e-1,KH,MLP,Full Finetune,HAR,KH,50.0,accuracy,0.1666666716337204,1e-1
TS Encoder,1e-1,MS,MLP,Full Finetune,HAR,MS,100.0,accuracy,0.1666666716337204,1e-1
TS Encoder,1e-1,MS,MLP,Full Finetune,HAR,MS,1.0,accuracy,0.1666666716337204,1e-1
TS Encoder,1e-1,KH,MLP,Full Finetune,HAR,KH,25.0,accuracy,0.1666666716337204,1e-1
TS Encoder,1e-1,WISDM,MLP,Full Finetune,HAR,WISDM,25.0,accuracy,0.25,1e-1
TS Encoder,1e-1,WISDM,MLP,Full Finetune,HAR,WISDM,1.0,accuracy,0.2430875599384308,1e-1
TS Encoder,1e-1,WISDM,MLP,Full Finetune,HAR,WISDM,10.0,accuracy,0.25,1e-1
TS Encoder,1e-1,KH,MLP,Full Finetune,HAR,KH,25.0,accuracy,0.1944444477558136,1e-1
TS Encoder,1e-1,RW-Thigh,MLP,Full Finetune,HAR,RW-Thigh,50.0,accuracy,0.1666666716337204,1e-1
TS Encoder,1e-1,RW-Waist,MLP,Full Finetune,HAR,RW-Waist,10.0,accuracy,0.1666666716337204,1e-1
TS Encoder,1e-1,RW-Thigh,MLP,Full Finetune,HAR,RW-Thigh,25.0,accuracy,0.185300201177597,1e-1
TS Encoder,1e-1,KH,MLP,Full Finetune,HAR,KH,200.0,accuracy,0.1666666716337204,1e-1
TS Encoder,1e-1,UCI,MLP,Full Finetune,HAR,UCI,25.0,accuracy,0.2000000029802322,1e-1
TS Encoder,1e-1,UCI,MLP,Full Finetune,HAR,UCI,10.0,accuracy,0.181159421801567,1e-1
TS Encoder,1e-1,MS,MLP,Full Finetune,HAR,MS,1.0,accuracy,0.1864406764507293,1e-1
TS Encoder,1e-1,RW-Waist,MLP,Full Finetune,HAR,RW-Waist,200.0,accuracy,0.1666666716337204,1e-1
TS Encoder,1e-1,UCI,MLP,Full Finetune,HAR,UCI,5.0,accuracy,0.2057971060276031,1e-1
TS Encoder,1e-1,WISDM,MLP,Full Finetune,HAR,WISDM,200.0,accuracy,0.25,1e-1
TS Encoder,1e-1,WISDM,MLP,Full Finetune,HAR,WISDM,100.0,accuracy,0.25,1e-1
TS Encoder,1e-1,RW-Waist,MLP,Full Finetune,HAR,RW-Waist,100.0,accuracy,0.1666666716337204,1e-1
TS Encoder,1e-1,WISDM,MLP,Full Finetune,HAR,WISDM,50.0,accuracy,0.2496159821748733,1e-1
TS Encoder,1e-1,RW-Waist,MLP,Full Finetune,HAR,RW-Waist,50.0,accuracy,0.1670524626970291,1e-1
TS Encoder,1e-1,RW-Thigh,MLP,Full Finetune,HAR,RW-Thigh,1000.0,accuracy,0.1670117378234863,1e-1
TS Encoder,1e-1,MS,MLP,Full Finetune,HAR,MS,5.0,accuracy,0.1666666716337204,1e-1
TS Encoder,1e-1,RW-Waist,MLP,Full Finetune,HAR,RW-Waist,1.0,accuracy,0.2199074029922485,1e-1
TS Encoder,1e-1,KH,MLP,Full Finetune,HAR,KH,100.0,accuracy,0.1666666716337204,1e-1
TS Encoder,1e-1,WISDM,MLP,Full Finetune,HAR,WISDM,200.0,accuracy,0.25,1e-1
TS Encoder,1e-1,RW-Thigh,MLP,Full Finetune,HAR,RW-Thigh,100.0,accuracy,0.0196687374264001,1e-1
TS Encoder,1e-1,WISDM,MLP,Full Finetune,HAR,WISDM,1.0,accuracy,0.25,1e-1
TS Encoder,1e-1,RW-Waist,MLP,Full Finetune,HAR,RW-Waist,1000.0,accuracy,0.1666666716337204,1e-1
TS Encoder,1e-1,KH,MLP,Full Finetune,HAR,KH,10.0,accuracy,0.1041666641831398,1e-1
TS Encoder,1e-1,RW-Waist,MLP,Full Finetune,HAR,RW-Waist,10.0,accuracy,0.1666666716337204,1e-1
TS Encoder,1e-1,KH,MLP,Full Finetune,HAR,KH,10.0,accuracy,0.1666666716337204,1e-1
TS Encoder,1e-1,KH,MLP,Full Finetune,HAR,KH,50.0,accuracy,0.1597222238779068,1e-1
TS Encoder,1e-1,KH,MLP,Full Finetune,HAR,KH,1.0,accuracy,0.1527777761220932,1e-1
TS Encoder,1e-1,MS,MLP,Full Finetune,HAR,MS,10.0,accuracy,0.1666666716337204,1e-1
TS Encoder,1e-1,UCI,MLP,Full Finetune,HAR,UCI,1000.0,accuracy,0.2000000029802322,1e-1
TS Encoder,1e-1,KH,MLP,Full Finetune,HAR,KH,200.0,accuracy,0.1666666716337204,1e-1
TS Encoder,1e-1,MS,MLP,Full Finetune,HAR,MS,25.0,accuracy,0.1949152499437332,1e-1
TS Encoder,1e-1,WISDM,MLP,Full Finetune,HAR,WISDM,25.0,accuracy,0.2496159821748733,1e-1
TS Encoder,1e-1,UCI,MLP,Full Finetune,HAR,UCI,200.0,accuracy,0.2231884002685547,1e-1
TS Encoder,1e-1,MS,MLP,Full Finetune,HAR,MS,5.0,accuracy,0.1666666716337204,1e-1
TS Encoder,1e-1,MS,MLP,Full Finetune,HAR,MS,50.0,accuracy,0.1666666716337204,1e-1
TS Encoder,1e-1,MS,MLP,Full Finetune,HAR,MS,10.0,accuracy,0.1666666716337204,1e-1
TS Encoder,1e-1,UCI,MLP,Full Finetune,HAR,UCI,100.0,accuracy,0.1985507309436798,1e-1
TS Encoder,1e-1,RW-Thigh,MLP,Full Finetune,HAR,RW-Thigh,1.0,accuracy,0.1666666716337204,1e-1
TS Encoder,1e-1,RW-Waist,MLP,Full Finetune,HAR,RW-Waist,200.0,accuracy,0.1666666716337204,1e-1
TS Encoder,1e-1,RW-Waist,MLP,Full Finetune,HAR,RW-Waist,25.0,accuracy,0.1666666716337204,1e-1
TS Encoder,1e-1,KH,MLP,Full Finetune,HAR,KH,1000.0,accuracy,0.1666666716337204,1e-1
TS Encoder,1e-1,RW-Thigh,MLP,Full Finetune,HAR,RW-Thigh,200.0,accuracy,0.1666666716337204,1e-1
TS Encoder,1e-1,WISDM,MLP,Full Finetune,HAR,WISDM,25.0,accuracy,0.25,1e-1
TS Encoder,1e-1,RW-Thigh,MLP,Full Finetune,HAR,RW-Thigh,10.0,accuracy,0.1666666716337204,1e-1
TS Encoder,1e-1,UCI,MLP,Full Finetune,HAR,UCI,25.0,accuracy,0.2000000029802322,1e-1
TS Encoder,1e-1,KH,MLP,Full Finetune,HAR,KH,200.0,accuracy,0.2152777761220932,1e-1
TS Encoder,1e-1,MS,MLP,Full Finetune,HAR,MS,200.0,accuracy,0.1676082909107208,1e-1
TS Encoder,1e-1,KH,MLP,Full Finetune,HAR,KH,25.0,accuracy,0.1666666716337204,1e-1
TS Encoder,1e-1,RW-Thigh,MLP,Full Finetune,HAR,RW-Thigh,50.0,accuracy,0.1628709435462951,1e-1
TS Encoder,1e-1,RW-Thigh,MLP,Full Finetune,HAR,RW-Thigh,5.0,accuracy,0.1176673546433448,1e-1
TS Encoder,1e-1,RW-Thigh,MLP,Full Finetune,HAR,RW-Thigh,1.0,accuracy,0.1666666716337204,1e-1
TS Encoder,1e-1,MS,MLP,Full Finetune,HAR,MS,50.0,accuracy,0.1666666716337204,1e-1
TS Encoder,1e-1,WISDM,MLP,Full Finetune,HAR,WISDM,10.0,accuracy,0.2503840327262878,1e-1
TS Encoder,1e-1,RW-Waist,MLP,Full Finetune,HAR,RW-Waist,10.0,accuracy,0.1666666716337204,1e-1
TS Encoder,1e-1,RW-Thigh,MLP,Full Finetune,HAR,RW-Thigh,5.0,accuracy,0.1666666716337204,1e-1
TS Encoder,1e-1,WISDM,MLP,Full Finetune,HAR,WISDM,1000.0,accuracy,0.25,1e-1
TS Encoder,1e-1,RW-Thigh,MLP,Full Finetune,HAR,RW-Thigh,5.0,accuracy,0.1666666716337204,1e-1
TS Encoder,1e-1,WISDM,MLP,Full Finetune,HAR,WISDM,100.0,accuracy,0.25,1e-1
TS Encoder,1e-5,KH,MLP,Full Finetune,HAR,KH,5.0,accuracy,0.1666666716337204,1e-5
TS Encoder,1e-5,KH,MLP,Full Finetune,HAR,KH,5.0,accuracy,0.2708333432674408,1e-5
TS Encoder,1e-5,UCI,MLP,Full Finetune,HAR,UCI,25.0,accuracy,0.2000000029802322,1e-5
TS Encoder,1e-5,UCI,MLP,Full Finetune,HAR,UCI,1.0,accuracy,0.2000000029802322,1e-5
TS Encoder,1e-5,MS,MLP,Full Finetune,HAR,MS,1000.0,accuracy,0.1789077222347259,1e-5
TS Encoder,1e-5,KH,MLP,Full Finetune,HAR,KH,1.0,accuracy,0.0069444444961845,1e-5
TS Encoder,1e-5,MS,MLP,Full Finetune,HAR,MS,25.0,accuracy,0.1666666716337204,1e-5
TS Encoder,1e-5,RW-Waist,MLP,Full Finetune,HAR,RW-Waist,100.0,accuracy,0.1666666716337204,1e-5
TS Encoder,1e-5,UCI,MLP,Full Finetune,HAR,UCI,50.0,accuracy,0.2463768124580383,1e-5
TS Encoder,1e-5,RW-Thigh,MLP,Full Finetune,HAR,RW-Thigh,200.0,accuracy,0.1666666716337204,1e-5
TS Encoder,1e-5,KH,MLP,Full Finetune,HAR,KH,1000.0,accuracy,0.2083333283662796,1e-5
TS Encoder,1e-5,RW-Waist,MLP,Full Finetune,HAR,RW-Waist,25.0,accuracy,0.167438268661499,1e-5
TS Encoder,1e-5,RW-Waist,MLP,Full Finetune,HAR,RW-Waist,50.0,accuracy,0.164737656712532,1e-5
TS Encoder,1e-5,RW-Thigh,MLP,Full Finetune,HAR,RW-Thigh,10.0,accuracy,0.10386473685503,1e-5
TS Encoder,1e-5,UCI,MLP,Full Finetune,HAR,UCI,1.0,accuracy,0.2000000029802322,1e-5
TS Encoder,1e-5,RW-Thigh,MLP,Full Finetune,HAR,RW-Thigh,100.0,accuracy,0.1680469214916229,1e-5
TS Encoder,1e-5,WISDM,MLP,Full Finetune,HAR,WISDM,5.0,accuracy,0.25,1e-5
TS Encoder,1e-5,RW-Thigh,MLP,Full Finetune,HAR,RW-Thigh,10.0,accuracy,0.1142167001962661,1e-5
TS Encoder,1e-5,KH,MLP,Full Finetune,HAR,KH,100.0,accuracy,0.1666666716337204,1e-5
TS Encoder,1e-5,MS,MLP,Full Finetune,HAR,MS,25.0,accuracy,0.1676082909107208,1e-5
TS Encoder,1e-5,KH,MLP,Full Finetune,HAR,KH,50.0,accuracy,0.1458333283662796,1e-5
TS Encoder,1e-5,KH,MLP,Full Finetune,HAR,KH,1000.0,accuracy,0.1736111044883728,1e-5
TS Encoder,1e-5,RW-Waist,MLP,Full Finetune,HAR,RW-Waist,5.0,accuracy,0.1666666716337204,1e-5
TS Encoder,1e-5,UCI,MLP,Full Finetune,HAR,UCI,100.0,accuracy,0.2000000029802322,1e-5
TS Encoder,1e-5,UCI,MLP,Full Finetune,HAR,UCI,100.0,accuracy,0.2000000029802322,1e-5
TS Encoder,1e-5,RW-Waist,MLP,Full Finetune,HAR,RW-Waist,100.0,accuracy,0.1666666716337204,1e-5
TS Encoder,1e-5,MS,MLP,Full Finetune,HAR,MS,1000.0,accuracy,0.1685499101877212,1e-5
TS Encoder,1e-5,UCI,MLP,Full Finetune,HAR,UCI,50.0,accuracy,0.2000000029802322,1e-5
TS Encoder,1e-5,MS,MLP,Full Finetune,HAR,MS,100.0,accuracy,0.1666666716337204,1e-5
TS Encoder,1e-5,RW-Thigh,MLP,Full Finetune,HAR,RW-Thigh,1.0,accuracy,0.1666666716337204,1e-5
TS Encoder,1e-5,UCI,MLP,Full Finetune,HAR,UCI,5.0,accuracy,0.2000000029802322,1e-5
TS Encoder,1e-5,RW-Waist,MLP,Full Finetune,HAR,RW-Waist,1000.0,accuracy,0.1666666716337204,1e-5
TS Encoder,1e-5,WISDM,MLP,Full Finetune,HAR,WISDM,5.0,accuracy,0.3433179855346679,1e-5
TS Encoder,1e-5,RW-Waist,MLP,Full Finetune,HAR,RW-Waist,1.0,accuracy,0.1666666716337204,1e-5
TS Encoder,1e-5,RW-Thigh,MLP,Full Finetune,HAR,RW-Thigh,1000.0,accuracy,0.1694271862506866,1e-5
TS Encoder,1e-5,WISDM,MLP,Full Finetune,HAR,WISDM,50.0,accuracy,0.2523041367530823,1e-5
TS Encoder,1e-5,UCI,MLP,Full Finetune,HAR,UCI,200.0,accuracy,0.2000000029802322,1e-5
TS Encoder,1e-5,UCI,MLP,Full Finetune,HAR,UCI,50.0,accuracy,0.1072463765740394,1e-5
TS Encoder,1e-5,RW-Thigh,MLP,Full Finetune,HAR,RW-Thigh,1000.0,accuracy,0.1659765392541885,1e-5
TS Encoder,1e-5,KH,MLP,Full Finetune,HAR,KH,100.0,accuracy,0.1666666716337204,1e-5
TS Encoder,1e-5,KH,MLP,Full Finetune,HAR,KH,1.0,accuracy,0.1666666716337204,1e-5
TS Encoder,1e-5,KH,MLP,Full Finetune,HAR,KH,5.0,accuracy,0.2638888955116272,1e-5
TS Encoder,1e-5,RW-Thigh,MLP,Full Finetune,HAR,RW-Thigh,25.0,accuracy,0.1442373991012573,1e-5
TS Encoder,1e-5,RW-Waist,MLP,Full Finetune,HAR,RW-Waist,5.0,accuracy,0.1682098805904388,1e-5
TS Encoder,1e-5,WISDM,MLP,Full Finetune,HAR,WISDM,1000.0,accuracy,0.25,1e-5
TS Encoder,1e-5,MS,MLP,Full Finetune,HAR,MS,200.0,accuracy,0.1666666716337204,1e-5
TS Encoder,1e-5,MS,MLP,Full Finetune,HAR,MS,10.0,accuracy,0.1666666716337204,1e-5
TS Encoder,1e-5,WISDM,MLP,Full Finetune,HAR,WISDM,50.0,accuracy,0.2523041367530823,1e-5
TS Encoder,1e-5,MS,MLP,Full Finetune,HAR,MS,200.0,accuracy,0.1666666716337204,1e-5
TS Encoder,1e-5,UCI,MLP,Full Finetune,HAR,UCI,5.0,accuracy,0.2000000029802322,1e-5
TS Encoder,1e-5,RW-Thigh,MLP,Full Finetune,HAR,RW-Thigh,200.0,accuracy,0.1666666716337204,1e-5
TS Encoder,1e-5,RW-Waist,MLP,Full Finetune,HAR,RW-Waist,1.0,accuracy,0.1666666716337204,1e-5
TS Encoder,1e-5,UCI,MLP,Full Finetune,HAR,UCI,200.0,accuracy,0.2000000029802322,1e-5
TS Encoder,1e-5,RW-Waist,MLP,Full Finetune,HAR,RW-Waist,200.0,accuracy,0.1670524626970291,1e-5
TS Encoder,1e-5,RW-Thigh,MLP,Full Finetune,HAR,RW-Thigh,25.0,accuracy,0.1949620395898819,1e-5
TS Encoder,1e-5,UCI,MLP,Full Finetune,HAR,UCI,1000.0,accuracy,0.2000000029802322,1e-5
TS Encoder,1e-5,MS,MLP,Full Finetune,HAR,MS,5.0,accuracy,0.1666666716337204,1e-5
TS Encoder,1e-5,WISDM,MLP,Full Finetune,HAR,WISDM,5.0,accuracy,0.25,1e-5
TS Encoder,1e-5,WISDM,MLP,Full Finetune,HAR,WISDM,100.0,accuracy,0.25,1e-5
TS Encoder,1e-5,UCI,MLP,Full Finetune,HAR,UCI,10.0,accuracy,0.2000000029802322,1e-5
TS Encoder,1e-5,WISDM,MLP,Full Finetune,HAR,WISDM,1000.0,accuracy,0.2511520683765411,1e-5
TS Encoder,1e-5,MS,MLP,Full Finetune,HAR,MS,50.0,accuracy,0.1657250523567199,1e-5
TS Encoder,1e-5,KH,MLP,Full Finetune,HAR,KH,10.0,accuracy,0.1666666716337204,1e-5
TS Encoder,1e-5,UCI,MLP,Full Finetune,HAR,UCI,1.0,accuracy,0.2000000029802322,1e-5
TS Encoder,1e-5,RW-Waist,MLP,Full Finetune,HAR,RW-Waist,50.0,accuracy,0.1666666716337204,1e-5
TS Encoder,1e-5,WISDM,MLP,Full Finetune,HAR,WISDM,1.0,accuracy,0.290706604719162,1e-5
TS Encoder,1e-5,RW-Waist,MLP,Full Finetune,HAR,RW-Waist,1000.0,accuracy,0.1670524626970291,1e-5
TS Encoder,1e-5,UCI,MLP,Full Finetune,HAR,UCI,1000.0,accuracy,0.1898550689220428,1e-5
TS Encoder,1e-5,MS,MLP,Full Finetune,HAR,MS,1000.0,accuracy,0.1666666716337204,1e-5
TS Encoder,1e-5,UCI,MLP,Full Finetune,HAR,UCI,10.0,accuracy,0.2000000029802322,1e-5
TS Encoder,1e-5,MS,MLP,Full Finetune,HAR,MS,100.0,accuracy,0.1666666716337204,1e-5
TS Encoder,1e-5,WISDM,MLP,Full Finetune,HAR,WISDM,10.0,accuracy,0.25,1e-5
TS Encoder,1e-5,RW-Thigh,MLP,Full Finetune,HAR,RW-Thigh,50.0,accuracy,0.1666666716337204,1e-5
TS Encoder,1e-5,RW-Waist,MLP,Full Finetune,HAR,RW-Waist,5.0,accuracy,0.0462962947785854,1e-5
TS Encoder,1e-5,WISDM,MLP,Full Finetune,HAR,WISDM,25.0,accuracy,0.2596006095409393,1e-5
TS Encoder,1e-5,WISDM,MLP,Full Finetune,HAR,WISDM,200.0,accuracy,0.25,1e-5
TS Encoder,1e-5,MS,MLP,Full Finetune,HAR,MS,1.0,accuracy,0.1666666716337204,1e-5
TS Encoder,1e-5,WISDM,MLP,Full Finetune,HAR,WISDM,10.0,accuracy,0.2035330235958099,1e-5
TS Encoder,1e-5,RW-Thigh,MLP,Full Finetune,HAR,RW-Thigh,100.0,accuracy,0.1694271862506866,1e-5
TS Encoder,1e-5,RW-Waist,MLP,Full Finetune,HAR,RW-Waist,25.0,accuracy,0.1666666716337204,1e-5
TS Encoder,1e-5,KH,MLP,Full Finetune,HAR,KH,50.0,accuracy,0.0763888880610466,1e-5
TS Encoder,1e-5,MS,MLP,Full Finetune,HAR,MS,100.0,accuracy,0.1666666716337204,1e-5
TS Encoder,1e-5,RW-Thigh,MLP,Full Finetune,HAR,RW-Thigh,50.0,accuracy,0.1183574870228767,1e-5
TS Encoder,1e-5,KH,MLP,Full Finetune,HAR,KH,25.0,accuracy,0.1666666716337204,1e-5
TS Encoder,1e-5,KH,MLP,Full Finetune,HAR,KH,25.0,accuracy,0.1666666716337204,1e-5
TS Encoder,1e-5,WISDM,MLP,Full Finetune,HAR,WISDM,1.0,accuracy,0.25,1e-5
TS Encoder,1e-5,MS,MLP,Full Finetune,HAR,MS,1.0,accuracy,0.1723163872957229,1e-5
TS Encoder,1e-5,RW-Thigh,MLP,Full Finetune,HAR,RW-Thigh,25.0,accuracy,0.1663216054439544,1e-5
TS Encoder,1e-5,UCI,MLP,Full Finetune,HAR,UCI,10.0,accuracy,0.2000000029802322,1e-5
TS Encoder,1e-5,KH,MLP,Full Finetune,HAR,KH,200.0,accuracy,0.1666666716337204,1e-5
TS Encoder,1e-5,MS,MLP,Full Finetune,HAR,MS,1.0,accuracy,0.1666666716337204,1e-5
TS Encoder,1e-5,UCI,MLP,Full Finetune,HAR,UCI,25.0,accuracy,0.1985507309436798,1e-5
TS Encoder,1e-5,RW-Waist,MLP,Full Finetune,HAR,RW-Waist,10.0,accuracy,0.1666666716337204,1e-5
TS Encoder,1e-5,UCI,MLP,Full Finetune,HAR,UCI,5.0,accuracy,0.2000000029802322,1e-5
TS Encoder,1e-5,RW-Waist,MLP,Full Finetune,HAR,RW-Waist,200.0,accuracy,0.1666666716337204,1e-5
TS Encoder,1e-5,RW-Waist,MLP,Full Finetune,HAR,RW-Waist,50.0,accuracy,0.1666666716337204,1e-5
TS Encoder,1e-5,WISDM,MLP,Full Finetune,HAR,WISDM,200.0,accuracy,0.25,1e-5
TS Encoder,1e-5,RW-Waist,MLP,Full Finetune,HAR,RW-Waist,1000.0,accuracy,0.1666666716337204,1e-5
TS Encoder,1e-5,WISDM,MLP,Full Finetune,HAR,WISDM,50.0,accuracy,0.1547619104385376,1e-5
TS Encoder,1e-5,WISDM,MLP,Full Finetune,HAR,WISDM,100.0,accuracy,0.2081413269042968,1e-5
TS Encoder,1e-5,KH,MLP,Full Finetune,HAR,KH,100.0,accuracy,0.1666666716337204,1e-5
TS Encoder,1e-5,WISDM,MLP,Full Finetune,HAR,WISDM,200.0,accuracy,0.25,1e-5
TS Encoder,1e-5,RW-Thigh,MLP,Full Finetune,HAR,RW-Thigh,1000.0,accuracy,0.1663216054439544,1e-5
TS Encoder,1e-5,MS,MLP,Full Finetune,HAR,MS,5.0,accuracy,0.312617689371109,1e-5
TS Encoder,1e-5,RW-Thigh,MLP,Full Finetune,HAR,RW-Thigh,100.0,accuracy,0.1673568040132522,1e-5
TS Encoder,1e-5,RW-Waist,MLP,Full Finetune,HAR,RW-Waist,1.0,accuracy,0.1631944477558136,1e-5
TS Encoder,1e-5,KH,MLP,Full Finetune,HAR,KH,10.0,accuracy,0.1458333283662796,1e-5
TS Encoder,1e-5,RW-Waist,MLP,Full Finetune,HAR,RW-Waist,100.0,accuracy,0.1666666716337204,1e-5
TS Encoder,1e-5,WISDM,MLP,Full Finetune,HAR,WISDM,1.0,accuracy,0.25,1e-5
TS Encoder,1e-5,KH,MLP,Full Finetune,HAR,KH,10.0,accuracy,0.1805555522441864,1e-5
TS Encoder,1e-5,MS,MLP,Full Finetune,HAR,MS,25.0,accuracy,0.1666666716337204,1e-5
TS Encoder,1e-5,RW-Waist,MLP,Full Finetune,HAR,RW-Waist,10.0,accuracy,0.1608796268701553,1e-5
TS Encoder,1e-5,UCI,MLP,Full Finetune,HAR,UCI,1000.0,accuracy,0.2014492750167846,1e-5
TS Encoder,1e-5,KH,MLP,Full Finetune,HAR,KH,50.0,accuracy,0.1666666716337204,1e-5
TS Encoder,1e-5,KH,MLP,Full Finetune,HAR,KH,200.0,accuracy,0.2430555522441864,1e-5
TS Encoder,1e-5,KH,MLP,Full Finetune,HAR,KH,1.0,accuracy,0.1666666716337204,1e-5
TS Encoder,1e-5,MS,MLP,Full Finetune,HAR,MS,10.0,accuracy,0.1205273047089576,1e-5
TS Encoder,1e-5,WISDM,MLP,Full Finetune,HAR,WISDM,25.0,accuracy,0.2511520683765411,1e-5
TS Encoder,1e-5,UCI,MLP,Full Finetune,HAR,UCI,200.0,accuracy,0.2000000029802322,1e-5
TS Encoder,1e-5,MS,MLP,Full Finetune,HAR,MS,5.0,accuracy,0.196798488497734,1e-5
TS Encoder,1e-5,UCI,MLP,Full Finetune,HAR,UCI,100.0,accuracy,0.2000000029802322,1e-5
TS Encoder,1e-5,MS,MLP,Full Finetune,HAR,MS,50.0,accuracy,0.1666666716337204,1e-5
TS Encoder,1e-5,RW-Thigh,MLP,Full Finetune,HAR,RW-Thigh,10.0,accuracy,0.0276052448898553,1e-5
TS Encoder,1e-5,MS,MLP,Full Finetune,HAR,MS,10.0,accuracy,0.1516007483005523,1e-5
TS Encoder,1e-5,RW-Waist,MLP,Full Finetune,HAR,RW-Waist,200.0,accuracy,0.1666666716337204,1e-5
TS Encoder,1e-5,RW-Thigh,MLP,Full Finetune,HAR,RW-Thigh,1.0,accuracy,0.1463077962398529,1e-5
TS Encoder,1e-5,KH,MLP,Full Finetune,HAR,KH,1000.0,accuracy,0.1666666716337204,1e-5
TS Encoder,1e-5,UCI,MLP,Full Finetune,HAR,UCI,25.0,accuracy,0.1652173846960067,1e-5
TS Encoder,1e-5,KH,MLP,Full Finetune,HAR,KH,200.0,accuracy,0.2152777761220932,1e-5
TS Encoder,1e-5,WISDM,MLP,Full Finetune,HAR,WISDM,25.0,accuracy,0.25,1e-5
TS Encoder,1e-5,RW-Waist,MLP,Full Finetune,HAR,RW-Waist,25.0,accuracy,0.1755401194095611,1e-5
TS Encoder,1e-5,KH,MLP,Full Finetune,HAR,KH,25.0,accuracy,0.3194444477558136,1e-5
TS Encoder,1e-5,MS,MLP,Full Finetune,HAR,MS,200.0,accuracy,0.1676082909107208,1e-5
TS Encoder,1e-5,RW-Thigh,MLP,Full Finetune,HAR,RW-Thigh,200.0,accuracy,0.1666666716337204,1e-5
TS Encoder,1e-5,RW-Thigh,MLP,Full Finetune,HAR,RW-Thigh,50.0,accuracy,0.1321601122617721,1e-5
TS Encoder,1e-5,MS,MLP,Full Finetune,HAR,MS,50.0,accuracy,0.1666666716337204,1e-5
TS Encoder,1e-5,RW-Waist,MLP,Full Finetune,HAR,RW-Waist,10.0,accuracy,0.1666666716337204,1e-5
TS Encoder,1e-5,RW-Thigh,MLP,Full Finetune,HAR,RW-Thigh,5.0,accuracy,0.1666666716337204,1e-5
TS Encoder,1e-5,RW-Thigh,MLP,Full Finetune,HAR,RW-Thigh,1.0,accuracy,0.1666666716337204,1e-5
TS Encoder,1e-5,WISDM,MLP,Full Finetune,HAR,WISDM,10.0,accuracy,0.25,1e-5
TS Encoder,1e-5,WISDM,MLP,Full Finetune,HAR,WISDM,100.0,accuracy,0.25,1e-5
TS Encoder,1e-5,RW-Thigh,MLP,Full Finetune,HAR,RW-Thigh,5.0,accuracy,0.1673568040132522,1e-5
TS Encoder,1e-5,WISDM,MLP,Full Finetune,HAR,WISDM,1000.0,accuracy,0.25,1e-5
TS Encoder,1e-5,RW-Thigh,MLP,Full Finetune,HAR,RW-Thigh,5.0,accuracy,0.1363008916378021,1e-5
