execution/id,execution/uid,backbone/load_from_uid,execution/status,execution/num_deps,ckpt/resume,model/uid,model/config,model/name,model/override_id,data/uid,data/data_module,data/view,data/dataset,data/partition,data/name,data/override_id,pipeline/uid,pipeline/task,pipeline/name,pipeline/override_id,execution/root_dir,execution/run_id,execution/metric_file,execution/run_file,metric/classification/accuracy,metric/classification/balanced_accuracy,metric/classification/f1_score_macro,metric/classification/f1_score_micro,metric/classification/precision,metric/classification/recall
train_resnetse5,id_f0096bc131b8,,completed,0,False,id_01c6663a52ec,supervised,resnetse5,full_finetune_lr3,id_a8b9fb2299ef,multimodal_df,daghar_standardized_balanced,wisdm,train,config_0,multimodal_samples_010_2,id_7d268895569b,har,train,full_run,/workspaces/HIAAC-KR-Dev-Container/Minerva-Exps/benchmarks/experiments/paper_daghar_supervised_3runs_perlr_samples_down_seed_resnetse5_12345/logs/id_f0096bc131b8/final,,,,,,,,,
evaluate_resnetse5,id_5f2b5c51fc62,id_a79fc2fe233d,completed,1,True,id_3f47675df06f,supervised,resnetse5,full_finetune_lr5,id_6790d96a1ecf,multimodal_df,daghar_standardized_balanced,motionsense,test,,multimodal_perc_100,id_daa7333eb2f8,har,evaluate,full_run,/workspaces/HIAAC-KR-Dev-Container/Minerva-Exps/benchmarks/experiments/paper_daghar_supervised_3runs_perlr_samples_down_seed_resnetse5_12345/logs/id_5f2b5c51fc62/final,3605f73299,/workspaces/HIAAC-KR-Dev-Container/Minerva-Exps/benchmarks/experiments/paper_daghar_supervised_3runs_perlr_samples_down_seed_resnetse5_12345/logs/id_5f2b5c51fc62/final/metrics_2025-11-10-15-53-3605f73299.yaml,/workspaces/HIAAC-KR-Dev-Container/Minerva-Exps/benchmarks/experiments/paper_daghar_supervised_3runs_perlr_samples_down_seed_resnetse5_12345/logs/id_5f2b5c51fc62/final/run_2025-11-10-15-53-3605f73299.yaml,0.7881355881690979,0.8051981329917908,0.7369225025177002,0.7881355881690979,0.7881355881690979,0.8051981925964355
evaluate_resnetse5,id_c24ec9b52617,id_f0096bc131b8,completed,1,True,id_01c6663a52ec,supervised,resnetse5,full_finetune_lr3,id_5e9954676477,multimodal_df,daghar_standardized_balanced,wisdm,test,,multimodal_perc_100,id_daa7333eb2f8,har,evaluate,full_run,/workspaces/HIAAC-KR-Dev-Container/Minerva-Exps/benchmarks/experiments/paper_daghar_supervised_3runs_perlr_samples_down_seed_resnetse5_12345/logs/id_c24ec9b52617/final,25ba07362c,/workspaces/HIAAC-KR-Dev-Container/Minerva-Exps/benchmarks/experiments/paper_daghar_supervised_3runs_perlr_samples_down_seed_resnetse5_12345/logs/id_c24ec9b52617/final/metrics_2025-11-10-17-43-25ba07362c.yaml,/workspaces/HIAAC-KR-Dev-Container/Minerva-Exps/benchmarks/experiments/paper_daghar_supervised_3runs_perlr_samples_down_seed_resnetse5_12345/logs/id_c24ec9b52617/final/run_2025-11-10-17-43-25ba07362c.yaml,0.7369431853294373,0.7521546483039856,0.6672932505607605,0.7369431853294373,0.7369431257247925,0.7521545886993408
evaluate_resnetse5,id_845add8fff07,id_7d6578b3605f,completed,1,True,id_51a779f741ee,supervised,resnetse5,full_finetune_lr1,id_8383e9ed6287,multimodal_df,daghar_standardized_balanced,motionsense,test,,multimodal_perc_100,id_daa7333eb2f8,har,evaluate,full_run,/workspaces/HIAAC-KR-Dev-Container/Minerva-Exps/benchmarks/experiments/paper_daghar_supervised_3runs_perlr_samples_down_seed_resnetse5_12345/logs/id_845add8fff07/final,532ac44a87,/workspaces/HIAAC-KR-Dev-Container/Minerva-Exps/benchmarks/experiments/paper_daghar_supervised_3runs_perlr_samples_down_seed_resnetse5_12345/logs/id_845add8fff07/final/metrics_2025-11-10-16-09-532ac44a87.yaml,/workspaces/HIAAC-KR-Dev-Container/Minerva-Exps/benchmarks/experiments/paper_daghar_supervised_3runs_perlr_samples_down_seed_resnetse5_12345/logs/id_845add8fff07/final/run_2025-11-10-16-09-532ac44a87.yaml,0.5131826996803284,0.5605878233909607,0.5082404613494873,0.5131826996803284,0.5131826400756836,0.5605878233909607
train_resnetse5,id_532bc63b2073,,completed,0,False,id_612c26209f9f,supervised,resnetse5,full_finetune_lr2,id_c761cbcc4f2c,multimodal_df,daghar_standardized_balanced,motionsense,train,config_0,multimodal_perc_100,id_7d268895569b,har,train,full_run,/workspaces/HIAAC-KR-Dev-Container/Minerva-Exps/benchmarks/experiments/paper_daghar_supervised_3runs_perlr_samples_down_seed_resnetse5_12345/logs/id_532bc63b2073/final,,,,,,,,,
evaluate_resnetse5,id_6c5c5d95f00d,id_d436ed71bec3,completed,1,True,id_51a779f741ee,supervised,resnetse5,full_finetune_lr1,id_ad0888f4c2a5,multimodal_df,daghar_standardized_balanced,uci,test,,multimodal_perc_100,id_daa7333eb2f8,har,evaluate,full_run,/workspaces/HIAAC-KR-Dev-Container/Minerva-Exps/benchmarks/experiments/paper_daghar_supervised_3runs_perlr_samples_down_seed_resnetse5_12345/logs/id_6c5c5d95f00d/final,139eca940b,/workspaces/HIAAC-KR-Dev-Container/Minerva-Exps/benchmarks/experiments/paper_daghar_supervised_3runs_perlr_samples_down_seed_resnetse5_12345/logs/id_6c5c5d95f00d/final/metrics_2025-11-10-16-00-139eca940b.yaml,/workspaces/HIAAC-KR-Dev-Container/Minerva-Exps/benchmarks/experiments/paper_daghar_supervised_3runs_perlr_samples_down_seed_resnetse5_12345/logs/id_6c5c5d95f00d/final/run_2025-11-10-16-00-139eca940b.yaml,0.7971014380455017,0.8713898062705994,0.730434775352478,0.7971014380455017,0.7971014976501465,0.6971119046211243
evaluate_resnetse5,id_2c99abb13655,id_021c8c867566,completed,1,True,id_612c26209f9f,supervised,resnetse5,full_finetune_lr2,id_f12acfbb0df5,multimodal_df,daghar_standardized_balanced,kuhar,test,,multimodal_perc_100,id_daa7333eb2f8,har,evaluate,full_run,/workspaces/HIAAC-KR-Dev-Container/Minerva-Exps/benchmarks/experiments/paper_daghar_supervised_3runs_perlr_samples_down_seed_resnetse5_12345/logs/id_2c99abb13655/final,15b6b89e19,/workspaces/HIAAC-KR-Dev-Container/Minerva-Exps/benchmarks/experiments/paper_daghar_supervised_3runs_perlr_samples_down_seed_resnetse5_12345/logs/id_2c99abb13655/final/metrics_2025-11-10-15-32-15b6b89e19.yaml,/workspaces/HIAAC-KR-Dev-Container/Minerva-Exps/benchmarks/experiments/paper_daghar_supervised_3runs_perlr_samples_down_seed_resnetse5_12345/logs/id_2c99abb13655/final/run_2025-11-10-15-32-15b6b89e19.yaml,0.6597222089767456,0.74687260389328,0.5888941884040833,0.6597222089767456,0.6597222685813904,0.6223938465118408
evaluate_resnetse5,id_be550d9353dc,id_addc9747af93,completed,1,True,id_01c6663a52ec,supervised,resnetse5,full_finetune_lr3,id_0ea13d307de4,multimodal_df,daghar_standardized_balanced,motionsense,test,,multimodal_perc_100,id_daa7333eb2f8,har,evaluate,full_run,/workspaces/HIAAC-KR-Dev-Container/Minerva-Exps/benchmarks/experiments/paper_daghar_supervised_3runs_perlr_samples_down_seed_resnetse5_12345/logs/id_be550d9353dc/final,1194af2dad,/workspaces/HIAAC-KR-Dev-Container/Minerva-Exps/benchmarks/experiments/paper_daghar_supervised_3runs_perlr_samples_down_seed_resnetse5_12345/logs/id_be550d9353dc/final/metrics_2025-11-10-16-35-1194af2dad.yaml,/workspaces/HIAAC-KR-Dev-Container/Minerva-Exps/benchmarks/experiments/paper_daghar_supervised_3runs_perlr_samples_down_seed_resnetse5_12345/logs/id_be550d9353dc/final/run_2025-11-10-16-35-1194af2dad.yaml,0.7693032026290894,0.8224308490753174,0.7427336573600769,0.7693032026290894,0.7693032622337341,0.8224308490753174
train_resnetse5,id_47f720d1a0cd,,failed,0,False,id_3f47675df06f,supervised,resnetse5,full_finetune_lr5,id_3b2d9b9fd6c6,multimodal_df,daghar_standardized_balanced,kuhar,train,config_0,multimodal_samples_010_3,id_7d268895569b,har,train,full_run,/workspaces/HIAAC-KR-Dev-Container/Minerva-Exps/benchmarks/experiments/paper_daghar_supervised_3runs_perlr_samples_down_seed_resnetse5_12345/logs/id_47f720d1a0cd/final,,,,,,,,,
evaluate_resnetse5,id_67705a67a23a,id_5fa427aec23a,completed,1,True,id_3f47675df06f,supervised,resnetse5,full_finetune_lr5,id_f06fbe88cb34,multimodal_df,daghar_standardized_balanced,rw_waist,test,,multimodal_perc_100,id_daa7333eb2f8,har,evaluate,full_run,/workspaces/HIAAC-KR-Dev-Container/Minerva-Exps/benchmarks/experiments/paper_daghar_supervised_3runs_perlr_samples_down_seed_resnetse5_12345/logs/id_67705a67a23a/final,4321dbd785,/workspaces/HIAAC-KR-Dev-Container/Minerva-Exps/benchmarks/experiments/paper_daghar_supervised_3runs_perlr_samples_down_seed_resnetse5_12345/logs/id_67705a67a23a/final/metrics_2025-11-10-15-56-4321dbd785.yaml,/workspaces/HIAAC-KR-Dev-Container/Minerva-Exps/benchmarks/experiments/paper_daghar_supervised_3runs_perlr_samples_down_seed_resnetse5_12345/logs/id_67705a67a23a/final/run_2025-11-10-15-56-4321dbd785.yaml,0.35185185074806213,0.487632691860199,0.24093890190124512,0.35185185074806213,0.3518518805503845,0.3250884711742401
evaluate_resnetse5,id_227d54cbcf1e,id_f93e322132b5,completed,1,True,id_01c6663a52ec,supervised,resnetse5,full_finetune_lr3,id_ac6f76c42db0,multimodal_df,daghar_standardized_balanced,rw_thigh,test,,multimodal_perc_100,id_daa7333eb2f8,har,evaluate,full_run,/workspaces/HIAAC-KR-Dev-Container/Minerva-Exps/benchmarks/experiments/paper_daghar_supervised_3runs_perlr_samples_down_seed_resnetse5_12345/logs/id_227d54cbcf1e/final,14a5b25746,/workspaces/HIAAC-KR-Dev-Container/Minerva-Exps/benchmarks/experiments/paper_daghar_supervised_3runs_perlr_samples_down_seed_resnetse5_12345/logs/id_227d54cbcf1e/final/metrics_2025-11-10-15-28-14a5b25746.yaml,/workspaces/HIAAC-KR-Dev-Container/Minerva-Exps/benchmarks/experiments/paper_daghar_supervised_3runs_perlr_samples_down_seed_resnetse5_12345/logs/id_227d54cbcf1e/final/run_2025-11-10-15-28-14a5b25746.yaml,0.7556935548782349,0.7978076934814453,0.7566545009613037,0.7556935548782349,0.7556936144828796,0.7978076338768005
train_resnetse5,id_96f24d991e42,,completed,0,False,id_3f47675df06f,supervised,resnetse5,full_finetune_lr5,id_a3717fe8cdbe,multimodal_df,daghar_standardized_balanced,wisdm,train,config_0,multimodal_samples_100,id_7d268895569b,har,train,full_run,/workspaces/HIAAC-KR-Dev-Container/Minerva-Exps/benchmarks/experiments/paper_daghar_supervised_3runs_perlr_samples_down_seed_resnetse5_12345/logs/id_96f24d991e42/final,,,,,,,,,
train_resnetse5,id_4e4abb836e63,,completed,0,False,id_51a779f741ee,supervised,resnetse5,full_finetune_lr1,id_e959f1474a75,multimodal_df,daghar_standardized_balanced,wisdm,train,config_0,multimodal_perc_100,id_7d268895569b,har,train,full_run,/workspaces/HIAAC-KR-Dev-Container/Minerva-Exps/benchmarks/experiments/paper_daghar_supervised_3runs_perlr_samples_down_seed_resnetse5_12345/logs/id_4e4abb836e63/final,,,,,,,,,
train_resnetse5,id_abd06c002703,,completed,0,False,id_612c26209f9f,supervised,resnetse5,full_finetune_lr2,id_42b645fb84f8,multimodal_df,daghar_standardized_balanced,uci,train,config_0,multimodal_samples_025_3,id_7d268895569b,har,train,full_run,/workspaces/HIAAC-KR-Dev-Container/Minerva-Exps/benchmarks/experiments/paper_daghar_supervised_3runs_perlr_samples_down_seed_resnetse5_12345/logs/id_abd06c002703/final,,,,,,,,,
evaluate_resnetse5,id_ba1f47e8a567,id_4b4b9add54d5,completed,1,True,id_3f47675df06f,supervised,resnetse5,full_finetune_lr5,id_5e9954676477,multimodal_df,daghar_standardized_balanced,wisdm,test,,multimodal_perc_100,id_daa7333eb2f8,har,evaluate,full_run,/workspaces/HIAAC-KR-Dev-Container/Minerva-Exps/benchmarks/experiments/paper_daghar_supervised_3runs_perlr_samples_down_seed_resnetse5_12345/logs/id_ba1f47e8a567/final,527b78628a,/workspaces/HIAAC-KR-Dev-Container/Minerva-Exps/benchmarks/experiments/paper_daghar_supervised_3runs_perlr_samples_down_seed_resnetse5_12345/logs/id_ba1f47e8a567/final/metrics_2025-11-10-16-32-527b78628a.yaml,/workspaces/HIAAC-KR-Dev-Container/Minerva-Exps/benchmarks/experiments/paper_daghar_supervised_3runs_perlr_samples_down_seed_resnetse5_12345/logs/id_ba1f47e8a567/final/run_2025-11-10-16-32-527b78628a.yaml,0.7200461030006409,0.5976701974868774,0.5099716186523438,0.7200461030006409,0.5760368704795837,0.47813618183135986
train_resnetse5,id_0381971190a1,,completed,0,False,id_01c6663a52ec,supervised,resnetse5,full_finetune_lr3,id_2b43c6cb6c29,multimodal_df,daghar_standardized_balanced,motionsense,train,config_0,multimodal_samples_001_3,id_7d268895569b,har,train,full_run,/workspaces/HIAAC-KR-Dev-Container/Minerva-Exps/benchmarks/experiments/paper_daghar_supervised_3runs_perlr_samples_down_seed_resnetse5_12345/logs/id_0381971190a1/final,,,,,,,,,
train_resnetse5,id_021c8c867566,,completed,0,False,id_612c26209f9f,supervised,resnetse5,full_finetune_lr2,id_f726969cec7e,multimodal_df,daghar_standardized_balanced,kuhar,train,config_0,multimodal_perc_100_3,id_7d268895569b,har,train,full_run,/workspaces/HIAAC-KR-Dev-Container/Minerva-Exps/benchmarks/experiments/paper_daghar_supervised_3runs_perlr_samples_down_seed_resnetse5_12345/logs/id_021c8c867566/final,,,,,,,,,
train_resnetse5,id_902badd44e96,,completed,0,False,id_3f47675df06f,supervised,resnetse5,full_finetune_lr5,id_d2bcc241477b,multimodal_df,daghar_standardized_balanced,uci,train,config_0,multimodal_samples_050_3,id_7d268895569b,har,train,full_run,/workspaces/HIAAC-KR-Dev-Container/Minerva-Exps/benchmarks/experiments/paper_daghar_supervised_3runs_perlr_samples_down_seed_resnetse5_12345/logs/id_902badd44e96/final,,,,,,,,,
evaluate_resnetse5,id_fe2cef96b514,id_07b6b03a3308,completed,1,True,id_3f47675df06f,supervised,resnetse5,full_finetune_lr5,id_ef132296695f,multimodal_df,daghar_standardized_balanced,motionsense,test,,multimodal_perc_100,id_daa7333eb2f8,har,evaluate,full_run,/workspaces/HIAAC-KR-Dev-Container/Minerva-Exps/benchmarks/experiments/paper_daghar_supervised_3runs_perlr_samples_down_seed_resnetse5_12345/logs/id_fe2cef96b514/final,58e6a8bbc1,/workspaces/HIAAC-KR-Dev-Container/Minerva-Exps/benchmarks/experiments/paper_daghar_supervised_3runs_perlr_samples_down_seed_resnetse5_12345/logs/id_fe2cef96b514/final/metrics_2025-11-10-17-04-58e6a8bbc1.yaml,/workspaces/HIAAC-KR-Dev-Container/Minerva-Exps/benchmarks/experiments/paper_daghar_supervised_3runs_perlr_samples_down_seed_resnetse5_12345/logs/id_fe2cef96b514/final/run_2025-11-10-17-04-58e6a8bbc1.yaml,0.47363466024398804,0.38474041223526,0.32812222838401794,0.47363466024398804,0.47363466024398804,0.25649362802505493
train_resnetse5,id_54a4403ff117,,completed,0,False,id_612c26209f9f,supervised,resnetse5,full_finetune_lr2,id_5f141c49960f,multimodal_df,daghar_standardized_balanced,motionsense,train,config_0,multimodal_samples_005_2,id_7d268895569b,har,train,full_run,/workspaces/HIAAC-KR-Dev-Container/Minerva-Exps/benchmarks/experiments/paper_daghar_supervised_3runs_perlr_samples_down_seed_resnetse5_12345/logs/id_54a4403ff117/final,,,,,,,,,
train_resnetse5,id_50188f087f55,,completed,0,False,id_612c26209f9f,supervised,resnetse5,full_finetune_lr2,id_8b5908afbf43,multimodal_df,daghar_standardized_balanced,rw_waist,train,config_0,multimodal_samples_001_2,id_7d268895569b,har,train,full_run,/workspaces/HIAAC-KR-Dev-Container/Minerva-Exps/benchmarks/experiments/paper_daghar_supervised_3runs_perlr_samples_down_seed_resnetse5_12345/logs/id_50188f087f55/final,,,,,,,,,
evaluate_resnetse5,id_fd8838381a5b,id_04644e53b969,completed,1,True,id_3f47675df06f,supervised,resnetse5,full_finetune_lr5,id_d45c437a575c,multimodal_df,daghar_standardized_balanced,kuhar,test,,multimodal_perc_100,id_daa7333eb2f8,har,evaluate,full_run,/workspaces/HIAAC-KR-Dev-Container/Minerva-Exps/benchmarks/experiments/paper_daghar_supervised_3runs_perlr_samples_down_seed_resnetse5_12345/logs/id_fd8838381a5b/final,3315ea8194,/workspaces/HIAAC-KR-Dev-Container/Minerva-Exps/benchmarks/experiments/paper_daghar_supervised_3runs_perlr_samples_down_seed_resnetse5_12345/logs/id_fd8838381a5b/final/metrics_2025-11-10-17-04-3315ea8194.yaml,/workspaces/HIAAC-KR-Dev-Container/Minerva-Exps/benchmarks/experiments/paper_daghar_supervised_3runs_perlr_samples_down_seed_resnetse5_12345/logs/id_fd8838381a5b/final/run_2025-11-10-17-04-3315ea8194.yaml,0.2361111044883728,0.4494505524635315,0.139667347073555,0.2361111044883728,0.2361111044883728,0.1498168557882309
train_resnetse5,id_d3c1cd065496,,completed,0,False,id_3f47675df06f,supervised,resnetse5,full_finetune_lr5,id_6dc44c345419,multimodal_df,daghar_standardized_balanced,rw_waist,train,config_0,multimodal_samples_025,id_7d268895569b,har,train,full_run,/workspaces/HIAAC-KR-Dev-Container/Minerva-Exps/benchmarks/experiments/paper_daghar_supervised_3runs_perlr_samples_down_seed_resnetse5_12345/logs/id_d3c1cd065496/final,,,,,,,,,
evaluate_resnetse5,id_c44a80894279,id_2ca786337414,completed,1,True,id_3f47675df06f,supervised,resnetse5,full_finetune_lr5,id_4d0a09774961,multimodal_df,daghar_standardized_balanced,uci,test,,multimodal_perc_100,id_daa7333eb2f8,har,evaluate,full_run,/workspaces/HIAAC-KR-Dev-Container/Minerva-Exps/benchmarks/experiments/paper_daghar_supervised_3runs_perlr_samples_down_seed_resnetse5_12345/logs/id_c44a80894279/final,42bc675545,/workspaces/HIAAC-KR-Dev-Container/Minerva-Exps/benchmarks/experiments/paper_daghar_supervised_3runs_perlr_samples_down_seed_resnetse5_12345/logs/id_c44a80894279/final/metrics_2025-11-10-16-37-42bc675545.yaml,/workspaces/HIAAC-KR-Dev-Container/Minerva-Exps/benchmarks/experiments/paper_daghar_supervised_3runs_perlr_samples_down_seed_resnetse5_12345/logs/id_c44a80894279/final/run_2025-11-10-16-37-42bc675545.yaml,0.5855072736740112,0.6105396747589111,0.49244576692581177,0.5855072736740112,0.5855072736740112,0.6105396747589111
evaluate_resnetse5,id_728ca4955d53,id_7f3a3d36c15f,completed,1,True,id_51a779f741ee,supervised,resnetse5,full_finetune_lr1,id_716d4bf10533,multimodal_df,daghar_standardized_balanced,rw_waist,test,,multimodal_perc_100,id_daa7333eb2f8,har,evaluate,full_run,/workspaces/HIAAC-KR-Dev-Container/Minerva-Exps/benchmarks/experiments/paper_daghar_supervised_3runs_perlr_samples_down_seed_resnetse5_12345/logs/id_728ca4955d53/final,5487d5782a,/workspaces/HIAAC-KR-Dev-Container/Minerva-Exps/benchmarks/experiments/paper_daghar_supervised_3runs_perlr_samples_down_seed_resnetse5_12345/logs/id_728ca4955d53/final/metrics_2025-11-10-16-01-5487d5782a.yaml,/workspaces/HIAAC-KR-Dev-Container/Minerva-Exps/benchmarks/experiments/paper_daghar_supervised_3runs_perlr_samples_down_seed_resnetse5_12345/logs/id_728ca4955d53/final/run_2025-11-10-16-01-5487d5782a.yaml,0.6956018805503845,0.7197458744049072,0.7009682059288025,0.6956018805503845,0.6956018805503845,0.7197458744049072
evaluate_resnetse5,id_4236f560cba9,id_99507984a81e,completed,1,True,id_612c26209f9f,supervised,resnetse5,full_finetune_lr2,id_cecfd4ce549b,multimodal_df,daghar_standardized_balanced,motionsense,test,,multimodal_perc_100,id_daa7333eb2f8,har,evaluate,full_run,/workspaces/HIAAC-KR-Dev-Container/Minerva-Exps/benchmarks/experiments/paper_daghar_supervised_3runs_perlr_samples_down_seed_resnetse5_12345/logs/id_4236f560cba9/final,49186496cd,/workspaces/HIAAC-KR-Dev-Container/Minerva-Exps/benchmarks/experiments/paper_daghar_supervised_3runs_perlr_samples_down_seed_resnetse5_12345/logs/id_4236f560cba9/final/metrics_2025-11-10-15-39-49186496cd.yaml,/workspaces/HIAAC-KR-Dev-Container/Minerva-Exps/benchmarks/experiments/paper_daghar_supervised_3runs_perlr_samples_down_seed_resnetse5_12345/logs/id_4236f560cba9/final/run_2025-11-10-15-39-49186496cd.yaml,0.7862523794174194,0.8273611664772034,0.7375643253326416,0.7862523794174194,0.7862523198127747,0.8273611664772034
train_resnetse5,id_3b4e6c690a28,,completed,0,False,id_a619266c470c,supervised,resnetse5,full_finetune_lr4,id_c38874ce2244,multimodal_df,daghar_standardized_balanced,rw_waist,train,config_0,multimodal_samples_100_3,id_7d268895569b,har,train,full_run,/workspaces/HIAAC-KR-Dev-Container/Minerva-Exps/benchmarks/experiments/paper_daghar_supervised_3runs_perlr_samples_down_seed_resnetse5_12345/logs/id_3b4e6c690a28/final,,,,,,,,,
train_resnetse5,id_dad8d504d753,,completed,0,False,id_01c6663a52ec,supervised,resnetse5,full_finetune_lr3,id_c8eedf2bd03f,multimodal_df,daghar_standardized_balanced,wisdm,train,config_0,multimodal_perc_100_2,id_7d268895569b,har,train,full_run,/workspaces/HIAAC-KR-Dev-Container/Minerva-Exps/benchmarks/experiments/paper_daghar_supervised_3runs_perlr_samples_down_seed_resnetse5_12345/logs/id_dad8d504d753/final,,,,,,,,,
train_resnetse5,id_6571ba91c2b8,,completed,0,False,id_01c6663a52ec,supervised,resnetse5,full_finetune_lr3,id_68e2c218f19b,multimodal_df,daghar_standardized_balanced,rw_waist,train,config_0,multimodal_samples_050,id_7d268895569b,har,train,full_run,/workspaces/HIAAC-KR-Dev-Container/Minerva-Exps/benchmarks/experiments/paper_daghar_supervised_3runs_perlr_samples_down_seed_resnetse5_12345/logs/id_6571ba91c2b8/final,,,,,,,,,
evaluate_resnetse5,id_746892698849,id_ab0ac0f75904,completed,1,True,id_3f47675df06f,supervised,resnetse5,full_finetune_lr5,id_74b050a778ff,multimodal_df,daghar_standardized_balanced,kuhar,test,,multimodal_perc_100,id_daa7333eb2f8,har,evaluate,full_run,/workspaces/HIAAC-KR-Dev-Container/Minerva-Exps/benchmarks/experiments/paper_daghar_supervised_3runs_perlr_samples_down_seed_resnetse5_12345/logs/id_746892698849/final,42f1eea7ae,/workspaces/HIAAC-KR-Dev-Container/Minerva-Exps/benchmarks/experiments/paper_daghar_supervised_3runs_perlr_samples_down_seed_resnetse5_12345/logs/id_746892698849/final/metrics_2025-11-10-16-02-42f1eea7ae.yaml,/workspaces/HIAAC-KR-Dev-Container/Minerva-Exps/benchmarks/experiments/paper_daghar_supervised_3runs_perlr_samples_down_seed_resnetse5_12345/logs/id_746892698849/final/run_2025-11-10-16-02-42f1eea7ae.yaml,0.5833333134651184,0.6650657653808594,0.4997008740901947,0.5833333134651184,0.5833333730697632,0.5542214512825012
evaluate_resnetse5,id_643bc13f0d7a,id_9c405f1b6700,completed,1,True,id_3f47675df06f,supervised,resnetse5,full_finetune_lr5,id_b00b222d795f,multimodal_df,daghar_standardized_balanced,motionsense,test,,multimodal_perc_100,id_daa7333eb2f8,har,evaluate,full_run,/workspaces/HIAAC-KR-Dev-Container/Minerva-Exps/benchmarks/experiments/paper_daghar_supervised_3runs_perlr_samples_down_seed_resnetse5_12345/logs/id_643bc13f0d7a/final,35b304a6cb,/workspaces/HIAAC-KR-Dev-Container/Minerva-Exps/benchmarks/experiments/paper_daghar_supervised_3runs_perlr_samples_down_seed_resnetse5_12345/logs/id_643bc13f0d7a/final/metrics_2025-11-10-15-55-35b304a6cb.yaml,/workspaces/HIAAC-KR-Dev-Container/Minerva-Exps/benchmarks/experiments/paper_daghar_supervised_3runs_perlr_samples_down_seed_resnetse5_12345/logs/id_643bc13f0d7a/final/run_2025-11-10-15-55-35b304a6cb.yaml,0.7542372941970825,0.7941084504127502,0.7087483406066895,0.7542372941970825,0.7542372941970825,0.794108510017395
train_resnetse5,id_03847faf0d05,,completed,0,False,id_01c6663a52ec,supervised,resnetse5,full_finetune_lr3,id_a33ed4b5468e,multimodal_df,daghar_standardized_balanced,rw_thigh,train,config_0,multimodal_samples_005_2,id_7d268895569b,har,train,full_run,/workspaces/HIAAC-KR-Dev-Container/Minerva-Exps/benchmarks/experiments/paper_daghar_supervised_3runs_perlr_samples_down_seed_resnetse5_12345/logs/id_03847faf0d05/final,,,,,,,,,
train_resnetse5,id_fc459685c3e9,,completed,0,False,id_01c6663a52ec,supervised,resnetse5,full_finetune_lr3,id_a274409d79b7,multimodal_df,daghar_standardized_balanced,uci,train,config_0,multimodal_perc_100_2,id_7d268895569b,har,train,full_run,/workspaces/HIAAC-KR-Dev-Container/Minerva-Exps/benchmarks/experiments/paper_daghar_supervised_3runs_perlr_samples_down_seed_resnetse5_12345/logs/id_fc459685c3e9/final,,,,,,,,,
evaluate_resnetse5,id_a88d509f2e31,id_46e1c36692f7,completed,1,True,id_51a779f741ee,supervised,resnetse5,full_finetune_lr1,id_eb1b18d1e513,multimodal_df,daghar_standardized_balanced,wisdm,test,,multimodal_perc_100,id_daa7333eb2f8,har,evaluate,full_run,/workspaces/HIAAC-KR-Dev-Container/Minerva-Exps/benchmarks/experiments/paper_daghar_supervised_3runs_perlr_samples_down_seed_resnetse5_12345/logs/id_a88d509f2e31/final,21e32802da,/workspaces/HIAAC-KR-Dev-Container/Minerva-Exps/benchmarks/experiments/paper_daghar_supervised_3runs_perlr_samples_down_seed_resnetse5_12345/logs/id_a88d509f2e31/final/metrics_2025-11-10-16-25-21e32802da.yaml,/workspaces/HIAAC-KR-Dev-Container/Minerva-Exps/benchmarks/experiments/paper_daghar_supervised_3runs_perlr_samples_down_seed_resnetse5_12345/logs/id_a88d509f2e31/final/run_2025-11-10-16-25-21e32802da.yaml,0.7361751198768616,0.8131126761436462,0.6524364948272705,0.7361751198768616,0.7361751198768616,0.6098344326019287
train_resnetse5,id_b27fa271472c,,completed,0,False,id_3f47675df06f,supervised,resnetse5,full_finetune_lr5,id_caa8f5feb10b,multimodal_df,daghar_standardized_balanced,kuhar,train,config_0,multimodal_samples_050,id_7d268895569b,har,train,full_run,/workspaces/HIAAC-KR-Dev-Container/Minerva-Exps/benchmarks/experiments/paper_daghar_supervised_3runs_perlr_samples_down_seed_resnetse5_12345/logs/id_b27fa271472c/final,,,,,,,,,
evaluate_resnetse5,id_90c61898d2cf,id_b2900d9fa42b,completed,1,True,id_51a779f741ee,supervised,resnetse5,full_finetune_lr1,id_e7cc9fbfcb44,multimodal_df,daghar_standardized_balanced,rw_waist,test,,multimodal_perc_100,id_daa7333eb2f8,har,evaluate,full_run,/workspaces/HIAAC-KR-Dev-Container/Minerva-Exps/benchmarks/experiments/paper_daghar_supervised_3runs_perlr_samples_down_seed_resnetse5_12345/logs/id_90c61898d2cf/final,49c98a752d,/workspaces/HIAAC-KR-Dev-Container/Minerva-Exps/benchmarks/experiments/paper_daghar_supervised_3runs_perlr_samples_down_seed_resnetse5_12345/logs/id_90c61898d2cf/final/metrics_2025-11-10-16-14-49c98a752d.yaml,/workspaces/HIAAC-KR-Dev-Container/Minerva-Exps/benchmarks/experiments/paper_daghar_supervised_3runs_perlr_samples_down_seed_resnetse5_12345/logs/id_90c61898d2cf/final/run_2025-11-10-16-14-49c98a752d.yaml,0.6867284178733826,0.815392792224884,0.641605794429779,0.6867284178733826,0.6867284178733826,0.8153928518295288
evaluate_resnetse5,id_eedba3050649,id_0be5b0679c11,completed,1,True,id_612c26209f9f,supervised,resnetse5,full_finetune_lr2,id_74b050a778ff,multimodal_df,daghar_standardized_balanced,kuhar,test,,multimodal_perc_100,id_daa7333eb2f8,har,evaluate,full_run,/workspaces/HIAAC-KR-Dev-Container/Minerva-Exps/benchmarks/experiments/paper_daghar_supervised_3runs_perlr_samples_down_seed_resnetse5_12345/logs/id_eedba3050649/final,54e9576d8b,/workspaces/HIAAC-KR-Dev-Container/Minerva-Exps/benchmarks/experiments/paper_daghar_supervised_3runs_perlr_samples_down_seed_resnetse5_12345/logs/id_eedba3050649/final/metrics_2025-11-10-16-58-54e9576d8b.yaml,/workspaces/HIAAC-KR-Dev-Container/Minerva-Exps/benchmarks/experiments/paper_daghar_supervised_3runs_perlr_samples_down_seed_resnetse5_12345/logs/id_eedba3050649/final/run_2025-11-10-16-58-54e9576d8b.yaml,0.6180555820465088,0.6872926950454712,0.5622201561927795,0.6180555820465088,0.618055522441864,0.5727439522743225
evaluate_resnetse5,id_b45b08995bb4,id_b9397df30ca0,completed,1,True,id_3f47675df06f,supervised,resnetse5,full_finetune_lr5,id_52177a2e6447,multimodal_df,daghar_standardized_balanced,uci,test,,multimodal_perc_100,id_daa7333eb2f8,har,evaluate,full_run,/workspaces/HIAAC-KR-Dev-Container/Minerva-Exps/benchmarks/experiments/paper_daghar_supervised_3runs_perlr_samples_down_seed_resnetse5_12345/logs/id_b45b08995bb4/final,23c4867433,/workspaces/HIAAC-KR-Dev-Container/Minerva-Exps/benchmarks/experiments/paper_daghar_supervised_3runs_perlr_samples_down_seed_resnetse5_12345/logs/id_b45b08995bb4/final/metrics_2025-11-10-16-30-23c4867433.yaml,/workspaces/HIAAC-KR-Dev-Container/Minerva-Exps/benchmarks/experiments/paper_daghar_supervised_3runs_perlr_samples_down_seed_resnetse5_12345/logs/id_b45b08995bb4/final/run_2025-11-10-16-30-23c4867433.yaml,0.7942029237747192,0.8931576013565063,0.7292711734771729,0.7942029237747192,0.7942029237747192,0.8931576609611511
evaluate_resnetse5,id_7d7b4602b3e0,id_97227ce197e5,completed,1,True,id_3f47675df06f,supervised,resnetse5,full_finetune_lr5,id_dbc3a09926e0,multimodal_df,daghar_standardized_balanced,kuhar,test,,multimodal_perc_100,id_daa7333eb2f8,har,evaluate,full_run,/workspaces/HIAAC-KR-Dev-Container/Minerva-Exps/benchmarks/experiments/paper_daghar_supervised_3runs_perlr_samples_down_seed_resnetse5_12345/logs/id_7d7b4602b3e0/final,12a35cac1e,/workspaces/HIAAC-KR-Dev-Container/Minerva-Exps/benchmarks/experiments/paper_daghar_supervised_3runs_perlr_samples_down_seed_resnetse5_12345/logs/id_7d7b4602b3e0/final/metrics_2025-11-10-16-06-12a35cac1e.yaml,/workspaces/HIAAC-KR-Dev-Container/Minerva-Exps/benchmarks/experiments/paper_daghar_supervised_3runs_perlr_samples_down_seed_resnetse5_12345/logs/id_7d7b4602b3e0/final/run_2025-11-10-16-06-12a35cac1e.yaml,0.5416666865348816,0.5675652027130127,0.4087671935558319,0.5416666865348816,0.5416666865348816,0.3783768117427826
evaluate_resnetse5,id_202df526e51b,id_129f52d9ec99,completed,1,True,id_01c6663a52ec,supervised,resnetse5,full_finetune_lr3,id_ad0888f4c2a5,multimodal_df,daghar_standardized_balanced,uci,test,,multimodal_perc_100,id_daa7333eb2f8,har,evaluate,full_run,/workspaces/HIAAC-KR-Dev-Container/Minerva-Exps/benchmarks/experiments/paper_daghar_supervised_3runs_perlr_samples_down_seed_resnetse5_12345/logs/id_202df526e51b/final,56e7f0cc1e,/workspaces/HIAAC-KR-Dev-Container/Minerva-Exps/benchmarks/experiments/paper_daghar_supervised_3runs_perlr_samples_down_seed_resnetse5_12345/logs/id_202df526e51b/final/metrics_2025-11-10-15-27-56e7f0cc1e.yaml,/workspaces/HIAAC-KR-Dev-Container/Minerva-Exps/benchmarks/experiments/paper_daghar_supervised_3runs_perlr_samples_down_seed_resnetse5_12345/logs/id_202df526e51b/final/run_2025-11-10-15-27-56e7f0cc1e.yaml,0.9057971239089966,0.9082935452461243,0.9054315686225891,0.9057971239089966,0.9057971239089966,0.9082935452461243
evaluate_resnetse5,id_9ea764cebb04,id_f4800764e7c7,completed,1,True,id_01c6663a52ec,supervised,resnetse5,full_finetune_lr3,id_922b1cbf3e91,multimodal_df,daghar_standardized_balanced,rw_waist,test,,multimodal_perc_100,id_daa7333eb2f8,har,evaluate,full_run,/workspaces/HIAAC-KR-Dev-Container/Minerva-Exps/benchmarks/experiments/paper_daghar_supervised_3runs_perlr_samples_down_seed_resnetse5_12345/logs/id_9ea764cebb04/final,1753566266,/workspaces/HIAAC-KR-Dev-Container/Minerva-Exps/benchmarks/experiments/paper_daghar_supervised_3runs_perlr_samples_down_seed_resnetse5_12345/logs/id_9ea764cebb04/final/metrics_2025-11-10-16-21-1753566266.yaml,/workspaces/HIAAC-KR-Dev-Container/Minerva-Exps/benchmarks/experiments/paper_daghar_supervised_3runs_perlr_samples_down_seed_resnetse5_12345/logs/id_9ea764cebb04/final/run_2025-11-10-16-21-1753566266.yaml,0.6311728358268738,0.6337601542472839,0.5859795212745667,0.6311728358268738,0.6311728954315186,0.6337601542472839
evaluate_resnetse5,id_b4b70bd15a9e,id_56dd03fad1bd,completed,1,True,id_a619266c470c,supervised,resnetse5,full_finetune_lr4,id_52177a2e6447,multimodal_df,daghar_standardized_balanced,uci,test,,multimodal_perc_100,id_daa7333eb2f8,har,evaluate,full_run,/workspaces/HIAAC-KR-Dev-Container/Minerva-Exps/benchmarks/experiments/paper_daghar_supervised_3runs_perlr_samples_down_seed_resnetse5_12345/logs/id_b4b70bd15a9e/final,293887fbb6,/workspaces/HIAAC-KR-Dev-Container/Minerva-Exps/benchmarks/experiments/paper_daghar_supervised_3runs_perlr_samples_down_seed_resnetse5_12345/logs/id_b4b70bd15a9e/final/metrics_2025-11-10-16-30-293887fbb6.yaml,/workspaces/HIAAC-KR-Dev-Container/Minerva-Exps/benchmarks/experiments/paper_daghar_supervised_3runs_perlr_samples_down_seed_resnetse5_12345/logs/id_b4b70bd15a9e/final/run_2025-11-10-16-30-293887fbb6.yaml,0.9289855360984802,0.9293317794799805,0.9288711547851562,0.9289855360984802,0.9289854764938354,0.9293317794799805
evaluate_resnetse5,id_ca9772d01838,id_69b6ff1c51c3,completed,1,True,id_01c6663a52ec,supervised,resnetse5,full_finetune_lr3,id_cecfd4ce549b,multimodal_df,daghar_standardized_balanced,motionsense,test,,multimodal_perc_100,id_daa7333eb2f8,har,evaluate,full_run,/workspaces/HIAAC-KR-Dev-Container/Minerva-Exps/benchmarks/experiments/paper_daghar_supervised_3runs_perlr_samples_down_seed_resnetse5_12345/logs/id_ca9772d01838/final,4401f26b5a,/workspaces/HIAAC-KR-Dev-Container/Minerva-Exps/benchmarks/experiments/paper_daghar_supervised_3runs_perlr_samples_down_seed_resnetse5_12345/logs/id_ca9772d01838/final/metrics_2025-11-10-16-40-4401f26b5a.yaml,/workspaces/HIAAC-KR-Dev-Container/Minerva-Exps/benchmarks/experiments/paper_daghar_supervised_3runs_perlr_samples_down_seed_resnetse5_12345/logs/id_ca9772d01838/final/run_2025-11-10-16-40-4401f26b5a.yaml,0.7806026339530945,0.8256163001060486,0.7423305511474609,0.7806026339530945,0.7806025743484497,0.8256163001060486
evaluate_resnetse5,id_791d490123e6,id_9a4e8a889568,completed,1,True,id_612c26209f9f,supervised,resnetse5,full_finetune_lr2,id_87f43aa82530,multimodal_df,daghar_standardized_balanced,rw_waist,test,,multimodal_perc_100,id_daa7333eb2f8,har,evaluate,full_run,/workspaces/HIAAC-KR-Dev-Container/Minerva-Exps/benchmarks/experiments/paper_daghar_supervised_3runs_perlr_samples_down_seed_resnetse5_12345/logs/id_791d490123e6/final,01e7ac438f,/workspaces/HIAAC-KR-Dev-Container/Minerva-Exps/benchmarks/experiments/paper_daghar_supervised_3runs_perlr_samples_down_seed_resnetse5_12345/logs/id_791d490123e6/final/metrics_2025-11-10-16-05-01e7ac438f.yaml,/workspaces/HIAAC-KR-Dev-Container/Minerva-Exps/benchmarks/experiments/paper_daghar_supervised_3runs_perlr_samples_down_seed_resnetse5_12345/logs/id_791d490123e6/final/run_2025-11-10-16-05-01e7ac438f.yaml,0.7156635522842407,0.7560470700263977,0.7010170221328735,0.7156635522842407,0.7156636118888855,0.7560471296310425
train_resnetse5,id_c53ccb820be7,,completed,0,False,id_a619266c470c,supervised,resnetse5,full_finetune_lr4,id_fb5b4619ed71,multimodal_df,daghar_standardized_balanced,uci,train,config_0,multimodal_samples_005_2,id_7d268895569b,har,train,full_run,/workspaces/HIAAC-KR-Dev-Container/Minerva-Exps/benchmarks/experiments/paper_daghar_supervised_3runs_perlr_samples_down_seed_resnetse5_12345/logs/id_c53ccb820be7/final,,,,,,,,,
train_resnetse5,id_98b7789a50af,,completed,0,False,id_01c6663a52ec,supervised,resnetse5,full_finetune_lr3,id_2baf94349229,multimodal_df,daghar_standardized_balanced,rw_waist,train,config_0,multimodal_samples_025_3,id_7d268895569b,har,train,full_run,/workspaces/HIAAC-KR-Dev-Container/Minerva-Exps/benchmarks/experiments/paper_daghar_supervised_3runs_perlr_samples_down_seed_resnetse5_12345/logs/id_98b7789a50af/final,,,,,,,,,
train_resnetse5,id_903f3183fc78,,completed,0,False,id_612c26209f9f,supervised,resnetse5,full_finetune_lr2,id_cc98e906d375,multimodal_df,daghar_standardized_balanced,rw_thigh,train,config_0,multimodal_perc_100_2,id_7d268895569b,har,train,full_run,/workspaces/HIAAC-KR-Dev-Container/Minerva-Exps/benchmarks/experiments/paper_daghar_supervised_3runs_perlr_samples_down_seed_resnetse5_12345/logs/id_903f3183fc78/final,,,,,,,,,
train_resnetse5,id_603867ef726f,,completed,0,False,id_a619266c470c,supervised,resnetse5,full_finetune_lr4,id_50b8183b88b4,multimodal_df,daghar_standardized_balanced,rw_waist,train,config_0,multimodal_samples_050_3,id_7d268895569b,har,train,full_run,/workspaces/HIAAC-KR-Dev-Container/Minerva-Exps/benchmarks/experiments/paper_daghar_supervised_3runs_perlr_samples_down_seed_resnetse5_12345/logs/id_603867ef726f/final,,,,,,,,,
train_resnetse5,id_a92720e20afe,,completed,0,False,id_3f47675df06f,supervised,resnetse5,full_finetune_lr5,id_51abcd3eb4aa,multimodal_df,daghar_standardized_balanced,rw_thigh,train,config_0,multimodal_perc_100,id_7d268895569b,har,train,full_run,/workspaces/HIAAC-KR-Dev-Container/Minerva-Exps/benchmarks/experiments/paper_daghar_supervised_3runs_perlr_samples_down_seed_resnetse5_12345/logs/id_a92720e20afe/final,,,,,,,,,
train_resnetse5,id_0dd380370402,,completed,0,False,id_3f47675df06f,supervised,resnetse5,full_finetune_lr5,id_a33ed4b5468e,multimodal_df,daghar_standardized_balanced,rw_thigh,train,config_0,multimodal_samples_005_2,id_7d268895569b,har,train,full_run,/workspaces/HIAAC-KR-Dev-Container/Minerva-Exps/benchmarks/experiments/paper_daghar_supervised_3runs_perlr_samples_down_seed_resnetse5_12345/logs/id_0dd380370402/final,,,,,,,,,
train_resnetse5,id_08c1b1c79bdc,,completed,0,False,id_01c6663a52ec,supervised,resnetse5,full_finetune_lr3,id_94f746b04a62,multimodal_df,daghar_standardized_balanced,motionsense,train,config_0,multimodal_samples_200_2,id_7d268895569b,har,train,full_run,/workspaces/HIAAC-KR-Dev-Container/Minerva-Exps/benchmarks/experiments/paper_daghar_supervised_3runs_perlr_samples_down_seed_resnetse5_12345/logs/id_08c1b1c79bdc/final,,,,,,,,,
train_resnetse5,id_a063b78e28f3,,completed,0,False,id_3f47675df06f,supervised,resnetse5,full_finetune_lr5,id_c38874ce2244,multimodal_df,daghar_standardized_balanced,rw_waist,train,config_0,multimodal_samples_100_3,id_7d268895569b,har,train,full_run,/workspaces/HIAAC-KR-Dev-Container/Minerva-Exps/benchmarks/experiments/paper_daghar_supervised_3runs_perlr_samples_down_seed_resnetse5_12345/logs/id_a063b78e28f3/final,,,,,,,,,
train_resnetse5,id_c7bd01d4a1d7,,completed,0,False,id_01c6663a52ec,supervised,resnetse5,full_finetune_lr3,id_378e85dee41c,multimodal_df,daghar_standardized_balanced,rw_thigh,train,config_0,multimodal_samples_050,id_7d268895569b,har,train,full_run,/workspaces/HIAAC-KR-Dev-Container/Minerva-Exps/benchmarks/experiments/paper_daghar_supervised_3runs_perlr_samples_down_seed_resnetse5_12345/logs/id_c7bd01d4a1d7/final,,,,,,,,,
train_resnetse5,id_ff556622770d,,completed,0,False,id_a619266c470c,supervised,resnetse5,full_finetune_lr4,id_c761cbcc4f2c,multimodal_df,daghar_standardized_balanced,motionsense,train,config_0,multimodal_perc_100,id_7d268895569b,har,train,full_run,/workspaces/HIAAC-KR-Dev-Container/Minerva-Exps/benchmarks/experiments/paper_daghar_supervised_3runs_perlr_samples_down_seed_resnetse5_12345/logs/id_ff556622770d/final,,,,,,,,,
train_resnetse5,id_55ba6a9f86b5,,completed,0,False,id_51a779f741ee,supervised,resnetse5,full_finetune_lr1,id_c761cbcc4f2c,multimodal_df,daghar_standardized_balanced,motionsense,train,config_0,multimodal_perc_100,id_7d268895569b,har,train,full_run,/workspaces/HIAAC-KR-Dev-Container/Minerva-Exps/benchmarks/experiments/paper_daghar_supervised_3runs_perlr_samples_down_seed_resnetse5_12345/logs/id_55ba6a9f86b5/final,,,,,,,,,
evaluate_resnetse5,id_880b5c843b26,id_ccd7e5a5dfbb,completed,1,True,id_612c26209f9f,supervised,resnetse5,full_finetune_lr2,id_fd30500e58bb,multimodal_df,daghar_standardized_balanced,kuhar,test,,multimodal_perc_100,id_daa7333eb2f8,har,evaluate,full_run,/workspaces/HIAAC-KR-Dev-Container/Minerva-Exps/benchmarks/experiments/paper_daghar_supervised_3runs_perlr_samples_down_seed_resnetse5_12345/logs/id_880b5c843b26/final,24be404c7b,/workspaces/HIAAC-KR-Dev-Container/Minerva-Exps/benchmarks/experiments/paper_daghar_supervised_3runs_perlr_samples_down_seed_resnetse5_12345/logs/id_880b5c843b26/final/metrics_2025-11-10-16-11-24be404c7b.yaml,/workspaces/HIAAC-KR-Dev-Container/Minerva-Exps/benchmarks/experiments/paper_daghar_supervised_3runs_perlr_samples_down_seed_resnetse5_12345/logs/id_880b5c843b26/final/run_2025-11-10-16-11-24be404c7b.yaml,0.1666666716337204,0.1666666716337204,0.0476190485060215,0.1666666716337204,0.1666666716337204,0.02777777798473835
evaluate_resnetse5,id_697ad674968f,id_e04503f5a3e8,completed,1,True,id_3f47675df06f,supervised,resnetse5,full_finetune_lr5,id_70e3e98bc86c,multimodal_df,daghar_standardized_balanced,kuhar,test,,multimodal_perc_100,id_daa7333eb2f8,har,evaluate,full_run,/workspaces/HIAAC-KR-Dev-Container/Minerva-Exps/benchmarks/experiments/paper_daghar_supervised_3runs_perlr_samples_down_seed_resnetse5_12345/logs/id_697ad674968f/final,19245ad618,/workspaces/HIAAC-KR-Dev-Container/Minerva-Exps/benchmarks/experiments/paper_daghar_supervised_3runs_perlr_samples_down_seed_resnetse5_12345/logs/id_697ad674968f/final/metrics_2025-11-10-15-58-19245ad618.yaml,/workspaces/HIAAC-KR-Dev-Container/Minerva-Exps/benchmarks/experiments/paper_daghar_supervised_3runs_perlr_samples_down_seed_resnetse5_12345/logs/id_697ad674968f/final/run_2025-11-10-15-58-19245ad618.yaml,0.5,0.4832167625427246,0.42147183418273926,0.5,0.5,0.4026806652545929
train_resnetse5,id_437f80f788d3,,completed,0,False,id_612c26209f9f,supervised,resnetse5,full_finetune_lr2,id_b2426d8d9cf0,multimodal_df,daghar_standardized_balanced,kuhar,train,config_0,multimodal_samples_001_2,id_7d268895569b,har,train,full_run,/workspaces/HIAAC-KR-Dev-Container/Minerva-Exps/benchmarks/experiments/paper_daghar_supervised_3runs_perlr_samples_down_seed_resnetse5_12345/logs/id_437f80f788d3/final,,,,,,,,,
train_resnetse5,id_d6fa5fa9a374,,completed,0,False,id_51a779f741ee,supervised,resnetse5,full_finetune_lr1,id_89d29379a762,multimodal_df,daghar_standardized_balanced,wisdm,train,config_0,multimodal_samples_050_2,id_7d268895569b,har,train,full_run,/workspaces/HIAAC-KR-Dev-Container/Minerva-Exps/benchmarks/experiments/paper_daghar_supervised_3runs_perlr_samples_down_seed_resnetse5_12345/logs/id_d6fa5fa9a374/final,,,,,,,,,
evaluate_resnetse5,id_66a4e582a8a2,id_7f41c6fd5102,completed,1,True,id_a619266c470c,supervised,resnetse5,full_finetune_lr4,id_11aa36a6e31a,multimodal_df,daghar_standardized_balanced,rw_waist,test,,multimodal_perc_100,id_daa7333eb2f8,har,evaluate,full_run,/workspaces/HIAAC-KR-Dev-Container/Minerva-Exps/benchmarks/experiments/paper_daghar_supervised_3runs_perlr_samples_down_seed_resnetse5_12345/logs/id_66a4e582a8a2/final,25eb95f903,/workspaces/HIAAC-KR-Dev-Container/Minerva-Exps/benchmarks/experiments/paper_daghar_supervised_3runs_perlr_samples_down_seed_resnetse5_12345/logs/id_66a4e582a8a2/final/metrics_2025-11-10-15-56-25eb95f903.yaml,/workspaces/HIAAC-KR-Dev-Container/Minerva-Exps/benchmarks/experiments/paper_daghar_supervised_3runs_perlr_samples_down_seed_resnetse5_12345/logs/id_66a4e582a8a2/final/run_2025-11-10-15-56-25eb95f903.yaml,0.616126537322998,0.6125191450119019,0.5991417169570923,0.616126537322998,0.616126537322998,0.6125191450119019
train_resnetse5,id_436201149dc7,,completed,0,False,id_a619266c470c,supervised,resnetse5,full_finetune_lr4,id_a65f0a88ac4d,multimodal_df,daghar_standardized_balanced,uci,train,config_0,multimodal_samples_001_2,id_7d268895569b,har,train,full_run,/workspaces/HIAAC-KR-Dev-Container/Minerva-Exps/benchmarks/experiments/paper_daghar_supervised_3runs_perlr_samples_down_seed_resnetse5_12345/logs/id_436201149dc7/final,,,,,,,,,
evaluate_resnetse5,id_ee1722725ac7,id_cff55e57c6ef,completed,1,True,id_3f47675df06f,supervised,resnetse5,full_finetune_lr5,id_782874de697e,multimodal_df,daghar_standardized_balanced,rw_thigh,test,,multimodal_perc_100,id_daa7333eb2f8,har,evaluate,full_run,/workspaces/HIAAC-KR-Dev-Container/Minerva-Exps/benchmarks/experiments/paper_daghar_supervised_3runs_perlr_samples_down_seed_resnetse5_12345/logs/id_ee1722725ac7/final,200ede4909,/workspaces/HIAAC-KR-Dev-Container/Minerva-Exps/benchmarks/experiments/paper_daghar_supervised_3runs_perlr_samples_down_seed_resnetse5_12345/logs/id_ee1722725ac7/final/metrics_2025-11-10-16-58-200ede4909.yaml,/workspaces/HIAAC-KR-Dev-Container/Minerva-Exps/benchmarks/experiments/paper_daghar_supervised_3runs_perlr_samples_down_seed_resnetse5_12345/logs/id_ee1722725ac7/final/run_2025-11-10-16-58-200ede4909.yaml,0.26466527581214905,0.5906681418418884,0.17526647448539734,0.26466527581214905,0.26466530561447144,0.19688937067985535
train_resnetse5,id_c51a33da5e97,,completed,0,False,id_a619266c470c,supervised,resnetse5,full_finetune_lr4,id_64a3cc41ecfe,multimodal_df,daghar_standardized_balanced,wisdm,train,config_0,multimodal_samples_001_2,id_7d268895569b,har,train,full_run,/workspaces/HIAAC-KR-Dev-Container/Minerva-Exps/benchmarks/experiments/paper_daghar_supervised_3runs_perlr_samples_down_seed_resnetse5_12345/logs/id_c51a33da5e97/final,,,,,,,,,
train_resnetse5,id_47dcdfa49dc6,,completed,0,False,id_51a779f741ee,supervised,resnetse5,full_finetune_lr1,id_6470a9337d8a,multimodal_df,daghar_standardized_balanced,rw_thigh,train,config_0,multimodal_samples_001,id_7d268895569b,har,train,full_run,/workspaces/HIAAC-KR-Dev-Container/Minerva-Exps/benchmarks/experiments/paper_daghar_supervised_3runs_perlr_samples_down_seed_resnetse5_12345/logs/id_47dcdfa49dc6/final,,,,,,,,,
train_resnetse5,id_208732fe8a8f,,completed,0,False,id_a619266c470c,supervised,resnetse5,full_finetune_lr4,id_e40d7f3591a5,multimodal_df,daghar_standardized_balanced,rw_thigh,train,config_0,multimodal_samples_010_3,id_7d268895569b,har,train,full_run,/workspaces/HIAAC-KR-Dev-Container/Minerva-Exps/benchmarks/experiments/paper_daghar_supervised_3runs_perlr_samples_down_seed_resnetse5_12345/logs/id_208732fe8a8f/final,,,,,,,,,
evaluate_resnetse5,id_515458ddb91a,id_b24de9b8c434,completed,1,True,id_51a779f741ee,supervised,resnetse5,full_finetune_lr1,id_d07a11b6dca6,multimodal_df,daghar_standardized_balanced,motionsense,test,,multimodal_perc_100,id_daa7333eb2f8,har,evaluate,full_run,/workspaces/HIAAC-KR-Dev-Container/Minerva-Exps/benchmarks/experiments/paper_daghar_supervised_3runs_perlr_samples_down_seed_resnetse5_12345/logs/id_515458ddb91a/final,1441ab5c80,/workspaces/HIAAC-KR-Dev-Container/Minerva-Exps/benchmarks/experiments/paper_daghar_supervised_3runs_perlr_samples_down_seed_resnetse5_12345/logs/id_515458ddb91a/final/metrics_2025-11-10-15-47-1441ab5c80.yaml,/workspaces/HIAAC-KR-Dev-Container/Minerva-Exps/benchmarks/experiments/paper_daghar_supervised_3runs_perlr_samples_down_seed_resnetse5_12345/logs/id_515458ddb91a/final/run_2025-11-10-15-47-1441ab5c80.yaml,0.778719425201416,0.7014058232307434,0.7247287631034851,0.778719425201416,0.778719425201416,0.7014058232307434
evaluate_resnetse5,id_e161746eef21,id_9bcba21d5ec2,completed,1,True,id_3f47675df06f,supervised,resnetse5,full_finetune_lr5,id_4116dd0c0b0d,multimodal_df,daghar_standardized_balanced,kuhar,test,,multimodal_perc_100,id_daa7333eb2f8,har,evaluate,full_run,/workspaces/HIAAC-KR-Dev-Container/Minerva-Exps/benchmarks/experiments/paper_daghar_supervised_3runs_perlr_samples_down_seed_resnetse5_12345/logs/id_e161746eef21/final,3837bec7e8,/workspaces/HIAAC-KR-Dev-Container/Minerva-Exps/benchmarks/experiments/paper_daghar_supervised_3runs_perlr_samples_down_seed_resnetse5_12345/logs/id_e161746eef21/final/metrics_2025-11-10-16-50-3837bec7e8.yaml,/workspaces/HIAAC-KR-Dev-Container/Minerva-Exps/benchmarks/experiments/paper_daghar_supervised_3runs_perlr_samples_down_seed_resnetse5_12345/logs/id_e161746eef21/final/run_2025-11-10-16-50-3837bec7e8.yaml,0.6527777910232544,0.7356722950935364,0.5888225436210632,0.6527777910232544,0.6527777910232544,0.6130601763725281
train_resnetse5,id_9587d338daee,,completed,0,False,id_51a779f741ee,supervised,resnetse5,full_finetune_lr1,id_ff2bb65ac9fe,multimodal_df,daghar_standardized_balanced,uci,train,config_0,multimodal_samples_010_2,id_7d268895569b,har,train,full_run,/workspaces/HIAAC-KR-Dev-Container/Minerva-Exps/benchmarks/experiments/paper_daghar_supervised_3runs_perlr_samples_down_seed_resnetse5_12345/logs/id_9587d338daee/final,,,,,,,,,
evaluate_resnetse5,id_f62b0c17b7b7,id_db2c2b2b8ab9,completed,1,True,id_51a779f741ee,supervised,resnetse5,full_finetune_lr1,id_d29b433fa337,multimodal_df,daghar_standardized_balanced,uci,test,,multimodal_perc_100,id_daa7333eb2f8,har,evaluate,full_run,/workspaces/HIAAC-KR-Dev-Container/Minerva-Exps/benchmarks/experiments/paper_daghar_supervised_3runs_perlr_samples_down_seed_resnetse5_12345/logs/id_f62b0c17b7b7/final,5539b36549,/workspaces/HIAAC-KR-Dev-Container/Minerva-Exps/benchmarks/experiments/paper_daghar_supervised_3runs_perlr_samples_down_seed_resnetse5_12345/logs/id_f62b0c17b7b7/final/metrics_2025-11-10-17-01-5539b36549.yaml,/workspaces/HIAAC-KR-Dev-Container/Minerva-Exps/benchmarks/experiments/paper_daghar_supervised_3runs_perlr_samples_down_seed_resnetse5_12345/logs/id_f62b0c17b7b7/final/run_2025-11-10-17-01-5539b36549.yaml,0.37681159377098083,0.4265000820159912,0.30024096369743347,0.37681159377098083,0.37681159377098083,0.3412000834941864
train_resnetse5,id_44e994c82d40,,completed,0,False,id_51a779f741ee,supervised,resnetse5,full_finetune_lr1,id_8f53e19d9d68,multimodal_df,daghar_standardized_balanced,rw_waist,train,config_0,multimodal_samples_200_2,id_7d268895569b,har,train,full_run,/workspaces/HIAAC-KR-Dev-Container/Minerva-Exps/benchmarks/experiments/paper_daghar_supervised_3runs_perlr_samples_down_seed_resnetse5_12345/logs/id_44e994c82d40/final,,,,,,,,,
evaluate_resnetse5,id_8d25252c42a5,id_41aa7344eee8,completed,1,True,id_51a779f741ee,supervised,resnetse5,full_finetune_lr1,id_d79bfe17e192,multimodal_df,daghar_standardized_balanced,motionsense,test,,multimodal_perc_100,id_daa7333eb2f8,har,evaluate,full_run,/workspaces/HIAAC-KR-Dev-Container/Minerva-Exps/benchmarks/experiments/paper_daghar_supervised_3runs_perlr_samples_down_seed_resnetse5_12345/logs/id_8d25252c42a5/final,525f97f1f7,/workspaces/HIAAC-KR-Dev-Container/Minerva-Exps/benchmarks/experiments/paper_daghar_supervised_3runs_perlr_samples_down_seed_resnetse5_12345/logs/id_8d25252c42a5/final/metrics_2025-11-10-16-12-525f97f1f7.yaml,/workspaces/HIAAC-KR-Dev-Container/Minerva-Exps/benchmarks/experiments/paper_daghar_supervised_3runs_perlr_samples_down_seed_resnetse5_12345/logs/id_8d25252c42a5/final/run_2025-11-10-16-12-525f97f1f7.yaml,0.5838041305541992,0.48998522758483887,0.5041234493255615,0.5838041305541992,0.5838041305541992,0.4899851977825165
evaluate_resnetse5,id_0c6aab828e81,id_c64cd3a07f9d,completed,1,True,id_3f47675df06f,supervised,resnetse5,full_finetune_lr5,id_9971eadca4c3,multimodal_df,daghar_standardized_balanced,wisdm,test,,multimodal_perc_100,id_daa7333eb2f8,har,evaluate,full_run,/workspaces/HIAAC-KR-Dev-Container/Minerva-Exps/benchmarks/experiments/paper_daghar_supervised_3runs_perlr_samples_down_seed_resnetse5_12345/logs/id_0c6aab828e81/final,0434ad95dd,/workspaces/HIAAC-KR-Dev-Container/Minerva-Exps/benchmarks/experiments/paper_daghar_supervised_3runs_perlr_samples_down_seed_resnetse5_12345/logs/id_0c6aab828e81/final/metrics_2025-11-10-15-18-0434ad95dd.yaml,/workspaces/HIAAC-KR-Dev-Container/Minerva-Exps/benchmarks/experiments/paper_daghar_supervised_3runs_perlr_samples_down_seed_resnetse5_12345/logs/id_0c6aab828e81/final/run_2025-11-10-15-18-0434ad95dd.yaml,0.7396313548088074,0.8175029754638672,0.6559679508209229,0.7396313548088074,0.7396313548088074,0.6131272912025452
evaluate_resnetse5,id_597be17c1415,id_d86c0061c4b2,completed,1,True,id_01c6663a52ec,supervised,resnetse5,full_finetune_lr3,id_cc01e43eb008,multimodal_df,daghar_standardized_balanced,rw_waist,test,,multimodal_perc_100,id_daa7333eb2f8,har,evaluate,full_run,/workspaces/HIAAC-KR-Dev-Container/Minerva-Exps/benchmarks/experiments/paper_daghar_supervised_3runs_perlr_samples_down_seed_resnetse5_12345/logs/id_597be17c1415/final,39e8c3ca8c,/workspaces/HIAAC-KR-Dev-Container/Minerva-Exps/benchmarks/experiments/paper_daghar_supervised_3runs_perlr_samples_down_seed_resnetse5_12345/logs/id_597be17c1415/final/metrics_2025-11-10-15-51-39e8c3ca8c.yaml,/workspaces/HIAAC-KR-Dev-Container/Minerva-Exps/benchmarks/experiments/paper_daghar_supervised_3runs_perlr_samples_down_seed_resnetse5_12345/logs/id_597be17c1415/final/run_2025-11-10-15-51-39e8c3ca8c.yaml,0.7542438507080078,0.7794718742370605,0.7609604001045227,0.7542438507080078,0.754243791103363,0.7794718742370605
train_resnetse5,id_41aa7344eee8,,completed,0,False,id_51a779f741ee,supervised,resnetse5,full_finetune_lr1,id_650e37922e7e,multimodal_df,daghar_standardized_balanced,motionsense,train,config_0,multimodal_samples_025,id_7d268895569b,har,train,full_run,/workspaces/HIAAC-KR-Dev-Container/Minerva-Exps/benchmarks/experiments/paper_daghar_supervised_3runs_perlr_samples_down_seed_resnetse5_12345/logs/id_41aa7344eee8/final,,,,,,,,,
evaluate_resnetse5,id_8206c8132ba3,id_01b991bad3ea,completed,1,True,id_01c6663a52ec,supervised,resnetse5,full_finetune_lr3,id_e7cc9fbfcb44,multimodal_df,daghar_standardized_balanced,rw_waist,test,,multimodal_perc_100,id_daa7333eb2f8,har,evaluate,full_run,/workspaces/HIAAC-KR-Dev-Container/Minerva-Exps/benchmarks/experiments/paper_daghar_supervised_3runs_perlr_samples_down_seed_resnetse5_12345/logs/id_8206c8132ba3/final,5742e58011,/workspaces/HIAAC-KR-Dev-Container/Minerva-Exps/benchmarks/experiments/paper_daghar_supervised_3runs_perlr_samples_down_seed_resnetse5_12345/logs/id_8206c8132ba3/final/metrics_2025-11-10-16-07-5742e58011.yaml,/workspaces/HIAAC-KR-Dev-Container/Minerva-Exps/benchmarks/experiments/paper_daghar_supervised_3runs_perlr_samples_down_seed_resnetse5_12345/logs/id_8206c8132ba3/final/run_2025-11-10-16-07-5742e58011.yaml,0.7287808656692505,0.7548519968986511,0.723610520362854,0.7287808656692505,0.7287808656692505,0.7548519372940063
evaluate_resnetse5,id_b5fb3a57905a,id_8d85b1ca4e13,completed,1,True,id_01c6663a52ec,supervised,resnetse5,full_finetune_lr3,id_7f568e3544a9,multimodal_df,daghar_standardized_balanced,rw_thigh,test,,multimodal_perc_100,id_daa7333eb2f8,har,evaluate,full_run,/workspaces/HIAAC-KR-Dev-Container/Minerva-Exps/benchmarks/experiments/paper_daghar_supervised_3runs_perlr_samples_down_seed_resnetse5_12345/logs/id_b5fb3a57905a/final,28961a31c0,/workspaces/HIAAC-KR-Dev-Container/Minerva-Exps/benchmarks/experiments/paper_daghar_supervised_3runs_perlr_samples_down_seed_resnetse5_12345/logs/id_b5fb3a57905a/final/metrics_2025-11-10-16-31-28961a31c0.yaml,/workspaces/HIAAC-KR-Dev-Container/Minerva-Exps/benchmarks/experiments/paper_daghar_supervised_3runs_perlr_samples_down_seed_resnetse5_12345/logs/id_b5fb3a57905a/final/run_2025-11-10-16-31-28961a31c0.yaml,0.6714975833892822,0.7662591934204102,0.6248652935028076,0.6714975833892822,0.6714975237846375,0.6385493874549866
evaluate_resnetse5,id_c1df552a62be,id_b33616c6ef40,completed,1,True,id_01c6663a52ec,supervised,resnetse5,full_finetune_lr3,id_071b9d6efd78,multimodal_df,daghar_standardized_balanced,rw_thigh,test,,multimodal_perc_100,id_daa7333eb2f8,har,evaluate,full_run,/workspaces/HIAAC-KR-Dev-Container/Minerva-Exps/benchmarks/experiments/paper_daghar_supervised_3runs_perlr_samples_down_seed_resnetse5_12345/logs/id_c1df552a62be/final,51a5379a1b,/workspaces/HIAAC-KR-Dev-Container/Minerva-Exps/benchmarks/experiments/paper_daghar_supervised_3runs_perlr_samples_down_seed_resnetse5_12345/logs/id_c1df552a62be/final/metrics_2025-11-10-16-36-51a5379a1b.yaml,/workspaces/HIAAC-KR-Dev-Container/Minerva-Exps/benchmarks/experiments/paper_daghar_supervised_3runs_perlr_samples_down_seed_resnetse5_12345/logs/id_c1df552a62be/final/run_2025-11-10-16-36-51a5379a1b.yaml,0.636991024017334,0.713123083114624,0.5854029059410095,0.636991024017334,0.636991024017334,0.5942692756652832
train_resnetse5,id_47c81399ca6c,,completed,0,False,id_612c26209f9f,supervised,resnetse5,full_finetune_lr2,id_62ae1bbdbef0,multimodal_df,daghar_standardized_balanced,kuhar,train,config_0,multimodal_samples_001,id_7d268895569b,har,train,full_run,/workspaces/HIAAC-KR-Dev-Container/Minerva-Exps/benchmarks/experiments/paper_daghar_supervised_3runs_perlr_samples_down_seed_resnetse5_12345/logs/id_47c81399ca6c/final,,,,,,,,,
train_resnetse5,id_7963729acdf9,,completed,0,False,id_612c26209f9f,supervised,resnetse5,full_finetune_lr2,id_4cebd74418d5,multimodal_df,daghar_standardized_balanced,rw_thigh,train,config_0,multimodal_samples_025_2,id_7d268895569b,har,train,full_run,/workspaces/HIAAC-KR-Dev-Container/Minerva-Exps/benchmarks/experiments/paper_daghar_supervised_3runs_perlr_samples_down_seed_resnetse5_12345/logs/id_7963729acdf9/final,,,,,,,,,
train_resnetse5,id_f6695de9de90,,completed,0,False,id_a619266c470c,supervised,resnetse5,full_finetune_lr4,id_1e462792852c,multimodal_df,daghar_standardized_balanced,motionsense,train,config_0,multimodal_samples_200_3,id_7d268895569b,har,train,full_run,/workspaces/HIAAC-KR-Dev-Container/Minerva-Exps/benchmarks/experiments/paper_daghar_supervised_3runs_perlr_samples_down_seed_resnetse5_12345/logs/id_f6695de9de90/final,,,,,,,,,
evaluate_resnetse5,id_4406dd6476e4,id_2a79bc9eb482,completed,1,True,id_a619266c470c,supervised,resnetse5,full_finetune_lr4,id_e9fdc57ecaa9,multimodal_df,daghar_standardized_balanced,uci,test,,multimodal_perc_100,id_daa7333eb2f8,har,evaluate,full_run,/workspaces/HIAAC-KR-Dev-Container/Minerva-Exps/benchmarks/experiments/paper_daghar_supervised_3runs_perlr_samples_down_seed_resnetse5_12345/logs/id_4406dd6476e4/final,5122df0b81,/workspaces/HIAAC-KR-Dev-Container/Minerva-Exps/benchmarks/experiments/paper_daghar_supervised_3runs_perlr_samples_down_seed_resnetse5_12345/logs/id_4406dd6476e4/final/metrics_2025-11-10-15-40-5122df0b81.yaml,/workspaces/HIAAC-KR-Dev-Container/Minerva-Exps/benchmarks/experiments/paper_daghar_supervised_3runs_perlr_samples_down_seed_resnetse5_12345/logs/id_4406dd6476e4/final/run_2025-11-10-15-40-5122df0b81.yaml,0.7956521511077881,0.8128160238265991,0.7471604943275452,0.7956521511077881,0.7956521511077881,0.8128160834312439
train_resnetse5,id_dda38f85af4f,,completed,0,False,id_51a779f741ee,supervised,resnetse5,full_finetune_lr1,id_120bda9178a1,multimodal_df,daghar_standardized_balanced,wisdm,train,config_0,multimodal_samples_010_3,id_7d268895569b,har,train,full_run,/workspaces/HIAAC-KR-Dev-Container/Minerva-Exps/benchmarks/experiments/paper_daghar_supervised_3runs_perlr_samples_down_seed_resnetse5_12345/logs/id_dda38f85af4f/final,,,,,,,,,
train_resnetse5,id_ac7b6814375e,,completed,0,False,id_01c6663a52ec,supervised,resnetse5,full_finetune_lr3,id_1a725c88d879,multimodal_df,daghar_standardized_balanced,wisdm,train,config_0,multimodal_samples_025_2,id_7d268895569b,har,train,full_run,/workspaces/HIAAC-KR-Dev-Container/Minerva-Exps/benchmarks/experiments/paper_daghar_supervised_3runs_perlr_samples_down_seed_resnetse5_12345/logs/id_ac7b6814375e/final,,,,,,,,,
train_resnetse5,id_e8a775cc8ddc,,completed,0,False,id_51a779f741ee,supervised,resnetse5,full_finetune_lr1,id_179104ace6c0,multimodal_df,daghar_standardized_balanced,kuhar,train,config_0,multimodal_samples_025_2,id_7d268895569b,har,train,full_run,/workspaces/HIAAC-KR-Dev-Container/Minerva-Exps/benchmarks/experiments/paper_daghar_supervised_3runs_perlr_samples_down_seed_resnetse5_12345/logs/id_e8a775cc8ddc/final,,,,,,,,,
evaluate_resnetse5,id_c9a96349829f,id_e6964c250bb6,completed,1,True,id_01c6663a52ec,supervised,resnetse5,full_finetune_lr3,id_a2762685b735,multimodal_df,daghar_standardized_balanced,rw_thigh,test,,multimodal_perc_100,id_daa7333eb2f8,har,evaluate,full_run,/workspaces/HIAAC-KR-Dev-Container/Minerva-Exps/benchmarks/experiments/paper_daghar_supervised_3runs_perlr_samples_down_seed_resnetse5_12345/logs/id_c9a96349829f/final,4195cc62ef,/workspaces/HIAAC-KR-Dev-Container/Minerva-Exps/benchmarks/experiments/paper_daghar_supervised_3runs_perlr_samples_down_seed_resnetse5_12345/logs/id_c9a96349829f/final/metrics_2025-11-10-16-39-4195cc62ef.yaml,/workspaces/HIAAC-KR-Dev-Container/Minerva-Exps/benchmarks/experiments/paper_daghar_supervised_3runs_perlr_samples_down_seed_resnetse5_12345/logs/id_c9a96349829f/final/run_2025-11-10-16-39-4195cc62ef.yaml,0.19323670864105225,0.35179609060287476,0.09330962598323822,0.19323670864105225,0.19323670864105225,0.29316338896751404
evaluate_resnetse5,id_e31d72043c16,id_c26b9a20bb22,completed,1,True,id_3f47675df06f,supervised,resnetse5,full_finetune_lr5,id_95bb3dc376ae,multimodal_df,daghar_standardized_balanced,motionsense,test,,multimodal_perc_100,id_daa7333eb2f8,har,evaluate,full_run,/workspaces/HIAAC-KR-Dev-Container/Minerva-Exps/benchmarks/experiments/paper_daghar_supervised_3runs_perlr_samples_down_seed_resnetse5_12345/logs/id_e31d72043c16/final,2308160ae5,/workspaces/HIAAC-KR-Dev-Container/Minerva-Exps/benchmarks/experiments/paper_daghar_supervised_3runs_perlr_samples_down_seed_resnetse5_12345/logs/id_e31d72043c16/final/metrics_2025-11-10-16-51-2308160ae5.yaml,/workspaces/HIAAC-KR-Dev-Container/Minerva-Exps/benchmarks/experiments/paper_daghar_supervised_3runs_perlr_samples_down_seed_resnetse5_12345/logs/id_e31d72043c16/final/run_2025-11-10-16-51-2308160ae5.yaml,0.6374764442443848,0.6968021392822266,0.5774991512298584,0.6374764442443848,0.6374765038490295,0.5806684494018555
train_resnetse5,id_fe732f91cd20,,completed,0,False,id_612c26209f9f,supervised,resnetse5,full_finetune_lr2,id_01955da0dfc1,multimodal_df,daghar_standardized_balanced,wisdm,train,config_0,multimodal_samples_001_3,id_7d268895569b,har,train,full_run,/workspaces/HIAAC-KR-Dev-Container/Minerva-Exps/benchmarks/experiments/paper_daghar_supervised_3runs_perlr_samples_down_seed_resnetse5_12345/logs/id_fe732f91cd20/final,,,,,,,,,
train_resnetse5,id_2c5d6e1d346d,,completed,0,False,id_a619266c470c,supervised,resnetse5,full_finetune_lr4,id_55cd8c823098,multimodal_df,daghar_standardized_balanced,kuhar,train,config_0,multimodal_samples_050_2,id_7d268895569b,har,train,full_run,/workspaces/HIAAC-KR-Dev-Container/Minerva-Exps/benchmarks/experiments/paper_daghar_supervised_3runs_perlr_samples_down_seed_resnetse5_12345/logs/id_2c5d6e1d346d/final,,,,,,,,,
evaluate_resnetse5,id_5f2ee52b8a72,id_eeaec733c80e,completed,1,True,id_3f47675df06f,supervised,resnetse5,full_finetune_lr5,id_b309bd62c1bf,multimodal_df,daghar_standardized_balanced,motionsense,test,,multimodal_perc_100,id_daa7333eb2f8,har,evaluate,full_run,/workspaces/HIAAC-KR-Dev-Container/Minerva-Exps/benchmarks/experiments/paper_daghar_supervised_3runs_perlr_samples_down_seed_resnetse5_12345/logs/id_5f2ee52b8a72/final,501c914502,/workspaces/HIAAC-KR-Dev-Container/Minerva-Exps/benchmarks/experiments/paper_daghar_supervised_3runs_perlr_samples_down_seed_resnetse5_12345/logs/id_5f2ee52b8a72/final/metrics_2025-11-10-15-53-501c914502.yaml,/workspaces/HIAAC-KR-Dev-Container/Minerva-Exps/benchmarks/experiments/paper_daghar_supervised_3runs_perlr_samples_down_seed_resnetse5_12345/logs/id_5f2ee52b8a72/final/run_2025-11-10-15-53-501c914502.yaml,0.596045196056366,0.6366627812385559,0.4807792603969574,0.596045196056366,0.596045196056366,0.4244418442249298
train_resnetse5,id_9c618d5745c4,,completed,0,False,id_3f47675df06f,supervised,resnetse5,full_finetune_lr5,id_d7d1a80f3236,multimodal_df,daghar_standardized_balanced,rw_thigh,train,config_0,multimodal_samples_200_3,id_7d268895569b,har,train,full_run,/workspaces/HIAAC-KR-Dev-Container/Minerva-Exps/benchmarks/experiments/paper_daghar_supervised_3runs_perlr_samples_down_seed_resnetse5_12345/logs/id_9c618d5745c4/final,,,,,,,,,
evaluate_resnetse5,id_48763d15d0e8,id_4936ef0c8872,completed,1,True,id_01c6663a52ec,supervised,resnetse5,full_finetune_lr3,id_013f99aece88,multimodal_df,daghar_standardized_balanced,rw_waist,test,,multimodal_perc_100,id_daa7333eb2f8,har,evaluate,full_run,/workspaces/HIAAC-KR-Dev-Container/Minerva-Exps/benchmarks/experiments/paper_daghar_supervised_3runs_perlr_samples_down_seed_resnetse5_12345/logs/id_48763d15d0e8/final,49aa2933de,/workspaces/HIAAC-KR-Dev-Container/Minerva-Exps/benchmarks/experiments/paper_daghar_supervised_3runs_perlr_samples_down_seed_resnetse5_12345/logs/id_48763d15d0e8/final/metrics_2025-11-10-15-42-49aa2933de.yaml,/workspaces/HIAAC-KR-Dev-Container/Minerva-Exps/benchmarks/experiments/paper_daghar_supervised_3runs_perlr_samples_down_seed_resnetse5_12345/logs/id_48763d15d0e8/final/run_2025-11-10-15-42-49aa2933de.yaml,0.5216049551963806,0.48167920112609863,0.41721901297569275,0.5216049551963806,0.5216048955917358,0.48167920112609863
evaluate_resnetse5,id_5105cdb0135f,id_2bd2acdca5f8,completed,1,True,id_612c26209f9f,supervised,resnetse5,full_finetune_lr2,id_2b680f63640c,multimodal_df,daghar_standardized_balanced,uci,test,,multimodal_perc_100,id_daa7333eb2f8,har,evaluate,full_run,/workspaces/HIAAC-KR-Dev-Container/Minerva-Exps/benchmarks/experiments/paper_daghar_supervised_3runs_perlr_samples_down_seed_resnetse5_12345/logs/id_5105cdb0135f/final,13c5cfff41,/workspaces/HIAAC-KR-Dev-Container/Minerva-Exps/benchmarks/experiments/paper_daghar_supervised_3runs_perlr_samples_down_seed_resnetse5_12345/logs/id_5105cdb0135f/final/metrics_2025-11-10-15-47-13c5cfff41.yaml,/workspaces/HIAAC-KR-Dev-Container/Minerva-Exps/benchmarks/experiments/paper_daghar_supervised_3runs_perlr_samples_down_seed_resnetse5_12345/logs/id_5105cdb0135f/final/run_2025-11-10-15-47-13c5cfff41.yaml,0.20000000298023224,0.20000000298023224,0.06666667014360428,0.20000000298023224,0.20000000298023224,0.03999999910593033
evaluate_resnetse5,id_361466369b69,id_22bf98b9973a,completed,1,True,id_a619266c470c,supervised,resnetse5,full_finetune_lr4,id_87f43aa82530,multimodal_df,daghar_standardized_balanced,rw_waist,test,,multimodal_perc_100,id_daa7333eb2f8,har,evaluate,full_run,/workspaces/HIAAC-KR-Dev-Container/Minerva-Exps/benchmarks/experiments/paper_daghar_supervised_3runs_perlr_samples_down_seed_resnetse5_12345/logs/id_361466369b69/final,334878e976,/workspaces/HIAAC-KR-Dev-Container/Minerva-Exps/benchmarks/experiments/paper_daghar_supervised_3runs_perlr_samples_down_seed_resnetse5_12345/logs/id_361466369b69/final/metrics_2025-11-10-15-35-334878e976.yaml,/workspaces/HIAAC-KR-Dev-Container/Minerva-Exps/benchmarks/experiments/paper_daghar_supervised_3runs_perlr_samples_down_seed_resnetse5_12345/logs/id_361466369b69/final/run_2025-11-10-15-35-334878e976.yaml,0.6724537014961243,0.7018937468528748,0.6795860528945923,0.6724537014961243,0.6724536418914795,0.7018938064575195
evaluate_resnetse5,id_d979362c8125,id_2fadbb45d16b,completed,1,True,id_612c26209f9f,supervised,resnetse5,full_finetune_lr2,id_4a334689f88e,multimodal_df,daghar_standardized_balanced,uci,test,,multimodal_perc_100,id_daa7333eb2f8,har,evaluate,full_run,/workspaces/HIAAC-KR-Dev-Container/Minerva-Exps/benchmarks/experiments/paper_daghar_supervised_3runs_perlr_samples_down_seed_resnetse5_12345/logs/id_d979362c8125/final,474b8df473,/workspaces/HIAAC-KR-Dev-Container/Minerva-Exps/benchmarks/experiments/paper_daghar_supervised_3runs_perlr_samples_down_seed_resnetse5_12345/logs/id_d979362c8125/final/metrics_2025-11-10-16-46-474b8df473.yaml,/workspaces/HIAAC-KR-Dev-Container/Minerva-Exps/benchmarks/experiments/paper_daghar_supervised_3runs_perlr_samples_down_seed_resnetse5_12345/logs/id_d979362c8125/final/run_2025-11-10-16-46-474b8df473.yaml,0.9536231756210327,0.955968976020813,0.9534530639648438,0.9536231756210327,0.9536232352256775,0.955968976020813
train_resnetse5,id_2257b6730185,,completed,0,False,id_51a779f741ee,supervised,resnetse5,full_finetune_lr1,id_5ae71f56cac1,multimodal_df,daghar_standardized_balanced,kuhar,train,config_0,multimodal_perc_100_2,id_7d268895569b,har,train,full_run,/workspaces/HIAAC-KR-Dev-Container/Minerva-Exps/benchmarks/experiments/paper_daghar_supervised_3runs_perlr_samples_down_seed_resnetse5_12345/logs/id_2257b6730185/final,,,,,,,,,
train_resnetse5,id_99507984a81e,,completed,0,False,id_612c26209f9f,supervised,resnetse5,full_finetune_lr2,id_7d8dbca109bf,multimodal_df,daghar_standardized_balanced,motionsense,train,config_0,multimodal_perc_100_2,id_7d268895569b,har,train,full_run,/workspaces/HIAAC-KR-Dev-Container/Minerva-Exps/benchmarks/experiments/paper_daghar_supervised_3runs_perlr_samples_down_seed_resnetse5_12345/logs/id_99507984a81e/final,,,,,,,,,
train_resnetse5,id_b60eae6bb825,,completed,0,False,id_a619266c470c,supervised,resnetse5,full_finetune_lr4,id_0f9a122d7cc5,multimodal_df,daghar_standardized_balanced,uci,train,config_0,multimodal_samples_025,id_7d268895569b,har,train,full_run,/workspaces/HIAAC-KR-Dev-Container/Minerva-Exps/benchmarks/experiments/paper_daghar_supervised_3runs_perlr_samples_down_seed_resnetse5_12345/logs/id_b60eae6bb825/final,,,,,,,,,
evaluate_resnetse5,id_db815adde4a9,id_04baed6c6073,completed,1,True,id_3f47675df06f,supervised,resnetse5,full_finetune_lr5,id_231e9f213e9b,multimodal_df,daghar_standardized_balanced,kuhar,test,,multimodal_perc_100,id_daa7333eb2f8,har,evaluate,full_run,/workspaces/HIAAC-KR-Dev-Container/Minerva-Exps/benchmarks/experiments/paper_daghar_supervised_3runs_perlr_samples_down_seed_resnetse5_12345/logs/id_db815adde4a9/final,39c1351b96,/workspaces/HIAAC-KR-Dev-Container/Minerva-Exps/benchmarks/experiments/paper_daghar_supervised_3runs_perlr_samples_down_seed_resnetse5_12345/logs/id_db815adde4a9/final/metrics_2025-11-10-16-47-39c1351b96.yaml,/workspaces/HIAAC-KR-Dev-Container/Minerva-Exps/benchmarks/experiments/paper_daghar_supervised_3runs_perlr_samples_down_seed_resnetse5_12345/logs/id_db815adde4a9/final/run_2025-11-10-16-47-39c1351b96.yaml,0.5,0.6111111044883728,0.3611111342906952,0.5,0.5,0.3055555522441864
train_resnetse5,id_3c750232bf7f,,completed,0,False,id_01c6663a52ec,supervised,resnetse5,full_finetune_lr3,id_14b0f19aa3e3,multimodal_df,daghar_standardized_balanced,rw_waist,train,config_0,multimodal_samples_100_2,id_7d268895569b,har,train,full_run,/workspaces/HIAAC-KR-Dev-Container/Minerva-Exps/benchmarks/experiments/paper_daghar_supervised_3runs_perlr_samples_down_seed_resnetse5_12345/logs/id_3c750232bf7f/final,,,,,,,,,
train_resnetse5,id_9d087c7e2dda,,completed,0,False,id_3f47675df06f,supervised,resnetse5,full_finetune_lr5,id_cc98e906d375,multimodal_df,daghar_standardized_balanced,rw_thigh,train,config_0,multimodal_perc_100_2,id_7d268895569b,har,train,full_run,/workspaces/HIAAC-KR-Dev-Container/Minerva-Exps/benchmarks/experiments/paper_daghar_supervised_3runs_perlr_samples_down_seed_resnetse5_12345/logs/id_9d087c7e2dda/final,,,,,,,,,
evaluate_resnetse5,id_ca55bb42feef,id_915fe2e50a07,completed,1,True,id_3f47675df06f,supervised,resnetse5,full_finetune_lr5,id_922b1cbf3e91,multimodal_df,daghar_standardized_balanced,rw_waist,test,,multimodal_perc_100,id_daa7333eb2f8,har,evaluate,full_run,/workspaces/HIAAC-KR-Dev-Container/Minerva-Exps/benchmarks/experiments/paper_daghar_supervised_3runs_perlr_samples_down_seed_resnetse5_12345/logs/id_ca55bb42feef/final,2238972cf8,/workspaces/HIAAC-KR-Dev-Container/Minerva-Exps/benchmarks/experiments/paper_daghar_supervised_3runs_perlr_samples_down_seed_resnetse5_12345/logs/id_ca55bb42feef/final/metrics_2025-11-10-16-40-2238972cf8.yaml,/workspaces/HIAAC-KR-Dev-Container/Minerva-Exps/benchmarks/experiments/paper_daghar_supervised_3runs_perlr_samples_down_seed_resnetse5_12345/logs/id_ca55bb42feef/final/run_2025-11-10-16-40-2238972cf8.yaml,0.41782405972480774,0.4815848767757416,0.29244083166122437,0.41782405972480774,0.4178240895271301,0.2407924234867096
train_resnetse5,id_e9b245b7d18f,,completed,0,False,id_612c26209f9f,supervised,resnetse5,full_finetune_lr2,id_53060fc6227b,multimodal_df,daghar_standardized_balanced,uci,train,config_0,multimodal_perc_100_3,id_7d268895569b,har,train,full_run,/workspaces/HIAAC-KR-Dev-Container/Minerva-Exps/benchmarks/experiments/paper_daghar_supervised_3runs_perlr_samples_down_seed_resnetse5_12345/logs/id_e9b245b7d18f/final,,,,,,,,,
train_resnetse5,id_0768615dc8b5,,completed,0,False,id_a619266c470c,supervised,resnetse5,full_finetune_lr4,id_3b3b9b61dc95,multimodal_df,daghar_standardized_balanced,kuhar,train,config_0,multimodal_perc_100,id_7d268895569b,har,train,full_run,/workspaces/HIAAC-KR-Dev-Container/Minerva-Exps/benchmarks/experiments/paper_daghar_supervised_3runs_perlr_samples_down_seed_resnetse5_12345/logs/id_0768615dc8b5/final,,,,,,,,,
train_resnetse5,id_3c0519693397,,completed,0,False,id_51a779f741ee,supervised,resnetse5,full_finetune_lr1,id_7df0892adc07,multimodal_df,daghar_standardized_balanced,rw_thigh,train,config_0,multimodal_samples_005,id_7d268895569b,har,train,full_run,/workspaces/HIAAC-KR-Dev-Container/Minerva-Exps/benchmarks/experiments/paper_daghar_supervised_3runs_perlr_samples_down_seed_resnetse5_12345/logs/id_3c0519693397/final,,,,,,,,,
evaluate_resnetse5,id_1d026973d2fc,id_411610f5b739,completed,1,True,id_51a779f741ee,supervised,resnetse5,full_finetune_lr1,id_87c18dd5aca4,multimodal_df,daghar_standardized_balanced,motionsense,test,,multimodal_perc_100,id_daa7333eb2f8,har,evaluate,full_run,/workspaces/HIAAC-KR-Dev-Container/Minerva-Exps/benchmarks/experiments/paper_daghar_supervised_3runs_perlr_samples_down_seed_resnetse5_12345/logs/id_1d026973d2fc/final,5489aed201,/workspaces/HIAAC-KR-Dev-Container/Minerva-Exps/benchmarks/experiments/paper_daghar_supervised_3runs_perlr_samples_down_seed_resnetse5_12345/logs/id_1d026973d2fc/final/metrics_2025-11-10-15-25-5489aed201.yaml,/workspaces/HIAAC-KR-Dev-Container/Minerva-Exps/benchmarks/experiments/paper_daghar_supervised_3runs_perlr_samples_down_seed_resnetse5_12345/logs/id_1d026973d2fc/final/run_2025-11-10-15-25-5489aed201.yaml,0.30414313077926636,0.49474993348121643,0.24217842519283295,0.30414313077926636,0.30414313077926636,0.41229158639907837
evaluate_resnetse5,id_160099e8dea7,id_dda27115a239,completed,1,True,id_3f47675df06f,supervised,resnetse5,full_finetune_lr5,id_0299b3c2466e,multimodal_df,daghar_standardized_balanced,rw_waist,test,,multimodal_perc_100,id_daa7333eb2f8,har,evaluate,full_run,/workspaces/HIAAC-KR-Dev-Container/Minerva-Exps/benchmarks/experiments/paper_daghar_supervised_3runs_perlr_samples_down_seed_resnetse5_12345/logs/id_160099e8dea7/final,582de141f9,/workspaces/HIAAC-KR-Dev-Container/Minerva-Exps/benchmarks/experiments/paper_daghar_supervised_3runs_perlr_samples_down_seed_resnetse5_12345/logs/id_160099e8dea7/final/metrics_2025-11-10-15-22-582de141f9.yaml,/workspaces/HIAAC-KR-Dev-Container/Minerva-Exps/benchmarks/experiments/paper_daghar_supervised_3runs_perlr_samples_down_seed_resnetse5_12345/logs/id_160099e8dea7/final/run_2025-11-10-15-22-582de141f9.yaml,0.36342594027519226,0.3586443364620209,0.2353382408618927,0.36342594027519226,0.3634259104728699,0.17932218313217163
evaluate_resnetse5,id_07559e7e5e46,id_d299a355d623,completed,1,True,id_a619266c470c,supervised,resnetse5,full_finetune_lr4,id_716d4bf10533,multimodal_df,daghar_standardized_balanced,rw_waist,test,,multimodal_perc_100,id_daa7333eb2f8,har,evaluate,full_run,/workspaces/HIAAC-KR-Dev-Container/Minerva-Exps/benchmarks/experiments/paper_daghar_supervised_3runs_perlr_samples_down_seed_resnetse5_12345/logs/id_07559e7e5e46/final,329bfe0ee5,/workspaces/HIAAC-KR-Dev-Container/Minerva-Exps/benchmarks/experiments/paper_daghar_supervised_3runs_perlr_samples_down_seed_resnetse5_12345/logs/id_07559e7e5e46/final/metrics_2025-11-10-15-16-329bfe0ee5.yaml,/workspaces/HIAAC-KR-Dev-Container/Minerva-Exps/benchmarks/experiments/paper_daghar_supervised_3runs_perlr_samples_down_seed_resnetse5_12345/logs/id_07559e7e5e46/final/run_2025-11-10-15-16-329bfe0ee5.yaml,0.6319444179534912,0.6902747750282288,0.6192604303359985,0.6319444179534912,0.631944477558136,0.6902747750282288
evaluate_resnetse5,id_87645b42da14,id_a53090afa978,completed,1,True,id_612c26209f9f,supervised,resnetse5,full_finetune_lr2,id_6790d96a1ecf,multimodal_df,daghar_standardized_balanced,motionsense,test,,multimodal_perc_100,id_daa7333eb2f8,har,evaluate,full_run,/workspaces/HIAAC-KR-Dev-Container/Minerva-Exps/benchmarks/experiments/paper_daghar_supervised_3runs_perlr_samples_down_seed_resnetse5_12345/logs/id_87645b42da14/final,424b0a2e4a,/workspaces/HIAAC-KR-Dev-Container/Minerva-Exps/benchmarks/experiments/paper_daghar_supervised_3runs_perlr_samples_down_seed_resnetse5_12345/logs/id_87645b42da14/final/metrics_2025-11-10-16-10-424b0a2e4a.yaml,/workspaces/HIAAC-KR-Dev-Container/Minerva-Exps/benchmarks/experiments/paper_daghar_supervised_3runs_perlr_samples_down_seed_resnetse5_12345/logs/id_87645b42da14/final/run_2025-11-10-16-10-424b0a2e4a.yaml,0.8361582159996033,0.8472835421562195,0.8334354162216187,0.8361582159996033,0.8361582159996033,0.8472835421562195
train_resnetse5,id_179ab1fd5ac8,,completed,0,False,id_612c26209f9f,supervised,resnetse5,full_finetune_lr2,id_1a725c88d879,multimodal_df,daghar_standardized_balanced,wisdm,train,config_0,multimodal_samples_025_2,id_7d268895569b,har,train,full_run,/workspaces/HIAAC-KR-Dev-Container/Minerva-Exps/benchmarks/experiments/paper_daghar_supervised_3runs_perlr_samples_down_seed_resnetse5_12345/logs/id_179ab1fd5ac8/final,,,,,,,,,
train_resnetse5,id_2251e9ffd85d,,completed,0,False,id_3f47675df06f,supervised,resnetse5,full_finetune_lr5,id_de3c5e60bc0a,multimodal_df,daghar_standardized_balanced,motionsense,train,config_0,multimodal_samples_010,id_7d268895569b,har,train,full_run,/workspaces/HIAAC-KR-Dev-Container/Minerva-Exps/benchmarks/experiments/paper_daghar_supervised_3runs_perlr_samples_down_seed_resnetse5_12345/logs/id_2251e9ffd85d/final,,,,,,,,,
train_resnetse5,id_1c7c406ec4cc,,completed,0,False,id_01c6663a52ec,supervised,resnetse5,full_finetune_lr3,id_45c2c4800f32,multimodal_df,daghar_standardized_balanced,kuhar,train,config_0,multimodal_samples_025,id_7d268895569b,har,train,full_run,/workspaces/HIAAC-KR-Dev-Container/Minerva-Exps/benchmarks/experiments/paper_daghar_supervised_3runs_perlr_samples_down_seed_resnetse5_12345/logs/id_1c7c406ec4cc/final,,,,,,,,,
train_resnetse5,id_f4800764e7c7,,completed,0,False,id_01c6663a52ec,supervised,resnetse5,full_finetune_lr3,id_4a2aca339c33,multimodal_df,daghar_standardized_balanced,rw_waist,train,config_0,multimodal_samples_010,id_7d268895569b,har,train,full_run,/workspaces/HIAAC-KR-Dev-Container/Minerva-Exps/benchmarks/experiments/paper_daghar_supervised_3runs_perlr_samples_down_seed_resnetse5_12345/logs/id_f4800764e7c7/final,,,,,,,,,
evaluate_resnetse5,id_961f30079aac,id_eaa2e19cb4c7,completed,1,True,id_a619266c470c,supervised,resnetse5,full_finetune_lr4,id_05f8d8137621,multimodal_df,daghar_standardized_balanced,wisdm,test,,multimodal_perc_100,id_daa7333eb2f8,har,evaluate,full_run,/workspaces/HIAAC-KR-Dev-Container/Minerva-Exps/benchmarks/experiments/paper_daghar_supervised_3runs_perlr_samples_down_seed_resnetse5_12345/logs/id_961f30079aac/final,00c2e4177c,/workspaces/HIAAC-KR-Dev-Container/Minerva-Exps/benchmarks/experiments/paper_daghar_supervised_3runs_perlr_samples_down_seed_resnetse5_12345/logs/id_961f30079aac/final/metrics_2025-11-10-16-17-00c2e4177c.yaml,/workspaces/HIAAC-KR-Dev-Container/Minerva-Exps/benchmarks/experiments/paper_daghar_supervised_3runs_perlr_samples_down_seed_resnetse5_12345/logs/id_961f30079aac/final/run_2025-11-10-16-17-00c2e4177c.yaml,0.7634408473968506,0.7665156126022339,0.7588335275650024,0.7634408473968506,0.7634409070014954,0.7665155529975891
train_resnetse5,id_ecdc2d5398ae,,completed,0,False,id_01c6663a52ec,supervised,resnetse5,full_finetune_lr3,id_d55a47551268,multimodal_df,daghar_standardized_balanced,rw_thigh,train,config_0,multimodal_samples_100_2,id_7d268895569b,har,train,full_run,/workspaces/HIAAC-KR-Dev-Container/Minerva-Exps/benchmarks/experiments/paper_daghar_supervised_3runs_perlr_samples_down_seed_resnetse5_12345/logs/id_ecdc2d5398ae/final,,,,,,,,,
evaluate_resnetse5,id_efa368a345cb,id_7e804f50edc0,completed,1,True,id_612c26209f9f,supervised,resnetse5,full_finetune_lr2,id_4291237e1e89,multimodal_df,daghar_standardized_balanced,uci,test,,multimodal_perc_100,id_daa7333eb2f8,har,evaluate,full_run,/workspaces/HIAAC-KR-Dev-Container/Minerva-Exps/benchmarks/experiments/paper_daghar_supervised_3runs_perlr_samples_down_seed_resnetse5_12345/logs/id_efa368a345cb/final,353d3822db,/workspaces/HIAAC-KR-Dev-Container/Minerva-Exps/benchmarks/experiments/paper_daghar_supervised_3runs_perlr_samples_down_seed_resnetse5_12345/logs/id_efa368a345cb/final/metrics_2025-11-10-16-59-353d3822db.yaml,/workspaces/HIAAC-KR-Dev-Container/Minerva-Exps/benchmarks/experiments/paper_daghar_supervised_3runs_perlr_samples_down_seed_resnetse5_12345/logs/id_efa368a345cb/final/run_2025-11-10-16-59-353d3822db.yaml,0.7420290112495422,0.7312966585159302,0.6981984972953796,0.7420290112495422,0.7420290112495422,0.7312966585159302
evaluate_resnetse5,id_5373595512fa,id_3aec4f52ab8b,completed,1,True,id_612c26209f9f,supervised,resnetse5,full_finetune_lr2,id_d07a11b6dca6,multimodal_df,daghar_standardized_balanced,motionsense,test,,multimodal_perc_100,id_daa7333eb2f8,har,evaluate,full_run,/workspaces/HIAAC-KR-Dev-Container/Minerva-Exps/benchmarks/experiments/paper_daghar_supervised_3runs_perlr_samples_down_seed_resnetse5_12345/logs/id_5373595512fa/final,03d565ca1d,/workspaces/HIAAC-KR-Dev-Container/Minerva-Exps/benchmarks/experiments/paper_daghar_supervised_3runs_perlr_samples_down_seed_resnetse5_12345/logs/id_5373595512fa/final/metrics_2025-11-10-15-48-03d565ca1d.yaml,/workspaces/HIAAC-KR-Dev-Container/Minerva-Exps/benchmarks/experiments/paper_daghar_supervised_3runs_perlr_samples_down_seed_resnetse5_12345/logs/id_5373595512fa/final/run_2025-11-10-15-48-03d565ca1d.yaml,0.7758945226669312,0.8282089233398438,0.7249941825866699,0.7758945226669312,0.7758945226669312,0.8282089233398438
evaluate_resnetse5,id_4e186797259d,id_22e6b0f767b3,completed,1,True,id_51a779f741ee,supervised,resnetse5,full_finetune_lr1,id_d89e1ef65d48,multimodal_df,daghar_standardized_balanced,motionsense,test,,multimodal_perc_100,id_daa7333eb2f8,har,evaluate,full_run,/workspaces/HIAAC-KR-Dev-Container/Minerva-Exps/benchmarks/experiments/paper_daghar_supervised_3runs_perlr_samples_down_seed_resnetse5_12345/logs/id_4e186797259d/final,23ad4b507d,/workspaces/HIAAC-KR-Dev-Container/Minerva-Exps/benchmarks/experiments/paper_daghar_supervised_3runs_perlr_samples_down_seed_resnetse5_12345/logs/id_4e186797259d/final/metrics_2025-11-10-15-45-23ad4b507d.yaml,/workspaces/HIAAC-KR-Dev-Container/Minerva-Exps/benchmarks/experiments/paper_daghar_supervised_3runs_perlr_samples_down_seed_resnetse5_12345/logs/id_4e186797259d/final/run_2025-11-10-15-45-23ad4b507d.yaml,0.4858756959438324,0.4588684141635895,0.3921769857406616,0.4858756959438324,0.4858757257461548,0.3823903203010559
evaluate_resnetse5,id_b260e4615ed7,id_ac191e51de8b,completed,1,True,id_612c26209f9f,supervised,resnetse5,full_finetune_lr2,id_20234ec464fa,multimodal_df,daghar_standardized_balanced,rw_thigh,test,,multimodal_perc_100,id_daa7333eb2f8,har,evaluate,full_run,/workspaces/HIAAC-KR-Dev-Container/Minerva-Exps/benchmarks/experiments/paper_daghar_supervised_3runs_perlr_samples_down_seed_resnetse5_12345/logs/id_b260e4615ed7/final,15486d4297,/workspaces/HIAAC-KR-Dev-Container/Minerva-Exps/benchmarks/experiments/paper_daghar_supervised_3runs_perlr_samples_down_seed_resnetse5_12345/logs/id_b260e4615ed7/final/metrics_2025-11-10-16-29-15486d4297.yaml,/workspaces/HIAAC-KR-Dev-Container/Minerva-Exps/benchmarks/experiments/paper_daghar_supervised_3runs_perlr_samples_down_seed_resnetse5_12345/logs/id_b260e4615ed7/final/run_2025-11-10-16-29-15486d4297.yaml,0.6991028189659119,0.7600657343864441,0.7001999020576477,0.6991028189659119,0.6991028189659119,0.7600656747817993
train_resnetse5,id_5e192574b23d,,completed,0,False,id_51a779f741ee,supervised,resnetse5,full_finetune_lr1,id_752bde3fdada,multimodal_df,daghar_standardized_balanced,kuhar,train,config_0,multimodal_samples_010,id_7d268895569b,har,train,full_run,/workspaces/HIAAC-KR-Dev-Container/Minerva-Exps/benchmarks/experiments/paper_daghar_supervised_3runs_perlr_samples_down_seed_resnetse5_12345/logs/id_5e192574b23d/final,,,,,,,,,
train_resnetse5,id_c5314e7e4ede,,completed,0,False,id_01c6663a52ec,supervised,resnetse5,full_finetune_lr3,id_cca20f21af92,multimodal_df,daghar_standardized_balanced,motionsense,train,config_0,multimodal_perc_100_3,id_7d268895569b,har,train,full_run,/workspaces/HIAAC-KR-Dev-Container/Minerva-Exps/benchmarks/experiments/paper_daghar_supervised_3runs_perlr_samples_down_seed_resnetse5_12345/logs/id_c5314e7e4ede/final,,,,,,,,,
evaluate_resnetse5,id_54770b55b983,id_915a5555b0da,completed,1,True,id_01c6663a52ec,supervised,resnetse5,full_finetune_lr3,id_a02a307d83d0,multimodal_df,daghar_standardized_balanced,rw_thigh,test,,multimodal_perc_100,id_daa7333eb2f8,har,evaluate,full_run,/workspaces/HIAAC-KR-Dev-Container/Minerva-Exps/benchmarks/experiments/paper_daghar_supervised_3runs_perlr_samples_down_seed_resnetse5_12345/logs/id_54770b55b983/final,27dabad77b,/workspaces/HIAAC-KR-Dev-Container/Minerva-Exps/benchmarks/experiments/paper_daghar_supervised_3runs_perlr_samples_down_seed_resnetse5_12345/logs/id_54770b55b983/final/metrics_2025-11-10-15-48-27dabad77b.yaml,/workspaces/HIAAC-KR-Dev-Container/Minerva-Exps/benchmarks/experiments/paper_daghar_supervised_3runs_perlr_samples_down_seed_resnetse5_12345/logs/id_54770b55b983/final/run_2025-11-10-15-48-27dabad77b.yaml,0.5976535677909851,0.6344416737556458,0.5737072229385376,0.5976535677909851,0.5976535677909851,0.6344417333602905
train_resnetse5,id_e5417e70f755,,completed,0,False,id_a619266c470c,supervised,resnetse5,full_finetune_lr4,id_653f367090ba,multimodal_df,daghar_standardized_balanced,rw_waist,train,config_0,multimodal_samples_010_2,id_7d268895569b,har,train,full_run,/workspaces/HIAAC-KR-Dev-Container/Minerva-Exps/benchmarks/experiments/paper_daghar_supervised_3runs_perlr_samples_down_seed_resnetse5_12345/logs/id_e5417e70f755/final,,,,,,,,,
train_resnetse5,id_b2efcd521207,,completed,0,False,id_51a779f741ee,supervised,resnetse5,full_finetune_lr1,id_598014e6a5d3,multimodal_df,daghar_standardized_balanced,rw_thigh,train,config_0,multimodal_samples_100_3,id_7d268895569b,har,train,full_run,/workspaces/HIAAC-KR-Dev-Container/Minerva-Exps/benchmarks/experiments/paper_daghar_supervised_3runs_perlr_samples_down_seed_resnetse5_12345/logs/id_b2efcd521207/final,,,,,,,,,
train_resnetse5,id_bcbeadb46139,,completed,0,False,id_612c26209f9f,supervised,resnetse5,full_finetune_lr2,id_cf1ed39f3ad3,multimodal_df,daghar_standardized_balanced,motionsense,train,config_0,multimodal_samples_001,id_7d268895569b,har,train,full_run,/workspaces/HIAAC-KR-Dev-Container/Minerva-Exps/benchmarks/experiments/paper_daghar_supervised_3runs_perlr_samples_down_seed_resnetse5_12345/logs/id_bcbeadb46139/final,,,,,,,,,
train_resnetse5,id_723286b389a7,,completed,0,False,id_a619266c470c,supervised,resnetse5,full_finetune_lr4,id_58f0d08fff7e,multimodal_df,daghar_standardized_balanced,rw_thigh,train,config_0,multimodal_samples_050_3,id_7d268895569b,har,train,full_run,/workspaces/HIAAC-KR-Dev-Container/Minerva-Exps/benchmarks/experiments/paper_daghar_supervised_3runs_perlr_samples_down_seed_resnetse5_12345/logs/id_723286b389a7/final,,,,,,,,,
evaluate_resnetse5,id_390cd29984ed,id_d6fa5fa9a374,completed,1,True,id_51a779f741ee,supervised,resnetse5,full_finetune_lr1,id_05f8d8137621,multimodal_df,daghar_standardized_balanced,wisdm,test,,multimodal_perc_100,id_daa7333eb2f8,har,evaluate,full_run,/workspaces/HIAAC-KR-Dev-Container/Minerva-Exps/benchmarks/experiments/paper_daghar_supervised_3runs_perlr_samples_down_seed_resnetse5_12345/logs/id_390cd29984ed/final,30613458fc,/workspaces/HIAAC-KR-Dev-Container/Minerva-Exps/benchmarks/experiments/paper_daghar_supervised_3runs_perlr_samples_down_seed_resnetse5_12345/logs/id_390cd29984ed/final/metrics_2025-11-10-15-36-30613458fc.yaml,/workspaces/HIAAC-KR-Dev-Container/Minerva-Exps/benchmarks/experiments/paper_daghar_supervised_3runs_perlr_samples_down_seed_resnetse5_12345/logs/id_390cd29984ed/final/run_2025-11-10-15-36-30613458fc.yaml,0.7242703437805176,0.5968687534332275,0.6401733160018921,0.7242703437805176,0.7242703437805176,0.5968686938285828
evaluate_resnetse5,id_fbbf7ea4f0e0,id_0276a71fcf2e,completed,1,True,id_51a779f741ee,supervised,resnetse5,full_finetune_lr1,id_0e2b77b61f90,multimodal_df,daghar_standardized_balanced,motionsense,test,,multimodal_perc_100,id_daa7333eb2f8,har,evaluate,full_run,/workspaces/HIAAC-KR-Dev-Container/Minerva-Exps/benchmarks/experiments/paper_daghar_supervised_3runs_perlr_samples_down_seed_resnetse5_12345/logs/id_fbbf7ea4f0e0/final,556934118a,/workspaces/HIAAC-KR-Dev-Container/Minerva-Exps/benchmarks/experiments/paper_daghar_supervised_3runs_perlr_samples_down_seed_resnetse5_12345/logs/id_fbbf7ea4f0e0/final/metrics_2025-11-10-17-03-556934118a.yaml,/workspaces/HIAAC-KR-Dev-Container/Minerva-Exps/benchmarks/experiments/paper_daghar_supervised_3runs_perlr_samples_down_seed_resnetse5_12345/logs/id_fbbf7ea4f0e0/final/run_2025-11-10-17-03-556934118a.yaml,0.7570621371269226,0.744679868221283,0.7037491798400879,0.7570621371269226,0.7570621371269226,0.744679868221283
train_resnetse5,id_df127bd0e2db,,completed,0,False,id_612c26209f9f,supervised,resnetse5,full_finetune_lr2,id_50b8183b88b4,multimodal_df,daghar_standardized_balanced,rw_waist,train,config_0,multimodal_samples_050_3,id_7d268895569b,har,train,full_run,/workspaces/HIAAC-KR-Dev-Container/Minerva-Exps/benchmarks/experiments/paper_daghar_supervised_3runs_perlr_samples_down_seed_resnetse5_12345/logs/id_df127bd0e2db/final,,,,,,,,,
evaluate_resnetse5,id_56b2855d20b1,id_689f9640d90a,completed,1,True,id_01c6663a52ec,supervised,resnetse5,full_finetune_lr3,id_53b81b377af6,multimodal_df,daghar_standardized_balanced,rw_waist,test,,multimodal_perc_100,id_daa7333eb2f8,har,evaluate,full_run,/workspaces/HIAAC-KR-Dev-Container/Minerva-Exps/benchmarks/experiments/paper_daghar_supervised_3runs_perlr_samples_down_seed_resnetse5_12345/logs/id_56b2855d20b1/final,13f0bb02c2,/workspaces/HIAAC-KR-Dev-Container/Minerva-Exps/benchmarks/experiments/paper_daghar_supervised_3runs_perlr_samples_down_seed_resnetse5_12345/logs/id_56b2855d20b1/final/metrics_2025-11-10-15-50-13f0bb02c2.yaml,/workspaces/HIAAC-KR-Dev-Container/Minerva-Exps/benchmarks/experiments/paper_daghar_supervised_3runs_perlr_samples_down_seed_resnetse5_12345/logs/id_56b2855d20b1/final/run_2025-11-10-15-50-13f0bb02c2.yaml,0.6064814925193787,0.6166749000549316,0.5565865635871887,0.6064814925193787,0.6064814925193787,0.6166749000549316
train_resnetse5,id_bd0357430229,,completed,0,False,id_612c26209f9f,supervised,resnetse5,full_finetune_lr2,id_7aec5716a4be,multimodal_df,daghar_standardized_balanced,motionsense,train,config_0,multimodal_samples_025_2,id_7d268895569b,har,train,full_run,/workspaces/HIAAC-KR-Dev-Container/Minerva-Exps/benchmarks/experiments/paper_daghar_supervised_3runs_perlr_samples_down_seed_resnetse5_12345/logs/id_bd0357430229/final,,,,,,,,,
train_resnetse5,id_4b4b0b7f2ffa,,completed,0,False,id_01c6663a52ec,supervised,resnetse5,full_finetune_lr3,id_64a3cc41ecfe,multimodal_df,daghar_standardized_balanced,wisdm,train,config_0,multimodal_samples_001_2,id_7d268895569b,har,train,full_run,/workspaces/HIAAC-KR-Dev-Container/Minerva-Exps/benchmarks/experiments/paper_daghar_supervised_3runs_perlr_samples_down_seed_resnetse5_12345/logs/id_4b4b0b7f2ffa/final,,,,,,,,,
evaluate_resnetse5,id_88f7f8102e3a,id_2c62201e2d8c,completed,1,True,id_a619266c470c,supervised,resnetse5,full_finetune_lr4,id_de0e2f735469,multimodal_df,daghar_standardized_balanced,uci,test,,multimodal_perc_100,id_daa7333eb2f8,har,evaluate,full_run,/workspaces/HIAAC-KR-Dev-Container/Minerva-Exps/benchmarks/experiments/paper_daghar_supervised_3runs_perlr_samples_down_seed_resnetse5_12345/logs/id_88f7f8102e3a/final,41d98d6c90,/workspaces/HIAAC-KR-Dev-Container/Minerva-Exps/benchmarks/experiments/paper_daghar_supervised_3runs_perlr_samples_down_seed_resnetse5_12345/logs/id_88f7f8102e3a/final/metrics_2025-11-10-16-11-41d98d6c90.yaml,/workspaces/HIAAC-KR-Dev-Container/Minerva-Exps/benchmarks/experiments/paper_daghar_supervised_3runs_perlr_samples_down_seed_resnetse5_12345/logs/id_88f7f8102e3a/final/run_2025-11-10-16-11-41d98d6c90.yaml,0.7724637389183044,0.8426162004470825,0.7057432532310486,0.7724637389183044,0.7724637389183044,0.6740929484367371
train_resnetse5,id_9c65b3ff9fdc,,completed,0,False,id_51a779f741ee,supervised,resnetse5,full_finetune_lr1,id_6216214775b3,multimodal_df,daghar_standardized_balanced,rw_thigh,train,config_0,multimodal_samples_001_2,id_7d268895569b,har,train,full_run,/workspaces/HIAAC-KR-Dev-Container/Minerva-Exps/benchmarks/experiments/paper_daghar_supervised_3runs_perlr_samples_down_seed_resnetse5_12345/logs/id_9c65b3ff9fdc/final,,,,,,,,,
train_resnetse5,id_dfef10cbe90c,,completed,0,False,id_612c26209f9f,supervised,resnetse5,full_finetune_lr2,id_b74337b9bf17,multimodal_df,daghar_standardized_balanced,rw_thigh,train,config_0,multimodal_samples_001_3,id_7d268895569b,har,train,full_run,/workspaces/HIAAC-KR-Dev-Container/Minerva-Exps/benchmarks/experiments/paper_daghar_supervised_3runs_perlr_samples_down_seed_resnetse5_12345/logs/id_dfef10cbe90c/final,,,,,,,,,
train_resnetse5,id_cbdd1c7f60af,,completed,0,False,id_01c6663a52ec,supervised,resnetse5,full_finetune_lr3,id_d68570b59c0c,multimodal_df,daghar_standardized_balanced,motionsense,train,config_0,multimodal_samples_050_2,id_7d268895569b,har,train,full_run,/workspaces/HIAAC-KR-Dev-Container/Minerva-Exps/benchmarks/experiments/paper_daghar_supervised_3runs_perlr_samples_down_seed_resnetse5_12345/logs/id_cbdd1c7f60af/final,,,,,,,,,
evaluate_resnetse5,id_0319eda929b2,id_b44930c5ad0e,completed,1,True,id_51a779f741ee,supervised,resnetse5,full_finetune_lr1,id_8f3c79903cae,multimodal_df,daghar_standardized_balanced,rw_waist,test,,multimodal_perc_100,id_daa7333eb2f8,har,evaluate,full_run,/workspaces/HIAAC-KR-Dev-Container/Minerva-Exps/benchmarks/experiments/paper_daghar_supervised_3runs_perlr_samples_down_seed_resnetse5_12345/logs/id_0319eda929b2/final,2786782757,/workspaces/HIAAC-KR-Dev-Container/Minerva-Exps/benchmarks/experiments/paper_daghar_supervised_3runs_perlr_samples_down_seed_resnetse5_12345/logs/id_0319eda929b2/final/metrics_2025-11-10-15-15-2786782757.yaml,/workspaces/HIAAC-KR-Dev-Container/Minerva-Exps/benchmarks/experiments/paper_daghar_supervised_3runs_perlr_samples_down_seed_resnetse5_12345/logs/id_0319eda929b2/final/run_2025-11-10-15-15-2786782757.yaml,0.7326388955116272,0.7552657723426819,0.7363666296005249,0.7326388955116272,0.7326388359069824,0.7552657127380371
train_resnetse5,id_b7960a21b6c1,,completed,0,False,id_a619266c470c,supervised,resnetse5,full_finetune_lr4,id_0637ba4f3b1a,multimodal_df,daghar_standardized_balanced,wisdm,train,config_0,multimodal_samples_001,id_7d268895569b,har,train,full_run,/workspaces/HIAAC-KR-Dev-Container/Minerva-Exps/benchmarks/experiments/paper_daghar_supervised_3runs_perlr_samples_down_seed_resnetse5_12345/logs/id_b7960a21b6c1/final,,,,,,,,,
train_resnetse5,id_4abc408935d1,,completed,0,False,id_51a779f741ee,supervised,resnetse5,full_finetune_lr1,id_c05d706619f3,multimodal_df,daghar_standardized_balanced,rw_thigh,train,config_0,multimodal_samples_010,id_7d268895569b,har,train,full_run,/workspaces/HIAAC-KR-Dev-Container/Minerva-Exps/benchmarks/experiments/paper_daghar_supervised_3runs_perlr_samples_down_seed_resnetse5_12345/logs/id_4abc408935d1/final,,,,,,,,,
train_resnetse5,id_fe272a908281,,completed,0,False,id_01c6663a52ec,supervised,resnetse5,full_finetune_lr3,id_c6b7ed4cb494,multimodal_df,daghar_standardized_balanced,rw_waist,train,config_0,multimodal_samples_200,id_7d268895569b,har,train,full_run,/workspaces/HIAAC-KR-Dev-Container/Minerva-Exps/benchmarks/experiments/paper_daghar_supervised_3runs_perlr_samples_down_seed_resnetse5_12345/logs/id_fe272a908281/final,,,,,,,,,
evaluate_resnetse5,id_045572885a86,id_11840df0d3ab,completed,1,True,id_612c26209f9f,supervised,resnetse5,full_finetune_lr2,id_f43fb4e453fc,multimodal_df,daghar_standardized_balanced,uci,test,,multimodal_perc_100,id_daa7333eb2f8,har,evaluate,full_run,/workspaces/HIAAC-KR-Dev-Container/Minerva-Exps/benchmarks/experiments/paper_daghar_supervised_3runs_perlr_samples_down_seed_resnetse5_12345/logs/id_045572885a86/final,50070c3c70,/workspaces/HIAAC-KR-Dev-Container/Minerva-Exps/benchmarks/experiments/paper_daghar_supervised_3runs_perlr_samples_down_seed_resnetse5_12345/logs/id_045572885a86/final/metrics_2025-11-10-15-15-50070c3c70.yaml,/workspaces/HIAAC-KR-Dev-Container/Minerva-Exps/benchmarks/experiments/paper_daghar_supervised_3runs_perlr_samples_down_seed_resnetse5_12345/logs/id_045572885a86/final/run_2025-11-10-15-15-50070c3c70.yaml,0.7014492750167847,0.7105425596237183,0.6473599672317505,0.7014492750167847,0.7014492750167847,0.7105425596237183
train_resnetse5,id_5b1573dfb627,,completed,0,False,id_612c26209f9f,supervised,resnetse5,full_finetune_lr2,id_752bde3fdada,multimodal_df,daghar_standardized_balanced,kuhar,train,config_0,multimodal_samples_010,id_7d268895569b,har,train,full_run,/workspaces/HIAAC-KR-Dev-Container/Minerva-Exps/benchmarks/experiments/paper_daghar_supervised_3runs_perlr_samples_down_seed_resnetse5_12345/logs/id_5b1573dfb627/final,,,,,,,,,
evaluate_resnetse5,id_dfbf32815324,id_2c5d6e1d346d,completed,1,True,id_a619266c470c,supervised,resnetse5,full_finetune_lr4,id_70e3e98bc86c,multimodal_df,daghar_standardized_balanced,kuhar,test,,multimodal_perc_100,id_daa7333eb2f8,har,evaluate,full_run,/workspaces/HIAAC-KR-Dev-Container/Minerva-Exps/benchmarks/experiments/paper_daghar_supervised_3runs_perlr_samples_down_seed_resnetse5_12345/logs/id_dfbf32815324/final,4883513fdf,/workspaces/HIAAC-KR-Dev-Container/Minerva-Exps/benchmarks/experiments/paper_daghar_supervised_3runs_perlr_samples_down_seed_resnetse5_12345/logs/id_dfbf32815324/final/metrics_2025-11-10-16-49-4883513fdf.yaml,/workspaces/HIAAC-KR-Dev-Container/Minerva-Exps/benchmarks/experiments/paper_daghar_supervised_3runs_perlr_samples_down_seed_resnetse5_12345/logs/id_dfbf32815324/final/run_2025-11-10-16-49-4883513fdf.yaml,0.7222222089767456,0.7711111307144165,0.6640211343765259,0.7222222089767456,0.7222222089767456,0.6425926685333252
train_resnetse5,id_cbf20c74f6fc,,completed,0,False,id_a619266c470c,supervised,resnetse5,full_finetune_lr4,id_5f141c49960f,multimodal_df,daghar_standardized_balanced,motionsense,train,config_0,multimodal_samples_005_2,id_7d268895569b,har,train,full_run,/workspaces/HIAAC-KR-Dev-Container/Minerva-Exps/benchmarks/experiments/paper_daghar_supervised_3runs_perlr_samples_down_seed_resnetse5_12345/logs/id_cbf20c74f6fc/final,,,,,,,,,
train_resnetse5,id_fb361b3d0bd4,,completed,0,False,id_51a779f741ee,supervised,resnetse5,full_finetune_lr1,id_a274409d79b7,multimodal_df,daghar_standardized_balanced,uci,train,config_0,multimodal_perc_100_2,id_7d268895569b,har,train,full_run,/workspaces/HIAAC-KR-Dev-Container/Minerva-Exps/benchmarks/experiments/paper_daghar_supervised_3runs_perlr_samples_down_seed_resnetse5_12345/logs/id_fb361b3d0bd4/final,,,,,,,,,
evaluate_resnetse5,id_670aff6360dd,id_fe55765a96ef,completed,1,True,id_01c6663a52ec,supervised,resnetse5,full_finetune_lr3,id_e23f856a5c17,multimodal_df,daghar_standardized_balanced,uci,test,,multimodal_perc_100,id_daa7333eb2f8,har,evaluate,full_run,/workspaces/HIAAC-KR-Dev-Container/Minerva-Exps/benchmarks/experiments/paper_daghar_supervised_3runs_perlr_samples_down_seed_resnetse5_12345/logs/id_670aff6360dd/final,322814f427,/workspaces/HIAAC-KR-Dev-Container/Minerva-Exps/benchmarks/experiments/paper_daghar_supervised_3runs_perlr_samples_down_seed_resnetse5_12345/logs/id_670aff6360dd/final/metrics_2025-11-10-15-56-322814f427.yaml,/workspaces/HIAAC-KR-Dev-Container/Minerva-Exps/benchmarks/experiments/paper_daghar_supervised_3runs_perlr_samples_down_seed_resnetse5_12345/logs/id_670aff6360dd/final/run_2025-11-10-15-56-322814f427.yaml,0.9594202637672424,0.9614951014518738,0.9592771530151367,0.9594202637672424,0.9594202637672424,0.9614951014518738
train_resnetse5,id_8d1ad1f83ca4,,completed,0,False,id_01c6663a52ec,supervised,resnetse5,full_finetune_lr3,id_274082d5effd,multimodal_df,daghar_standardized_balanced,rw_waist,train,config_0,multimodal_samples_005,id_7d268895569b,har,train,full_run,/workspaces/HIAAC-KR-Dev-Container/Minerva-Exps/benchmarks/experiments/paper_daghar_supervised_3runs_perlr_samples_down_seed_resnetse5_12345/logs/id_8d1ad1f83ca4/final,,,,,,,,,
train_resnetse5,id_afee8f9c25e2,,completed,0,False,id_3f47675df06f,supervised,resnetse5,full_finetune_lr5,id_6216214775b3,multimodal_df,daghar_standardized_balanced,rw_thigh,train,config_0,multimodal_samples_001_2,id_7d268895569b,har,train,full_run,/workspaces/HIAAC-KR-Dev-Container/Minerva-Exps/benchmarks/experiments/paper_daghar_supervised_3runs_perlr_samples_down_seed_resnetse5_12345/logs/id_afee8f9c25e2/final,,,,,,,,,
evaluate_resnetse5,id_faf70655190f,id_fb361b3d0bd4,completed,1,True,id_51a779f741ee,supervised,resnetse5,full_finetune_lr1,id_3f52ea408e33,multimodal_df,daghar_standardized_balanced,uci,test,,multimodal_perc_100,id_daa7333eb2f8,har,evaluate,full_run,/workspaces/HIAAC-KR-Dev-Container/Minerva-Exps/benchmarks/experiments/paper_daghar_supervised_3runs_perlr_samples_down_seed_resnetse5_12345/logs/id_faf70655190f/final,409249e153,/workspaces/HIAAC-KR-Dev-Container/Minerva-Exps/benchmarks/experiments/paper_daghar_supervised_3runs_perlr_samples_down_seed_resnetse5_12345/logs/id_faf70655190f/final/metrics_2025-11-10-17-03-409249e153.yaml,/workspaces/HIAAC-KR-Dev-Container/Minerva-Exps/benchmarks/experiments/paper_daghar_supervised_3runs_perlr_samples_down_seed_resnetse5_12345/logs/id_faf70655190f/final/run_2025-11-10-17-03-409249e153.yaml,0.7942029237747192,0.6981974840164185,0.7297677993774414,0.7942029237747192,0.7942029237747192,0.6981975436210632
train_resnetse5,id_84edae09b322,,completed,0,False,id_3f47675df06f,supervised,resnetse5,full_finetune_lr5,id_62ae1bbdbef0,multimodal_df,daghar_standardized_balanced,kuhar,train,config_0,multimodal_samples_001,id_7d268895569b,har,train,full_run,/workspaces/HIAAC-KR-Dev-Container/Minerva-Exps/benchmarks/experiments/paper_daghar_supervised_3runs_perlr_samples_down_seed_resnetse5_12345/logs/id_84edae09b322/final,,,,,,,,,
train_resnetse5,id_cc9cf365c093,,completed,0,False,id_612c26209f9f,supervised,resnetse5,full_finetune_lr2,id_0ee270359c3b,multimodal_df,daghar_standardized_balanced,rw_waist,train,config_0,multimodal_perc_100,id_7d268895569b,har,train,full_run,/workspaces/HIAAC-KR-Dev-Container/Minerva-Exps/benchmarks/experiments/paper_daghar_supervised_3runs_perlr_samples_down_seed_resnetse5_12345/logs/id_cc9cf365c093/final,,,,,,,,,
train_resnetse5,id_b7817d500994,,completed,0,False,id_a619266c470c,supervised,resnetse5,full_finetune_lr4,id_5aed9d092412,multimodal_df,daghar_standardized_balanced,wisdm,train,config_0,multimodal_samples_050_3,id_7d268895569b,har,train,full_run,/workspaces/HIAAC-KR-Dev-Container/Minerva-Exps/benchmarks/experiments/paper_daghar_supervised_3runs_perlr_samples_down_seed_resnetse5_12345/logs/id_b7817d500994/final,,,,,,,,,
evaluate_resnetse5,id_909ff7be9ced,id_a30fd5d6f044,completed,1,True,id_51a779f741ee,supervised,resnetse5,full_finetune_lr1,id_ca47bb421f0b,multimodal_df,daghar_standardized_balanced,kuhar,test,,multimodal_perc_100,id_daa7333eb2f8,har,evaluate,full_run,/workspaces/HIAAC-KR-Dev-Container/Minerva-Exps/benchmarks/experiments/paper_daghar_supervised_3runs_perlr_samples_down_seed_resnetse5_12345/logs/id_909ff7be9ced/final,393b7d00fc,/workspaces/HIAAC-KR-Dev-Container/Minerva-Exps/benchmarks/experiments/paper_daghar_supervised_3runs_perlr_samples_down_seed_resnetse5_12345/logs/id_909ff7be9ced/final/metrics_2025-11-10-16-14-393b7d00fc.yaml,/workspaces/HIAAC-KR-Dev-Container/Minerva-Exps/benchmarks/experiments/paper_daghar_supervised_3runs_perlr_samples_down_seed_resnetse5_12345/logs/id_909ff7be9ced/final/run_2025-11-10-16-14-393b7d00fc.yaml,0.5,0.5240659713745117,0.4377971887588501,0.5,0.4999999701976776,0.4367216229438782
train_resnetse5,id_56b2f695f070,,completed,0,False,id_a619266c470c,supervised,resnetse5,full_finetune_lr4,id_d9dc7844fd8b,multimodal_df,daghar_standardized_balanced,uci,train,config_0,multimodal_samples_050_2,id_7d268895569b,har,train,full_run,/workspaces/HIAAC-KR-Dev-Container/Minerva-Exps/benchmarks/experiments/paper_daghar_supervised_3runs_perlr_samples_down_seed_resnetse5_12345/logs/id_56b2f695f070/final,,,,,,,,,
evaluate_resnetse5,id_54b6f28412bf,id_4ef21e358f8a,completed,1,True,id_3f47675df06f,supervised,resnetse5,full_finetune_lr5,id_925ee63de904,multimodal_df,daghar_standardized_balanced,wisdm,test,,multimodal_perc_100,id_daa7333eb2f8,har,evaluate,full_run,/workspaces/HIAAC-KR-Dev-Container/Minerva-Exps/benchmarks/experiments/paper_daghar_supervised_3runs_perlr_samples_down_seed_resnetse5_12345/logs/id_54b6f28412bf/final,511cb2b118,/workspaces/HIAAC-KR-Dev-Container/Minerva-Exps/benchmarks/experiments/paper_daghar_supervised_3runs_perlr_samples_down_seed_resnetse5_12345/logs/id_54b6f28412bf/final/metrics_2025-11-10-15-48-511cb2b118.yaml,/workspaces/HIAAC-KR-Dev-Container/Minerva-Exps/benchmarks/experiments/paper_daghar_supervised_3runs_perlr_samples_down_seed_resnetse5_12345/logs/id_54b6f28412bf/final/run_2025-11-10-15-48-511cb2b118.yaml,0.4727342426776886,0.3185476064682007,0.3012973666191101,0.4727342426776886,0.3781874179840088,0.25483810901641846
evaluate_resnetse5,id_e55b1c8f2075,id_3212a4374af1,completed,1,True,id_51a779f741ee,supervised,resnetse5,full_finetune_lr1,id_7e73a2ddd55d,multimodal_df,daghar_standardized_balanced,rw_waist,test,,multimodal_perc_100,id_daa7333eb2f8,har,evaluate,full_run,/workspaces/HIAAC-KR-Dev-Container/Minerva-Exps/benchmarks/experiments/paper_daghar_supervised_3runs_perlr_samples_down_seed_resnetse5_12345/logs/id_e55b1c8f2075/final,36eb4027cb,/workspaces/HIAAC-KR-Dev-Container/Minerva-Exps/benchmarks/experiments/paper_daghar_supervised_3runs_perlr_samples_down_seed_resnetse5_12345/logs/id_e55b1c8f2075/final/metrics_2025-11-10-16-52-36eb4027cb.yaml,/workspaces/HIAAC-KR-Dev-Container/Minerva-Exps/benchmarks/experiments/paper_daghar_supervised_3runs_perlr_samples_down_seed_resnetse5_12345/logs/id_e55b1c8f2075/final/run_2025-11-10-16-52-36eb4027cb.yaml,0.5841049551963806,0.635933518409729,0.5369014739990234,0.5841049551963806,0.5841049551963806,0.5299445986747742
train_resnetse5,id_d564fdee4d11,,completed,0,False,id_a619266c470c,supervised,resnetse5,full_finetune_lr4,id_2b43c6cb6c29,multimodal_df,daghar_standardized_balanced,motionsense,train,config_0,multimodal_samples_001_3,id_7d268895569b,har,train,full_run,/workspaces/HIAAC-KR-Dev-Container/Minerva-Exps/benchmarks/experiments/paper_daghar_supervised_3runs_perlr_samples_down_seed_resnetse5_12345/logs/id_d564fdee4d11/final,,,,,,,,,
train_resnetse5,id_cdead4251755,,completed,0,False,id_3f47675df06f,supervised,resnetse5,full_finetune_lr5,id_f90ca44123d9,multimodal_df,daghar_standardized_balanced,kuhar,train,config_0,multimodal_samples_200_3,id_7d268895569b,har,train,full_run,/workspaces/HIAAC-KR-Dev-Container/Minerva-Exps/benchmarks/experiments/paper_daghar_supervised_3runs_perlr_samples_down_seed_resnetse5_12345/logs/id_cdead4251755/final,,,,,,,,,
train_resnetse5,id_8e5b5c2c568d,,completed,0,False,id_51a779f741ee,supervised,resnetse5,full_finetune_lr1,id_4cebd74418d5,multimodal_df,daghar_standardized_balanced,rw_thigh,train,config_0,multimodal_samples_025_2,id_7d268895569b,har,train,full_run,/workspaces/HIAAC-KR-Dev-Container/Minerva-Exps/benchmarks/experiments/paper_daghar_supervised_3runs_perlr_samples_down_seed_resnetse5_12345/logs/id_8e5b5c2c568d/final,,,,,,,,,
evaluate_resnetse5,id_c8b525b0a9d1,id_532bc63b2073,completed,1,True,id_612c26209f9f,supervised,resnetse5,full_finetune_lr2,id_a6c758571924,multimodal_df,daghar_standardized_balanced,motionsense,test,,multimodal_perc_100,id_daa7333eb2f8,har,evaluate,full_run,/workspaces/HIAAC-KR-Dev-Container/Minerva-Exps/benchmarks/experiments/paper_daghar_supervised_3runs_perlr_samples_down_seed_resnetse5_12345/logs/id_c8b525b0a9d1/final,374a03afaa,/workspaces/HIAAC-KR-Dev-Container/Minerva-Exps/benchmarks/experiments/paper_daghar_supervised_3runs_perlr_samples_down_seed_resnetse5_12345/logs/id_c8b525b0a9d1/final/metrics_2025-11-10-17-43-374a03afaa.yaml,/workspaces/HIAAC-KR-Dev-Container/Minerva-Exps/benchmarks/experiments/paper_daghar_supervised_3runs_perlr_samples_down_seed_resnetse5_12345/logs/id_c8b525b0a9d1/final/run_2025-11-10-17-43-374a03afaa.yaml,0.790960431098938,0.832576334476471,0.7466350793838501,0.790960431098938,0.790960431098938,0.832576334476471
evaluate_resnetse5,id_48a9eabcef7b,id_879052cf7eb0,completed,1,True,id_a619266c470c,supervised,resnetse5,full_finetune_lr4,id_013f99aece88,multimodal_df,daghar_standardized_balanced,rw_waist,test,,multimodal_perc_100,id_daa7333eb2f8,har,evaluate,full_run,/workspaces/HIAAC-KR-Dev-Container/Minerva-Exps/benchmarks/experiments/paper_daghar_supervised_3runs_perlr_samples_down_seed_resnetse5_12345/logs/id_48a9eabcef7b/final,59cc5a6ea0,/workspaces/HIAAC-KR-Dev-Container/Minerva-Exps/benchmarks/experiments/paper_daghar_supervised_3runs_perlr_samples_down_seed_resnetse5_12345/logs/id_48a9eabcef7b/final/metrics_2025-11-10-15-42-59cc5a6ea0.yaml,/workspaces/HIAAC-KR-Dev-Container/Minerva-Exps/benchmarks/experiments/paper_daghar_supervised_3runs_perlr_samples_down_seed_resnetse5_12345/logs/id_48a9eabcef7b/final/run_2025-11-10-15-42-59cc5a6ea0.yaml,0.5393518805503845,0.4844985902309418,0.476938396692276,0.5393518805503845,0.5393518209457397,0.4844985604286194
evaluate_resnetse5,id_43bfddc13112,id_7b9f433f5d94,completed,1,True,id_612c26209f9f,supervised,resnetse5,full_finetune_lr2,id_199b92ce1c8c,multimodal_df,daghar_standardized_balanced,uci,test,,multimodal_perc_100,id_daa7333eb2f8,har,evaluate,full_run,/workspaces/HIAAC-KR-Dev-Container/Minerva-Exps/benchmarks/experiments/paper_daghar_supervised_3runs_perlr_samples_down_seed_resnetse5_12345/logs/id_43bfddc13112/final,393f7ce053,/workspaces/HIAAC-KR-Dev-Container/Minerva-Exps/benchmarks/experiments/paper_daghar_supervised_3runs_perlr_samples_down_seed_resnetse5_12345/logs/id_43bfddc13112/final/metrics_2025-11-10-15-40-393f7ce053.yaml,/workspaces/HIAAC-KR-Dev-Container/Minerva-Exps/benchmarks/experiments/paper_daghar_supervised_3runs_perlr_samples_down_seed_resnetse5_12345/logs/id_43bfddc13112/final/run_2025-11-10-15-40-393f7ce053.yaml,0.8101449012756348,0.824311375617981,0.7873164415359497,0.8101449012756348,0.8101449012756348,0.8243113160133362
evaluate_resnetse5,id_be1fccbfdebf,id_0c5dd5411190,completed,1,True,id_a619266c470c,supervised,resnetse5,full_finetune_lr4,id_d3bb28a9285b,multimodal_df,daghar_standardized_balanced,wisdm,test,,multimodal_perc_100,id_daa7333eb2f8,har,evaluate,full_run,/workspaces/HIAAC-KR-Dev-Container/Minerva-Exps/benchmarks/experiments/paper_daghar_supervised_3runs_perlr_samples_down_seed_resnetse5_12345/logs/id_be1fccbfdebf/final,388eb06750,/workspaces/HIAAC-KR-Dev-Container/Minerva-Exps/benchmarks/experiments/paper_daghar_supervised_3runs_perlr_samples_down_seed_resnetse5_12345/logs/id_be1fccbfdebf/final/metrics_2025-11-10-16-34-388eb06750.yaml,/workspaces/HIAAC-KR-Dev-Container/Minerva-Exps/benchmarks/experiments/paper_daghar_supervised_3runs_perlr_samples_down_seed_resnetse5_12345/logs/id_be1fccbfdebf/final/run_2025-11-10-16-34-388eb06750.yaml,0.7818740606307983,0.7838246822357178,0.7765552401542664,0.7818740606307983,0.7818740606307983,0.7838246822357178
evaluate_resnetse5,id_f70dacb2712d,id_9d087c7e2dda,completed,1,True,id_3f47675df06f,supervised,resnetse5,full_finetune_lr5,id_a02a307d83d0,multimodal_df,daghar_standardized_balanced,rw_thigh,test,,multimodal_perc_100,id_daa7333eb2f8,har,evaluate,full_run,/workspaces/HIAAC-KR-Dev-Container/Minerva-Exps/benchmarks/experiments/paper_daghar_supervised_3runs_perlr_samples_down_seed_resnetse5_12345/logs/id_f70dacb2712d/final,18210a5602,/workspaces/HIAAC-KR-Dev-Container/Minerva-Exps/benchmarks/experiments/paper_daghar_supervised_3runs_perlr_samples_down_seed_resnetse5_12345/logs/id_f70dacb2712d/final/metrics_2025-11-10-17-02-18210a5602.yaml,/workspaces/HIAAC-KR-Dev-Container/Minerva-Exps/benchmarks/experiments/paper_daghar_supervised_3runs_perlr_samples_down_seed_resnetse5_12345/logs/id_f70dacb2712d/final/run_2025-11-10-17-02-18210a5602.yaml,0.7539682388305664,0.7806050181388855,0.756083607673645,0.7539682388305664,0.7539682984352112,0.7806050181388855
evaluate_resnetse5,id_a57846622e49,id_b9f856cbdb8f,completed,1,True,id_01c6663a52ec,supervised,resnetse5,full_finetune_lr3,id_8f3c79903cae,multimodal_df,daghar_standardized_balanced,rw_waist,test,,multimodal_perc_100,id_daa7333eb2f8,har,evaluate,full_run,/workspaces/HIAAC-KR-Dev-Container/Minerva-Exps/benchmarks/experiments/paper_daghar_supervised_3runs_perlr_samples_down_seed_resnetse5_12345/logs/id_a57846622e49/final,2298d5eee1,/workspaces/HIAAC-KR-Dev-Container/Minerva-Exps/benchmarks/experiments/paper_daghar_supervised_3runs_perlr_samples_down_seed_resnetse5_12345/logs/id_a57846622e49/final/metrics_2025-11-10-16-24-2298d5eee1.yaml,/workspaces/HIAAC-KR-Dev-Container/Minerva-Exps/benchmarks/experiments/paper_daghar_supervised_3runs_perlr_samples_down_seed_resnetse5_12345/logs/id_a57846622e49/final/run_2025-11-10-16-24-2298d5eee1.yaml,0.6624228358268738,0.7071928977966309,0.6485574841499329,0.6624228358268738,0.6624228954315186,0.7071928977966309
evaluate_resnetse5,id_10b2391ab39b,id_d3c1cd065496,completed,1,True,id_3f47675df06f,supervised,resnetse5,full_finetune_lr5,id_7e73a2ddd55d,multimodal_df,daghar_standardized_balanced,rw_waist,test,,multimodal_perc_100,id_daa7333eb2f8,har,evaluate,full_run,/workspaces/HIAAC-KR-Dev-Container/Minerva-Exps/benchmarks/experiments/paper_daghar_supervised_3runs_perlr_samples_down_seed_resnetse5_12345/logs/id_10b2391ab39b/final,31fa1783ff,/workspaces/HIAAC-KR-Dev-Container/Minerva-Exps/benchmarks/experiments/paper_daghar_supervised_3runs_perlr_samples_down_seed_resnetse5_12345/logs/id_10b2391ab39b/final/metrics_2025-11-10-15-20-31fa1783ff.yaml,/workspaces/HIAAC-KR-Dev-Container/Minerva-Exps/benchmarks/experiments/paper_daghar_supervised_3runs_perlr_samples_down_seed_resnetse5_12345/logs/id_10b2391ab39b/final/run_2025-11-10-15-20-31fa1783ff.yaml,0.5096450448036194,0.6121695637702942,0.42242294549942017,0.5096450448036194,0.5096450448036194,0.6121695637702942
train_resnetse5,id_ea90382fe0f7,,completed,0,False,id_a619266c470c,supervised,resnetse5,full_finetune_lr4,id_1bbf2a0cd7dc,multimodal_df,daghar_standardized_balanced,rw_waist,train,config_0,multimodal_samples_025_2,id_7d268895569b,har,train,full_run,/workspaces/HIAAC-KR-Dev-Container/Minerva-Exps/benchmarks/experiments/paper_daghar_supervised_3runs_perlr_samples_down_seed_resnetse5_12345/logs/id_ea90382fe0f7/final,,,,,,,,,
evaluate_resnetse5,id_627ac716e333,id_6f3d5b2dd9fe,completed,1,True,id_3f47675df06f,supervised,resnetse5,full_finetune_lr5,id_42a54c9a7058,multimodal_df,daghar_standardized_balanced,uci,test,,multimodal_perc_100,id_daa7333eb2f8,har,evaluate,full_run,/workspaces/HIAAC-KR-Dev-Container/Minerva-Exps/benchmarks/experiments/paper_daghar_supervised_3runs_perlr_samples_down_seed_resnetse5_12345/logs/id_627ac716e333/final,0740581469,/workspaces/HIAAC-KR-Dev-Container/Minerva-Exps/benchmarks/experiments/paper_daghar_supervised_3runs_perlr_samples_down_seed_resnetse5_12345/logs/id_627ac716e333/final/metrics_2025-11-10-15-55-0740581469.yaml,/workspaces/HIAAC-KR-Dev-Container/Minerva-Exps/benchmarks/experiments/paper_daghar_supervised_3runs_perlr_samples_down_seed_resnetse5_12345/logs/id_627ac716e333/final/run_2025-11-10-15-55-0740581469.yaml,0.7985507249832153,0.798865795135498,0.7903399467468262,0.7985507249832153,0.7985507249832153,0.798865795135498
evaluate_resnetse5,id_af2bc1573389,id_76b52a23a76d,completed,1,True,id_a619266c470c,supervised,resnetse5,full_finetune_lr4,id_922b1cbf3e91,multimodal_df,daghar_standardized_balanced,rw_waist,test,,multimodal_perc_100,id_daa7333eb2f8,har,evaluate,full_run,/workspaces/HIAAC-KR-Dev-Container/Minerva-Exps/benchmarks/experiments/paper_daghar_supervised_3runs_perlr_samples_down_seed_resnetse5_12345/logs/id_af2bc1573389/final,15acdfa042,/workspaces/HIAAC-KR-Dev-Container/Minerva-Exps/benchmarks/experiments/paper_daghar_supervised_3runs_perlr_samples_down_seed_resnetse5_12345/logs/id_af2bc1573389/final/metrics_2025-11-10-16-28-15acdfa042.yaml,/workspaces/HIAAC-KR-Dev-Container/Minerva-Exps/benchmarks/experiments/paper_daghar_supervised_3runs_perlr_samples_down_seed_resnetse5_12345/logs/id_af2bc1573389/final/run_2025-11-10-16-28-15acdfa042.yaml,0.6531635522842407,0.6175880432128906,0.6075331568717957,0.6531635522842407,0.6531635522842407,0.6175880432128906
train_resnetse5,id_7b3029b592a7,,completed,0,False,id_01c6663a52ec,supervised,resnetse5,full_finetune_lr3,id_a4bdc43c44df,multimodal_df,daghar_standardized_balanced,wisdm,train,config_0,multimodal_samples_010,id_7d268895569b,har,train,full_run,/workspaces/HIAAC-KR-Dev-Container/Minerva-Exps/benchmarks/experiments/paper_daghar_supervised_3runs_perlr_samples_down_seed_resnetse5_12345/logs/id_7b3029b592a7/final,,,,,,,,,
train_resnetse5,id_b04354c37e88,,completed,0,False,id_01c6663a52ec,supervised,resnetse5,full_finetune_lr3,id_8eaba78f5c3b,multimodal_df,daghar_standardized_balanced,kuhar,train,config_0,multimodal_samples_025_3,id_7d268895569b,har,train,full_run,/workspaces/HIAAC-KR-Dev-Container/Minerva-Exps/benchmarks/experiments/paper_daghar_supervised_3runs_perlr_samples_down_seed_resnetse5_12345/logs/id_b04354c37e88/final,,,,,,,,,
evaluate_resnetse5,id_ba28910c8aba,id_ebaf0f6a5ab2,completed,1,True,id_3f47675df06f,supervised,resnetse5,full_finetune_lr5,id_0b6444347efc,multimodal_df,daghar_standardized_balanced,uci,test,,multimodal_perc_100,id_daa7333eb2f8,har,evaluate,full_run,/workspaces/HIAAC-KR-Dev-Container/Minerva-Exps/benchmarks/experiments/paper_daghar_supervised_3runs_perlr_samples_down_seed_resnetse5_12345/logs/id_ba28910c8aba/final,15f4a88e7d,/workspaces/HIAAC-KR-Dev-Container/Minerva-Exps/benchmarks/experiments/paper_daghar_supervised_3runs_perlr_samples_down_seed_resnetse5_12345/logs/id_ba28910c8aba/final/metrics_2025-11-10-16-33-15f4a88e7d.yaml,/workspaces/HIAAC-KR-Dev-Container/Minerva-Exps/benchmarks/experiments/paper_daghar_supervised_3runs_perlr_samples_down_seed_resnetse5_12345/logs/id_ba28910c8aba/final/run_2025-11-10-16-33-15f4a88e7d.yaml,0.5666666626930237,0.6469157338142395,0.46320104598999023,0.5666666626930237,0.5666666626930237,0.5175325870513916
evaluate_resnetse5,id_348dfce678a6,id_7b6e9ad8e4e3,completed,1,True,id_612c26209f9f,supervised,resnetse5,full_finetune_lr2,id_d79bfe17e192,multimodal_df,daghar_standardized_balanced,motionsense,test,,multimodal_perc_100,id_daa7333eb2f8,har,evaluate,full_run,/workspaces/HIAAC-KR-Dev-Container/Minerva-Exps/benchmarks/experiments/paper_daghar_supervised_3runs_perlr_samples_down_seed_resnetse5_12345/logs/id_348dfce678a6/final,562ba0a2a1,/workspaces/HIAAC-KR-Dev-Container/Minerva-Exps/benchmarks/experiments/paper_daghar_supervised_3runs_perlr_samples_down_seed_resnetse5_12345/logs/id_348dfce678a6/final/metrics_2025-11-10-15-34-562ba0a2a1.yaml,/workspaces/HIAAC-KR-Dev-Container/Minerva-Exps/benchmarks/experiments/paper_daghar_supervised_3runs_perlr_samples_down_seed_resnetse5_12345/logs/id_348dfce678a6/final/run_2025-11-10-15-34-562ba0a2a1.yaml,0.6996233463287354,0.7499917149543762,0.655034601688385,0.6996233463287354,0.6996234059333801,0.7499917149543762
train_resnetse5,id_879514d5ad90,,completed,0,False,id_a619266c470c,supervised,resnetse5,full_finetune_lr4,id_5ae71f56cac1,multimodal_df,daghar_standardized_balanced,kuhar,train,config_0,multimodal_perc_100_2,id_7d268895569b,har,train,full_run,/workspaces/HIAAC-KR-Dev-Container/Minerva-Exps/benchmarks/experiments/paper_daghar_supervised_3runs_perlr_samples_down_seed_resnetse5_12345/logs/id_879514d5ad90/final,,,,,,,,,
train_resnetse5,id_2e388f4d5a8f,,completed,0,False,id_a619266c470c,supervised,resnetse5,full_finetune_lr4,id_179104ace6c0,multimodal_df,daghar_standardized_balanced,kuhar,train,config_0,multimodal_samples_025_2,id_7d268895569b,har,train,full_run,/workspaces/HIAAC-KR-Dev-Container/Minerva-Exps/benchmarks/experiments/paper_daghar_supervised_3runs_perlr_samples_down_seed_resnetse5_12345/logs/id_2e388f4d5a8f/final,,,,,,,,,
train_resnetse5,id_a711485d36a8,,completed,0,False,id_a619266c470c,supervised,resnetse5,full_finetune_lr4,id_aab211c92197,multimodal_df,daghar_standardized_balanced,rw_waist,train,config_0,multimodal_samples_005_3,id_7d268895569b,har,train,full_run,/workspaces/HIAAC-KR-Dev-Container/Minerva-Exps/benchmarks/experiments/paper_daghar_supervised_3runs_perlr_samples_down_seed_resnetse5_12345/logs/id_a711485d36a8/final,,,,,,,,,
train_resnetse5,id_51921fd5ee8c,,completed,0,False,id_612c26209f9f,supervised,resnetse5,full_finetune_lr2,id_88b17060c225,multimodal_df,daghar_standardized_balanced,wisdm,train,config_0,multimodal_samples_100_2,id_7d268895569b,har,train,full_run,/workspaces/HIAAC-KR-Dev-Container/Minerva-Exps/benchmarks/experiments/paper_daghar_supervised_3runs_perlr_samples_down_seed_resnetse5_12345/logs/id_51921fd5ee8c/final,,,,,,,,,
evaluate_resnetse5,id_3b473e5b7577,id_535735d80f3e,completed,1,True,id_51a779f741ee,supervised,resnetse5,full_finetune_lr1,id_aa74f85c55d8,multimodal_df,daghar_standardized_balanced,motionsense,test,,multimodal_perc_100,id_daa7333eb2f8,har,evaluate,full_run,/workspaces/HIAAC-KR-Dev-Container/Minerva-Exps/benchmarks/experiments/paper_daghar_supervised_3runs_perlr_samples_down_seed_resnetse5_12345/logs/id_3b473e5b7577/final,05d872307b,/workspaces/HIAAC-KR-Dev-Container/Minerva-Exps/benchmarks/experiments/paper_daghar_supervised_3runs_perlr_samples_down_seed_resnetse5_12345/logs/id_3b473e5b7577/final/metrics_2025-11-10-15-37-05d872307b.yaml,/workspaces/HIAAC-KR-Dev-Container/Minerva-Exps/benchmarks/experiments/paper_daghar_supervised_3runs_perlr_samples_down_seed_resnetse5_12345/logs/id_3b473e5b7577/final/run_2025-11-10-15-37-05d872307b.yaml,0.8088512420654297,0.8359770774841309,0.7558897733688354,0.8088512420654297,0.8088511824607849,0.8359771370887756
evaluate_resnetse5,id_a442e4e4cf7c,id_bd0357430229,completed,1,True,id_612c26209f9f,supervised,resnetse5,full_finetune_lr2,id_9df44531c7bb,multimodal_df,daghar_standardized_balanced,motionsense,test,,multimodal_perc_100,id_daa7333eb2f8,har,evaluate,full_run,/workspaces/HIAAC-KR-Dev-Container/Minerva-Exps/benchmarks/experiments/paper_daghar_supervised_3runs_perlr_samples_down_seed_resnetse5_12345/logs/id_a442e4e4cf7c/final,3822769a43,/workspaces/HIAAC-KR-Dev-Container/Minerva-Exps/benchmarks/experiments/paper_daghar_supervised_3runs_perlr_samples_down_seed_resnetse5_12345/logs/id_a442e4e4cf7c/final/metrics_2025-11-10-16-23-3822769a43.yaml,/workspaces/HIAAC-KR-Dev-Container/Minerva-Exps/benchmarks/experiments/paper_daghar_supervised_3runs_perlr_samples_down_seed_resnetse5_12345/logs/id_a442e4e4cf7c/final/run_2025-11-10-16-23-3822769a43.yaml,0.7815442681312561,0.8444828987121582,0.7368789911270142,0.7815442681312561,0.7815442681312561,0.8444828987121582
evaluate_resnetse5,id_b42472682457,id_545ce1ced1a7,completed,1,True,id_612c26209f9f,supervised,resnetse5,full_finetune_lr2,id_2299b922b3b8,multimodal_df,daghar_standardized_balanced,wisdm,test,,multimodal_perc_100,id_daa7333eb2f8,har,evaluate,full_run,/workspaces/HIAAC-KR-Dev-Container/Minerva-Exps/benchmarks/experiments/paper_daghar_supervised_3runs_perlr_samples_down_seed_resnetse5_12345/logs/id_b42472682457/final,54c632ca89,/workspaces/HIAAC-KR-Dev-Container/Minerva-Exps/benchmarks/experiments/paper_daghar_supervised_3runs_perlr_samples_down_seed_resnetse5_12345/logs/id_b42472682457/final/metrics_2025-11-10-16-29-54c632ca89.yaml,/workspaces/HIAAC-KR-Dev-Container/Minerva-Exps/benchmarks/experiments/paper_daghar_supervised_3runs_perlr_samples_down_seed_resnetse5_12345/logs/id_b42472682457/final/run_2025-11-10-16-29-54c632ca89.yaml,0.7373272180557251,0.8138628602027893,0.6534662842750549,0.7373272180557251,0.7373271584510803,0.6103971600532532
evaluate_resnetse5,id_a370fcd3cf6d,id_8a4da0791bc0,completed,1,True,id_612c26209f9f,supervised,resnetse5,full_finetune_lr2,id_f06fbe88cb34,multimodal_df,daghar_standardized_balanced,rw_waist,test,,multimodal_perc_100,id_daa7333eb2f8,har,evaluate,full_run,/workspaces/HIAAC-KR-Dev-Container/Minerva-Exps/benchmarks/experiments/paper_daghar_supervised_3runs_perlr_samples_down_seed_resnetse5_12345/logs/id_a370fcd3cf6d/final,1382b349cd,/workspaces/HIAAC-KR-Dev-Container/Minerva-Exps/benchmarks/experiments/paper_daghar_supervised_3runs_perlr_samples_down_seed_resnetse5_12345/logs/id_a370fcd3cf6d/final/metrics_2025-11-10-16-23-1382b349cd.yaml,/workspaces/HIAAC-KR-Dev-Container/Minerva-Exps/benchmarks/experiments/paper_daghar_supervised_3runs_perlr_samples_down_seed_resnetse5_12345/logs/id_a370fcd3cf6d/final/run_2025-11-10-16-23-1382b349cd.yaml,0.1666666716337204,0.1666666716337204,0.0476190485060215,0.1666666716337204,0.1666666716337204,0.02777777798473835
train_resnetse5,id_3e60a4692826,,completed,0,False,id_51a779f741ee,supervised,resnetse5,full_finetune_lr1,id_58f0d08fff7e,multimodal_df,daghar_standardized_balanced,rw_thigh,train,config_0,multimodal_samples_050_3,id_7d268895569b,har,train,full_run,/workspaces/HIAAC-KR-Dev-Container/Minerva-Exps/benchmarks/experiments/paper_daghar_supervised_3runs_perlr_samples_down_seed_resnetse5_12345/logs/id_3e60a4692826/final,,,,,,,,,
train_resnetse5,id_37de60dc2e4c,,completed,0,False,id_a619266c470c,supervised,resnetse5,full_finetune_lr4,id_e0ead58eab76,multimodal_df,daghar_standardized_balanced,kuhar,train,config_0,multimodal_samples_100_2,id_7d268895569b,har,train,full_run,/workspaces/HIAAC-KR-Dev-Container/Minerva-Exps/benchmarks/experiments/paper_daghar_supervised_3runs_perlr_samples_down_seed_resnetse5_12345/logs/id_37de60dc2e4c/final,,,,,,,,,
evaluate_resnetse5,id_0d1902852dfe,id_98b7789a50af,completed,1,True,id_01c6663a52ec,supervised,resnetse5,full_finetune_lr3,id_4dd10d8fb6f8,multimodal_df,daghar_standardized_balanced,rw_waist,test,,multimodal_perc_100,id_daa7333eb2f8,har,evaluate,full_run,/workspaces/HIAAC-KR-Dev-Container/Minerva-Exps/benchmarks/experiments/paper_daghar_supervised_3runs_perlr_samples_down_seed_resnetse5_12345/logs/id_0d1902852dfe/final,27c72af564,/workspaces/HIAAC-KR-Dev-Container/Minerva-Exps/benchmarks/experiments/paper_daghar_supervised_3runs_perlr_samples_down_seed_resnetse5_12345/logs/id_0d1902852dfe/final/metrics_2025-11-10-15-18-27c72af564.yaml,/workspaces/HIAAC-KR-Dev-Container/Minerva-Exps/benchmarks/experiments/paper_daghar_supervised_3runs_perlr_samples_down_seed_resnetse5_12345/logs/id_0d1902852dfe/final/run_2025-11-10-15-18-27c72af564.yaml,0.6439043283462524,0.6091796159744263,0.5959604382514954,0.6439043283462524,0.6439043283462524,0.6091796159744263
evaluate_resnetse5,id_83ee13f80614,id_b76b227093b7,completed,1,True,id_51a779f741ee,supervised,resnetse5,full_finetune_lr1,id_b2a494b42880,multimodal_df,daghar_standardized_balanced,wisdm,test,,multimodal_perc_100,id_daa7333eb2f8,har,evaluate,full_run,/workspaces/HIAAC-KR-Dev-Container/Minerva-Exps/benchmarks/experiments/paper_daghar_supervised_3runs_perlr_samples_down_seed_resnetse5_12345/logs/id_83ee13f80614/final,325cce1e6a,/workspaces/HIAAC-KR-Dev-Container/Minerva-Exps/benchmarks/experiments/paper_daghar_supervised_3runs_perlr_samples_down_seed_resnetse5_12345/logs/id_83ee13f80614/final/metrics_2025-11-10-16-09-325cce1e6a.yaml,/workspaces/HIAAC-KR-Dev-Container/Minerva-Exps/benchmarks/experiments/paper_daghar_supervised_3runs_perlr_samples_down_seed_resnetse5_12345/logs/id_83ee13f80614/final/run_2025-11-10-16-09-325cce1e6a.yaml,0.6532257795333862,0.6337146162986755,0.567115843296051,0.6532257795333862,0.6532257795333862,0.6337146162986755
train_resnetse5,id_101f9d7fce90,,completed,0,False,id_612c26209f9f,supervised,resnetse5,full_finetune_lr2,id_a4bdc43c44df,multimodal_df,daghar_standardized_balanced,wisdm,train,config_0,multimodal_samples_010,id_7d268895569b,har,train,full_run,/workspaces/HIAAC-KR-Dev-Container/Minerva-Exps/benchmarks/experiments/paper_daghar_supervised_3runs_perlr_samples_down_seed_resnetse5_12345/logs/id_101f9d7fce90/final,,,,,,,,,
train_resnetse5,id_3212a4374af1,,completed,0,False,id_51a779f741ee,supervised,resnetse5,full_finetune_lr1,id_6dc44c345419,multimodal_df,daghar_standardized_balanced,rw_waist,train,config_0,multimodal_samples_025,id_7d268895569b,har,train,full_run,/workspaces/HIAAC-KR-Dev-Container/Minerva-Exps/benchmarks/experiments/paper_daghar_supervised_3runs_perlr_samples_down_seed_resnetse5_12345/logs/id_3212a4374af1/final,,,,,,,,,
evaluate_resnetse5,id_c17797c9d865,id_91d8a11f6a43,completed,1,True,id_a619266c470c,supervised,resnetse5,full_finetune_lr4,id_e7cc9fbfcb44,multimodal_df,daghar_standardized_balanced,rw_waist,test,,multimodal_perc_100,id_daa7333eb2f8,har,evaluate,full_run,/workspaces/HIAAC-KR-Dev-Container/Minerva-Exps/benchmarks/experiments/paper_daghar_supervised_3runs_perlr_samples_down_seed_resnetse5_12345/logs/id_c17797c9d865/final,398b148cc2,/workspaces/HIAAC-KR-Dev-Container/Minerva-Exps/benchmarks/experiments/paper_daghar_supervised_3runs_perlr_samples_down_seed_resnetse5_12345/logs/id_c17797c9d865/final/metrics_2025-11-10-16-36-398b148cc2.yaml,/workspaces/HIAAC-KR-Dev-Container/Minerva-Exps/benchmarks/experiments/paper_daghar_supervised_3runs_perlr_samples_down_seed_resnetse5_12345/logs/id_c17797c9d865/final/run_2025-11-10-16-36-398b148cc2.yaml,0.6824845671653748,0.7158921360969543,0.6564689874649048,0.6824845671653748,0.68248450756073,0.7158920764923096
train_resnetse5,id_f846671bb614,,completed,0,False,id_612c26209f9f,supervised,resnetse5,full_finetune_lr2,id_a217c54dba62,multimodal_df,daghar_standardized_balanced,wisdm,train,config_0,multimodal_samples_200,id_7d268895569b,har,train,full_run,/workspaces/HIAAC-KR-Dev-Container/Minerva-Exps/benchmarks/experiments/paper_daghar_supervised_3runs_perlr_samples_down_seed_resnetse5_12345/logs/id_f846671bb614/final,,,,,,,,,
train_resnetse5,id_7d6578b3605f,,completed,0,False,id_51a779f741ee,supervised,resnetse5,full_finetune_lr1,id_2b43c6cb6c29,multimodal_df,daghar_standardized_balanced,motionsense,train,config_0,multimodal_samples_001_3,id_7d268895569b,har,train,full_run,/workspaces/HIAAC-KR-Dev-Container/Minerva-Exps/benchmarks/experiments/paper_daghar_supervised_3runs_perlr_samples_down_seed_resnetse5_12345/logs/id_7d6578b3605f/final,,,,,,,,,
evaluate_resnetse5,id_96922def741f,id_aa7fc335ccea,completed,1,True,id_612c26209f9f,supervised,resnetse5,full_finetune_lr2,id_cc01e43eb008,multimodal_df,daghar_standardized_balanced,rw_waist,test,,multimodal_perc_100,id_daa7333eb2f8,har,evaluate,full_run,/workspaces/HIAAC-KR-Dev-Container/Minerva-Exps/benchmarks/experiments/paper_daghar_supervised_3runs_perlr_samples_down_seed_resnetse5_12345/logs/id_96922def741f/final,13e76128b4,/workspaces/HIAAC-KR-Dev-Container/Minerva-Exps/benchmarks/experiments/paper_daghar_supervised_3runs_perlr_samples_down_seed_resnetse5_12345/logs/id_96922def741f/final/metrics_2025-11-10-16-17-13e76128b4.yaml,/workspaces/HIAAC-KR-Dev-Container/Minerva-Exps/benchmarks/experiments/paper_daghar_supervised_3runs_perlr_samples_down_seed_resnetse5_12345/logs/id_96922def741f/final/run_2025-11-10-16-17-13e76128b4.yaml,0.7646604776382446,0.8128374218940735,0.7564078569412231,0.7646604776382446,0.7646604776382446,0.8128373622894287
evaluate_resnetse5,id_2610f04600f8,id_04c317b273f9,completed,1,True,id_01c6663a52ec,supervised,resnetse5,full_finetune_lr3,id_a6c758571924,multimodal_df,daghar_standardized_balanced,motionsense,test,,multimodal_perc_100,id_daa7333eb2f8,har,evaluate,full_run,/workspaces/HIAAC-KR-Dev-Container/Minerva-Exps/benchmarks/experiments/paper_daghar_supervised_3runs_perlr_samples_down_seed_resnetse5_12345/logs/id_2610f04600f8/final,44cc6ccb09,/workspaces/HIAAC-KR-Dev-Container/Minerva-Exps/benchmarks/experiments/paper_daghar_supervised_3runs_perlr_samples_down_seed_resnetse5_12345/logs/id_2610f04600f8/final/metrics_2025-11-10-15-29-44cc6ccb09.yaml,/workspaces/HIAAC-KR-Dev-Container/Minerva-Exps/benchmarks/experiments/paper_daghar_supervised_3runs_perlr_samples_down_seed_resnetse5_12345/logs/id_2610f04600f8/final/run_2025-11-10-15-29-44cc6ccb09.yaml,0.9199623465538025,0.9239130020141602,0.9201821684837341,0.9199623465538025,0.9199622869491577,0.9239129424095154
train_resnetse5,id_d436ed71bec3,,completed,0,False,id_51a779f741ee,supervised,resnetse5,full_finetune_lr1,id_65ee89aa2e13,multimodal_df,daghar_standardized_balanced,uci,train,config_0,multimodal_samples_100,id_7d268895569b,har,train,full_run,/workspaces/HIAAC-KR-Dev-Container/Minerva-Exps/benchmarks/experiments/paper_daghar_supervised_3runs_perlr_samples_down_seed_resnetse5_12345/logs/id_d436ed71bec3/final,,,,,,,,,
train_resnetse5,id_b2900d9fa42b,,completed,0,False,id_51a779f741ee,supervised,resnetse5,full_finetune_lr1,id_e627a7ff3b82,multimodal_df,daghar_standardized_balanced,rw_waist,train,config_0,multimodal_samples_200_3,id_7d268895569b,har,train,full_run,/workspaces/HIAAC-KR-Dev-Container/Minerva-Exps/benchmarks/experiments/paper_daghar_supervised_3runs_perlr_samples_down_seed_resnetse5_12345/logs/id_b2900d9fa42b/final,,,,,,,,,
train_resnetse5,id_d86c0061c4b2,,completed,0,False,id_01c6663a52ec,supervised,resnetse5,full_finetune_lr3,id_e6b257557292,multimodal_df,daghar_standardized_balanced,rw_waist,train,config_0,multimodal_perc_100_2,id_7d268895569b,har,train,full_run,/workspaces/HIAAC-KR-Dev-Container/Minerva-Exps/benchmarks/experiments/paper_daghar_supervised_3runs_perlr_samples_down_seed_resnetse5_12345/logs/id_d86c0061c4b2/final,,,,,,,,,
evaluate_resnetse5,id_f89d65446cc5,id_be532fdb5bc3,completed,1,True,id_51a779f741ee,supervised,resnetse5,full_finetune_lr1,id_e16618f7bbf9,multimodal_df,daghar_standardized_balanced,wisdm,test,,multimodal_perc_100,id_daa7333eb2f8,har,evaluate,full_run,/workspaces/HIAAC-KR-Dev-Container/Minerva-Exps/benchmarks/experiments/paper_daghar_supervised_3runs_perlr_samples_down_seed_resnetse5_12345/logs/id_f89d65446cc5/final,45b29e004d,/workspaces/HIAAC-KR-Dev-Container/Minerva-Exps/benchmarks/experiments/paper_daghar_supervised_3runs_perlr_samples_down_seed_resnetse5_12345/logs/id_f89d65446cc5/final/metrics_2025-11-10-17-02-45b29e004d.yaml,/workspaces/HIAAC-KR-Dev-Container/Minerva-Exps/benchmarks/experiments/paper_daghar_supervised_3runs_perlr_samples_down_seed_resnetse5_12345/logs/id_f89d65446cc5/final/run_2025-11-10-17-02-45b29e004d.yaml,0.6536098122596741,0.6502729654312134,0.6258444786071777,0.6536098122596741,0.6536098718643188,0.6502729654312134
evaluate_resnetse5,id_ce67a357367a,id_29bd2b5f0d49,completed,1,True,id_01c6663a52ec,supervised,resnetse5,full_finetune_lr3,id_420d16951f62,multimodal_df,daghar_standardized_balanced,uci,test,,multimodal_perc_100,id_daa7333eb2f8,har,evaluate,full_run,/workspaces/HIAAC-KR-Dev-Container/Minerva-Exps/benchmarks/experiments/paper_daghar_supervised_3runs_perlr_samples_down_seed_resnetse5_12345/logs/id_ce67a357367a/final,0367bc9c12,/workspaces/HIAAC-KR-Dev-Container/Minerva-Exps/benchmarks/experiments/paper_daghar_supervised_3runs_perlr_samples_down_seed_resnetse5_12345/logs/id_ce67a357367a/final/metrics_2025-11-10-16-42-0367bc9c12.yaml,/workspaces/HIAAC-KR-Dev-Container/Minerva-Exps/benchmarks/experiments/paper_daghar_supervised_3runs_perlr_samples_down_seed_resnetse5_12345/logs/id_ce67a357367a/final/run_2025-11-10-16-42-0367bc9c12.yaml,0.447826087474823,0.4575781226158142,0.34321531653404236,0.447826087474823,0.447826087474823,0.3660624921321869
evaluate_resnetse5,id_1f0900fcfd19,id_f6695de9de90,completed,1,True,id_a619266c470c,supervised,resnetse5,full_finetune_lr4,id_0e2b77b61f90,multimodal_df,daghar_standardized_balanced,motionsense,test,,multimodal_perc_100,id_daa7333eb2f8,har,evaluate,full_run,/workspaces/HIAAC-KR-Dev-Container/Minerva-Exps/benchmarks/experiments/paper_daghar_supervised_3runs_perlr_samples_down_seed_resnetse5_12345/logs/id_1f0900fcfd19/final,269e4a1563,/workspaces/HIAAC-KR-Dev-Container/Minerva-Exps/benchmarks/experiments/paper_daghar_supervised_3runs_perlr_samples_down_seed_resnetse5_12345/logs/id_1f0900fcfd19/final/metrics_2025-11-10-15-27-269e4a1563.yaml,/workspaces/HIAAC-KR-Dev-Container/Minerva-Exps/benchmarks/experiments/paper_daghar_supervised_3runs_perlr_samples_down_seed_resnetse5_12345/logs/id_1f0900fcfd19/final/run_2025-11-10-15-27-269e4a1563.yaml,0.8013182878494263,0.8825886845588684,0.7526777982711792,0.8013182878494263,0.8013182282447815,0.8825886845588684
train_resnetse5,id_0c5dd5411190,,completed,0,False,id_a619266c470c,supervised,resnetse5,full_finetune_lr4,id_22326f4c2dcc,multimodal_df,daghar_standardized_balanced,wisdm,train,config_0,multimodal_samples_050,id_7d268895569b,har,train,full_run,/workspaces/HIAAC-KR-Dev-Container/Minerva-Exps/benchmarks/experiments/paper_daghar_supervised_3runs_perlr_samples_down_seed_resnetse5_12345/logs/id_0c5dd5411190/final,,,,,,,,,
evaluate_resnetse5,id_1ea761b2f2bf,id_e4d015bbb42d,completed,1,True,id_612c26209f9f,supervised,resnetse5,full_finetune_lr2,id_c10d4d9eb345,multimodal_df,daghar_standardized_balanced,kuhar,test,,multimodal_perc_100,id_daa7333eb2f8,har,evaluate,full_run,/workspaces/HIAAC-KR-Dev-Container/Minerva-Exps/benchmarks/experiments/paper_daghar_supervised_3runs_perlr_samples_down_seed_resnetse5_12345/logs/id_1ea761b2f2bf/final,16727b6ed3,/workspaces/HIAAC-KR-Dev-Container/Minerva-Exps/benchmarks/experiments/paper_daghar_supervised_3runs_perlr_samples_down_seed_resnetse5_12345/logs/id_1ea761b2f2bf/final/metrics_2025-11-10-15-27-16727b6ed3.yaml,/workspaces/HIAAC-KR-Dev-Container/Minerva-Exps/benchmarks/experiments/paper_daghar_supervised_3runs_perlr_samples_down_seed_resnetse5_12345/logs/id_1ea761b2f2bf/final/run_2025-11-10-15-27-16727b6ed3.yaml,0.4930555522441864,0.5483660101890564,0.4003205895423889,0.4930555522441864,0.4930555522441864,0.456971675157547
train_resnetse5,id_d06e281ce048,,completed,0,False,id_51a779f741ee,supervised,resnetse5,full_finetune_lr1,id_9dd4c9a25077,multimodal_df,daghar_standardized_balanced,motionsense,train,config_0,multimodal_samples_200,id_7d268895569b,har,train,full_run,/workspaces/HIAAC-KR-Dev-Container/Minerva-Exps/benchmarks/experiments/paper_daghar_supervised_3runs_perlr_samples_down_seed_resnetse5_12345/logs/id_d06e281ce048/final,,,,,,,,,
train_resnetse5,id_8367bbfcab4f,,completed,0,False,id_51a779f741ee,supervised,resnetse5,full_finetune_lr1,id_e6b257557292,multimodal_df,daghar_standardized_balanced,rw_waist,train,config_0,multimodal_perc_100_2,id_7d268895569b,har,train,full_run,/workspaces/HIAAC-KR-Dev-Container/Minerva-Exps/benchmarks/experiments/paper_daghar_supervised_3runs_perlr_samples_down_seed_resnetse5_12345/logs/id_8367bbfcab4f/final,,,,,,,,,
train_resnetse5,id_69aab22a6773,,completed,0,False,id_01c6663a52ec,supervised,resnetse5,full_finetune_lr3,id_6350f6340249,multimodal_df,daghar_standardized_balanced,kuhar,train,config_0,multimodal_samples_005_2,id_7d268895569b,har,train,full_run,/workspaces/HIAAC-KR-Dev-Container/Minerva-Exps/benchmarks/experiments/paper_daghar_supervised_3runs_perlr_samples_down_seed_resnetse5_12345/logs/id_69aab22a6773/final,,,,,,,,,
train_resnetse5,id_d93dd3c2c51e,,completed,0,False,id_51a779f741ee,supervised,resnetse5,full_finetune_lr1,id_d4c695219794,multimodal_df,daghar_standardized_balanced,rw_waist,train,config_0,multimodal_samples_010_3,id_7d268895569b,har,train,full_run,/workspaces/HIAAC-KR-Dev-Container/Minerva-Exps/benchmarks/experiments/paper_daghar_supervised_3runs_perlr_samples_down_seed_resnetse5_12345/logs/id_d93dd3c2c51e/final,,,,,,,,,
train_resnetse5,id_085267f274eb,,completed,0,False,id_51a779f741ee,supervised,resnetse5,full_finetune_lr1,id_e40d7f3591a5,multimodal_df,daghar_standardized_balanced,rw_thigh,train,config_0,multimodal_samples_010_3,id_7d268895569b,har,train,full_run,/workspaces/HIAAC-KR-Dev-Container/Minerva-Exps/benchmarks/experiments/paper_daghar_supervised_3runs_perlr_samples_down_seed_resnetse5_12345/logs/id_085267f274eb/final,,,,,,,,,
train_resnetse5,id_69b6ff1c51c3,,completed,0,False,id_01c6663a52ec,supervised,resnetse5,full_finetune_lr3,id_7d8dbca109bf,multimodal_df,daghar_standardized_balanced,motionsense,train,config_0,multimodal_perc_100_2,id_7d268895569b,har,train,full_run,/workspaces/HIAAC-KR-Dev-Container/Minerva-Exps/benchmarks/experiments/paper_daghar_supervised_3runs_perlr_samples_down_seed_resnetse5_12345/logs/id_69b6ff1c51c3/final,,,,,,,,,
evaluate_resnetse5,id_4f24abf9bb8c,id_d596fee34f68,completed,1,True,id_a619266c470c,supervised,resnetse5,full_finetune_lr4,id_7f4030e07e10,multimodal_df,daghar_standardized_balanced,rw_thigh,test,,multimodal_perc_100,id_daa7333eb2f8,har,evaluate,full_run,/workspaces/HIAAC-KR-Dev-Container/Minerva-Exps/benchmarks/experiments/paper_daghar_supervised_3runs_perlr_samples_down_seed_resnetse5_12345/logs/id_4f24abf9bb8c/final,01546fed5e,/workspaces/HIAAC-KR-Dev-Container/Minerva-Exps/benchmarks/experiments/paper_daghar_supervised_3runs_perlr_samples_down_seed_resnetse5_12345/logs/id_4f24abf9bb8c/final/metrics_2025-11-10-15-46-01546fed5e.yaml,/workspaces/HIAAC-KR-Dev-Container/Minerva-Exps/benchmarks/experiments/paper_daghar_supervised_3runs_perlr_samples_down_seed_resnetse5_12345/logs/id_4f24abf9bb8c/final/run_2025-11-10-15-46-01546fed5e.yaml,0.5707384347915649,0.5935989022254944,0.485786497592926,0.5707384347915649,0.5707384347915649,0.5935988426208496
train_resnetse5,id_d87b5acb5955,,completed,0,False,id_01c6663a52ec,supervised,resnetse5,full_finetune_lr3,id_d2bcc241477b,multimodal_df,daghar_standardized_balanced,uci,train,config_0,multimodal_samples_050_3,id_7d268895569b,har,train,full_run,/workspaces/HIAAC-KR-Dev-Container/Minerva-Exps/benchmarks/experiments/paper_daghar_supervised_3runs_perlr_samples_down_seed_resnetse5_12345/logs/id_d87b5acb5955/final,,,,,,,,,
train_resnetse5,id_546380850d19,,completed,0,False,id_a619266c470c,supervised,resnetse5,full_finetune_lr4,id_e7af70720e13,multimodal_df,daghar_standardized_balanced,kuhar,train,config_0,multimodal_samples_050_3,id_7d268895569b,har,train,full_run,/workspaces/HIAAC-KR-Dev-Container/Minerva-Exps/benchmarks/experiments/paper_daghar_supervised_3runs_perlr_samples_down_seed_resnetse5_12345/logs/id_546380850d19/final,,,,,,,,,
evaluate_resnetse5,id_e884a478f8c8,id_9110e45981c1,completed,1,True,id_3f47675df06f,supervised,resnetse5,full_finetune_lr5,id_5c2b64b69df4,multimodal_df,daghar_standardized_balanced,kuhar,test,,multimodal_perc_100,id_daa7333eb2f8,har,evaluate,full_run,/workspaces/HIAAC-KR-Dev-Container/Minerva-Exps/benchmarks/experiments/paper_daghar_supervised_3runs_perlr_samples_down_seed_resnetse5_12345/logs/id_e884a478f8c8/final,34c19673c4,/workspaces/HIAAC-KR-Dev-Container/Minerva-Exps/benchmarks/experiments/paper_daghar_supervised_3runs_perlr_samples_down_seed_resnetse5_12345/logs/id_e884a478f8c8/final/metrics_2025-11-10-16-55-34c19673c4.yaml,/workspaces/HIAAC-KR-Dev-Container/Minerva-Exps/benchmarks/experiments/paper_daghar_supervised_3runs_perlr_samples_down_seed_resnetse5_12345/logs/id_e884a478f8c8/final/run_2025-11-10-16-55-34c19673c4.yaml,0.1666666716337204,0.1666666716337204,0.0476190485060215,0.1666666716337204,0.1666666716337204,0.02777777798473835
train_resnetse5,id_7b9f433f5d94,,completed,0,False,id_612c26209f9f,supervised,resnetse5,full_finetune_lr2,id_d9dc7844fd8b,multimodal_df,daghar_standardized_balanced,uci,train,config_0,multimodal_samples_050_2,id_7d268895569b,har,train,full_run,/workspaces/HIAAC-KR-Dev-Container/Minerva-Exps/benchmarks/experiments/paper_daghar_supervised_3runs_perlr_samples_down_seed_resnetse5_12345/logs/id_7b9f433f5d94/final,,,,,,,,,
evaluate_resnetse5,id_99d84b447425,id_b4045a4cf0ae,completed,1,True,id_51a779f741ee,supervised,resnetse5,full_finetune_lr1,id_9eaadd7e896e,multimodal_df,daghar_standardized_balanced,wisdm,test,,multimodal_perc_100,id_daa7333eb2f8,har,evaluate,full_run,/workspaces/HIAAC-KR-Dev-Container/Minerva-Exps/benchmarks/experiments/paper_daghar_supervised_3runs_perlr_samples_down_seed_resnetse5_12345/logs/id_99d84b447425/final,5828b3c9d0,/workspaces/HIAAC-KR-Dev-Container/Minerva-Exps/benchmarks/experiments/paper_daghar_supervised_3runs_perlr_samples_down_seed_resnetse5_12345/logs/id_99d84b447425/final/metrics_2025-11-10-16-18-5828b3c9d0.yaml,/workspaces/HIAAC-KR-Dev-Container/Minerva-Exps/benchmarks/experiments/paper_daghar_supervised_3runs_perlr_samples_down_seed_resnetse5_12345/logs/id_99d84b447425/final/run_2025-11-10-16-18-5828b3c9d0.yaml,0.41628265380859375,0.32017064094543457,0.3430611193180084,0.41628265380859375,0.41628265380859375,0.32017064094543457
train_resnetse5,id_81388d8b7649,,completed,0,False,id_3f47675df06f,supervised,resnetse5,full_finetune_lr5,id_88b17060c225,multimodal_df,daghar_standardized_balanced,wisdm,train,config_0,multimodal_samples_100_2,id_7d268895569b,har,train,full_run,/workspaces/HIAAC-KR-Dev-Container/Minerva-Exps/benchmarks/experiments/paper_daghar_supervised_3runs_perlr_samples_down_seed_resnetse5_12345/logs/id_81388d8b7649/final,,,,,,,,,
train_resnetse5,id_b76b227093b7,,completed,0,False,id_51a779f741ee,supervised,resnetse5,full_finetune_lr1,id_1a725c88d879,multimodal_df,daghar_standardized_balanced,wisdm,train,config_0,multimodal_samples_025_2,id_7d268895569b,har,train,full_run,/workspaces/HIAAC-KR-Dev-Container/Minerva-Exps/benchmarks/experiments/paper_daghar_supervised_3runs_perlr_samples_down_seed_resnetse5_12345/logs/id_b76b227093b7/final,,,,,,,,,
train_resnetse5,id_c99c4ed3929f,,completed,0,False,id_01c6663a52ec,supervised,resnetse5,full_finetune_lr3,id_0bda4f0f9489,multimodal_df,daghar_standardized_balanced,motionsense,train,config_0,multimodal_samples_005,id_7d268895569b,har,train,full_run,/workspaces/HIAAC-KR-Dev-Container/Minerva-Exps/benchmarks/experiments/paper_daghar_supervised_3runs_perlr_samples_down_seed_resnetse5_12345/logs/id_c99c4ed3929f/final,,,,,,,,,
evaluate_resnetse5,id_1da48ebb5ec8,id_447d8f6c2328,completed,1,True,id_a619266c470c,supervised,resnetse5,full_finetune_lr4,id_f12acfbb0df5,multimodal_df,daghar_standardized_balanced,kuhar,test,,multimodal_perc_100,id_daa7333eb2f8,har,evaluate,full_run,/workspaces/HIAAC-KR-Dev-Container/Minerva-Exps/benchmarks/experiments/paper_daghar_supervised_3runs_perlr_samples_down_seed_resnetse5_12345/logs/id_1da48ebb5ec8/final,5387f9e306,/workspaces/HIAAC-KR-Dev-Container/Minerva-Exps/benchmarks/experiments/paper_daghar_supervised_3runs_perlr_samples_down_seed_resnetse5_12345/logs/id_1da48ebb5ec8/final/metrics_2025-11-10-15-26-5387f9e306.yaml,/workspaces/HIAAC-KR-Dev-Container/Minerva-Exps/benchmarks/experiments/paper_daghar_supervised_3runs_perlr_samples_down_seed_resnetse5_12345/logs/id_1da48ebb5ec8/final/run_2025-11-10-15-26-5387f9e306.yaml,0.75,0.8092765808105469,0.6929646730422974,0.75,0.75,0.6743972301483154
train_resnetse5,id_b0085014cae2,,completed,0,False,id_01c6663a52ec,supervised,resnetse5,full_finetune_lr3,id_5f141c49960f,multimodal_df,daghar_standardized_balanced,motionsense,train,config_0,multimodal_samples_005_2,id_7d268895569b,har,train,full_run,/workspaces/HIAAC-KR-Dev-Container/Minerva-Exps/benchmarks/experiments/paper_daghar_supervised_3runs_perlr_samples_down_seed_resnetse5_12345/logs/id_b0085014cae2/final,,,,,,,,,
evaluate_resnetse5,id_9c1ffe7aa15e,id_bf244c7fd5e4,completed,1,True,id_51a779f741ee,supervised,resnetse5,full_finetune_lr1,id_f25979dfe211,multimodal_df,daghar_standardized_balanced,uci,test,,multimodal_perc_100,id_daa7333eb2f8,har,evaluate,full_run,/workspaces/HIAAC-KR-Dev-Container/Minerva-Exps/benchmarks/experiments/paper_daghar_supervised_3runs_perlr_samples_down_seed_resnetse5_12345/logs/id_9c1ffe7aa15e/final,08181a1eac,/workspaces/HIAAC-KR-Dev-Container/Minerva-Exps/benchmarks/experiments/paper_daghar_supervised_3runs_perlr_samples_down_seed_resnetse5_12345/logs/id_9c1ffe7aa15e/final/metrics_2025-11-10-16-20-08181a1eac.yaml,/workspaces/HIAAC-KR-Dev-Container/Minerva-Exps/benchmarks/experiments/paper_daghar_supervised_3runs_perlr_samples_down_seed_resnetse5_12345/logs/id_9c1ffe7aa15e/final/run_2025-11-10-16-20-08181a1eac.yaml,0.6391304135322571,0.6394503712654114,0.5826947093009949,0.6391304135322571,0.6391304731369019,0.6394503712654114
evaluate_resnetse5,id_554513d38517,id_44e994c82d40,completed,1,True,id_51a779f741ee,supervised,resnetse5,full_finetune_lr1,id_87f43aa82530,multimodal_df,daghar_standardized_balanced,rw_waist,test,,multimodal_perc_100,id_daa7333eb2f8,har,evaluate,full_run,/workspaces/HIAAC-KR-Dev-Container/Minerva-Exps/benchmarks/experiments/paper_daghar_supervised_3runs_perlr_samples_down_seed_resnetse5_12345/logs/id_554513d38517/final,03666d087e,/workspaces/HIAAC-KR-Dev-Container/Minerva-Exps/benchmarks/experiments/paper_daghar_supervised_3runs_perlr_samples_down_seed_resnetse5_12345/logs/id_554513d38517/final/metrics_2025-11-10-15-49-03666d087e.yaml,/workspaces/HIAAC-KR-Dev-Container/Minerva-Exps/benchmarks/experiments/paper_daghar_supervised_3runs_perlr_samples_down_seed_resnetse5_12345/logs/id_554513d38517/final/run_2025-11-10-15-49-03666d087e.yaml,0.698688268661499,0.7337870597839355,0.7066329717636108,0.698688268661499,0.698688268661499,0.7337870597839355
evaluate_resnetse5,id_8be5645b01bd,id_6b40d57e20a7,completed,1,True,id_01c6663a52ec,supervised,resnetse5,full_finetune_lr3,id_61e965712612,multimodal_df,daghar_standardized_balanced,rw_waist,test,,multimodal_perc_100,id_daa7333eb2f8,har,evaluate,full_run,/workspaces/HIAAC-KR-Dev-Container/Minerva-Exps/benchmarks/experiments/paper_daghar_supervised_3runs_perlr_samples_down_seed_resnetse5_12345/logs/id_8be5645b01bd/final,2929a35e45,/workspaces/HIAAC-KR-Dev-Container/Minerva-Exps/benchmarks/experiments/paper_daghar_supervised_3runs_perlr_samples_down_seed_resnetse5_12345/logs/id_8be5645b01bd/final/metrics_2025-11-10-16-12-2929a35e45.yaml,/workspaces/HIAAC-KR-Dev-Container/Minerva-Exps/benchmarks/experiments/paper_daghar_supervised_3runs_perlr_samples_down_seed_resnetse5_12345/logs/id_8be5645b01bd/final/run_2025-11-10-16-12-2929a35e45.yaml,0.6327160596847534,0.6448254585266113,0.5919503569602966,0.6327160596847534,0.6327160596847534,0.6448254585266113
evaluate_resnetse5,id_826eb13b9b74,id_adacbe7b5f39,completed,1,True,id_51a779f741ee,supervised,resnetse5,full_finetune_lr1,id_74b050a778ff,multimodal_df,daghar_standardized_balanced,kuhar,test,,multimodal_perc_100,id_daa7333eb2f8,har,evaluate,full_run,/workspaces/HIAAC-KR-Dev-Container/Minerva-Exps/benchmarks/experiments/paper_daghar_supervised_3runs_perlr_samples_down_seed_resnetse5_12345/logs/id_826eb13b9b74/final,192d295a0f,/workspaces/HIAAC-KR-Dev-Container/Minerva-Exps/benchmarks/experiments/paper_daghar_supervised_3runs_perlr_samples_down_seed_resnetse5_12345/logs/id_826eb13b9b74/final/metrics_2025-11-10-16-08-192d295a0f.yaml,/workspaces/HIAAC-KR-Dev-Container/Minerva-Exps/benchmarks/experiments/paper_daghar_supervised_3runs_perlr_samples_down_seed_resnetse5_12345/logs/id_826eb13b9b74/final/run_2025-11-10-16-08-192d295a0f.yaml,0.5347222089767456,0.5363636016845703,0.4207687973976135,0.5347222089767456,0.5347222089767456,0.35757577419281006
evaluate_resnetse5,id_1f0b5a6b03f9,id_c5db2aef2bed,completed,1,True,id_612c26209f9f,supervised,resnetse5,full_finetune_lr2,id_43383c4a2620,multimodal_df,daghar_standardized_balanced,kuhar,test,,multimodal_perc_100,id_daa7333eb2f8,har,evaluate,full_run,/workspaces/HIAAC-KR-Dev-Container/Minerva-Exps/benchmarks/experiments/paper_daghar_supervised_3runs_perlr_samples_down_seed_resnetse5_12345/logs/id_1f0b5a6b03f9/final,39b1e85288,/workspaces/HIAAC-KR-Dev-Container/Minerva-Exps/benchmarks/experiments/paper_daghar_supervised_3runs_perlr_samples_down_seed_resnetse5_12345/logs/id_1f0b5a6b03f9/final/metrics_2025-11-10-15-27-39b1e85288.yaml,/workspaces/HIAAC-KR-Dev-Container/Minerva-Exps/benchmarks/experiments/paper_daghar_supervised_3runs_perlr_samples_down_seed_resnetse5_12345/logs/id_1f0b5a6b03f9/final/run_2025-11-10-15-27-39b1e85288.yaml,0.6458333134651184,0.7299124598503113,0.569765567779541,0.6458333134651184,0.6458333134651184,0.6082603931427002
evaluate_resnetse5,id_323aa463d074,id_193f392dfc63,completed,1,True,id_a619266c470c,supervised,resnetse5,full_finetune_lr4,id_ccf09c8e58f2,multimodal_df,daghar_standardized_balanced,rw_thigh,test,,multimodal_perc_100,id_daa7333eb2f8,har,evaluate,full_run,/workspaces/HIAAC-KR-Dev-Container/Minerva-Exps/benchmarks/experiments/paper_daghar_supervised_3runs_perlr_samples_down_seed_resnetse5_12345/logs/id_323aa463d074/final,57f83ad86d,/workspaces/HIAAC-KR-Dev-Container/Minerva-Exps/benchmarks/experiments/paper_daghar_supervised_3runs_perlr_samples_down_seed_resnetse5_12345/logs/id_323aa463d074/final/metrics_2025-11-10-15-33-57f83ad86d.yaml,/workspaces/HIAAC-KR-Dev-Container/Minerva-Exps/benchmarks/experiments/paper_daghar_supervised_3runs_perlr_samples_down_seed_resnetse5_12345/logs/id_323aa463d074/final/run_2025-11-10-15-33-57f83ad86d.yaml,0.7001380324363708,0.7250509858131409,0.6593559384346008,0.7001380324363708,0.7001380920410156,0.7250509262084961
train_resnetse5,id_5edc2ed33d66,,completed,0,False,id_51a779f741ee,supervised,resnetse5,full_finetune_lr1,id_de3c5e60bc0a,multimodal_df,daghar_standardized_balanced,motionsense,train,config_0,multimodal_samples_010,id_7d268895569b,har,train,full_run,/workspaces/HIAAC-KR-Dev-Container/Minerva-Exps/benchmarks/experiments/paper_daghar_supervised_3runs_perlr_samples_down_seed_resnetse5_12345/logs/id_5edc2ed33d66/final,,,,,,,,,
train_resnetse5,id_dda27115a239,,completed,0,False,id_3f47675df06f,supervised,resnetse5,full_finetune_lr5,id_8b5908afbf43,multimodal_df,daghar_standardized_balanced,rw_waist,train,config_0,multimodal_samples_001_2,id_7d268895569b,har,train,full_run,/workspaces/HIAAC-KR-Dev-Container/Minerva-Exps/benchmarks/experiments/paper_daghar_supervised_3runs_perlr_samples_down_seed_resnetse5_12345/logs/id_dda27115a239/final,,,,,,,,,
train_resnetse5,id_552d2e61bc1f,,completed,0,False,id_01c6663a52ec,supervised,resnetse5,full_finetune_lr3,id_c6d3a26ce3a3,multimodal_df,daghar_standardized_balanced,uci,train,config_0,multimodal_samples_010_3,id_7d268895569b,har,train,full_run,/workspaces/HIAAC-KR-Dev-Container/Minerva-Exps/benchmarks/experiments/paper_daghar_supervised_3runs_perlr_samples_down_seed_resnetse5_12345/logs/id_552d2e61bc1f/final,,,,,,,,,
evaluate_resnetse5,id_dfcdfdcb82ff,id_ca34aa30ad1b,completed,1,True,id_01c6663a52ec,supervised,resnetse5,full_finetune_lr3,id_f12acfbb0df5,multimodal_df,daghar_standardized_balanced,kuhar,test,,multimodal_perc_100,id_daa7333eb2f8,har,evaluate,full_run,/workspaces/HIAAC-KR-Dev-Container/Minerva-Exps/benchmarks/experiments/paper_daghar_supervised_3runs_perlr_samples_down_seed_resnetse5_12345/logs/id_dfcdfdcb82ff/final,066e7e2f5d,/workspaces/HIAAC-KR-Dev-Container/Minerva-Exps/benchmarks/experiments/paper_daghar_supervised_3runs_perlr_samples_down_seed_resnetse5_12345/logs/id_dfcdfdcb82ff/final/metrics_2025-11-10-16-50-066e7e2f5d.yaml,/workspaces/HIAAC-KR-Dev-Container/Minerva-Exps/benchmarks/experiments/paper_daghar_supervised_3runs_perlr_samples_down_seed_resnetse5_12345/logs/id_dfcdfdcb82ff/final/run_2025-11-10-16-50-066e7e2f5d.yaml,0.6458333134651184,0.7318627238273621,0.5798399448394775,0.6458333134651184,0.6458333134651184,0.609885573387146
train_resnetse5,id_1364e1f37bae,,completed,0,False,id_a619266c470c,supervised,resnetse5,full_finetune_lr4,id_fc6ba2357f31,multimodal_df,daghar_standardized_balanced,motionsense,train,config_0,multimodal_samples_100,id_7d268895569b,har,train,full_run,/workspaces/HIAAC-KR-Dev-Container/Minerva-Exps/benchmarks/experiments/paper_daghar_supervised_3runs_perlr_samples_down_seed_resnetse5_12345/logs/id_1364e1f37bae/final,,,,,,,,,
evaluate_resnetse5,id_8fcdaad8f926,id_9b46d24125fe,completed,1,True,id_01c6663a52ec,supervised,resnetse5,full_finetune_lr3,id_9b601446d92d,multimodal_df,daghar_standardized_balanced,motionsense,test,,multimodal_perc_100,id_daa7333eb2f8,har,evaluate,full_run,/workspaces/HIAAC-KR-Dev-Container/Minerva-Exps/benchmarks/experiments/paper_daghar_supervised_3runs_perlr_samples_down_seed_resnetse5_12345/logs/id_8fcdaad8f926/final,53bf99fc44,/workspaces/HIAAC-KR-Dev-Container/Minerva-Exps/benchmarks/experiments/paper_daghar_supervised_3runs_perlr_samples_down_seed_resnetse5_12345/logs/id_8fcdaad8f926/final/metrics_2025-11-10-16-13-53bf99fc44.yaml,/workspaces/HIAAC-KR-Dev-Container/Minerva-Exps/benchmarks/experiments/paper_daghar_supervised_3runs_perlr_samples_down_seed_resnetse5_12345/logs/id_8fcdaad8f926/final/run_2025-11-10-16-13-53bf99fc44.yaml,0.7109227776527405,0.6346475481987,0.6570390462875366,0.7109227776527405,0.7109227180480957,0.6346475481987
train_resnetse5,id_a2f4ee7bdf95,,completed,0,False,id_3f47675df06f,supervised,resnetse5,full_finetune_lr5,id_22326f4c2dcc,multimodal_df,daghar_standardized_balanced,wisdm,train,config_0,multimodal_samples_050,id_7d268895569b,har,train,full_run,/workspaces/HIAAC-KR-Dev-Container/Minerva-Exps/benchmarks/experiments/paper_daghar_supervised_3runs_perlr_samples_down_seed_resnetse5_12345/logs/id_a2f4ee7bdf95/final,,,,,,,,,
train_resnetse5,id_7adc2a7ba01a,,completed,0,False,id_612c26209f9f,supervised,resnetse5,full_finetune_lr2,id_47548eafb974,multimodal_df,daghar_standardized_balanced,wisdm,train,config_0,multimodal_samples_005,id_7d268895569b,har,train,full_run,/workspaces/HIAAC-KR-Dev-Container/Minerva-Exps/benchmarks/experiments/paper_daghar_supervised_3runs_perlr_samples_down_seed_resnetse5_12345/logs/id_7adc2a7ba01a/final,,,,,,,,,
evaluate_resnetse5,id_57b4ef038ad1,id_5423c269058a,completed,1,True,id_612c26209f9f,supervised,resnetse5,full_finetune_lr2,id_ad0888f4c2a5,multimodal_df,daghar_standardized_balanced,uci,test,,multimodal_perc_100,id_daa7333eb2f8,har,evaluate,full_run,/workspaces/HIAAC-KR-Dev-Container/Minerva-Exps/benchmarks/experiments/paper_daghar_supervised_3runs_perlr_samples_down_seed_resnetse5_12345/logs/id_57b4ef038ad1/final,507a0cf9ba,/workspaces/HIAAC-KR-Dev-Container/Minerva-Exps/benchmarks/experiments/paper_daghar_supervised_3runs_perlr_samples_down_seed_resnetse5_12345/logs/id_57b4ef038ad1/final/metrics_2025-11-10-15-50-507a0cf9ba.yaml,/workspaces/HIAAC-KR-Dev-Container/Minerva-Exps/benchmarks/experiments/paper_daghar_supervised_3runs_perlr_samples_down_seed_resnetse5_12345/logs/id_57b4ef038ad1/final/run_2025-11-10-15-50-507a0cf9ba.yaml,0.8202898502349854,0.8594841957092285,0.7854729890823364,0.8202898502349854,0.8202898502349854,0.8594841361045837
evaluate_resnetse5,id_d417c99f6ae6,id_e384f880b0d6,completed,1,True,id_612c26209f9f,supervised,resnetse5,full_finetune_lr2,id_782874de697e,multimodal_df,daghar_standardized_balanced,rw_thigh,test,,multimodal_perc_100,id_daa7333eb2f8,har,evaluate,full_run,/workspaces/HIAAC-KR-Dev-Container/Minerva-Exps/benchmarks/experiments/paper_daghar_supervised_3runs_perlr_samples_down_seed_resnetse5_12345/logs/id_d417c99f6ae6/final,2970eeb6f7,/workspaces/HIAAC-KR-Dev-Container/Minerva-Exps/benchmarks/experiments/paper_daghar_supervised_3runs_perlr_samples_down_seed_resnetse5_12345/logs/id_d417c99f6ae6/final/metrics_2025-11-10-16-44-2970eeb6f7.yaml,/workspaces/HIAAC-KR-Dev-Container/Minerva-Exps/benchmarks/experiments/paper_daghar_supervised_3runs_perlr_samples_down_seed_resnetse5_12345/logs/id_d417c99f6ae6/final/run_2025-11-10-16-44-2970eeb6f7.yaml,0.5169082283973694,0.5423658490180969,0.4795861840248108,0.5169082283973694,0.5169082283973694,0.5423659086227417
train_resnetse5,id_1941a5cb8c6f,,completed,0,False,id_612c26209f9f,supervised,resnetse5,full_finetune_lr2,id_ec9738c1ffd0,multimodal_df,daghar_standardized_balanced,rw_waist,train,config_0,multimodal_samples_100,id_7d268895569b,har,train,full_run,/workspaces/HIAAC-KR-Dev-Container/Minerva-Exps/benchmarks/experiments/paper_daghar_supervised_3runs_perlr_samples_down_seed_resnetse5_12345/logs/id_1941a5cb8c6f/final,,,,,,,,,
evaluate_resnetse5,id_458fa9868ba8,id_7422a738a472,completed,1,True,id_a619266c470c,supervised,resnetse5,full_finetune_lr4,id_8bced4972313,multimodal_df,daghar_standardized_balanced,motionsense,test,,multimodal_perc_100,id_daa7333eb2f8,har,evaluate,full_run,/workspaces/HIAAC-KR-Dev-Container/Minerva-Exps/benchmarks/experiments/paper_daghar_supervised_3runs_perlr_samples_down_seed_resnetse5_12345/logs/id_458fa9868ba8/final,2603789716,/workspaces/HIAAC-KR-Dev-Container/Minerva-Exps/benchmarks/experiments/paper_daghar_supervised_3runs_perlr_samples_down_seed_resnetse5_12345/logs/id_458fa9868ba8/final/metrics_2025-11-10-15-41-2603789716.yaml,/workspaces/HIAAC-KR-Dev-Container/Minerva-Exps/benchmarks/experiments/paper_daghar_supervised_3runs_perlr_samples_down_seed_resnetse5_12345/logs/id_458fa9868ba8/final/run_2025-11-10-15-41-2603789716.yaml,0.7146892547607422,0.7278380393981934,0.6587709188461304,0.7146892547607422,0.7146892547607422,0.7278380393981934
evaluate_resnetse5,id_15c44f10571d,id_d72826b38309,completed,1,True,id_a619266c470c,supervised,resnetse5,full_finetune_lr4,id_84509e035e55,multimodal_df,daghar_standardized_balanced,wisdm,test,,multimodal_perc_100,id_daa7333eb2f8,har,evaluate,full_run,/workspaces/HIAAC-KR-Dev-Container/Minerva-Exps/benchmarks/experiments/paper_daghar_supervised_3runs_perlr_samples_down_seed_resnetse5_12345/logs/id_15c44f10571d/final,379ed4de79,/workspaces/HIAAC-KR-Dev-Container/Minerva-Exps/benchmarks/experiments/paper_daghar_supervised_3runs_perlr_samples_down_seed_resnetse5_12345/logs/id_15c44f10571d/final/metrics_2025-11-10-15-22-379ed4de79.yaml,/workspaces/HIAAC-KR-Dev-Container/Minerva-Exps/benchmarks/experiments/paper_daghar_supervised_3runs_perlr_samples_down_seed_resnetse5_12345/logs/id_15c44f10571d/final/run_2025-11-10-15-22-379ed4de79.yaml,0.72926265001297,0.7394077777862549,0.7102893590927124,0.72926265001297,0.7292627096176147,0.7394077777862549
evaluate_resnetse5,id_2b8d8cd78dc2,id_4636d76d7140,completed,1,True,id_51a779f741ee,supervised,resnetse5,full_finetune_lr1,id_c10d4d9eb345,multimodal_df,daghar_standardized_balanced,kuhar,test,,multimodal_perc_100,id_daa7333eb2f8,har,evaluate,full_run,/workspaces/HIAAC-KR-Dev-Container/Minerva-Exps/benchmarks/experiments/paper_daghar_supervised_3runs_perlr_samples_down_seed_resnetse5_12345/logs/id_2b8d8cd78dc2/final,253d78f3f4,/workspaces/HIAAC-KR-Dev-Container/Minerva-Exps/benchmarks/experiments/paper_daghar_supervised_3runs_perlr_samples_down_seed_resnetse5_12345/logs/id_2b8d8cd78dc2/final/metrics_2025-11-10-15-31-253d78f3f4.yaml,/workspaces/HIAAC-KR-Dev-Container/Minerva-Exps/benchmarks/experiments/paper_daghar_supervised_3runs_perlr_samples_down_seed_resnetse5_12345/logs/id_2b8d8cd78dc2/final/run_2025-11-10-15-31-253d78f3f4.yaml,0.5625,0.5328393578529358,0.5083215236663818,0.5625,0.5625,0.5328394174575806
evaluate_resnetse5,id_d64c53f56222,id_101f9d7fce90,completed,1,True,id_612c26209f9f,supervised,resnetse5,full_finetune_lr2,id_ea95c25c903d,multimodal_df,daghar_standardized_balanced,wisdm,test,,multimodal_perc_100,id_daa7333eb2f8,har,evaluate,full_run,/workspaces/HIAAC-KR-Dev-Container/Minerva-Exps/benchmarks/experiments/paper_daghar_supervised_3runs_perlr_samples_down_seed_resnetse5_12345/logs/id_d64c53f56222/final,296527344c,/workspaces/HIAAC-KR-Dev-Container/Minerva-Exps/benchmarks/experiments/paper_daghar_supervised_3runs_perlr_samples_down_seed_resnetse5_12345/logs/id_d64c53f56222/final/metrics_2025-11-10-16-45-296527344c.yaml,/workspaces/HIAAC-KR-Dev-Container/Minerva-Exps/benchmarks/experiments/paper_daghar_supervised_3runs_perlr_samples_down_seed_resnetse5_12345/logs/id_d64c53f56222/final/run_2025-11-10-16-45-296527344c.yaml,0.7603686451911926,0.7702552676200867,0.7427819967269897,0.7603686451911926,0.7603686451911926,0.7702552676200867
evaluate_resnetse5,id_d9783f2839f1,id_4b4b0b7f2ffa,completed,1,True,id_01c6663a52ec,supervised,resnetse5,full_finetune_lr3,id_509ed146099d,multimodal_df,daghar_standardized_balanced,wisdm,test,,multimodal_perc_100,id_daa7333eb2f8,har,evaluate,full_run,/workspaces/HIAAC-KR-Dev-Container/Minerva-Exps/benchmarks/experiments/paper_daghar_supervised_3runs_perlr_samples_down_seed_resnetse5_12345/logs/id_d9783f2839f1/final,471c0e0baf,/workspaces/HIAAC-KR-Dev-Container/Minerva-Exps/benchmarks/experiments/paper_daghar_supervised_3runs_perlr_samples_down_seed_resnetse5_12345/logs/id_d9783f2839f1/final/metrics_2025-11-10-16-46-471c0e0baf.yaml,/workspaces/HIAAC-KR-Dev-Container/Minerva-Exps/benchmarks/experiments/paper_daghar_supervised_3runs_perlr_samples_down_seed_resnetse5_12345/logs/id_d9783f2839f1/final/run_2025-11-10-16-46-471c0e0baf.yaml,0.5925499200820923,0.5147495269775391,0.5214370489120483,0.5925499200820923,0.5925499200820923,0.5147494673728943
train_resnetse5,id_b3f82b68a450,,completed,0,False,id_a619266c470c,supervised,resnetse5,full_finetune_lr4,id_6db9002dfbf0,multimodal_df,daghar_standardized_balanced,uci,train,config_0,multimodal_samples_005,id_7d268895569b,har,train,full_run,/workspaces/HIAAC-KR-Dev-Container/Minerva-Exps/benchmarks/experiments/paper_daghar_supervised_3runs_perlr_samples_down_seed_resnetse5_12345/logs/id_b3f82b68a450/final,,,,,,,,,
train_resnetse5,id_db46474d5516,,completed,0,False,id_a619266c470c,supervised,resnetse5,full_finetune_lr4,id_c05d706619f3,multimodal_df,daghar_standardized_balanced,rw_thigh,train,config_0,multimodal_samples_010,id_7d268895569b,har,train,full_run,/workspaces/HIAAC-KR-Dev-Container/Minerva-Exps/benchmarks/experiments/paper_daghar_supervised_3runs_perlr_samples_down_seed_resnetse5_12345/logs/id_db46474d5516/final,,,,,,,,,
evaluate_resnetse5,id_d615481c05c2,id_e81075ed84f5,completed,1,True,id_a619266c470c,supervised,resnetse5,full_finetune_lr4,id_5342c6363403,multimodal_df,daghar_standardized_balanced,uci,test,,multimodal_perc_100,id_daa7333eb2f8,har,evaluate,full_run,/workspaces/HIAAC-KR-Dev-Container/Minerva-Exps/benchmarks/experiments/paper_daghar_supervised_3runs_perlr_samples_down_seed_resnetse5_12345/logs/id_d615481c05c2/final,162d62fe13,/workspaces/HIAAC-KR-Dev-Container/Minerva-Exps/benchmarks/experiments/paper_daghar_supervised_3runs_perlr_samples_down_seed_resnetse5_12345/logs/id_d615481c05c2/final/metrics_2025-11-10-16-45-162d62fe13.yaml,/workspaces/HIAAC-KR-Dev-Container/Minerva-Exps/benchmarks/experiments/paper_daghar_supervised_3runs_perlr_samples_down_seed_resnetse5_12345/logs/id_d615481c05c2/final/run_2025-11-10-16-45-162d62fe13.yaml,0.9550724625587463,0.9552763104438782,0.955057680606842,0.9550724625587463,0.9550724029541016,0.9552762508392334
evaluate_resnetse5,id_5dd70d92260c,id_22734189e081,completed,1,True,id_51a779f741ee,supervised,resnetse5,full_finetune_lr1,id_987ecc84101d,multimodal_df,daghar_standardized_balanced,kuhar,test,,multimodal_perc_100,id_daa7333eb2f8,har,evaluate,full_run,/workspaces/HIAAC-KR-Dev-Container/Minerva-Exps/benchmarks/experiments/paper_daghar_supervised_3runs_perlr_samples_down_seed_resnetse5_12345/logs/id_5dd70d92260c/final,5684838338,/workspaces/HIAAC-KR-Dev-Container/Minerva-Exps/benchmarks/experiments/paper_daghar_supervised_3runs_perlr_samples_down_seed_resnetse5_12345/logs/id_5dd70d92260c/final/metrics_2025-11-10-15-52-5684838338.yaml,/workspaces/HIAAC-KR-Dev-Container/Minerva-Exps/benchmarks/experiments/paper_daghar_supervised_3runs_perlr_samples_down_seed_resnetse5_12345/logs/id_5dd70d92260c/final/run_2025-11-10-15-52-5684838338.yaml,0.4583333432674408,0.4277777671813965,0.3421517014503479,0.4583333432674408,0.4583333730697632,0.28518521785736084
train_resnetse5,id_14cd40fc4fbc,,completed,0,False,id_a619266c470c,supervised,resnetse5,full_finetune_lr4,id_caa8f5feb10b,multimodal_df,daghar_standardized_balanced,kuhar,train,config_0,multimodal_samples_050,id_7d268895569b,har,train,full_run,/workspaces/HIAAC-KR-Dev-Container/Minerva-Exps/benchmarks/experiments/paper_daghar_supervised_3runs_perlr_samples_down_seed_resnetse5_12345/logs/id_14cd40fc4fbc/final,,,,,,,,,
train_resnetse5,id_04baed6c6073,,completed,0,False,id_3f47675df06f,supervised,resnetse5,full_finetune_lr5,id_752bde3fdada,multimodal_df,daghar_standardized_balanced,kuhar,train,config_0,multimodal_samples_010,id_7d268895569b,har,train,full_run,/workspaces/HIAAC-KR-Dev-Container/Minerva-Exps/benchmarks/experiments/paper_daghar_supervised_3runs_perlr_samples_down_seed_resnetse5_12345/logs/id_04baed6c6073/final,,,,,,,,,
train_resnetse5,id_69dc92b260f5,,completed,0,False,id_51a779f741ee,supervised,resnetse5,full_finetune_lr1,id_f726969cec7e,multimodal_df,daghar_standardized_balanced,kuhar,train,config_0,multimodal_perc_100_3,id_7d268895569b,har,train,full_run,/workspaces/HIAAC-KR-Dev-Container/Minerva-Exps/benchmarks/experiments/paper_daghar_supervised_3runs_perlr_samples_down_seed_resnetse5_12345/logs/id_69dc92b260f5/final,,,,,,,,,
train_resnetse5,id_a74827741074,,completed,0,False,id_01c6663a52ec,supervised,resnetse5,full_finetune_lr3,id_12164f3aad9d,multimodal_df,daghar_standardized_balanced,uci,train,config_0,multimodal_samples_100_2,id_7d268895569b,har,train,full_run,/workspaces/HIAAC-KR-Dev-Container/Minerva-Exps/benchmarks/experiments/paper_daghar_supervised_3runs_perlr_samples_down_seed_resnetse5_12345/logs/id_a74827741074/final,,,,,,,,,
train_resnetse5,id_4e916305e0f0,,completed,0,False,id_01c6663a52ec,supervised,resnetse5,full_finetune_lr3,id_a217c54dba62,multimodal_df,daghar_standardized_balanced,wisdm,train,config_0,multimodal_samples_200,id_7d268895569b,har,train,full_run,/workspaces/HIAAC-KR-Dev-Container/Minerva-Exps/benchmarks/experiments/paper_daghar_supervised_3runs_perlr_samples_down_seed_resnetse5_12345/logs/id_4e916305e0f0/final,,,,,,,,,
train_resnetse5,id_d937b9c2b54a,,completed,0,False,id_01c6663a52ec,supervised,resnetse5,full_finetune_lr3,id_5aed9d092412,multimodal_df,daghar_standardized_balanced,wisdm,train,config_0,multimodal_samples_050_3,id_7d268895569b,har,train,full_run,/workspaces/HIAAC-KR-Dev-Container/Minerva-Exps/benchmarks/experiments/paper_daghar_supervised_3runs_perlr_samples_down_seed_resnetse5_12345/logs/id_d937b9c2b54a/final,,,,,,,,,
evaluate_resnetse5,id_5cc235c9861c,id_6144188361d6,completed,1,True,id_a619266c470c,supervised,resnetse5,full_finetune_lr4,id_4291237e1e89,multimodal_df,daghar_standardized_balanced,uci,test,,multimodal_perc_100,id_daa7333eb2f8,har,evaluate,full_run,/workspaces/HIAAC-KR-Dev-Container/Minerva-Exps/benchmarks/experiments/paper_daghar_supervised_3runs_perlr_samples_down_seed_resnetse5_12345/logs/id_5cc235c9861c/final,3441cc979c,/workspaces/HIAAC-KR-Dev-Container/Minerva-Exps/benchmarks/experiments/paper_daghar_supervised_3runs_perlr_samples_down_seed_resnetse5_12345/logs/id_5cc235c9861c/final/metrics_2025-11-10-15-52-3441cc979c.yaml,/workspaces/HIAAC-KR-Dev-Container/Minerva-Exps/benchmarks/experiments/paper_daghar_supervised_3runs_perlr_samples_down_seed_resnetse5_12345/logs/id_5cc235c9861c/final/run_2025-11-10-15-52-3441cc979c.yaml,0.7710145115852356,0.8380879163742065,0.7036285996437073,0.7710145115852356,0.7710145115852356,0.6704703569412231
train_resnetse5,id_1ceb556b5d15,,completed,0,False,id_3f47675df06f,supervised,resnetse5,full_finetune_lr5,id_64a3cc41ecfe,multimodal_df,daghar_standardized_balanced,wisdm,train,config_0,multimodal_samples_001_2,id_7d268895569b,har,train,full_run,/workspaces/HIAAC-KR-Dev-Container/Minerva-Exps/benchmarks/experiments/paper_daghar_supervised_3runs_perlr_samples_down_seed_resnetse5_12345/logs/id_1ceb556b5d15/final,,,,,,,,,
evaluate_resnetse5,id_3306e855eac2,id_17bac6acdca9,completed,1,True,id_01c6663a52ec,supervised,resnetse5,full_finetune_lr3,id_d3bb28a9285b,multimodal_df,daghar_standardized_balanced,wisdm,test,,multimodal_perc_100,id_daa7333eb2f8,har,evaluate,full_run,/workspaces/HIAAC-KR-Dev-Container/Minerva-Exps/benchmarks/experiments/paper_daghar_supervised_3runs_perlr_samples_down_seed_resnetse5_12345/logs/id_3306e855eac2/final,23eff19120,/workspaces/HIAAC-KR-Dev-Container/Minerva-Exps/benchmarks/experiments/paper_daghar_supervised_3runs_perlr_samples_down_seed_resnetse5_12345/logs/id_3306e855eac2/final/metrics_2025-11-10-15-34-23eff19120.yaml,/workspaces/HIAAC-KR-Dev-Container/Minerva-Exps/benchmarks/experiments/paper_daghar_supervised_3runs_perlr_samples_down_seed_resnetse5_12345/logs/id_3306e855eac2/final/run_2025-11-10-15-34-23eff19120.yaml,0.7822580933570862,0.785510778427124,0.7783116698265076,0.7822580933570862,0.7822580933570862,0.785510778427124
evaluate_resnetse5,id_bcf01005a3fe,id_0ab352cbbaa0,completed,1,True,id_01c6663a52ec,supervised,resnetse5,full_finetune_lr3,id_1c97182110c7,multimodal_df,daghar_standardized_balanced,kuhar,test,,multimodal_perc_100,id_daa7333eb2f8,har,evaluate,full_run,/workspaces/HIAAC-KR-Dev-Container/Minerva-Exps/benchmarks/experiments/paper_daghar_supervised_3runs_perlr_samples_down_seed_resnetse5_12345/logs/id_bcf01005a3fe/final,2960698ec8,/workspaces/HIAAC-KR-Dev-Container/Minerva-Exps/benchmarks/experiments/paper_daghar_supervised_3runs_perlr_samples_down_seed_resnetse5_12345/logs/id_bcf01005a3fe/final/metrics_2025-11-10-16-34-2960698ec8.yaml,/workspaces/HIAAC-KR-Dev-Container/Minerva-Exps/benchmarks/experiments/paper_daghar_supervised_3runs_perlr_samples_down_seed_resnetse5_12345/logs/id_bcf01005a3fe/final/run_2025-11-10-16-34-2960698ec8.yaml,0.5555555820465088,0.7133333086967468,0.4489329159259796,0.5555555820465088,0.5555555820465088,0.5944445133209229
evaluate_resnetse5,id_ef9d38da7c3f,id_24116d93d9c3,completed,1,True,id_01c6663a52ec,supervised,resnetse5,full_finetune_lr3,id_d45c437a575c,multimodal_df,daghar_standardized_balanced,kuhar,test,,multimodal_perc_100,id_daa7333eb2f8,har,evaluate,full_run,/workspaces/HIAAC-KR-Dev-Container/Minerva-Exps/benchmarks/experiments/paper_daghar_supervised_3runs_perlr_samples_down_seed_resnetse5_12345/logs/id_ef9d38da7c3f/final,33a1d6f982,/workspaces/HIAAC-KR-Dev-Container/Minerva-Exps/benchmarks/experiments/paper_daghar_supervised_3runs_perlr_samples_down_seed_resnetse5_12345/logs/id_ef9d38da7c3f/final/metrics_2025-11-10-16-59-33a1d6f982.yaml,/workspaces/HIAAC-KR-Dev-Container/Minerva-Exps/benchmarks/experiments/paper_daghar_supervised_3runs_perlr_samples_down_seed_resnetse5_12345/logs/id_ef9d38da7c3f/final/run_2025-11-10-16-59-33a1d6f982.yaml,0.6111111044883728,0.7455242872238159,0.529505729675293,0.6111111044883728,0.6111111044883728,0.6212702393531799
evaluate_resnetse5,id_e717b8771773,id_3ed7374afcea,completed,1,True,id_612c26209f9f,supervised,resnetse5,full_finetune_lr2,id_de0e2f735469,multimodal_df,daghar_standardized_balanced,uci,test,,multimodal_perc_100,id_daa7333eb2f8,har,evaluate,full_run,/workspaces/HIAAC-KR-Dev-Container/Minerva-Exps/benchmarks/experiments/paper_daghar_supervised_3runs_perlr_samples_down_seed_resnetse5_12345/logs/id_e717b8771773/final,4565302539,/workspaces/HIAAC-KR-Dev-Container/Minerva-Exps/benchmarks/experiments/paper_daghar_supervised_3runs_perlr_samples_down_seed_resnetse5_12345/logs/id_e717b8771773/final/metrics_2025-11-10-16-53-4565302539.yaml,/workspaces/HIAAC-KR-Dev-Container/Minerva-Exps/benchmarks/experiments/paper_daghar_supervised_3runs_perlr_samples_down_seed_resnetse5_12345/logs/id_e717b8771773/final/run_2025-11-10-16-53-4565302539.yaml,0.6666666865348816,0.6940244436264038,0.6321763396263123,0.6666666865348816,0.6666666269302368,0.6940245032310486
train_resnetse5,id_aa18aa9da260,,completed,0,False,id_51a779f741ee,supervised,resnetse5,full_finetune_lr1,id_132ff3af6c3c,multimodal_df,daghar_standardized_balanced,uci,train,config_0,multimodal_samples_100_3,id_7d268895569b,har,train,full_run,/workspaces/HIAAC-KR-Dev-Container/Minerva-Exps/benchmarks/experiments/paper_daghar_supervised_3runs_perlr_samples_down_seed_resnetse5_12345/logs/id_aa18aa9da260/final,,,,,,,,,
train_resnetse5,id_cbf5842775d0,,completed,0,False,id_3f47675df06f,supervised,resnetse5,full_finetune_lr5,id_e627a7ff3b82,multimodal_df,daghar_standardized_balanced,rw_waist,train,config_0,multimodal_samples_200_3,id_7d268895569b,har,train,full_run,/workspaces/HIAAC-KR-Dev-Container/Minerva-Exps/benchmarks/experiments/paper_daghar_supervised_3runs_perlr_samples_down_seed_resnetse5_12345/logs/id_cbf5842775d0/final,,,,,,,,,
evaluate_resnetse5,id_3072e437f20c,id_6f8a7d73c1cd,completed,1,True,id_612c26209f9f,supervised,resnetse5,full_finetune_lr2,id_42a54c9a7058,multimodal_df,daghar_standardized_balanced,uci,test,,multimodal_perc_100,id_daa7333eb2f8,har,evaluate,full_run,/workspaces/HIAAC-KR-Dev-Container/Minerva-Exps/benchmarks/experiments/paper_daghar_supervised_3runs_perlr_samples_down_seed_resnetse5_12345/logs/id_3072e437f20c/final,4572b51289,/workspaces/HIAAC-KR-Dev-Container/Minerva-Exps/benchmarks/experiments/paper_daghar_supervised_3runs_perlr_samples_down_seed_resnetse5_12345/logs/id_3072e437f20c/final/metrics_2025-11-10-15-33-4572b51289.yaml,/workspaces/HIAAC-KR-Dev-Container/Minerva-Exps/benchmarks/experiments/paper_daghar_supervised_3runs_perlr_samples_down_seed_resnetse5_12345/logs/id_3072e437f20c/final/run_2025-11-10-15-33-4572b51289.yaml,0.939130425453186,0.9430201649665833,0.9385198354721069,0.939130425453186,0.939130425453186,0.9430201053619385
train_resnetse5,id_28f18c542168,,completed,0,False,id_01c6663a52ec,supervised,resnetse5,full_finetune_lr3,id_6dc44c345419,multimodal_df,daghar_standardized_balanced,rw_waist,train,config_0,multimodal_samples_025,id_7d268895569b,har,train,full_run,/workspaces/HIAAC-KR-Dev-Container/Minerva-Exps/benchmarks/experiments/paper_daghar_supervised_3runs_perlr_samples_down_seed_resnetse5_12345/logs/id_28f18c542168/final,,,,,,,,,
evaluate_resnetse5,id_d78c8791dd9b,id_a711485d36a8,completed,1,True,id_a619266c470c,supervised,resnetse5,full_finetune_lr4,id_53b81b377af6,multimodal_df,daghar_standardized_balanced,rw_waist,test,,multimodal_perc_100,id_daa7333eb2f8,har,evaluate,full_run,/workspaces/HIAAC-KR-Dev-Container/Minerva-Exps/benchmarks/experiments/paper_daghar_supervised_3runs_perlr_samples_down_seed_resnetse5_12345/logs/id_d78c8791dd9b/final,52c3d5f14b,/workspaces/HIAAC-KR-Dev-Container/Minerva-Exps/benchmarks/experiments/paper_daghar_supervised_3runs_perlr_samples_down_seed_resnetse5_12345/logs/id_d78c8791dd9b/final/metrics_2025-11-10-16-45-52c3d5f14b.yaml,/workspaces/HIAAC-KR-Dev-Container/Minerva-Exps/benchmarks/experiments/paper_daghar_supervised_3runs_perlr_samples_down_seed_resnetse5_12345/logs/id_d78c8791dd9b/final/run_2025-11-10-16-45-52c3d5f14b.yaml,0.6902006268501282,0.7192586064338684,0.6662002801895142,0.6902006268501282,0.6902006268501282,0.7192586064338684
train_resnetse5,id_e4cf4b8dcbf2,,completed,0,False,id_01c6663a52ec,supervised,resnetse5,full_finetune_lr3,id_e0ead58eab76,multimodal_df,daghar_standardized_balanced,kuhar,train,config_0,multimodal_samples_100_2,id_7d268895569b,har,train,full_run,/workspaces/HIAAC-KR-Dev-Container/Minerva-Exps/benchmarks/experiments/paper_daghar_supervised_3runs_perlr_samples_down_seed_resnetse5_12345/logs/id_e4cf4b8dcbf2/final,,,,,,,,,
evaluate_resnetse5,id_9fd8cc1d3fd8,id_6472467dd34c,completed,1,True,id_01c6663a52ec,supervised,resnetse5,full_finetune_lr3,id_4291237e1e89,multimodal_df,daghar_standardized_balanced,uci,test,,multimodal_perc_100,id_daa7333eb2f8,har,evaluate,full_run,/workspaces/HIAAC-KR-Dev-Container/Minerva-Exps/benchmarks/experiments/paper_daghar_supervised_3runs_perlr_samples_down_seed_resnetse5_12345/logs/id_9fd8cc1d3fd8/final,04fac3702a,/workspaces/HIAAC-KR-Dev-Container/Minerva-Exps/benchmarks/experiments/paper_daghar_supervised_3runs_perlr_samples_down_seed_resnetse5_12345/logs/id_9fd8cc1d3fd8/final/metrics_2025-11-10-16-22-04fac3702a.yaml,/workspaces/HIAAC-KR-Dev-Container/Minerva-Exps/benchmarks/experiments/paper_daghar_supervised_3runs_perlr_samples_down_seed_resnetse5_12345/logs/id_9fd8cc1d3fd8/final/run_2025-11-10-16-22-04fac3702a.yaml,0.7884057760238647,0.8282757997512817,0.7413589358329773,0.7884057760238647,0.7884057760238647,0.8282757997512817
train_resnetse5,id_e3c319a735b9,,completed,0,False,id_612c26209f9f,supervised,resnetse5,full_finetune_lr2,id_64a3cc41ecfe,multimodal_df,daghar_standardized_balanced,wisdm,train,config_0,multimodal_samples_001_2,id_7d268895569b,har,train,full_run,/workspaces/HIAAC-KR-Dev-Container/Minerva-Exps/benchmarks/experiments/paper_daghar_supervised_3runs_perlr_samples_down_seed_resnetse5_12345/logs/id_e3c319a735b9/final,,,,,,,,,
evaluate_resnetse5,id_04d084c2e381,id_2e388f4d5a8f,completed,1,True,id_a619266c470c,supervised,resnetse5,full_finetune_lr4,id_dbc3a09926e0,multimodal_df,daghar_standardized_balanced,kuhar,test,,multimodal_perc_100,id_daa7333eb2f8,har,evaluate,full_run,/workspaces/HIAAC-KR-Dev-Container/Minerva-Exps/benchmarks/experiments/paper_daghar_supervised_3runs_perlr_samples_down_seed_resnetse5_12345/logs/id_04d084c2e381/final,03a2359957,/workspaces/HIAAC-KR-Dev-Container/Minerva-Exps/benchmarks/experiments/paper_daghar_supervised_3runs_perlr_samples_down_seed_resnetse5_12345/logs/id_04d084c2e381/final/metrics_2025-11-10-15-16-03a2359957.yaml,/workspaces/HIAAC-KR-Dev-Container/Minerva-Exps/benchmarks/experiments/paper_daghar_supervised_3runs_perlr_samples_down_seed_resnetse5_12345/logs/id_04d084c2e381/final/run_2025-11-10-15-16-03a2359957.yaml,0.6388888955116272,0.7059524059295654,0.5295270681381226,0.6388888955116272,0.6388888955116272,0.47063490748405457
train_resnetse5,id_a1a9cc93b98e,,completed,0,False,id_612c26209f9f,supervised,resnetse5,full_finetune_lr2,id_8949c49a12d2,multimodal_df,daghar_standardized_balanced,uci,train,config_0,multimodal_samples_001,id_7d268895569b,har,train,full_run,/workspaces/HIAAC-KR-Dev-Container/Minerva-Exps/benchmarks/experiments/paper_daghar_supervised_3runs_perlr_samples_down_seed_resnetse5_12345/logs/id_a1a9cc93b98e/final,,,,,,,,,
train_resnetse5,id_b0b893209d34,,completed,0,False,id_51a779f741ee,supervised,resnetse5,full_finetune_lr1,id_5797b3b9b110,multimodal_df,daghar_standardized_balanced,kuhar,train,config_0,multimodal_samples_100_3,id_7d268895569b,har,train,full_run,/workspaces/HIAAC-KR-Dev-Container/Minerva-Exps/benchmarks/experiments/paper_daghar_supervised_3runs_perlr_samples_down_seed_resnetse5_12345/logs/id_b0b893209d34/final,,,,,,,,,
train_resnetse5,id_9f9c61c2afb9,,completed,0,False,id_3f47675df06f,supervised,resnetse5,full_finetune_lr5,id_a65f0a88ac4d,multimodal_df,daghar_standardized_balanced,uci,train,config_0,multimodal_samples_001_2,id_7d268895569b,har,train,full_run,/workspaces/HIAAC-KR-Dev-Container/Minerva-Exps/benchmarks/experiments/paper_daghar_supervised_3runs_perlr_samples_down_seed_resnetse5_12345/logs/id_9f9c61c2afb9/final,,,,,,,,,
evaluate_resnetse5,id_52b143a8ab6f,id_2fbb69bce94a,completed,1,True,id_01c6663a52ec,supervised,resnetse5,full_finetune_lr3,id_6c0870a402a8,multimodal_df,daghar_standardized_balanced,uci,test,,multimodal_perc_100,id_daa7333eb2f8,har,evaluate,full_run,/workspaces/HIAAC-KR-Dev-Container/Minerva-Exps/benchmarks/experiments/paper_daghar_supervised_3runs_perlr_samples_down_seed_resnetse5_12345/logs/id_52b143a8ab6f/final,38b33e2a0e,/workspaces/HIAAC-KR-Dev-Container/Minerva-Exps/benchmarks/experiments/paper_daghar_supervised_3runs_perlr_samples_down_seed_resnetse5_12345/logs/id_52b143a8ab6f/final/metrics_2025-11-10-15-47-38b33e2a0e.yaml,/workspaces/HIAAC-KR-Dev-Container/Minerva-Exps/benchmarks/experiments/paper_daghar_supervised_3runs_perlr_samples_down_seed_resnetse5_12345/logs/id_52b143a8ab6f/final/run_2025-11-10-15-47-38b33e2a0e.yaml,0.7884057760238647,0.7985144257545471,0.7406186461448669,0.7884057760238647,0.7884057760238647,0.7985144853591919
train_resnetse5,id_fc8ba95c582c,,completed,0,False,id_a619266c470c,supervised,resnetse5,full_finetune_lr4,id_a3717fe8cdbe,multimodal_df,daghar_standardized_balanced,wisdm,train,config_0,multimodal_samples_100,id_7d268895569b,har,train,full_run,/workspaces/HIAAC-KR-Dev-Container/Minerva-Exps/benchmarks/experiments/paper_daghar_supervised_3runs_perlr_samples_down_seed_resnetse5_12345/logs/id_fc8ba95c582c/final,,,,,,,,,
train_resnetse5,id_f0caf9cd312a,,completed,0,False,id_612c26209f9f,supervised,resnetse5,full_finetune_lr2,id_2baf94349229,multimodal_df,daghar_standardized_balanced,rw_waist,train,config_0,multimodal_samples_025_3,id_7d268895569b,har,train,full_run,/workspaces/HIAAC-KR-Dev-Container/Minerva-Exps/benchmarks/experiments/paper_daghar_supervised_3runs_perlr_samples_down_seed_resnetse5_12345/logs/id_f0caf9cd312a/final,,,,,,,,,
train_resnetse5,id_2c89a2ac5be3,,completed,0,False,id_a619266c470c,supervised,resnetse5,full_finetune_lr4,id_6350f6340249,multimodal_df,daghar_standardized_balanced,kuhar,train,config_0,multimodal_samples_005_2,id_7d268895569b,har,train,full_run,/workspaces/HIAAC-KR-Dev-Container/Minerva-Exps/benchmarks/experiments/paper_daghar_supervised_3runs_perlr_samples_down_seed_resnetse5_12345/logs/id_2c89a2ac5be3/final,,,,,,,,,
evaluate_resnetse5,id_cd07b057ad2f,id_c99b4245c972,completed,1,True,id_3f47675df06f,supervised,resnetse5,full_finetune_lr5,id_bf761b672fa2,multimodal_df,daghar_standardized_balanced,rw_thigh,test,,multimodal_perc_100,id_daa7333eb2f8,har,evaluate,full_run,/workspaces/HIAAC-KR-Dev-Container/Minerva-Exps/benchmarks/experiments/paper_daghar_supervised_3runs_perlr_samples_down_seed_resnetse5_12345/logs/id_cd07b057ad2f/final,38a71a084b,/workspaces/HIAAC-KR-Dev-Container/Minerva-Exps/benchmarks/experiments/paper_daghar_supervised_3runs_perlr_samples_down_seed_resnetse5_12345/logs/id_cd07b057ad2f/final/metrics_2025-11-10-16-41-38a71a084b.yaml,/workspaces/HIAAC-KR-Dev-Container/Minerva-Exps/benchmarks/experiments/paper_daghar_supervised_3runs_perlr_samples_down_seed_resnetse5_12345/logs/id_cd07b057ad2f/final/run_2025-11-10-16-41-38a71a084b.yaml,0.6349206566810608,0.7402216792106628,0.5908998250961304,0.6349206566810608,0.6349206566810608,0.7402215600013733
train_resnetse5,id_1a859a6f3ed7,,completed,0,False,id_01c6663a52ec,supervised,resnetse5,full_finetune_lr3,id_083b8f815ed5,multimodal_df,daghar_standardized_balanced,uci,train,config_0,multimodal_samples_200,id_7d268895569b,har,train,full_run,/workspaces/HIAAC-KR-Dev-Container/Minerva-Exps/benchmarks/experiments/paper_daghar_supervised_3runs_perlr_samples_down_seed_resnetse5_12345/logs/id_1a859a6f3ed7/final,,,,,,,,,
evaluate_resnetse5,id_c828078e97a6,id_00735580e4f0,completed,1,True,id_612c26209f9f,supervised,resnetse5,full_finetune_lr2,id_5e9954676477,multimodal_df,daghar_standardized_balanced,wisdm,test,,multimodal_perc_100,id_daa7333eb2f8,har,evaluate,full_run,/workspaces/HIAAC-KR-Dev-Container/Minerva-Exps/benchmarks/experiments/paper_daghar_supervised_3runs_perlr_samples_down_seed_resnetse5_12345/logs/id_c828078e97a6/final,12f25973cd,/workspaces/HIAAC-KR-Dev-Container/Minerva-Exps/benchmarks/experiments/paper_daghar_supervised_3runs_perlr_samples_down_seed_resnetse5_12345/logs/id_c828078e97a6/final/metrics_2025-11-10-16-39-12f25973cd.yaml,/workspaces/HIAAC-KR-Dev-Container/Minerva-Exps/benchmarks/experiments/paper_daghar_supervised_3runs_perlr_samples_down_seed_resnetse5_12345/logs/id_c828078e97a6/final/run_2025-11-10-16-39-12f25973cd.yaml,0.7307987809181213,0.7714455723762512,0.6484869122505188,0.7307987809181213,0.7307987809181213,0.7714455723762512
train_resnetse5,id_8af7af3d57a1,,completed,0,False,id_612c26209f9f,supervised,resnetse5,full_finetune_lr2,id_7b5861f76744,multimodal_df,daghar_standardized_balanced,rw_thigh,train,config_0,multimodal_samples_025_3,id_7d268895569b,har,train,full_run,/workspaces/HIAAC-KR-Dev-Container/Minerva-Exps/benchmarks/experiments/paper_daghar_supervised_3runs_perlr_samples_down_seed_resnetse5_12345/logs/id_8af7af3d57a1/final,,,,,,,,,
evaluate_resnetse5,id_8789459e6ac5,id_9a76fbbbdf84,completed,1,True,id_01c6663a52ec,supervised,resnetse5,full_finetune_lr3,id_5c7b0e9cca0d,multimodal_df,daghar_standardized_balanced,wisdm,test,,multimodal_perc_100,id_daa7333eb2f8,har,evaluate,full_run,/workspaces/HIAAC-KR-Dev-Container/Minerva-Exps/benchmarks/experiments/paper_daghar_supervised_3runs_perlr_samples_down_seed_resnetse5_12345/logs/id_8789459e6ac5/final,56d5eef805,/workspaces/HIAAC-KR-Dev-Container/Minerva-Exps/benchmarks/experiments/paper_daghar_supervised_3runs_perlr_samples_down_seed_resnetse5_12345/logs/id_8789459e6ac5/final/metrics_2025-11-10-16-10-56d5eef805.yaml,/workspaces/HIAAC-KR-Dev-Container/Minerva-Exps/benchmarks/experiments/paper_daghar_supervised_3runs_perlr_samples_down_seed_resnetse5_12345/logs/id_8789459e6ac5/final/run_2025-11-10-16-10-56d5eef805.yaml,0.7826420664787292,0.7812845706939697,0.7801837921142578,0.7826420664787292,0.782642126083374,0.7812845706939697
evaluate_resnetse5,id_009e3ebb7f31,id_8033b71d81b8,completed,1,True,id_01c6663a52ec,supervised,resnetse5,full_finetune_lr3,id_231e9f213e9b,multimodal_df,daghar_standardized_balanced,kuhar,test,,multimodal_perc_100,id_daa7333eb2f8,har,evaluate,full_run,/workspaces/HIAAC-KR-Dev-Container/Minerva-Exps/benchmarks/experiments/paper_daghar_supervised_3runs_perlr_samples_down_seed_resnetse5_12345/logs/id_009e3ebb7f31/final,43d98c8705,/workspaces/HIAAC-KR-Dev-Container/Minerva-Exps/benchmarks/experiments/paper_daghar_supervised_3runs_perlr_samples_down_seed_resnetse5_12345/logs/id_009e3ebb7f31/final/metrics_2025-11-10-15-14-43d98c8705.yaml,/workspaces/HIAAC-KR-Dev-Container/Minerva-Exps/benchmarks/experiments/paper_daghar_supervised_3runs_perlr_samples_down_seed_resnetse5_12345/logs/id_009e3ebb7f31/final/run_2025-11-10-15-14-43d98c8705.yaml,0.6458333134651184,0.757239043712616,0.5776031017303467,0.6458333134651184,0.6458333134651184,0.6310325264930725
evaluate_resnetse5,id_603af4209f8a,id_0afc27e59e32,completed,1,True,id_01c6663a52ec,supervised,resnetse5,full_finetune_lr3,id_dbc3a09926e0,multimodal_df,daghar_standardized_balanced,kuhar,test,,multimodal_perc_100,id_daa7333eb2f8,har,evaluate,full_run,/workspaces/HIAAC-KR-Dev-Container/Minerva-Exps/benchmarks/experiments/paper_daghar_supervised_3runs_perlr_samples_down_seed_resnetse5_12345/logs/id_603af4209f8a/final,0525c0df37,/workspaces/HIAAC-KR-Dev-Container/Minerva-Exps/benchmarks/experiments/paper_daghar_supervised_3runs_perlr_samples_down_seed_resnetse5_12345/logs/id_603af4209f8a/final/metrics_2025-11-10-15-54-0525c0df37.yaml,/workspaces/HIAAC-KR-Dev-Container/Minerva-Exps/benchmarks/experiments/paper_daghar_supervised_3runs_perlr_samples_down_seed_resnetse5_12345/logs/id_603af4209f8a/final/run_2025-11-10-15-54-0525c0df37.yaml,0.5902777910232544,0.6346656680107117,0.4851020872592926,0.5902777910232544,0.5902777314186096,0.5288880467414856
train_resnetse5,id_4a0ed89a89c9,,completed,0,False,id_612c26209f9f,supervised,resnetse5,full_finetune_lr2,id_53a73fa7e879,multimodal_df,daghar_standardized_balanced,wisdm,train,config_0,multimodal_samples_200_3,id_7d268895569b,har,train,full_run,/workspaces/HIAAC-KR-Dev-Container/Minerva-Exps/benchmarks/experiments/paper_daghar_supervised_3runs_perlr_samples_down_seed_resnetse5_12345/logs/id_4a0ed89a89c9/final,,,,,,,,,
train_resnetse5,id_4c4619d5d0d3,,completed,0,False,id_51a779f741ee,supervised,resnetse5,full_finetune_lr1,id_b2426d8d9cf0,multimodal_df,daghar_standardized_balanced,kuhar,train,config_0,multimodal_samples_001_2,id_7d268895569b,har,train,full_run,/workspaces/HIAAC-KR-Dev-Container/Minerva-Exps/benchmarks/experiments/paper_daghar_supervised_3runs_perlr_samples_down_seed_resnetse5_12345/logs/id_4c4619d5d0d3/final,,,,,,,,,
evaluate_resnetse5,id_6e490f577154,id_fcff42c39797,completed,1,True,id_612c26209f9f,supervised,resnetse5,full_finetune_lr2,id_987ecc84101d,multimodal_df,daghar_standardized_balanced,kuhar,test,,multimodal_perc_100,id_daa7333eb2f8,har,evaluate,full_run,/workspaces/HIAAC-KR-Dev-Container/Minerva-Exps/benchmarks/experiments/paper_daghar_supervised_3runs_perlr_samples_down_seed_resnetse5_12345/logs/id_6e490f577154/final,25ff6114b3,/workspaces/HIAAC-KR-Dev-Container/Minerva-Exps/benchmarks/experiments/paper_daghar_supervised_3runs_perlr_samples_down_seed_resnetse5_12345/logs/id_6e490f577154/final/metrics_2025-11-10-16-00-25ff6114b3.yaml,/workspaces/HIAAC-KR-Dev-Container/Minerva-Exps/benchmarks/experiments/paper_daghar_supervised_3runs_perlr_samples_down_seed_resnetse5_12345/logs/id_6e490f577154/final/run_2025-11-10-16-00-25ff6114b3.yaml,0.4861111044883728,0.6198095083236694,0.35320353507995605,0.4861111044883728,0.4861111342906952,0.5165079236030579
evaluate_resnetse5,id_10c78475bdd4,id_dee324e4ac91,completed,1,True,id_51a779f741ee,supervised,resnetse5,full_finetune_lr1,id_fd30500e58bb,multimodal_df,daghar_standardized_balanced,kuhar,test,,multimodal_perc_100,id_daa7333eb2f8,har,evaluate,full_run,/workspaces/HIAAC-KR-Dev-Container/Minerva-Exps/benchmarks/experiments/paper_daghar_supervised_3runs_perlr_samples_down_seed_resnetse5_12345/logs/id_10c78475bdd4/final,340d79aa2d,/workspaces/HIAAC-KR-Dev-Container/Minerva-Exps/benchmarks/experiments/paper_daghar_supervised_3runs_perlr_samples_down_seed_resnetse5_12345/logs/id_10c78475bdd4/final/metrics_2025-11-10-15-20-340d79aa2d.yaml,/workspaces/HIAAC-KR-Dev-Container/Minerva-Exps/benchmarks/experiments/paper_daghar_supervised_3runs_perlr_samples_down_seed_resnetse5_12345/logs/id_10c78475bdd4/final/run_2025-11-10-15-20-340d79aa2d.yaml,0.4930555522441864,0.4748656153678894,0.3770531415939331,0.4930555522441864,0.4930555522441864,0.31657707691192627
evaluate_resnetse5,id_6a12f706753a,id_8067e4de866e,completed,1,True,id_a619266c470c,supervised,resnetse5,full_finetune_lr4,id_d45c437a575c,multimodal_df,daghar_standardized_balanced,kuhar,test,,multimodal_perc_100,id_daa7333eb2f8,har,evaluate,full_run,/workspaces/HIAAC-KR-Dev-Container/Minerva-Exps/benchmarks/experiments/paper_daghar_supervised_3runs_perlr_samples_down_seed_resnetse5_12345/logs/id_6a12f706753a/final,50fb42bf60,/workspaces/HIAAC-KR-Dev-Container/Minerva-Exps/benchmarks/experiments/paper_daghar_supervised_3runs_perlr_samples_down_seed_resnetse5_12345/logs/id_6a12f706753a/final/metrics_2025-11-10-15-58-50fb42bf60.yaml,/workspaces/HIAAC-KR-Dev-Container/Minerva-Exps/benchmarks/experiments/paper_daghar_supervised_3runs_perlr_samples_down_seed_resnetse5_12345/logs/id_6a12f706753a/final/run_2025-11-10-15-58-50fb42bf60.yaml,0.5277777910232544,0.545470118522644,0.4376068413257599,0.5277777910232544,0.5277777910232544,0.454558402299881
evaluate_resnetse5,id_99bd1d9e6db8,id_50c7551c2fe2,completed,1,True,id_51a779f741ee,supervised,resnetse5,full_finetune_lr1,id_80ca0802b303,multimodal_df,daghar_standardized_balanced,wisdm,test,,multimodal_perc_100,id_daa7333eb2f8,har,evaluate,full_run,/workspaces/HIAAC-KR-Dev-Container/Minerva-Exps/benchmarks/experiments/paper_daghar_supervised_3runs_perlr_samples_down_seed_resnetse5_12345/logs/id_99bd1d9e6db8/final,2920e26773,/workspaces/HIAAC-KR-Dev-Container/Minerva-Exps/benchmarks/experiments/paper_daghar_supervised_3runs_perlr_samples_down_seed_resnetse5_12345/logs/id_99bd1d9e6db8/final/metrics_2025-11-10-16-18-2920e26773.yaml,/workspaces/HIAAC-KR-Dev-Container/Minerva-Exps/benchmarks/experiments/paper_daghar_supervised_3runs_perlr_samples_down_seed_resnetse5_12345/logs/id_99bd1d9e6db8/final/run_2025-11-10-16-18-2920e26773.yaml,0.7899385690689087,0.8155536651611328,0.7729020714759827,0.7899385690689087,0.7899385094642639,0.8155536651611328
evaluate_resnetse5,id_9e35a267202c,id_5b26e110cbb9,completed,1,True,id_a619266c470c,supervised,resnetse5,full_finetune_lr4,id_87c18dd5aca4,multimodal_df,daghar_standardized_balanced,motionsense,test,,multimodal_perc_100,id_daa7333eb2f8,har,evaluate,full_run,/workspaces/HIAAC-KR-Dev-Container/Minerva-Exps/benchmarks/experiments/paper_daghar_supervised_3runs_perlr_samples_down_seed_resnetse5_12345/logs/id_9e35a267202c/final,560b8ff4f3,/workspaces/HIAAC-KR-Dev-Container/Minerva-Exps/benchmarks/experiments/paper_daghar_supervised_3runs_perlr_samples_down_seed_resnetse5_12345/logs/id_9e35a267202c/final/metrics_2025-11-10-16-20-560b8ff4f3.yaml,/workspaces/HIAAC-KR-Dev-Container/Minerva-Exps/benchmarks/experiments/paper_daghar_supervised_3runs_perlr_samples_down_seed_resnetse5_12345/logs/id_9e35a267202c/final/run_2025-11-10-16-20-560b8ff4f3.yaml,0.526365339756012,0.5441263318061829,0.47857436537742615,0.526365339756012,0.526365339756012,0.5441263318061829
evaluate_resnetse5,id_9f2b83ba5fe7,id_c7bd01d4a1d7,completed,1,True,id_01c6663a52ec,supervised,resnetse5,full_finetune_lr3,id_15e99c1e61ae,multimodal_df,daghar_standardized_balanced,rw_thigh,test,,multimodal_perc_100,id_daa7333eb2f8,har,evaluate,full_run,/workspaces/HIAAC-KR-Dev-Container/Minerva-Exps/benchmarks/experiments/paper_daghar_supervised_3runs_perlr_samples_down_seed_resnetse5_12345/logs/id_9f2b83ba5fe7/final,024b551acf,/workspaces/HIAAC-KR-Dev-Container/Minerva-Exps/benchmarks/experiments/paper_daghar_supervised_3runs_perlr_samples_down_seed_resnetse5_12345/logs/id_9f2b83ba5fe7/final/metrics_2025-11-10-16-22-024b551acf.yaml,/workspaces/HIAAC-KR-Dev-Container/Minerva-Exps/benchmarks/experiments/paper_daghar_supervised_3runs_perlr_samples_down_seed_resnetse5_12345/logs/id_9f2b83ba5fe7/final/run_2025-11-10-16-22-024b551acf.yaml,0.6818495392799377,0.6579776406288147,0.6358951330184937,0.6818495392799377,0.6818495988845825,0.6579776406288147
train_resnetse5,id_39c3399e6ad4,,completed,0,False,id_a619266c470c,supervised,resnetse5,full_finetune_lr4,id_53a73fa7e879,multimodal_df,daghar_standardized_balanced,wisdm,train,config_0,multimodal_samples_200_3,id_7d268895569b,har,train,full_run,/workspaces/HIAAC-KR-Dev-Container/Minerva-Exps/benchmarks/experiments/paper_daghar_supervised_3runs_perlr_samples_down_seed_resnetse5_12345/logs/id_39c3399e6ad4/final,,,,,,,,,
train_resnetse5,id_ea950f033d53,,completed,0,False,id_3f47675df06f,supervised,resnetse5,full_finetune_lr5,id_1bbf2a0cd7dc,multimodal_df,daghar_standardized_balanced,rw_waist,train,config_0,multimodal_samples_025_2,id_7d268895569b,har,train,full_run,/workspaces/HIAAC-KR-Dev-Container/Minerva-Exps/benchmarks/experiments/paper_daghar_supervised_3runs_perlr_samples_down_seed_resnetse5_12345/logs/id_ea950f033d53/final,,,,,,,,,
train_resnetse5,id_3f9c5e5c5153,,completed,0,False,id_a619266c470c,supervised,resnetse5,full_finetune_lr4,id_1a725c88d879,multimodal_df,daghar_standardized_balanced,wisdm,train,config_0,multimodal_samples_025_2,id_7d268895569b,har,train,full_run,/workspaces/HIAAC-KR-Dev-Container/Minerva-Exps/benchmarks/experiments/paper_daghar_supervised_3runs_perlr_samples_down_seed_resnetse5_12345/logs/id_3f9c5e5c5153/final,,,,,,,,,
train_resnetse5,id_c9d2ad1cee27,,completed,0,False,id_51a779f741ee,supervised,resnetse5,full_finetune_lr1,id_3b3b9b61dc95,multimodal_df,daghar_standardized_balanced,kuhar,train,config_0,multimodal_perc_100,id_7d268895569b,har,train,full_run,/workspaces/HIAAC-KR-Dev-Container/Minerva-Exps/benchmarks/experiments/paper_daghar_supervised_3runs_perlr_samples_down_seed_resnetse5_12345/logs/id_c9d2ad1cee27/final,,,,,,,,,
evaluate_resnetse5,id_a531b2f3c2b3,id_b0b315f23960,completed,1,True,id_a619266c470c,supervised,resnetse5,full_finetune_lr4,id_f8566074d192,multimodal_df,daghar_standardized_balanced,kuhar,test,,multimodal_perc_100,id_daa7333eb2f8,har,evaluate,full_run,/workspaces/HIAAC-KR-Dev-Container/Minerva-Exps/benchmarks/experiments/paper_daghar_supervised_3runs_perlr_samples_down_seed_resnetse5_12345/logs/id_a531b2f3c2b3/final,16d2f180cf,/workspaces/HIAAC-KR-Dev-Container/Minerva-Exps/benchmarks/experiments/paper_daghar_supervised_3runs_perlr_samples_down_seed_resnetse5_12345/logs/id_a531b2f3c2b3/final/metrics_2025-11-10-16-24-16d2f180cf.yaml,/workspaces/HIAAC-KR-Dev-Container/Minerva-Exps/benchmarks/experiments/paper_daghar_supervised_3runs_perlr_samples_down_seed_resnetse5_12345/logs/id_a531b2f3c2b3/final/run_2025-11-10-16-24-16d2f180cf.yaml,0.7013888955116272,0.7512774467468262,0.6427619457244873,0.7013888955116272,0.7013888955116272,0.6260645389556885
evaluate_resnetse5,id_83a1e51d32de,id_d87b5acb5955,completed,1,True,id_01c6663a52ec,supervised,resnetse5,full_finetune_lr3,id_4f7e468e9fd4,multimodal_df,daghar_standardized_balanced,uci,test,,multimodal_perc_100,id_daa7333eb2f8,har,evaluate,full_run,/workspaces/HIAAC-KR-Dev-Container/Minerva-Exps/benchmarks/experiments/paper_daghar_supervised_3runs_perlr_samples_down_seed_resnetse5_12345/logs/id_83a1e51d32de/final,30aec572d1,/workspaces/HIAAC-KR-Dev-Container/Minerva-Exps/benchmarks/experiments/paper_daghar_supervised_3runs_perlr_samples_down_seed_resnetse5_12345/logs/id_83a1e51d32de/final/metrics_2025-11-10-16-09-30aec572d1.yaml,/workspaces/HIAAC-KR-Dev-Container/Minerva-Exps/benchmarks/experiments/paper_daghar_supervised_3runs_perlr_samples_down_seed_resnetse5_12345/logs/id_83a1e51d32de/final/run_2025-11-10-16-09-30aec572d1.yaml,0.8782608509063721,0.8860070109367371,0.8770260214805603,0.8782608509063721,0.8782608509063721,0.8860070109367371
train_resnetse5,id_df4a84283780,,completed,0,False,id_01c6663a52ec,supervised,resnetse5,full_finetune_lr3,id_58f0d08fff7e,multimodal_df,daghar_standardized_balanced,rw_thigh,train,config_0,multimodal_samples_050_3,id_7d268895569b,har,train,full_run,/workspaces/HIAAC-KR-Dev-Container/Minerva-Exps/benchmarks/experiments/paper_daghar_supervised_3runs_perlr_samples_down_seed_resnetse5_12345/logs/id_df4a84283780/final,,,,,,,,,
train_resnetse5,id_358c8e62b469,,completed,0,False,id_612c26209f9f,supervised,resnetse5,full_finetune_lr2,id_a33ed4b5468e,multimodal_df,daghar_standardized_balanced,rw_thigh,train,config_0,multimodal_samples_005_2,id_7d268895569b,har,train,full_run,/workspaces/HIAAC-KR-Dev-Container/Minerva-Exps/benchmarks/experiments/paper_daghar_supervised_3runs_perlr_samples_down_seed_resnetse5_12345/logs/id_358c8e62b469/final,,,,,,,,,
evaluate_resnetse5,id_5830f48881c9,id_bcbeadb46139,completed,1,True,id_612c26209f9f,supervised,resnetse5,full_finetune_lr2,id_87c18dd5aca4,multimodal_df,daghar_standardized_balanced,motionsense,test,,multimodal_perc_100,id_daa7333eb2f8,har,evaluate,full_run,/workspaces/HIAAC-KR-Dev-Container/Minerva-Exps/benchmarks/experiments/paper_daghar_supervised_3runs_perlr_samples_down_seed_resnetse5_12345/logs/id_5830f48881c9/final,03ff900470,/workspaces/HIAAC-KR-Dev-Container/Minerva-Exps/benchmarks/experiments/paper_daghar_supervised_3runs_perlr_samples_down_seed_resnetse5_12345/logs/id_5830f48881c9/final/metrics_2025-11-10-15-51-03ff900470.yaml,/workspaces/HIAAC-KR-Dev-Container/Minerva-Exps/benchmarks/experiments/paper_daghar_supervised_3runs_perlr_samples_down_seed_resnetse5_12345/logs/id_5830f48881c9/final/run_2025-11-10-15-51-03ff900470.yaml,0.1666666716337204,0.1666666716337204,0.0476190485060215,0.1666666716337204,0.1666666716337204,0.02777777798473835
train_resnetse5,id_cd2ef75dd354,,completed,0,False,id_3f47675df06f,supervised,resnetse5,full_finetune_lr5,id_e6b257557292,multimodal_df,daghar_standardized_balanced,rw_waist,train,config_0,multimodal_perc_100_2,id_7d268895569b,har,train,full_run,/workspaces/HIAAC-KR-Dev-Container/Minerva-Exps/benchmarks/experiments/paper_daghar_supervised_3runs_perlr_samples_down_seed_resnetse5_12345/logs/id_cd2ef75dd354/final,,,,,,,,,
train_resnetse5,id_a664ff1f1a80,,completed,0,False,id_3f47675df06f,supervised,resnetse5,full_finetune_lr5,id_4987ed1d5bf0,multimodal_df,daghar_standardized_balanced,wisdm,train,config_0,multimodal_samples_025,id_7d268895569b,har,train,full_run,/workspaces/HIAAC-KR-Dev-Container/Minerva-Exps/benchmarks/experiments/paper_daghar_supervised_3runs_perlr_samples_down_seed_resnetse5_12345/logs/id_a664ff1f1a80/final,,,,,,,,,
train_resnetse5,id_addc9747af93,,completed,0,False,id_01c6663a52ec,supervised,resnetse5,full_finetune_lr3,id_a50226a2e73f,multimodal_df,daghar_standardized_balanced,motionsense,train,config_0,multimodal_samples_005_3,id_7d268895569b,har,train,full_run,/workspaces/HIAAC-KR-Dev-Container/Minerva-Exps/benchmarks/experiments/paper_daghar_supervised_3runs_perlr_samples_down_seed_resnetse5_12345/logs/id_addc9747af93/final,,,,,,,,,
train_resnetse5,id_80be0f41618d,,completed,0,False,id_3f47675df06f,supervised,resnetse5,full_finetune_lr5,id_5dfa1c7b49ec,multimodal_df,daghar_standardized_balanced,rw_thigh,train,config_0,multimodal_samples_200,id_7d268895569b,har,train,full_run,/workspaces/HIAAC-KR-Dev-Container/Minerva-Exps/benchmarks/experiments/paper_daghar_supervised_3runs_perlr_samples_down_seed_resnetse5_12345/logs/id_80be0f41618d/final,,,,,,,,,
train_resnetse5,id_5ab7935ac555,,completed,0,False,id_01c6663a52ec,supervised,resnetse5,full_finetune_lr3,id_6db9002dfbf0,multimodal_df,daghar_standardized_balanced,uci,train,config_0,multimodal_samples_005,id_7d268895569b,har,train,full_run,/workspaces/HIAAC-KR-Dev-Container/Minerva-Exps/benchmarks/experiments/paper_daghar_supervised_3runs_perlr_samples_down_seed_resnetse5_12345/logs/id_5ab7935ac555/final,,,,,,,,,
train_resnetse5,id_f6393838034c,,completed,0,False,id_51a779f741ee,supervised,resnetse5,full_finetune_lr1,id_6db9002dfbf0,multimodal_df,daghar_standardized_balanced,uci,train,config_0,multimodal_samples_005,id_7d268895569b,har,train,full_run,/workspaces/HIAAC-KR-Dev-Container/Minerva-Exps/benchmarks/experiments/paper_daghar_supervised_3runs_perlr_samples_down_seed_resnetse5_12345/logs/id_f6393838034c/final,,,,,,,,,
train_resnetse5,id_1447c0b55f73,,completed,0,False,id_612c26209f9f,supervised,resnetse5,full_finetune_lr2,id_20dbdedc5e50,multimodal_df,daghar_standardized_balanced,rw_waist,train,config_0,multimodal_perc_100_3,id_7d268895569b,har,train,full_run,/workspaces/HIAAC-KR-Dev-Container/Minerva-Exps/benchmarks/experiments/paper_daghar_supervised_3runs_perlr_samples_down_seed_resnetse5_12345/logs/id_1447c0b55f73/final,,,,,,,,,
evaluate_resnetse5,id_f6d3336c7397,id_90621eadcc52,completed,1,True,id_3f47675df06f,supervised,resnetse5,full_finetune_lr5,id_ac313a595442,multimodal_df,daghar_standardized_balanced,kuhar,test,,multimodal_perc_100,id_daa7333eb2f8,har,evaluate,full_run,/workspaces/HIAAC-KR-Dev-Container/Minerva-Exps/benchmarks/experiments/paper_daghar_supervised_3runs_perlr_samples_down_seed_resnetse5_12345/logs/id_f6d3336c7397/final,076bf584e9,/workspaces/HIAAC-KR-Dev-Container/Minerva-Exps/benchmarks/experiments/paper_daghar_supervised_3runs_perlr_samples_down_seed_resnetse5_12345/logs/id_f6d3336c7397/final/metrics_2025-11-10-17-02-076bf584e9.yaml,/workspaces/HIAAC-KR-Dev-Container/Minerva-Exps/benchmarks/experiments/paper_daghar_supervised_3runs_perlr_samples_down_seed_resnetse5_12345/logs/id_f6d3336c7397/final/run_2025-11-10-17-02-076bf584e9.yaml,0.5138888955116272,0.5113636255264282,0.39542484283447266,0.5138888955116272,0.5138888955116272,0.34090912342071533
train_resnetse5,id_1ccf69d4bae6,,completed,0,False,id_3f47675df06f,supervised,resnetse5,full_finetune_lr5,id_c2e910dcdcec,multimodal_df,daghar_standardized_balanced,motionsense,train,config_0,multimodal_samples_010_2,id_7d268895569b,har,train,full_run,/workspaces/HIAAC-KR-Dev-Container/Minerva-Exps/benchmarks/experiments/paper_daghar_supervised_3runs_perlr_samples_down_seed_resnetse5_12345/logs/id_1ccf69d4bae6/final,,,,,,,,,
train_resnetse5,id_16b7d5099a79,,completed,0,False,id_51a779f741ee,supervised,resnetse5,full_finetune_lr1,id_d368449171f5,multimodal_df,daghar_standardized_balanced,rw_waist,train,config_0,multimodal_samples_050_2,id_7d268895569b,har,train,full_run,/workspaces/HIAAC-KR-Dev-Container/Minerva-Exps/benchmarks/experiments/paper_daghar_supervised_3runs_perlr_samples_down_seed_resnetse5_12345/logs/id_16b7d5099a79/final,,,,,,,,,
train_resnetse5,id_512bcbeef1b8,,completed,0,False,id_51a779f741ee,supervised,resnetse5,full_finetune_lr1,id_2d8c7a4e80db,multimodal_df,daghar_standardized_balanced,motionsense,train,config_0,multimodal_samples_050_3,id_7d268895569b,har,train,full_run,/workspaces/HIAAC-KR-Dev-Container/Minerva-Exps/benchmarks/experiments/paper_daghar_supervised_3runs_perlr_samples_down_seed_resnetse5_12345/logs/id_512bcbeef1b8/final,,,,,,,,,
evaluate_resnetse5,id_f7eb732308f9,id_828b483c6e3e,completed,1,True,id_a619266c470c,supervised,resnetse5,full_finetune_lr4,id_5c2b64b69df4,multimodal_df,daghar_standardized_balanced,kuhar,test,,multimodal_perc_100,id_daa7333eb2f8,har,evaluate,full_run,/workspaces/HIAAC-KR-Dev-Container/Minerva-Exps/benchmarks/experiments/paper_daghar_supervised_3runs_perlr_samples_down_seed_resnetse5_12345/logs/id_f7eb732308f9/final,34a3351343,/workspaces/HIAAC-KR-Dev-Container/Minerva-Exps/benchmarks/experiments/paper_daghar_supervised_3runs_perlr_samples_down_seed_resnetse5_12345/logs/id_f7eb732308f9/final/metrics_2025-11-10-17-02-34a3351343.yaml,/workspaces/HIAAC-KR-Dev-Container/Minerva-Exps/benchmarks/experiments/paper_daghar_supervised_3runs_perlr_samples_down_seed_resnetse5_12345/logs/id_f7eb732308f9/final/run_2025-11-10-17-02-34a3351343.yaml,0.6944444179534912,0.7670576572418213,0.6351771950721741,0.6944444179534912,0.6944444179534912,0.6392147541046143
train_resnetse5,id_01b991bad3ea,,completed,0,False,id_01c6663a52ec,supervised,resnetse5,full_finetune_lr3,id_e627a7ff3b82,multimodal_df,daghar_standardized_balanced,rw_waist,train,config_0,multimodal_samples_200_3,id_7d268895569b,har,train,full_run,/workspaces/HIAAC-KR-Dev-Container/Minerva-Exps/benchmarks/experiments/paper_daghar_supervised_3runs_perlr_samples_down_seed_resnetse5_12345/logs/id_01b991bad3ea/final,,,,,,,,,
evaluate_resnetse5,id_58ed08c62dd3,id_b7ce82c401de,completed,1,True,id_a619266c470c,supervised,resnetse5,full_finetune_lr4,id_3c74cc6e40b8,multimodal_df,daghar_standardized_balanced,kuhar,test,,multimodal_perc_100,id_daa7333eb2f8,har,evaluate,full_run,/workspaces/HIAAC-KR-Dev-Container/Minerva-Exps/benchmarks/experiments/paper_daghar_supervised_3runs_perlr_samples_down_seed_resnetse5_12345/logs/id_58ed08c62dd3/final,29d93e2a3f,/workspaces/HIAAC-KR-Dev-Container/Minerva-Exps/benchmarks/experiments/paper_daghar_supervised_3runs_perlr_samples_down_seed_resnetse5_12345/logs/id_58ed08c62dd3/final/metrics_2025-11-10-15-51-29d93e2a3f.yaml,/workspaces/HIAAC-KR-Dev-Container/Minerva-Exps/benchmarks/experiments/paper_daghar_supervised_3runs_perlr_samples_down_seed_resnetse5_12345/logs/id_58ed08c62dd3/final/run_2025-11-10-15-51-29d93e2a3f.yaml,0.5972222089767456,0.7333333492279053,0.5064417719841003,0.5972222089767456,0.5972222089767456,0.6111111044883728
evaluate_resnetse5,id_d10c9f50fb2c,id_b27fa271472c,completed,1,True,id_3f47675df06f,supervised,resnetse5,full_finetune_lr5,id_1c97182110c7,multimodal_df,daghar_standardized_balanced,kuhar,test,,multimodal_perc_100,id_daa7333eb2f8,har,evaluate,full_run,/workspaces/HIAAC-KR-Dev-Container/Minerva-Exps/benchmarks/experiments/paper_daghar_supervised_3runs_perlr_samples_down_seed_resnetse5_12345/logs/id_d10c9f50fb2c/final,319107aa6b,/workspaces/HIAAC-KR-Dev-Container/Minerva-Exps/benchmarks/experiments/paper_daghar_supervised_3runs_perlr_samples_down_seed_resnetse5_12345/logs/id_d10c9f50fb2c/final/metrics_2025-11-10-16-43-319107aa6b.yaml,/workspaces/HIAAC-KR-Dev-Container/Minerva-Exps/benchmarks/experiments/paper_daghar_supervised_3runs_perlr_samples_down_seed_resnetse5_12345/logs/id_d10c9f50fb2c/final/run_2025-11-10-16-43-319107aa6b.yaml,0.5972222089767456,0.7202020287513733,0.5060068368911743,0.5972222089767456,0.5972222089767456,0.6001683473587036
evaluate_resnetse5,id_65c59daf8843,id_a155bbdbfeb5,completed,1,True,id_3f47675df06f,supervised,resnetse5,full_finetune_lr5,id_ea95c25c903d,multimodal_df,daghar_standardized_balanced,wisdm,test,,multimodal_perc_100,id_daa7333eb2f8,har,evaluate,full_run,/workspaces/HIAAC-KR-Dev-Container/Minerva-Exps/benchmarks/experiments/paper_daghar_supervised_3runs_perlr_samples_down_seed_resnetse5_12345/logs/id_65c59daf8843/final,084c68d298,/workspaces/HIAAC-KR-Dev-Container/Minerva-Exps/benchmarks/experiments/paper_daghar_supervised_3runs_perlr_samples_down_seed_resnetse5_12345/logs/id_65c59daf8843/final/metrics_2025-11-10-15-56-084c68d298.yaml,/workspaces/HIAAC-KR-Dev-Container/Minerva-Exps/benchmarks/experiments/paper_daghar_supervised_3runs_perlr_samples_down_seed_resnetse5_12345/logs/id_65c59daf8843/final/run_2025-11-10-15-56-084c68d298.yaml,0.5568356513977051,0.6400976777076721,0.4440755248069763,0.5568356513977051,0.5568356513977051,0.4800732731819153
train_resnetse5,id_fddef4ac3e83,,completed,0,False,id_a619266c470c,supervised,resnetse5,full_finetune_lr4,id_8b5908afbf43,multimodal_df,daghar_standardized_balanced,rw_waist,train,config_0,multimodal_samples_001_2,id_7d268895569b,har,train,full_run,/workspaces/HIAAC-KR-Dev-Container/Minerva-Exps/benchmarks/experiments/paper_daghar_supervised_3runs_perlr_samples_down_seed_resnetse5_12345/logs/id_fddef4ac3e83/final,,,,,,,,,
train_resnetse5,id_373c1bcb93b8,,completed,0,False,id_51a779f741ee,supervised,resnetse5,full_finetune_lr1,id_22326f4c2dcc,multimodal_df,daghar_standardized_balanced,wisdm,train,config_0,multimodal_samples_050,id_7d268895569b,har,train,full_run,/workspaces/HIAAC-KR-Dev-Container/Minerva-Exps/benchmarks/experiments/paper_daghar_supervised_3runs_perlr_samples_down_seed_resnetse5_12345/logs/id_373c1bcb93b8/final,,,,,,,,,
train_resnetse5,id_9976911ea608,,completed,0,False,id_3f47675df06f,supervised,resnetse5,full_finetune_lr5,id_89d29379a762,multimodal_df,daghar_standardized_balanced,wisdm,train,config_0,multimodal_samples_050_2,id_7d268895569b,har,train,full_run,/workspaces/HIAAC-KR-Dev-Container/Minerva-Exps/benchmarks/experiments/paper_daghar_supervised_3runs_perlr_samples_down_seed_resnetse5_12345/logs/id_9976911ea608/final,,,,,,,,,
train_resnetse5,id_db2c2b2b8ab9,,completed,0,False,id_51a779f741ee,supervised,resnetse5,full_finetune_lr1,id_8949c49a12d2,multimodal_df,daghar_standardized_balanced,uci,train,config_0,multimodal_samples_001,id_7d268895569b,har,train,full_run,/workspaces/HIAAC-KR-Dev-Container/Minerva-Exps/benchmarks/experiments/paper_daghar_supervised_3runs_perlr_samples_down_seed_resnetse5_12345/logs/id_db2c2b2b8ab9/final,,,,,,,,,
evaluate_resnetse5,id_47351021bb23,id_31b507ec158e,completed,1,True,id_01c6663a52ec,supervised,resnetse5,full_finetune_lr3,id_74b050a778ff,multimodal_df,daghar_standardized_balanced,kuhar,test,,multimodal_perc_100,id_daa7333eb2f8,har,evaluate,full_run,/workspaces/HIAAC-KR-Dev-Container/Minerva-Exps/benchmarks/experiments/paper_daghar_supervised_3runs_perlr_samples_down_seed_resnetse5_12345/logs/id_47351021bb23/final,03cff3c632,/workspaces/HIAAC-KR-Dev-Container/Minerva-Exps/benchmarks/experiments/paper_daghar_supervised_3runs_perlr_samples_down_seed_resnetse5_12345/logs/id_47351021bb23/final/metrics_2025-11-10-15-42-03cff3c632.yaml,/workspaces/HIAAC-KR-Dev-Container/Minerva-Exps/benchmarks/experiments/paper_daghar_supervised_3runs_perlr_samples_down_seed_resnetse5_12345/logs/id_47351021bb23/final/run_2025-11-10-15-42-03cff3c632.yaml,0.5555555820465088,0.7156521677970886,0.44511541724205017,0.5555555820465088,0.5555555820465088,0.5963768362998962
evaluate_resnetse5,id_1d20003bbb40,id_ce70888ba228,completed,1,True,id_3f47675df06f,supervised,resnetse5,full_finetune_lr5,id_3d28ee1db3cc,multimodal_df,daghar_standardized_balanced,wisdm,test,,multimodal_perc_100,id_daa7333eb2f8,har,evaluate,full_run,/workspaces/HIAAC-KR-Dev-Container/Minerva-Exps/benchmarks/experiments/paper_daghar_supervised_3runs_perlr_samples_down_seed_resnetse5_12345/logs/id_1d20003bbb40/final,086ec7628b,/workspaces/HIAAC-KR-Dev-Container/Minerva-Exps/benchmarks/experiments/paper_daghar_supervised_3runs_perlr_samples_down_seed_resnetse5_12345/logs/id_1d20003bbb40/final/metrics_2025-11-10-15-26-086ec7628b.yaml,/workspaces/HIAAC-KR-Dev-Container/Minerva-Exps/benchmarks/experiments/paper_daghar_supervised_3runs_perlr_samples_down_seed_resnetse5_12345/logs/id_1d20003bbb40/final/run_2025-11-10-15-26-086ec7628b.yaml,0.8287250399589539,0.8305311799049377,0.8286756277084351,0.8287250399589539,0.8287249803543091,0.8305311799049377
train_resnetse5,id_fefd28ab327c,,completed,0,False,id_3f47675df06f,supervised,resnetse5,full_finetune_lr5,id_03f958408f87,multimodal_df,daghar_standardized_balanced,uci,train,config_0,multimodal_samples_010,id_7d268895569b,har,train,full_run,/workspaces/HIAAC-KR-Dev-Container/Minerva-Exps/benchmarks/experiments/paper_daghar_supervised_3runs_perlr_samples_down_seed_resnetse5_12345/logs/id_fefd28ab327c/final,,,,,,,,,
evaluate_resnetse5,id_7f73e19ee647,id_56b2f695f070,completed,1,True,id_a619266c470c,supervised,resnetse5,full_finetune_lr4,id_199b92ce1c8c,multimodal_df,daghar_standardized_balanced,uci,test,,multimodal_perc_100,id_daa7333eb2f8,har,evaluate,full_run,/workspaces/HIAAC-KR-Dev-Container/Minerva-Exps/benchmarks/experiments/paper_daghar_supervised_3runs_perlr_samples_down_seed_resnetse5_12345/logs/id_7f73e19ee647/final,4415c99261,/workspaces/HIAAC-KR-Dev-Container/Minerva-Exps/benchmarks/experiments/paper_daghar_supervised_3runs_perlr_samples_down_seed_resnetse5_12345/logs/id_7f73e19ee647/final/metrics_2025-11-10-16-06-4415c99261.yaml,/workspaces/HIAAC-KR-Dev-Container/Minerva-Exps/benchmarks/experiments/paper_daghar_supervised_3runs_perlr_samples_down_seed_resnetse5_12345/logs/id_7f73e19ee647/final/run_2025-11-10-16-06-4415c99261.yaml,0.8318840861320496,0.8398340344429016,0.8281382322311401,0.8318840861320496,0.8318840265274048,0.8398339748382568
train_resnetse5,id_6472467dd34c,,completed,0,False,id_01c6663a52ec,supervised,resnetse5,full_finetune_lr3,id_03f958408f87,multimodal_df,daghar_standardized_balanced,uci,train,config_0,multimodal_samples_010,id_7d268895569b,har,train,full_run,/workspaces/HIAAC-KR-Dev-Container/Minerva-Exps/benchmarks/experiments/paper_daghar_supervised_3runs_perlr_samples_down_seed_resnetse5_12345/logs/id_6472467dd34c/final,,,,,,,,,
train_resnetse5,id_81d063c17ea1,,completed,0,False,id_01c6663a52ec,supervised,resnetse5,full_finetune_lr3,id_89d29379a762,multimodal_df,daghar_standardized_balanced,wisdm,train,config_0,multimodal_samples_050_2,id_7d268895569b,har,train,full_run,/workspaces/HIAAC-KR-Dev-Container/Minerva-Exps/benchmarks/experiments/paper_daghar_supervised_3runs_perlr_samples_down_seed_resnetse5_12345/logs/id_81d063c17ea1/final,,,,,,,,,
train_resnetse5,id_08c46aad8639,,completed,0,False,id_3f47675df06f,supervised,resnetse5,full_finetune_lr5,id_c6d3a26ce3a3,multimodal_df,daghar_standardized_balanced,uci,train,config_0,multimodal_samples_010_3,id_7d268895569b,har,train,full_run,/workspaces/HIAAC-KR-Dev-Container/Minerva-Exps/benchmarks/experiments/paper_daghar_supervised_3runs_perlr_samples_down_seed_resnetse5_12345/logs/id_08c46aad8639/final,,,,,,,,,
evaluate_resnetse5,id_7474019870f8,id_18a1a8984c2b,completed,1,True,id_3f47675df06f,supervised,resnetse5,full_finetune_lr5,id_d07a11b6dca6,multimodal_df,daghar_standardized_balanced,motionsense,test,,multimodal_perc_100,id_daa7333eb2f8,har,evaluate,full_run,/workspaces/HIAAC-KR-Dev-Container/Minerva-Exps/benchmarks/experiments/paper_daghar_supervised_3runs_perlr_samples_down_seed_resnetse5_12345/logs/id_7474019870f8/final,464f22a219,/workspaces/HIAAC-KR-Dev-Container/Minerva-Exps/benchmarks/experiments/paper_daghar_supervised_3runs_perlr_samples_down_seed_resnetse5_12345/logs/id_7474019870f8/final/metrics_2025-11-10-16-02-464f22a219.yaml,/workspaces/HIAAC-KR-Dev-Container/Minerva-Exps/benchmarks/experiments/paper_daghar_supervised_3runs_perlr_samples_down_seed_resnetse5_12345/logs/id_7474019870f8/final/run_2025-11-10-16-02-464f22a219.yaml,0.8295668363571167,0.8678562045097351,0.8065999150276184,0.8295668363571167,0.8295667767524719,0.8678562641143799
evaluate_resnetse5,id_6c57b8a1eba6,id_b9187aca3b56,completed,1,True,id_51a779f741ee,supervised,resnetse5,full_finetune_lr1,id_b0a1f1942e39,multimodal_df,daghar_standardized_balanced,rw_thigh,test,,multimodal_perc_100,id_daa7333eb2f8,har,evaluate,full_run,/workspaces/HIAAC-KR-Dev-Container/Minerva-Exps/benchmarks/experiments/paper_daghar_supervised_3runs_perlr_samples_down_seed_resnetse5_12345/logs/id_6c57b8a1eba6/final,516d15ee6b,/workspaces/HIAAC-KR-Dev-Container/Minerva-Exps/benchmarks/experiments/paper_daghar_supervised_3runs_perlr_samples_down_seed_resnetse5_12345/logs/id_6c57b8a1eba6/final/metrics_2025-11-10-15-59-516d15ee6b.yaml,/workspaces/HIAAC-KR-Dev-Container/Minerva-Exps/benchmarks/experiments/paper_daghar_supervised_3runs_perlr_samples_down_seed_resnetse5_12345/logs/id_6c57b8a1eba6/final/run_2025-11-10-15-59-516d15ee6b.yaml,0.46756383776664734,0.46491876244544983,0.40480679273605347,0.46756383776664734,0.46756380796432495,0.3874323070049286
evaluate_resnetse5,id_5e8089104425,id_719f997db490,completed,1,True,id_3f47675df06f,supervised,resnetse5,full_finetune_lr5,id_571543e27d17,multimodal_df,daghar_standardized_balanced,rw_waist,test,,multimodal_perc_100,id_daa7333eb2f8,har,evaluate,full_run,/workspaces/HIAAC-KR-Dev-Container/Minerva-Exps/benchmarks/experiments/paper_daghar_supervised_3runs_perlr_samples_down_seed_resnetse5_12345/logs/id_5e8089104425/final,10dffde66d,/workspaces/HIAAC-KR-Dev-Container/Minerva-Exps/benchmarks/experiments/paper_daghar_supervised_3runs_perlr_samples_down_seed_resnetse5_12345/logs/id_5e8089104425/final/metrics_2025-11-10-15-53-10dffde66d.yaml,/workspaces/HIAAC-KR-Dev-Container/Minerva-Exps/benchmarks/experiments/paper_daghar_supervised_3runs_perlr_samples_down_seed_resnetse5_12345/logs/id_5e8089104425/final/run_2025-11-10-15-53-10dffde66d.yaml,0.741126537322998,0.7636217474937439,0.7383919358253479,0.741126537322998,0.741126537322998,0.7636217474937439
evaluate_resnetse5,id_165f2e8e3d70,id_f45d69e8bfb4,completed,1,True,id_01c6663a52ec,supervised,resnetse5,full_finetune_lr3,id_454a58be45a5,multimodal_df,daghar_standardized_balanced,uci,test,,multimodal_perc_100,id_daa7333eb2f8,har,evaluate,full_run,/workspaces/HIAAC-KR-Dev-Container/Minerva-Exps/benchmarks/experiments/paper_daghar_supervised_3runs_perlr_samples_down_seed_resnetse5_12345/logs/id_165f2e8e3d70/final,59c1af8ec9,/workspaces/HIAAC-KR-Dev-Container/Minerva-Exps/benchmarks/experiments/paper_daghar_supervised_3runs_perlr_samples_down_seed_resnetse5_12345/logs/id_165f2e8e3d70/final/metrics_2025-11-10-15-22-59c1af8ec9.yaml,/workspaces/HIAAC-KR-Dev-Container/Minerva-Exps/benchmarks/experiments/paper_daghar_supervised_3runs_perlr_samples_down_seed_resnetse5_12345/logs/id_165f2e8e3d70/final/run_2025-11-10-15-22-59c1af8ec9.yaml,0.800000011920929,0.8444415926933289,0.7618994116783142,0.800000011920929,0.800000011920929,0.8444414734840393
train_resnetse5,id_bd693fbf0db5,,completed,0,False,id_3f47675df06f,supervised,resnetse5,full_finetune_lr5,id_8949c49a12d2,multimodal_df,daghar_standardized_balanced,uci,train,config_0,multimodal_samples_001,id_7d268895569b,har,train,full_run,/workspaces/HIAAC-KR-Dev-Container/Minerva-Exps/benchmarks/experiments/paper_daghar_supervised_3runs_perlr_samples_down_seed_resnetse5_12345/logs/id_bd693fbf0db5/final,,,,,,,,,
train_resnetse5,id_193f392dfc63,,completed,0,False,id_a619266c470c,supervised,resnetse5,full_finetune_lr4,id_f9825c05d917,multimodal_df,daghar_standardized_balanced,rw_thigh,train,config_0,multimodal_perc_100_3,id_7d268895569b,har,train,full_run,/workspaces/HIAAC-KR-Dev-Container/Minerva-Exps/benchmarks/experiments/paper_daghar_supervised_3runs_perlr_samples_down_seed_resnetse5_12345/logs/id_193f392dfc63/final,,,,,,,,,
evaluate_resnetse5,id_a3a2ae60cdc6,id_fc737d50a9fd,completed,1,True,id_a619266c470c,supervised,resnetse5,full_finetune_lr4,id_9971eadca4c3,multimodal_df,daghar_standardized_balanced,wisdm,test,,multimodal_perc_100,id_daa7333eb2f8,har,evaluate,full_run,/workspaces/HIAAC-KR-Dev-Container/Minerva-Exps/benchmarks/experiments/paper_daghar_supervised_3runs_perlr_samples_down_seed_resnetse5_12345/logs/id_a3a2ae60cdc6/final,16c0156de8,/workspaces/HIAAC-KR-Dev-Container/Minerva-Exps/benchmarks/experiments/paper_daghar_supervised_3runs_perlr_samples_down_seed_resnetse5_12345/logs/id_a3a2ae60cdc6/final/metrics_2025-11-10-16-23-16c0156de8.yaml,/workspaces/HIAAC-KR-Dev-Container/Minerva-Exps/benchmarks/experiments/paper_daghar_supervised_3runs_perlr_samples_down_seed_resnetse5_12345/logs/id_a3a2ae60cdc6/final/run_2025-11-10-16-23-16c0156de8.yaml,0.7338709831237793,0.7423561215400696,0.7288018465042114,0.7338709831237793,0.7338709831237793,0.7423560619354248
evaluate_resnetse5,id_aace949955c1,id_08c46aad8639,completed,1,True,id_3f47675df06f,supervised,resnetse5,full_finetune_lr5,id_90e552b77477,multimodal_df,daghar_standardized_balanced,uci,test,,multimodal_perc_100,id_daa7333eb2f8,har,evaluate,full_run,/workspaces/HIAAC-KR-Dev-Container/Minerva-Exps/benchmarks/experiments/paper_daghar_supervised_3runs_perlr_samples_down_seed_resnetse5_12345/logs/id_aace949955c1/final,02ec017b36,/workspaces/HIAAC-KR-Dev-Container/Minerva-Exps/benchmarks/experiments/paper_daghar_supervised_3runs_perlr_samples_down_seed_resnetse5_12345/logs/id_aace949955c1/final/metrics_2025-11-10-16-27-02ec017b36.yaml,/workspaces/HIAAC-KR-Dev-Container/Minerva-Exps/benchmarks/experiments/paper_daghar_supervised_3runs_perlr_samples_down_seed_resnetse5_12345/logs/id_aace949955c1/final/run_2025-11-10-16-27-02ec017b36.yaml,0.7260869741439819,0.7297025918960571,0.710053563117981,0.7260869741439819,0.7260869741439819,0.7297025918960571
evaluate_resnetse5,id_7b1dcbcd54b2,id_472bfa45cf54,completed,1,True,id_612c26209f9f,supervised,resnetse5,full_finetune_lr2,id_ed69671adf3b,multimodal_df,daghar_standardized_balanced,rw_waist,test,,multimodal_perc_100,id_daa7333eb2f8,har,evaluate,full_run,/workspaces/HIAAC-KR-Dev-Container/Minerva-Exps/benchmarks/experiments/paper_daghar_supervised_3runs_perlr_samples_down_seed_resnetse5_12345/logs/id_7b1dcbcd54b2/final,38849753ef,/workspaces/HIAAC-KR-Dev-Container/Minerva-Exps/benchmarks/experiments/paper_daghar_supervised_3runs_perlr_samples_down_seed_resnetse5_12345/logs/id_7b1dcbcd54b2/final/metrics_2025-11-10-16-05-38849753ef.yaml,/workspaces/HIAAC-KR-Dev-Container/Minerva-Exps/benchmarks/experiments/paper_daghar_supervised_3runs_perlr_samples_down_seed_resnetse5_12345/logs/id_7b1dcbcd54b2/final/run_2025-11-10-16-05-38849753ef.yaml,0.1666666716337204,0.1666666716337204,0.0476190485060215,0.1666666716337204,0.1666666716337204,0.02777777798473835
train_resnetse5,id_24d2d80cd1a4,,completed,0,False,id_a619266c470c,supervised,resnetse5,full_finetune_lr4,id_d4c695219794,multimodal_df,daghar_standardized_balanced,rw_waist,train,config_0,multimodal_samples_010_3,id_7d268895569b,har,train,full_run,/workspaces/HIAAC-KR-Dev-Container/Minerva-Exps/benchmarks/experiments/paper_daghar_supervised_3runs_perlr_samples_down_seed_resnetse5_12345/logs/id_24d2d80cd1a4/final,,,,,,,,,
evaluate_resnetse5,id_cbb1b6879626,id_cf19b93290f3,completed,1,True,id_612c26209f9f,supervised,resnetse5,full_finetune_lr2,id_a0298d605d95,multimodal_df,daghar_standardized_balanced,uci,test,,multimodal_perc_100,id_daa7333eb2f8,har,evaluate,full_run,/workspaces/HIAAC-KR-Dev-Container/Minerva-Exps/benchmarks/experiments/paper_daghar_supervised_3runs_perlr_samples_down_seed_resnetse5_12345/logs/id_cbb1b6879626/final,26b72b3ee0,/workspaces/HIAAC-KR-Dev-Container/Minerva-Exps/benchmarks/experiments/paper_daghar_supervised_3runs_perlr_samples_down_seed_resnetse5_12345/logs/id_cbb1b6879626/final/metrics_2025-11-10-16-41-26b72b3ee0.yaml,/workspaces/HIAAC-KR-Dev-Container/Minerva-Exps/benchmarks/experiments/paper_daghar_supervised_3runs_perlr_samples_down_seed_resnetse5_12345/logs/id_cbb1b6879626/final/run_2025-11-10-16-41-26b72b3ee0.yaml,0.9362319111824036,0.9394478797912598,0.9356989860534668,0.9362319111824036,0.9362318515777588,0.9394478797912598
evaluate_resnetse5,id_dfcc622454e1,id_fe8ac4a82f9b,completed,1,True,id_01c6663a52ec,supervised,resnetse5,full_finetune_lr3,id_b0a1f1942e39,multimodal_df,daghar_standardized_balanced,rw_thigh,test,,multimodal_perc_100,id_daa7333eb2f8,har,evaluate,full_run,/workspaces/HIAAC-KR-Dev-Container/Minerva-Exps/benchmarks/experiments/paper_daghar_supervised_3runs_perlr_samples_down_seed_resnetse5_12345/logs/id_dfcc622454e1/final,02f6cdc17b,/workspaces/HIAAC-KR-Dev-Container/Minerva-Exps/benchmarks/experiments/paper_daghar_supervised_3runs_perlr_samples_down_seed_resnetse5_12345/logs/id_dfcc622454e1/final/metrics_2025-11-10-16-50-02f6cdc17b.yaml,/workspaces/HIAAC-KR-Dev-Container/Minerva-Exps/benchmarks/experiments/paper_daghar_supervised_3runs_perlr_samples_down_seed_resnetse5_12345/logs/id_dfcc622454e1/final/run_2025-11-10-16-50-02f6cdc17b.yaml,0.41304346919059753,0.36836138367652893,0.3217960596084595,0.41304346919059753,0.41304346919059753,0.3683614432811737
train_resnetse5,id_4278757da676,,completed,0,False,id_612c26209f9f,supervised,resnetse5,full_finetune_lr2,id_132ff3af6c3c,multimodal_df,daghar_standardized_balanced,uci,train,config_0,multimodal_samples_100_3,id_7d268895569b,har,train,full_run,/workspaces/HIAAC-KR-Dev-Container/Minerva-Exps/benchmarks/experiments/paper_daghar_supervised_3runs_perlr_samples_down_seed_resnetse5_12345/logs/id_4278757da676/final,,,,,,,,,
train_resnetse5,id_a20ad86ca7c6,,completed,0,False,id_3f47675df06f,supervised,resnetse5,full_finetune_lr5,id_42b645fb84f8,multimodal_df,daghar_standardized_balanced,uci,train,config_0,multimodal_samples_025_3,id_7d268895569b,har,train,full_run,/workspaces/HIAAC-KR-Dev-Container/Minerva-Exps/benchmarks/experiments/paper_daghar_supervised_3runs_perlr_samples_down_seed_resnetse5_12345/logs/id_a20ad86ca7c6/final,,,,,,,,,
train_resnetse5,id_b920615d79fd,,completed,0,False,id_612c26209f9f,supervised,resnetse5,full_finetune_lr2,id_653f367090ba,multimodal_df,daghar_standardized_balanced,rw_waist,train,config_0,multimodal_samples_010_2,id_7d268895569b,har,train,full_run,/workspaces/HIAAC-KR-Dev-Container/Minerva-Exps/benchmarks/experiments/paper_daghar_supervised_3runs_perlr_samples_down_seed_resnetse5_12345/logs/id_b920615d79fd/final,,,,,,,,,
train_resnetse5,id_0ade89e6ab86,,completed,0,False,id_612c26209f9f,supervised,resnetse5,full_finetune_lr2,id_2d8c7a4e80db,multimodal_df,daghar_standardized_balanced,motionsense,train,config_0,multimodal_samples_050_3,id_7d268895569b,har,train,full_run,/workspaces/HIAAC-KR-Dev-Container/Minerva-Exps/benchmarks/experiments/paper_daghar_supervised_3runs_perlr_samples_down_seed_resnetse5_12345/logs/id_0ade89e6ab86/final,,,,,,,,,
train_resnetse5,id_554cfb500650,,completed,0,False,id_51a779f741ee,supervised,resnetse5,full_finetune_lr1,id_47548eafb974,multimodal_df,daghar_standardized_balanced,wisdm,train,config_0,multimodal_samples_005,id_7d268895569b,har,train,full_run,/workspaces/HIAAC-KR-Dev-Container/Minerva-Exps/benchmarks/experiments/paper_daghar_supervised_3runs_perlr_samples_down_seed_resnetse5_12345/logs/id_554cfb500650/final,,,,,,,,,
evaluate_resnetse5,id_3d2182c849ee,id_b487dd5f382c,completed,1,True,id_612c26209f9f,supervised,resnetse5,full_finetune_lr2,id_2927a4a2198f,multimodal_df,daghar_standardized_balanced,kuhar,test,,multimodal_perc_100,id_daa7333eb2f8,har,evaluate,full_run,/workspaces/HIAAC-KR-Dev-Container/Minerva-Exps/benchmarks/experiments/paper_daghar_supervised_3runs_perlr_samples_down_seed_resnetse5_12345/logs/id_3d2182c849ee/final,43264c0b4d,/workspaces/HIAAC-KR-Dev-Container/Minerva-Exps/benchmarks/experiments/paper_daghar_supervised_3runs_perlr_samples_down_seed_resnetse5_12345/logs/id_3d2182c849ee/final/metrics_2025-11-10-15-37-43264c0b4d.yaml,/workspaces/HIAAC-KR-Dev-Container/Minerva-Exps/benchmarks/experiments/paper_daghar_supervised_3runs_perlr_samples_down_seed_resnetse5_12345/logs/id_3d2182c849ee/final/run_2025-11-10-15-37-43264c0b4d.yaml,0.75,0.8094143867492676,0.6926801800727844,0.75,0.75,0.6745119690895081
evaluate_resnetse5,id_a88f20d0d393,id_ae614263fef1,completed,1,True,id_612c26209f9f,supervised,resnetse5,full_finetune_lr2,id_6c77fa100259,multimodal_df,daghar_standardized_balanced,wisdm,test,,multimodal_perc_100,id_daa7333eb2f8,har,evaluate,full_run,/workspaces/HIAAC-KR-Dev-Container/Minerva-Exps/benchmarks/experiments/paper_daghar_supervised_3runs_perlr_samples_down_seed_resnetse5_12345/logs/id_a88f20d0d393/final,378e6e6b2a,/workspaces/HIAAC-KR-Dev-Container/Minerva-Exps/benchmarks/experiments/paper_daghar_supervised_3runs_perlr_samples_down_seed_resnetse5_12345/logs/id_a88f20d0d393/final/metrics_2025-11-10-16-25-378e6e6b2a.yaml,/workspaces/HIAAC-KR-Dev-Container/Minerva-Exps/benchmarks/experiments/paper_daghar_supervised_3runs_perlr_samples_down_seed_resnetse5_12345/logs/id_a88f20d0d393/final/run_2025-11-10-16-25-378e6e6b2a.yaml,0.8625192046165466,0.8661686182022095,0.861872673034668,0.8625192046165466,0.8625192642211914,0.8661685585975647
train_resnetse5,id_ac6f5b5b7e70,,completed,0,False,id_51a779f741ee,supervised,resnetse5,full_finetune_lr1,id_fb5b4619ed71,multimodal_df,daghar_standardized_balanced,uci,train,config_0,multimodal_samples_005_2,id_7d268895569b,har,train,full_run,/workspaces/HIAAC-KR-Dev-Container/Minerva-Exps/benchmarks/experiments/paper_daghar_supervised_3runs_perlr_samples_down_seed_resnetse5_12345/logs/id_ac6f5b5b7e70/final,,,,,,,,,
train_resnetse5,id_155579e13e2c,,completed,0,False,id_a619266c470c,supervised,resnetse5,full_finetune_lr4,id_e959f1474a75,multimodal_df,daghar_standardized_balanced,wisdm,train,config_0,multimodal_perc_100,id_7d268895569b,har,train,full_run,/workspaces/HIAAC-KR-Dev-Container/Minerva-Exps/benchmarks/experiments/paper_daghar_supervised_3runs_perlr_samples_down_seed_resnetse5_12345/logs/id_155579e13e2c/final,,,,,,,,,
evaluate_resnetse5,id_3c4bf0276334,id_1ba033b89f62,completed,1,True,id_3f47675df06f,supervised,resnetse5,full_finetune_lr5,id_d79bfe17e192,multimodal_df,daghar_standardized_balanced,motionsense,test,,multimodal_perc_100,id_daa7333eb2f8,har,evaluate,full_run,/workspaces/HIAAC-KR-Dev-Container/Minerva-Exps/benchmarks/experiments/paper_daghar_supervised_3runs_perlr_samples_down_seed_resnetse5_12345/logs/id_3c4bf0276334/final,1901e9e803,/workspaces/HIAAC-KR-Dev-Container/Minerva-Exps/benchmarks/experiments/paper_daghar_supervised_3runs_perlr_samples_down_seed_resnetse5_12345/logs/id_3c4bf0276334/final/metrics_2025-11-10-15-37-1901e9e803.yaml,/workspaces/HIAAC-KR-Dev-Container/Minerva-Exps/benchmarks/experiments/paper_daghar_supervised_3runs_perlr_samples_down_seed_resnetse5_12345/logs/id_3c4bf0276334/final/run_2025-11-10-15-37-1901e9e803.yaml,0.5725046992301941,0.6455460786819458,0.4727703332901001,0.5725046992301941,0.5725047588348389,0.43036407232284546
train_resnetse5,id_48695c9a95a7,,completed,0,False,id_3f47675df06f,supervised,resnetse5,full_finetune_lr5,id_5a4fe85324f7,multimodal_df,daghar_standardized_balanced,kuhar,train,config_0,multimodal_samples_001_3,id_7d268895569b,har,train,full_run,/workspaces/HIAAC-KR-Dev-Container/Minerva-Exps/benchmarks/experiments/paper_daghar_supervised_3runs_perlr_samples_down_seed_resnetse5_12345/logs/id_48695c9a95a7/final,,,,,,,,,
evaluate_resnetse5,id_cf6963b67ec1,id_382d3b0db895,completed,1,True,id_51a779f741ee,supervised,resnetse5,full_finetune_lr1,id_9971eadca4c3,multimodal_df,daghar_standardized_balanced,wisdm,test,,multimodal_perc_100,id_daa7333eb2f8,har,evaluate,full_run,/workspaces/HIAAC-KR-Dev-Container/Minerva-Exps/benchmarks/experiments/paper_daghar_supervised_3runs_perlr_samples_down_seed_resnetse5_12345/logs/id_cf6963b67ec1/final,44bd88c90f,/workspaces/HIAAC-KR-Dev-Container/Minerva-Exps/benchmarks/experiments/paper_daghar_supervised_3runs_perlr_samples_down_seed_resnetse5_12345/logs/id_cf6963b67ec1/final/metrics_2025-11-10-16-42-44bd88c90f.yaml,/workspaces/HIAAC-KR-Dev-Container/Minerva-Exps/benchmarks/experiments/paper_daghar_supervised_3runs_perlr_samples_down_seed_resnetse5_12345/logs/id_cf6963b67ec1/final/run_2025-11-10-16-42-44bd88c90f.yaml,0.7480798959732056,0.8067910075187683,0.6723952889442444,0.7480798959732056,0.7480798959732056,0.8067910075187683
train_resnetse5,id_5859b8a5080a,,completed,0,False,id_51a779f741ee,supervised,resnetse5,full_finetune_lr1,id_a5eb7bbd285a,multimodal_df,daghar_standardized_balanced,motionsense,train,config_0,multimodal_samples_050,id_7d268895569b,har,train,full_run,/workspaces/HIAAC-KR-Dev-Container/Minerva-Exps/benchmarks/experiments/paper_daghar_supervised_3runs_perlr_samples_down_seed_resnetse5_12345/logs/id_5859b8a5080a/final,,,,,,,,,
evaluate_resnetse5,id_23bb83bcb4c2,id_788b8e0792cd,completed,1,True,id_01c6663a52ec,supervised,resnetse5,full_finetune_lr3,id_4d0a09774961,multimodal_df,daghar_standardized_balanced,uci,test,,multimodal_perc_100,id_daa7333eb2f8,har,evaluate,full_run,/workspaces/HIAAC-KR-Dev-Container/Minerva-Exps/benchmarks/experiments/paper_daghar_supervised_3runs_perlr_samples_down_seed_resnetse5_12345/logs/id_23bb83bcb4c2/final,5653977ad5,/workspaces/HIAAC-KR-Dev-Container/Minerva-Exps/benchmarks/experiments/paper_daghar_supervised_3runs_perlr_samples_down_seed_resnetse5_12345/logs/id_23bb83bcb4c2/final/metrics_2025-11-10-15-28-5653977ad5.yaml,/workspaces/HIAAC-KR-Dev-Container/Minerva-Exps/benchmarks/experiments/paper_daghar_supervised_3runs_perlr_samples_down_seed_resnetse5_12345/logs/id_23bb83bcb4c2/final/run_2025-11-10-15-28-5653977ad5.yaml,0.7971014380455017,0.7971013784408569,0.7329683303833008,0.7971014380455017,0.7971014976501465,0.7971014976501465
train_resnetse5,id_16c0a7aaa65f,,completed,0,False,id_3f47675df06f,supervised,resnetse5,full_finetune_lr5,id_d55a47551268,multimodal_df,daghar_standardized_balanced,rw_thigh,train,config_0,multimodal_samples_100_2,id_7d268895569b,har,train,full_run,/workspaces/HIAAC-KR-Dev-Container/Minerva-Exps/benchmarks/experiments/paper_daghar_supervised_3runs_perlr_samples_down_seed_resnetse5_12345/logs/id_16c0a7aaa65f/final,,,,,,,,,
train_resnetse5,id_46e1c36692f7,,completed,0,False,id_51a779f741ee,supervised,resnetse5,full_finetune_lr1,id_e0d8b057e9ae,multimodal_df,daghar_standardized_balanced,wisdm,train,config_0,multimodal_samples_200_2,id_7d268895569b,har,train,full_run,/workspaces/HIAAC-KR-Dev-Container/Minerva-Exps/benchmarks/experiments/paper_daghar_supervised_3runs_perlr_samples_down_seed_resnetse5_12345/logs/id_46e1c36692f7/final,,,,,,,,,
train_resnetse5,id_174e7f256289,,completed,0,False,id_612c26209f9f,supervised,resnetse5,full_finetune_lr2,id_5a4fe85324f7,multimodal_df,daghar_standardized_balanced,kuhar,train,config_0,multimodal_samples_001_3,id_7d268895569b,har,train,full_run,/workspaces/HIAAC-KR-Dev-Container/Minerva-Exps/benchmarks/experiments/paper_daghar_supervised_3runs_perlr_samples_down_seed_resnetse5_12345/logs/id_174e7f256289/final,,,,,,,,,
evaluate_resnetse5,id_7f868c22f301,id_db736adc2610,completed,1,True,id_3f47675df06f,supervised,resnetse5,full_finetune_lr5,id_7d75503f6205,multimodal_df,daghar_standardized_balanced,motionsense,test,,multimodal_perc_100,id_daa7333eb2f8,har,evaluate,full_run,/workspaces/HIAAC-KR-Dev-Container/Minerva-Exps/benchmarks/experiments/paper_daghar_supervised_3runs_perlr_samples_down_seed_resnetse5_12345/logs/id_7f868c22f301/final,5024319925,/workspaces/HIAAC-KR-Dev-Container/Minerva-Exps/benchmarks/experiments/paper_daghar_supervised_3runs_perlr_samples_down_seed_resnetse5_12345/logs/id_7f868c22f301/final/metrics_2025-11-10-16-06-5024319925.yaml,/workspaces/HIAAC-KR-Dev-Container/Minerva-Exps/benchmarks/experiments/paper_daghar_supervised_3runs_perlr_samples_down_seed_resnetse5_12345/logs/id_7f868c22f301/final/run_2025-11-10-16-06-5024319925.yaml,0.5338982939720154,0.5385497212409973,0.4217401444911957,0.5338982939720154,0.5338982939720154,0.35903316736221313
train_resnetse5,id_7b6e9ad8e4e3,,completed,0,False,id_612c26209f9f,supervised,resnetse5,full_finetune_lr2,id_650e37922e7e,multimodal_df,daghar_standardized_balanced,motionsense,train,config_0,multimodal_samples_025,id_7d268895569b,har,train,full_run,/workspaces/HIAAC-KR-Dev-Container/Minerva-Exps/benchmarks/experiments/paper_daghar_supervised_3runs_perlr_samples_down_seed_resnetse5_12345/logs/id_7b6e9ad8e4e3/final,,,,,,,,,
train_resnetse5,id_a106226ff854,,completed,0,False,id_51a779f741ee,supervised,resnetse5,full_finetune_lr1,id_d55a47551268,multimodal_df,daghar_standardized_balanced,rw_thigh,train,config_0,multimodal_samples_100_2,id_7d268895569b,har,train,full_run,/workspaces/HIAAC-KR-Dev-Container/Minerva-Exps/benchmarks/experiments/paper_daghar_supervised_3runs_perlr_samples_down_seed_resnetse5_12345/logs/id_a106226ff854/final,,,,,,,,,
train_resnetse5,id_0bb9ff06c7e5,,completed,0,False,id_3f47675df06f,supervised,resnetse5,full_finetune_lr5,id_e5f35050bdc1,multimodal_df,daghar_standardized_balanced,wisdm,train,config_0,multimodal_samples_005_3,id_7d268895569b,har,train,full_run,/workspaces/HIAAC-KR-Dev-Container/Minerva-Exps/benchmarks/experiments/paper_daghar_supervised_3runs_perlr_samples_down_seed_resnetse5_12345/logs/id_0bb9ff06c7e5/final,,,,,,,,,
evaluate_resnetse5,id_aadac2591b76,id_85744f228384,completed,1,True,id_51a779f741ee,supervised,resnetse5,full_finetune_lr1,id_e23f856a5c17,multimodal_df,daghar_standardized_balanced,uci,test,,multimodal_perc_100,id_daa7333eb2f8,har,evaluate,full_run,/workspaces/HIAAC-KR-Dev-Container/Minerva-Exps/benchmarks/experiments/paper_daghar_supervised_3runs_perlr_samples_down_seed_resnetse5_12345/logs/id_aadac2591b76/final,15068b7ca9,/workspaces/HIAAC-KR-Dev-Container/Minerva-Exps/benchmarks/experiments/paper_daghar_supervised_3runs_perlr_samples_down_seed_resnetse5_12345/logs/id_aadac2591b76/final/metrics_2025-11-10-16-27-15068b7ca9.yaml,/workspaces/HIAAC-KR-Dev-Container/Minerva-Exps/benchmarks/experiments/paper_daghar_supervised_3runs_perlr_samples_down_seed_resnetse5_12345/logs/id_aadac2591b76/final/run_2025-11-10-16-27-15068b7ca9.yaml,0.7971014380455017,0.8714028596878052,0.7304294109344482,0.7971014380455017,0.7971014380455017,0.69712233543396
evaluate_resnetse5,id_4c8be3db5755,id_9c7aaaaa2bcc,completed,1,True,id_51a779f741ee,supervised,resnetse5,full_finetune_lr1,id_9df44531c7bb,multimodal_df,daghar_standardized_balanced,motionsense,test,,multimodal_perc_100,id_daa7333eb2f8,har,evaluate,full_run,/workspaces/HIAAC-KR-Dev-Container/Minerva-Exps/benchmarks/experiments/paper_daghar_supervised_3runs_perlr_samples_down_seed_resnetse5_12345/logs/id_4c8be3db5755/final,094ba8003c,/workspaces/HIAAC-KR-Dev-Container/Minerva-Exps/benchmarks/experiments/paper_daghar_supervised_3runs_perlr_samples_down_seed_resnetse5_12345/logs/id_4c8be3db5755/final/metrics_2025-11-10-15-45-094ba8003c.yaml,/workspaces/HIAAC-KR-Dev-Container/Minerva-Exps/benchmarks/experiments/paper_daghar_supervised_3runs_perlr_samples_down_seed_resnetse5_12345/logs/id_4c8be3db5755/final/run_2025-11-10-15-45-094ba8003c.yaml,0.7231638431549072,0.7953000664710999,0.6782025098800659,0.7231638431549072,0.7231638431549072,0.7953001260757446
train_resnetse5,id_eb97d9a42f12,,completed,0,False,id_3f47675df06f,supervised,resnetse5,full_finetune_lr5,id_2bd430b767f1,multimodal_df,daghar_standardized_balanced,motionsense,train,config_0,multimodal_samples_100_3,id_7d268895569b,har,train,full_run,/workspaces/HIAAC-KR-Dev-Container/Minerva-Exps/benchmarks/experiments/paper_daghar_supervised_3runs_perlr_samples_down_seed_resnetse5_12345/logs/id_eb97d9a42f12/final,,,,,,,,,
evaluate_resnetse5,id_df12b863d4bc,id_588acce4e70d,completed,1,True,id_a619266c470c,supervised,resnetse5,full_finetune_lr4,id_90e552b77477,multimodal_df,daghar_standardized_balanced,uci,test,,multimodal_perc_100,id_daa7333eb2f8,har,evaluate,full_run,/workspaces/HIAAC-KR-Dev-Container/Minerva-Exps/benchmarks/experiments/paper_daghar_supervised_3runs_perlr_samples_down_seed_resnetse5_12345/logs/id_df12b863d4bc/final,315a3dff95,/workspaces/HIAAC-KR-Dev-Container/Minerva-Exps/benchmarks/experiments/paper_daghar_supervised_3runs_perlr_samples_down_seed_resnetse5_12345/logs/id_df12b863d4bc/final/metrics_2025-11-10-16-49-315a3dff95.yaml,/workspaces/HIAAC-KR-Dev-Container/Minerva-Exps/benchmarks/experiments/paper_daghar_supervised_3runs_perlr_samples_down_seed_resnetse5_12345/logs/id_df12b863d4bc/final/run_2025-11-10-16-49-315a3dff95.yaml,0.7565217614173889,0.7729153037071228,0.7014367580413818,0.7565217614173889,0.7565217018127441,0.7729153633117676
evaluate_resnetse5,id_cb342176190c,id_9587d338daee,completed,1,True,id_51a779f741ee,supervised,resnetse5,full_finetune_lr1,id_de0e2f735469,multimodal_df,daghar_standardized_balanced,uci,test,,multimodal_perc_100,id_daa7333eb2f8,har,evaluate,full_run,/workspaces/HIAAC-KR-Dev-Container/Minerva-Exps/benchmarks/experiments/paper_daghar_supervised_3runs_perlr_samples_down_seed_resnetse5_12345/logs/id_cb342176190c/final,24425afcc9,/workspaces/HIAAC-KR-Dev-Container/Minerva-Exps/benchmarks/experiments/paper_daghar_supervised_3runs_perlr_samples_down_seed_resnetse5_12345/logs/id_cb342176190c/final/metrics_2025-11-10-16-41-24425afcc9.yaml,/workspaces/HIAAC-KR-Dev-Container/Minerva-Exps/benchmarks/experiments/paper_daghar_supervised_3runs_perlr_samples_down_seed_resnetse5_12345/logs/id_cb342176190c/final/run_2025-11-10-16-41-24425afcc9.yaml,0.7753623127937317,0.7803179025650024,0.7601017951965332,0.7753623127937317,0.7753623127937317,0.7803179025650024
evaluate_resnetse5,id_928d59a95094,id_fe272a908281,completed,1,True,id_01c6663a52ec,supervised,resnetse5,full_finetune_lr3,id_2baf3334bd86,multimodal_df,daghar_standardized_balanced,rw_waist,test,,multimodal_perc_100,id_daa7333eb2f8,har,evaluate,full_run,/workspaces/HIAAC-KR-Dev-Container/Minerva-Exps/benchmarks/experiments/paper_daghar_supervised_3runs_perlr_samples_down_seed_resnetse5_12345/logs/id_928d59a95094/final,438e36d026,/workspaces/HIAAC-KR-Dev-Container/Minerva-Exps/benchmarks/experiments/paper_daghar_supervised_3runs_perlr_samples_down_seed_resnetse5_12345/logs/id_928d59a95094/final/metrics_2025-11-10-16-15-438e36d026.yaml,/workspaces/HIAAC-KR-Dev-Container/Minerva-Exps/benchmarks/experiments/paper_daghar_supervised_3runs_perlr_samples_down_seed_resnetse5_12345/logs/id_928d59a95094/final/run_2025-11-10-16-15-438e36d026.yaml,0.685571014881134,0.7503464221954346,0.6591537594795227,0.685571014881134,0.6855709552764893,0.7503464818000793
train_resnetse5,id_ab81b5100712,,completed,0,False,id_a619266c470c,supervised,resnetse5,full_finetune_lr4,id_88b17060c225,multimodal_df,daghar_standardized_balanced,wisdm,train,config_0,multimodal_samples_100_2,id_7d268895569b,har,train,full_run,/workspaces/HIAAC-KR-Dev-Container/Minerva-Exps/benchmarks/experiments/paper_daghar_supervised_3runs_perlr_samples_down_seed_resnetse5_12345/logs/id_ab81b5100712/final,,,,,,,,,
train_resnetse5,id_129f52d9ec99,,completed,0,False,id_01c6663a52ec,supervised,resnetse5,full_finetune_lr3,id_65ee89aa2e13,multimodal_df,daghar_standardized_balanced,uci,train,config_0,multimodal_samples_100,id_7d268895569b,har,train,full_run,/workspaces/HIAAC-KR-Dev-Container/Minerva-Exps/benchmarks/experiments/paper_daghar_supervised_3runs_perlr_samples_down_seed_resnetse5_12345/logs/id_129f52d9ec99/final,,,,,,,,,
evaluate_resnetse5,id_35f62272e771,id_1c4e8c2943e5,completed,1,True,id_01c6663a52ec,supervised,resnetse5,full_finetune_lr3,id_9eaadd7e896e,multimodal_df,daghar_standardized_balanced,wisdm,test,,multimodal_perc_100,id_daa7333eb2f8,har,evaluate,full_run,/workspaces/HIAAC-KR-Dev-Container/Minerva-Exps/benchmarks/experiments/paper_daghar_supervised_3runs_perlr_samples_down_seed_resnetse5_12345/logs/id_35f62272e771/final,228b8970c2,/workspaces/HIAAC-KR-Dev-Container/Minerva-Exps/benchmarks/experiments/paper_daghar_supervised_3runs_perlr_samples_down_seed_resnetse5_12345/logs/id_35f62272e771/final/metrics_2025-11-10-15-35-228b8970c2.yaml,/workspaces/HIAAC-KR-Dev-Container/Minerva-Exps/benchmarks/experiments/paper_daghar_supervised_3runs_perlr_samples_down_seed_resnetse5_12345/logs/id_35f62272e771/final/run_2025-11-10-15-35-228b8970c2.yaml,0.4973118305206299,0.34905701875686646,0.33323806524276733,0.4973118305206299,0.4973118305206299,0.34905701875686646
evaluate_resnetse5,id_82d376187f11,id_7f2b02116ffa,completed,1,True,id_51a779f741ee,supervised,resnetse5,full_finetune_lr1,id_7d75503f6205,multimodal_df,daghar_standardized_balanced,motionsense,test,,multimodal_perc_100,id_daa7333eb2f8,har,evaluate,full_run,/workspaces/HIAAC-KR-Dev-Container/Minerva-Exps/benchmarks/experiments/paper_daghar_supervised_3runs_perlr_samples_down_seed_resnetse5_12345/logs/id_82d376187f11/final,53c064e7b3,/workspaces/HIAAC-KR-Dev-Container/Minerva-Exps/benchmarks/experiments/paper_daghar_supervised_3runs_perlr_samples_down_seed_resnetse5_12345/logs/id_82d376187f11/final/metrics_2025-11-10-16-08-53c064e7b3.yaml,/workspaces/HIAAC-KR-Dev-Container/Minerva-Exps/benchmarks/experiments/paper_daghar_supervised_3runs_perlr_samples_down_seed_resnetse5_12345/logs/id_82d376187f11/final/run_2025-11-10-16-08-53c064e7b3.yaml,0.4896421730518341,0.39271408319473267,0.36383551359176636,0.4896421730518341,0.4896422028541565,0.32726171612739563
train_resnetse5,id_1115dc1dd0d2,,completed,0,False,id_51a779f741ee,supervised,resnetse5,full_finetune_lr1,id_a50226a2e73f,multimodal_df,daghar_standardized_balanced,motionsense,train,config_0,multimodal_samples_005_3,id_7d268895569b,har,train,full_run,/workspaces/HIAAC-KR-Dev-Container/Minerva-Exps/benchmarks/experiments/paper_daghar_supervised_3runs_perlr_samples_down_seed_resnetse5_12345/logs/id_1115dc1dd0d2/final,,,,,,,,,
train_resnetse5,id_dc3fc1038d70,,completed,0,False,id_612c26209f9f,supervised,resnetse5,full_finetune_lr2,id_7c6176c62c39,multimodal_df,daghar_standardized_balanced,motionsense,train,config_0,multimodal_samples_001_2,id_7d268895569b,har,train,full_run,/workspaces/HIAAC-KR-Dev-Container/Minerva-Exps/benchmarks/experiments/paper_daghar_supervised_3runs_perlr_samples_down_seed_resnetse5_12345/logs/id_dc3fc1038d70/final,,,,,,,,,
train_resnetse5,id_c0c9bdc8d200,,completed,0,False,id_612c26209f9f,supervised,resnetse5,full_finetune_lr2,id_d368449171f5,multimodal_df,daghar_standardized_balanced,rw_waist,train,config_0,multimodal_samples_050_2,id_7d268895569b,har,train,full_run,/workspaces/HIAAC-KR-Dev-Container/Minerva-Exps/benchmarks/experiments/paper_daghar_supervised_3runs_perlr_samples_down_seed_resnetse5_12345/logs/id_c0c9bdc8d200/final,,,,,,,,,
train_resnetse5,id_dc6a5fb603b6,,completed,0,False,id_3f47675df06f,supervised,resnetse5,full_finetune_lr5,id_ff2bb65ac9fe,multimodal_df,daghar_standardized_balanced,uci,train,config_0,multimodal_samples_010_2,id_7d268895569b,har,train,full_run,/workspaces/HIAAC-KR-Dev-Container/Minerva-Exps/benchmarks/experiments/paper_daghar_supervised_3runs_perlr_samples_down_seed_resnetse5_12345/logs/id_dc6a5fb603b6/final,,,,,,,,,
evaluate_resnetse5,id_0e5cfea30256,id_6ec39034eba4,completed,1,True,id_a619266c470c,supervised,resnetse5,full_finetune_lr4,id_41d1c87a910c,multimodal_df,daghar_standardized_balanced,rw_waist,test,,multimodal_perc_100,id_daa7333eb2f8,har,evaluate,full_run,/workspaces/HIAAC-KR-Dev-Container/Minerva-Exps/benchmarks/experiments/paper_daghar_supervised_3runs_perlr_samples_down_seed_resnetse5_12345/logs/id_0e5cfea30256/final,05639b81da,/workspaces/HIAAC-KR-Dev-Container/Minerva-Exps/benchmarks/experiments/paper_daghar_supervised_3runs_perlr_samples_down_seed_resnetse5_12345/logs/id_0e5cfea30256/final/metrics_2025-11-10-15-19-05639b81da.yaml,/workspaces/HIAAC-KR-Dev-Container/Minerva-Exps/benchmarks/experiments/paper_daghar_supervised_3runs_perlr_samples_down_seed_resnetse5_12345/logs/id_0e5cfea30256/final/run_2025-11-10-15-19-05639b81da.yaml,0.6624228358268738,0.6945807337760925,0.6479678153991699,0.6624228358268738,0.6624228954315186,0.6945806741714478
evaluate_resnetse5,id_a102d8f0cc9c,id_19f6797e98de,completed,1,True,id_a619266c470c,supervised,resnetse5,full_finetune_lr4,id_2baf3334bd86,multimodal_df,daghar_standardized_balanced,rw_waist,test,,multimodal_perc_100,id_daa7333eb2f8,har,evaluate,full_run,/workspaces/HIAAC-KR-Dev-Container/Minerva-Exps/benchmarks/experiments/paper_daghar_supervised_3runs_perlr_samples_down_seed_resnetse5_12345/logs/id_a102d8f0cc9c/final,272b0a5fa9,/workspaces/HIAAC-KR-Dev-Container/Minerva-Exps/benchmarks/experiments/paper_daghar_supervised_3runs_perlr_samples_down_seed_resnetse5_12345/logs/id_a102d8f0cc9c/final/metrics_2025-11-10-16-22-272b0a5fa9.yaml,/workspaces/HIAAC-KR-Dev-Container/Minerva-Exps/benchmarks/experiments/paper_daghar_supervised_3runs_perlr_samples_down_seed_resnetse5_12345/logs/id_a102d8f0cc9c/final/run_2025-11-10-16-22-272b0a5fa9.yaml,0.6952160596847534,0.7469853758811951,0.6952152848243713,0.6952160596847534,0.6952160596847534,0.7469853758811951
evaluate_resnetse5,id_f2e169886dc2,id_4c07c2705ef2,completed,1,True,id_a619266c470c,supervised,resnetse5,full_finetune_lr4,id_42a54c9a7058,multimodal_df,daghar_standardized_balanced,uci,test,,multimodal_perc_100,id_daa7333eb2f8,har,evaluate,full_run,/workspaces/HIAAC-KR-Dev-Container/Minerva-Exps/benchmarks/experiments/paper_daghar_supervised_3runs_perlr_samples_down_seed_resnetse5_12345/logs/id_f2e169886dc2/final,434fa5e2d2,/workspaces/HIAAC-KR-Dev-Container/Minerva-Exps/benchmarks/experiments/paper_daghar_supervised_3runs_perlr_samples_down_seed_resnetse5_12345/logs/id_f2e169886dc2/final/metrics_2025-11-10-17-00-434fa5e2d2.yaml,/workspaces/HIAAC-KR-Dev-Container/Minerva-Exps/benchmarks/experiments/paper_daghar_supervised_3runs_perlr_samples_down_seed_resnetse5_12345/logs/id_f2e169886dc2/final/run_2025-11-10-17-00-434fa5e2d2.yaml,0.9376811385154724,0.9378941655158997,0.9376686811447144,0.9376811385154724,0.9376811981201172,0.9378942251205444
train_resnetse5,id_de0ed350fa84,,completed,0,False,id_3f47675df06f,supervised,resnetse5,full_finetune_lr5,id_e0ead58eab76,multimodal_df,daghar_standardized_balanced,kuhar,train,config_0,multimodal_samples_100_2,id_7d268895569b,har,train,full_run,/workspaces/HIAAC-KR-Dev-Container/Minerva-Exps/benchmarks/experiments/paper_daghar_supervised_3runs_perlr_samples_down_seed_resnetse5_12345/logs/id_de0ed350fa84/final,,,,,,,,,
evaluate_resnetse5,id_f054386b6035,id_c570f0749bdc,completed,1,True,id_51a779f741ee,supervised,resnetse5,full_finetune_lr1,id_2addac50de4b,multimodal_df,daghar_standardized_balanced,wisdm,test,,multimodal_perc_100,id_daa7333eb2f8,har,evaluate,full_run,/workspaces/HIAAC-KR-Dev-Container/Minerva-Exps/benchmarks/experiments/paper_daghar_supervised_3runs_perlr_samples_down_seed_resnetse5_12345/logs/id_f054386b6035/final,205a8c4500,/workspaces/HIAAC-KR-Dev-Container/Minerva-Exps/benchmarks/experiments/paper_daghar_supervised_3runs_perlr_samples_down_seed_resnetse5_12345/logs/id_f054386b6035/final/metrics_2025-11-10-17-00-205a8c4500.yaml,/workspaces/HIAAC-KR-Dev-Container/Minerva-Exps/benchmarks/experiments/paper_daghar_supervised_3runs_perlr_samples_down_seed_resnetse5_12345/logs/id_f054386b6035/final/run_2025-11-10-17-00-205a8c4500.yaml,0.7361751198768616,0.7629597783088684,0.661677360534668,0.7361751198768616,0.7361751198768616,0.7629597783088684
evaluate_resnetse5,id_89b727889485,id_887b6f384f47,completed,1,True,id_612c26209f9f,supervised,resnetse5,full_finetune_lr2,id_010187ba04f0,multimodal_df,daghar_standardized_balanced,wisdm,test,,multimodal_perc_100,id_daa7333eb2f8,har,evaluate,full_run,/workspaces/HIAAC-KR-Dev-Container/Minerva-Exps/benchmarks/experiments/paper_daghar_supervised_3runs_perlr_samples_down_seed_resnetse5_12345/logs/id_89b727889485/final,53cba2d58a,/workspaces/HIAAC-KR-Dev-Container/Minerva-Exps/benchmarks/experiments/paper_daghar_supervised_3runs_perlr_samples_down_seed_resnetse5_12345/logs/id_89b727889485/final/metrics_2025-11-10-16-11-53cba2d58a.yaml,/workspaces/HIAAC-KR-Dev-Container/Minerva-Exps/benchmarks/experiments/paper_daghar_supervised_3runs_perlr_samples_down_seed_resnetse5_12345/logs/id_89b727889485/final/run_2025-11-10-16-11-53cba2d58a.yaml,0.8548387289047241,0.8581727743148804,0.8539007306098938,0.8548387289047241,0.8548387289047241,0.8581728339195251
evaluate_resnetse5,id_cee3300e8445,id_2c93ff8ebe82,completed,1,True,id_3f47675df06f,supervised,resnetse5,full_finetune_lr5,id_ac6f76c42db0,multimodal_df,daghar_standardized_balanced,rw_thigh,test,,multimodal_perc_100,id_daa7333eb2f8,har,evaluate,full_run,/workspaces/HIAAC-KR-Dev-Container/Minerva-Exps/benchmarks/experiments/paper_daghar_supervised_3runs_perlr_samples_down_seed_resnetse5_12345/logs/id_cee3300e8445/final,15c91c3f3c,/workspaces/HIAAC-KR-Dev-Container/Minerva-Exps/benchmarks/experiments/paper_daghar_supervised_3runs_perlr_samples_down_seed_resnetse5_12345/logs/id_cee3300e8445/final/metrics_2025-11-10-16-42-15c91c3f3c.yaml,/workspaces/HIAAC-KR-Dev-Container/Minerva-Exps/benchmarks/experiments/paper_daghar_supervised_3runs_perlr_samples_down_seed_resnetse5_12345/logs/id_cee3300e8445/final/run_2025-11-10-16-42-15c91c3f3c.yaml,0.5289855003356934,0.5615144371986389,0.42893749475479126,0.5289855003356934,0.5289855003356934,0.3743429481983185
evaluate_resnetse5,id_c938f8eaf057,id_81388d8b7649,completed,1,True,id_3f47675df06f,supervised,resnetse5,full_finetune_lr5,id_2f3102cb0072,multimodal_df,daghar_standardized_balanced,wisdm,test,,multimodal_perc_100,id_daa7333eb2f8,har,evaluate,full_run,/workspaces/HIAAC-KR-Dev-Container/Minerva-Exps/benchmarks/experiments/paper_daghar_supervised_3runs_perlr_samples_down_seed_resnetse5_12345/logs/id_c938f8eaf057/final,36ed8965a3,/workspaces/HIAAC-KR-Dev-Container/Minerva-Exps/benchmarks/experiments/paper_daghar_supervised_3runs_perlr_samples_down_seed_resnetse5_12345/logs/id_c938f8eaf057/final/metrics_2025-11-10-16-39-36ed8965a3.yaml,/workspaces/HIAAC-KR-Dev-Container/Minerva-Exps/benchmarks/experiments/paper_daghar_supervised_3runs_perlr_samples_down_seed_resnetse5_12345/logs/id_c938f8eaf057/final/run_2025-11-10-16-39-36ed8965a3.yaml,0.7392473220825195,0.7855931520462036,0.687602162361145,0.7392473220825195,0.7392473220825195,0.7855930924415588
train_resnetse5,id_e6035aa89751,,completed,0,False,id_01c6663a52ec,supervised,resnetse5,full_finetune_lr3,id_8949c49a12d2,multimodal_df,daghar_standardized_balanced,uci,train,config_0,multimodal_samples_001,id_7d268895569b,har,train,full_run,/workspaces/HIAAC-KR-Dev-Container/Minerva-Exps/benchmarks/experiments/paper_daghar_supervised_3runs_perlr_samples_down_seed_resnetse5_12345/logs/id_e6035aa89751/final,,,,,,,,,
train_resnetse5,id_c2c9d19d4b20,,completed,0,False,id_612c26209f9f,supervised,resnetse5,full_finetune_lr2,id_dc9780befec7,multimodal_df,daghar_standardized_balanced,uci,train,config_0,multimodal_perc_100,id_7d268895569b,har,train,full_run,/workspaces/HIAAC-KR-Dev-Container/Minerva-Exps/benchmarks/experiments/paper_daghar_supervised_3runs_perlr_samples_down_seed_resnetse5_12345/logs/id_c2c9d19d4b20/final,,,,,,,,,
train_resnetse5,id_6b35878dd702,,completed,0,False,id_a619266c470c,supervised,resnetse5,full_finetune_lr4,id_6dc44c345419,multimodal_df,daghar_standardized_balanced,rw_waist,train,config_0,multimodal_samples_025,id_7d268895569b,har,train,full_run,/workspaces/HIAAC-KR-Dev-Container/Minerva-Exps/benchmarks/experiments/paper_daghar_supervised_3runs_perlr_samples_down_seed_resnetse5_12345/logs/id_6b35878dd702/final,,,,,,,,,
evaluate_resnetse5,id_678472a76800,id_7d5fd8e26f8a,completed,1,True,id_01c6663a52ec,supervised,resnetse5,full_finetune_lr3,id_1ada09b787aa,multimodal_df,daghar_standardized_balanced,rw_thigh,test,,multimodal_perc_100,id_daa7333eb2f8,har,evaluate,full_run,/workspaces/HIAAC-KR-Dev-Container/Minerva-Exps/benchmarks/experiments/paper_daghar_supervised_3runs_perlr_samples_down_seed_resnetse5_12345/logs/id_678472a76800/final,000f33b4d6,/workspaces/HIAAC-KR-Dev-Container/Minerva-Exps/benchmarks/experiments/paper_daghar_supervised_3runs_perlr_samples_down_seed_resnetse5_12345/logs/id_678472a76800/final/metrics_2025-11-10-15-57-000f33b4d6.yaml,/workspaces/HIAAC-KR-Dev-Container/Minerva-Exps/benchmarks/experiments/paper_daghar_supervised_3runs_perlr_samples_down_seed_resnetse5_12345/logs/id_678472a76800/final/run_2025-11-10-15-57-000f33b4d6.yaml,0.6818495392799377,0.7699039578437805,0.6419401168823242,0.6818495392799377,0.6818495392799377,0.7699038982391357
train_resnetse5,id_1ba397ad3628,,completed,0,False,id_3f47675df06f,supervised,resnetse5,full_finetune_lr5,id_aab211c92197,multimodal_df,daghar_standardized_balanced,rw_waist,train,config_0,multimodal_samples_005_3,id_7d268895569b,har,train,full_run,/workspaces/HIAAC-KR-Dev-Container/Minerva-Exps/benchmarks/experiments/paper_daghar_supervised_3runs_perlr_samples_down_seed_resnetse5_12345/logs/id_1ba397ad3628/final,,,,,,,,,
train_resnetse5,id_17bac6acdca9,,completed,0,False,id_01c6663a52ec,supervised,resnetse5,full_finetune_lr3,id_22326f4c2dcc,multimodal_df,daghar_standardized_balanced,wisdm,train,config_0,multimodal_samples_050,id_7d268895569b,har,train,full_run,/workspaces/HIAAC-KR-Dev-Container/Minerva-Exps/benchmarks/experiments/paper_daghar_supervised_3runs_perlr_samples_down_seed_resnetse5_12345/logs/id_17bac6acdca9/final,,,,,,,,,
train_resnetse5,id_b9f856cbdb8f,,completed,0,False,id_01c6663a52ec,supervised,resnetse5,full_finetune_lr3,id_20dbdedc5e50,multimodal_df,daghar_standardized_balanced,rw_waist,train,config_0,multimodal_perc_100_3,id_7d268895569b,har,train,full_run,/workspaces/HIAAC-KR-Dev-Container/Minerva-Exps/benchmarks/experiments/paper_daghar_supervised_3runs_perlr_samples_down_seed_resnetse5_12345/logs/id_b9f856cbdb8f/final,,,,,,,,,
evaluate_resnetse5,id_53e530a16ef8,id_0fa130e081f3,completed,1,True,id_51a779f741ee,supervised,resnetse5,full_finetune_lr1,id_2ec699262787,multimodal_df,daghar_standardized_balanced,rw_waist,test,,multimodal_perc_100,id_daa7333eb2f8,har,evaluate,full_run,/workspaces/HIAAC-KR-Dev-Container/Minerva-Exps/benchmarks/experiments/paper_daghar_supervised_3runs_perlr_samples_down_seed_resnetse5_12345/logs/id_53e530a16ef8/final,17f9c656d6,/workspaces/HIAAC-KR-Dev-Container/Minerva-Exps/benchmarks/experiments/paper_daghar_supervised_3runs_perlr_samples_down_seed_resnetse5_12345/logs/id_53e530a16ef8/final/metrics_2025-11-10-15-48-17f9c656d6.yaml,/workspaces/HIAAC-KR-Dev-Container/Minerva-Exps/benchmarks/experiments/paper_daghar_supervised_3runs_perlr_samples_down_seed_resnetse5_12345/logs/id_53e530a16ef8/final/run_2025-11-10-15-48-17f9c656d6.yaml,0.6253858208656311,0.660575270652771,0.5980969667434692,0.6253858208656311,0.6253858208656311,0.660575270652771
evaluate_resnetse5,id_190a06001616,id_39c3399e6ad4,completed,1,True,id_a619266c470c,supervised,resnetse5,full_finetune_lr4,id_1538479d89f1,multimodal_df,daghar_standardized_balanced,wisdm,test,,multimodal_perc_100,id_daa7333eb2f8,har,evaluate,full_run,/workspaces/HIAAC-KR-Dev-Container/Minerva-Exps/benchmarks/experiments/paper_daghar_supervised_3runs_perlr_samples_down_seed_resnetse5_12345/logs/id_190a06001616/final,460fe91963,/workspaces/HIAAC-KR-Dev-Container/Minerva-Exps/benchmarks/experiments/paper_daghar_supervised_3runs_perlr_samples_down_seed_resnetse5_12345/logs/id_190a06001616/final/metrics_2025-11-10-15-24-460fe91963.yaml,/workspaces/HIAAC-KR-Dev-Container/Minerva-Exps/benchmarks/experiments/paper_daghar_supervised_3runs_perlr_samples_down_seed_resnetse5_12345/logs/id_190a06001616/final/run_2025-11-10-15-24-460fe91963.yaml,0.8110598921775818,0.8107450008392334,0.8108904361724854,0.8110598921775818,0.8110599517822266,0.8107450008392334
train_resnetse5,id_5360f9a9f370,,completed,0,False,id_612c26209f9f,supervised,resnetse5,full_finetune_lr2,id_4a2aca339c33,multimodal_df,daghar_standardized_balanced,rw_waist,train,config_0,multimodal_samples_010,id_7d268895569b,har,train,full_run,/workspaces/HIAAC-KR-Dev-Container/Minerva-Exps/benchmarks/experiments/paper_daghar_supervised_3runs_perlr_samples_down_seed_resnetse5_12345/logs/id_5360f9a9f370/final,,,,,,,,,
evaluate_resnetse5,id_e57158840445,id_90406e094e4e,completed,1,True,id_a619266c470c,supervised,resnetse5,full_finetune_lr4,id_41258ff64643,multimodal_df,daghar_standardized_balanced,wisdm,test,,multimodal_perc_100,id_daa7333eb2f8,har,evaluate,full_run,/workspaces/HIAAC-KR-Dev-Container/Minerva-Exps/benchmarks/experiments/paper_daghar_supervised_3runs_perlr_samples_down_seed_resnetse5_12345/logs/id_e57158840445/final,4986df7318,/workspaces/HIAAC-KR-Dev-Container/Minerva-Exps/benchmarks/experiments/paper_daghar_supervised_3runs_perlr_samples_down_seed_resnetse5_12345/logs/id_e57158840445/final/metrics_2025-11-10-16-52-4986df7318.yaml,/workspaces/HIAAC-KR-Dev-Container/Minerva-Exps/benchmarks/experiments/paper_daghar_supervised_3runs_perlr_samples_down_seed_resnetse5_12345/logs/id_e57158840445/final/run_2025-11-10-16-52-4986df7318.yaml,0.8072196841239929,0.8131183385848999,0.8058609962463379,0.8072196841239929,0.8072196245193481,0.8131183981895447
evaluate_resnetse5,id_89df720d4d41,id_0ebb6e196f48,completed,1,True,id_612c26209f9f,supervised,resnetse5,full_finetune_lr2,id_a61c5c890097,multimodal_df,daghar_standardized_balanced,kuhar,test,,multimodal_perc_100,id_daa7333eb2f8,har,evaluate,full_run,/workspaces/HIAAC-KR-Dev-Container/Minerva-Exps/benchmarks/experiments/paper_daghar_supervised_3runs_perlr_samples_down_seed_resnetse5_12345/logs/id_89df720d4d41/final,579c4c87f0,/workspaces/HIAAC-KR-Dev-Container/Minerva-Exps/benchmarks/experiments/paper_daghar_supervised_3runs_perlr_samples_down_seed_resnetse5_12345/logs/id_89df720d4d41/final/metrics_2025-11-10-16-11-579c4c87f0.yaml,/workspaces/HIAAC-KR-Dev-Container/Minerva-Exps/benchmarks/experiments/paper_daghar_supervised_3runs_perlr_samples_down_seed_resnetse5_12345/logs/id_89df720d4d41/final/run_2025-11-10-16-11-579c4c87f0.yaml,0.4375,0.3741050064563751,0.3104359805583954,0.4375,0.4375,0.24940332770347595
train_resnetse5,id_bfe17f2ad0e3,,completed,0,False,id_51a779f741ee,supervised,resnetse5,full_finetune_lr1,id_cc98e906d375,multimodal_df,daghar_standardized_balanced,rw_thigh,train,config_0,multimodal_perc_100_2,id_7d268895569b,har,train,full_run,/workspaces/HIAAC-KR-Dev-Container/Minerva-Exps/benchmarks/experiments/paper_daghar_supervised_3runs_perlr_samples_down_seed_resnetse5_12345/logs/id_bfe17f2ad0e3/final,,,,,,,,,
train_resnetse5,id_303bf5277cd6,,completed,0,False,id_a619266c470c,supervised,resnetse5,full_finetune_lr4,id_d2bcc241477b,multimodal_df,daghar_standardized_balanced,uci,train,config_0,multimodal_samples_050_3,id_7d268895569b,har,train,full_run,/workspaces/HIAAC-KR-Dev-Container/Minerva-Exps/benchmarks/experiments/paper_daghar_supervised_3runs_perlr_samples_down_seed_resnetse5_12345/logs/id_303bf5277cd6/final,,,,,,,,,
evaluate_resnetse5,id_f5e075fe3e69,id_e4cf4b8dcbf2,completed,1,True,id_01c6663a52ec,supervised,resnetse5,full_finetune_lr3,id_a61c5c890097,multimodal_df,daghar_standardized_balanced,kuhar,test,,multimodal_perc_100,id_daa7333eb2f8,har,evaluate,full_run,/workspaces/HIAAC-KR-Dev-Container/Minerva-Exps/benchmarks/experiments/paper_daghar_supervised_3runs_perlr_samples_down_seed_resnetse5_12345/logs/id_f5e075fe3e69/final,440bc8b647,/workspaces/HIAAC-KR-Dev-Container/Minerva-Exps/benchmarks/experiments/paper_daghar_supervised_3runs_perlr_samples_down_seed_resnetse5_12345/logs/id_f5e075fe3e69/final/metrics_2025-11-10-17-01-440bc8b647.yaml,/workspaces/HIAAC-KR-Dev-Container/Minerva-Exps/benchmarks/experiments/paper_daghar_supervised_3runs_perlr_samples_down_seed_resnetse5_12345/logs/id_f5e075fe3e69/final/run_2025-11-10-17-01-440bc8b647.yaml,0.5277777910232544,0.6021141409873962,0.41634997725486755,0.5277777910232544,0.5277777910232544,0.501761794090271
train_resnetse5,id_1742f3179097,,completed,0,False,id_51a779f741ee,supervised,resnetse5,full_finetune_lr1,id_d94ad4785d32,multimodal_df,daghar_standardized_balanced,kuhar,train,config_0,multimodal_samples_200_2,id_7d268895569b,har,train,full_run,/workspaces/HIAAC-KR-Dev-Container/Minerva-Exps/benchmarks/experiments/paper_daghar_supervised_3runs_perlr_samples_down_seed_resnetse5_12345/logs/id_1742f3179097/final,,,,,,,,,
evaluate_resnetse5,id_775616ecaeb1,id_78c22ffb0496,completed,1,True,id_a619266c470c,supervised,resnetse5,full_finetune_lr4,id_b0a1f1942e39,multimodal_df,daghar_standardized_balanced,rw_thigh,test,,multimodal_perc_100,id_daa7333eb2f8,har,evaluate,full_run,/workspaces/HIAAC-KR-Dev-Container/Minerva-Exps/benchmarks/experiments/paper_daghar_supervised_3runs_perlr_samples_down_seed_resnetse5_12345/logs/id_775616ecaeb1/final,58a2f217e0,/workspaces/HIAAC-KR-Dev-Container/Minerva-Exps/benchmarks/experiments/paper_daghar_supervised_3runs_perlr_samples_down_seed_resnetse5_12345/logs/id_775616ecaeb1/final/metrics_2025-11-10-16-03-58a2f217e0.yaml,/workspaces/HIAAC-KR-Dev-Container/Minerva-Exps/benchmarks/experiments/paper_daghar_supervised_3runs_perlr_samples_down_seed_resnetse5_12345/logs/id_775616ecaeb1/final/run_2025-11-10-16-03-58a2f217e0.yaml,0.47550034523010254,0.4599987268447876,0.3978218138217926,0.47550034523010254,0.47550034523010254,0.4599986672401428
evaluate_resnetse5,id_11fb9dd1f9ff,id_31c0a079bcba,completed,1,True,id_51a779f741ee,supervised,resnetse5,full_finetune_lr1,id_5e9954676477,multimodal_df,daghar_standardized_balanced,wisdm,test,,multimodal_perc_100,id_daa7333eb2f8,har,evaluate,full_run,/workspaces/HIAAC-KR-Dev-Container/Minerva-Exps/benchmarks/experiments/paper_daghar_supervised_3runs_perlr_samples_down_seed_resnetse5_12345/logs/id_11fb9dd1f9ff/final,191cc67119,/workspaces/HIAAC-KR-Dev-Container/Minerva-Exps/benchmarks/experiments/paper_daghar_supervised_3runs_perlr_samples_down_seed_resnetse5_12345/logs/id_11fb9dd1f9ff/final/metrics_2025-11-10-15-21-191cc67119.yaml,/workspaces/HIAAC-KR-Dev-Container/Minerva-Exps/benchmarks/experiments/paper_daghar_supervised_3runs_perlr_samples_down_seed_resnetse5_12345/logs/id_11fb9dd1f9ff/final/run_2025-11-10-15-21-191cc67119.yaml,0.7066051959991455,0.6064851880073547,0.6328161358833313,0.7066051959991455,0.7066052556037903,0.60648512840271
train_resnetse5,id_6f3d5b2dd9fe,,completed,0,False,id_3f47675df06f,supervised,resnetse5,full_finetune_lr5,id_083b8f815ed5,multimodal_df,daghar_standardized_balanced,uci,train,config_0,multimodal_samples_200,id_7d268895569b,har,train,full_run,/workspaces/HIAAC-KR-Dev-Container/Minerva-Exps/benchmarks/experiments/paper_daghar_supervised_3runs_perlr_samples_down_seed_resnetse5_12345/logs/id_6f3d5b2dd9fe/final,,,,,,,,,
evaluate_resnetse5,id_779be11d2a26,id_d06e281ce048,completed,1,True,id_51a779f741ee,supervised,resnetse5,full_finetune_lr1,id_b00b222d795f,multimodal_df,daghar_standardized_balanced,motionsense,test,,multimodal_perc_100,id_daa7333eb2f8,har,evaluate,full_run,/workspaces/HIAAC-KR-Dev-Container/Minerva-Exps/benchmarks/experiments/paper_daghar_supervised_3runs_perlr_samples_down_seed_resnetse5_12345/logs/id_779be11d2a26/final,15392d7cae,/workspaces/HIAAC-KR-Dev-Container/Minerva-Exps/benchmarks/experiments/paper_daghar_supervised_3runs_perlr_samples_down_seed_resnetse5_12345/logs/id_779be11d2a26/final/metrics_2025-11-10-16-04-15392d7cae.yaml,/workspaces/HIAAC-KR-Dev-Container/Minerva-Exps/benchmarks/experiments/paper_daghar_supervised_3runs_perlr_samples_down_seed_resnetse5_12345/logs/id_779be11d2a26/final/run_2025-11-10-16-04-15392d7cae.yaml,0.5800376534461975,0.7294360995292664,0.5158613920211792,0.5800376534461975,0.5800376534461975,0.6078634262084961
train_resnetse5,id_f86a2453a555,,completed,0,False,id_01c6663a52ec,supervised,resnetse5,full_finetune_lr3,id_52a5133aa345,multimodal_df,daghar_standardized_balanced,wisdm,train,config_0,multimodal_samples_100_3,id_7d268895569b,har,train,full_run,/workspaces/HIAAC-KR-Dev-Container/Minerva-Exps/benchmarks/experiments/paper_daghar_supervised_3runs_perlr_samples_down_seed_resnetse5_12345/logs/id_f86a2453a555/final,,,,,,,,,
evaluate_resnetse5,id_536576137902,id_627baf7b2df1,completed,1,True,id_3f47675df06f,supervised,resnetse5,full_finetune_lr5,id_a6c758571924,multimodal_df,daghar_standardized_balanced,motionsense,test,,multimodal_perc_100,id_daa7333eb2f8,har,evaluate,full_run,/workspaces/HIAAC-KR-Dev-Container/Minerva-Exps/benchmarks/experiments/paper_daghar_supervised_3runs_perlr_samples_down_seed_resnetse5_12345/logs/id_536576137902/final,50928869f5,/workspaces/HIAAC-KR-Dev-Container/Minerva-Exps/benchmarks/experiments/paper_daghar_supervised_3runs_perlr_samples_down_seed_resnetse5_12345/logs/id_536576137902/final/metrics_2025-11-10-15-47-50928869f5.yaml,/workspaces/HIAAC-KR-Dev-Container/Minerva-Exps/benchmarks/experiments/paper_daghar_supervised_3runs_perlr_samples_down_seed_resnetse5_12345/logs/id_536576137902/final/run_2025-11-10-15-47-50928869f5.yaml,0.8418079018592834,0.8725140690803528,0.8286769390106201,0.8418079018592834,0.8418079018592834,0.8725141286849976
train_resnetse5,id_719f997db490,,completed,0,False,id_3f47675df06f,supervised,resnetse5,full_finetune_lr5,id_14b0f19aa3e3,multimodal_df,daghar_standardized_balanced,rw_waist,train,config_0,multimodal_samples_100_2,id_7d268895569b,har,train,full_run,/workspaces/HIAAC-KR-Dev-Container/Minerva-Exps/benchmarks/experiments/paper_daghar_supervised_3runs_perlr_samples_down_seed_resnetse5_12345/logs/id_719f997db490/final,,,,,,,,,
train_resnetse5,id_e240b9a8a855,,completed,0,False,id_3f47675df06f,supervised,resnetse5,full_finetune_lr5,id_c6b7ed4cb494,multimodal_df,daghar_standardized_balanced,rw_waist,train,config_0,multimodal_samples_200,id_7d268895569b,har,train,full_run,/workspaces/HIAAC-KR-Dev-Container/Minerva-Exps/benchmarks/experiments/paper_daghar_supervised_3runs_perlr_samples_down_seed_resnetse5_12345/logs/id_e240b9a8a855/final,,,,,,,,,
train_resnetse5,id_496d8ebf27b5,,completed,0,False,id_3f47675df06f,supervised,resnetse5,full_finetune_lr5,id_515e0c3fbe05,multimodal_df,daghar_standardized_balanced,kuhar,train,config_0,multimodal_samples_200,id_7d268895569b,har,train,full_run,/workspaces/HIAAC-KR-Dev-Container/Minerva-Exps/benchmarks/experiments/paper_daghar_supervised_3runs_perlr_samples_down_seed_resnetse5_12345/logs/id_496d8ebf27b5/final,,,,,,,,,
train_resnetse5,id_e384f880b0d6,,completed,0,False,id_612c26209f9f,supervised,resnetse5,full_finetune_lr2,id_7df0892adc07,multimodal_df,daghar_standardized_balanced,rw_thigh,train,config_0,multimodal_samples_005,id_7d268895569b,har,train,full_run,/workspaces/HIAAC-KR-Dev-Container/Minerva-Exps/benchmarks/experiments/paper_daghar_supervised_3runs_perlr_samples_down_seed_resnetse5_12345/logs/id_e384f880b0d6/final,,,,,,,,,
train_resnetse5,id_e04503f5a3e8,,completed,0,False,id_3f47675df06f,supervised,resnetse5,full_finetune_lr5,id_55cd8c823098,multimodal_df,daghar_standardized_balanced,kuhar,train,config_0,multimodal_samples_050_2,id_7d268895569b,har,train,full_run,/workspaces/HIAAC-KR-Dev-Container/Minerva-Exps/benchmarks/experiments/paper_daghar_supervised_3runs_perlr_samples_down_seed_resnetse5_12345/logs/id_e04503f5a3e8/final,,,,,,,,,
evaluate_resnetse5,id_b254e09964d9,id_95e22ed5d623,completed,1,True,id_51a779f741ee,supervised,resnetse5,full_finetune_lr1,id_6c0870a402a8,multimodal_df,daghar_standardized_balanced,uci,test,,multimodal_perc_100,id_daa7333eb2f8,har,evaluate,full_run,/workspaces/HIAAC-KR-Dev-Container/Minerva-Exps/benchmarks/experiments/paper_daghar_supervised_3runs_perlr_samples_down_seed_resnetse5_12345/logs/id_b254e09964d9/final,125c1d1e7a,/workspaces/HIAAC-KR-Dev-Container/Minerva-Exps/benchmarks/experiments/paper_daghar_supervised_3runs_perlr_samples_down_seed_resnetse5_12345/logs/id_b254e09964d9/final/metrics_2025-11-10-16-29-125c1d1e7a.yaml,/workspaces/HIAAC-KR-Dev-Container/Minerva-Exps/benchmarks/experiments/paper_daghar_supervised_3runs_perlr_samples_down_seed_resnetse5_12345/logs/id_b254e09964d9/final/run_2025-11-10-16-29-125c1d1e7a.yaml,0.804347813129425,0.8500536680221558,0.7489791512489319,0.804347813129425,0.804347813129425,0.8500537276268005
train_resnetse5,id_e48f51041cb7,,completed,0,False,id_51a779f741ee,supervised,resnetse5,full_finetune_lr1,id_caa8f5feb10b,multimodal_df,daghar_standardized_balanced,kuhar,train,config_0,multimodal_samples_050,id_7d268895569b,har,train,full_run,/workspaces/HIAAC-KR-Dev-Container/Minerva-Exps/benchmarks/experiments/paper_daghar_supervised_3runs_perlr_samples_down_seed_resnetse5_12345/logs/id_e48f51041cb7/final,,,,,,,,,
train_resnetse5,id_788b8e0792cd,,completed,0,False,id_01c6663a52ec,supervised,resnetse5,full_finetune_lr3,id_0f9a122d7cc5,multimodal_df,daghar_standardized_balanced,uci,train,config_0,multimodal_samples_025,id_7d268895569b,har,train,full_run,/workspaces/HIAAC-KR-Dev-Container/Minerva-Exps/benchmarks/experiments/paper_daghar_supervised_3runs_perlr_samples_down_seed_resnetse5_12345/logs/id_788b8e0792cd/final,,,,,,,,,
train_resnetse5,id_abccaac92969,,completed,0,False,id_3f47675df06f,supervised,resnetse5,full_finetune_lr5,id_1a725c88d879,multimodal_df,daghar_standardized_balanced,wisdm,train,config_0,multimodal_samples_025_2,id_7d268895569b,har,train,full_run,/workspaces/HIAAC-KR-Dev-Container/Minerva-Exps/benchmarks/experiments/paper_daghar_supervised_3runs_perlr_samples_down_seed_resnetse5_12345/logs/id_abccaac92969/final,,,,,,,,,
evaluate_resnetse5,id_9ec0b389869f,id_3b4e6c690a28,completed,1,True,id_a619266c470c,supervised,resnetse5,full_finetune_lr4,id_e2018ac605e5,multimodal_df,daghar_standardized_balanced,rw_waist,test,,multimodal_perc_100,id_daa7333eb2f8,har,evaluate,full_run,/workspaces/HIAAC-KR-Dev-Container/Minerva-Exps/benchmarks/experiments/paper_daghar_supervised_3runs_perlr_samples_down_seed_resnetse5_12345/logs/id_9ec0b389869f/final,38c43024c4,/workspaces/HIAAC-KR-Dev-Container/Minerva-Exps/benchmarks/experiments/paper_daghar_supervised_3runs_perlr_samples_down_seed_resnetse5_12345/logs/id_9ec0b389869f/final/metrics_2025-11-10-16-21-38c43024c4.yaml,/workspaces/HIAAC-KR-Dev-Container/Minerva-Exps/benchmarks/experiments/paper_daghar_supervised_3runs_perlr_samples_down_seed_resnetse5_12345/logs/id_9ec0b389869f/final/run_2025-11-10-16-21-38c43024c4.yaml,0.7006173133850098,0.7818432450294495,0.6768367290496826,0.7006173133850098,0.700617253780365,0.7818431854248047
train_resnetse5,id_e81075ed84f5,,completed,0,False,id_a619266c470c,supervised,resnetse5,full_finetune_lr4,id_dc9780befec7,multimodal_df,daghar_standardized_balanced,uci,train,config_0,multimodal_perc_100,id_7d268895569b,har,train,full_run,/workspaces/HIAAC-KR-Dev-Container/Minerva-Exps/benchmarks/experiments/paper_daghar_supervised_3runs_perlr_samples_down_seed_resnetse5_12345/logs/id_e81075ed84f5/final,,,,,,,,,
train_resnetse5,id_528fd1f7a892,,completed,0,False,id_01c6663a52ec,supervised,resnetse5,full_finetune_lr3,id_7c6176c62c39,multimodal_df,daghar_standardized_balanced,motionsense,train,config_0,multimodal_samples_001_2,id_7d268895569b,har,train,full_run,/workspaces/HIAAC-KR-Dev-Container/Minerva-Exps/benchmarks/experiments/paper_daghar_supervised_3runs_perlr_samples_down_seed_resnetse5_12345/logs/id_528fd1f7a892/final,,,,,,,,,
evaluate_resnetse5,id_07bc58292ab5,id_4a55cdf93a80,completed,1,True,id_51a779f741ee,supervised,resnetse5,full_finetune_lr1,id_e9fdc57ecaa9,multimodal_df,daghar_standardized_balanced,uci,test,,multimodal_perc_100,id_daa7333eb2f8,har,evaluate,full_run,/workspaces/HIAAC-KR-Dev-Container/Minerva-Exps/benchmarks/experiments/paper_daghar_supervised_3runs_perlr_samples_down_seed_resnetse5_12345/logs/id_07bc58292ab5/final,10bb4744b8,/workspaces/HIAAC-KR-Dev-Container/Minerva-Exps/benchmarks/experiments/paper_daghar_supervised_3runs_perlr_samples_down_seed_resnetse5_12345/logs/id_07bc58292ab5/final/metrics_2025-11-10-15-17-10bb4744b8.yaml,/workspaces/HIAAC-KR-Dev-Container/Minerva-Exps/benchmarks/experiments/paper_daghar_supervised_3runs_perlr_samples_down_seed_resnetse5_12345/logs/id_07bc58292ab5/final/run_2025-11-10-15-17-10bb4744b8.yaml,0.782608687877655,0.7899720072746277,0.7605631351470947,0.782608687877655,0.782608687877655,0.7899720668792725
evaluate_resnetse5,id_fa9d17a380f3,id_30aa8587bd09,completed,1,True,id_51a779f741ee,supervised,resnetse5,full_finetune_lr1,id_2299b922b3b8,multimodal_df,daghar_standardized_balanced,wisdm,test,,multimodal_perc_100,id_daa7333eb2f8,har,evaluate,full_run,/workspaces/HIAAC-KR-Dev-Container/Minerva-Exps/benchmarks/experiments/paper_daghar_supervised_3runs_perlr_samples_down_seed_resnetse5_12345/logs/id_fa9d17a380f3/final,12095553bf,/workspaces/HIAAC-KR-Dev-Container/Minerva-Exps/benchmarks/experiments/paper_daghar_supervised_3runs_perlr_samples_down_seed_resnetse5_12345/logs/id_fa9d17a380f3/final/metrics_2025-11-10-17-03-12095553bf.yaml,/workspaces/HIAAC-KR-Dev-Container/Minerva-Exps/benchmarks/experiments/paper_daghar_supervised_3runs_perlr_samples_down_seed_resnetse5_12345/logs/id_fa9d17a380f3/final/run_2025-11-10-17-03-12095553bf.yaml,0.6831797361373901,0.6059194803237915,0.6171211004257202,0.6831797361373901,0.6831797361373901,0.6059194803237915
train_resnetse5,id_14bcede56324,,completed,0,False,id_3f47675df06f,supervised,resnetse5,full_finetune_lr5,id_98a30d23c42b,multimodal_df,daghar_standardized_balanced,rw_waist,train,config_0,multimodal_samples_001,id_7d268895569b,har,train,full_run,/workspaces/HIAAC-KR-Dev-Container/Minerva-Exps/benchmarks/experiments/paper_daghar_supervised_3runs_perlr_samples_down_seed_resnetse5_12345/logs/id_14bcede56324/final,,,,,,,,,
train_resnetse5,id_7d5fd8e26f8a,,completed,0,False,id_01c6663a52ec,supervised,resnetse5,full_finetune_lr3,id_3879140ea3fb,multimodal_df,daghar_standardized_balanced,rw_thigh,train,config_0,multimodal_samples_010_2,id_7d268895569b,har,train,full_run,/workspaces/HIAAC-KR-Dev-Container/Minerva-Exps/benchmarks/experiments/paper_daghar_supervised_3runs_perlr_samples_down_seed_resnetse5_12345/logs/id_7d5fd8e26f8a/final,,,,,,,,,
evaluate_resnetse5,id_784bd0f97053,id_085267f274eb,completed,1,True,id_51a779f741ee,supervised,resnetse5,full_finetune_lr1,id_59be9faa838c,multimodal_df,daghar_standardized_balanced,rw_thigh,test,,multimodal_perc_100,id_daa7333eb2f8,har,evaluate,full_run,/workspaces/HIAAC-KR-Dev-Container/Minerva-Exps/benchmarks/experiments/paper_daghar_supervised_3runs_perlr_samples_down_seed_resnetse5_12345/logs/id_784bd0f97053/final,24df3fc423,/workspaces/HIAAC-KR-Dev-Container/Minerva-Exps/benchmarks/experiments/paper_daghar_supervised_3runs_perlr_samples_down_seed_resnetse5_12345/logs/id_784bd0f97053/final/metrics_2025-11-10-16-04-24df3fc423.yaml,/workspaces/HIAAC-KR-Dev-Container/Minerva-Exps/benchmarks/experiments/paper_daghar_supervised_3runs_perlr_samples_down_seed_resnetse5_12345/logs/id_784bd0f97053/final/run_2025-11-10-16-04-24df3fc423.yaml,0.46894410252571106,0.506695568561554,0.4450314939022064,0.46894410252571106,0.46894407272338867,0.5066956281661987
evaluate_resnetse5,id_03df9b7b7fb6,id_afee8f9c25e2,completed,1,True,id_3f47675df06f,supervised,resnetse5,full_finetune_lr5,id_a2762685b735,multimodal_df,daghar_standardized_balanced,rw_thigh,test,,multimodal_perc_100,id_daa7333eb2f8,har,evaluate,full_run,/workspaces/HIAAC-KR-Dev-Container/Minerva-Exps/benchmarks/experiments/paper_daghar_supervised_3runs_perlr_samples_down_seed_resnetse5_12345/logs/id_03df9b7b7fb6/final,37425be6e8,/workspaces/HIAAC-KR-Dev-Container/Minerva-Exps/benchmarks/experiments/paper_daghar_supervised_3runs_perlr_samples_down_seed_resnetse5_12345/logs/id_03df9b7b7fb6/final/metrics_2025-11-10-15-15-37425be6e8.yaml,/workspaces/HIAAC-KR-Dev-Container/Minerva-Exps/benchmarks/experiments/paper_daghar_supervised_3runs_perlr_samples_down_seed_resnetse5_12345/logs/id_03df9b7b7fb6/final/run_2025-11-10-15-15-37425be6e8.yaml,0.14320221543312073,0.10486865043640137,0.07590661197900772,0.14320221543312073,0.14320221543312073,0.052434325218200684
train_resnetse5,id_4a8b669dfcd8,,completed,0,False,id_612c26209f9f,supervised,resnetse5,full_finetune_lr2,id_dbf308c611cc,multimodal_df,daghar_standardized_balanced,motionsense,train,config_0,multimodal_samples_025_3,id_7d268895569b,har,train,full_run,/workspaces/HIAAC-KR-Dev-Container/Minerva-Exps/benchmarks/experiments/paper_daghar_supervised_3runs_perlr_samples_down_seed_resnetse5_12345/logs/id_4a8b669dfcd8/final,,,,,,,,,
evaluate_resnetse5,id_082eff04a959,id_90d7cd005ccf,completed,1,True,id_a619266c470c,supervised,resnetse5,full_finetune_lr4,id_422128d9bc98,multimodal_df,daghar_standardized_balanced,rw_thigh,test,,multimodal_perc_100,id_daa7333eb2f8,har,evaluate,full_run,/workspaces/HIAAC-KR-Dev-Container/Minerva-Exps/benchmarks/experiments/paper_daghar_supervised_3runs_perlr_samples_down_seed_resnetse5_12345/logs/id_082eff04a959/final,231c725d92,/workspaces/HIAAC-KR-Dev-Container/Minerva-Exps/benchmarks/experiments/paper_daghar_supervised_3runs_perlr_samples_down_seed_resnetse5_12345/logs/id_082eff04a959/final/metrics_2025-11-10-15-17-231c725d92.yaml,/workspaces/HIAAC-KR-Dev-Container/Minerva-Exps/benchmarks/experiments/paper_daghar_supervised_3runs_perlr_samples_down_seed_resnetse5_12345/logs/id_082eff04a959/final/run_2025-11-10-15-17-231c725d92.yaml,0.6507936716079712,0.7191479802131653,0.607113242149353,0.6507936716079712,0.6507936716079712,0.7191480398178101
train_resnetse5,id_00735580e4f0,,completed,0,False,id_612c26209f9f,supervised,resnetse5,full_finetune_lr2,id_a8b9fb2299ef,multimodal_df,daghar_standardized_balanced,wisdm,train,config_0,multimodal_samples_010_2,id_7d268895569b,har,train,full_run,/workspaces/HIAAC-KR-Dev-Container/Minerva-Exps/benchmarks/experiments/paper_daghar_supervised_3runs_perlr_samples_down_seed_resnetse5_12345/logs/id_00735580e4f0/final,,,,,,,,,
evaluate_resnetse5,id_188b077a1b60,id_cd2ef75dd354,completed,1,True,id_3f47675df06f,supervised,resnetse5,full_finetune_lr5,id_cc01e43eb008,multimodal_df,daghar_standardized_balanced,rw_waist,test,,multimodal_perc_100,id_daa7333eb2f8,har,evaluate,full_run,/workspaces/HIAAC-KR-Dev-Container/Minerva-Exps/benchmarks/experiments/paper_daghar_supervised_3runs_perlr_samples_down_seed_resnetse5_12345/logs/id_188b077a1b60/final,23f481a86c,/workspaces/HIAAC-KR-Dev-Container/Minerva-Exps/benchmarks/experiments/paper_daghar_supervised_3runs_perlr_samples_down_seed_resnetse5_12345/logs/id_188b077a1b60/final/metrics_2025-11-10-15-24-23f481a86c.yaml,/workspaces/HIAAC-KR-Dev-Container/Minerva-Exps/benchmarks/experiments/paper_daghar_supervised_3runs_perlr_samples_down_seed_resnetse5_12345/logs/id_188b077a1b60/final/run_2025-11-10-15-24-23f481a86c.yaml,0.7453703880310059,0.7958693504333496,0.7385836243629456,0.7453703880310059,0.7453703880310059,0.7958694100379944
train_resnetse5,id_ed0a40ff1fc1,,completed,0,False,id_a619266c470c,supervised,resnetse5,full_finetune_lr4,id_e6ba45a9ddf9,multimodal_df,daghar_standardized_balanced,rw_thigh,train,config_0,multimodal_samples_100,id_7d268895569b,har,train,full_run,/workspaces/HIAAC-KR-Dev-Container/Minerva-Exps/benchmarks/experiments/paper_daghar_supervised_3runs_perlr_samples_down_seed_resnetse5_12345/logs/id_ed0a40ff1fc1/final,,,,,,,,,
evaluate_resnetse5,id_4efff06ad798,id_8fdd72fee152,completed,1,True,id_51a779f741ee,supervised,resnetse5,full_finetune_lr1,id_7f568e3544a9,multimodal_df,daghar_standardized_balanced,rw_thigh,test,,multimodal_perc_100,id_daa7333eb2f8,har,evaluate,full_run,/workspaces/HIAAC-KR-Dev-Container/Minerva-Exps/benchmarks/experiments/paper_daghar_supervised_3runs_perlr_samples_down_seed_resnetse5_12345/logs/id_4efff06ad798/final,386e3d29a6,/workspaces/HIAAC-KR-Dev-Container/Minerva-Exps/benchmarks/experiments/paper_daghar_supervised_3runs_perlr_samples_down_seed_resnetse5_12345/logs/id_4efff06ad798/final/metrics_2025-11-10-15-45-386e3d29a6.yaml,/workspaces/HIAAC-KR-Dev-Container/Minerva-Exps/benchmarks/experiments/paper_daghar_supervised_3runs_perlr_samples_down_seed_resnetse5_12345/logs/id_4efff06ad798/final/run_2025-11-10-15-45-386e3d29a6.yaml,0.5748792290687561,0.6473086476325989,0.5299174785614014,0.5748792290687561,0.5748792290687561,0.5394238829612732
train_resnetse5,id_9b6f2f84459b,,completed,0,False,id_a619266c470c,supervised,resnetse5,full_finetune_lr4,id_2d8c7a4e80db,multimodal_df,daghar_standardized_balanced,motionsense,train,config_0,multimodal_samples_050_3,id_7d268895569b,har,train,full_run,/workspaces/HIAAC-KR-Dev-Container/Minerva-Exps/benchmarks/experiments/paper_daghar_supervised_3runs_perlr_samples_down_seed_resnetse5_12345/logs/id_9b6f2f84459b/final,,,,,,,,,
evaluate_resnetse5,id_99c9fe1cd952,id_96f24d991e42,completed,1,True,id_3f47675df06f,supervised,resnetse5,full_finetune_lr5,id_80ca0802b303,multimodal_df,daghar_standardized_balanced,wisdm,test,,multimodal_perc_100,id_daa7333eb2f8,har,evaluate,full_run,/workspaces/HIAAC-KR-Dev-Container/Minerva-Exps/benchmarks/experiments/paper_daghar_supervised_3runs_perlr_samples_down_seed_resnetse5_12345/logs/id_99c9fe1cd952/final,1866f3de2d,/workspaces/HIAAC-KR-Dev-Container/Minerva-Exps/benchmarks/experiments/paper_daghar_supervised_3runs_perlr_samples_down_seed_resnetse5_12345/logs/id_99c9fe1cd952/final/metrics_2025-11-10-17-44-1866f3de2d.yaml,/workspaces/HIAAC-KR-Dev-Container/Minerva-Exps/benchmarks/experiments/paper_daghar_supervised_3runs_perlr_samples_down_seed_resnetse5_12345/logs/id_99c9fe1cd952/final/run_2025-11-10-17-44-1866f3de2d.yaml,0.7438555955886841,0.8226070404052734,0.6601821780204773,0.7438555955886841,0.7438555955886841,0.6169552803039551
train_resnetse5,id_19704cf4d56f,,completed,0,False,id_01c6663a52ec,supervised,resnetse5,full_finetune_lr3,id_62ae1bbdbef0,multimodal_df,daghar_standardized_balanced,kuhar,train,config_0,multimodal_samples_001,id_7d268895569b,har,train,full_run,/workspaces/HIAAC-KR-Dev-Container/Minerva-Exps/benchmarks/experiments/paper_daghar_supervised_3runs_perlr_samples_down_seed_resnetse5_12345/logs/id_19704cf4d56f/final,,,,,,,,,
train_resnetse5,id_e572d5efe7a0,,completed,0,False,id_01c6663a52ec,supervised,resnetse5,full_finetune_lr3,id_e5f35050bdc1,multimodal_df,daghar_standardized_balanced,wisdm,train,config_0,multimodal_samples_005_3,id_7d268895569b,har,train,full_run,/workspaces/HIAAC-KR-Dev-Container/Minerva-Exps/benchmarks/experiments/paper_daghar_supervised_3runs_perlr_samples_down_seed_resnetse5_12345/logs/id_e572d5efe7a0/final,,,,,,,,,
train_resnetse5,id_65b07c8079b4,,completed,0,False,id_51a779f741ee,supervised,resnetse5,full_finetune_lr1,id_aab211c92197,multimodal_df,daghar_standardized_balanced,rw_waist,train,config_0,multimodal_samples_005_3,id_7d268895569b,har,train,full_run,/workspaces/HIAAC-KR-Dev-Container/Minerva-Exps/benchmarks/experiments/paper_daghar_supervised_3runs_perlr_samples_down_seed_resnetse5_12345/logs/id_65b07c8079b4/final,,,,,,,,,
train_resnetse5,id_046180aa91e3,,completed,0,False,id_01c6663a52ec,supervised,resnetse5,full_finetune_lr3,id_6470a9337d8a,multimodal_df,daghar_standardized_balanced,rw_thigh,train,config_0,multimodal_samples_001,id_7d268895569b,har,train,full_run,/workspaces/HIAAC-KR-Dev-Container/Minerva-Exps/benchmarks/experiments/paper_daghar_supervised_3runs_perlr_samples_down_seed_resnetse5_12345/logs/id_046180aa91e3/final,,,,,,,,,
train_resnetse5,id_ae614263fef1,,completed,0,False,id_612c26209f9f,supervised,resnetse5,full_finetune_lr2,id_c8eedf2bd03f,multimodal_df,daghar_standardized_balanced,wisdm,train,config_0,multimodal_perc_100_2,id_7d268895569b,har,train,full_run,/workspaces/HIAAC-KR-Dev-Container/Minerva-Exps/benchmarks/experiments/paper_daghar_supervised_3runs_perlr_samples_down_seed_resnetse5_12345/logs/id_ae614263fef1/final,,,,,,,,,
evaluate_resnetse5,id_fe6c81ed3e5b,id_7a5f71459b1b,completed,1,True,id_a619266c470c,supervised,resnetse5,full_finetune_lr4,id_fd30500e58bb,multimodal_df,daghar_standardized_balanced,kuhar,test,,multimodal_perc_100,id_daa7333eb2f8,har,evaluate,full_run,/workspaces/HIAAC-KR-Dev-Container/Minerva-Exps/benchmarks/experiments/paper_daghar_supervised_3runs_perlr_samples_down_seed_resnetse5_12345/logs/id_fe6c81ed3e5b/final,09c368cfdd,/workspaces/HIAAC-KR-Dev-Container/Minerva-Exps/benchmarks/experiments/paper_daghar_supervised_3runs_perlr_samples_down_seed_resnetse5_12345/logs/id_fe6c81ed3e5b/final/metrics_2025-11-10-17-05-09c368cfdd.yaml,/workspaces/HIAAC-KR-Dev-Container/Minerva-Exps/benchmarks/experiments/paper_daghar_supervised_3runs_perlr_samples_down_seed_resnetse5_12345/logs/id_fe6c81ed3e5b/final/run_2025-11-10-17-05-09c368cfdd.yaml,0.7361111044883728,0.7917409539222717,0.6790937185287476,0.7361111044883728,0.7361111640930176,0.6597841382026672
train_resnetse5,id_3ad13404309f,,completed,0,False,id_a619266c470c,supervised,resnetse5,full_finetune_lr4,id_45c2c4800f32,multimodal_df,daghar_standardized_balanced,kuhar,train,config_0,multimodal_samples_025,id_7d268895569b,har,train,full_run,/workspaces/HIAAC-KR-Dev-Container/Minerva-Exps/benchmarks/experiments/paper_daghar_supervised_3runs_perlr_samples_down_seed_resnetse5_12345/logs/id_3ad13404309f/final,,,,,,,,,
train_resnetse5,id_c31eac52c051,,completed,0,False,id_a619266c470c,supervised,resnetse5,full_finetune_lr4,id_d368449171f5,multimodal_df,daghar_standardized_balanced,rw_waist,train,config_0,multimodal_samples_050_2,id_7d268895569b,har,train,full_run,/workspaces/HIAAC-KR-Dev-Container/Minerva-Exps/benchmarks/experiments/paper_daghar_supervised_3runs_perlr_samples_down_seed_resnetse5_12345/logs/id_c31eac52c051/final,,,,,,,,,
evaluate_resnetse5,id_9d574bdb26d0,id_cdead4251755,completed,1,True,id_3f47675df06f,supervised,resnetse5,full_finetune_lr5,id_43383c4a2620,multimodal_df,daghar_standardized_balanced,kuhar,test,,multimodal_perc_100,id_daa7333eb2f8,har,evaluate,full_run,/workspaces/HIAAC-KR-Dev-Container/Minerva-Exps/benchmarks/experiments/paper_daghar_supervised_3runs_perlr_samples_down_seed_resnetse5_12345/logs/id_9d574bdb26d0/final,416a6c20c3,/workspaces/HIAAC-KR-Dev-Container/Minerva-Exps/benchmarks/experiments/paper_daghar_supervised_3runs_perlr_samples_down_seed_resnetse5_12345/logs/id_9d574bdb26d0/final/metrics_2025-11-10-16-20-416a6c20c3.yaml,/workspaces/HIAAC-KR-Dev-Container/Minerva-Exps/benchmarks/experiments/paper_daghar_supervised_3runs_perlr_samples_down_seed_resnetse5_12345/logs/id_9d574bdb26d0/final/run_2025-11-10-16-20-416a6c20c3.yaml,0.7083333134651184,0.7803565263748169,0.6506790518760681,0.7083333134651184,0.7083333730697632,0.6502971053123474
train_resnetse5,id_2cc128e3f4a3,,completed,0,False,id_612c26209f9f,supervised,resnetse5,full_finetune_lr2,id_98a30d23c42b,multimodal_df,daghar_standardized_balanced,rw_waist,train,config_0,multimodal_samples_001,id_7d268895569b,har,train,full_run,/workspaces/HIAAC-KR-Dev-Container/Minerva-Exps/benchmarks/experiments/paper_daghar_supervised_3runs_perlr_samples_down_seed_resnetse5_12345/logs/id_2cc128e3f4a3/final,,,,,,,,,
evaluate_resnetse5,id_9e7cf9363e06,id_9cc5886e3590,completed,1,True,id_a619266c470c,supervised,resnetse5,full_finetune_lr4,id_aa74f85c55d8,multimodal_df,daghar_standardized_balanced,motionsense,test,,multimodal_perc_100,id_daa7333eb2f8,har,evaluate,full_run,/workspaces/HIAAC-KR-Dev-Container/Minerva-Exps/benchmarks/experiments/paper_daghar_supervised_3runs_perlr_samples_down_seed_resnetse5_12345/logs/id_9e7cf9363e06/final,1121df832c,/workspaces/HIAAC-KR-Dev-Container/Minerva-Exps/benchmarks/experiments/paper_daghar_supervised_3runs_perlr_samples_down_seed_resnetse5_12345/logs/id_9e7cf9363e06/final/metrics_2025-11-10-16-21-1121df832c.yaml,/workspaces/HIAAC-KR-Dev-Container/Minerva-Exps/benchmarks/experiments/paper_daghar_supervised_3runs_perlr_samples_down_seed_resnetse5_12345/logs/id_9e7cf9363e06/final/run_2025-11-10-16-21-1121df832c.yaml,0.930320143699646,0.9345763325691223,0.9302347898483276,0.930320143699646,0.930320143699646,0.9345763921737671
train_resnetse5,id_92aace2c58b6,,completed,0,False,id_3f47675df06f,supervised,resnetse5,full_finetune_lr5,id_7b5861f76744,multimodal_df,daghar_standardized_balanced,rw_thigh,train,config_0,multimodal_samples_025_3,id_7d268895569b,har,train,full_run,/workspaces/HIAAC-KR-Dev-Container/Minerva-Exps/benchmarks/experiments/paper_daghar_supervised_3runs_perlr_samples_down_seed_resnetse5_12345/logs/id_92aace2c58b6/final,,,,,,,,,
evaluate_resnetse5,id_c3fbc7defefc,id_f2e53c47396d,completed,1,True,id_3f47675df06f,supervised,resnetse5,full_finetune_lr5,id_61e965712612,multimodal_df,daghar_standardized_balanced,rw_waist,test,,multimodal_perc_100,id_daa7333eb2f8,har,evaluate,full_run,/workspaces/HIAAC-KR-Dev-Container/Minerva-Exps/benchmarks/experiments/paper_daghar_supervised_3runs_perlr_samples_down_seed_resnetse5_12345/logs/id_c3fbc7defefc/final,36bebbe194,/workspaces/HIAAC-KR-Dev-Container/Minerva-Exps/benchmarks/experiments/paper_daghar_supervised_3runs_perlr_samples_down_seed_resnetse5_12345/logs/id_c3fbc7defefc/final/metrics_2025-11-10-16-37-36bebbe194.yaml,/workspaces/HIAAC-KR-Dev-Container/Minerva-Exps/benchmarks/experiments/paper_daghar_supervised_3runs_perlr_samples_down_seed_resnetse5_12345/logs/id_c3fbc7defefc/final/run_2025-11-10-16-37-36bebbe194.yaml,0.3229166567325592,0.5175261497497559,0.23898649215698242,0.3229166567325592,0.3229166567325592,0.3450174033641815
train_resnetse5,id_fc95e7e93c50,,completed,0,False,id_612c26209f9f,supervised,resnetse5,full_finetune_lr2,id_e627a7ff3b82,multimodal_df,daghar_standardized_balanced,rw_waist,train,config_0,multimodal_samples_200_3,id_7d268895569b,har,train,full_run,/workspaces/HIAAC-KR-Dev-Container/Minerva-Exps/benchmarks/experiments/paper_daghar_supervised_3runs_perlr_samples_down_seed_resnetse5_12345/logs/id_fc95e7e93c50/final,,,,,,,,,
evaluate_resnetse5,id_e7ec8ae84815,id_7ec1f98eddd9,completed,1,True,id_a619266c470c,supervised,resnetse5,full_finetune_lr4,id_cd6941f6f1c4,multimodal_df,daghar_standardized_balanced,kuhar,test,,multimodal_perc_100,id_daa7333eb2f8,har,evaluate,full_run,/workspaces/HIAAC-KR-Dev-Container/Minerva-Exps/benchmarks/experiments/paper_daghar_supervised_3runs_perlr_samples_down_seed_resnetse5_12345/logs/id_e7ec8ae84815/final,55f54e505a,/workspaces/HIAAC-KR-Dev-Container/Minerva-Exps/benchmarks/experiments/paper_daghar_supervised_3runs_perlr_samples_down_seed_resnetse5_12345/logs/id_e7ec8ae84815/final/metrics_2025-11-10-16-54-55f54e505a.yaml,/workspaces/HIAAC-KR-Dev-Container/Minerva-Exps/benchmarks/experiments/paper_daghar_supervised_3runs_perlr_samples_down_seed_resnetse5_12345/logs/id_e7ec8ae84815/final/run_2025-11-10-16-54-55f54e505a.yaml,0.4444444477558136,0.4209091365337372,0.33402755856513977,0.4444444477558136,0.4444444477558136,0.28060609102249146
evaluate_resnetse5,id_1e438e671a79,id_3c0519693397,completed,1,True,id_51a779f741ee,supervised,resnetse5,full_finetune_lr1,id_782874de697e,multimodal_df,daghar_standardized_balanced,rw_thigh,test,,multimodal_perc_100,id_daa7333eb2f8,har,evaluate,full_run,/workspaces/HIAAC-KR-Dev-Container/Minerva-Exps/benchmarks/experiments/paper_daghar_supervised_3runs_perlr_samples_down_seed_resnetse5_12345/logs/id_1e438e671a79/final,5501788c86,/workspaces/HIAAC-KR-Dev-Container/Minerva-Exps/benchmarks/experiments/paper_daghar_supervised_3runs_perlr_samples_down_seed_resnetse5_12345/logs/id_1e438e671a79/final/metrics_2025-11-10-15-26-5501788c86.yaml,/workspaces/HIAAC-KR-Dev-Container/Minerva-Exps/benchmarks/experiments/paper_daghar_supervised_3runs_perlr_samples_down_seed_resnetse5_12345/logs/id_1e438e671a79/final/run_2025-11-10-15-26-5501788c86.yaml,0.5003450512886047,0.4269094467163086,0.44333165884017944,0.5003450512886047,0.5003450512886047,0.4269094467163086
train_resnetse5,id_7bfd3bbe4765,,completed,0,False,id_51a779f741ee,supervised,resnetse5,full_finetune_lr1,id_8b5908afbf43,multimodal_df,daghar_standardized_balanced,rw_waist,train,config_0,multimodal_samples_001_2,id_7d268895569b,har,train,full_run,/workspaces/HIAAC-KR-Dev-Container/Minerva-Exps/benchmarks/experiments/paper_daghar_supervised_3runs_perlr_samples_down_seed_resnetse5_12345/logs/id_7bfd3bbe4765/final,,,,,,,,,
evaluate_resnetse5,id_539580245507,id_1364e1f37bae,completed,1,True,id_a619266c470c,supervised,resnetse5,full_finetune_lr4,id_6790d96a1ecf,multimodal_df,daghar_standardized_balanced,motionsense,test,,multimodal_perc_100,id_daa7333eb2f8,har,evaluate,full_run,/workspaces/HIAAC-KR-Dev-Container/Minerva-Exps/benchmarks/experiments/paper_daghar_supervised_3runs_perlr_samples_down_seed_resnetse5_12345/logs/id_539580245507/final,1380983157,/workspaces/HIAAC-KR-Dev-Container/Minerva-Exps/benchmarks/experiments/paper_daghar_supervised_3runs_perlr_samples_down_seed_resnetse5_12345/logs/id_539580245507/final/metrics_2025-11-10-15-48-1380983157.yaml,/workspaces/HIAAC-KR-Dev-Container/Minerva-Exps/benchmarks/experiments/paper_daghar_supervised_3runs_perlr_samples_down_seed_resnetse5_12345/logs/id_539580245507/final/run_2025-11-10-15-48-1380983157.yaml,0.7843691110610962,0.8471935391426086,0.7296415567398071,0.7843691110610962,0.7843691110610962,0.7059946060180664
train_resnetse5,id_6f2c248e1cf7,,completed,0,False,id_a619266c470c,supervised,resnetse5,full_finetune_lr4,id_a4bdc43c44df,multimodal_df,daghar_standardized_balanced,wisdm,train,config_0,multimodal_samples_010,id_7d268895569b,har,train,full_run,/workspaces/HIAAC-KR-Dev-Container/Minerva-Exps/benchmarks/experiments/paper_daghar_supervised_3runs_perlr_samples_down_seed_resnetse5_12345/logs/id_6f2c248e1cf7/final,,,,,,,,,
evaluate_resnetse5,id_9bd01f27c8db,id_adff14b7f088,completed,1,True,id_51a779f741ee,supervised,resnetse5,full_finetune_lr1,id_420d16951f62,multimodal_df,daghar_standardized_balanced,uci,test,,multimodal_perc_100,id_daa7333eb2f8,har,evaluate,full_run,/workspaces/HIAAC-KR-Dev-Container/Minerva-Exps/benchmarks/experiments/paper_daghar_supervised_3runs_perlr_samples_down_seed_resnetse5_12345/logs/id_9bd01f27c8db/final,507dcd47f0,/workspaces/HIAAC-KR-Dev-Container/Minerva-Exps/benchmarks/experiments/paper_daghar_supervised_3runs_perlr_samples_down_seed_resnetse5_12345/logs/id_9bd01f27c8db/final/metrics_2025-11-10-16-19-507dcd47f0.yaml,/workspaces/HIAAC-KR-Dev-Container/Minerva-Exps/benchmarks/experiments/paper_daghar_supervised_3runs_perlr_samples_down_seed_resnetse5_12345/logs/id_9bd01f27c8db/final/run_2025-11-10-16-19-507dcd47f0.yaml,0.38260868191719055,0.2711442708969116,0.2266666740179062,0.38260868191719055,0.38260871171951294,0.1626865714788437
evaluate_resnetse5,id_7996e31a9af7,id_0e5617734a87,completed,1,True,id_a619266c470c,supervised,resnetse5,full_finetune_lr4,id_803b364782be,multimodal_df,daghar_standardized_balanced,motionsense,test,,multimodal_perc_100,id_daa7333eb2f8,har,evaluate,full_run,/workspaces/HIAAC-KR-Dev-Container/Minerva-Exps/benchmarks/experiments/paper_daghar_supervised_3runs_perlr_samples_down_seed_resnetse5_12345/logs/id_7996e31a9af7/final,11a3fc064a,/workspaces/HIAAC-KR-Dev-Container/Minerva-Exps/benchmarks/experiments/paper_daghar_supervised_3runs_perlr_samples_down_seed_resnetse5_12345/logs/id_7996e31a9af7/final/metrics_2025-11-10-16-05-11a3fc064a.yaml,/workspaces/HIAAC-KR-Dev-Container/Minerva-Exps/benchmarks/experiments/paper_daghar_supervised_3runs_perlr_samples_down_seed_resnetse5_12345/logs/id_7996e31a9af7/final/run_2025-11-10-16-05-11a3fc064a.yaml,0.7485875487327576,0.8060186505317688,0.6934674382209778,0.7485875487327576,0.7485876083374023,0.6716821789741516
evaluate_resnetse5,id_424eb7ffa2bb,id_516aba730ef0,completed,1,True,id_a619266c470c,supervised,resnetse5,full_finetune_lr4,id_a9af5fb5fdd5,multimodal_df,daghar_standardized_balanced,rw_thigh,test,,multimodal_perc_100,id_daa7333eb2f8,har,evaluate,full_run,/workspaces/HIAAC-KR-Dev-Container/Minerva-Exps/benchmarks/experiments/paper_daghar_supervised_3runs_perlr_samples_down_seed_resnetse5_12345/logs/id_424eb7ffa2bb/final,52d4008d11,/workspaces/HIAAC-KR-Dev-Container/Minerva-Exps/benchmarks/experiments/paper_daghar_supervised_3runs_perlr_samples_down_seed_resnetse5_12345/logs/id_424eb7ffa2bb/final/metrics_2025-11-10-15-39-52d4008d11.yaml,/workspaces/HIAAC-KR-Dev-Container/Minerva-Exps/benchmarks/experiments/paper_daghar_supervised_3runs_perlr_samples_down_seed_resnetse5_12345/logs/id_424eb7ffa2bb/final/run_2025-11-10-15-39-52d4008d11.yaml,0.7056590914726257,0.662274181842804,0.6616050004959106,0.7056590914726257,0.705659031867981,0.662274181842804
evaluate_resnetse5,id_fd80194fdce5,id_7e6f0d09c8df,completed,1,True,id_01c6663a52ec,supervised,resnetse5,full_finetune_lr3,id_eb1b18d1e513,multimodal_df,daghar_standardized_balanced,wisdm,test,,multimodal_perc_100,id_daa7333eb2f8,har,evaluate,full_run,/workspaces/HIAAC-KR-Dev-Container/Minerva-Exps/benchmarks/experiments/paper_daghar_supervised_3runs_perlr_samples_down_seed_resnetse5_12345/logs/id_fd80194fdce5/final,33058523d5,/workspaces/HIAAC-KR-Dev-Container/Minerva-Exps/benchmarks/experiments/paper_daghar_supervised_3runs_perlr_samples_down_seed_resnetse5_12345/logs/id_fd80194fdce5/final/metrics_2025-11-10-17-04-33058523d5.yaml,/workspaces/HIAAC-KR-Dev-Container/Minerva-Exps/benchmarks/experiments/paper_daghar_supervised_3runs_perlr_samples_down_seed_resnetse5_12345/logs/id_fd80194fdce5/final/run_2025-11-10-17-04-33058523d5.yaml,0.8348694443702698,0.8394074440002441,0.8320683240890503,0.8348694443702698,0.834869384765625,0.8394075632095337
evaluate_resnetse5,id_b7168562212a,id_5859229256a7,completed,1,True,id_612c26209f9f,supervised,resnetse5,full_finetune_lr2,id_41d1c87a910c,multimodal_df,daghar_standardized_balanced,rw_waist,test,,multimodal_perc_100,id_daa7333eb2f8,har,evaluate,full_run,/workspaces/HIAAC-KR-Dev-Container/Minerva-Exps/benchmarks/experiments/paper_daghar_supervised_3runs_perlr_samples_down_seed_resnetse5_12345/logs/id_b7168562212a/final,048a865f1f,/workspaces/HIAAC-KR-Dev-Container/Minerva-Exps/benchmarks/experiments/paper_daghar_supervised_3runs_perlr_samples_down_seed_resnetse5_12345/logs/id_b7168562212a/final/metrics_2025-11-10-16-32-048a865f1f.yaml,/workspaces/HIAAC-KR-Dev-Container/Minerva-Exps/benchmarks/experiments/paper_daghar_supervised_3runs_perlr_samples_down_seed_resnetse5_12345/logs/id_b7168562212a/final/run_2025-11-10-16-32-048a865f1f.yaml,0.1666666716337204,0.1666666716337204,0.0476190485060215,0.1666666716337204,0.1666666716337204,0.02777777798473835
evaluate_resnetse5,id_c00ed003e7c0,id_9f5845233e21,completed,1,True,id_a619266c470c,supervised,resnetse5,full_finetune_lr4,id_420d16951f62,multimodal_df,daghar_standardized_balanced,uci,test,,multimodal_perc_100,id_daa7333eb2f8,har,evaluate,full_run,/workspaces/HIAAC-KR-Dev-Container/Minerva-Exps/benchmarks/experiments/paper_daghar_supervised_3runs_perlr_samples_down_seed_resnetse5_12345/logs/id_c00ed003e7c0/final,518d006249,/workspaces/HIAAC-KR-Dev-Container/Minerva-Exps/benchmarks/experiments/paper_daghar_supervised_3runs_perlr_samples_down_seed_resnetse5_12345/logs/id_c00ed003e7c0/final/metrics_2025-11-10-16-35-518d006249.yaml,/workspaces/HIAAC-KR-Dev-Container/Minerva-Exps/benchmarks/experiments/paper_daghar_supervised_3runs_perlr_samples_down_seed_resnetse5_12345/logs/id_c00ed003e7c0/final/run_2025-11-10-16-35-518d006249.yaml,0.5260869860649109,0.5204089879989624,0.47110503911972046,0.5260869860649109,0.5260869264602661,0.5204089879989624
train_resnetse5,id_9beddc1b1841,,completed,0,False,id_3f47675df06f,supervised,resnetse5,full_finetune_lr5,id_0637ba4f3b1a,multimodal_df,daghar_standardized_balanced,wisdm,train,config_0,multimodal_samples_001,id_7d268895569b,har,train,full_run,/workspaces/HIAAC-KR-Dev-Container/Minerva-Exps/benchmarks/experiments/paper_daghar_supervised_3runs_perlr_samples_down_seed_resnetse5_12345/logs/id_9beddc1b1841/final,,,,,,,,,
train_resnetse5,id_dfe1afec7977,,completed,0,False,id_a619266c470c,supervised,resnetse5,full_finetune_lr4,id_c2e910dcdcec,multimodal_df,daghar_standardized_balanced,motionsense,train,config_0,multimodal_samples_010_2,id_7d268895569b,har,train,full_run,/workspaces/HIAAC-KR-Dev-Container/Minerva-Exps/benchmarks/experiments/paper_daghar_supervised_3runs_perlr_samples_down_seed_resnetse5_12345/logs/id_dfe1afec7977/final,,,,,,,,,
evaluate_resnetse5,id_f26558678be0,id_fe13d60264a6,completed,1,True,id_3f47675df06f,supervised,resnetse5,full_finetune_lr5,id_3f52ea408e33,multimodal_df,daghar_standardized_balanced,uci,test,,multimodal_perc_100,id_daa7333eb2f8,har,evaluate,full_run,/workspaces/HIAAC-KR-Dev-Container/Minerva-Exps/benchmarks/experiments/paper_daghar_supervised_3runs_perlr_samples_down_seed_resnetse5_12345/logs/id_f26558678be0/final,373d2564b0,/workspaces/HIAAC-KR-Dev-Container/Minerva-Exps/benchmarks/experiments/paper_daghar_supervised_3runs_perlr_samples_down_seed_resnetse5_12345/logs/id_f26558678be0/final/metrics_2025-11-10-17-00-373d2564b0.yaml,/workspaces/HIAAC-KR-Dev-Container/Minerva-Exps/benchmarks/experiments/paper_daghar_supervised_3runs_perlr_samples_down_seed_resnetse5_12345/logs/id_f26558678be0/final/run_2025-11-10-17-00-373d2564b0.yaml,0.8144927620887756,0.8172615170478821,0.807445764541626,0.8144927620887756,0.8144928216934204,0.8172615170478821
train_resnetse5,id_3e082df5daef,,completed,0,False,id_3f47675df06f,supervised,resnetse5,full_finetune_lr5,id_7d8dbca109bf,multimodal_df,daghar_standardized_balanced,motionsense,train,config_0,multimodal_perc_100_2,id_7d268895569b,har,train,full_run,/workspaces/HIAAC-KR-Dev-Container/Minerva-Exps/benchmarks/experiments/paper_daghar_supervised_3runs_perlr_samples_down_seed_resnetse5_12345/logs/id_3e082df5daef/final,,,,,,,,,
train_resnetse5,id_8033b71d81b8,,completed,0,False,id_01c6663a52ec,supervised,resnetse5,full_finetune_lr3,id_752bde3fdada,multimodal_df,daghar_standardized_balanced,kuhar,train,config_0,multimodal_samples_010,id_7d268895569b,har,train,full_run,/workspaces/HIAAC-KR-Dev-Container/Minerva-Exps/benchmarks/experiments/paper_daghar_supervised_3runs_perlr_samples_down_seed_resnetse5_12345/logs/id_8033b71d81b8/final,,,,,,,,,
evaluate_resnetse5,id_d849a56d6619,id_005a00a76984,completed,1,True,id_612c26209f9f,supervised,resnetse5,full_finetune_lr2,id_e5fd231e1895,multimodal_df,daghar_standardized_balanced,rw_thigh,test,,multimodal_perc_100,id_daa7333eb2f8,har,evaluate,full_run,/workspaces/HIAAC-KR-Dev-Container/Minerva-Exps/benchmarks/experiments/paper_daghar_supervised_3runs_perlr_samples_down_seed_resnetse5_12345/logs/id_d849a56d6619/final,22dc89413d,/workspaces/HIAAC-KR-Dev-Container/Minerva-Exps/benchmarks/experiments/paper_daghar_supervised_3runs_perlr_samples_down_seed_resnetse5_12345/logs/id_d849a56d6619/final/metrics_2025-11-10-16-46-22dc89413d.yaml,/workspaces/HIAAC-KR-Dev-Container/Minerva-Exps/benchmarks/experiments/paper_daghar_supervised_3runs_perlr_samples_down_seed_resnetse5_12345/logs/id_d849a56d6619/final/run_2025-11-10-16-46-22dc89413d.yaml,0.5762594938278198,0.5806390643119812,0.5249789357185364,0.5762594938278198,0.5762594938278198,0.5806390643119812
train_resnetse5,id_e0a879d7942f,,completed,0,False,id_51a779f741ee,supervised,resnetse5,full_finetune_lr1,id_e0ead58eab76,multimodal_df,daghar_standardized_balanced,kuhar,train,config_0,multimodal_samples_100_2,id_7d268895569b,har,train,full_run,/workspaces/HIAAC-KR-Dev-Container/Minerva-Exps/benchmarks/experiments/paper_daghar_supervised_3runs_perlr_samples_down_seed_resnetse5_12345/logs/id_e0a879d7942f/final,,,,,,,,,
evaluate_resnetse5,id_51ac680f3a5a,id_dee0644c6a5c,completed,1,True,id_01c6663a52ec,supervised,resnetse5,full_finetune_lr3,id_ca47bb421f0b,multimodal_df,daghar_standardized_balanced,kuhar,test,,multimodal_perc_100,id_daa7333eb2f8,har,evaluate,full_run,/workspaces/HIAAC-KR-Dev-Container/Minerva-Exps/benchmarks/experiments/paper_daghar_supervised_3runs_perlr_samples_down_seed_resnetse5_12345/logs/id_51ac680f3a5a/final,28860169dd,/workspaces/HIAAC-KR-Dev-Container/Minerva-Exps/benchmarks/experiments/paper_daghar_supervised_3runs_perlr_samples_down_seed_resnetse5_12345/logs/id_51ac680f3a5a/final/metrics_2025-11-10-15-47-28860169dd.yaml,/workspaces/HIAAC-KR-Dev-Container/Minerva-Exps/benchmarks/experiments/paper_daghar_supervised_3runs_perlr_samples_down_seed_resnetse5_12345/logs/id_51ac680f3a5a/final/run_2025-11-10-15-47-28860169dd.yaml,0.5416666865348816,0.6790908575057983,0.44825223088264465,0.5416666865348816,0.5416666865348816,0.5659090876579285
train_resnetse5,id_8a10d3b59880,,completed,0,False,id_a619266c470c,supervised,resnetse5,full_finetune_lr4,id_3879140ea3fb,multimodal_df,daghar_standardized_balanced,rw_thigh,train,config_0,multimodal_samples_010_2,id_7d268895569b,har,train,full_run,/workspaces/HIAAC-KR-Dev-Container/Minerva-Exps/benchmarks/experiments/paper_daghar_supervised_3runs_perlr_samples_down_seed_resnetse5_12345/logs/id_8a10d3b59880/final,,,,,,,,,
evaluate_resnetse5,id_3f4a78b1444e,id_84edae09b322,completed,1,True,id_3f47675df06f,supervised,resnetse5,full_finetune_lr5,id_c96b302940ae,multimodal_df,daghar_standardized_balanced,kuhar,test,,multimodal_perc_100,id_daa7333eb2f8,har,evaluate,full_run,/workspaces/HIAAC-KR-Dev-Container/Minerva-Exps/benchmarks/experiments/paper_daghar_supervised_3runs_perlr_samples_down_seed_resnetse5_12345/logs/id_3f4a78b1444e/final,17a00093ca,/workspaces/HIAAC-KR-Dev-Container/Minerva-Exps/benchmarks/experiments/paper_daghar_supervised_3runs_perlr_samples_down_seed_resnetse5_12345/logs/id_3f4a78b1444e/final/metrics_2025-11-10-15-38-17a00093ca.yaml,/workspaces/HIAAC-KR-Dev-Container/Minerva-Exps/benchmarks/experiments/paper_daghar_supervised_3runs_perlr_samples_down_seed_resnetse5_12345/logs/id_3f4a78b1444e/final/run_2025-11-10-15-38-17a00093ca.yaml,0.3472222089767456,0.43679773807525635,0.22362691164016724,0.3472222089767456,0.347222238779068,0.2911984920501709
evaluate_resnetse5,id_b19c753c4655,id_2d3fca7791c8,completed,1,True,id_3f47675df06f,supervised,resnetse5,full_finetune_lr5,id_2ec699262787,multimodal_df,daghar_standardized_balanced,rw_waist,test,,multimodal_perc_100,id_daa7333eb2f8,har,evaluate,full_run,/workspaces/HIAAC-KR-Dev-Container/Minerva-Exps/benchmarks/experiments/paper_daghar_supervised_3runs_perlr_samples_down_seed_resnetse5_12345/logs/id_b19c753c4655/final,4989e5c764,/workspaces/HIAAC-KR-Dev-Container/Minerva-Exps/benchmarks/experiments/paper_daghar_supervised_3runs_perlr_samples_down_seed_resnetse5_12345/logs/id_b19c753c4655/final/metrics_2025-11-10-16-28-4989e5c764.yaml,/workspaces/HIAAC-KR-Dev-Container/Minerva-Exps/benchmarks/experiments/paper_daghar_supervised_3runs_perlr_samples_down_seed_resnetse5_12345/logs/id_b19c753c4655/final/run_2025-11-10-16-28-4989e5c764.yaml,0.748071014881134,0.7927200198173523,0.7480173110961914,0.748071014881134,0.748071014881134,0.7927199602127075
evaluate_resnetse5,id_ba1e97f300ef,id_c5ee8b4035f3,completed,1,True,id_3f47675df06f,supervised,resnetse5,full_finetune_lr5,id_ccf09c8e58f2,multimodal_df,daghar_standardized_balanced,rw_thigh,test,,multimodal_perc_100,id_daa7333eb2f8,har,evaluate,full_run,/workspaces/HIAAC-KR-Dev-Container/Minerva-Exps/benchmarks/experiments/paper_daghar_supervised_3runs_perlr_samples_down_seed_resnetse5_12345/logs/id_ba1e97f300ef/final,50429ca983,/workspaces/HIAAC-KR-Dev-Container/Minerva-Exps/benchmarks/experiments/paper_daghar_supervised_3runs_perlr_samples_down_seed_resnetse5_12345/logs/id_ba1e97f300ef/final/metrics_2025-11-10-16-32-50429ca983.yaml,/workspaces/HIAAC-KR-Dev-Container/Minerva-Exps/benchmarks/experiments/paper_daghar_supervised_3runs_perlr_samples_down_seed_resnetse5_12345/logs/id_ba1e97f300ef/final/run_2025-11-10-16-32-50429ca983.yaml,0.7494823932647705,0.7763957381248474,0.7440115809440613,0.7494823932647705,0.7494824528694153,0.7763956785202026
train_resnetse5,id_e4d015bbb42d,,completed,0,False,id_612c26209f9f,supervised,resnetse5,full_finetune_lr2,id_6350f6340249,multimodal_df,daghar_standardized_balanced,kuhar,train,config_0,multimodal_samples_005_2,id_7d268895569b,har,train,full_run,/workspaces/HIAAC-KR-Dev-Container/Minerva-Exps/benchmarks/experiments/paper_daghar_supervised_3runs_perlr_samples_down_seed_resnetse5_12345/logs/id_e4d015bbb42d/final,,,,,,,,,
train_resnetse5,id_a228aa843505,,completed,0,False,id_01c6663a52ec,supervised,resnetse5,full_finetune_lr3,id_56baa66d670c,multimodal_df,daghar_standardized_balanced,uci,train,config_0,multimodal_samples_200_2,id_7d268895569b,har,train,full_run,/workspaces/HIAAC-KR-Dev-Container/Minerva-Exps/benchmarks/experiments/paper_daghar_supervised_3runs_perlr_samples_down_seed_resnetse5_12345/logs/id_a228aa843505/final,,,,,,,,,
evaluate_resnetse5,id_6c0bbae4312b,id_f6f71582a682,completed,1,True,id_612c26209f9f,supervised,resnetse5,full_finetune_lr2,id_80ca0802b303,multimodal_df,daghar_standardized_balanced,wisdm,test,,multimodal_perc_100,id_daa7333eb2f8,har,evaluate,full_run,/workspaces/HIAAC-KR-Dev-Container/Minerva-Exps/benchmarks/experiments/paper_daghar_supervised_3runs_perlr_samples_down_seed_resnetse5_12345/logs/id_6c0bbae4312b/final,28d88d502f,/workspaces/HIAAC-KR-Dev-Container/Minerva-Exps/benchmarks/experiments/paper_daghar_supervised_3runs_perlr_samples_down_seed_resnetse5_12345/logs/id_6c0bbae4312b/final/metrics_2025-11-10-15-59-28d88d502f.yaml,/workspaces/HIAAC-KR-Dev-Container/Minerva-Exps/benchmarks/experiments/paper_daghar_supervised_3runs_perlr_samples_down_seed_resnetse5_12345/logs/id_6c0bbae4312b/final/run_2025-11-10-15-59-28d88d502f.yaml,0.741167426109314,0.7492979764938354,0.7191860675811768,0.741167426109314,0.741167426109314,0.7492979764938354
train_resnetse5,id_3128a121b84b,,completed,0,False,id_3f47675df06f,supervised,resnetse5,full_finetune_lr5,id_653f367090ba,multimodal_df,daghar_standardized_balanced,rw_waist,train,config_0,multimodal_samples_010_2,id_7d268895569b,har,train,full_run,/workspaces/HIAAC-KR-Dev-Container/Minerva-Exps/benchmarks/experiments/paper_daghar_supervised_3runs_perlr_samples_down_seed_resnetse5_12345/logs/id_3128a121b84b/final,,,,,,,,,
train_resnetse5,id_9a233a8a168b,,completed,0,False,id_a619266c470c,supervised,resnetse5,full_finetune_lr4,id_65ee89aa2e13,multimodal_df,daghar_standardized_balanced,uci,train,config_0,multimodal_samples_100,id_7d268895569b,har,train,full_run,/workspaces/HIAAC-KR-Dev-Container/Minerva-Exps/benchmarks/experiments/paper_daghar_supervised_3runs_perlr_samples_down_seed_resnetse5_12345/logs/id_9a233a8a168b/final,,,,,,,,,
evaluate_resnetse5,id_eeef1450ba6d,id_1723cc78fd9d,completed,1,True,id_01c6663a52ec,supervised,resnetse5,full_finetune_lr3,id_c9f3b900e1ef,multimodal_df,daghar_standardized_balanced,rw_waist,test,,multimodal_perc_100,id_daa7333eb2f8,har,evaluate,full_run,/workspaces/HIAAC-KR-Dev-Container/Minerva-Exps/benchmarks/experiments/paper_daghar_supervised_3runs_perlr_samples_down_seed_resnetse5_12345/logs/id_eeef1450ba6d/final,078cd445e3,/workspaces/HIAAC-KR-Dev-Container/Minerva-Exps/benchmarks/experiments/paper_daghar_supervised_3runs_perlr_samples_down_seed_resnetse5_12345/logs/id_eeef1450ba6d/final/metrics_2025-11-10-16-59-078cd445e3.yaml,/workspaces/HIAAC-KR-Dev-Container/Minerva-Exps/benchmarks/experiments/paper_daghar_supervised_3runs_perlr_samples_down_seed_resnetse5_12345/logs/id_eeef1450ba6d/final/run_2025-11-10-16-59-078cd445e3.yaml,0.6010802388191223,0.6045446991920471,0.5548529624938965,0.6010802388191223,0.6010802388191223,0.6045446991920471
train_resnetse5,id_9a76fbbbdf84,,completed,0,False,id_01c6663a52ec,supervised,resnetse5,full_finetune_lr3,id_4987ed1d5bf0,multimodal_df,daghar_standardized_balanced,wisdm,train,config_0,multimodal_samples_025,id_7d268895569b,har,train,full_run,/workspaces/HIAAC-KR-Dev-Container/Minerva-Exps/benchmarks/experiments/paper_daghar_supervised_3runs_perlr_samples_down_seed_resnetse5_12345/logs/id_9a76fbbbdf84/final,,,,,,,,,
train_resnetse5,id_11840df0d3ab,,completed,0,False,id_612c26209f9f,supervised,resnetse5,full_finetune_lr2,id_6db9002dfbf0,multimodal_df,daghar_standardized_balanced,uci,train,config_0,multimodal_samples_005,id_7d268895569b,har,train,full_run,/workspaces/HIAAC-KR-Dev-Container/Minerva-Exps/benchmarks/experiments/paper_daghar_supervised_3runs_perlr_samples_down_seed_resnetse5_12345/logs/id_11840df0d3ab/final,,,,,,,,,
train_resnetse5,id_828b483c6e3e,,completed,0,False,id_a619266c470c,supervised,resnetse5,full_finetune_lr4,id_73b62c9f3e5a,multimodal_df,daghar_standardized_balanced,kuhar,train,config_0,multimodal_samples_005,id_7d268895569b,har,train,full_run,/workspaces/HIAAC-KR-Dev-Container/Minerva-Exps/benchmarks/experiments/paper_daghar_supervised_3runs_perlr_samples_down_seed_resnetse5_12345/logs/id_828b483c6e3e/final,,,,,,,,,
train_resnetse5,id_7422a738a472,,completed,0,False,id_a619266c470c,supervised,resnetse5,full_finetune_lr4,id_0bda4f0f9489,multimodal_df,daghar_standardized_balanced,motionsense,train,config_0,multimodal_samples_005,id_7d268895569b,har,train,full_run,/workspaces/HIAAC-KR-Dev-Container/Minerva-Exps/benchmarks/experiments/paper_daghar_supervised_3runs_perlr_samples_down_seed_resnetse5_12345/logs/id_7422a738a472/final,,,,,,,,,
evaluate_resnetse5,id_dde912881c56,id_d49fad5869b3,completed,1,True,id_612c26209f9f,supervised,resnetse5,full_finetune_lr2,id_4116dd0c0b0d,multimodal_df,daghar_standardized_balanced,kuhar,test,,multimodal_perc_100,id_daa7333eb2f8,har,evaluate,full_run,/workspaces/HIAAC-KR-Dev-Container/Minerva-Exps/benchmarks/experiments/paper_daghar_supervised_3runs_perlr_samples_down_seed_resnetse5_12345/logs/id_dde912881c56/final,45a1fa8ede,/workspaces/HIAAC-KR-Dev-Container/Minerva-Exps/benchmarks/experiments/paper_daghar_supervised_3runs_perlr_samples_down_seed_resnetse5_12345/logs/id_dde912881c56/final/metrics_2025-11-10-16-48-45a1fa8ede.yaml,/workspaces/HIAAC-KR-Dev-Container/Minerva-Exps/benchmarks/experiments/paper_daghar_supervised_3runs_perlr_samples_down_seed_resnetse5_12345/logs/id_dde912881c56/final/run_2025-11-10-16-48-45a1fa8ede.yaml,0.6666666865348816,0.7184864282608032,0.6100345849990845,0.6666666865348816,0.6666666269302368,0.5987386703491211
evaluate_resnetse5,id_b4ea172fa050,id_546380850d19,completed,1,True,id_a619266c470c,supervised,resnetse5,full_finetune_lr4,id_74b050a778ff,multimodal_df,daghar_standardized_balanced,kuhar,test,,multimodal_perc_100,id_daa7333eb2f8,har,evaluate,full_run,/workspaces/HIAAC-KR-Dev-Container/Minerva-Exps/benchmarks/experiments/paper_daghar_supervised_3runs_perlr_samples_down_seed_resnetse5_12345/logs/id_b4ea172fa050/final,04c737fa56,/workspaces/HIAAC-KR-Dev-Container/Minerva-Exps/benchmarks/experiments/paper_daghar_supervised_3runs_perlr_samples_down_seed_resnetse5_12345/logs/id_b4ea172fa050/final/metrics_2025-11-10-16-31-04c737fa56.yaml,/workspaces/HIAAC-KR-Dev-Container/Minerva-Exps/benchmarks/experiments/paper_daghar_supervised_3runs_perlr_samples_down_seed_resnetse5_12345/logs/id_b4ea172fa050/final/run_2025-11-10-16-31-04c737fa56.yaml,0.5763888955116272,0.6574358940124512,0.49181658029556274,0.5763888955116272,0.576388955116272,0.547863245010376
train_resnetse5,id_1ba033b89f62,,completed,0,False,id_3f47675df06f,supervised,resnetse5,full_finetune_lr5,id_650e37922e7e,multimodal_df,daghar_standardized_balanced,motionsense,train,config_0,multimodal_samples_025,id_7d268895569b,har,train,full_run,/workspaces/HIAAC-KR-Dev-Container/Minerva-Exps/benchmarks/experiments/paper_daghar_supervised_3runs_perlr_samples_down_seed_resnetse5_12345/logs/id_1ba033b89f62/final,,,,,,,,,
evaluate_resnetse5,id_390ad0308c37,id_ad3238cdbc3a,completed,1,True,id_a619266c470c,supervised,resnetse5,full_finetune_lr4,id_c96b302940ae,multimodal_df,daghar_standardized_balanced,kuhar,test,,multimodal_perc_100,id_daa7333eb2f8,har,evaluate,full_run,/workspaces/HIAAC-KR-Dev-Container/Minerva-Exps/benchmarks/experiments/paper_daghar_supervised_3runs_perlr_samples_down_seed_resnetse5_12345/logs/id_390ad0308c37/final,21dc9421a0,/workspaces/HIAAC-KR-Dev-Container/Minerva-Exps/benchmarks/experiments/paper_daghar_supervised_3runs_perlr_samples_down_seed_resnetse5_12345/logs/id_390ad0308c37/final/metrics_2025-11-10-15-36-21dc9421a0.yaml,/workspaces/HIAAC-KR-Dev-Container/Minerva-Exps/benchmarks/experiments/paper_daghar_supervised_3runs_perlr_samples_down_seed_resnetse5_12345/logs/id_390ad0308c37/final/run_2025-11-10-15-36-21dc9421a0.yaml,0.5347222089767456,0.6205405592918396,0.4401370584964752,0.5347222089767456,0.5347222089767456,0.5171171426773071
evaluate_resnetse5,id_a81db389a851,id_7ec6ce6cbe74,completed,1,True,id_51a779f741ee,supervised,resnetse5,full_finetune_lr1,id_95bb3dc376ae,multimodal_df,daghar_standardized_balanced,motionsense,test,,multimodal_perc_100,id_daa7333eb2f8,har,evaluate,full_run,/workspaces/HIAAC-KR-Dev-Container/Minerva-Exps/benchmarks/experiments/paper_daghar_supervised_3runs_perlr_samples_down_seed_resnetse5_12345/logs/id_a81db389a851/final,5922bf5150,/workspaces/HIAAC-KR-Dev-Container/Minerva-Exps/benchmarks/experiments/paper_daghar_supervised_3runs_perlr_samples_down_seed_resnetse5_12345/logs/id_a81db389a851/final/metrics_2025-11-10-16-24-5922bf5150.yaml,/workspaces/HIAAC-KR-Dev-Container/Minerva-Exps/benchmarks/experiments/paper_daghar_supervised_3runs_perlr_samples_down_seed_resnetse5_12345/logs/id_a81db389a851/final/run_2025-11-10-16-24-5922bf5150.yaml,0.6516007781028748,0.6327990889549255,0.5856802463531494,0.6516007781028748,0.6516007781028748,0.6327990889549255
train_resnetse5,id_90d7cd005ccf,,completed,0,False,id_a619266c470c,supervised,resnetse5,full_finetune_lr4,id_dd4d18f1c7c4,multimodal_df,daghar_standardized_balanced,rw_thigh,train,config_0,multimodal_samples_025,id_7d268895569b,har,train,full_run,/workspaces/HIAAC-KR-Dev-Container/Minerva-Exps/benchmarks/experiments/paper_daghar_supervised_3runs_perlr_samples_down_seed_resnetse5_12345/logs/id_90d7cd005ccf/final,,,,,,,,,
evaluate_resnetse5,id_a495893abcee,id_19704cf4d56f,completed,1,True,id_01c6663a52ec,supervised,resnetse5,full_finetune_lr3,id_c96b302940ae,multimodal_df,daghar_standardized_balanced,kuhar,test,,multimodal_perc_100,id_daa7333eb2f8,har,evaluate,full_run,/workspaces/HIAAC-KR-Dev-Container/Minerva-Exps/benchmarks/experiments/paper_daghar_supervised_3runs_perlr_samples_down_seed_resnetse5_12345/logs/id_a495893abcee/final,59dc1adfe8,/workspaces/HIAAC-KR-Dev-Container/Minerva-Exps/benchmarks/experiments/paper_daghar_supervised_3runs_perlr_samples_down_seed_resnetse5_12345/logs/id_a495893abcee/final/metrics_2025-11-10-16-23-59dc1adfe8.yaml,/workspaces/HIAAC-KR-Dev-Container/Minerva-Exps/benchmarks/experiments/paper_daghar_supervised_3runs_perlr_samples_down_seed_resnetse5_12345/logs/id_a495893abcee/final/run_2025-11-10-16-23-59dc1adfe8.yaml,0.5763888955116272,0.6500116586685181,0.4618302583694458,0.5763888955116272,0.5763888955116272,0.4333410859107971
train_resnetse5,id_56ac0fdd09bf,,completed,0,False,id_51a779f741ee,supervised,resnetse5,full_finetune_lr1,id_d05d4d1d48a9,multimodal_df,daghar_standardized_balanced,rw_thigh,train,config_0,multimodal_samples_200_2,id_7d268895569b,har,train,full_run,/workspaces/HIAAC-KR-Dev-Container/Minerva-Exps/benchmarks/experiments/paper_daghar_supervised_3runs_perlr_samples_down_seed_resnetse5_12345/logs/id_56ac0fdd09bf/final,,,,,,,,,
evaluate_resnetse5,id_8453da8704a7,id_c75ea4579c6d,completed,1,True,id_612c26209f9f,supervised,resnetse5,full_finetune_lr2,id_1c97182110c7,multimodal_df,daghar_standardized_balanced,kuhar,test,,multimodal_perc_100,id_daa7333eb2f8,har,evaluate,full_run,/workspaces/HIAAC-KR-Dev-Container/Minerva-Exps/benchmarks/experiments/paper_daghar_supervised_3runs_perlr_samples_down_seed_resnetse5_12345/logs/id_8453da8704a7/final,4220a7c253,/workspaces/HIAAC-KR-Dev-Container/Minerva-Exps/benchmarks/experiments/paper_daghar_supervised_3runs_perlr_samples_down_seed_resnetse5_12345/logs/id_8453da8704a7/final/metrics_2025-11-10-16-09-4220a7c253.yaml,/workspaces/HIAAC-KR-Dev-Container/Minerva-Exps/benchmarks/experiments/paper_daghar_supervised_3runs_perlr_samples_down_seed_resnetse5_12345/logs/id_8453da8704a7/final/run_2025-11-10-16-09-4220a7c253.yaml,0.5763888955116272,0.6333333253860474,0.5122100114822388,0.5763888955116272,0.5763888955116272,0.5277777910232544
train_resnetse5,id_4420cff17a9d,,completed,0,False,id_a619266c470c,supervised,resnetse5,full_finetune_lr4,id_4987ed1d5bf0,multimodal_df,daghar_standardized_balanced,wisdm,train,config_0,multimodal_samples_025,id_7d268895569b,har,train,full_run,/workspaces/HIAAC-KR-Dev-Container/Minerva-Exps/benchmarks/experiments/paper_daghar_supervised_3runs_perlr_samples_down_seed_resnetse5_12345/logs/id_4420cff17a9d/final,,,,,,,,,
evaluate_resnetse5,id_afaad3be62ba,id_4420cff17a9d,completed,1,True,id_a619266c470c,supervised,resnetse5,full_finetune_lr4,id_5c7b0e9cca0d,multimodal_df,daghar_standardized_balanced,wisdm,test,,multimodal_perc_100,id_daa7333eb2f8,har,evaluate,full_run,/workspaces/HIAAC-KR-Dev-Container/Minerva-Exps/benchmarks/experiments/paper_daghar_supervised_3runs_perlr_samples_down_seed_resnetse5_12345/logs/id_afaad3be62ba/final,3858ebfbf4,/workspaces/HIAAC-KR-Dev-Container/Minerva-Exps/benchmarks/experiments/paper_daghar_supervised_3runs_perlr_samples_down_seed_resnetse5_12345/logs/id_afaad3be62ba/final/metrics_2025-11-10-16-28-3858ebfbf4.yaml,/workspaces/HIAAC-KR-Dev-Container/Minerva-Exps/benchmarks/experiments/paper_daghar_supervised_3runs_perlr_samples_down_seed_resnetse5_12345/logs/id_afaad3be62ba/final/run_2025-11-10-16-28-3858ebfbf4.yaml,0.7484639286994934,0.7854689359664917,0.6832138299942017,0.7484639286994934,0.7484638690948486,0.7854689359664917
evaluate_resnetse5,id_a30fd598d344,id_d541ebe4ceb5,completed,1,True,id_3f47675df06f,supervised,resnetse5,full_finetune_lr5,id_41d1c87a910c,multimodal_df,daghar_standardized_balanced,rw_waist,test,,multimodal_perc_100,id_daa7333eb2f8,har,evaluate,full_run,/workspaces/HIAAC-KR-Dev-Container/Minerva-Exps/benchmarks/experiments/paper_daghar_supervised_3runs_perlr_samples_down_seed_resnetse5_12345/logs/id_a30fd598d344/final,50c5aec921,/workspaces/HIAAC-KR-Dev-Container/Minerva-Exps/benchmarks/experiments/paper_daghar_supervised_3runs_perlr_samples_down_seed_resnetse5_12345/logs/id_a30fd598d344/final/metrics_2025-11-10-16-22-50c5aec921.yaml,/workspaces/HIAAC-KR-Dev-Container/Minerva-Exps/benchmarks/experiments/paper_daghar_supervised_3runs_perlr_samples_down_seed_resnetse5_12345/logs/id_a30fd598d344/final/run_2025-11-10-16-22-50c5aec921.yaml,0.42476850748062134,0.319438636302948,0.28296151757240295,0.42476850748062134,0.4247685372829437,0.21295911073684692
evaluate_resnetse5,id_85bf42b6b75a,id_c99c4ed3929f,completed,1,True,id_01c6663a52ec,supervised,resnetse5,full_finetune_lr3,id_8bced4972313,multimodal_df,daghar_standardized_balanced,motionsense,test,,multimodal_perc_100,id_daa7333eb2f8,har,evaluate,full_run,/workspaces/HIAAC-KR-Dev-Container/Minerva-Exps/benchmarks/experiments/paper_daghar_supervised_3runs_perlr_samples_down_seed_resnetse5_12345/logs/id_85bf42b6b75a/final,1816eef306,/workspaces/HIAAC-KR-Dev-Container/Minerva-Exps/benchmarks/experiments/paper_daghar_supervised_3runs_perlr_samples_down_seed_resnetse5_12345/logs/id_85bf42b6b75a/final/metrics_2025-11-10-16-10-1816eef306.yaml,/workspaces/HIAAC-KR-Dev-Container/Minerva-Exps/benchmarks/experiments/paper_daghar_supervised_3runs_perlr_samples_down_seed_resnetse5_12345/logs/id_85bf42b6b75a/final/run_2025-11-10-16-10-1816eef306.yaml,0.68267422914505,0.6318121552467346,0.6224509477615356,0.68267422914505,0.68267422914505,0.6318121552467346
train_resnetse5,id_eb54f0cbacb3,,completed,0,False,id_01c6663a52ec,supervised,resnetse5,full_finetune_lr3,id_c22ef6d3a4dc,multimodal_df,daghar_standardized_balanced,motionsense,train,config_0,multimodal_samples_100_2,id_7d268895569b,har,train,full_run,/workspaces/HIAAC-KR-Dev-Container/Minerva-Exps/benchmarks/experiments/paper_daghar_supervised_3runs_perlr_samples_down_seed_resnetse5_12345/logs/id_eb54f0cbacb3/final,,,,,,,,,
evaluate_resnetse5,id_e943f5e522d6,id_4e916305e0f0,completed,1,True,id_01c6663a52ec,supervised,resnetse5,full_finetune_lr3,id_41258ff64643,multimodal_df,daghar_standardized_balanced,wisdm,test,,multimodal_perc_100,id_daa7333eb2f8,har,evaluate,full_run,/workspaces/HIAAC-KR-Dev-Container/Minerva-Exps/benchmarks/experiments/paper_daghar_supervised_3runs_perlr_samples_down_seed_resnetse5_12345/logs/id_e943f5e522d6/final,04fe88869e,/workspaces/HIAAC-KR-Dev-Container/Minerva-Exps/benchmarks/experiments/paper_daghar_supervised_3runs_perlr_samples_down_seed_resnetse5_12345/logs/id_e943f5e522d6/final/metrics_2025-11-10-16-56-04fe88869e.yaml,/workspaces/HIAAC-KR-Dev-Container/Minerva-Exps/benchmarks/experiments/paper_daghar_supervised_3runs_perlr_samples_down_seed_resnetse5_12345/logs/id_e943f5e522d6/final/run_2025-11-10-16-56-04fe88869e.yaml,0.8302611112594604,0.8325406312942505,0.8297823667526245,0.8302611112594604,0.8302611112594604,0.8325406312942505
train_resnetse5,id_5fa427aec23a,,completed,0,False,id_3f47675df06f,supervised,resnetse5,full_finetune_lr5,id_eb44f9c784ea,multimodal_df,daghar_standardized_balanced,rw_waist,train,config_0,multimodal_samples_005_2,id_7d268895569b,har,train,full_run,/workspaces/HIAAC-KR-Dev-Container/Minerva-Exps/benchmarks/experiments/paper_daghar_supervised_3runs_perlr_samples_down_seed_resnetse5_12345/logs/id_5fa427aec23a/final,,,,,,,,,
train_resnetse5,id_4f45ac6ae405,,completed,0,False,id_01c6663a52ec,supervised,resnetse5,full_finetune_lr3,id_ff2bb65ac9fe,multimodal_df,daghar_standardized_balanced,uci,train,config_0,multimodal_samples_010_2,id_7d268895569b,har,train,full_run,/workspaces/HIAAC-KR-Dev-Container/Minerva-Exps/benchmarks/experiments/paper_daghar_supervised_3runs_perlr_samples_down_seed_resnetse5_12345/logs/id_4f45ac6ae405/final,,,,,,,,,
evaluate_resnetse5,id_1867614d2e20,id_dbebca69216a,completed,1,True,id_3f47675df06f,supervised,resnetse5,full_finetune_lr5,id_6c0870a402a8,multimodal_df,daghar_standardized_balanced,uci,test,,multimodal_perc_100,id_daa7333eb2f8,har,evaluate,full_run,/workspaces/HIAAC-KR-Dev-Container/Minerva-Exps/benchmarks/experiments/paper_daghar_supervised_3runs_perlr_samples_down_seed_resnetse5_12345/logs/id_1867614d2e20/final,23a26d1335,/workspaces/HIAAC-KR-Dev-Container/Minerva-Exps/benchmarks/experiments/paper_daghar_supervised_3runs_perlr_samples_down_seed_resnetse5_12345/logs/id_1867614d2e20/final/metrics_2025-11-10-15-24-23a26d1335.yaml,/workspaces/HIAAC-KR-Dev-Container/Minerva-Exps/benchmarks/experiments/paper_daghar_supervised_3runs_perlr_samples_down_seed_resnetse5_12345/logs/id_1867614d2e20/final/run_2025-11-10-15-24-23a26d1335.yaml,0.730434775352478,0.78983473777771,0.6628705859184265,0.730434775352478,0.730434775352478,0.6318677663803101
evaluate_resnetse5,id_436ab03365e7,id_fddef4ac3e83,completed,1,True,id_a619266c470c,supervised,resnetse5,full_finetune_lr4,id_0299b3c2466e,multimodal_df,daghar_standardized_balanced,rw_waist,test,,multimodal_perc_100,id_daa7333eb2f8,har,evaluate,full_run,/workspaces/HIAAC-KR-Dev-Container/Minerva-Exps/benchmarks/experiments/paper_daghar_supervised_3runs_perlr_samples_down_seed_resnetse5_12345/logs/id_436ab03365e7/final,37eda308be,/workspaces/HIAAC-KR-Dev-Container/Minerva-Exps/benchmarks/experiments/paper_daghar_supervised_3runs_perlr_samples_down_seed_resnetse5_12345/logs/id_436ab03365e7/final/metrics_2025-11-10-15-40-37eda308be.yaml,/workspaces/HIAAC-KR-Dev-Container/Minerva-Exps/benchmarks/experiments/paper_daghar_supervised_3runs_perlr_samples_down_seed_resnetse5_12345/logs/id_436ab03365e7/final/run_2025-11-10-15-40-37eda308be.yaml,0.4857253134250641,0.5197133421897888,0.4803791046142578,0.4857253134250641,0.4857253134250641,0.5197133421897888
evaluate_resnetse5,id_c79b5f49e43d,id_16a7f956cc01,completed,1,True,id_612c26209f9f,supervised,resnetse5,full_finetune_lr2,id_7f4030e07e10,multimodal_df,daghar_standardized_balanced,rw_thigh,test,,multimodal_perc_100,id_daa7333eb2f8,har,evaluate,full_run,/workspaces/HIAAC-KR-Dev-Container/Minerva-Exps/benchmarks/experiments/paper_daghar_supervised_3runs_perlr_samples_down_seed_resnetse5_12345/logs/id_c79b5f49e43d/final,472e8a8ffb,/workspaces/HIAAC-KR-Dev-Container/Minerva-Exps/benchmarks/experiments/paper_daghar_supervised_3runs_perlr_samples_down_seed_resnetse5_12345/logs/id_c79b5f49e43d/final/metrics_2025-11-10-16-38-472e8a8ffb.yaml,/workspaces/HIAAC-KR-Dev-Container/Minerva-Exps/benchmarks/experiments/paper_daghar_supervised_3runs_perlr_samples_down_seed_resnetse5_12345/logs/id_c79b5f49e43d/final/run_2025-11-10-16-38-472e8a8ffb.yaml,0.1666666716337204,0.1666666716337204,0.0476190485060215,0.1666666716337204,0.1666666716337204,0.02777777798473835
evaluate_resnetse5,id_fd2f92d6cac1,id_7a1e64a767dd,completed,1,True,id_01c6663a52ec,supervised,resnetse5,full_finetune_lr3,id_e2018ac605e5,multimodal_df,daghar_standardized_balanced,rw_waist,test,,multimodal_perc_100,id_daa7333eb2f8,har,evaluate,full_run,/workspaces/HIAAC-KR-Dev-Container/Minerva-Exps/benchmarks/experiments/paper_daghar_supervised_3runs_perlr_samples_down_seed_resnetse5_12345/logs/id_fd2f92d6cac1/final,11962fa75b,/workspaces/HIAAC-KR-Dev-Container/Minerva-Exps/benchmarks/experiments/paper_daghar_supervised_3runs_perlr_samples_down_seed_resnetse5_12345/logs/id_fd2f92d6cac1/final/metrics_2025-11-10-17-04-11962fa75b.yaml,/workspaces/HIAAC-KR-Dev-Container/Minerva-Exps/benchmarks/experiments/paper_daghar_supervised_3runs_perlr_samples_down_seed_resnetse5_12345/logs/id_fd2f92d6cac1/final/run_2025-11-10-17-04-11962fa75b.yaml,0.698688268661499,0.7175992131233215,0.6663225889205933,0.698688268661499,0.6986882090568542,0.7175992131233215
train_resnetse5,id_63614936f6eb,,completed,0,False,id_a619266c470c,supervised,resnetse5,full_finetune_lr4,id_7c6176c62c39,multimodal_df,daghar_standardized_balanced,motionsense,train,config_0,multimodal_samples_001_2,id_7d268895569b,har,train,full_run,/workspaces/HIAAC-KR-Dev-Container/Minerva-Exps/benchmarks/experiments/paper_daghar_supervised_3runs_perlr_samples_down_seed_resnetse5_12345/logs/id_63614936f6eb/final,,,,,,,,,
train_resnetse5,id_941b25edccbc,,completed,0,False,id_612c26209f9f,supervised,resnetse5,full_finetune_lr2,id_0637ba4f3b1a,multimodal_df,daghar_standardized_balanced,wisdm,train,config_0,multimodal_samples_001,id_7d268895569b,har,train,full_run,/workspaces/HIAAC-KR-Dev-Container/Minerva-Exps/benchmarks/experiments/paper_daghar_supervised_3runs_perlr_samples_down_seed_resnetse5_12345/logs/id_941b25edccbc/final,,,,,,,,,
train_resnetse5,id_65d2c11bcfb5,,completed,0,False,id_01c6663a52ec,supervised,resnetse5,full_finetune_lr3,id_091a3b529e49,multimodal_df,daghar_standardized_balanced,kuhar,train,config_0,multimodal_samples_005_3,id_7d268895569b,har,train,full_run,/workspaces/HIAAC-KR-Dev-Container/Minerva-Exps/benchmarks/experiments/paper_daghar_supervised_3runs_perlr_samples_down_seed_resnetse5_12345/logs/id_65d2c11bcfb5/final,,,,,,,,,
train_resnetse5,id_2713eeb18ec9,,completed,0,False,id_01c6663a52ec,supervised,resnetse5,full_finetune_lr3,id_d9dc7844fd8b,multimodal_df,daghar_standardized_balanced,uci,train,config_0,multimodal_samples_050_2,id_7d268895569b,har,train,full_run,/workspaces/HIAAC-KR-Dev-Container/Minerva-Exps/benchmarks/experiments/paper_daghar_supervised_3runs_perlr_samples_down_seed_resnetse5_12345/logs/id_2713eeb18ec9/final,,,,,,,,,
train_resnetse5,id_337050bafd5f,,completed,0,False,id_3f47675df06f,supervised,resnetse5,full_finetune_lr5,id_53060fc6227b,multimodal_df,daghar_standardized_balanced,uci,train,config_0,multimodal_perc_100_3,id_7d268895569b,har,train,full_run,/workspaces/HIAAC-KR-Dev-Container/Minerva-Exps/benchmarks/experiments/paper_daghar_supervised_3runs_perlr_samples_down_seed_resnetse5_12345/logs/id_337050bafd5f/final,,,,,,,,,
train_resnetse5,id_592e5ce3fb38,,completed,0,False,id_51a779f741ee,supervised,resnetse5,full_finetune_lr1,id_0bda4f0f9489,multimodal_df,daghar_standardized_balanced,motionsense,train,config_0,multimodal_samples_005,id_7d268895569b,har,train,full_run,/workspaces/HIAAC-KR-Dev-Container/Minerva-Exps/benchmarks/experiments/paper_daghar_supervised_3runs_perlr_samples_down_seed_resnetse5_12345/logs/id_592e5ce3fb38/final,,,,,,,,,
train_resnetse5,id_800acb7b328c,,completed,0,False,id_612c26209f9f,supervised,resnetse5,full_finetune_lr2,id_1da0f49b378e,multimodal_df,daghar_standardized_balanced,uci,train,config_0,multimodal_samples_005_3,id_7d268895569b,har,train,full_run,/workspaces/HIAAC-KR-Dev-Container/Minerva-Exps/benchmarks/experiments/paper_daghar_supervised_3runs_perlr_samples_down_seed_resnetse5_12345/logs/id_800acb7b328c/final,,,,,,,,,
evaluate_resnetse5,id_41e577b419e7,id_6571ba91c2b8,completed,1,True,id_01c6663a52ec,supervised,resnetse5,full_finetune_lr3,id_11aa36a6e31a,multimodal_df,daghar_standardized_balanced,rw_waist,test,,multimodal_perc_100,id_daa7333eb2f8,har,evaluate,full_run,/workspaces/HIAAC-KR-Dev-Container/Minerva-Exps/benchmarks/experiments/paper_daghar_supervised_3runs_perlr_samples_down_seed_resnetse5_12345/logs/id_41e577b419e7/final,26855a36f9,/workspaces/HIAAC-KR-Dev-Container/Minerva-Exps/benchmarks/experiments/paper_daghar_supervised_3runs_perlr_samples_down_seed_resnetse5_12345/logs/id_41e577b419e7/final/metrics_2025-11-10-15-39-26855a36f9.yaml,/workspaces/HIAAC-KR-Dev-Container/Minerva-Exps/benchmarks/experiments/paper_daghar_supervised_3runs_perlr_samples_down_seed_resnetse5_12345/logs/id_41e577b419e7/final/run_2025-11-10-15-39-26855a36f9.yaml,0.6813271641731262,0.6887221336364746,0.6672752499580383,0.6813271641731262,0.6813271045684814,0.6887221932411194
train_resnetse5,id_fe55765a96ef,,completed,0,False,id_01c6663a52ec,supervised,resnetse5,full_finetune_lr3,id_53060fc6227b,multimodal_df,daghar_standardized_balanced,uci,train,config_0,multimodal_perc_100_3,id_7d268895569b,har,train,full_run,/workspaces/HIAAC-KR-Dev-Container/Minerva-Exps/benchmarks/experiments/paper_daghar_supervised_3runs_perlr_samples_down_seed_resnetse5_12345/logs/id_fe55765a96ef/final,,,,,,,,,
train_resnetse5,id_347e7db01031,,completed,0,False,id_01c6663a52ec,supervised,resnetse5,full_finetune_lr3,id_1bbf2a0cd7dc,multimodal_df,daghar_standardized_balanced,rw_waist,train,config_0,multimodal_samples_025_2,id_7d268895569b,har,train,full_run,/workspaces/HIAAC-KR-Dev-Container/Minerva-Exps/benchmarks/experiments/paper_daghar_supervised_3runs_perlr_samples_down_seed_resnetse5_12345/logs/id_347e7db01031/final,,,,,,,,,
evaluate_resnetse5,id_5ae88d02376a,id_f6393838034c,completed,1,True,id_51a779f741ee,supervised,resnetse5,full_finetune_lr1,id_f43fb4e453fc,multimodal_df,daghar_standardized_balanced,uci,test,,multimodal_perc_100,id_daa7333eb2f8,har,evaluate,full_run,/workspaces/HIAAC-KR-Dev-Container/Minerva-Exps/benchmarks/experiments/paper_daghar_supervised_3runs_perlr_samples_down_seed_resnetse5_12345/logs/id_5ae88d02376a/final,01f6090dba,/workspaces/HIAAC-KR-Dev-Container/Minerva-Exps/benchmarks/experiments/paper_daghar_supervised_3runs_perlr_samples_down_seed_resnetse5_12345/logs/id_5ae88d02376a/final/metrics_2025-11-10-15-52-01f6090dba.yaml,/workspaces/HIAAC-KR-Dev-Container/Minerva-Exps/benchmarks/experiments/paper_daghar_supervised_3runs_perlr_samples_down_seed_resnetse5_12345/logs/id_5ae88d02376a/final/run_2025-11-10-15-52-01f6090dba.yaml,0.6637681126594543,0.6748299598693848,0.6198104619979858,0.6637681126594543,0.6637681722640991,0.6748299598693848
train_resnetse5,id_fecd82d3721d,,completed,0,False,id_612c26209f9f,supervised,resnetse5,full_finetune_lr2,id_c6d3a26ce3a3,multimodal_df,daghar_standardized_balanced,uci,train,config_0,multimodal_samples_010_3,id_7d268895569b,har,train,full_run,/workspaces/HIAAC-KR-Dev-Container/Minerva-Exps/benchmarks/experiments/paper_daghar_supervised_3runs_perlr_samples_down_seed_resnetse5_12345/logs/id_fecd82d3721d/final,,,,,,,,,
evaluate_resnetse5,id_82ac5fb7bd5e,id_20697e94be49,completed,1,True,id_612c26209f9f,supervised,resnetse5,full_finetune_lr2,id_6d709bfacf5c,multimodal_df,daghar_standardized_balanced,rw_thigh,test,,multimodal_perc_100,id_daa7333eb2f8,har,evaluate,full_run,/workspaces/HIAAC-KR-Dev-Container/Minerva-Exps/benchmarks/experiments/paper_daghar_supervised_3runs_perlr_samples_down_seed_resnetse5_12345/logs/id_82ac5fb7bd5e/final,29abf349e8,/workspaces/HIAAC-KR-Dev-Container/Minerva-Exps/benchmarks/experiments/paper_daghar_supervised_3runs_perlr_samples_down_seed_resnetse5_12345/logs/id_82ac5fb7bd5e/final/metrics_2025-11-10-16-08-29abf349e8.yaml,/workspaces/HIAAC-KR-Dev-Container/Minerva-Exps/benchmarks/experiments/paper_daghar_supervised_3runs_perlr_samples_down_seed_resnetse5_12345/logs/id_82ac5fb7bd5e/final/run_2025-11-10-16-08-29abf349e8.yaml,0.7084196209907532,0.7458526492118835,0.6649208068847656,0.7084196209907532,0.7084195613861084,0.7458525896072388
evaluate_resnetse5,id_f474d8a090f8,id_ed0a40ff1fc1,completed,1,True,id_a619266c470c,supervised,resnetse5,full_finetune_lr4,id_bf761b672fa2,multimodal_df,daghar_standardized_balanced,rw_thigh,test,,multimodal_perc_100,id_daa7333eb2f8,har,evaluate,full_run,/workspaces/HIAAC-KR-Dev-Container/Minerva-Exps/benchmarks/experiments/paper_daghar_supervised_3runs_perlr_samples_down_seed_resnetse5_12345/logs/id_f474d8a090f8/final,14f8d17f6d,/workspaces/HIAAC-KR-Dev-Container/Minerva-Exps/benchmarks/experiments/paper_daghar_supervised_3runs_perlr_samples_down_seed_resnetse5_12345/logs/id_f474d8a090f8/final/metrics_2025-11-10-17-01-14f8d17f6d.yaml,/workspaces/HIAAC-KR-Dev-Container/Minerva-Exps/benchmarks/experiments/paper_daghar_supervised_3runs_perlr_samples_down_seed_resnetse5_12345/logs/id_f474d8a090f8/final/run_2025-11-10-17-01-14f8d17f6d.yaml,0.7425810694694519,0.7847490310668945,0.7257615327835083,0.7425810694694519,0.7425810694694519,0.7847490310668945
train_resnetse5,id_85b6df3f740f,,completed,0,False,id_a619266c470c,supervised,resnetse5,full_finetune_lr4,id_8949c49a12d2,multimodal_df,daghar_standardized_balanced,uci,train,config_0,multimodal_samples_001,id_7d268895569b,har,train,full_run,/workspaces/HIAAC-KR-Dev-Container/Minerva-Exps/benchmarks/experiments/paper_daghar_supervised_3runs_perlr_samples_down_seed_resnetse5_12345/logs/id_85b6df3f740f/final,,,,,,,,,
evaluate_resnetse5,id_c15835e316d4,id_fa0212f7aa23,completed,1,True,id_51a779f741ee,supervised,resnetse5,full_finetune_lr1,id_6790d96a1ecf,multimodal_df,daghar_standardized_balanced,motionsense,test,,multimodal_perc_100,id_daa7333eb2f8,har,evaluate,full_run,/workspaces/HIAAC-KR-Dev-Container/Minerva-Exps/benchmarks/experiments/paper_daghar_supervised_3runs_perlr_samples_down_seed_resnetse5_12345/logs/id_c15835e316d4/final,25ac452e46,/workspaces/HIAAC-KR-Dev-Container/Minerva-Exps/benchmarks/experiments/paper_daghar_supervised_3runs_perlr_samples_down_seed_resnetse5_12345/logs/id_c15835e316d4/final/metrics_2025-11-10-16-36-25ac452e46.yaml,/workspaces/HIAAC-KR-Dev-Container/Minerva-Exps/benchmarks/experiments/paper_daghar_supervised_3runs_perlr_samples_down_seed_resnetse5_12345/logs/id_c15835e316d4/final/run_2025-11-10-16-36-25ac452e46.yaml,0.7325800657272339,0.787021279335022,0.677639365196228,0.7325800657272339,0.7325800657272339,0.6558510661125183
train_resnetse5,id_56dd03fad1bd,,completed,0,False,id_a619266c470c,supervised,resnetse5,full_finetune_lr4,id_132ff3af6c3c,multimodal_df,daghar_standardized_balanced,uci,train,config_0,multimodal_samples_100_3,id_7d268895569b,har,train,full_run,/workspaces/HIAAC-KR-Dev-Container/Minerva-Exps/benchmarks/experiments/paper_daghar_supervised_3runs_perlr_samples_down_seed_resnetse5_12345/logs/id_56dd03fad1bd/final,,,,,,,,,
train_resnetse5,id_f9de1ad6eff8,,completed,0,False,id_a619266c470c,supervised,resnetse5,full_finetune_lr4,id_7df0892adc07,multimodal_df,daghar_standardized_balanced,rw_thigh,train,config_0,multimodal_samples_005,id_7d268895569b,har,train,full_run,/workspaces/HIAAC-KR-Dev-Container/Minerva-Exps/benchmarks/experiments/paper_daghar_supervised_3runs_perlr_samples_down_seed_resnetse5_12345/logs/id_f9de1ad6eff8/final,,,,,,,,,
evaluate_resnetse5,id_0588be2be33a,id_47f720d1a0cd,failed,1,True,id_3f47675df06f,supervised,resnetse5,full_finetune_lr5,id_fd30500e58bb,multimodal_df,daghar_standardized_balanced,kuhar,test,,multimodal_perc_100,id_daa7333eb2f8,har,evaluate,full_run,/workspaces/HIAAC-KR-Dev-Container/Minerva-Exps/benchmarks/experiments/paper_daghar_supervised_3runs_perlr_samples_down_seed_resnetse5_12345/logs/id_0588be2be33a/final,316f8755fb,/workspaces/HIAAC-KR-Dev-Container/Minerva-Exps/benchmarks/experiments/paper_daghar_supervised_3runs_perlr_samples_down_seed_resnetse5_12345/logs/id_0588be2be33a/final/metrics_2025-11-10-17-55-316f8755fb.yaml,/workspaces/HIAAC-KR-Dev-Container/Minerva-Exps/benchmarks/experiments/paper_daghar_supervised_3runs_perlr_samples_down_seed_resnetse5_12345/logs/id_0588be2be33a/final/run_2025-11-10-17-55-316f8755fb.yaml,0.4861111044883728,0.4815554618835449,0.37423428893089294,0.4861111044883728,0.4861111044883728,0.3210369646549225
train_resnetse5,id_5ca974885002,,completed,0,False,id_51a779f741ee,supervised,resnetse5,full_finetune_lr1,id_d9dc7844fd8b,multimodal_df,daghar_standardized_balanced,uci,train,config_0,multimodal_samples_050_2,id_7d268895569b,har,train,full_run,/workspaces/HIAAC-KR-Dev-Container/Minerva-Exps/benchmarks/experiments/paper_daghar_supervised_3runs_perlr_samples_down_seed_resnetse5_12345/logs/id_5ca974885002/final,,,,,,,,,
evaluate_resnetse5,id_93983f1038af,id_cf8f87ae04c5,completed,1,True,id_01c6663a52ec,supervised,resnetse5,full_finetune_lr3,id_2927a4a2198f,multimodal_df,daghar_standardized_balanced,kuhar,test,,multimodal_perc_100,id_daa7333eb2f8,har,evaluate,full_run,/workspaces/HIAAC-KR-Dev-Container/Minerva-Exps/benchmarks/experiments/paper_daghar_supervised_3runs_perlr_samples_down_seed_resnetse5_12345/logs/id_93983f1038af/final,275cb85d7f,/workspaces/HIAAC-KR-Dev-Container/Minerva-Exps/benchmarks/experiments/paper_daghar_supervised_3runs_perlr_samples_down_seed_resnetse5_12345/logs/id_93983f1038af/final/metrics_2025-11-10-16-16-275cb85d7f.yaml,/workspaces/HIAAC-KR-Dev-Container/Minerva-Exps/benchmarks/experiments/paper_daghar_supervised_3runs_perlr_samples_down_seed_resnetse5_12345/logs/id_93983f1038af/final/run_2025-11-10-16-16-275cb85d7f.yaml,0.6180555820465088,0.7191565036773682,0.5538970232009888,0.6180555820465088,0.6180555820465088,0.599297046661377
train_resnetse5,id_a501802f00a0,,completed,0,False,id_3f47675df06f,supervised,resnetse5,full_finetune_lr5,id_c1e743ebb0a8,multimodal_df,daghar_standardized_balanced,rw_thigh,train,config_0,multimodal_samples_005_3,id_7d268895569b,har,train,full_run,/workspaces/HIAAC-KR-Dev-Container/Minerva-Exps/benchmarks/experiments/paper_daghar_supervised_3runs_perlr_samples_down_seed_resnetse5_12345/logs/id_a501802f00a0/final,,,,,,,,,
evaluate_resnetse5,id_af91b0861e97,id_2034d4cbe948,completed,1,True,id_51a779f741ee,supervised,resnetse5,full_finetune_lr1,id_013f99aece88,multimodal_df,daghar_standardized_balanced,rw_waist,test,,multimodal_perc_100,id_daa7333eb2f8,har,evaluate,full_run,/workspaces/HIAAC-KR-Dev-Container/Minerva-Exps/benchmarks/experiments/paper_daghar_supervised_3runs_perlr_samples_down_seed_resnetse5_12345/logs/id_af91b0861e97/final,27bd69f325,/workspaces/HIAAC-KR-Dev-Container/Minerva-Exps/benchmarks/experiments/paper_daghar_supervised_3runs_perlr_samples_down_seed_resnetse5_12345/logs/id_af91b0861e97/final/metrics_2025-11-10-16-28-27bd69f325.yaml,/workspaces/HIAAC-KR-Dev-Container/Minerva-Exps/benchmarks/experiments/paper_daghar_supervised_3runs_perlr_samples_down_seed_resnetse5_12345/logs/id_af91b0861e97/final/run_2025-11-10-16-28-27bd69f325.yaml,0.4934413433074951,0.45455947518348694,0.4409857988357544,0.4934413433074951,0.4934413731098175,0.4545595049858093
train_resnetse5,id_13de70f8a33e,,completed,0,False,id_612c26209f9f,supervised,resnetse5,full_finetune_lr2,id_68e2c218f19b,multimodal_df,daghar_standardized_balanced,rw_waist,train,config_0,multimodal_samples_050,id_7d268895569b,har,train,full_run,/workspaces/HIAAC-KR-Dev-Container/Minerva-Exps/benchmarks/experiments/paper_daghar_supervised_3runs_perlr_samples_down_seed_resnetse5_12345/logs/id_13de70f8a33e/final,,,,,,,,,
train_resnetse5,id_31c0a079bcba,,completed,0,False,id_51a779f741ee,supervised,resnetse5,full_finetune_lr1,id_a8b9fb2299ef,multimodal_df,daghar_standardized_balanced,wisdm,train,config_0,multimodal_samples_010_2,id_7d268895569b,har,train,full_run,/workspaces/HIAAC-KR-Dev-Container/Minerva-Exps/benchmarks/experiments/paper_daghar_supervised_3runs_perlr_samples_down_seed_resnetse5_12345/logs/id_31c0a079bcba/final,,,,,,,,,
train_resnetse5,id_6e1cae31a588,,completed,0,False,id_612c26209f9f,supervised,resnetse5,full_finetune_lr2,id_c2e910dcdcec,multimodal_df,daghar_standardized_balanced,motionsense,train,config_0,multimodal_samples_010_2,id_7d268895569b,har,train,full_run,/workspaces/HIAAC-KR-Dev-Container/Minerva-Exps/benchmarks/experiments/paper_daghar_supervised_3runs_perlr_samples_down_seed_resnetse5_12345/logs/id_6e1cae31a588/final,,,,,,,,,
train_resnetse5,id_cde082161464,,completed,0,False,id_612c26209f9f,supervised,resnetse5,full_finetune_lr2,id_de3c5e60bc0a,multimodal_df,daghar_standardized_balanced,motionsense,train,config_0,multimodal_samples_010,id_7d268895569b,har,train,full_run,/workspaces/HIAAC-KR-Dev-Container/Minerva-Exps/benchmarks/experiments/paper_daghar_supervised_3runs_perlr_samples_down_seed_resnetse5_12345/logs/id_cde082161464/final,,,,,,,,,
train_resnetse5,id_7f41c6fd5102,,completed,0,False,id_a619266c470c,supervised,resnetse5,full_finetune_lr4,id_68e2c218f19b,multimodal_df,daghar_standardized_balanced,rw_waist,train,config_0,multimodal_samples_050,id_7d268895569b,har,train,full_run,/workspaces/HIAAC-KR-Dev-Container/Minerva-Exps/benchmarks/experiments/paper_daghar_supervised_3runs_perlr_samples_down_seed_resnetse5_12345/logs/id_7f41c6fd5102/final,,,,,,,,,
evaluate_resnetse5,id_ce89d516f67d,id_47321c2f5ee0,completed,1,True,id_a619266c470c,supervised,resnetse5,full_finetune_lr4,id_36f18442564c,multimodal_df,daghar_standardized_balanced,motionsense,test,,multimodal_perc_100,id_daa7333eb2f8,har,evaluate,full_run,/workspaces/HIAAC-KR-Dev-Container/Minerva-Exps/benchmarks/experiments/paper_daghar_supervised_3runs_perlr_samples_down_seed_resnetse5_12345/logs/id_ce89d516f67d/final,04e5007837,/workspaces/HIAAC-KR-Dev-Container/Minerva-Exps/benchmarks/experiments/paper_daghar_supervised_3runs_perlr_samples_down_seed_resnetse5_12345/logs/id_ce89d516f67d/final/metrics_2025-11-10-16-42-04e5007837.yaml,/workspaces/HIAAC-KR-Dev-Container/Minerva-Exps/benchmarks/experiments/paper_daghar_supervised_3runs_perlr_samples_down_seed_resnetse5_12345/logs/id_ce89d516f67d/final/run_2025-11-10-16-42-04e5007837.yaml,0.8408662676811218,0.8490462899208069,0.8397365212440491,0.8408662676811218,0.8408662676811218,0.8490463495254517
train_resnetse5,id_7a03e4def05e,,completed,0,False,id_3f47675df06f,supervised,resnetse5,full_finetune_lr5,id_68e2c218f19b,multimodal_df,daghar_standardized_balanced,rw_waist,train,config_0,multimodal_samples_050,id_7d268895569b,har,train,full_run,/workspaces/HIAAC-KR-Dev-Container/Minerva-Exps/benchmarks/experiments/paper_daghar_supervised_3runs_perlr_samples_down_seed_resnetse5_12345/logs/id_7a03e4def05e/final,,,,,,,,,
evaluate_resnetse5,id_71f62373736c,id_9ae1e5cb020f,completed,1,True,id_612c26209f9f,supervised,resnetse5,full_finetune_lr2,id_ccb81a2579bc,multimodal_df,daghar_standardized_balanced,rw_waist,test,,multimodal_perc_100,id_daa7333eb2f8,har,evaluate,full_run,/workspaces/HIAAC-KR-Dev-Container/Minerva-Exps/benchmarks/experiments/paper_daghar_supervised_3runs_perlr_samples_down_seed_resnetse5_12345/logs/id_71f62373736c/final,414874d691,/workspaces/HIAAC-KR-Dev-Container/Minerva-Exps/benchmarks/experiments/paper_daghar_supervised_3runs_perlr_samples_down_seed_resnetse5_12345/logs/id_71f62373736c/final/metrics_2025-11-10-16-01-414874d691.yaml,/workspaces/HIAAC-KR-Dev-Container/Minerva-Exps/benchmarks/experiments/paper_daghar_supervised_3runs_perlr_samples_down_seed_resnetse5_12345/logs/id_71f62373736c/final/run_2025-11-10-16-01-414874d691.yaml,0.560571014881134,0.6340768933296204,0.48111432790756226,0.560571014881134,0.560571014881134,0.5283973813056946
evaluate_resnetse5,id_110d55930086,id_9976911ea608,completed,1,True,id_3f47675df06f,supervised,resnetse5,full_finetune_lr5,id_05f8d8137621,multimodal_df,daghar_standardized_balanced,wisdm,test,,multimodal_perc_100,id_daa7333eb2f8,har,evaluate,full_run,/workspaces/HIAAC-KR-Dev-Container/Minerva-Exps/benchmarks/experiments/paper_daghar_supervised_3runs_perlr_samples_down_seed_resnetse5_12345/logs/id_110d55930086/final,54ace23540,/workspaces/HIAAC-KR-Dev-Container/Minerva-Exps/benchmarks/experiments/paper_daghar_supervised_3runs_perlr_samples_down_seed_resnetse5_12345/logs/id_110d55930086/final/metrics_2025-11-10-15-20-54ace23540.yaml,/workspaces/HIAAC-KR-Dev-Container/Minerva-Exps/benchmarks/experiments/paper_daghar_supervised_3runs_perlr_samples_down_seed_resnetse5_12345/logs/id_110d55930086/final/run_2025-11-10-15-20-54ace23540.yaml,0.735023021697998,0.8055062890052795,0.6505571603775024,0.735023021697998,0.735023021697998,0.6041297912597656
train_resnetse5,id_4e2bb91fe393,,completed,0,False,id_3f47675df06f,supervised,resnetse5,full_finetune_lr5,id_c05d706619f3,multimodal_df,daghar_standardized_balanced,rw_thigh,train,config_0,multimodal_samples_010,id_7d268895569b,har,train,full_run,/workspaces/HIAAC-KR-Dev-Container/Minerva-Exps/benchmarks/experiments/paper_daghar_supervised_3runs_perlr_samples_down_seed_resnetse5_12345/logs/id_4e2bb91fe393/final,,,,,,,,,
train_resnetse5,id_600b2f97ae69,,completed,0,False,id_3f47675df06f,supervised,resnetse5,full_finetune_lr5,id_0bda4f0f9489,multimodal_df,daghar_standardized_balanced,motionsense,train,config_0,multimodal_samples_005,id_7d268895569b,har,train,full_run,/workspaces/HIAAC-KR-Dev-Container/Minerva-Exps/benchmarks/experiments/paper_daghar_supervised_3runs_perlr_samples_down_seed_resnetse5_12345/logs/id_600b2f97ae69/final,,,,,,,,,
evaluate_resnetse5,id_87cc73489252,id_ba9154f851b7,completed,1,True,id_a619266c470c,supervised,resnetse5,full_finetune_lr4,id_57108b3e5074,multimodal_df,daghar_standardized_balanced,motionsense,test,,multimodal_perc_100,id_daa7333eb2f8,har,evaluate,full_run,/workspaces/HIAAC-KR-Dev-Container/Minerva-Exps/benchmarks/experiments/paper_daghar_supervised_3runs_perlr_samples_down_seed_resnetse5_12345/logs/id_87cc73489252/final,103cd73d95,/workspaces/HIAAC-KR-Dev-Container/Minerva-Exps/benchmarks/experiments/paper_daghar_supervised_3runs_perlr_samples_down_seed_resnetse5_12345/logs/id_87cc73489252/final/metrics_2025-11-10-16-11-103cd73d95.yaml,/workspaces/HIAAC-KR-Dev-Container/Minerva-Exps/benchmarks/experiments/paper_daghar_supervised_3runs_perlr_samples_down_seed_resnetse5_12345/logs/id_87cc73489252/final/run_2025-11-10-16-11-103cd73d95.yaml,0.8286252617835999,0.8630950450897217,0.8149464726448059,0.8286252617835999,0.8286252021789551,0.8630951046943665
train_resnetse5,id_ead8ec26582b,,completed,0,False,id_51a779f741ee,supervised,resnetse5,full_finetune_lr1,id_0f9a122d7cc5,multimodal_df,daghar_standardized_balanced,uci,train,config_0,multimodal_samples_025,id_7d268895569b,har,train,full_run,/workspaces/HIAAC-KR-Dev-Container/Minerva-Exps/benchmarks/experiments/paper_daghar_supervised_3runs_perlr_samples_down_seed_resnetse5_12345/logs/id_ead8ec26582b/final,,,,,,,,,
train_resnetse5,id_fe13d60264a6,,completed,0,False,id_3f47675df06f,supervised,resnetse5,full_finetune_lr5,id_a274409d79b7,multimodal_df,daghar_standardized_balanced,uci,train,config_0,multimodal_perc_100_2,id_7d268895569b,har,train,full_run,/workspaces/HIAAC-KR-Dev-Container/Minerva-Exps/benchmarks/experiments/paper_daghar_supervised_3runs_perlr_samples_down_seed_resnetse5_12345/logs/id_fe13d60264a6/final,,,,,,,,,
evaluate_resnetse5,id_e8ef036b6135,id_046180aa91e3,completed,1,True,id_01c6663a52ec,supervised,resnetse5,full_finetune_lr3,id_326053c8c3a8,multimodal_df,daghar_standardized_balanced,rw_thigh,test,,multimodal_perc_100,id_daa7333eb2f8,har,evaluate,full_run,/workspaces/HIAAC-KR-Dev-Container/Minerva-Exps/benchmarks/experiments/paper_daghar_supervised_3runs_perlr_samples_down_seed_resnetse5_12345/logs/id_e8ef036b6135/final,47e0490e71,/workspaces/HIAAC-KR-Dev-Container/Minerva-Exps/benchmarks/experiments/paper_daghar_supervised_3runs_perlr_samples_down_seed_resnetse5_12345/logs/id_e8ef036b6135/final/metrics_2025-11-10-16-55-47e0490e71.yaml,/workspaces/HIAAC-KR-Dev-Container/Minerva-Exps/benchmarks/experiments/paper_daghar_supervised_3runs_perlr_samples_down_seed_resnetse5_12345/logs/id_e8ef036b6135/final/run_2025-11-10-16-55-47e0490e71.yaml,0.4627329111099243,0.40135595202445984,0.39238059520721436,0.4627329111099243,0.4627329111099243,0.40135595202445984
train_resnetse5,id_b0b315f23960,,completed,0,False,id_a619266c470c,supervised,resnetse5,full_finetune_lr4,id_091a3b529e49,multimodal_df,daghar_standardized_balanced,kuhar,train,config_0,multimodal_samples_005_3,id_7d268895569b,har,train,full_run,/workspaces/HIAAC-KR-Dev-Container/Minerva-Exps/benchmarks/experiments/paper_daghar_supervised_3runs_perlr_samples_down_seed_resnetse5_12345/logs/id_b0b315f23960/final,,,,,,,,,
train_resnetse5,id_1fe526dc36e9,,completed,0,False,id_612c26209f9f,supervised,resnetse5,full_finetune_lr2,id_b2e8ece61834,multimodal_df,daghar_standardized_balanced,wisdm,train,config_0,multimodal_perc_100_3,id_7d268895569b,har,train,full_run,/workspaces/HIAAC-KR-Dev-Container/Minerva-Exps/benchmarks/experiments/paper_daghar_supervised_3runs_perlr_samples_down_seed_resnetse5_12345/logs/id_1fe526dc36e9/final,,,,,,,,,
train_resnetse5,id_b4045a4cf0ae,,completed,0,False,id_51a779f741ee,supervised,resnetse5,full_finetune_lr1,id_01955da0dfc1,multimodal_df,daghar_standardized_balanced,wisdm,train,config_0,multimodal_samples_001_3,id_7d268895569b,har,train,full_run,/workspaces/HIAAC-KR-Dev-Container/Minerva-Exps/benchmarks/experiments/paper_daghar_supervised_3runs_perlr_samples_down_seed_resnetse5_12345/logs/id_b4045a4cf0ae/final,,,,,,,,,
train_resnetse5,id_4756d446cda6,,completed,0,False,id_01c6663a52ec,supervised,resnetse5,full_finetune_lr3,id_0637ba4f3b1a,multimodal_df,daghar_standardized_balanced,wisdm,train,config_0,multimodal_samples_001,id_7d268895569b,har,train,full_run,/workspaces/HIAAC-KR-Dev-Container/Minerva-Exps/benchmarks/experiments/paper_daghar_supervised_3runs_perlr_samples_down_seed_resnetse5_12345/logs/id_4756d446cda6/final,,,,,,,,,
train_resnetse5,id_c570f0749bdc,,completed,0,False,id_51a779f741ee,supervised,resnetse5,full_finetune_lr1,id_5aed9d092412,multimodal_df,daghar_standardized_balanced,wisdm,train,config_0,multimodal_samples_050_3,id_7d268895569b,har,train,full_run,/workspaces/HIAAC-KR-Dev-Container/Minerva-Exps/benchmarks/experiments/paper_daghar_supervised_3runs_perlr_samples_down_seed_resnetse5_12345/logs/id_c570f0749bdc/final,,,,,,,,,
train_resnetse5,id_c9d9b914f575,,completed,0,False,id_51a779f741ee,supervised,resnetse5,full_finetune_lr1,id_55cd8c823098,multimodal_df,daghar_standardized_balanced,kuhar,train,config_0,multimodal_samples_050_2,id_7d268895569b,har,train,full_run,/workspaces/HIAAC-KR-Dev-Container/Minerva-Exps/benchmarks/experiments/paper_daghar_supervised_3runs_perlr_samples_down_seed_resnetse5_12345/logs/id_c9d9b914f575/final,,,,,,,,,
train_resnetse5,id_382d3b0db895,,completed,0,False,id_51a779f741ee,supervised,resnetse5,full_finetune_lr1,id_52a5133aa345,multimodal_df,daghar_standardized_balanced,wisdm,train,config_0,multimodal_samples_100_3,id_7d268895569b,har,train,full_run,/workspaces/HIAAC-KR-Dev-Container/Minerva-Exps/benchmarks/experiments/paper_daghar_supervised_3runs_perlr_samples_down_seed_resnetse5_12345/logs/id_382d3b0db895/final,,,,,,,,,
evaluate_resnetse5,id_e8daf64c4a3e,id_7b3029b592a7,completed,1,True,id_01c6663a52ec,supervised,resnetse5,full_finetune_lr3,id_ea95c25c903d,multimodal_df,daghar_standardized_balanced,wisdm,test,,multimodal_perc_100,id_daa7333eb2f8,har,evaluate,full_run,/workspaces/HIAAC-KR-Dev-Container/Minerva-Exps/benchmarks/experiments/paper_daghar_supervised_3runs_perlr_samples_down_seed_resnetse5_12345/logs/id_e8daf64c4a3e/final,36f88dd60d,/workspaces/HIAAC-KR-Dev-Container/Minerva-Exps/benchmarks/experiments/paper_daghar_supervised_3runs_perlr_samples_down_seed_resnetse5_12345/logs/id_e8daf64c4a3e/final/metrics_2025-11-10-16-55-36f88dd60d.yaml,/workspaces/HIAAC-KR-Dev-Container/Minerva-Exps/benchmarks/experiments/paper_daghar_supervised_3runs_perlr_samples_down_seed_resnetse5_12345/logs/id_e8daf64c4a3e/final/run_2025-11-10-16-55-36f88dd60d.yaml,0.7734255194664001,0.7848712205886841,0.7740108370780945,0.7734255194664001,0.7734255194664001,0.7848711609840393
train_resnetse5,id_1200d99e8328,,completed,0,False,id_a619266c470c,supervised,resnetse5,full_finetune_lr4,id_e5f35050bdc1,multimodal_df,daghar_standardized_balanced,wisdm,train,config_0,multimodal_samples_005_3,id_7d268895569b,har,train,full_run,/workspaces/HIAAC-KR-Dev-Container/Minerva-Exps/benchmarks/experiments/paper_daghar_supervised_3runs_perlr_samples_down_seed_resnetse5_12345/logs/id_1200d99e8328/final,,,,,,,,,
evaluate_resnetse5,id_3480e28fd821,id_5c167552afed,completed,1,True,id_612c26209f9f,supervised,resnetse5,full_finetune_lr2,id_f139484e6a4b,multimodal_df,daghar_standardized_balanced,kuhar,test,,multimodal_perc_100,id_daa7333eb2f8,har,evaluate,full_run,/workspaces/HIAAC-KR-Dev-Container/Minerva-Exps/benchmarks/experiments/paper_daghar_supervised_3runs_perlr_samples_down_seed_resnetse5_12345/logs/id_3480e28fd821/final,46c659f703,/workspaces/HIAAC-KR-Dev-Container/Minerva-Exps/benchmarks/experiments/paper_daghar_supervised_3runs_perlr_samples_down_seed_resnetse5_12345/logs/id_3480e28fd821/final/metrics_2025-11-10-15-34-46c659f703.yaml,/workspaces/HIAAC-KR-Dev-Container/Minerva-Exps/benchmarks/experiments/paper_daghar_supervised_3runs_perlr_samples_down_seed_resnetse5_12345/logs/id_3480e28fd821/final/run_2025-11-10-15-34-46c659f703.yaml,0.7708333134651184,0.8394540548324585,0.7149783968925476,0.7708333134651184,0.7708333730697632,0.6995450854301453
train_resnetse5,id_d49fad5869b3,,completed,0,False,id_612c26209f9f,supervised,resnetse5,full_finetune_lr2,id_3b3b9b61dc95,multimodal_df,daghar_standardized_balanced,kuhar,train,config_0,multimodal_perc_100,id_7d268895569b,har,train,full_run,/workspaces/HIAAC-KR-Dev-Container/Minerva-Exps/benchmarks/experiments/paper_daghar_supervised_3runs_perlr_samples_down_seed_resnetse5_12345/logs/id_d49fad5869b3/final,,,,,,,,,
evaluate_resnetse5,id_e6da53c3d281,id_3203d433a2ca,completed,1,True,id_612c26209f9f,supervised,resnetse5,full_finetune_lr2,id_e3e1de450b72,multimodal_df,daghar_standardized_balanced,rw_thigh,test,,multimodal_perc_100,id_daa7333eb2f8,har,evaluate,full_run,/workspaces/HIAAC-KR-Dev-Container/Minerva-Exps/benchmarks/experiments/paper_daghar_supervised_3runs_perlr_samples_down_seed_resnetse5_12345/logs/id_e6da53c3d281/final,42e42a8b6e,/workspaces/HIAAC-KR-Dev-Container/Minerva-Exps/benchmarks/experiments/paper_daghar_supervised_3runs_perlr_samples_down_seed_resnetse5_12345/logs/id_e6da53c3d281/final/metrics_2025-11-10-16-53-42e42a8b6e.yaml,/workspaces/HIAAC-KR-Dev-Container/Minerva-Exps/benchmarks/experiments/paper_daghar_supervised_3runs_perlr_samples_down_seed_resnetse5_12345/logs/id_e6da53c3d281/final/run_2025-11-10-16-53-42e42a8b6e.yaml,0.6352657079696655,0.7372026443481445,0.608109712600708,0.6352657079696655,0.6352656483650208,0.7372026443481445
train_resnetse5,id_a004399169e1,,completed,0,False,id_01c6663a52ec,supervised,resnetse5,full_finetune_lr3,id_2d8c7a4e80db,multimodal_df,daghar_standardized_balanced,motionsense,train,config_0,multimodal_samples_050_3,id_7d268895569b,har,train,full_run,/workspaces/HIAAC-KR-Dev-Container/Minerva-Exps/benchmarks/experiments/paper_daghar_supervised_3runs_perlr_samples_down_seed_resnetse5_12345/logs/id_a004399169e1/final,,,,,,,,,
train_resnetse5,id_d79e269838a1,,completed,0,False,id_3f47675df06f,supervised,resnetse5,full_finetune_lr5,id_6350f6340249,multimodal_df,daghar_standardized_balanced,kuhar,train,config_0,multimodal_samples_005_2,id_7d268895569b,har,train,full_run,/workspaces/HIAAC-KR-Dev-Container/Minerva-Exps/benchmarks/experiments/paper_daghar_supervised_3runs_perlr_samples_down_seed_resnetse5_12345/logs/id_d79e269838a1/final,,,,,,,,,
train_resnetse5,id_3fad3b86b089,,completed,0,False,id_a619266c470c,supervised,resnetse5,full_finetune_lr4,id_120bda9178a1,multimodal_df,daghar_standardized_balanced,wisdm,train,config_0,multimodal_samples_010_3,id_7d268895569b,har,train,full_run,/workspaces/HIAAC-KR-Dev-Container/Minerva-Exps/benchmarks/experiments/paper_daghar_supervised_3runs_perlr_samples_down_seed_resnetse5_12345/logs/id_3fad3b86b089/final,,,,,,,,,
train_resnetse5,id_af05a6973660,,completed,0,False,id_51a779f741ee,supervised,resnetse5,full_finetune_lr1,id_4987ed1d5bf0,multimodal_df,daghar_standardized_balanced,wisdm,train,config_0,multimodal_samples_025,id_7d268895569b,har,train,full_run,/workspaces/HIAAC-KR-Dev-Container/Minerva-Exps/benchmarks/experiments/paper_daghar_supervised_3runs_perlr_samples_down_seed_resnetse5_12345/logs/id_af05a6973660/final,,,,,,,,,
train_resnetse5,id_6db13d4b3ef8,,completed,0,False,id_51a779f741ee,supervised,resnetse5,full_finetune_lr1,id_515e0c3fbe05,multimodal_df,daghar_standardized_balanced,kuhar,train,config_0,multimodal_samples_200,id_7d268895569b,har,train,full_run,/workspaces/HIAAC-KR-Dev-Container/Minerva-Exps/benchmarks/experiments/paper_daghar_supervised_3runs_perlr_samples_down_seed_resnetse5_12345/logs/id_6db13d4b3ef8/final,,,,,,,,,
evaluate_resnetse5,id_7a3f76881e5b,id_bd9592cce119,completed,1,True,id_01c6663a52ec,supervised,resnetse5,full_finetune_lr3,id_0e2b77b61f90,multimodal_df,daghar_standardized_balanced,motionsense,test,,multimodal_perc_100,id_daa7333eb2f8,har,evaluate,full_run,/workspaces/HIAAC-KR-Dev-Container/Minerva-Exps/benchmarks/experiments/paper_daghar_supervised_3runs_perlr_samples_down_seed_resnetse5_12345/logs/id_7a3f76881e5b/final,243131d14f,/workspaces/HIAAC-KR-Dev-Container/Minerva-Exps/benchmarks/experiments/paper_daghar_supervised_3runs_perlr_samples_down_seed_resnetse5_12345/logs/id_7a3f76881e5b/final/metrics_2025-11-10-16-05-243131d14f.yaml,/workspaces/HIAAC-KR-Dev-Container/Minerva-Exps/benchmarks/experiments/paper_daghar_supervised_3runs_perlr_samples_down_seed_resnetse5_12345/logs/id_7a3f76881e5b/final/run_2025-11-10-16-05-243131d14f.yaml,0.8935970067977905,0.9059801697731018,0.8941570520401001,0.8935970067977905,0.8935969471931458,0.9059802293777466
evaluate_resnetse5,id_76486f7b3cd7,id_b5e2288c243d,completed,1,True,id_a619266c470c,supervised,resnetse5,full_finetune_lr4,id_f6972868c154,multimodal_df,daghar_standardized_balanced,uci,test,,multimodal_perc_100,id_daa7333eb2f8,har,evaluate,full_run,/workspaces/HIAAC-KR-Dev-Container/Minerva-Exps/benchmarks/experiments/paper_daghar_supervised_3runs_perlr_samples_down_seed_resnetse5_12345/logs/id_76486f7b3cd7/final,477a663658,/workspaces/HIAAC-KR-Dev-Container/Minerva-Exps/benchmarks/experiments/paper_daghar_supervised_3runs_perlr_samples_down_seed_resnetse5_12345/logs/id_76486f7b3cd7/final/metrics_2025-11-10-16-03-477a663658.yaml,/workspaces/HIAAC-KR-Dev-Container/Minerva-Exps/benchmarks/experiments/paper_daghar_supervised_3runs_perlr_samples_down_seed_resnetse5_12345/logs/id_76486f7b3cd7/final/run_2025-11-10-16-03-477a663658.yaml,0.8971014618873596,0.8990961909294128,0.8967160582542419,0.8971014618873596,0.8971014618873596,0.8990962505340576
evaluate_resnetse5,id_899e89da842a,id_6db13d4b3ef8,completed,1,True,id_51a779f741ee,supervised,resnetse5,full_finetune_lr1,id_3c74cc6e40b8,multimodal_df,daghar_standardized_balanced,kuhar,test,,multimodal_perc_100,id_daa7333eb2f8,har,evaluate,full_run,/workspaces/HIAAC-KR-Dev-Container/Minerva-Exps/benchmarks/experiments/paper_daghar_supervised_3runs_perlr_samples_down_seed_resnetse5_12345/logs/id_899e89da842a/final,478f54edd2,/workspaces/HIAAC-KR-Dev-Container/Minerva-Exps/benchmarks/experiments/paper_daghar_supervised_3runs_perlr_samples_down_seed_resnetse5_12345/logs/id_899e89da842a/final/metrics_2025-11-10-16-11-478f54edd2.yaml,/workspaces/HIAAC-KR-Dev-Container/Minerva-Exps/benchmarks/experiments/paper_daghar_supervised_3runs_perlr_samples_down_seed_resnetse5_12345/logs/id_899e89da842a/final/run_2025-11-10-16-11-478f54edd2.yaml,0.6180555820465088,0.6618486642837524,0.5433863401412964,0.6180555820465088,0.6180555820465088,0.5515406131744385
evaluate_resnetse5,id_917f4a75b79f,id_2320c08bcafa,completed,1,True,id_a619266c470c,supervised,resnetse5,full_finetune_lr4,id_a2762685b735,multimodal_df,daghar_standardized_balanced,rw_thigh,test,,multimodal_perc_100,id_daa7333eb2f8,har,evaluate,full_run,/workspaces/HIAAC-KR-Dev-Container/Minerva-Exps/benchmarks/experiments/paper_daghar_supervised_3runs_perlr_samples_down_seed_resnetse5_12345/logs/id_917f4a75b79f/final,1191300176,/workspaces/HIAAC-KR-Dev-Container/Minerva-Exps/benchmarks/experiments/paper_daghar_supervised_3runs_perlr_samples_down_seed_resnetse5_12345/logs/id_917f4a75b79f/final/metrics_2025-11-10-16-15-1191300176.yaml,/workspaces/HIAAC-KR-Dev-Container/Minerva-Exps/benchmarks/experiments/paper_daghar_supervised_3runs_perlr_samples_down_seed_resnetse5_12345/logs/id_917f4a75b79f/final/run_2025-11-10-16-15-1191300176.yaml,0.11973775178194046,0.26154831051826477,0.0696159154176712,0.11973775178194046,0.11973775923252106,0.17436553537845612
evaluate_resnetse5,id_912341c4ad29,id_5a84e1999b0b,completed,1,True,id_3f47675df06f,supervised,resnetse5,full_finetune_lr5,id_1ada09b787aa,multimodal_df,daghar_standardized_balanced,rw_thigh,test,,multimodal_perc_100,id_daa7333eb2f8,har,evaluate,full_run,/workspaces/HIAAC-KR-Dev-Container/Minerva-Exps/benchmarks/experiments/paper_daghar_supervised_3runs_perlr_samples_down_seed_resnetse5_12345/logs/id_912341c4ad29/final,5470b443ad,/workspaces/HIAAC-KR-Dev-Container/Minerva-Exps/benchmarks/experiments/paper_daghar_supervised_3runs_perlr_samples_down_seed_resnetse5_12345/logs/id_912341c4ad29/final/metrics_2025-11-10-16-14-5470b443ad.yaml,/workspaces/HIAAC-KR-Dev-Container/Minerva-Exps/benchmarks/experiments/paper_daghar_supervised_3runs_perlr_samples_down_seed_resnetse5_12345/logs/id_912341c4ad29/final/run_2025-11-10-16-14-5470b443ad.yaml,0.3909592926502228,0.5231830477714539,0.2737556993961334,0.3909592926502228,0.3909592628479004,0.34878870844841003
evaluate_resnetse5,id_0ccb9cd9d995,id_1115dc1dd0d2,completed,1,True,id_51a779f741ee,supervised,resnetse5,full_finetune_lr1,id_0ea13d307de4,multimodal_df,daghar_standardized_balanced,motionsense,test,,multimodal_perc_100,id_daa7333eb2f8,har,evaluate,full_run,/workspaces/HIAAC-KR-Dev-Container/Minerva-Exps/benchmarks/experiments/paper_daghar_supervised_3runs_perlr_samples_down_seed_resnetse5_12345/logs/id_0ccb9cd9d995/final,084793bca9,/workspaces/HIAAC-KR-Dev-Container/Minerva-Exps/benchmarks/experiments/paper_daghar_supervised_3runs_perlr_samples_down_seed_resnetse5_12345/logs/id_0ccb9cd9d995/final/metrics_2025-11-10-15-18-084793bca9.yaml,/workspaces/HIAAC-KR-Dev-Container/Minerva-Exps/benchmarks/experiments/paper_daghar_supervised_3runs_perlr_samples_down_seed_resnetse5_12345/logs/id_0ccb9cd9d995/final/run_2025-11-10-15-18-084793bca9.yaml,0.5160075426101685,0.4292477071285248,0.4570365846157074,0.5160075426101685,0.5160075426101685,0.4292476773262024
train_resnetse5,id_1b22dd459036,,completed,0,False,id_51a779f741ee,supervised,resnetse5,full_finetune_lr1,id_73b62c9f3e5a,multimodal_df,daghar_standardized_balanced,kuhar,train,config_0,multimodal_samples_005,id_7d268895569b,har,train,full_run,/workspaces/HIAAC-KR-Dev-Container/Minerva-Exps/benchmarks/experiments/paper_daghar_supervised_3runs_perlr_samples_down_seed_resnetse5_12345/logs/id_1b22dd459036/final,,,,,,,,,
train_resnetse5,id_097d68b0bcdf,,completed,0,False,id_a619266c470c,supervised,resnetse5,full_finetune_lr4,id_f90ca44123d9,multimodal_df,daghar_standardized_balanced,kuhar,train,config_0,multimodal_samples_200_3,id_7d268895569b,har,train,full_run,/workspaces/HIAAC-KR-Dev-Container/Minerva-Exps/benchmarks/experiments/paper_daghar_supervised_3runs_perlr_samples_down_seed_resnetse5_12345/logs/id_097d68b0bcdf/final,,,,,,,,,
train_resnetse5,id_16a7f956cc01,,completed,0,False,id_612c26209f9f,supervised,resnetse5,full_finetune_lr2,id_c1e743ebb0a8,multimodal_df,daghar_standardized_balanced,rw_thigh,train,config_0,multimodal_samples_005_3,id_7d268895569b,har,train,full_run,/workspaces/HIAAC-KR-Dev-Container/Minerva-Exps/benchmarks/experiments/paper_daghar_supervised_3runs_perlr_samples_down_seed_resnetse5_12345/logs/id_16a7f956cc01/final,,,,,,,,,
train_resnetse5,id_32060ed14677,,completed,0,False,id_01c6663a52ec,supervised,resnetse5,full_finetune_lr3,id_c1e743ebb0a8,multimodal_df,daghar_standardized_balanced,rw_thigh,train,config_0,multimodal_samples_005_3,id_7d268895569b,har,train,full_run,/workspaces/HIAAC-KR-Dev-Container/Minerva-Exps/benchmarks/experiments/paper_daghar_supervised_3runs_perlr_samples_down_seed_resnetse5_12345/logs/id_32060ed14677/final,,,,,,,,,
train_resnetse5,id_e403c38a11c3,,completed,0,False,id_a619266c470c,supervised,resnetse5,full_finetune_lr4,id_e0d8b057e9ae,multimodal_df,daghar_standardized_balanced,wisdm,train,config_0,multimodal_samples_200_2,id_7d268895569b,har,train,full_run,/workspaces/HIAAC-KR-Dev-Container/Minerva-Exps/benchmarks/experiments/paper_daghar_supervised_3runs_perlr_samples_down_seed_resnetse5_12345/logs/id_e403c38a11c3/final,,,,,,,,,
train_resnetse5,id_2d38802a70e1,,completed,0,False,id_612c26209f9f,supervised,resnetse5,full_finetune_lr2,id_0bda4f0f9489,multimodal_df,daghar_standardized_balanced,motionsense,train,config_0,multimodal_samples_005,id_7d268895569b,har,train,full_run,/workspaces/HIAAC-KR-Dev-Container/Minerva-Exps/benchmarks/experiments/paper_daghar_supervised_3runs_perlr_samples_down_seed_resnetse5_12345/logs/id_2d38802a70e1/final,,,,,,,,,
evaluate_resnetse5,id_acd7068937ab,id_7070c57133c1,completed,1,True,id_51a779f741ee,supervised,resnetse5,full_finetune_lr1,id_f6972868c154,multimodal_df,daghar_standardized_balanced,uci,test,,multimodal_perc_100,id_daa7333eb2f8,har,evaluate,full_run,/workspaces/HIAAC-KR-Dev-Container/Minerva-Exps/benchmarks/experiments/paper_daghar_supervised_3runs_perlr_samples_down_seed_resnetse5_12345/logs/id_acd7068937ab/final,41894e3733,/workspaces/HIAAC-KR-Dev-Container/Minerva-Exps/benchmarks/experiments/paper_daghar_supervised_3runs_perlr_samples_down_seed_resnetse5_12345/logs/id_acd7068937ab/final/metrics_2025-11-10-16-27-41894e3733.yaml,/workspaces/HIAAC-KR-Dev-Container/Minerva-Exps/benchmarks/experiments/paper_daghar_supervised_3runs_perlr_samples_down_seed_resnetse5_12345/logs/id_acd7068937ab/final/run_2025-11-10-16-27-41894e3733.yaml,0.7956521511077881,0.7655431032180786,0.738533616065979,0.7956521511077881,0.7956521511077881,0.7655430436134338
train_resnetse5,id_3f4489946695,,completed,0,False,id_01c6663a52ec,supervised,resnetse5,full_finetune_lr3,id_ec9738c1ffd0,multimodal_df,daghar_standardized_balanced,rw_waist,train,config_0,multimodal_samples_100,id_7d268895569b,har,train,full_run,/workspaces/HIAAC-KR-Dev-Container/Minerva-Exps/benchmarks/experiments/paper_daghar_supervised_3runs_perlr_samples_down_seed_resnetse5_12345/logs/id_3f4489946695/final,,,,,,,,,
evaluate_resnetse5,id_1bcd4dbdfd3f,id_51921fd5ee8c,completed,1,True,id_612c26209f9f,supervised,resnetse5,full_finetune_lr2,id_2f3102cb0072,multimodal_df,daghar_standardized_balanced,wisdm,test,,multimodal_perc_100,id_daa7333eb2f8,har,evaluate,full_run,/workspaces/HIAAC-KR-Dev-Container/Minerva-Exps/benchmarks/experiments/paper_daghar_supervised_3runs_perlr_samples_down_seed_resnetse5_12345/logs/id_1bcd4dbdfd3f/final,5466ca5311,/workspaces/HIAAC-KR-Dev-Container/Minerva-Exps/benchmarks/experiments/paper_daghar_supervised_3runs_perlr_samples_down_seed_resnetse5_12345/logs/id_1bcd4dbdfd3f/final/metrics_2025-11-10-15-25-5466ca5311.yaml,/workspaces/HIAAC-KR-Dev-Container/Minerva-Exps/benchmarks/experiments/paper_daghar_supervised_3runs_perlr_samples_down_seed_resnetse5_12345/logs/id_1bcd4dbdfd3f/final/run_2025-11-10-15-25-5466ca5311.yaml,0.7473118305206299,0.7884581089019775,0.6903082728385925,0.7473118305206299,0.7473118305206299,0.7884581089019775
evaluate_resnetse5,id_1d6a98a80bbd,id_9beddc1b1841,completed,1,True,id_3f47675df06f,supervised,resnetse5,full_finetune_lr5,id_347819b8e8e9,multimodal_df,daghar_standardized_balanced,wisdm,test,,multimodal_perc_100,id_daa7333eb2f8,har,evaluate,full_run,/workspaces/HIAAC-KR-Dev-Container/Minerva-Exps/benchmarks/experiments/paper_daghar_supervised_3runs_perlr_samples_down_seed_resnetse5_12345/logs/id_1d6a98a80bbd/final,316689a982,/workspaces/HIAAC-KR-Dev-Container/Minerva-Exps/benchmarks/experiments/paper_daghar_supervised_3runs_perlr_samples_down_seed_resnetse5_12345/logs/id_1d6a98a80bbd/final/metrics_2025-11-10-15-26-316689a982.yaml,/workspaces/HIAAC-KR-Dev-Container/Minerva-Exps/benchmarks/experiments/paper_daghar_supervised_3runs_perlr_samples_down_seed_resnetse5_12345/logs/id_1d6a98a80bbd/final/run_2025-11-10-15-26-316689a982.yaml,0.5499231815338135,0.5334857702255249,0.35175469517707825,0.5499231815338135,0.4399385452270508,0.5334857702255249
train_resnetse5,id_c9db235634e4,,completed,0,False,id_3f47675df06f,supervised,resnetse5,full_finetune_lr5,id_47548eafb974,multimodal_df,daghar_standardized_balanced,wisdm,train,config_0,multimodal_samples_005,id_7d268895569b,har,train,full_run,/workspaces/HIAAC-KR-Dev-Container/Minerva-Exps/benchmarks/experiments/paper_daghar_supervised_3runs_perlr_samples_down_seed_resnetse5_12345/logs/id_c9db235634e4/final,,,,,,,,,
evaluate_resnetse5,id_3c94653e02cf,id_bd509eb1c7a9,completed,1,True,id_51a779f741ee,supervised,resnetse5,full_finetune_lr1,id_cd6941f6f1c4,multimodal_df,daghar_standardized_balanced,kuhar,test,,multimodal_perc_100,id_daa7333eb2f8,har,evaluate,full_run,/workspaces/HIAAC-KR-Dev-Container/Minerva-Exps/benchmarks/experiments/paper_daghar_supervised_3runs_perlr_samples_down_seed_resnetse5_12345/logs/id_3c94653e02cf/final,343d21ffb1,/workspaces/HIAAC-KR-Dev-Container/Minerva-Exps/benchmarks/experiments/paper_daghar_supervised_3runs_perlr_samples_down_seed_resnetse5_12345/logs/id_3c94653e02cf/final/metrics_2025-11-10-15-37-343d21ffb1.yaml,/workspaces/HIAAC-KR-Dev-Container/Minerva-Exps/benchmarks/experiments/paper_daghar_supervised_3runs_perlr_samples_down_seed_resnetse5_12345/logs/id_3c94653e02cf/final/run_2025-11-10-15-37-343d21ffb1.yaml,0.5833333134651184,0.5725961327552795,0.5160505771636963,0.5833333134651184,0.5833333730697632,0.5725961327552795
evaluate_resnetse5,id_99409de881e5,id_2c7f72865ed6,completed,1,True,id_51a779f741ee,supervised,resnetse5,full_finetune_lr1,id_b666f65bfdb1,multimodal_df,daghar_standardized_balanced,rw_thigh,test,,multimodal_perc_100,id_daa7333eb2f8,har,evaluate,full_run,/workspaces/HIAAC-KR-Dev-Container/Minerva-Exps/benchmarks/experiments/paper_daghar_supervised_3runs_perlr_samples_down_seed_resnetse5_12345/logs/id_99409de881e5/final,51359d3c9c,/workspaces/HIAAC-KR-Dev-Container/Minerva-Exps/benchmarks/experiments/paper_daghar_supervised_3runs_perlr_samples_down_seed_resnetse5_12345/logs/id_99409de881e5/final/metrics_2025-11-10-16-17-51359d3c9c.yaml,/workspaces/HIAAC-KR-Dev-Container/Minerva-Exps/benchmarks/experiments/paper_daghar_supervised_3runs_perlr_samples_down_seed_resnetse5_12345/logs/id_99409de881e5/final/run_2025-11-10-16-17-51359d3c9c.yaml,0.4334023594856262,0.36496591567993164,0.33496400713920593,0.4334023594856262,0.43340232968330383,0.30413827300071716
evaluate_resnetse5,id_4b62cb42303e,id_097d68b0bcdf,completed,1,True,id_a619266c470c,supervised,resnetse5,full_finetune_lr4,id_43383c4a2620,multimodal_df,daghar_standardized_balanced,kuhar,test,,multimodal_perc_100,id_daa7333eb2f8,har,evaluate,full_run,/workspaces/HIAAC-KR-Dev-Container/Minerva-Exps/benchmarks/experiments/paper_daghar_supervised_3runs_perlr_samples_down_seed_resnetse5_12345/logs/id_4b62cb42303e/final,538a933bb0,/workspaces/HIAAC-KR-Dev-Container/Minerva-Exps/benchmarks/experiments/paper_daghar_supervised_3runs_perlr_samples_down_seed_resnetse5_12345/logs/id_4b62cb42303e/final/metrics_2025-11-10-15-44-538a933bb0.yaml,/workspaces/HIAAC-KR-Dev-Container/Minerva-Exps/benchmarks/experiments/paper_daghar_supervised_3runs_perlr_samples_down_seed_resnetse5_12345/logs/id_4b62cb42303e/final/run_2025-11-10-15-44-538a933bb0.yaml,0.6666666865348816,0.7092201113700867,0.6066871285438538,0.6666666865348816,0.6666666865348816,0.5910167694091797
evaluate_resnetse5,id_a8cc68c1718f,id_ac63d6165e1c,completed,1,True,id_612c26209f9f,supervised,resnetse5,full_finetune_lr2,id_3f52ea408e33,multimodal_df,daghar_standardized_balanced,uci,test,,multimodal_perc_100,id_daa7333eb2f8,har,evaluate,full_run,/workspaces/HIAAC-KR-Dev-Container/Minerva-Exps/benchmarks/experiments/paper_daghar_supervised_3runs_perlr_samples_down_seed_resnetse5_12345/logs/id_a8cc68c1718f/final,43158b320c,/workspaces/HIAAC-KR-Dev-Container/Minerva-Exps/benchmarks/experiments/paper_daghar_supervised_3runs_perlr_samples_down_seed_resnetse5_12345/logs/id_a8cc68c1718f/final/metrics_2025-11-10-16-25-43158b320c.yaml,/workspaces/HIAAC-KR-Dev-Container/Minerva-Exps/benchmarks/experiments/paper_daghar_supervised_3runs_perlr_samples_down_seed_resnetse5_12345/logs/id_a8cc68c1718f/final/run_2025-11-10-16-25-43158b320c.yaml,0.9623188376426697,0.9628661870956421,0.9622871279716492,0.9623188376426697,0.9623188376426697,0.9628661870956421
evaluate_resnetse5,id_4a73c2ff13eb,id_50188f087f55,completed,1,True,id_612c26209f9f,supervised,resnetse5,full_finetune_lr2,id_0299b3c2466e,multimodal_df,daghar_standardized_balanced,rw_waist,test,,multimodal_perc_100,id_daa7333eb2f8,har,evaluate,full_run,/workspaces/HIAAC-KR-Dev-Container/Minerva-Exps/benchmarks/experiments/paper_daghar_supervised_3runs_perlr_samples_down_seed_resnetse5_12345/logs/id_4a73c2ff13eb/final,59fd859ced,/workspaces/HIAAC-KR-Dev-Container/Minerva-Exps/benchmarks/experiments/paper_daghar_supervised_3runs_perlr_samples_down_seed_resnetse5_12345/logs/id_4a73c2ff13eb/final/metrics_2025-11-10-15-43-59fd859ced.yaml,/workspaces/HIAAC-KR-Dev-Container/Minerva-Exps/benchmarks/experiments/paper_daghar_supervised_3runs_perlr_samples_down_seed_resnetse5_12345/logs/id_4a73c2ff13eb/final/run_2025-11-10-15-43-59fd859ced.yaml,0.16473765671253204,0.10967603325843811,0.05921175330877304,0.16473765671253204,0.16473764181137085,0.03655867651104927
train_resnetse5,id_1b2f526c8d1e,,completed,0,False,id_51a779f741ee,supervised,resnetse5,full_finetune_lr1,id_dd4d18f1c7c4,multimodal_df,daghar_standardized_balanced,rw_thigh,train,config_0,multimodal_samples_025,id_7d268895569b,har,train,full_run,/workspaces/HIAAC-KR-Dev-Container/Minerva-Exps/benchmarks/experiments/paper_daghar_supervised_3runs_perlr_samples_down_seed_resnetse5_12345/logs/id_1b2f526c8d1e/final,,,,,,,,,
evaluate_resnetse5,id_ccd54ce16d75,id_fc570c38db1d,completed,1,True,id_51a779f741ee,supervised,resnetse5,full_finetune_lr1,id_cecfd4ce549b,multimodal_df,daghar_standardized_balanced,motionsense,test,,multimodal_perc_100,id_daa7333eb2f8,har,evaluate,full_run,/workspaces/HIAAC-KR-Dev-Container/Minerva-Exps/benchmarks/experiments/paper_daghar_supervised_3runs_perlr_samples_down_seed_resnetse5_12345/logs/id_ccd54ce16d75/final,36d5bf5f2e,/workspaces/HIAAC-KR-Dev-Container/Minerva-Exps/benchmarks/experiments/paper_daghar_supervised_3runs_perlr_samples_down_seed_resnetse5_12345/logs/id_ccd54ce16d75/final/metrics_2025-11-10-16-41-36d5bf5f2e.yaml,/workspaces/HIAAC-KR-Dev-Container/Minerva-Exps/benchmarks/experiments/paper_daghar_supervised_3runs_perlr_samples_down_seed_resnetse5_12345/logs/id_ccd54ce16d75/final/run_2025-11-10-16-41-36d5bf5f2e.yaml,0.7740113139152527,0.8383933901786804,0.7201269865036011,0.7740113139152527,0.7740112543106079,0.6986611485481262
evaluate_resnetse5,id_c5bee0453207,id_09248e4d78aa,completed,1,True,id_51a779f741ee,supervised,resnetse5,full_finetune_lr1,id_7f4030e07e10,multimodal_df,daghar_standardized_balanced,rw_thigh,test,,multimodal_perc_100,id_daa7333eb2f8,har,evaluate,full_run,/workspaces/HIAAC-KR-Dev-Container/Minerva-Exps/benchmarks/experiments/paper_daghar_supervised_3runs_perlr_samples_down_seed_resnetse5_12345/logs/id_c5bee0453207/final,001b99dc35,/workspaces/HIAAC-KR-Dev-Container/Minerva-Exps/benchmarks/experiments/paper_daghar_supervised_3runs_perlr_samples_down_seed_resnetse5_12345/logs/id_c5bee0453207/final/metrics_2025-11-10-16-38-001b99dc35.yaml,/workspaces/HIAAC-KR-Dev-Container/Minerva-Exps/benchmarks/experiments/paper_daghar_supervised_3runs_perlr_samples_down_seed_resnetse5_12345/logs/id_c5bee0453207/final/run_2025-11-10-16-38-001b99dc35.yaml,0.5293305516242981,0.4915742576122284,0.4552609324455261,0.5293305516242981,0.5293305516242981,0.4915742576122284
train_resnetse5,id_f7204957db39,,completed,0,False,id_01c6663a52ec,supervised,resnetse5,full_finetune_lr3,id_820f9528b139,multimodal_df,daghar_standardized_balanced,motionsense,train,config_0,multimodal_samples_010_3,id_7d268895569b,har,train,full_run,/workspaces/HIAAC-KR-Dev-Container/Minerva-Exps/benchmarks/experiments/paper_daghar_supervised_3runs_perlr_samples_down_seed_resnetse5_12345/logs/id_f7204957db39/final,,,,,,,,,
train_resnetse5,id_9ab82af78766,,completed,0,False,id_612c26209f9f,supervised,resnetse5,full_finetune_lr2,id_a50226a2e73f,multimodal_df,daghar_standardized_balanced,motionsense,train,config_0,multimodal_samples_005_3,id_7d268895569b,har,train,full_run,/workspaces/HIAAC-KR-Dev-Container/Minerva-Exps/benchmarks/experiments/paper_daghar_supervised_3runs_perlr_samples_down_seed_resnetse5_12345/logs/id_9ab82af78766/final,,,,,,,,,
train_resnetse5,id_ed77068c1c73,,completed,0,False,id_3f47675df06f,supervised,resnetse5,full_finetune_lr5,id_5ae71f56cac1,multimodal_df,daghar_standardized_balanced,kuhar,train,config_0,multimodal_perc_100_2,id_7d268895569b,har,train,full_run,/workspaces/HIAAC-KR-Dev-Container/Minerva-Exps/benchmarks/experiments/paper_daghar_supervised_3runs_perlr_samples_down_seed_resnetse5_12345/logs/id_ed77068c1c73/final,,,,,,,,,
train_resnetse5,id_2c62201e2d8c,,completed,0,False,id_a619266c470c,supervised,resnetse5,full_finetune_lr4,id_ff2bb65ac9fe,multimodal_df,daghar_standardized_balanced,uci,train,config_0,multimodal_samples_010_2,id_7d268895569b,har,train,full_run,/workspaces/HIAAC-KR-Dev-Container/Minerva-Exps/benchmarks/experiments/paper_daghar_supervised_3runs_perlr_samples_down_seed_resnetse5_12345/logs/id_2c62201e2d8c/final,,,,,,,,,
evaluate_resnetse5,id_a670682070df,id_85b6df3f740f,completed,1,True,id_a619266c470c,supervised,resnetse5,full_finetune_lr4,id_d29b433fa337,multimodal_df,daghar_standardized_balanced,uci,test,,multimodal_perc_100,id_daa7333eb2f8,har,evaluate,full_run,/workspaces/HIAAC-KR-Dev-Container/Minerva-Exps/benchmarks/experiments/paper_daghar_supervised_3runs_perlr_samples_down_seed_resnetse5_12345/logs/id_a670682070df/final,452b267d2d,/workspaces/HIAAC-KR-Dev-Container/Minerva-Exps/benchmarks/experiments/paper_daghar_supervised_3runs_perlr_samples_down_seed_resnetse5_12345/logs/id_a670682070df/final/metrics_2025-11-10-16-24-452b267d2d.yaml,/workspaces/HIAAC-KR-Dev-Container/Minerva-Exps/benchmarks/experiments/paper_daghar_supervised_3runs_perlr_samples_down_seed_resnetse5_12345/logs/id_a670682070df/final/run_2025-11-10-16-24-452b267d2d.yaml,0.5188405513763428,0.6872656345367432,0.4433886408805847,0.5188405513763428,0.5188406109809875,0.6872656345367432
evaluate_resnetse5,id_d8d10a0189cd,id_2713eeb18ec9,completed,1,True,id_01c6663a52ec,supervised,resnetse5,full_finetune_lr3,id_199b92ce1c8c,multimodal_df,daghar_standardized_balanced,uci,test,,multimodal_perc_100,id_daa7333eb2f8,har,evaluate,full_run,/workspaces/HIAAC-KR-Dev-Container/Minerva-Exps/benchmarks/experiments/paper_daghar_supervised_3runs_perlr_samples_down_seed_resnetse5_12345/logs/id_d8d10a0189cd/final,353695ab35,/workspaces/HIAAC-KR-Dev-Container/Minerva-Exps/benchmarks/experiments/paper_daghar_supervised_3runs_perlr_samples_down_seed_resnetse5_12345/logs/id_d8d10a0189cd/final/metrics_2025-11-10-16-46-353695ab35.yaml,/workspaces/HIAAC-KR-Dev-Container/Minerva-Exps/benchmarks/experiments/paper_daghar_supervised_3runs_perlr_samples_down_seed_resnetse5_12345/logs/id_d8d10a0189cd/final/run_2025-11-10-16-46-353695ab35.yaml,0.8072463870048523,0.8305975794792175,0.7770538330078125,0.8072463870048523,0.8072464466094971,0.8305976390838623
evaluate_resnetse5,id_2813e9bb5cf0,id_0a5bfcc98d8f,completed,1,True,id_51a779f741ee,supervised,resnetse5,full_finetune_lr1,id_4a334689f88e,multimodal_df,daghar_standardized_balanced,uci,test,,multimodal_perc_100,id_daa7333eb2f8,har,evaluate,full_run,/workspaces/HIAAC-KR-Dev-Container/Minerva-Exps/benchmarks/experiments/paper_daghar_supervised_3runs_perlr_samples_down_seed_resnetse5_12345/logs/id_2813e9bb5cf0/final,05448e1a0f,/workspaces/HIAAC-KR-Dev-Container/Minerva-Exps/benchmarks/experiments/paper_daghar_supervised_3runs_perlr_samples_down_seed_resnetse5_12345/logs/id_2813e9bb5cf0/final/metrics_2025-11-10-15-30-05448e1a0f.yaml,/workspaces/HIAAC-KR-Dev-Container/Minerva-Exps/benchmarks/experiments/paper_daghar_supervised_3runs_perlr_samples_down_seed_resnetse5_12345/logs/id_2813e9bb5cf0/final/run_2025-11-10-15-30-05448e1a0f.yaml,0.7811594009399414,0.7945781350135803,0.7235031127929688,0.7811594009399414,0.7811594009399414,0.7945781350135803
evaluate_resnetse5,id_69b9bb4751ea,id_4e2bb91fe393,completed,1,True,id_3f47675df06f,supervised,resnetse5,full_finetune_lr5,id_e5fd231e1895,multimodal_df,daghar_standardized_balanced,rw_thigh,test,,multimodal_perc_100,id_daa7333eb2f8,har,evaluate,full_run,/workspaces/HIAAC-KR-Dev-Container/Minerva-Exps/benchmarks/experiments/paper_daghar_supervised_3runs_perlr_samples_down_seed_resnetse5_12345/logs/id_69b9bb4751ea/final,28aa14fde2,/workspaces/HIAAC-KR-Dev-Container/Minerva-Exps/benchmarks/experiments/paper_daghar_supervised_3runs_perlr_samples_down_seed_resnetse5_12345/logs/id_69b9bb4751ea/final/metrics_2025-11-10-15-58-28aa14fde2.yaml,/workspaces/HIAAC-KR-Dev-Container/Minerva-Exps/benchmarks/experiments/paper_daghar_supervised_3runs_perlr_samples_down_seed_resnetse5_12345/logs/id_69b9bb4751ea/final/run_2025-11-10-15-58-28aa14fde2.yaml,0.3913043439388275,0.289786159992218,0.2580489218235016,0.3913043439388275,0.3913043737411499,0.19319075345993042
train_resnetse5,id_184cdb6d1a55,,completed,0,False,id_612c26209f9f,supervised,resnetse5,full_finetune_lr2,id_5aed9d092412,multimodal_df,daghar_standardized_balanced,wisdm,train,config_0,multimodal_samples_050_3,id_7d268895569b,har,train,full_run,/workspaces/HIAAC-KR-Dev-Container/Minerva-Exps/benchmarks/experiments/paper_daghar_supervised_3runs_perlr_samples_down_seed_resnetse5_12345/logs/id_184cdb6d1a55/final,,,,,,,,,
train_resnetse5,id_26d561e1485f,,completed,0,False,id_3f47675df06f,supervised,resnetse5,full_finetune_lr5,id_45c2c4800f32,multimodal_df,daghar_standardized_balanced,kuhar,train,config_0,multimodal_samples_025,id_7d268895569b,har,train,full_run,/workspaces/HIAAC-KR-Dev-Container/Minerva-Exps/benchmarks/experiments/paper_daghar_supervised_3runs_perlr_samples_down_seed_resnetse5_12345/logs/id_26d561e1485f/final,,,,,,,,,
evaluate_resnetse5,id_9c93f98d66d6,id_1ccf69d4bae6,completed,1,True,id_3f47675df06f,supervised,resnetse5,full_finetune_lr5,id_9b601446d92d,multimodal_df,daghar_standardized_balanced,motionsense,test,,multimodal_perc_100,id_daa7333eb2f8,har,evaluate,full_run,/workspaces/HIAAC-KR-Dev-Container/Minerva-Exps/benchmarks/experiments/paper_daghar_supervised_3runs_perlr_samples_down_seed_resnetse5_12345/logs/id_9c93f98d66d6/final,27202d0eb4,/workspaces/HIAAC-KR-Dev-Container/Minerva-Exps/benchmarks/experiments/paper_daghar_supervised_3runs_perlr_samples_down_seed_resnetse5_12345/logs/id_9c93f98d66d6/final/metrics_2025-11-10-16-20-27202d0eb4.yaml,/workspaces/HIAAC-KR-Dev-Container/Minerva-Exps/benchmarks/experiments/paper_daghar_supervised_3runs_perlr_samples_down_seed_resnetse5_12345/logs/id_9c93f98d66d6/final/run_2025-11-10-16-20-27202d0eb4.yaml,0.3540489673614502,0.41402357816696167,0.21672752499580383,0.3540489673614502,0.3540489673614502,0.34501969814300537
evaluate_resnetse5,id_287027b93e14,id_8fb3c73b386f,completed,1,True,id_3f47675df06f,supervised,resnetse5,full_finetune_lr5,id_9eaadd7e896e,multimodal_df,daghar_standardized_balanced,wisdm,test,,multimodal_perc_100,id_daa7333eb2f8,har,evaluate,full_run,/workspaces/HIAAC-KR-Dev-Container/Minerva-Exps/benchmarks/experiments/paper_daghar_supervised_3runs_perlr_samples_down_seed_resnetse5_12345/logs/id_287027b93e14/final,17c0791c7a,/workspaces/HIAAC-KR-Dev-Container/Minerva-Exps/benchmarks/experiments/paper_daghar_supervised_3runs_perlr_samples_down_seed_resnetse5_12345/logs/id_287027b93e14/final/metrics_2025-11-10-15-30-17c0791c7a.yaml,/workspaces/HIAAC-KR-Dev-Container/Minerva-Exps/benchmarks/experiments/paper_daghar_supervised_3runs_perlr_samples_down_seed_resnetse5_12345/logs/id_287027b93e14/final/run_2025-11-10-15-30-17c0791c7a.yaml,0.49884793162345886,0.3723805844783783,0.3546487092971802,0.49884793162345886,0.4988479018211365,0.2792854309082031
train_resnetse5,id_b50614e18324,,completed,0,False,id_3f47675df06f,supervised,resnetse5,full_finetune_lr5,id_d68570b59c0c,multimodal_df,daghar_standardized_balanced,motionsense,train,config_0,multimodal_samples_050_2,id_7d268895569b,har,train,full_run,/workspaces/HIAAC-KR-Dev-Container/Minerva-Exps/benchmarks/experiments/paper_daghar_supervised_3runs_perlr_samples_down_seed_resnetse5_12345/logs/id_b50614e18324/final,,,,,,,,,
evaluate_resnetse5,id_38725f61f77e,id_2b6d57e7cb2f,completed,1,True,id_3f47675df06f,supervised,resnetse5,full_finetune_lr5,id_2299b922b3b8,multimodal_df,daghar_standardized_balanced,wisdm,test,,multimodal_perc_100,id_daa7333eb2f8,har,evaluate,full_run,/workspaces/HIAAC-KR-Dev-Container/Minerva-Exps/benchmarks/experiments/paper_daghar_supervised_3runs_perlr_samples_down_seed_resnetse5_12345/logs/id_38725f61f77e/final,202467f397,/workspaces/HIAAC-KR-Dev-Container/Minerva-Exps/benchmarks/experiments/paper_daghar_supervised_3runs_perlr_samples_down_seed_resnetse5_12345/logs/id_38725f61f77e/final/metrics_2025-11-10-15-36-202467f397.yaml,/workspaces/HIAAC-KR-Dev-Container/Minerva-Exps/benchmarks/experiments/paper_daghar_supervised_3runs_perlr_samples_down_seed_resnetse5_12345/logs/id_38725f61f77e/final/run_2025-11-10-15-36-202467f397.yaml,0.6747311949729919,0.7338437438011169,0.5890664458274841,0.6747311949729919,0.6747311949729919,0.5503827929496765
train_resnetse5,id_17b23be7c08c,,completed,0,False,id_612c26209f9f,supervised,resnetse5,full_finetune_lr2,id_179104ace6c0,multimodal_df,daghar_standardized_balanced,kuhar,train,config_0,multimodal_samples_025_2,id_7d268895569b,har,train,full_run,/workspaces/HIAAC-KR-Dev-Container/Minerva-Exps/benchmarks/experiments/paper_daghar_supervised_3runs_perlr_samples_down_seed_resnetse5_12345/logs/id_17b23be7c08c/final,,,,,,,,,
evaluate_resnetse5,id_5c47cf0e50d1,id_24058331e17f,completed,1,True,id_01c6663a52ec,supervised,resnetse5,full_finetune_lr3,id_18b3312b8cac,multimodal_df,daghar_standardized_balanced,rw_waist,test,,multimodal_perc_100,id_daa7333eb2f8,har,evaluate,full_run,/workspaces/HIAAC-KR-Dev-Container/Minerva-Exps/benchmarks/experiments/paper_daghar_supervised_3runs_perlr_samples_down_seed_resnetse5_12345/logs/id_5c47cf0e50d1/final,25cc4c53b4,/workspaces/HIAAC-KR-Dev-Container/Minerva-Exps/benchmarks/experiments/paper_daghar_supervised_3runs_perlr_samples_down_seed_resnetse5_12345/logs/id_5c47cf0e50d1/final/metrics_2025-11-10-15-52-25cc4c53b4.yaml,/workspaces/HIAAC-KR-Dev-Container/Minerva-Exps/benchmarks/experiments/paper_daghar_supervised_3runs_perlr_samples_down_seed_resnetse5_12345/logs/id_5c47cf0e50d1/final/run_2025-11-10-15-52-25cc4c53b4.yaml,0.6801697611808777,0.6433287858963013,0.6370041966438293,0.6801697611808777,0.6801697611808777,0.6433287858963013
evaluate_resnetse5,id_ef931edd7a0d,id_5ab7935ac555,completed,1,True,id_01c6663a52ec,supervised,resnetse5,full_finetune_lr3,id_f43fb4e453fc,multimodal_df,daghar_standardized_balanced,uci,test,,multimodal_perc_100,id_daa7333eb2f8,har,evaluate,full_run,/workspaces/HIAAC-KR-Dev-Container/Minerva-Exps/benchmarks/experiments/paper_daghar_supervised_3runs_perlr_samples_down_seed_resnetse5_12345/logs/id_ef931edd7a0d/final,21b7465ba4,/workspaces/HIAAC-KR-Dev-Container/Minerva-Exps/benchmarks/experiments/paper_daghar_supervised_3runs_perlr_samples_down_seed_resnetse5_12345/logs/id_ef931edd7a0d/final/metrics_2025-11-10-16-59-21b7465ba4.yaml,/workspaces/HIAAC-KR-Dev-Container/Minerva-Exps/benchmarks/experiments/paper_daghar_supervised_3runs_perlr_samples_down_seed_resnetse5_12345/logs/id_ef931edd7a0d/final/run_2025-11-10-16-59-21b7465ba4.yaml,0.7492753863334656,0.7422884702682495,0.7321632504463196,0.7492753863334656,0.7492753267288208,0.7422884106636047
train_resnetse5,id_c5ee8b4035f3,,completed,0,False,id_3f47675df06f,supervised,resnetse5,full_finetune_lr5,id_f9825c05d917,multimodal_df,daghar_standardized_balanced,rw_thigh,train,config_0,multimodal_perc_100_3,id_7d268895569b,har,train,full_run,/workspaces/HIAAC-KR-Dev-Container/Minerva-Exps/benchmarks/experiments/paper_daghar_supervised_3runs_perlr_samples_down_seed_resnetse5_12345/logs/id_c5ee8b4035f3/final,,,,,,,,,
train_resnetse5,id_8fb3c73b386f,,completed,0,False,id_3f47675df06f,supervised,resnetse5,full_finetune_lr5,id_01955da0dfc1,multimodal_df,daghar_standardized_balanced,wisdm,train,config_0,multimodal_samples_001_3,id_7d268895569b,har,train,full_run,/workspaces/HIAAC-KR-Dev-Container/Minerva-Exps/benchmarks/experiments/paper_daghar_supervised_3runs_perlr_samples_down_seed_resnetse5_12345/logs/id_8fb3c73b386f/final,,,,,,,,,
train_resnetse5,id_2a79bc9eb482,,completed,0,False,id_a619266c470c,supervised,resnetse5,full_finetune_lr4,id_42b645fb84f8,multimodal_df,daghar_standardized_balanced,uci,train,config_0,multimodal_samples_025_3,id_7d268895569b,har,train,full_run,/workspaces/HIAAC-KR-Dev-Container/Minerva-Exps/benchmarks/experiments/paper_daghar_supervised_3runs_perlr_samples_down_seed_resnetse5_12345/logs/id_2a79bc9eb482/final,,,,,,,,,
evaluate_resnetse5,id_84c6b4f22172,id_5ca974885002,completed,1,True,id_51a779f741ee,supervised,resnetse5,full_finetune_lr1,id_199b92ce1c8c,multimodal_df,daghar_standardized_balanced,uci,test,,multimodal_perc_100,id_daa7333eb2f8,har,evaluate,full_run,/workspaces/HIAAC-KR-Dev-Container/Minerva-Exps/benchmarks/experiments/paper_daghar_supervised_3runs_perlr_samples_down_seed_resnetse5_12345/logs/id_84c6b4f22172/final,07bd164388,/workspaces/HIAAC-KR-Dev-Container/Minerva-Exps/benchmarks/experiments/paper_daghar_supervised_3runs_perlr_samples_down_seed_resnetse5_12345/logs/id_84c6b4f22172/final/metrics_2025-11-10-16-10-07bd164388.yaml,/workspaces/HIAAC-KR-Dev-Container/Minerva-Exps/benchmarks/experiments/paper_daghar_supervised_3runs_perlr_samples_down_seed_resnetse5_12345/logs/id_84c6b4f22172/final/run_2025-11-10-16-10-07bd164388.yaml,0.782608687877655,0.7639033198356628,0.7216833829879761,0.782608687877655,0.7826087474822998,0.7639033794403076
train_resnetse5,id_11f0078f1ec6,,completed,0,False,id_3f47675df06f,supervised,resnetse5,full_finetune_lr5,id_a217c54dba62,multimodal_df,daghar_standardized_balanced,wisdm,train,config_0,multimodal_samples_200,id_7d268895569b,har,train,full_run,/workspaces/HIAAC-KR-Dev-Container/Minerva-Exps/benchmarks/experiments/paper_daghar_supervised_3runs_perlr_samples_down_seed_resnetse5_12345/logs/id_11f0078f1ec6/final,,,,,,,,,
train_resnetse5,id_58ca5fd90976,,completed,0,False,id_01c6663a52ec,supervised,resnetse5,full_finetune_lr3,id_5ae71f56cac1,multimodal_df,daghar_standardized_balanced,kuhar,train,config_0,multimodal_perc_100_2,id_7d268895569b,har,train,full_run,/workspaces/HIAAC-KR-Dev-Container/Minerva-Exps/benchmarks/experiments/paper_daghar_supervised_3runs_perlr_samples_down_seed_resnetse5_12345/logs/id_58ca5fd90976/final,,,,,,,,,
evaluate_resnetse5,id_386a47e37259,id_7adc2a7ba01a,completed,1,True,id_612c26209f9f,supervised,resnetse5,full_finetune_lr2,id_84509e035e55,multimodal_df,daghar_standardized_balanced,wisdm,test,,multimodal_perc_100,id_daa7333eb2f8,har,evaluate,full_run,/workspaces/HIAAC-KR-Dev-Container/Minerva-Exps/benchmarks/experiments/paper_daghar_supervised_3runs_perlr_samples_down_seed_resnetse5_12345/logs/id_386a47e37259/final,59f3f968c9,/workspaces/HIAAC-KR-Dev-Container/Minerva-Exps/benchmarks/experiments/paper_daghar_supervised_3runs_perlr_samples_down_seed_resnetse5_12345/logs/id_386a47e37259/final/metrics_2025-11-10-15-35-59f3f968c9.yaml,/workspaces/HIAAC-KR-Dev-Container/Minerva-Exps/benchmarks/experiments/paper_daghar_supervised_3runs_perlr_samples_down_seed_resnetse5_12345/logs/id_386a47e37259/final/run_2025-11-10-15-35-59f3f968c9.yaml,0.7242703437805176,0.7745139598846436,0.6933239698410034,0.7242703437805176,0.7242703437805176,0.7745139598846436
evaluate_resnetse5,id_9069b02e1fb7,id_6766a380acc8,completed,1,True,id_3f47675df06f,supervised,resnetse5,full_finetune_lr5,id_59be9faa838c,multimodal_df,daghar_standardized_balanced,rw_thigh,test,,multimodal_perc_100,id_daa7333eb2f8,har,evaluate,full_run,/workspaces/HIAAC-KR-Dev-Container/Minerva-Exps/benchmarks/experiments/paper_daghar_supervised_3runs_perlr_samples_down_seed_resnetse5_12345/logs/id_9069b02e1fb7/final,29e3159401,/workspaces/HIAAC-KR-Dev-Container/Minerva-Exps/benchmarks/experiments/paper_daghar_supervised_3runs_perlr_samples_down_seed_resnetse5_12345/logs/id_9069b02e1fb7/final/metrics_2025-11-10-16-14-29e3159401.yaml,/workspaces/HIAAC-KR-Dev-Container/Minerva-Exps/benchmarks/experiments/paper_daghar_supervised_3runs_perlr_samples_down_seed_resnetse5_12345/logs/id_9069b02e1fb7/final/run_2025-11-10-16-14-29e3159401.yaml,0.34541061520576477,0.3987090587615967,0.2416224181652069,0.34541061520576477,0.34541061520576477,0.26580601930618286
evaluate_resnetse5,id_55a6e0a39b57,id_1ba397ad3628,completed,1,True,id_3f47675df06f,supervised,resnetse5,full_finetune_lr5,id_53b81b377af6,multimodal_df,daghar_standardized_balanced,rw_waist,test,,multimodal_perc_100,id_daa7333eb2f8,har,evaluate,full_run,/workspaces/HIAAC-KR-Dev-Container/Minerva-Exps/benchmarks/experiments/paper_daghar_supervised_3runs_perlr_samples_down_seed_resnetse5_12345/logs/id_55a6e0a39b57/final,26e18e83ab,/workspaces/HIAAC-KR-Dev-Container/Minerva-Exps/benchmarks/experiments/paper_daghar_supervised_3runs_perlr_samples_down_seed_resnetse5_12345/logs/id_55a6e0a39b57/final/metrics_2025-11-10-15-49-26e18e83ab.yaml,/workspaces/HIAAC-KR-Dev-Container/Minerva-Exps/benchmarks/experiments/paper_daghar_supervised_3runs_perlr_samples_down_seed_resnetse5_12345/logs/id_55a6e0a39b57/final/run_2025-11-10-15-49-26e18e83ab.yaml,0.5181326866149902,0.5719660520553589,0.4176061749458313,0.5181326866149902,0.518132746219635,0.38131070137023926
evaluate_resnetse5,id_f933a6ad4daa,id_14bcede56324,completed,1,True,id_3f47675df06f,supervised,resnetse5,full_finetune_lr5,id_013f99aece88,multimodal_df,daghar_standardized_balanced,rw_waist,test,,multimodal_perc_100,id_daa7333eb2f8,har,evaluate,full_run,/workspaces/HIAAC-KR-Dev-Container/Minerva-Exps/benchmarks/experiments/paper_daghar_supervised_3runs_perlr_samples_down_seed_resnetse5_12345/logs/id_f933a6ad4daa/final,1168bbda5a,/workspaces/HIAAC-KR-Dev-Container/Minerva-Exps/benchmarks/experiments/paper_daghar_supervised_3runs_perlr_samples_down_seed_resnetse5_12345/logs/id_f933a6ad4daa/final/metrics_2025-11-10-17-03-1168bbda5a.yaml,/workspaces/HIAAC-KR-Dev-Container/Minerva-Exps/benchmarks/experiments/paper_daghar_supervised_3runs_perlr_samples_down_seed_resnetse5_12345/logs/id_f933a6ad4daa/final/run_2025-11-10-17-03-1168bbda5a.yaml,0.3094135820865631,0.43892166018486023,0.1758008748292923,0.3094135820865631,0.3094135820865631,0.21946081519126892
train_resnetse5,id_d42051d2df6e,,completed,0,False,id_3f47675df06f,supervised,resnetse5,full_finetune_lr5,id_12164f3aad9d,multimodal_df,daghar_standardized_balanced,uci,train,config_0,multimodal_samples_100_2,id_7d268895569b,har,train,full_run,/workspaces/HIAAC-KR-Dev-Container/Minerva-Exps/benchmarks/experiments/paper_daghar_supervised_3runs_perlr_samples_down_seed_resnetse5_12345/logs/id_d42051d2df6e/final,,,,,,,,,
evaluate_resnetse5,id_60aeab53298d,id_bee18ef01c5a,completed,1,True,id_01c6663a52ec,supervised,resnetse5,full_finetune_lr3,id_97fabd68dc1d,multimodal_df,daghar_standardized_balanced,wisdm,test,,multimodal_perc_100,id_daa7333eb2f8,har,evaluate,full_run,/workspaces/HIAAC-KR-Dev-Container/Minerva-Exps/benchmarks/experiments/paper_daghar_supervised_3runs_perlr_samples_down_seed_resnetse5_12345/logs/id_60aeab53298d/final,21376b6060,/workspaces/HIAAC-KR-Dev-Container/Minerva-Exps/benchmarks/experiments/paper_daghar_supervised_3runs_perlr_samples_down_seed_resnetse5_12345/logs/id_60aeab53298d/final/metrics_2025-11-10-15-54-21376b6060.yaml,/workspaces/HIAAC-KR-Dev-Container/Minerva-Exps/benchmarks/experiments/paper_daghar_supervised_3runs_perlr_samples_down_seed_resnetse5_12345/logs/id_60aeab53298d/final/run_2025-11-10-15-54-21376b6060.yaml,0.7319508194923401,0.808721125125885,0.6484273672103882,0.7319508194923401,0.7319508194923401,0.606540858745575
train_resnetse5,id_a33d7f00a3d7,,completed,0,False,id_51a779f741ee,supervised,resnetse5,full_finetune_lr1,id_653f367090ba,multimodal_df,daghar_standardized_balanced,rw_waist,train,config_0,multimodal_samples_010_2,id_7d268895569b,har,train,full_run,/workspaces/HIAAC-KR-Dev-Container/Minerva-Exps/benchmarks/experiments/paper_daghar_supervised_3runs_perlr_samples_down_seed_resnetse5_12345/logs/id_a33d7f00a3d7/final,,,,,,,,,
train_resnetse5,id_f1f09a37edce,,completed,0,False,id_51a779f741ee,supervised,resnetse5,full_finetune_lr1,id_c6b7ed4cb494,multimodal_df,daghar_standardized_balanced,rw_waist,train,config_0,multimodal_samples_200,id_7d268895569b,har,train,full_run,/workspaces/HIAAC-KR-Dev-Container/Minerva-Exps/benchmarks/experiments/paper_daghar_supervised_3runs_perlr_samples_down_seed_resnetse5_12345/logs/id_f1f09a37edce/final,,,,,,,,,
evaluate_resnetse5,id_0dead5c86621,id_6e1cae31a588,completed,1,True,id_612c26209f9f,supervised,resnetse5,full_finetune_lr2,id_9b601446d92d,multimodal_df,daghar_standardized_balanced,motionsense,test,,multimodal_perc_100,id_daa7333eb2f8,har,evaluate,full_run,/workspaces/HIAAC-KR-Dev-Container/Minerva-Exps/benchmarks/experiments/paper_daghar_supervised_3runs_perlr_samples_down_seed_resnetse5_12345/logs/id_0dead5c86621/final,51651486e4,/workspaces/HIAAC-KR-Dev-Container/Minerva-Exps/benchmarks/experiments/paper_daghar_supervised_3runs_perlr_samples_down_seed_resnetse5_12345/logs/id_0dead5c86621/final/metrics_2025-11-10-15-18-51651486e4.yaml,/workspaces/HIAAC-KR-Dev-Container/Minerva-Exps/benchmarks/experiments/paper_daghar_supervised_3runs_perlr_samples_down_seed_resnetse5_12345/logs/id_0dead5c86621/final/run_2025-11-10-15-18-51651486e4.yaml,0.1666666716337204,0.1666666716337204,0.0476190485060215,0.1666666716337204,0.1666666716337204,0.02777777798473835
train_resnetse5,id_fbc58b3dfd8d,,completed,0,False,id_3f47675df06f,supervised,resnetse5,full_finetune_lr5,id_3ca44ce6c400,multimodal_df,daghar_standardized_balanced,rw_thigh,train,config_0,multimodal_samples_050_2,id_7d268895569b,har,train,full_run,/workspaces/HIAAC-KR-Dev-Container/Minerva-Exps/benchmarks/experiments/paper_daghar_supervised_3runs_perlr_samples_down_seed_resnetse5_12345/logs/id_fbc58b3dfd8d/final,,,,,,,,,
evaluate_resnetse5,id_678400b2478b,id_a228aa843505,completed,1,True,id_01c6663a52ec,supervised,resnetse5,full_finetune_lr3,id_a0298d605d95,multimodal_df,daghar_standardized_balanced,uci,test,,multimodal_perc_100,id_daa7333eb2f8,har,evaluate,full_run,/workspaces/HIAAC-KR-Dev-Container/Minerva-Exps/benchmarks/experiments/paper_daghar_supervised_3runs_perlr_samples_down_seed_resnetse5_12345/logs/id_678400b2478b/final,478495c494,/workspaces/HIAAC-KR-Dev-Container/Minerva-Exps/benchmarks/experiments/paper_daghar_supervised_3runs_perlr_samples_down_seed_resnetse5_12345/logs/id_678400b2478b/final/metrics_2025-11-10-15-56-478495c494.yaml,/workspaces/HIAAC-KR-Dev-Container/Minerva-Exps/benchmarks/experiments/paper_daghar_supervised_3runs_perlr_samples_down_seed_resnetse5_12345/logs/id_678400b2478b/final/run_2025-11-10-15-56-478495c494.yaml,0.9275362491607666,0.9307551383972168,0.9271391034126282,0.9275362491607666,0.9275362491607666,0.9307551383972168
evaluate_resnetse5,id_f83efa8d063d,id_8e5b5c2c568d,completed,1,True,id_51a779f741ee,supervised,resnetse5,full_finetune_lr1,id_ac6f76c42db0,multimodal_df,daghar_standardized_balanced,rw_thigh,test,,multimodal_perc_100,id_daa7333eb2f8,har,evaluate,full_run,/workspaces/HIAAC-KR-Dev-Container/Minerva-Exps/benchmarks/experiments/paper_daghar_supervised_3runs_perlr_samples_down_seed_resnetse5_12345/logs/id_f83efa8d063d/final,436613d09b,/workspaces/HIAAC-KR-Dev-Container/Minerva-Exps/benchmarks/experiments/paper_daghar_supervised_3runs_perlr_samples_down_seed_resnetse5_12345/logs/id_f83efa8d063d/final/metrics_2025-11-10-17-02-436613d09b.yaml,/workspaces/HIAAC-KR-Dev-Container/Minerva-Exps/benchmarks/experiments/paper_daghar_supervised_3runs_perlr_samples_down_seed_resnetse5_12345/logs/id_f83efa8d063d/final/run_2025-11-10-17-02-436613d09b.yaml,0.6759834289550781,0.7471941709518433,0.629196047782898,0.6759834289550781,0.6759834885597229,0.622661828994751
evaluate_resnetse5,id_4b02a93749a5,id_caed887dca3f,completed,1,True,id_51a779f741ee,supervised,resnetse5,full_finetune_lr1,id_922b1cbf3e91,multimodal_df,daghar_standardized_balanced,rw_waist,test,,multimodal_perc_100,id_daa7333eb2f8,har,evaluate,full_run,/workspaces/HIAAC-KR-Dev-Container/Minerva-Exps/benchmarks/experiments/paper_daghar_supervised_3runs_perlr_samples_down_seed_resnetse5_12345/logs/id_4b02a93749a5/final,32fff6d902,/workspaces/HIAAC-KR-Dev-Container/Minerva-Exps/benchmarks/experiments/paper_daghar_supervised_3runs_perlr_samples_down_seed_resnetse5_12345/logs/id_4b02a93749a5/final/metrics_2025-11-10-15-44-32fff6d902.yaml,/workspaces/HIAAC-KR-Dev-Container/Minerva-Exps/benchmarks/experiments/paper_daghar_supervised_3runs_perlr_samples_down_seed_resnetse5_12345/logs/id_4b02a93749a5/final/run_2025-11-10-15-44-32fff6d902.yaml,0.323688268661499,0.36255425214767456,0.24579662084579468,0.323688268661499,0.323688268661499,0.30212855339050293
train_resnetse5,id_9a9e4397bd52,,completed,0,False,id_612c26209f9f,supervised,resnetse5,full_finetune_lr2,id_89d29379a762,multimodal_df,daghar_standardized_balanced,wisdm,train,config_0,multimodal_samples_050_2,id_7d268895569b,har,train,full_run,/workspaces/HIAAC-KR-Dev-Container/Minerva-Exps/benchmarks/experiments/paper_daghar_supervised_3runs_perlr_samples_down_seed_resnetse5_12345/logs/id_9a9e4397bd52/final,,,,,,,,,
train_resnetse5,id_3dcc3557de22,,completed,0,False,id_51a779f741ee,supervised,resnetse5,full_finetune_lr1,id_c22ef6d3a4dc,multimodal_df,daghar_standardized_balanced,motionsense,train,config_0,multimodal_samples_100_2,id_7d268895569b,har,train,full_run,/workspaces/HIAAC-KR-Dev-Container/Minerva-Exps/benchmarks/experiments/paper_daghar_supervised_3runs_perlr_samples_down_seed_resnetse5_12345/logs/id_3dcc3557de22/final,,,,,,,,,
evaluate_resnetse5,id_441494a86df5,id_277cffdf7efd,completed,1,True,id_612c26209f9f,supervised,resnetse5,full_finetune_lr2,id_ac313a595442,multimodal_df,daghar_standardized_balanced,kuhar,test,,multimodal_perc_100,id_daa7333eb2f8,har,evaluate,full_run,/workspaces/HIAAC-KR-Dev-Container/Minerva-Exps/benchmarks/experiments/paper_daghar_supervised_3runs_perlr_samples_down_seed_resnetse5_12345/logs/id_441494a86df5/final,03180a5785,/workspaces/HIAAC-KR-Dev-Container/Minerva-Exps/benchmarks/experiments/paper_daghar_supervised_3runs_perlr_samples_down_seed_resnetse5_12345/logs/id_441494a86df5/final/metrics_2025-11-10-15-41-03180a5785.yaml,/workspaces/HIAAC-KR-Dev-Container/Minerva-Exps/benchmarks/experiments/paper_daghar_supervised_3runs_perlr_samples_down_seed_resnetse5_12345/logs/id_441494a86df5/final/run_2025-11-10-15-41-03180a5785.yaml,0.5208333134651184,0.5813559293746948,0.44559186697006226,0.5208333134651184,0.5208333730697632,0.48446327447891235
train_resnetse5,id_7a1e64a767dd,,completed,0,False,id_01c6663a52ec,supervised,resnetse5,full_finetune_lr3,id_c38874ce2244,multimodal_df,daghar_standardized_balanced,rw_waist,train,config_0,multimodal_samples_100_3,id_7d268895569b,har,train,full_run,/workspaces/HIAAC-KR-Dev-Container/Minerva-Exps/benchmarks/experiments/paper_daghar_supervised_3runs_perlr_samples_down_seed_resnetse5_12345/logs/id_7a1e64a767dd/final,,,,,,,,,
train_resnetse5,id_ad0655342c2c,,completed,0,False,id_a619266c470c,supervised,resnetse5,full_finetune_lr4,id_5797b3b9b110,multimodal_df,daghar_standardized_balanced,kuhar,train,config_0,multimodal_samples_100_3,id_7d268895569b,har,train,full_run,/workspaces/HIAAC-KR-Dev-Container/Minerva-Exps/benchmarks/experiments/paper_daghar_supervised_3runs_perlr_samples_down_seed_resnetse5_12345/logs/id_ad0655342c2c/final,,,,,,,,,
evaluate_resnetse5,id_1ec42e9702e7,id_81afbc8f2d88,completed,1,True,id_01c6663a52ec,supervised,resnetse5,full_finetune_lr3,id_a9af5fb5fdd5,multimodal_df,daghar_standardized_balanced,rw_thigh,test,,multimodal_perc_100,id_daa7333eb2f8,har,evaluate,full_run,/workspaces/HIAAC-KR-Dev-Container/Minerva-Exps/benchmarks/experiments/paper_daghar_supervised_3runs_perlr_samples_down_seed_resnetse5_12345/logs/id_1ec42e9702e7/final,20832dcaca,/workspaces/HIAAC-KR-Dev-Container/Minerva-Exps/benchmarks/experiments/paper_daghar_supervised_3runs_perlr_samples_down_seed_resnetse5_12345/logs/id_1ec42e9702e7/final/metrics_2025-11-10-15-27-20832dcaca.yaml,/workspaces/HIAAC-KR-Dev-Container/Minerva-Exps/benchmarks/experiments/paper_daghar_supervised_3runs_perlr_samples_down_seed_resnetse5_12345/logs/id_1ec42e9702e7/final/run_2025-11-10-15-27-20832dcaca.yaml,0.6770186424255371,0.6642332673072815,0.633176863193512,0.6770186424255371,0.6770186424255371,0.6642333269119263
evaluate_resnetse5,id_4754908f557e,id_4abc408935d1,completed,1,True,id_51a779f741ee,supervised,resnetse5,full_finetune_lr1,id_e5fd231e1895,multimodal_df,daghar_standardized_balanced,rw_thigh,test,,multimodal_perc_100,id_daa7333eb2f8,har,evaluate,full_run,/workspaces/HIAAC-KR-Dev-Container/Minerva-Exps/benchmarks/experiments/paper_daghar_supervised_3runs_perlr_samples_down_seed_resnetse5_12345/logs/id_4754908f557e/final,3550ca8cc2,/workspaces/HIAAC-KR-Dev-Container/Minerva-Exps/benchmarks/experiments/paper_daghar_supervised_3runs_perlr_samples_down_seed_resnetse5_12345/logs/id_4754908f557e/final/metrics_2025-11-10-15-42-3550ca8cc2.yaml,/workspaces/HIAAC-KR-Dev-Container/Minerva-Exps/benchmarks/experiments/paper_daghar_supervised_3runs_perlr_samples_down_seed_resnetse5_12345/logs/id_4754908f557e/final/run_2025-11-10-15-42-3550ca8cc2.yaml,0.3992408514022827,0.3353603780269623,0.2843378484249115,0.3992408514022827,0.3992408812046051,0.3353603482246399
train_resnetse5,id_879052cf7eb0,,completed,0,False,id_a619266c470c,supervised,resnetse5,full_finetune_lr4,id_98a30d23c42b,multimodal_df,daghar_standardized_balanced,rw_waist,train,config_0,multimodal_samples_001,id_7d268895569b,har,train,full_run,/workspaces/HIAAC-KR-Dev-Container/Minerva-Exps/benchmarks/experiments/paper_daghar_supervised_3runs_perlr_samples_down_seed_resnetse5_12345/logs/id_879052cf7eb0/final,,,,,,,,,
evaluate_resnetse5,id_233ab7e72df5,id_f6c7257c89e1,completed,1,True,id_51a779f741ee,supervised,resnetse5,full_finetune_lr1,id_5342c6363403,multimodal_df,daghar_standardized_balanced,uci,test,,multimodal_perc_100,id_daa7333eb2f8,har,evaluate,full_run,/workspaces/HIAAC-KR-Dev-Container/Minerva-Exps/benchmarks/experiments/paper_daghar_supervised_3runs_perlr_samples_down_seed_resnetse5_12345/logs/id_233ab7e72df5/final,44f13d78cb,/workspaces/HIAAC-KR-Dev-Container/Minerva-Exps/benchmarks/experiments/paper_daghar_supervised_3runs_perlr_samples_down_seed_resnetse5_12345/logs/id_233ab7e72df5/final/metrics_2025-11-10-15-28-44f13d78cb.yaml,/workspaces/HIAAC-KR-Dev-Container/Minerva-Exps/benchmarks/experiments/paper_daghar_supervised_3runs_perlr_samples_down_seed_resnetse5_12345/logs/id_233ab7e72df5/final/run_2025-11-10-15-28-44f13d78cb.yaml,0.7884057760238647,0.8619831800460815,0.7221232056617737,0.7884057760238647,0.7884057760238647,0.6895865797996521
evaluate_resnetse5,id_bb1fe6875f63,id_e6035aa89751,completed,1,True,id_01c6663a52ec,supervised,resnetse5,full_finetune_lr3,id_d29b433fa337,multimodal_df,daghar_standardized_balanced,uci,test,,multimodal_perc_100,id_daa7333eb2f8,har,evaluate,full_run,/workspaces/HIAAC-KR-Dev-Container/Minerva-Exps/benchmarks/experiments/paper_daghar_supervised_3runs_perlr_samples_down_seed_resnetse5_12345/logs/id_bb1fe6875f63/final,27df605918,/workspaces/HIAAC-KR-Dev-Container/Minerva-Exps/benchmarks/experiments/paper_daghar_supervised_3runs_perlr_samples_down_seed_resnetse5_12345/logs/id_bb1fe6875f63/final/metrics_2025-11-10-16-33-27df605918.yaml,/workspaces/HIAAC-KR-Dev-Container/Minerva-Exps/benchmarks/experiments/paper_daghar_supervised_3runs_perlr_samples_down_seed_resnetse5_12345/logs/id_bb1fe6875f63/final/run_2025-11-10-16-33-27df605918.yaml,0.5536231994628906,0.6139883399009705,0.4827467203140259,0.5536231994628906,0.5536231994628906,0.6139883399009705
train_resnetse5,id_cf8f87ae04c5,,completed,0,False,id_01c6663a52ec,supervised,resnetse5,full_finetune_lr3,id_d94ad4785d32,multimodal_df,daghar_standardized_balanced,kuhar,train,config_0,multimodal_samples_200_2,id_7d268895569b,har,train,full_run,/workspaces/HIAAC-KR-Dev-Container/Minerva-Exps/benchmarks/experiments/paper_daghar_supervised_3runs_perlr_samples_down_seed_resnetse5_12345/logs/id_cf8f87ae04c5/final,,,,,,,,,
train_resnetse5,id_6f8a7d73c1cd,,completed,0,False,id_612c26209f9f,supervised,resnetse5,full_finetune_lr2,id_083b8f815ed5,multimodal_df,daghar_standardized_balanced,uci,train,config_0,multimodal_samples_200,id_7d268895569b,har,train,full_run,/workspaces/HIAAC-KR-Dev-Container/Minerva-Exps/benchmarks/experiments/paper_daghar_supervised_3runs_perlr_samples_down_seed_resnetse5_12345/logs/id_6f8a7d73c1cd/final,,,,,,,,,
train_resnetse5,id_2b6d57e7cb2f,,completed,0,False,id_3f47675df06f,supervised,resnetse5,full_finetune_lr5,id_63390b2e2f32,multimodal_df,daghar_standardized_balanced,wisdm,train,config_0,multimodal_samples_005_2,id_7d268895569b,har,train,full_run,/workspaces/HIAAC-KR-Dev-Container/Minerva-Exps/benchmarks/experiments/paper_daghar_supervised_3runs_perlr_samples_down_seed_resnetse5_12345/logs/id_2b6d57e7cb2f/final,,,,,,,,,
evaluate_resnetse5,id_d9a3a7bfb1c7,id_cf13aaa3dacb,completed,1,True,id_01c6663a52ec,supervised,resnetse5,full_finetune_lr3,id_84509e035e55,multimodal_df,daghar_standardized_balanced,wisdm,test,,multimodal_perc_100,id_daa7333eb2f8,har,evaluate,full_run,/workspaces/HIAAC-KR-Dev-Container/Minerva-Exps/benchmarks/experiments/paper_daghar_supervised_3runs_perlr_samples_down_seed_resnetse5_12345/logs/id_d9a3a7bfb1c7/final,0096b80944,/workspaces/HIAAC-KR-Dev-Container/Minerva-Exps/benchmarks/experiments/paper_daghar_supervised_3runs_perlr_samples_down_seed_resnetse5_12345/logs/id_d9a3a7bfb1c7/final/metrics_2025-11-10-16-47-0096b80944.yaml,/workspaces/HIAAC-KR-Dev-Container/Minerva-Exps/benchmarks/experiments/paper_daghar_supervised_3runs_perlr_samples_down_seed_resnetse5_12345/logs/id_d9a3a7bfb1c7/final/run_2025-11-10-16-47-0096b80944.yaml,0.7162058353424072,0.7570132613182068,0.6517941951751709,0.7162058353424072,0.7162058353424072,0.757013201713562
train_resnetse5,id_b487dd5f382c,,completed,0,False,id_612c26209f9f,supervised,resnetse5,full_finetune_lr2,id_d94ad4785d32,multimodal_df,daghar_standardized_balanced,kuhar,train,config_0,multimodal_samples_200_2,id_7d268895569b,har,train,full_run,/workspaces/HIAAC-KR-Dev-Container/Minerva-Exps/benchmarks/experiments/paper_daghar_supervised_3runs_perlr_samples_down_seed_resnetse5_12345/logs/id_b487dd5f382c/final,,,,,,,,,
evaluate_resnetse5,id_12eb4e90a4e5,id_1941a5cb8c6f,completed,1,True,id_612c26209f9f,supervised,resnetse5,full_finetune_lr2,id_716d4bf10533,multimodal_df,daghar_standardized_balanced,rw_waist,test,,multimodal_perc_100,id_daa7333eb2f8,har,evaluate,full_run,/workspaces/HIAAC-KR-Dev-Container/Minerva-Exps/benchmarks/experiments/paper_daghar_supervised_3runs_perlr_samples_down_seed_resnetse5_12345/logs/id_12eb4e90a4e5/final,4129416555,/workspaces/HIAAC-KR-Dev-Container/Minerva-Exps/benchmarks/experiments/paper_daghar_supervised_3runs_perlr_samples_down_seed_resnetse5_12345/logs/id_12eb4e90a4e5/final/metrics_2025-11-10-15-21-4129416555.yaml,/workspaces/HIAAC-KR-Dev-Container/Minerva-Exps/benchmarks/experiments/paper_daghar_supervised_3runs_perlr_samples_down_seed_resnetse5_12345/logs/id_12eb4e90a4e5/final/run_2025-11-10-15-21-4129416555.yaml,0.5667438507080078,0.6000587940216064,0.5559325814247131,0.5667438507080078,0.5667438507080078,0.6000587940216064
evaluate_resnetse5,id_b4da32a3d981,id_710dc4c9b5dc,completed,1,True,id_51a779f741ee,supervised,resnetse5,full_finetune_lr1,id_11aa36a6e31a,multimodal_df,daghar_standardized_balanced,rw_waist,test,,multimodal_perc_100,id_daa7333eb2f8,har,evaluate,full_run,/workspaces/HIAAC-KR-Dev-Container/Minerva-Exps/benchmarks/experiments/paper_daghar_supervised_3runs_perlr_samples_down_seed_resnetse5_12345/logs/id_b4da32a3d981/final,4180b8c784,/workspaces/HIAAC-KR-Dev-Container/Minerva-Exps/benchmarks/experiments/paper_daghar_supervised_3runs_perlr_samples_down_seed_resnetse5_12345/logs/id_b4da32a3d981/final/metrics_2025-11-10-16-30-4180b8c784.yaml,/workspaces/HIAAC-KR-Dev-Container/Minerva-Exps/benchmarks/experiments/paper_daghar_supervised_3runs_perlr_samples_down_seed_resnetse5_12345/logs/id_b4da32a3d981/final/run_2025-11-10-16-30-4180b8c784.yaml,0.6793981194496155,0.7025415897369385,0.6748537421226501,0.6793981194496155,0.6793981790542603,0.7025415897369385
train_resnetse5,id_31c713bb2df7,,completed,0,False,id_3f47675df06f,supervised,resnetse5,full_finetune_lr5,id_cf1ed39f3ad3,multimodal_df,daghar_standardized_balanced,motionsense,train,config_0,multimodal_samples_001,id_7d268895569b,har,train,full_run,/workspaces/HIAAC-KR-Dev-Container/Minerva-Exps/benchmarks/experiments/paper_daghar_supervised_3runs_perlr_samples_down_seed_resnetse5_12345/logs/id_31c713bb2df7/final,,,,,,,,,
train_resnetse5,id_45f3d1875f57,,completed,0,False,id_3f47675df06f,supervised,resnetse5,full_finetune_lr5,id_d94ad4785d32,multimodal_df,daghar_standardized_balanced,kuhar,train,config_0,multimodal_samples_200_2,id_7d268895569b,har,train,full_run,/workspaces/HIAAC-KR-Dev-Container/Minerva-Exps/benchmarks/experiments/paper_daghar_supervised_3runs_perlr_samples_down_seed_resnetse5_12345/logs/id_45f3d1875f57/final,,,,,,,,,
evaluate_resnetse5,id_8ff6f4a6c5a5,id_e9fc43cbcb1f,completed,1,True,id_01c6663a52ec,supervised,resnetse5,full_finetune_lr3,id_5c2b64b69df4,multimodal_df,daghar_standardized_balanced,kuhar,test,,multimodal_perc_100,id_daa7333eb2f8,har,evaluate,full_run,/workspaces/HIAAC-KR-Dev-Container/Minerva-Exps/benchmarks/experiments/paper_daghar_supervised_3runs_perlr_samples_down_seed_resnetse5_12345/logs/id_8ff6f4a6c5a5/final,058ae7e02e,/workspaces/HIAAC-KR-Dev-Container/Minerva-Exps/benchmarks/experiments/paper_daghar_supervised_3runs_perlr_samples_down_seed_resnetse5_12345/logs/id_8ff6f4a6c5a5/final/metrics_2025-11-10-16-14-058ae7e02e.yaml,/workspaces/HIAAC-KR-Dev-Container/Minerva-Exps/benchmarks/experiments/paper_daghar_supervised_3runs_perlr_samples_down_seed_resnetse5_12345/logs/id_8ff6f4a6c5a5/final/run_2025-11-10-16-14-058ae7e02e.yaml,0.6597222089767456,0.7566652894020081,0.5880988836288452,0.6597222089767456,0.6597222089767456,0.6305544376373291
train_resnetse5,id_b7ce82c401de,,completed,0,False,id_a619266c470c,supervised,resnetse5,full_finetune_lr4,id_515e0c3fbe05,multimodal_df,daghar_standardized_balanced,kuhar,train,config_0,multimodal_samples_200,id_7d268895569b,har,train,full_run,/workspaces/HIAAC-KR-Dev-Container/Minerva-Exps/benchmarks/experiments/paper_daghar_supervised_3runs_perlr_samples_down_seed_resnetse5_12345/logs/id_b7ce82c401de/final,,,,,,,,,
evaluate_resnetse5,id_1d5132dd58f7,id_f846671bb614,completed,1,True,id_612c26209f9f,supervised,resnetse5,full_finetune_lr2,id_41258ff64643,multimodal_df,daghar_standardized_balanced,wisdm,test,,multimodal_perc_100,id_daa7333eb2f8,har,evaluate,full_run,/workspaces/HIAAC-KR-Dev-Container/Minerva-Exps/benchmarks/experiments/paper_daghar_supervised_3runs_perlr_samples_down_seed_resnetse5_12345/logs/id_1d5132dd58f7/final,1747470959,/workspaces/HIAAC-KR-Dev-Container/Minerva-Exps/benchmarks/experiments/paper_daghar_supervised_3runs_perlr_samples_down_seed_resnetse5_12345/logs/id_1d5132dd58f7/final/metrics_2025-11-10-15-26-1747470959.yaml,/workspaces/HIAAC-KR-Dev-Container/Minerva-Exps/benchmarks/experiments/paper_daghar_supervised_3runs_perlr_samples_down_seed_resnetse5_12345/logs/id_1d5132dd58f7/final/run_2025-11-10-15-26-1747470959.yaml,0.7384792566299438,0.815986156463623,0.6548450589179993,0.7384792566299438,0.7384792566299438,0.6119896173477173
train_resnetse5,id_38d3a84d4f32,,completed,0,False,id_01c6663a52ec,supervised,resnetse5,full_finetune_lr3,id_132ff3af6c3c,multimodal_df,daghar_standardized_balanced,uci,train,config_0,multimodal_samples_100_3,id_7d268895569b,har,train,full_run,/workspaces/HIAAC-KR-Dev-Container/Minerva-Exps/benchmarks/experiments/paper_daghar_supervised_3runs_perlr_samples_down_seed_resnetse5_12345/logs/id_38d3a84d4f32/final,,,,,,,,,
evaluate_resnetse5,id_5567c4a15f39,id_56ac0fdd09bf,completed,1,True,id_51a779f741ee,supervised,resnetse5,full_finetune_lr1,id_13d5f2eca3a8,multimodal_df,daghar_standardized_balanced,rw_thigh,test,,multimodal_perc_100,id_daa7333eb2f8,har,evaluate,full_run,/workspaces/HIAAC-KR-Dev-Container/Minerva-Exps/benchmarks/experiments/paper_daghar_supervised_3runs_perlr_samples_down_seed_resnetse5_12345/logs/id_5567c4a15f39/final,267fa2007a,/workspaces/HIAAC-KR-Dev-Container/Minerva-Exps/benchmarks/experiments/paper_daghar_supervised_3runs_perlr_samples_down_seed_resnetse5_12345/logs/id_5567c4a15f39/final/metrics_2025-11-10-15-49-267fa2007a.yaml,/workspaces/HIAAC-KR-Dev-Container/Minerva-Exps/benchmarks/experiments/paper_daghar_supervised_3runs_perlr_samples_down_seed_resnetse5_12345/logs/id_5567c4a15f39/final/run_2025-11-10-15-49-267fa2007a.yaml,0.5976535677909851,0.6398261785507202,0.5973473787307739,0.5976535677909851,0.5976535677909851,0.6398261785507202
evaluate_resnetse5,id_0764b92b9552,id_03847faf0d05,completed,1,True,id_01c6663a52ec,supervised,resnetse5,full_finetune_lr3,id_b666f65bfdb1,multimodal_df,daghar_standardized_balanced,rw_thigh,test,,multimodal_perc_100,id_daa7333eb2f8,har,evaluate,full_run,/workspaces/HIAAC-KR-Dev-Container/Minerva-Exps/benchmarks/experiments/paper_daghar_supervised_3runs_perlr_samples_down_seed_resnetse5_12345/logs/id_0764b92b9552/final,45ccb033a0,/workspaces/HIAAC-KR-Dev-Container/Minerva-Exps/benchmarks/experiments/paper_daghar_supervised_3runs_perlr_samples_down_seed_resnetse5_12345/logs/id_0764b92b9552/final/metrics_2025-11-10-15-16-45ccb033a0.yaml,/workspaces/HIAAC-KR-Dev-Container/Minerva-Exps/benchmarks/experiments/paper_daghar_supervised_3runs_perlr_samples_down_seed_resnetse5_12345/logs/id_0764b92b9552/final/run_2025-11-10-15-16-45ccb033a0.yaml,0.6024844646453857,0.5763936042785645,0.5596372485160828,0.6024844646453857,0.6024844646453857,0.5763936638832092
train_resnetse5,id_a8f439afeeed,,completed,0,False,id_01c6663a52ec,supervised,resnetse5,full_finetune_lr3,id_51abcd3eb4aa,multimodal_df,daghar_standardized_balanced,rw_thigh,train,config_0,multimodal_perc_100,id_7d268895569b,har,train,full_run,/workspaces/HIAAC-KR-Dev-Container/Minerva-Exps/benchmarks/experiments/paper_daghar_supervised_3runs_perlr_samples_down_seed_resnetse5_12345/logs/id_a8f439afeeed/final,,,,,,,,,
train_resnetse5,id_a6f05da38d4e,,completed,0,False,id_a619266c470c,supervised,resnetse5,full_finetune_lr4,id_598014e6a5d3,multimodal_df,daghar_standardized_balanced,rw_thigh,train,config_0,multimodal_samples_100_3,id_7d268895569b,har,train,full_run,/workspaces/HIAAC-KR-Dev-Container/Minerva-Exps/benchmarks/experiments/paper_daghar_supervised_3runs_perlr_samples_down_seed_resnetse5_12345/logs/id_a6f05da38d4e/final,,,,,,,,,
evaluate_resnetse5,id_d4015e11643e,id_b98f8aa98f4b,completed,1,True,id_a619266c470c,supervised,resnetse5,full_finetune_lr4,id_a02a307d83d0,multimodal_df,daghar_standardized_balanced,rw_thigh,test,,multimodal_perc_100,id_daa7333eb2f8,har,evaluate,full_run,/workspaces/HIAAC-KR-Dev-Container/Minerva-Exps/benchmarks/experiments/paper_daghar_supervised_3runs_perlr_samples_down_seed_resnetse5_12345/logs/id_d4015e11643e/final,15ae8209af,/workspaces/HIAAC-KR-Dev-Container/Minerva-Exps/benchmarks/experiments/paper_daghar_supervised_3runs_perlr_samples_down_seed_resnetse5_12345/logs/id_d4015e11643e/final/metrics_2025-11-10-16-44-15ae8209af.yaml,/workspaces/HIAAC-KR-Dev-Container/Minerva-Exps/benchmarks/experiments/paper_daghar_supervised_3runs_perlr_samples_down_seed_resnetse5_12345/logs/id_d4015e11643e/final/run_2025-11-10-16-44-15ae8209af.yaml,0.6639061570167542,0.7291295528411865,0.6278128623962402,0.6639061570167542,0.6639061570167542,0.7291295528411865
evaluate_resnetse5,id_58d05d23a251,id_ccf288af2103,completed,1,True,id_612c26209f9f,supervised,resnetse5,full_finetune_lr2,id_0b6444347efc,multimodal_df,daghar_standardized_balanced,uci,test,,multimodal_perc_100,id_daa7333eb2f8,har,evaluate,full_run,/workspaces/HIAAC-KR-Dev-Container/Minerva-Exps/benchmarks/experiments/paper_daghar_supervised_3runs_perlr_samples_down_seed_resnetse5_12345/logs/id_58d05d23a251/final,1704c9aa64,/workspaces/HIAAC-KR-Dev-Container/Minerva-Exps/benchmarks/experiments/paper_daghar_supervised_3runs_perlr_samples_down_seed_resnetse5_12345/logs/id_58d05d23a251/final/metrics_2025-11-10-15-51-1704c9aa64.yaml,/workspaces/HIAAC-KR-Dev-Container/Minerva-Exps/benchmarks/experiments/paper_daghar_supervised_3runs_perlr_samples_down_seed_resnetse5_12345/logs/id_58d05d23a251/final/run_2025-11-10-15-51-1704c9aa64.yaml,0.7652173638343811,0.776526153087616,0.7239142060279846,0.7652173638343811,0.7652173638343811,0.7765262126922607
evaluate_resnetse5,id_41579980ab98,id_cbf5842775d0,completed,1,True,id_3f47675df06f,supervised,resnetse5,full_finetune_lr5,id_e7cc9fbfcb44,multimodal_df,daghar_standardized_balanced,rw_waist,test,,multimodal_perc_100,id_daa7333eb2f8,har,evaluate,full_run,/workspaces/HIAAC-KR-Dev-Container/Minerva-Exps/benchmarks/experiments/paper_daghar_supervised_3runs_perlr_samples_down_seed_resnetse5_12345/logs/id_41579980ab98/final,03a3f619b9,/workspaces/HIAAC-KR-Dev-Container/Minerva-Exps/benchmarks/experiments/paper_daghar_supervised_3runs_perlr_samples_down_seed_resnetse5_12345/logs/id_41579980ab98/final/metrics_2025-11-10-15-39-03a3f619b9.yaml,/workspaces/HIAAC-KR-Dev-Container/Minerva-Exps/benchmarks/experiments/paper_daghar_supervised_3runs_perlr_samples_down_seed_resnetse5_12345/logs/id_41579980ab98/final/run_2025-11-10-15-39-03a3f619b9.yaml,0.7202932238578796,0.7465879321098328,0.6959925293922424,0.7202932238578796,0.7202932238578796,0.7465879917144775
train_resnetse5,id_74d4249e91fb,,completed,0,False,id_3f47675df06f,supervised,resnetse5,full_finetune_lr5,id_e0d8b057e9ae,multimodal_df,daghar_standardized_balanced,wisdm,train,config_0,multimodal_samples_200_2,id_7d268895569b,har,train,full_run,/workspaces/HIAAC-KR-Dev-Container/Minerva-Exps/benchmarks/experiments/paper_daghar_supervised_3runs_perlr_samples_down_seed_resnetse5_12345/logs/id_74d4249e91fb/final,,,,,,,,,
evaluate_resnetse5,id_028ad4ede467,id_e1770cff52f8,completed,1,True,id_01c6663a52ec,supervised,resnetse5,full_finetune_lr3,id_1538479d89f1,multimodal_df,daghar_standardized_balanced,wisdm,test,,multimodal_perc_100,id_daa7333eb2f8,har,evaluate,full_run,/workspaces/HIAAC-KR-Dev-Container/Minerva-Exps/benchmarks/experiments/paper_daghar_supervised_3runs_perlr_samples_down_seed_resnetse5_12345/logs/id_028ad4ede467/final,0384ea0939,/workspaces/HIAAC-KR-Dev-Container/Minerva-Exps/benchmarks/experiments/paper_daghar_supervised_3runs_perlr_samples_down_seed_resnetse5_12345/logs/id_028ad4ede467/final/metrics_2025-11-10-15-15-0384ea0939.yaml,/workspaces/HIAAC-KR-Dev-Container/Minerva-Exps/benchmarks/experiments/paper_daghar_supervised_3runs_perlr_samples_down_seed_resnetse5_12345/logs/id_028ad4ede467/final/run_2025-11-10-15-15-0384ea0939.yaml,0.6662826538085938,0.6059768199920654,0.5818532109260559,0.6662826538085938,0.6662826538085938,0.6059768795967102
evaluate_resnetse5,id_d28e56ac3aa4,id_59ca80c98858,completed,1,True,id_a619266c470c,supervised,resnetse5,full_finetune_lr4,id_3f52ea408e33,multimodal_df,daghar_standardized_balanced,uci,test,,multimodal_perc_100,id_daa7333eb2f8,har,evaluate,full_run,/workspaces/HIAAC-KR-Dev-Container/Minerva-Exps/benchmarks/experiments/paper_daghar_supervised_3runs_perlr_samples_down_seed_resnetse5_12345/logs/id_d28e56ac3aa4/final,546bb6c788,/workspaces/HIAAC-KR-Dev-Container/Minerva-Exps/benchmarks/experiments/paper_daghar_supervised_3runs_perlr_samples_down_seed_resnetse5_12345/logs/id_d28e56ac3aa4/final/metrics_2025-11-10-16-43-546bb6c788.yaml,/workspaces/HIAAC-KR-Dev-Container/Minerva-Exps/benchmarks/experiments/paper_daghar_supervised_3runs_perlr_samples_down_seed_resnetse5_12345/logs/id_d28e56ac3aa4/final/run_2025-11-10-16-43-546bb6c788.yaml,0.9420289993286133,0.94189453125,0.9419295787811279,0.9420289993286133,0.9420289397239685,0.94189453125
evaluate_resnetse5,id_17663b0d40f4,id_90efb453f748,completed,1,True,id_612c26209f9f,supervised,resnetse5,full_finetune_lr2,id_ccf09c8e58f2,multimodal_df,daghar_standardized_balanced,rw_thigh,test,,multimodal_perc_100,id_daa7333eb2f8,har,evaluate,full_run,/workspaces/HIAAC-KR-Dev-Container/Minerva-Exps/benchmarks/experiments/paper_daghar_supervised_3runs_perlr_samples_down_seed_resnetse5_12345/logs/id_17663b0d40f4/final,34b1262623,/workspaces/HIAAC-KR-Dev-Container/Minerva-Exps/benchmarks/experiments/paper_daghar_supervised_3runs_perlr_samples_down_seed_resnetse5_12345/logs/id_17663b0d40f4/final/metrics_2025-11-10-15-23-34b1262623.yaml,/workspaces/HIAAC-KR-Dev-Container/Minerva-Exps/benchmarks/experiments/paper_daghar_supervised_3runs_perlr_samples_down_seed_resnetse5_12345/logs/id_17663b0d40f4/final/run_2025-11-10-15-23-34b1262623.yaml,0.6746031641960144,0.7477870583534241,0.6497609615325928,0.6746031641960144,0.6746032238006592,0.7477870583534241
evaluate_resnetse5,id_e51dc1f42587,id_592e5ce3fb38,completed,1,True,id_51a779f741ee,supervised,resnetse5,full_finetune_lr1,id_8bced4972313,multimodal_df,daghar_standardized_balanced,motionsense,test,,multimodal_perc_100,id_daa7333eb2f8,har,evaluate,full_run,/workspaces/HIAAC-KR-Dev-Container/Minerva-Exps/benchmarks/experiments/paper_daghar_supervised_3runs_perlr_samples_down_seed_resnetse5_12345/logs/id_e51dc1f42587/final,58af129aef,/workspaces/HIAAC-KR-Dev-Container/Minerva-Exps/benchmarks/experiments/paper_daghar_supervised_3runs_perlr_samples_down_seed_resnetse5_12345/logs/id_e51dc1f42587/final/metrics_2025-11-10-16-51-58af129aef.yaml,/workspaces/HIAAC-KR-Dev-Container/Minerva-Exps/benchmarks/experiments/paper_daghar_supervised_3runs_perlr_samples_down_seed_resnetse5_12345/logs/id_e51dc1f42587/final/run_2025-11-10-16-51-58af129aef.yaml,0.6619585752487183,0.6737490296363831,0.6019138097763062,0.6619585752487183,0.6619585752487183,0.6737490892410278
train_resnetse5,id_24116d93d9c3,,completed,0,False,id_01c6663a52ec,supervised,resnetse5,full_finetune_lr3,id_b2426d8d9cf0,multimodal_df,daghar_standardized_balanced,kuhar,train,config_0,multimodal_samples_001_2,id_7d268895569b,har,train,full_run,/workspaces/HIAAC-KR-Dev-Container/Minerva-Exps/benchmarks/experiments/paper_daghar_supervised_3runs_perlr_samples_down_seed_resnetse5_12345/logs/id_24116d93d9c3/final,,,,,,,,,
train_resnetse5,id_a28486c05673,,completed,0,False,id_612c26209f9f,supervised,resnetse5,full_finetune_lr2,id_cca20f21af92,multimodal_df,daghar_standardized_balanced,motionsense,train,config_0,multimodal_perc_100_3,id_7d268895569b,har,train,full_run,/workspaces/HIAAC-KR-Dev-Container/Minerva-Exps/benchmarks/experiments/paper_daghar_supervised_3runs_perlr_samples_down_seed_resnetse5_12345/logs/id_a28486c05673/final,,,,,,,,,
train_resnetse5,id_361e905a3da0,,completed,0,False,id_3f47675df06f,supervised,resnetse5,full_finetune_lr5,id_1e462792852c,multimodal_df,daghar_standardized_balanced,motionsense,train,config_0,multimodal_samples_200_3,id_7d268895569b,har,train,full_run,/workspaces/HIAAC-KR-Dev-Container/Minerva-Exps/benchmarks/experiments/paper_daghar_supervised_3runs_perlr_samples_down_seed_resnetse5_12345/logs/id_361e905a3da0/final,,,,,,,,,
evaluate_resnetse5,id_07bb8c148ce5,id_6c503add7de9,completed,1,True,id_612c26209f9f,supervised,resnetse5,full_finetune_lr2,id_9d1733a6504a,multimodal_df,daghar_standardized_balanced,motionsense,test,,multimodal_perc_100,id_daa7333eb2f8,har,evaluate,full_run,/workspaces/HIAAC-KR-Dev-Container/Minerva-Exps/benchmarks/experiments/paper_daghar_supervised_3runs_perlr_samples_down_seed_resnetse5_12345/logs/id_07bb8c148ce5/final,566f94fda4,/workspaces/HIAAC-KR-Dev-Container/Minerva-Exps/benchmarks/experiments/paper_daghar_supervised_3runs_perlr_samples_down_seed_resnetse5_12345/logs/id_07bb8c148ce5/final/metrics_2025-11-10-15-16-566f94fda4.yaml,/workspaces/HIAAC-KR-Dev-Container/Minerva-Exps/benchmarks/experiments/paper_daghar_supervised_3runs_perlr_samples_down_seed_resnetse5_12345/logs/id_07bb8c148ce5/final/run_2025-11-10-15-16-566f94fda4.yaml,0.7391713857650757,0.7687070369720459,0.6853598356246948,0.7391713857650757,0.7391713857650757,0.7687070369720459
train_resnetse5,id_3203d433a2ca,,completed,0,False,id_612c26209f9f,supervised,resnetse5,full_finetune_lr2,id_51abcd3eb4aa,multimodal_df,daghar_standardized_balanced,rw_thigh,train,config_0,multimodal_perc_100,id_7d268895569b,har,train,full_run,/workspaces/HIAAC-KR-Dev-Container/Minerva-Exps/benchmarks/experiments/paper_daghar_supervised_3runs_perlr_samples_down_seed_resnetse5_12345/logs/id_3203d433a2ca/final,,,,,,,,,
train_resnetse5,id_0be5b0679c11,,completed,0,False,id_612c26209f9f,supervised,resnetse5,full_finetune_lr2,id_e7af70720e13,multimodal_df,daghar_standardized_balanced,kuhar,train,config_0,multimodal_samples_050_3,id_7d268895569b,har,train,full_run,/workspaces/HIAAC-KR-Dev-Container/Minerva-Exps/benchmarks/experiments/paper_daghar_supervised_3runs_perlr_samples_down_seed_resnetse5_12345/logs/id_0be5b0679c11/final,,,,,,,,,
evaluate_resnetse5,id_e9fed4892f12,id_b0085014cae2,completed,1,True,id_01c6663a52ec,supervised,resnetse5,full_finetune_lr3,id_d89e1ef65d48,multimodal_df,daghar_standardized_balanced,motionsense,test,,multimodal_perc_100,id_daa7333eb2f8,har,evaluate,full_run,/workspaces/HIAAC-KR-Dev-Container/Minerva-Exps/benchmarks/experiments/paper_daghar_supervised_3runs_perlr_samples_down_seed_resnetse5_12345/logs/id_e9fed4892f12/final,3275fb2c5a,/workspaces/HIAAC-KR-Dev-Container/Minerva-Exps/benchmarks/experiments/paper_daghar_supervised_3runs_perlr_samples_down_seed_resnetse5_12345/logs/id_e9fed4892f12/final/metrics_2025-11-10-16-56-3275fb2c5a.yaml,/workspaces/HIAAC-KR-Dev-Container/Minerva-Exps/benchmarks/experiments/paper_daghar_supervised_3runs_perlr_samples_down_seed_resnetse5_12345/logs/id_e9fed4892f12/final/run_2025-11-10-16-56-3275fb2c5a.yaml,0.694915235042572,0.621122419834137,0.6396297812461853,0.694915235042572,0.694915235042572,0.621122419834137
train_resnetse5,id_450907f364e6,,completed,0,False,id_3f47675df06f,supervised,resnetse5,full_finetune_lr5,id_dc9780befec7,multimodal_df,daghar_standardized_balanced,uci,train,config_0,multimodal_perc_100,id_7d268895569b,har,train,full_run,/workspaces/HIAAC-KR-Dev-Container/Minerva-Exps/benchmarks/experiments/paper_daghar_supervised_3runs_perlr_samples_down_seed_resnetse5_12345/logs/id_450907f364e6/final,,,,,,,,,
train_resnetse5,id_1723cc78fd9d,,completed,0,False,id_01c6663a52ec,supervised,resnetse5,full_finetune_lr3,id_653f367090ba,multimodal_df,daghar_standardized_balanced,rw_waist,train,config_0,multimodal_samples_010_2,id_7d268895569b,har,train,full_run,/workspaces/HIAAC-KR-Dev-Container/Minerva-Exps/benchmarks/experiments/paper_daghar_supervised_3runs_perlr_samples_down_seed_resnetse5_12345/logs/id_1723cc78fd9d/final,,,,,,,,,
evaluate_resnetse5,id_ac72899ee0da,id_1200d99e8328,completed,1,True,id_a619266c470c,supervised,resnetse5,full_finetune_lr4,id_e16618f7bbf9,multimodal_df,daghar_standardized_balanced,wisdm,test,,multimodal_perc_100,id_daa7333eb2f8,har,evaluate,full_run,/workspaces/HIAAC-KR-Dev-Container/Minerva-Exps/benchmarks/experiments/paper_daghar_supervised_3runs_perlr_samples_down_seed_resnetse5_12345/logs/id_ac72899ee0da/final,38e5a1344d,/workspaces/HIAAC-KR-Dev-Container/Minerva-Exps/benchmarks/experiments/paper_daghar_supervised_3runs_perlr_samples_down_seed_resnetse5_12345/logs/id_ac72899ee0da/final/metrics_2025-11-10-16-27-38e5a1344d.yaml,/workspaces/HIAAC-KR-Dev-Container/Minerva-Exps/benchmarks/experiments/paper_daghar_supervised_3runs_perlr_samples_down_seed_resnetse5_12345/logs/id_ac72899ee0da/final/run_2025-11-10-16-27-38e5a1344d.yaml,0.7200461030006409,0.7926145195960999,0.6362537145614624,0.7200461030006409,0.7200461030006409,0.5944609045982361
train_resnetse5,id_ed0322095072,,completed,0,False,id_01c6663a52ec,supervised,resnetse5,full_finetune_lr3,id_e6ba45a9ddf9,multimodal_df,daghar_standardized_balanced,rw_thigh,train,config_0,multimodal_samples_100,id_7d268895569b,har,train,full_run,/workspaces/HIAAC-KR-Dev-Container/Minerva-Exps/benchmarks/experiments/paper_daghar_supervised_3runs_perlr_samples_down_seed_resnetse5_12345/logs/id_ed0322095072/final,,,,,,,,,
train_resnetse5,id_f2e53c47396d,,completed,0,False,id_3f47675df06f,supervised,resnetse5,full_finetune_lr5,id_d4c695219794,multimodal_df,daghar_standardized_balanced,rw_waist,train,config_0,multimodal_samples_010_3,id_7d268895569b,har,train,full_run,/workspaces/HIAAC-KR-Dev-Container/Minerva-Exps/benchmarks/experiments/paper_daghar_supervised_3runs_perlr_samples_down_seed_resnetse5_12345/logs/id_f2e53c47396d/final,,,,,,,,,
evaluate_resnetse5,id_5c18ac4b6157,id_337050bafd5f,completed,1,True,id_3f47675df06f,supervised,resnetse5,full_finetune_lr5,id_e23f856a5c17,multimodal_df,daghar_standardized_balanced,uci,test,,multimodal_perc_100,id_daa7333eb2f8,har,evaluate,full_run,/workspaces/HIAAC-KR-Dev-Container/Minerva-Exps/benchmarks/experiments/paper_daghar_supervised_3runs_perlr_samples_down_seed_resnetse5_12345/logs/id_5c18ac4b6157/final,13ea8e0c87,/workspaces/HIAAC-KR-Dev-Container/Minerva-Exps/benchmarks/experiments/paper_daghar_supervised_3runs_perlr_samples_down_seed_resnetse5_12345/logs/id_5c18ac4b6157/final/metrics_2025-11-10-15-52-13ea8e0c87.yaml,/workspaces/HIAAC-KR-Dev-Container/Minerva-Exps/benchmarks/experiments/paper_daghar_supervised_3runs_perlr_samples_down_seed_resnetse5_12345/logs/id_5c18ac4b6157/final/run_2025-11-10-15-52-13ea8e0c87.yaml,0.8144927620887756,0.8233664631843567,0.7997480630874634,0.8144927620887756,0.8144927620887756,0.8233664035797119
evaluate_resnetse5,id_d3865df49a53,id_b49c23f07ecf,completed,1,True,id_3f47675df06f,supervised,resnetse5,full_finetune_lr5,id_ad0888f4c2a5,multimodal_df,daghar_standardized_balanced,uci,test,,multimodal_perc_100,id_daa7333eb2f8,har,evaluate,full_run,/workspaces/HIAAC-KR-Dev-Container/Minerva-Exps/benchmarks/experiments/paper_daghar_supervised_3runs_perlr_samples_down_seed_resnetse5_12345/logs/id_d3865df49a53/final,06c6bbd942,/workspaces/HIAAC-KR-Dev-Container/Minerva-Exps/benchmarks/experiments/paper_daghar_supervised_3runs_perlr_samples_down_seed_resnetse5_12345/logs/id_d3865df49a53/final/metrics_2025-11-10-16-44-06c6bbd942.yaml,/workspaces/HIAAC-KR-Dev-Container/Minerva-Exps/benchmarks/experiments/paper_daghar_supervised_3runs_perlr_samples_down_seed_resnetse5_12345/logs/id_d3865df49a53/final/run_2025-11-10-16-44-06c6bbd942.yaml,0.7869565486907959,0.7877551317214966,0.7619867920875549,0.7869565486907959,0.7869565486907959,0.7877550721168518
evaluate_resnetse5,id_f4b898da3013,id_4d172d447b47,completed,1,True,id_a619266c470c,supervised,resnetse5,full_finetune_lr4,id_9d1733a6504a,multimodal_df,daghar_standardized_balanced,motionsense,test,,multimodal_perc_100,id_daa7333eb2f8,har,evaluate,full_run,/workspaces/HIAAC-KR-Dev-Container/Minerva-Exps/benchmarks/experiments/paper_daghar_supervised_3runs_perlr_samples_down_seed_resnetse5_12345/logs/id_f4b898da3013/final,297399d09b,/workspaces/HIAAC-KR-Dev-Container/Minerva-Exps/benchmarks/experiments/paper_daghar_supervised_3runs_perlr_samples_down_seed_resnetse5_12345/logs/id_f4b898da3013/final/metrics_2025-11-10-17-01-297399d09b.yaml,/workspaces/HIAAC-KR-Dev-Container/Minerva-Exps/benchmarks/experiments/paper_daghar_supervised_3runs_perlr_samples_down_seed_resnetse5_12345/logs/id_f4b898da3013/final/run_2025-11-10-17-01-297399d09b.yaml,0.7806026339530945,0.839288592338562,0.7256804704666138,0.7806026339530945,0.7806026339530945,0.699407160282135
train_resnetse5,id_15593c402001,,completed,0,False,id_51a779f741ee,supervised,resnetse5,full_finetune_lr1,id_b54259b359ab,multimodal_df,daghar_standardized_balanced,rw_waist,train,config_0,multimodal_samples_001_3,id_7d268895569b,har,train,full_run,/workspaces/HIAAC-KR-Dev-Container/Minerva-Exps/benchmarks/experiments/paper_daghar_supervised_3runs_perlr_samples_down_seed_resnetse5_12345/logs/id_15593c402001/final,,,,,,,,,
train_resnetse5,id_a30fd5d6f044,,completed,0,False,id_51a779f741ee,supervised,resnetse5,full_finetune_lr1,id_274e205b8ad8,multimodal_df,daghar_standardized_balanced,kuhar,train,config_0,multimodal_samples_010_2,id_7d268895569b,har,train,full_run,/workspaces/HIAAC-KR-Dev-Container/Minerva-Exps/benchmarks/experiments/paper_daghar_supervised_3runs_perlr_samples_down_seed_resnetse5_12345/logs/id_a30fd5d6f044/final,,,,,,,,,
evaluate_resnetse5,id_ad5017fba00b,id_11f0078f1ec6,completed,1,True,id_3f47675df06f,supervised,resnetse5,full_finetune_lr5,id_41258ff64643,multimodal_df,daghar_standardized_balanced,wisdm,test,,multimodal_perc_100,id_daa7333eb2f8,har,evaluate,full_run,/workspaces/HIAAC-KR-Dev-Container/Minerva-Exps/benchmarks/experiments/paper_daghar_supervised_3runs_perlr_samples_down_seed_resnetse5_12345/logs/id_ad5017fba00b/final,526834a4c4,/workspaces/HIAAC-KR-Dev-Container/Minerva-Exps/benchmarks/experiments/paper_daghar_supervised_3runs_perlr_samples_down_seed_resnetse5_12345/logs/id_ad5017fba00b/final/metrics_2025-11-10-16-27-526834a4c4.yaml,/workspaces/HIAAC-KR-Dev-Container/Minerva-Exps/benchmarks/experiments/paper_daghar_supervised_3runs_perlr_samples_down_seed_resnetse5_12345/logs/id_ad5017fba00b/final/run_2025-11-10-16-27-526834a4c4.yaml,0.7396313548088074,0.7627174258232117,0.6787902116775513,0.7396313548088074,0.7396312952041626,0.7627174854278564
train_resnetse5,id_a00140464756,,completed,0,False,id_51a779f741ee,supervised,resnetse5,full_finetune_lr1,id_b2e8ece61834,multimodal_df,daghar_standardized_balanced,wisdm,train,config_0,multimodal_perc_100_3,id_7d268895569b,har,train,full_run,/workspaces/HIAAC-KR-Dev-Container/Minerva-Exps/benchmarks/experiments/paper_daghar_supervised_3runs_perlr_samples_down_seed_resnetse5_12345/logs/id_a00140464756/final,,,,,,,,,
train_resnetse5,id_7a5f71459b1b,,completed,0,False,id_a619266c470c,supervised,resnetse5,full_finetune_lr4,id_3b2d9b9fd6c6,multimodal_df,daghar_standardized_balanced,kuhar,train,config_0,multimodal_samples_010_3,id_7d268895569b,har,train,full_run,/workspaces/HIAAC-KR-Dev-Container/Minerva-Exps/benchmarks/experiments/paper_daghar_supervised_3runs_perlr_samples_down_seed_resnetse5_12345/logs/id_7a5f71459b1b/final,,,,,,,,,
train_resnetse5,id_c03247d2d17e,,completed,0,False,id_01c6663a52ec,supervised,resnetse5,full_finetune_lr3,id_8b5908afbf43,multimodal_df,daghar_standardized_balanced,rw_waist,train,config_0,multimodal_samples_001_2,id_7d268895569b,har,train,full_run,/workspaces/HIAAC-KR-Dev-Container/Minerva-Exps/benchmarks/experiments/paper_daghar_supervised_3runs_perlr_samples_down_seed_resnetse5_12345/logs/id_c03247d2d17e/final,,,,,,,,,
evaluate_resnetse5,id_4a8475d5208b,id_c56f840221c3,completed,1,True,id_a619266c470c,supervised,resnetse5,full_finetune_lr4,id_15e99c1e61ae,multimodal_df,daghar_standardized_balanced,rw_thigh,test,,multimodal_perc_100,id_daa7333eb2f8,har,evaluate,full_run,/workspaces/HIAAC-KR-Dev-Container/Minerva-Exps/benchmarks/experiments/paper_daghar_supervised_3runs_perlr_samples_down_seed_resnetse5_12345/logs/id_4a8475d5208b/final,1074807652,/workspaces/HIAAC-KR-Dev-Container/Minerva-Exps/benchmarks/experiments/paper_daghar_supervised_3runs_perlr_samples_down_seed_resnetse5_12345/logs/id_4a8475d5208b/final/metrics_2025-11-10-15-44-1074807652.yaml,/workspaces/HIAAC-KR-Dev-Container/Minerva-Exps/benchmarks/experiments/paper_daghar_supervised_3runs_perlr_samples_down_seed_resnetse5_12345/logs/id_4a8475d5208b/final/run_2025-11-10-15-44-1074807652.yaml,0.7094547748565674,0.7460735440254211,0.7053000330924988,0.7094547748565674,0.7094547748565674,0.7460735440254211
evaluate_resnetse5,id_b4554ab35829,id_bd693fbf0db5,completed,1,True,id_3f47675df06f,supervised,resnetse5,full_finetune_lr5,id_d29b433fa337,multimodal_df,daghar_standardized_balanced,uci,test,,multimodal_perc_100,id_daa7333eb2f8,har,evaluate,full_run,/workspaces/HIAAC-KR-Dev-Container/Minerva-Exps/benchmarks/experiments/paper_daghar_supervised_3runs_perlr_samples_down_seed_resnetse5_12345/logs/id_b4554ab35829/final,17c13f1048,/workspaces/HIAAC-KR-Dev-Container/Minerva-Exps/benchmarks/experiments/paper_daghar_supervised_3runs_perlr_samples_down_seed_resnetse5_12345/logs/id_b4554ab35829/final/metrics_2025-11-10-16-30-17c13f1048.yaml,/workspaces/HIAAC-KR-Dev-Container/Minerva-Exps/benchmarks/experiments/paper_daghar_supervised_3runs_perlr_samples_down_seed_resnetse5_12345/logs/id_b4554ab35829/final/run_2025-11-10-16-30-17c13f1048.yaml,0.39855071902275085,0.41535598039627075,0.23250682651996613,0.39855071902275085,0.39855074882507324,0.16614237427711487
evaluate_resnetse5,id_d4b305622ba6,id_55ba6a9f86b5,completed,1,True,id_51a779f741ee,supervised,resnetse5,full_finetune_lr1,id_a6c758571924,multimodal_df,daghar_standardized_balanced,motionsense,test,,multimodal_perc_100,id_daa7333eb2f8,har,evaluate,full_run,/workspaces/HIAAC-KR-Dev-Container/Minerva-Exps/benchmarks/experiments/paper_daghar_supervised_3runs_perlr_samples_down_seed_resnetse5_12345/logs/id_d4b305622ba6/final,4214c0a58e,/workspaces/HIAAC-KR-Dev-Container/Minerva-Exps/benchmarks/experiments/paper_daghar_supervised_3runs_perlr_samples_down_seed_resnetse5_12345/logs/id_d4b305622ba6/final/metrics_2025-11-10-16-44-4214c0a58e.yaml,/workspaces/HIAAC-KR-Dev-Container/Minerva-Exps/benchmarks/experiments/paper_daghar_supervised_3runs_perlr_samples_down_seed_resnetse5_12345/logs/id_d4b305622ba6/final/run_2025-11-10-16-44-4214c0a58e.yaml,0.7514124512672424,0.8337234854698181,0.697843074798584,0.7514124512672424,0.7514123916625977,0.8337234854698181
train_resnetse5,id_ac63d6165e1c,,completed,0,False,id_612c26209f9f,supervised,resnetse5,full_finetune_lr2,id_a274409d79b7,multimodal_df,daghar_standardized_balanced,uci,train,config_0,multimodal_perc_100_2,id_7d268895569b,har,train,full_run,/workspaces/HIAAC-KR-Dev-Container/Minerva-Exps/benchmarks/experiments/paper_daghar_supervised_3runs_perlr_samples_down_seed_resnetse5_12345/logs/id_ac63d6165e1c/final,,,,,,,,,
evaluate_resnetse5,id_e9a55edddf51,id_830982540bd8,completed,1,True,id_3f47675df06f,supervised,resnetse5,full_finetune_lr5,id_aa74f85c55d8,multimodal_df,daghar_standardized_balanced,motionsense,test,,multimodal_perc_100,id_daa7333eb2f8,har,evaluate,full_run,/workspaces/HIAAC-KR-Dev-Container/Minerva-Exps/benchmarks/experiments/paper_daghar_supervised_3runs_perlr_samples_down_seed_resnetse5_12345/logs/id_e9a55edddf51/final,186e2f62b0,/workspaces/HIAAC-KR-Dev-Container/Minerva-Exps/benchmarks/experiments/paper_daghar_supervised_3runs_perlr_samples_down_seed_resnetse5_12345/logs/id_e9a55edddf51/final/metrics_2025-11-10-16-56-186e2f62b0.yaml,/workspaces/HIAAC-KR-Dev-Container/Minerva-Exps/benchmarks/experiments/paper_daghar_supervised_3runs_perlr_samples_down_seed_resnetse5_12345/logs/id_e9a55edddf51/final/run_2025-11-10-16-56-186e2f62b0.yaml,0.8107344508171082,0.8505290150642395,0.7747529149055481,0.8107344508171082,0.8107344508171082,0.8505290150642395
train_resnetse5,id_49e2b6aadd28,,completed,0,False,id_a619266c470c,supervised,resnetse5,full_finetune_lr4,id_664d92a3ca56,multimodal_df,daghar_standardized_balanced,uci,train,config_0,multimodal_samples_200_3,id_7d268895569b,har,train,full_run,/workspaces/HIAAC-KR-Dev-Container/Minerva-Exps/benchmarks/experiments/paper_daghar_supervised_3runs_perlr_samples_down_seed_resnetse5_12345/logs/id_49e2b6aadd28/final,,,,,,,,,
evaluate_resnetse5,id_14ae5e46f635,id_001f83ad7bda,completed,1,True,id_a619266c470c,supervised,resnetse5,full_finetune_lr4,id_ac313a595442,multimodal_df,daghar_standardized_balanced,kuhar,test,,multimodal_perc_100,id_daa7333eb2f8,har,evaluate,full_run,/workspaces/HIAAC-KR-Dev-Container/Minerva-Exps/benchmarks/experiments/paper_daghar_supervised_3runs_perlr_samples_down_seed_resnetse5_12345/logs/id_14ae5e46f635/final,518cf6d6ab,/workspaces/HIAAC-KR-Dev-Container/Minerva-Exps/benchmarks/experiments/paper_daghar_supervised_3runs_perlr_samples_down_seed_resnetse5_12345/logs/id_14ae5e46f635/final/metrics_2025-11-10-15-21-518cf6d6ab.yaml,/workspaces/HIAAC-KR-Dev-Container/Minerva-Exps/benchmarks/experiments/paper_daghar_supervised_3runs_perlr_samples_down_seed_resnetse5_12345/logs/id_14ae5e46f635/final/run_2025-11-10-15-21-518cf6d6ab.yaml,0.5625,0.6194444298744202,0.4521739184856415,0.5625,0.5625,0.41296297311782837
evaluate_resnetse5,id_da7807c3e523,id_44503c8cc594,completed,1,True,id_3f47675df06f,supervised,resnetse5,full_finetune_lr5,id_454a58be45a5,multimodal_df,daghar_standardized_balanced,uci,test,,multimodal_perc_100,id_daa7333eb2f8,har,evaluate,full_run,/workspaces/HIAAC-KR-Dev-Container/Minerva-Exps/benchmarks/experiments/paper_daghar_supervised_3runs_perlr_samples_down_seed_resnetse5_12345/logs/id_da7807c3e523/final,113202c5e1,/workspaces/HIAAC-KR-Dev-Container/Minerva-Exps/benchmarks/experiments/paper_daghar_supervised_3runs_perlr_samples_down_seed_resnetse5_12345/logs/id_da7807c3e523/final/metrics_2025-11-10-16-47-113202c5e1.yaml,/workspaces/HIAAC-KR-Dev-Container/Minerva-Exps/benchmarks/experiments/paper_daghar_supervised_3runs_perlr_samples_down_seed_resnetse5_12345/logs/id_da7807c3e523/final/run_2025-11-10-16-47-113202c5e1.yaml,0.7681159377098083,0.6592829823493958,0.6003375053405762,0.7681159377098083,0.6400966048240662,0.6592830419540405
train_resnetse5,id_c56f840221c3,,completed,0,False,id_a619266c470c,supervised,resnetse5,full_finetune_lr4,id_378e85dee41c,multimodal_df,daghar_standardized_balanced,rw_thigh,train,config_0,multimodal_samples_050,id_7d268895569b,har,train,full_run,/workspaces/HIAAC-KR-Dev-Container/Minerva-Exps/benchmarks/experiments/paper_daghar_supervised_3runs_perlr_samples_down_seed_resnetse5_12345/logs/id_c56f840221c3/final,,,,,,,,,
train_resnetse5,id_411610f5b739,,completed,0,False,id_51a779f741ee,supervised,resnetse5,full_finetune_lr1,id_cf1ed39f3ad3,multimodal_df,daghar_standardized_balanced,motionsense,train,config_0,multimodal_samples_001,id_7d268895569b,har,train,full_run,/workspaces/HIAAC-KR-Dev-Container/Minerva-Exps/benchmarks/experiments/paper_daghar_supervised_3runs_perlr_samples_down_seed_resnetse5_12345/logs/id_411610f5b739/final,,,,,,,,,
train_resnetse5,id_4ea53a214271,,completed,0,False,id_a619266c470c,supervised,resnetse5,full_finetune_lr4,id_b2e8ece61834,multimodal_df,daghar_standardized_balanced,wisdm,train,config_0,multimodal_perc_100_3,id_7d268895569b,har,train,full_run,/workspaces/HIAAC-KR-Dev-Container/Minerva-Exps/benchmarks/experiments/paper_daghar_supervised_3runs_perlr_samples_down_seed_resnetse5_12345/logs/id_4ea53a214271/final,,,,,,,,,
train_resnetse5,id_2315eb235c64,,completed,0,False,id_01c6663a52ec,supervised,resnetse5,full_finetune_lr3,id_9dd4c9a25077,multimodal_df,daghar_standardized_balanced,motionsense,train,config_0,multimodal_samples_200,id_7d268895569b,har,train,full_run,/workspaces/HIAAC-KR-Dev-Container/Minerva-Exps/benchmarks/experiments/paper_daghar_supervised_3runs_perlr_samples_down_seed_resnetse5_12345/logs/id_2315eb235c64/final,,,,,,,,,
evaluate_resnetse5,id_2c156005cf80,id_9aad80c01457,completed,1,True,id_51a779f741ee,supervised,resnetse5,full_finetune_lr1,id_9d1733a6504a,multimodal_df,daghar_standardized_balanced,motionsense,test,,multimodal_perc_100,id_daa7333eb2f8,har,evaluate,full_run,/workspaces/HIAAC-KR-Dev-Container/Minerva-Exps/benchmarks/experiments/paper_daghar_supervised_3runs_perlr_samples_down_seed_resnetse5_12345/logs/id_2c156005cf80/final,34baf890d8,/workspaces/HIAAC-KR-Dev-Container/Minerva-Exps/benchmarks/experiments/paper_daghar_supervised_3runs_perlr_samples_down_seed_resnetse5_12345/logs/id_2c156005cf80/final/metrics_2025-11-10-15-31-34baf890d8.yaml,/workspaces/HIAAC-KR-Dev-Container/Minerva-Exps/benchmarks/experiments/paper_daghar_supervised_3runs_perlr_samples_down_seed_resnetse5_12345/logs/id_2c156005cf80/final/run_2025-11-10-15-31-34baf890d8.yaml,0.7269303202629089,0.7874726057052612,0.6724539995193481,0.7269303202629089,0.7269303202629089,0.656227171421051
evaluate_resnetse5,id_dae3011d2878,id_1742f3179097,completed,1,True,id_51a779f741ee,supervised,resnetse5,full_finetune_lr1,id_2927a4a2198f,multimodal_df,daghar_standardized_balanced,kuhar,test,,multimodal_perc_100,id_daa7333eb2f8,har,evaluate,full_run,/workspaces/HIAAC-KR-Dev-Container/Minerva-Exps/benchmarks/experiments/paper_daghar_supervised_3runs_perlr_samples_down_seed_resnetse5_12345/logs/id_dae3011d2878/final,2504dc840c,/workspaces/HIAAC-KR-Dev-Container/Minerva-Exps/benchmarks/experiments/paper_daghar_supervised_3runs_perlr_samples_down_seed_resnetse5_12345/logs/id_dae3011d2878/final/metrics_2025-11-10-16-47-2504dc840c.yaml,/workspaces/HIAAC-KR-Dev-Container/Minerva-Exps/benchmarks/experiments/paper_daghar_supervised_3runs_perlr_samples_down_seed_resnetse5_12345/logs/id_dae3011d2878/final/run_2025-11-10-16-47-2504dc840c.yaml,0.6597222089767456,0.7068415880203247,0.6010006666183472,0.6597222089767456,0.6597222089767456,0.5890346169471741
train_resnetse5,id_f3598d27937d,,completed,0,False,id_01c6663a52ec,supervised,resnetse5,full_finetune_lr3,id_8f53e19d9d68,multimodal_df,daghar_standardized_balanced,rw_waist,train,config_0,multimodal_samples_200_2,id_7d268895569b,har,train,full_run,/workspaces/HIAAC-KR-Dev-Container/Minerva-Exps/benchmarks/experiments/paper_daghar_supervised_3runs_perlr_samples_down_seed_resnetse5_12345/logs/id_f3598d27937d/final,,,,,,,,,
train_resnetse5,id_07b66c84180a,,completed,0,False,id_a619266c470c,supervised,resnetse5,full_finetune_lr4,id_7d8dbca109bf,multimodal_df,daghar_standardized_balanced,motionsense,train,config_0,multimodal_perc_100_2,id_7d268895569b,har,train,full_run,/workspaces/HIAAC-KR-Dev-Container/Minerva-Exps/benchmarks/experiments/paper_daghar_supervised_3runs_perlr_samples_down_seed_resnetse5_12345/logs/id_07b66c84180a/final,,,,,,,,,
train_resnetse5,id_939c404972c1,,completed,0,False,id_3f47675df06f,supervised,resnetse5,full_finetune_lr5,id_ec9738c1ffd0,multimodal_df,daghar_standardized_balanced,rw_waist,train,config_0,multimodal_samples_100,id_7d268895569b,har,train,full_run,/workspaces/HIAAC-KR-Dev-Container/Minerva-Exps/benchmarks/experiments/paper_daghar_supervised_3runs_perlr_samples_down_seed_resnetse5_12345/logs/id_939c404972c1/final,,,,,,,,,
evaluate_resnetse5,id_fd99a541196d,id_496d8ebf27b5,completed,1,True,id_3f47675df06f,supervised,resnetse5,full_finetune_lr5,id_3c74cc6e40b8,multimodal_df,daghar_standardized_balanced,kuhar,test,,multimodal_perc_100,id_daa7333eb2f8,har,evaluate,full_run,/workspaces/HIAAC-KR-Dev-Container/Minerva-Exps/benchmarks/experiments/paper_daghar_supervised_3runs_perlr_samples_down_seed_resnetse5_12345/logs/id_fd99a541196d/final,4346e175af,/workspaces/HIAAC-KR-Dev-Container/Minerva-Exps/benchmarks/experiments/paper_daghar_supervised_3runs_perlr_samples_down_seed_resnetse5_12345/logs/id_fd99a541196d/final/metrics_2025-11-10-17-04-4346e175af.yaml,/workspaces/HIAAC-KR-Dev-Container/Minerva-Exps/benchmarks/experiments/paper_daghar_supervised_3runs_perlr_samples_down_seed_resnetse5_12345/logs/id_fd99a541196d/final/run_2025-11-10-17-04-4346e175af.yaml,0.7083333134651184,0.7854545712471008,0.6526362895965576,0.7083333134651184,0.7083333134651184,0.6545454859733582
evaluate_resnetse5,id_4a985c8663e1,id_500191cbaf88,completed,1,True,id_a619266c470c,supervised,resnetse5,full_finetune_lr4,id_231e9f213e9b,multimodal_df,daghar_standardized_balanced,kuhar,test,,multimodal_perc_100,id_daa7333eb2f8,har,evaluate,full_run,/workspaces/HIAAC-KR-Dev-Container/Minerva-Exps/benchmarks/experiments/paper_daghar_supervised_3runs_perlr_samples_down_seed_resnetse5_12345/logs/id_4a985c8663e1/final,2249a617c1,/workspaces/HIAAC-KR-Dev-Container/Minerva-Exps/benchmarks/experiments/paper_daghar_supervised_3runs_perlr_samples_down_seed_resnetse5_12345/logs/id_4a985c8663e1/final/metrics_2025-11-10-15-44-2249a617c1.yaml,/workspaces/HIAAC-KR-Dev-Container/Minerva-Exps/benchmarks/experiments/paper_daghar_supervised_3runs_perlr_samples_down_seed_resnetse5_12345/logs/id_4a985c8663e1/final/run_2025-11-10-15-44-2249a617c1.yaml,0.6180555820465088,0.7026709318161011,0.5418626070022583,0.6180555820465088,0.618055522441864,0.5855591297149658
evaluate_resnetse5,id_7c403ed60c3f,id_cbdd1c7f60af,completed,1,True,id_01c6663a52ec,supervised,resnetse5,full_finetune_lr3,id_36f18442564c,multimodal_df,daghar_standardized_balanced,motionsense,test,,multimodal_perc_100,id_daa7333eb2f8,har,evaluate,full_run,/workspaces/HIAAC-KR-Dev-Container/Minerva-Exps/benchmarks/experiments/paper_daghar_supervised_3runs_perlr_samples_down_seed_resnetse5_12345/logs/id_7c403ed60c3f/final,4979fb0d55,/workspaces/HIAAC-KR-Dev-Container/Minerva-Exps/benchmarks/experiments/paper_daghar_supervised_3runs_perlr_samples_down_seed_resnetse5_12345/logs/id_7c403ed60c3f/final/metrics_2025-11-10-16-05-4979fb0d55.yaml,/workspaces/HIAAC-KR-Dev-Container/Minerva-Exps/benchmarks/experiments/paper_daghar_supervised_3runs_perlr_samples_down_seed_resnetse5_12345/logs/id_7c403ed60c3f/final/run_2025-11-10-16-05-4979fb0d55.yaml,0.7768361568450928,0.8347482085227966,0.7336379885673523,0.7768361568450928,0.7768361568450928,0.8347482085227966
evaluate_resnetse5,id_b4bb90c6ac34,id_d28bf9ce4f8f,completed,1,True,id_a619266c470c,supervised,resnetse5,full_finetune_lr4,id_d79bfe17e192,multimodal_df,daghar_standardized_balanced,motionsense,test,,multimodal_perc_100,id_daa7333eb2f8,har,evaluate,full_run,/workspaces/HIAAC-KR-Dev-Container/Minerva-Exps/benchmarks/experiments/paper_daghar_supervised_3runs_perlr_samples_down_seed_resnetse5_12345/logs/id_b4bb90c6ac34/final,35f66d97ee,/workspaces/HIAAC-KR-Dev-Container/Minerva-Exps/benchmarks/experiments/paper_daghar_supervised_3runs_perlr_samples_down_seed_resnetse5_12345/logs/id_b4bb90c6ac34/final/metrics_2025-11-10-16-30-35f66d97ee.yaml,/workspaces/HIAAC-KR-Dev-Container/Minerva-Exps/benchmarks/experiments/paper_daghar_supervised_3runs_perlr_samples_down_seed_resnetse5_12345/logs/id_b4bb90c6ac34/final/run_2025-11-10-16-30-35f66d97ee.yaml,0.8483992218971252,0.8632366061210632,0.842410683631897,0.8483992218971252,0.8483991622924805,0.8632364869117737
evaluate_resnetse5,id_4f0e4d33841e,id_58ca5fd90976,completed,1,True,id_01c6663a52ec,supervised,resnetse5,full_finetune_lr3,id_f139484e6a4b,multimodal_df,daghar_standardized_balanced,kuhar,test,,multimodal_perc_100,id_daa7333eb2f8,har,evaluate,full_run,/workspaces/HIAAC-KR-Dev-Container/Minerva-Exps/benchmarks/experiments/paper_daghar_supervised_3runs_perlr_samples_down_seed_resnetse5_12345/logs/id_4f0e4d33841e/final,51728e58d3,/workspaces/HIAAC-KR-Dev-Container/Minerva-Exps/benchmarks/experiments/paper_daghar_supervised_3runs_perlr_samples_down_seed_resnetse5_12345/logs/id_4f0e4d33841e/final/metrics_2025-11-10-15-45-51728e58d3.yaml,/workspaces/HIAAC-KR-Dev-Container/Minerva-Exps/benchmarks/experiments/paper_daghar_supervised_3runs_perlr_samples_down_seed_resnetse5_12345/logs/id_4f0e4d33841e/final/run_2025-11-10-15-45-51728e58d3.yaml,0.5902777910232544,0.6865918636322021,0.5213898420333862,0.5902777910232544,0.5902777910232544,0.5721599459648132
evaluate_resnetse5,id_426f1b872221,id_ad569e83aff1,completed,1,True,id_01c6663a52ec,supervised,resnetse5,full_finetune_lr3,id_59be9faa838c,multimodal_df,daghar_standardized_balanced,rw_thigh,test,,multimodal_perc_100,id_daa7333eb2f8,har,evaluate,full_run,/workspaces/HIAAC-KR-Dev-Container/Minerva-Exps/benchmarks/experiments/paper_daghar_supervised_3runs_perlr_samples_down_seed_resnetse5_12345/logs/id_426f1b872221/final,03c876b33b,/workspaces/HIAAC-KR-Dev-Container/Minerva-Exps/benchmarks/experiments/paper_daghar_supervised_3runs_perlr_samples_down_seed_resnetse5_12345/logs/id_426f1b872221/final/metrics_2025-11-10-15-40-03c876b33b.yaml,/workspaces/HIAAC-KR-Dev-Container/Minerva-Exps/benchmarks/experiments/paper_daghar_supervised_3runs_perlr_samples_down_seed_resnetse5_12345/logs/id_426f1b872221/final/run_2025-11-10-15-40-03c876b33b.yaml,0.5855762362480164,0.6946391463279724,0.5391160845756531,0.5855762362480164,0.5855762958526611,0.6946390271186829
train_resnetse5,id_77f372e4a5a0,,completed,0,False,id_01c6663a52ec,supervised,resnetse5,full_finetune_lr3,id_fc6ba2357f31,multimodal_df,daghar_standardized_balanced,motionsense,train,config_0,multimodal_samples_100,id_7d268895569b,har,train,full_run,/workspaces/HIAAC-KR-Dev-Container/Minerva-Exps/benchmarks/experiments/paper_daghar_supervised_3runs_perlr_samples_down_seed_resnetse5_12345/logs/id_77f372e4a5a0/final,,,,,,,,,
train_resnetse5,id_daadfffb5585,,completed,0,False,id_612c26209f9f,supervised,resnetse5,full_finetune_lr2,id_1e462792852c,multimodal_df,daghar_standardized_balanced,motionsense,train,config_0,multimodal_samples_200_3,id_7d268895569b,har,train,full_run,/workspaces/HIAAC-KR-Dev-Container/Minerva-Exps/benchmarks/experiments/paper_daghar_supervised_3runs_perlr_samples_down_seed_resnetse5_12345/logs/id_daadfffb5585/final,,,,,,,,,
evaluate_resnetse5,id_0077f5d05b91,id_f4c63b430574,completed,1,True,id_a619266c470c,supervised,resnetse5,full_finetune_lr4,id_95bb3dc376ae,multimodal_df,daghar_standardized_balanced,motionsense,test,,multimodal_perc_100,id_daa7333eb2f8,har,evaluate,full_run,/workspaces/HIAAC-KR-Dev-Container/Minerva-Exps/benchmarks/experiments/paper_daghar_supervised_3runs_perlr_samples_down_seed_resnetse5_12345/logs/id_0077f5d05b91/final,28f2e7ba70,/workspaces/HIAAC-KR-Dev-Container/Minerva-Exps/benchmarks/experiments/paper_daghar_supervised_3runs_perlr_samples_down_seed_resnetse5_12345/logs/id_0077f5d05b91/final/metrics_2025-11-10-15-14-28f2e7ba70.yaml,/workspaces/HIAAC-KR-Dev-Container/Minerva-Exps/benchmarks/experiments/paper_daghar_supervised_3runs_perlr_samples_down_seed_resnetse5_12345/logs/id_0077f5d05b91/final/run_2025-11-10-15-14-28f2e7ba70.yaml,0.7457627058029175,0.8027713298797607,0.7087545394897461,0.7457627058029175,0.7457626461982727,0.8027713298797607
evaluate_resnetse5,id_6babbf38f836,id_8955067b3290,completed,1,True,id_612c26209f9f,supervised,resnetse5,full_finetune_lr2,id_2baf3334bd86,multimodal_df,daghar_standardized_balanced,rw_waist,test,,multimodal_perc_100,id_daa7333eb2f8,har,evaluate,full_run,/workspaces/HIAAC-KR-Dev-Container/Minerva-Exps/benchmarks/experiments/paper_daghar_supervised_3runs_perlr_samples_down_seed_resnetse5_12345/logs/id_6babbf38f836/final,0609af4342,/workspaces/HIAAC-KR-Dev-Container/Minerva-Exps/benchmarks/experiments/paper_daghar_supervised_3runs_perlr_samples_down_seed_resnetse5_12345/logs/id_6babbf38f836/final/metrics_2025-11-10-15-59-0609af4342.yaml,/workspaces/HIAAC-KR-Dev-Container/Minerva-Exps/benchmarks/experiments/paper_daghar_supervised_3runs_perlr_samples_down_seed_resnetse5_12345/logs/id_6babbf38f836/final/run_2025-11-10-15-59-0609af4342.yaml,0.6222993731498718,0.6394843459129333,0.5983555316925049,0.6222993731498718,0.6222994327545166,0.6394843459129333
evaluate_resnetse5,id_d414613b89a8,id_37de60dc2e4c,completed,1,True,id_a619266c470c,supervised,resnetse5,full_finetune_lr4,id_a61c5c890097,multimodal_df,daghar_standardized_balanced,kuhar,test,,multimodal_perc_100,id_daa7333eb2f8,har,evaluate,full_run,/workspaces/HIAAC-KR-Dev-Container/Minerva-Exps/benchmarks/experiments/paper_daghar_supervised_3runs_perlr_samples_down_seed_resnetse5_12345/logs/id_d414613b89a8/final,18e17d8fab,/workspaces/HIAAC-KR-Dev-Container/Minerva-Exps/benchmarks/experiments/paper_daghar_supervised_3runs_perlr_samples_down_seed_resnetse5_12345/logs/id_d414613b89a8/final/metrics_2025-11-10-16-44-18e17d8fab.yaml,/workspaces/HIAAC-KR-Dev-Container/Minerva-Exps/benchmarks/experiments/paper_daghar_supervised_3runs_perlr_samples_down_seed_resnetse5_12345/logs/id_d414613b89a8/final/run_2025-11-10-16-44-18e17d8fab.yaml,0.6111111044883728,0.7337337732315063,0.5026847124099731,0.6111111044883728,0.6111111044883728,0.6114448308944702
evaluate_resnetse5,id_243bdeec4de6,id_a1a9cc93b98e,completed,1,True,id_612c26209f9f,supervised,resnetse5,full_finetune_lr2,id_d29b433fa337,multimodal_df,daghar_standardized_balanced,uci,test,,multimodal_perc_100,id_daa7333eb2f8,har,evaluate,full_run,/workspaces/HIAAC-KR-Dev-Container/Minerva-Exps/benchmarks/experiments/paper_daghar_supervised_3runs_perlr_samples_down_seed_resnetse5_12345/logs/id_243bdeec4de6/final,151e33ed11,/workspaces/HIAAC-KR-Dev-Container/Minerva-Exps/benchmarks/experiments/paper_daghar_supervised_3runs_perlr_samples_down_seed_resnetse5_12345/logs/id_243bdeec4de6/final/metrics_2025-11-10-15-29-151e33ed11.yaml,/workspaces/HIAAC-KR-Dev-Container/Minerva-Exps/benchmarks/experiments/paper_daghar_supervised_3runs_perlr_samples_down_seed_resnetse5_12345/logs/id_243bdeec4de6/final/run_2025-11-10-15-29-151e33ed11.yaml,0.643478274345398,0.6848090887069702,0.5758260488510132,0.643478274345398,0.643478274345398,0.5478472709655762
train_resnetse5,id_9c405f1b6700,,completed,0,False,id_3f47675df06f,supervised,resnetse5,full_finetune_lr5,id_9dd4c9a25077,multimodal_df,daghar_standardized_balanced,motionsense,train,config_0,multimodal_samples_200,id_7d268895569b,har,train,full_run,/workspaces/HIAAC-KR-Dev-Container/Minerva-Exps/benchmarks/experiments/paper_daghar_supervised_3runs_perlr_samples_down_seed_resnetse5_12345/logs/id_9c405f1b6700/final,,,,,,,,,
train_resnetse5,id_6ec39034eba4,,completed,0,False,id_a619266c470c,supervised,resnetse5,full_finetune_lr4,id_274082d5effd,multimodal_df,daghar_standardized_balanced,rw_waist,train,config_0,multimodal_samples_005,id_7d268895569b,har,train,full_run,/workspaces/HIAAC-KR-Dev-Container/Minerva-Exps/benchmarks/experiments/paper_daghar_supervised_3runs_perlr_samples_down_seed_resnetse5_12345/logs/id_6ec39034eba4/final,,,,,,,,,
train_resnetse5,id_d541ebe4ceb5,,completed,0,False,id_3f47675df06f,supervised,resnetse5,full_finetune_lr5,id_274082d5effd,multimodal_df,daghar_standardized_balanced,rw_waist,train,config_0,multimodal_samples_005,id_7d268895569b,har,train,full_run,/workspaces/HIAAC-KR-Dev-Container/Minerva-Exps/benchmarks/experiments/paper_daghar_supervised_3runs_perlr_samples_down_seed_resnetse5_12345/logs/id_d541ebe4ceb5/final,,,,,,,,,
train_resnetse5,id_9b46d24125fe,,completed,0,False,id_01c6663a52ec,supervised,resnetse5,full_finetune_lr3,id_c2e910dcdcec,multimodal_df,daghar_standardized_balanced,motionsense,train,config_0,multimodal_samples_010_2,id_7d268895569b,har,train,full_run,/workspaces/HIAAC-KR-Dev-Container/Minerva-Exps/benchmarks/experiments/paper_daghar_supervised_3runs_perlr_samples_down_seed_resnetse5_12345/logs/id_9b46d24125fe/final,,,,,,,,,
train_resnetse5,id_adacbe7b5f39,,completed,0,False,id_51a779f741ee,supervised,resnetse5,full_finetune_lr1,id_e7af70720e13,multimodal_df,daghar_standardized_balanced,kuhar,train,config_0,multimodal_samples_050_3,id_7d268895569b,har,train,full_run,/workspaces/HIAAC-KR-Dev-Container/Minerva-Exps/benchmarks/experiments/paper_daghar_supervised_3runs_perlr_samples_down_seed_resnetse5_12345/logs/id_adacbe7b5f39/final,,,,,,,,,
evaluate_resnetse5,id_8fcf496a0f67,id_ad0655342c2c,completed,1,True,id_a619266c470c,supervised,resnetse5,full_finetune_lr4,id_adc654d5844a,multimodal_df,daghar_standardized_balanced,kuhar,test,,multimodal_perc_100,id_daa7333eb2f8,har,evaluate,full_run,/workspaces/HIAAC-KR-Dev-Container/Minerva-Exps/benchmarks/experiments/paper_daghar_supervised_3runs_perlr_samples_down_seed_resnetse5_12345/logs/id_8fcf496a0f67/final,569e6146f1,/workspaces/HIAAC-KR-Dev-Container/Minerva-Exps/benchmarks/experiments/paper_daghar_supervised_3runs_perlr_samples_down_seed_resnetse5_12345/logs/id_8fcf496a0f67/final/metrics_2025-11-10-16-13-569e6146f1.yaml,/workspaces/HIAAC-KR-Dev-Container/Minerva-Exps/benchmarks/experiments/paper_daghar_supervised_3runs_perlr_samples_down_seed_resnetse5_12345/logs/id_8fcf496a0f67/final/run_2025-11-10-16-13-569e6146f1.yaml,0.75,0.8223775625228882,0.6924207210540771,0.75,0.75,0.6853147149085999
evaluate_resnetse5,id_3f792665db03,id_11d1d6ffbaa9,completed,1,True,id_01c6663a52ec,supervised,resnetse5,full_finetune_lr3,id_43383c4a2620,multimodal_df,daghar_standardized_balanced,kuhar,test,,multimodal_perc_100,id_daa7333eb2f8,har,evaluate,full_run,/workspaces/HIAAC-KR-Dev-Container/Minerva-Exps/benchmarks/experiments/paper_daghar_supervised_3runs_perlr_samples_down_seed_resnetse5_12345/logs/id_3f792665db03/final,188d169759,/workspaces/HIAAC-KR-Dev-Container/Minerva-Exps/benchmarks/experiments/paper_daghar_supervised_3runs_perlr_samples_down_seed_resnetse5_12345/logs/id_3f792665db03/final/metrics_2025-11-10-15-38-188d169759.yaml,/workspaces/HIAAC-KR-Dev-Container/Minerva-Exps/benchmarks/experiments/paper_daghar_supervised_3runs_perlr_samples_down_seed_resnetse5_12345/logs/id_3f792665db03/final/run_2025-11-10-15-38-188d169759.yaml,0.5972222089767456,0.7021276354789734,0.5264949202537537,0.5972222089767456,0.5972222089767456,0.585106372833252
train_resnetse5,id_dc6c910b350b,,completed,0,False,id_51a779f741ee,supervised,resnetse5,full_finetune_lr1,id_1bbf2a0cd7dc,multimodal_df,daghar_standardized_balanced,rw_waist,train,config_0,multimodal_samples_025_2,id_7d268895569b,har,train,full_run,/workspaces/HIAAC-KR-Dev-Container/Minerva-Exps/benchmarks/experiments/paper_daghar_supervised_3runs_perlr_samples_down_seed_resnetse5_12345/logs/id_dc6c910b350b/final,,,,,,,,,
evaluate_resnetse5,id_037fdac4f6c2,id_5e192574b23d,completed,1,True,id_51a779f741ee,supervised,resnetse5,full_finetune_lr1,id_231e9f213e9b,multimodal_df,daghar_standardized_balanced,kuhar,test,,multimodal_perc_100,id_daa7333eb2f8,har,evaluate,full_run,/workspaces/HIAAC-KR-Dev-Container/Minerva-Exps/benchmarks/experiments/paper_daghar_supervised_3runs_perlr_samples_down_seed_resnetse5_12345/logs/id_037fdac4f6c2/final,276c9152c2,/workspaces/HIAAC-KR-Dev-Container/Minerva-Exps/benchmarks/experiments/paper_daghar_supervised_3runs_perlr_samples_down_seed_resnetse5_12345/logs/id_037fdac4f6c2/final/metrics_2025-11-10-15-15-276c9152c2.yaml,/workspaces/HIAAC-KR-Dev-Container/Minerva-Exps/benchmarks/experiments/paper_daghar_supervised_3runs_perlr_samples_down_seed_resnetse5_12345/logs/id_037fdac4f6c2/final/run_2025-11-10-15-15-276c9152c2.yaml,0.4930555522441864,0.4764133393764496,0.3914477527141571,0.4930555522441864,0.4930555820465088,0.3970111608505249
evaluate_resnetse5,id_a32156e4fdcc,id_9ba3153cb528,completed,1,True,id_612c26209f9f,supervised,resnetse5,full_finetune_lr2,id_6c0870a402a8,multimodal_df,daghar_standardized_balanced,uci,test,,multimodal_perc_100,id_daa7333eb2f8,har,evaluate,full_run,/workspaces/HIAAC-KR-Dev-Container/Minerva-Exps/benchmarks/experiments/paper_daghar_supervised_3runs_perlr_samples_down_seed_resnetse5_12345/logs/id_a32156e4fdcc/final,55453b6548,/workspaces/HIAAC-KR-Dev-Container/Minerva-Exps/benchmarks/experiments/paper_daghar_supervised_3runs_perlr_samples_down_seed_resnetse5_12345/logs/id_a32156e4fdcc/final/metrics_2025-11-10-16-22-55453b6548.yaml,/workspaces/HIAAC-KR-Dev-Container/Minerva-Exps/benchmarks/experiments/paper_daghar_supervised_3runs_perlr_samples_down_seed_resnetse5_12345/logs/id_a32156e4fdcc/final/run_2025-11-10-16-22-55453b6548.yaml,0.852173924446106,0.877885639667511,0.8439905643463135,0.852173924446106,0.852173924446106,0.8778855204582214
evaluate_resnetse5,id_fcfc8808aa84,id_7c38eeaa0828,completed,1,True,id_a619266c470c,supervised,resnetse5,full_finetune_lr4,id_7f568e3544a9,multimodal_df,daghar_standardized_balanced,rw_thigh,test,,multimodal_perc_100,id_daa7333eb2f8,har,evaluate,full_run,/workspaces/HIAAC-KR-Dev-Container/Minerva-Exps/benchmarks/experiments/paper_daghar_supervised_3runs_perlr_samples_down_seed_resnetse5_12345/logs/id_fcfc8808aa84/final,09c022deb7,/workspaces/HIAAC-KR-Dev-Container/Minerva-Exps/benchmarks/experiments/paper_daghar_supervised_3runs_perlr_samples_down_seed_resnetse5_12345/logs/id_fcfc8808aa84/final/metrics_2025-11-10-17-04-09c022deb7.yaml,/workspaces/HIAAC-KR-Dev-Container/Minerva-Exps/benchmarks/experiments/paper_daghar_supervised_3runs_perlr_samples_down_seed_resnetse5_12345/logs/id_fcfc8808aa84/final/run_2025-11-10-17-04-09c022deb7.yaml,0.660800576210022,0.6967368125915527,0.6631526350975037,0.660800576210022,0.660800576210022,0.696736752986908
evaluate_resnetse5,id_83115194b410,id_8af7af3d57a1,completed,1,True,id_612c26209f9f,supervised,resnetse5,full_finetune_lr2,id_7f568e3544a9,multimodal_df,daghar_standardized_balanced,rw_thigh,test,,multimodal_perc_100,id_daa7333eb2f8,har,evaluate,full_run,/workspaces/HIAAC-KR-Dev-Container/Minerva-Exps/benchmarks/experiments/paper_daghar_supervised_3runs_perlr_samples_down_seed_resnetse5_12345/logs/id_83115194b410/final,07fc13f3c6,/workspaces/HIAAC-KR-Dev-Container/Minerva-Exps/benchmarks/experiments/paper_daghar_supervised_3runs_perlr_samples_down_seed_resnetse5_12345/logs/id_83115194b410/final/metrics_2025-11-10-16-09-07fc13f3c6.yaml,/workspaces/HIAAC-KR-Dev-Container/Minerva-Exps/benchmarks/experiments/paper_daghar_supervised_3runs_perlr_samples_down_seed_resnetse5_12345/logs/id_83115194b410/final/run_2025-11-10-16-09-07fc13f3c6.yaml,0.5296756625175476,0.5767115354537964,0.4739912152290344,0.5296756625175476,0.5296756625175476,0.4805929958820343
train_resnetse5,id_830982540bd8,,completed,0,False,id_3f47675df06f,supervised,resnetse5,full_finetune_lr5,id_cca20f21af92,multimodal_df,daghar_standardized_balanced,motionsense,train,config_0,multimodal_perc_100_3,id_7d268895569b,har,train,full_run,/workspaces/HIAAC-KR-Dev-Container/Minerva-Exps/benchmarks/experiments/paper_daghar_supervised_3runs_perlr_samples_down_seed_resnetse5_12345/logs/id_830982540bd8/final,,,,,,,,,
evaluate_resnetse5,id_5fd415afd62c,id_8befa39c9db6,completed,1,True,id_51a779f741ee,supervised,resnetse5,full_finetune_lr1,id_18b3312b8cac,multimodal_df,daghar_standardized_balanced,rw_waist,test,,multimodal_perc_100,id_daa7333eb2f8,har,evaluate,full_run,/workspaces/HIAAC-KR-Dev-Container/Minerva-Exps/benchmarks/experiments/paper_daghar_supervised_3runs_perlr_samples_down_seed_resnetse5_12345/logs/id_5fd415afd62c/final,5732b0e52e,/workspaces/HIAAC-KR-Dev-Container/Minerva-Exps/benchmarks/experiments/paper_daghar_supervised_3runs_perlr_samples_down_seed_resnetse5_12345/logs/id_5fd415afd62c/final/metrics_2025-11-10-15-53-5732b0e52e.yaml,/workspaces/HIAAC-KR-Dev-Container/Minerva-Exps/benchmarks/experiments/paper_daghar_supervised_3runs_perlr_samples_down_seed_resnetse5_12345/logs/id_5fd415afd62c/final/run_2025-11-10-15-53-5732b0e52e.yaml,0.6601080298423767,0.6391782164573669,0.6343724131584167,0.6601080298423767,0.6601080298423767,0.6391782760620117
evaluate_resnetse5,id_608e373938f6,id_e572d5efe7a0,completed,1,True,id_01c6663a52ec,supervised,resnetse5,full_finetune_lr3,id_e16618f7bbf9,multimodal_df,daghar_standardized_balanced,wisdm,test,,multimodal_perc_100,id_daa7333eb2f8,har,evaluate,full_run,/workspaces/HIAAC-KR-Dev-Container/Minerva-Exps/benchmarks/experiments/paper_daghar_supervised_3runs_perlr_samples_down_seed_resnetse5_12345/logs/id_608e373938f6/final,14eabc60ff,/workspaces/HIAAC-KR-Dev-Container/Minerva-Exps/benchmarks/experiments/paper_daghar_supervised_3runs_perlr_samples_down_seed_resnetse5_12345/logs/id_608e373938f6/final/metrics_2025-11-10-15-54-14eabc60ff.yaml,/workspaces/HIAAC-KR-Dev-Container/Minerva-Exps/benchmarks/experiments/paper_daghar_supervised_3runs_perlr_samples_down_seed_resnetse5_12345/logs/id_608e373938f6/final/run_2025-11-10-15-54-14eabc60ff.yaml,0.641321063041687,0.6188938617706299,0.5671359896659851,0.641321063041687,0.641321063041687,0.6188938617706299
evaluate_resnetse5,id_5062599f5cf3,id_aad33077ca4e,completed,1,True,id_51a779f741ee,supervised,resnetse5,full_finetune_lr1,id_e3e1de450b72,multimodal_df,daghar_standardized_balanced,rw_thigh,test,,multimodal_perc_100,id_daa7333eb2f8,har,evaluate,full_run,/workspaces/HIAAC-KR-Dev-Container/Minerva-Exps/benchmarks/experiments/paper_daghar_supervised_3runs_perlr_samples_down_seed_resnetse5_12345/logs/id_5062599f5cf3/final,48fbd15345,/workspaces/HIAAC-KR-Dev-Container/Minerva-Exps/benchmarks/experiments/paper_daghar_supervised_3runs_perlr_samples_down_seed_resnetse5_12345/logs/id_5062599f5cf3/final/metrics_2025-11-10-15-46-48fbd15345.yaml,/workspaces/HIAAC-KR-Dev-Container/Minerva-Exps/benchmarks/experiments/paper_daghar_supervised_3runs_perlr_samples_down_seed_resnetse5_12345/logs/id_5062599f5cf3/final/run_2025-11-10-15-46-48fbd15345.yaml,0.7132505178451538,0.7632651329040527,0.6806192994117737,0.7132505178451538,0.7132505178451538,0.7632651329040527
train_resnetse5,id_dee0644c6a5c,,completed,0,False,id_01c6663a52ec,supervised,resnetse5,full_finetune_lr3,id_274e205b8ad8,multimodal_df,daghar_standardized_balanced,kuhar,train,config_0,multimodal_samples_010_2,id_7d268895569b,har,train,full_run,/workspaces/HIAAC-KR-Dev-Container/Minerva-Exps/benchmarks/experiments/paper_daghar_supervised_3runs_perlr_samples_down_seed_resnetse5_12345/logs/id_dee0644c6a5c/final,,,,,,,,,
evaluate_resnetse5,id_fe99b8f5525f,id_603867ef726f,completed,1,True,id_a619266c470c,supervised,resnetse5,full_finetune_lr4,id_18b3312b8cac,multimodal_df,daghar_standardized_balanced,rw_waist,test,,multimodal_perc_100,id_daa7333eb2f8,har,evaluate,full_run,/workspaces/HIAAC-KR-Dev-Container/Minerva-Exps/benchmarks/experiments/paper_daghar_supervised_3runs_perlr_samples_down_seed_resnetse5_12345/logs/id_fe99b8f5525f/final,131a587901,/workspaces/HIAAC-KR-Dev-Container/Minerva-Exps/benchmarks/experiments/paper_daghar_supervised_3runs_perlr_samples_down_seed_resnetse5_12345/logs/id_fe99b8f5525f/final/metrics_2025-11-10-17-05-131a587901.yaml,/workspaces/HIAAC-KR-Dev-Container/Minerva-Exps/benchmarks/experiments/paper_daghar_supervised_3runs_perlr_samples_down_seed_resnetse5_12345/logs/id_fe99b8f5525f/final/run_2025-11-10-17-05-131a587901.yaml,0.7295524477958679,0.7487876415252686,0.735785722732544,0.7295524477958679,0.7295524477958679,0.7487876415252686
train_resnetse5,id_ad569e83aff1,,completed,0,False,id_01c6663a52ec,supervised,resnetse5,full_finetune_lr3,id_e40d7f3591a5,multimodal_df,daghar_standardized_balanced,rw_thigh,train,config_0,multimodal_samples_010_3,id_7d268895569b,har,train,full_run,/workspaces/HIAAC-KR-Dev-Container/Minerva-Exps/benchmarks/experiments/paper_daghar_supervised_3runs_perlr_samples_down_seed_resnetse5_12345/logs/id_ad569e83aff1/final,,,,,,,,,
evaluate_resnetse5,id_a1878c45bb36,id_879514d5ad90,completed,1,True,id_a619266c470c,supervised,resnetse5,full_finetune_lr4,id_f139484e6a4b,multimodal_df,daghar_standardized_balanced,kuhar,test,,multimodal_perc_100,id_daa7333eb2f8,har,evaluate,full_run,/workspaces/HIAAC-KR-Dev-Container/Minerva-Exps/benchmarks/experiments/paper_daghar_supervised_3runs_perlr_samples_down_seed_resnetse5_12345/logs/id_a1878c45bb36/final,35b3a3416b,/workspaces/HIAAC-KR-Dev-Container/Minerva-Exps/benchmarks/experiments/paper_daghar_supervised_3runs_perlr_samples_down_seed_resnetse5_12345/logs/id_a1878c45bb36/final/metrics_2025-11-10-16-22-35b3a3416b.yaml,/workspaces/HIAAC-KR-Dev-Container/Minerva-Exps/benchmarks/experiments/paper_daghar_supervised_3runs_perlr_samples_down_seed_resnetse5_12345/logs/id_a1878c45bb36/final/run_2025-11-10-16-22-35b3a3416b.yaml,0.7638888955116272,0.8258182406425476,0.70793616771698,0.7638888955116272,0.7638888955116272,0.6881817579269409
train_resnetse5,id_89c1aec921a0,,completed,0,False,id_01c6663a52ec,supervised,resnetse5,full_finetune_lr3,id_c05d706619f3,multimodal_df,daghar_standardized_balanced,rw_thigh,train,config_0,multimodal_samples_010,id_7d268895569b,har,train,full_run,/workspaces/HIAAC-KR-Dev-Container/Minerva-Exps/benchmarks/experiments/paper_daghar_supervised_3runs_perlr_samples_down_seed_resnetse5_12345/logs/id_89c1aec921a0/final,,,,,,,,,
train_resnetse5,id_30aa8587bd09,,completed,0,False,id_51a779f741ee,supervised,resnetse5,full_finetune_lr1,id_63390b2e2f32,multimodal_df,daghar_standardized_balanced,wisdm,train,config_0,multimodal_samples_005_2,id_7d268895569b,har,train,full_run,/workspaces/HIAAC-KR-Dev-Container/Minerva-Exps/benchmarks/experiments/paper_daghar_supervised_3runs_perlr_samples_down_seed_resnetse5_12345/logs/id_30aa8587bd09/final,,,,,,,,,
evaluate_resnetse5,id_159a10be01de,id_713491ed76f5,completed,1,True,id_3f47675df06f,supervised,resnetse5,full_finetune_lr5,id_2addac50de4b,multimodal_df,daghar_standardized_balanced,wisdm,test,,multimodal_perc_100,id_daa7333eb2f8,har,evaluate,full_run,/workspaces/HIAAC-KR-Dev-Container/Minerva-Exps/benchmarks/experiments/paper_daghar_supervised_3runs_perlr_samples_down_seed_resnetse5_12345/logs/id_159a10be01de/final,14ba730594,/workspaces/HIAAC-KR-Dev-Container/Minerva-Exps/benchmarks/experiments/paper_daghar_supervised_3runs_perlr_samples_down_seed_resnetse5_12345/logs/id_159a10be01de/final/metrics_2025-11-10-15-22-14ba730594.yaml,/workspaces/HIAAC-KR-Dev-Container/Minerva-Exps/benchmarks/experiments/paper_daghar_supervised_3runs_perlr_samples_down_seed_resnetse5_12345/logs/id_159a10be01de/final/run_2025-11-10-15-22-14ba730594.yaml,0.7277265787124634,0.7997090220451355,0.6435184478759766,0.7277265787124634,0.7277265787124634,0.5997817516326904
evaluate_resnetse5,id_d78d07b4b839,id_d93dd3c2c51e,completed,1,True,id_51a779f741ee,supervised,resnetse5,full_finetune_lr1,id_61e965712612,multimodal_df,daghar_standardized_balanced,rw_waist,test,,multimodal_perc_100,id_daa7333eb2f8,har,evaluate,full_run,/workspaces/HIAAC-KR-Dev-Container/Minerva-Exps/benchmarks/experiments/paper_daghar_supervised_3runs_perlr_samples_down_seed_resnetse5_12345/logs/id_d78d07b4b839/final,547d7d41c4,/workspaces/HIAAC-KR-Dev-Container/Minerva-Exps/benchmarks/experiments/paper_daghar_supervised_3runs_perlr_samples_down_seed_resnetse5_12345/logs/id_d78d07b4b839/final/metrics_2025-11-10-16-45-547d7d41c4.yaml,/workspaces/HIAAC-KR-Dev-Container/Minerva-Exps/benchmarks/experiments/paper_daghar_supervised_3runs_perlr_samples_down_seed_resnetse5_12345/logs/id_d78d07b4b839/final/run_2025-11-10-16-45-547d7d41c4.yaml,0.5636574029922485,0.6047446131706238,0.5252465009689331,0.5636574029922485,0.5636574029922485,0.6047444939613342
train_resnetse5,id_ac507b9bd6f0,,completed,0,False,id_3f47675df06f,supervised,resnetse5,full_finetune_lr5,id_1da0f49b378e,multimodal_df,daghar_standardized_balanced,uci,train,config_0,multimodal_samples_005_3,id_7d268895569b,har,train,full_run,/workspaces/HIAAC-KR-Dev-Container/Minerva-Exps/benchmarks/experiments/paper_daghar_supervised_3runs_perlr_samples_down_seed_resnetse5_12345/logs/id_ac507b9bd6f0/final,,,,,,,,,
evaluate_resnetse5,id_88bd54e8565b,id_8a4aa5effe0e,completed,1,True,id_51a779f741ee,supervised,resnetse5,full_finetune_lr1,id_ef132296695f,multimodal_df,daghar_standardized_balanced,motionsense,test,,multimodal_perc_100,id_daa7333eb2f8,har,evaluate,full_run,/workspaces/HIAAC-KR-Dev-Container/Minerva-Exps/benchmarks/experiments/paper_daghar_supervised_3runs_perlr_samples_down_seed_resnetse5_12345/logs/id_88bd54e8565b/final,341ec947ae,/workspaces/HIAAC-KR-Dev-Container/Minerva-Exps/benchmarks/experiments/paper_daghar_supervised_3runs_perlr_samples_down_seed_resnetse5_12345/logs/id_88bd54e8565b/final/metrics_2025-11-10-16-11-341ec947ae.yaml,/workspaces/HIAAC-KR-Dev-Container/Minerva-Exps/benchmarks/experiments/paper_daghar_supervised_3runs_perlr_samples_down_seed_resnetse5_12345/logs/id_88bd54e8565b/final/run_2025-11-10-16-11-341ec947ae.yaml,0.5677965879440308,0.696934700012207,0.4829145669937134,0.5677965879440308,0.5677965879440308,0.696934700012207
evaluate_resnetse5,id_40bbd57330c0,id_69aab22a6773,completed,1,True,id_01c6663a52ec,supervised,resnetse5,full_finetune_lr3,id_c10d4d9eb345,multimodal_df,daghar_standardized_balanced,kuhar,test,,multimodal_perc_100,id_daa7333eb2f8,har,evaluate,full_run,/workspaces/HIAAC-KR-Dev-Container/Minerva-Exps/benchmarks/experiments/paper_daghar_supervised_3runs_perlr_samples_down_seed_resnetse5_12345/logs/id_40bbd57330c0/final,503ceeb5b4,/workspaces/HIAAC-KR-Dev-Container/Minerva-Exps/benchmarks/experiments/paper_daghar_supervised_3runs_perlr_samples_down_seed_resnetse5_12345/logs/id_40bbd57330c0/final/metrics_2025-11-10-15-38-503ceeb5b4.yaml,/workspaces/HIAAC-KR-Dev-Container/Minerva-Exps/benchmarks/experiments/paper_daghar_supervised_3runs_perlr_samples_down_seed_resnetse5_12345/logs/id_40bbd57330c0/final/run_2025-11-10-15-38-503ceeb5b4.yaml,0.6527777910232544,0.7291936874389648,0.6286747455596924,0.6527777910232544,0.6527777910232544,0.7291936874389648
evaluate_resnetse5,id_de7d4837727f,id_26ccd2c02a54,completed,1,True,id_612c26209f9f,supervised,resnetse5,full_finetune_lr2,id_071b9d6efd78,multimodal_df,daghar_standardized_balanced,rw_thigh,test,,multimodal_perc_100,id_daa7333eb2f8,har,evaluate,full_run,/workspaces/HIAAC-KR-Dev-Container/Minerva-Exps/benchmarks/experiments/paper_daghar_supervised_3runs_perlr_samples_down_seed_resnetse5_12345/logs/id_de7d4837727f/final,007592e2cb,/workspaces/HIAAC-KR-Dev-Container/Minerva-Exps/benchmarks/experiments/paper_daghar_supervised_3runs_perlr_samples_down_seed_resnetse5_12345/logs/id_de7d4837727f/final/metrics_2025-11-10-16-49-007592e2cb.yaml,/workspaces/HIAAC-KR-Dev-Container/Minerva-Exps/benchmarks/experiments/paper_daghar_supervised_3runs_perlr_samples_down_seed_resnetse5_12345/logs/id_de7d4837727f/final/run_2025-11-10-16-49-007592e2cb.yaml,0.6928916573524475,0.7999897599220276,0.6476848721504211,0.6928916573524475,0.6928915977478027,0.6666581630706787
train_resnetse5,id_9d6f40081d57,,completed,0,False,id_51a779f741ee,supervised,resnetse5,full_finetune_lr1,id_eb44f9c784ea,multimodal_df,daghar_standardized_balanced,rw_waist,train,config_0,multimodal_samples_005_2,id_7d268895569b,har,train,full_run,/workspaces/HIAAC-KR-Dev-Container/Minerva-Exps/benchmarks/experiments/paper_daghar_supervised_3runs_perlr_samples_down_seed_resnetse5_12345/logs/id_9d6f40081d57/final,,,,,,,,,
evaluate_resnetse5,id_4c96e1f3cc9b,id_b7960a21b6c1,completed,1,True,id_a619266c470c,supervised,resnetse5,full_finetune_lr4,id_347819b8e8e9,multimodal_df,daghar_standardized_balanced,wisdm,test,,multimodal_perc_100,id_daa7333eb2f8,har,evaluate,full_run,/workspaces/HIAAC-KR-Dev-Container/Minerva-Exps/benchmarks/experiments/paper_daghar_supervised_3runs_perlr_samples_down_seed_resnetse5_12345/logs/id_4c96e1f3cc9b/final,15f655c4c0,/workspaces/HIAAC-KR-Dev-Container/Minerva-Exps/benchmarks/experiments/paper_daghar_supervised_3runs_perlr_samples_down_seed_resnetse5_12345/logs/id_4c96e1f3cc9b/final/metrics_2025-11-10-15-45-15f655c4c0.yaml,/workspaces/HIAAC-KR-Dev-Container/Minerva-Exps/benchmarks/experiments/paper_daghar_supervised_3runs_perlr_samples_down_seed_resnetse5_12345/logs/id_4c96e1f3cc9b/final/run_2025-11-10-15-45-15f655c4c0.yaml,0.6897081136703491,0.7152546644210815,0.6821953058242798,0.6897081136703491,0.6897081136703491,0.7152546644210815
evaluate_resnetse5,id_008c22f8fbc3,id_6bdbfa48046c,completed,1,True,id_a619266c470c,supervised,resnetse5,full_finetune_lr4,id_2927a4a2198f,multimodal_df,daghar_standardized_balanced,kuhar,test,,multimodal_perc_100,id_daa7333eb2f8,har,evaluate,full_run,/workspaces/HIAAC-KR-Dev-Container/Minerva-Exps/benchmarks/experiments/paper_daghar_supervised_3runs_perlr_samples_down_seed_resnetse5_12345/logs/id_008c22f8fbc3/final,28b9a79963,/workspaces/HIAAC-KR-Dev-Container/Minerva-Exps/benchmarks/experiments/paper_daghar_supervised_3runs_perlr_samples_down_seed_resnetse5_12345/logs/id_008c22f8fbc3/final/metrics_2025-11-10-15-14-28b9a79963.yaml,/workspaces/HIAAC-KR-Dev-Container/Minerva-Exps/benchmarks/experiments/paper_daghar_supervised_3runs_perlr_samples_down_seed_resnetse5_12345/logs/id_008c22f8fbc3/final/run_2025-11-10-15-14-28b9a79963.yaml,0.75,0.8103864789009094,0.6930091381072998,0.75,0.7500000596046448,0.6753221154212952
evaluate_resnetse5,id_8adece18df2b,id_c5314e7e4ede,completed,1,True,id_01c6663a52ec,supervised,resnetse5,full_finetune_lr3,id_aa74f85c55d8,multimodal_df,daghar_standardized_balanced,motionsense,test,,multimodal_perc_100,id_daa7333eb2f8,har,evaluate,full_run,/workspaces/HIAAC-KR-Dev-Container/Minerva-Exps/benchmarks/experiments/paper_daghar_supervised_3runs_perlr_samples_down_seed_resnetse5_12345/logs/id_8adece18df2b/final,15c958bec3,/workspaces/HIAAC-KR-Dev-Container/Minerva-Exps/benchmarks/experiments/paper_daghar_supervised_3runs_perlr_samples_down_seed_resnetse5_12345/logs/id_8adece18df2b/final/metrics_2025-11-10-16-12-15c958bec3.yaml,/workspaces/HIAAC-KR-Dev-Container/Minerva-Exps/benchmarks/experiments/paper_daghar_supervised_3runs_perlr_samples_down_seed_resnetse5_12345/logs/id_8adece18df2b/final/run_2025-11-10-16-12-15c958bec3.yaml,0.956685483455658,0.9580748677253723,0.9568153619766235,0.956685483455658,0.956685483455658,0.9580749273300171
train_resnetse5,id_b392dba68116,,completed,0,False,id_612c26209f9f,supervised,resnetse5,full_finetune_lr2,id_d68570b59c0c,multimodal_df,daghar_standardized_balanced,motionsense,train,config_0,multimodal_samples_050_2,id_7d268895569b,har,train,full_run,/workspaces/HIAAC-KR-Dev-Container/Minerva-Exps/benchmarks/experiments/paper_daghar_supervised_3runs_perlr_samples_down_seed_resnetse5_12345/logs/id_b392dba68116/final,,,,,,,,,
evaluate_resnetse5,id_3b2f743282fe,id_3bb75266f799,completed,1,True,id_3f47675df06f,supervised,resnetse5,full_finetune_lr5,id_199b92ce1c8c,multimodal_df,daghar_standardized_balanced,uci,test,,multimodal_perc_100,id_daa7333eb2f8,har,evaluate,full_run,/workspaces/HIAAC-KR-Dev-Container/Minerva-Exps/benchmarks/experiments/paper_daghar_supervised_3runs_perlr_samples_down_seed_resnetse5_12345/logs/id_3b2f743282fe/final,53a0a00afe,/workspaces/HIAAC-KR-Dev-Container/Minerva-Exps/benchmarks/experiments/paper_daghar_supervised_3runs_perlr_samples_down_seed_resnetse5_12345/logs/id_3b2f743282fe/final/metrics_2025-11-10-15-36-53a0a00afe.yaml,/workspaces/HIAAC-KR-Dev-Container/Minerva-Exps/benchmarks/experiments/paper_daghar_supervised_3runs_perlr_samples_down_seed_resnetse5_12345/logs/id_3b2f743282fe/final/run_2025-11-10-15-36-53a0a00afe.yaml,0.717391312122345,0.7811108827590942,0.6463145017623901,0.717391312122345,0.7173913717269897,0.6248887777328491
evaluate_resnetse5,id_82c11d0f38de,id_abccaac92969,completed,1,True,id_3f47675df06f,supervised,resnetse5,full_finetune_lr5,id_b2a494b42880,multimodal_df,daghar_standardized_balanced,wisdm,test,,multimodal_perc_100,id_daa7333eb2f8,har,evaluate,full_run,/workspaces/HIAAC-KR-Dev-Container/Minerva-Exps/benchmarks/experiments/paper_daghar_supervised_3runs_perlr_samples_down_seed_resnetse5_12345/logs/id_82c11d0f38de/final,290103601a,/workspaces/HIAAC-KR-Dev-Container/Minerva-Exps/benchmarks/experiments/paper_daghar_supervised_3runs_perlr_samples_down_seed_resnetse5_12345/logs/id_82c11d0f38de/final/metrics_2025-11-10-16-08-290103601a.yaml,/workspaces/HIAAC-KR-Dev-Container/Minerva-Exps/benchmarks/experiments/paper_daghar_supervised_3runs_perlr_samples_down_seed_resnetse5_12345/logs/id_82c11d0f38de/final/run_2025-11-10-16-08-290103601a.yaml,0.7354070544242859,0.8123078346252441,0.6518014073371887,0.7354070544242859,0.7354070544242859,0.6092308759689331
train_resnetse5,id_b98f8aa98f4b,,completed,0,False,id_a619266c470c,supervised,resnetse5,full_finetune_lr4,id_cc98e906d375,multimodal_df,daghar_standardized_balanced,rw_thigh,train,config_0,multimodal_perc_100_2,id_7d268895569b,har,train,full_run,/workspaces/HIAAC-KR-Dev-Container/Minerva-Exps/benchmarks/experiments/paper_daghar_supervised_3runs_perlr_samples_down_seed_resnetse5_12345/logs/id_b98f8aa98f4b/final,,,,,,,,,
evaluate_resnetse5,id_6942fa7e849b,id_208732fe8a8f,completed,1,True,id_a619266c470c,supervised,resnetse5,full_finetune_lr4,id_59be9faa838c,multimodal_df,daghar_standardized_balanced,rw_thigh,test,,multimodal_perc_100,id_daa7333eb2f8,har,evaluate,full_run,/workspaces/HIAAC-KR-Dev-Container/Minerva-Exps/benchmarks/experiments/paper_daghar_supervised_3runs_perlr_samples_down_seed_resnetse5_12345/logs/id_6942fa7e849b/final,109a050dd4,/workspaces/HIAAC-KR-Dev-Container/Minerva-Exps/benchmarks/experiments/paper_daghar_supervised_3runs_perlr_samples_down_seed_resnetse5_12345/logs/id_6942fa7e849b/final/metrics_2025-11-10-15-58-109a050dd4.yaml,/workspaces/HIAAC-KR-Dev-Container/Minerva-Exps/benchmarks/experiments/paper_daghar_supervised_3runs_perlr_samples_down_seed_resnetse5_12345/logs/id_6942fa7e849b/final/run_2025-11-10-15-58-109a050dd4.yaml,0.6155969500541687,0.7032648324966431,0.5595443844795227,0.6155969500541687,0.6155970096588135,0.5860540270805359
evaluate_resnetse5,id_23c645dffe83,id_40e8a279a56a,completed,1,True,id_612c26209f9f,supervised,resnetse5,full_finetune_lr2,id_8383e9ed6287,multimodal_df,daghar_standardized_balanced,motionsense,test,,multimodal_perc_100,id_daa7333eb2f8,har,evaluate,full_run,/workspaces/HIAAC-KR-Dev-Container/Minerva-Exps/benchmarks/experiments/paper_daghar_supervised_3runs_perlr_samples_down_seed_resnetse5_12345/logs/id_23c645dffe83/final,0019c07223,/workspaces/HIAAC-KR-Dev-Container/Minerva-Exps/benchmarks/experiments/paper_daghar_supervised_3runs_perlr_samples_down_seed_resnetse5_12345/logs/id_23c645dffe83/final/metrics_2025-11-10-15-29-0019c07223.yaml,/workspaces/HIAAC-KR-Dev-Container/Minerva-Exps/benchmarks/experiments/paper_daghar_supervised_3runs_perlr_samples_down_seed_resnetse5_12345/logs/id_23c645dffe83/final/run_2025-11-10-15-29-0019c07223.yaml,0.1666666716337204,0.1666666716337204,0.0476190485060215,0.1666666716337204,0.1666666716337204,0.02777777798473835
evaluate_resnetse5,id_5f0d19e51437,id_9804602fe2f1,completed,1,True,id_3f47675df06f,supervised,resnetse5,full_finetune_lr5,id_adc654d5844a,multimodal_df,daghar_standardized_balanced,kuhar,test,,multimodal_perc_100,id_daa7333eb2f8,har,evaluate,full_run,/workspaces/HIAAC-KR-Dev-Container/Minerva-Exps/benchmarks/experiments/paper_daghar_supervised_3runs_perlr_samples_down_seed_resnetse5_12345/logs/id_5f0d19e51437/final,260fa4dce6,/workspaces/HIAAC-KR-Dev-Container/Minerva-Exps/benchmarks/experiments/paper_daghar_supervised_3runs_perlr_samples_down_seed_resnetse5_12345/logs/id_5f0d19e51437/final/metrics_2025-11-10-15-53-260fa4dce6.yaml,/workspaces/HIAAC-KR-Dev-Container/Minerva-Exps/benchmarks/experiments/paper_daghar_supervised_3runs_perlr_samples_down_seed_resnetse5_12345/logs/id_5f0d19e51437/final/run_2025-11-10-15-53-260fa4dce6.yaml,0.5902777910232544,0.6355972290039062,0.4797523319721222,0.5902777910232544,0.5902777910232544,0.4237315058708191
evaluate_resnetse5,id_47a89f07e1f5,id_9f3e0699d38f,completed,1,True,id_612c26209f9f,supervised,resnetse5,full_finetune_lr2,id_7d75503f6205,multimodal_df,daghar_standardized_balanced,motionsense,test,,multimodal_perc_100,id_daa7333eb2f8,har,evaluate,full_run,/workspaces/HIAAC-KR-Dev-Container/Minerva-Exps/benchmarks/experiments/paper_daghar_supervised_3runs_perlr_samples_down_seed_resnetse5_12345/logs/id_47a89f07e1f5/final,36bdfa6014,/workspaces/HIAAC-KR-Dev-Container/Minerva-Exps/benchmarks/experiments/paper_daghar_supervised_3runs_perlr_samples_down_seed_resnetse5_12345/logs/id_47a89f07e1f5/final/metrics_2025-11-10-15-42-36bdfa6014.yaml,/workspaces/HIAAC-KR-Dev-Container/Minerva-Exps/benchmarks/experiments/paper_daghar_supervised_3runs_perlr_samples_down_seed_resnetse5_12345/logs/id_47a89f07e1f5/final/run_2025-11-10-15-42-36bdfa6014.yaml,0.6986817121505737,0.742629885673523,0.6425438523292542,0.6986817121505737,0.6986817121505737,0.618858277797699
evaluate_resnetse5,id_e24aa654068f,id_1fd84db96b02,completed,1,True,id_612c26209f9f,supervised,resnetse5,full_finetune_lr2,id_4d0a09774961,multimodal_df,daghar_standardized_balanced,uci,test,,multimodal_perc_100,id_daa7333eb2f8,har,evaluate,full_run,/workspaces/HIAAC-KR-Dev-Container/Minerva-Exps/benchmarks/experiments/paper_daghar_supervised_3runs_perlr_samples_down_seed_resnetse5_12345/logs/id_e24aa654068f/final,5537641945,/workspaces/HIAAC-KR-Dev-Container/Minerva-Exps/benchmarks/experiments/paper_daghar_supervised_3runs_perlr_samples_down_seed_resnetse5_12345/logs/id_e24aa654068f/final/metrics_2025-11-10-16-50-5537641945.yaml,/workspaces/HIAAC-KR-Dev-Container/Minerva-Exps/benchmarks/experiments/paper_daghar_supervised_3runs_perlr_samples_down_seed_resnetse5_12345/logs/id_e24aa654068f/final/run_2025-11-10-16-50-5537641945.yaml,0.7956521511077881,0.8342152833938599,0.7383655905723572,0.7956521511077881,0.7956522107124329,0.8342152237892151
train_resnetse5,id_20a962930bb3,,completed,0,False,id_51a779f741ee,supervised,resnetse5,full_finetune_lr1,id_d68570b59c0c,multimodal_df,daghar_standardized_balanced,motionsense,train,config_0,multimodal_samples_050_2,id_7d268895569b,har,train,full_run,/workspaces/HIAAC-KR-Dev-Container/Minerva-Exps/benchmarks/experiments/paper_daghar_supervised_3runs_perlr_samples_down_seed_resnetse5_12345/logs/id_20a962930bb3/final,,,,,,,,,
evaluate_resnetse5,id_a0c86f00bf71,id_dac3b806a764,completed,1,True,id_01c6663a52ec,supervised,resnetse5,full_finetune_lr3,id_70e3e98bc86c,multimodal_df,daghar_standardized_balanced,kuhar,test,,multimodal_perc_100,id_daa7333eb2f8,har,evaluate,full_run,/workspaces/HIAAC-KR-Dev-Container/Minerva-Exps/benchmarks/experiments/paper_daghar_supervised_3runs_perlr_samples_down_seed_resnetse5_12345/logs/id_a0c86f00bf71/final,1555c2d5a0,/workspaces/HIAAC-KR-Dev-Container/Minerva-Exps/benchmarks/experiments/paper_daghar_supervised_3runs_perlr_samples_down_seed_resnetse5_12345/logs/id_a0c86f00bf71/final/metrics_2025-11-10-16-22-1555c2d5a0.yaml,/workspaces/HIAAC-KR-Dev-Container/Minerva-Exps/benchmarks/experiments/paper_daghar_supervised_3runs_perlr_samples_down_seed_resnetse5_12345/logs/id_a0c86f00bf71/final/run_2025-11-10-16-22-1555c2d5a0.yaml,0.7083333134651184,0.7785174250602722,0.6518301367759705,0.7083333134651184,0.7083333134651184,0.6487644910812378
train_resnetse5,id_29bd2b5f0d49,,completed,0,False,id_01c6663a52ec,supervised,resnetse5,full_finetune_lr3,id_f50c99792caa,multimodal_df,daghar_standardized_balanced,uci,train,config_0,multimodal_samples_001_3,id_7d268895569b,har,train,full_run,/workspaces/HIAAC-KR-Dev-Container/Minerva-Exps/benchmarks/experiments/paper_daghar_supervised_3runs_perlr_samples_down_seed_resnetse5_12345/logs/id_29bd2b5f0d49/final,,,,,,,,,
evaluate_resnetse5,id_d23dfe34e61e,id_d937b9c2b54a,completed,1,True,id_01c6663a52ec,supervised,resnetse5,full_finetune_lr3,id_2addac50de4b,multimodal_df,daghar_standardized_balanced,wisdm,test,,multimodal_perc_100,id_daa7333eb2f8,har,evaluate,full_run,/workspaces/HIAAC-KR-Dev-Container/Minerva-Exps/benchmarks/experiments/paper_daghar_supervised_3runs_perlr_samples_down_seed_resnetse5_12345/logs/id_d23dfe34e61e/final,4146658bb7,/workspaces/HIAAC-KR-Dev-Container/Minerva-Exps/benchmarks/experiments/paper_daghar_supervised_3runs_perlr_samples_down_seed_resnetse5_12345/logs/id_d23dfe34e61e/final/metrics_2025-11-10-16-43-4146658bb7.yaml,/workspaces/HIAAC-KR-Dev-Container/Minerva-Exps/benchmarks/experiments/paper_daghar_supervised_3runs_perlr_samples_down_seed_resnetse5_12345/logs/id_d23dfe34e61e/final/run_2025-11-10-16-43-4146658bb7.yaml,0.7357910871505737,0.6733981966972351,0.6535414457321167,0.7357910871505737,0.7357910871505737,0.6733981966972351
train_resnetse5,id_ef223c5c6da9,,completed,0,False,id_612c26209f9f,supervised,resnetse5,full_finetune_lr2,id_9dd4c9a25077,multimodal_df,daghar_standardized_balanced,motionsense,train,config_0,multimodal_samples_200,id_7d268895569b,har,train,full_run,/workspaces/HIAAC-KR-Dev-Container/Minerva-Exps/benchmarks/experiments/paper_daghar_supervised_3runs_perlr_samples_down_seed_resnetse5_12345/logs/id_ef223c5c6da9/final,,,,,,,,,
train_resnetse5,id_31b7f87a7f18,,completed,0,False,id_51a779f741ee,supervised,resnetse5,full_finetune_lr1,id_a4bdc43c44df,multimodal_df,daghar_standardized_balanced,wisdm,train,config_0,multimodal_samples_010,id_7d268895569b,har,train,full_run,/workspaces/HIAAC-KR-Dev-Container/Minerva-Exps/benchmarks/experiments/paper_daghar_supervised_3runs_perlr_samples_down_seed_resnetse5_12345/logs/id_31b7f87a7f18/final,,,,,,,,,
evaluate_resnetse5,id_a4218ce1acd8,id_54e28eba09fa,completed,1,True,id_a619266c470c,supervised,resnetse5,full_finetune_lr4,id_2ec699262787,multimodal_df,daghar_standardized_balanced,rw_waist,test,,multimodal_perc_100,id_daa7333eb2f8,har,evaluate,full_run,/workspaces/HIAAC-KR-Dev-Container/Minerva-Exps/benchmarks/experiments/paper_daghar_supervised_3runs_perlr_samples_down_seed_resnetse5_12345/logs/id_a4218ce1acd8/final,3781c238c4,/workspaces/HIAAC-KR-Dev-Container/Minerva-Exps/benchmarks/experiments/paper_daghar_supervised_3runs_perlr_samples_down_seed_resnetse5_12345/logs/id_a4218ce1acd8/final/metrics_2025-11-10-16-23-3781c238c4.yaml,/workspaces/HIAAC-KR-Dev-Container/Minerva-Exps/benchmarks/experiments/paper_daghar_supervised_3runs_perlr_samples_down_seed_resnetse5_12345/logs/id_a4218ce1acd8/final/run_2025-11-10-16-23-3781c238c4.yaml,0.6824845671653748,0.7232691645622253,0.6791099309921265,0.6824845671653748,0.6824845671653748,0.7232691049575806
train_resnetse5,id_516aba730ef0,,completed,0,False,id_a619266c470c,supervised,resnetse5,full_finetune_lr4,id_d7d1a80f3236,multimodal_df,daghar_standardized_balanced,rw_thigh,train,config_0,multimodal_samples_200_3,id_7d268895569b,har,train,full_run,/workspaces/HIAAC-KR-Dev-Container/Minerva-Exps/benchmarks/experiments/paper_daghar_supervised_3runs_perlr_samples_down_seed_resnetse5_12345/logs/id_516aba730ef0/final,,,,,,,,,
evaluate_resnetse5,id_ff7d689d309b,id_c2c9d19d4b20,completed,1,True,id_612c26209f9f,supervised,resnetse5,full_finetune_lr2,id_5342c6363403,multimodal_df,daghar_standardized_balanced,uci,test,,multimodal_perc_100,id_daa7333eb2f8,har,evaluate,full_run,/workspaces/HIAAC-KR-Dev-Container/Minerva-Exps/benchmarks/experiments/paper_daghar_supervised_3runs_perlr_samples_down_seed_resnetse5_12345/logs/id_ff7d689d309b/final,319b7714dc,/workspaces/HIAAC-KR-Dev-Container/Minerva-Exps/benchmarks/experiments/paper_daghar_supervised_3runs_perlr_samples_down_seed_resnetse5_12345/logs/id_ff7d689d309b/final/metrics_2025-11-10-17-05-319b7714dc.yaml,/workspaces/HIAAC-KR-Dev-Container/Minerva-Exps/benchmarks/experiments/paper_daghar_supervised_3runs_perlr_samples_down_seed_resnetse5_12345/logs/id_ff7d689d309b/final/run_2025-11-10-17-05-319b7714dc.yaml,0.969565212726593,0.9706495404243469,0.9695167541503906,0.969565212726593,0.969565212726593,0.9706494808197021
evaluate_resnetse5,id_818c19732201,id_fecd82d3721d,completed,1,True,id_612c26209f9f,supervised,resnetse5,full_finetune_lr2,id_90e552b77477,multimodal_df,daghar_standardized_balanced,uci,test,,multimodal_perc_100,id_daa7333eb2f8,har,evaluate,full_run,/workspaces/HIAAC-KR-Dev-Container/Minerva-Exps/benchmarks/experiments/paper_daghar_supervised_3runs_perlr_samples_down_seed_resnetse5_12345/logs/id_818c19732201/final,397c3ef5bc,/workspaces/HIAAC-KR-Dev-Container/Minerva-Exps/benchmarks/experiments/paper_daghar_supervised_3runs_perlr_samples_down_seed_resnetse5_12345/logs/id_818c19732201/final/metrics_2025-11-10-16-07-397c3ef5bc.yaml,/workspaces/HIAAC-KR-Dev-Container/Minerva-Exps/benchmarks/experiments/paper_daghar_supervised_3runs_perlr_samples_down_seed_resnetse5_12345/logs/id_818c19732201/final/run_2025-11-10-16-07-397c3ef5bc.yaml,0.7347826361656189,0.7437626719474792,0.692611813545227,0.7347826361656189,0.7347825765609741,0.7437626719474792
train_resnetse5,id_37bc5cb8ad6f,,completed,0,False,id_51a779f741ee,supervised,resnetse5,full_finetune_lr1,id_f9825c05d917,multimodal_df,daghar_standardized_balanced,rw_thigh,train,config_0,multimodal_perc_100_3,id_7d268895569b,har,train,full_run,/workspaces/HIAAC-KR-Dev-Container/Minerva-Exps/benchmarks/experiments/paper_daghar_supervised_3runs_perlr_samples_down_seed_resnetse5_12345/logs/id_37bc5cb8ad6f/final,,,,,,,,,
evaluate_resnetse5,id_9b8ad470b397,id_8367bbfcab4f,completed,1,True,id_51a779f741ee,supervised,resnetse5,full_finetune_lr1,id_cc01e43eb008,multimodal_df,daghar_standardized_balanced,rw_waist,test,,multimodal_perc_100,id_daa7333eb2f8,har,evaluate,full_run,/workspaces/HIAAC-KR-Dev-Container/Minerva-Exps/benchmarks/experiments/paper_daghar_supervised_3runs_perlr_samples_down_seed_resnetse5_12345/logs/id_9b8ad470b397/final,45fba4e81f,/workspaces/HIAAC-KR-Dev-Container/Minerva-Exps/benchmarks/experiments/paper_daghar_supervised_3runs_perlr_samples_down_seed_resnetse5_12345/logs/id_9b8ad470b397/final/metrics_2025-11-10-16-19-45fba4e81f.yaml,/workspaces/HIAAC-KR-Dev-Container/Minerva-Exps/benchmarks/experiments/paper_daghar_supervised_3runs_perlr_samples_down_seed_resnetse5_12345/logs/id_9b8ad470b397/final/run_2025-11-10-16-19-45fba4e81f.yaml,0.6925154328346252,0.6783084869384766,0.6502276659011841,0.6925154328346252,0.6925154328346252,0.6783084869384766
train_resnetse5,id_8ca7741e9b8f,,completed,0,False,id_01c6663a52ec,supervised,resnetse5,full_finetune_lr3,id_120bda9178a1,multimodal_df,daghar_standardized_balanced,wisdm,train,config_0,multimodal_samples_010_3,id_7d268895569b,har,train,full_run,/workspaces/HIAAC-KR-Dev-Container/Minerva-Exps/benchmarks/experiments/paper_daghar_supervised_3runs_perlr_samples_down_seed_resnetse5_12345/logs/id_8ca7741e9b8f/final,,,,,,,,,
train_resnetse5,id_ed47891a8308,,completed,0,False,id_01c6663a52ec,supervised,resnetse5,full_finetune_lr3,id_de3c5e60bc0a,multimodal_df,daghar_standardized_balanced,motionsense,train,config_0,multimodal_samples_010,id_7d268895569b,har,train,full_run,/workspaces/HIAAC-KR-Dev-Container/Minerva-Exps/benchmarks/experiments/paper_daghar_supervised_3runs_perlr_samples_down_seed_resnetse5_12345/logs/id_ed47891a8308/final,,,,,,,,,
evaluate_resnetse5,id_273cfc624ce2,id_9a627aab34e2,completed,1,True,id_01c6663a52ec,supervised,resnetse5,full_finetune_lr3,id_57108b3e5074,multimodal_df,daghar_standardized_balanced,motionsense,test,,multimodal_perc_100,id_daa7333eb2f8,har,evaluate,full_run,/workspaces/HIAAC-KR-Dev-Container/Minerva-Exps/benchmarks/experiments/paper_daghar_supervised_3runs_perlr_samples_down_seed_resnetse5_12345/logs/id_273cfc624ce2/final,58bf66d79a,/workspaces/HIAAC-KR-Dev-Container/Minerva-Exps/benchmarks/experiments/paper_daghar_supervised_3runs_perlr_samples_down_seed_resnetse5_12345/logs/id_273cfc624ce2/final/metrics_2025-11-10-15-29-58bf66d79a.yaml,/workspaces/HIAAC-KR-Dev-Container/Minerva-Exps/benchmarks/experiments/paper_daghar_supervised_3runs_perlr_samples_down_seed_resnetse5_12345/logs/id_273cfc624ce2/final/run_2025-11-10-15-29-58bf66d79a.yaml,0.7758945226669312,0.6987947821617126,0.7219219207763672,0.7758945226669312,0.7758945226669312,0.6987947821617126
train_resnetse5,id_7045972089f0,,completed,0,False,id_a619266c470c,supervised,resnetse5,full_finetune_lr4,id_3ca44ce6c400,multimodal_df,daghar_standardized_balanced,rw_thigh,train,config_0,multimodal_samples_050_2,id_7d268895569b,har,train,full_run,/workspaces/HIAAC-KR-Dev-Container/Minerva-Exps/benchmarks/experiments/paper_daghar_supervised_3runs_perlr_samples_down_seed_resnetse5_12345/logs/id_7045972089f0/final,,,,,,,,,
evaluate_resnetse5,id_24c25b95e59a,id_2e6084905b25,completed,1,True,id_a619266c470c,supervised,resnetse5,full_finetune_lr4,id_ed69671adf3b,multimodal_df,daghar_standardized_balanced,rw_waist,test,,multimodal_perc_100,id_daa7333eb2f8,har,evaluate,full_run,/workspaces/HIAAC-KR-Dev-Container/Minerva-Exps/benchmarks/experiments/paper_daghar_supervised_3runs_perlr_samples_down_seed_resnetse5_12345/logs/id_24c25b95e59a/final,22658685e6,/workspaces/HIAAC-KR-Dev-Container/Minerva-Exps/benchmarks/experiments/paper_daghar_supervised_3runs_perlr_samples_down_seed_resnetse5_12345/logs/id_24c25b95e59a/final/metrics_2025-11-10-15-29-22658685e6.yaml,/workspaces/HIAAC-KR-Dev-Container/Minerva-Exps/benchmarks/experiments/paper_daghar_supervised_3runs_perlr_samples_down_seed_resnetse5_12345/logs/id_24c25b95e59a/final/run_2025-11-10-15-29-22658685e6.yaml,0.5895061492919922,0.6182573437690735,0.563957154750824,0.5895061492919922,0.5895061492919922,0.6182572841644287
evaluate_resnetse5,id_b29c0fcf7b8d,id_4ea53a214271,completed,1,True,id_a619266c470c,supervised,resnetse5,full_finetune_lr4,id_3d28ee1db3cc,multimodal_df,daghar_standardized_balanced,wisdm,test,,multimodal_perc_100,id_daa7333eb2f8,har,evaluate,full_run,/workspaces/HIAAC-KR-Dev-Container/Minerva-Exps/benchmarks/experiments/paper_daghar_supervised_3runs_perlr_samples_down_seed_resnetse5_12345/logs/id_b29c0fcf7b8d/final,244af9ca5e,/workspaces/HIAAC-KR-Dev-Container/Minerva-Exps/benchmarks/experiments/paper_daghar_supervised_3runs_perlr_samples_down_seed_resnetse5_12345/logs/id_b29c0fcf7b8d/final/metrics_2025-11-10-16-29-244af9ca5e.yaml,/workspaces/HIAAC-KR-Dev-Container/Minerva-Exps/benchmarks/experiments/paper_daghar_supervised_3runs_perlr_samples_down_seed_resnetse5_12345/logs/id_b29c0fcf7b8d/final/run_2025-11-10-16-29-244af9ca5e.yaml,0.8582949042320251,0.8589628338813782,0.8582603931427002,0.8582949042320251,0.8582949042320251,0.8589628338813782
evaluate_resnetse5,id_e148c15d176b,id_9f9c61c2afb9,completed,1,True,id_3f47675df06f,supervised,resnetse5,full_finetune_lr5,id_2b680f63640c,multimodal_df,daghar_standardized_balanced,uci,test,,multimodal_perc_100,id_daa7333eb2f8,har,evaluate,full_run,/workspaces/HIAAC-KR-Dev-Container/Minerva-Exps/benchmarks/experiments/paper_daghar_supervised_3runs_perlr_samples_down_seed_resnetse5_12345/logs/id_e148c15d176b/final,375817b7b2,/workspaces/HIAAC-KR-Dev-Container/Minerva-Exps/benchmarks/experiments/paper_daghar_supervised_3runs_perlr_samples_down_seed_resnetse5_12345/logs/id_e148c15d176b/final/metrics_2025-11-10-16-50-375817b7b2.yaml,/workspaces/HIAAC-KR-Dev-Container/Minerva-Exps/benchmarks/experiments/paper_daghar_supervised_3runs_perlr_samples_down_seed_resnetse5_12345/logs/id_e148c15d176b/final/run_2025-11-10-16-50-375817b7b2.yaml,0.395652174949646,0.41375529766082764,0.2311316728591919,0.395652174949646,0.395652174949646,0.16550211608409882
train_resnetse5,id_726249a3909e,,completed,0,False,id_612c26209f9f,supervised,resnetse5,full_finetune_lr2,id_378e85dee41c,multimodal_df,daghar_standardized_balanced,rw_thigh,train,config_0,multimodal_samples_050,id_7d268895569b,har,train,full_run,/workspaces/HIAAC-KR-Dev-Container/Minerva-Exps/benchmarks/experiments/paper_daghar_supervised_3runs_perlr_samples_down_seed_resnetse5_12345/logs/id_726249a3909e/final,,,,,,,,,
evaluate_resnetse5,id_b63ca22fa0eb,id_eb369ec0d46a,completed,1,True,id_612c26209f9f,supervised,resnetse5,full_finetune_lr2,id_57108b3e5074,multimodal_df,daghar_standardized_balanced,motionsense,test,,multimodal_perc_100,id_daa7333eb2f8,har,evaluate,full_run,/workspaces/HIAAC-KR-Dev-Container/Minerva-Exps/benchmarks/experiments/paper_daghar_supervised_3runs_perlr_samples_down_seed_resnetse5_12345/logs/id_b63ca22fa0eb/final,50439e59b8,/workspaces/HIAAC-KR-Dev-Container/Minerva-Exps/benchmarks/experiments/paper_daghar_supervised_3runs_perlr_samples_down_seed_resnetse5_12345/logs/id_b63ca22fa0eb/final/metrics_2025-11-10-16-31-50439e59b8.yaml,/workspaces/HIAAC-KR-Dev-Container/Minerva-Exps/benchmarks/experiments/paper_daghar_supervised_3runs_perlr_samples_down_seed_resnetse5_12345/logs/id_b63ca22fa0eb/final/run_2025-11-10-16-31-50439e59b8.yaml,0.756120502948761,0.8076844811439514,0.7159734964370728,0.756120502948761,0.756120502948761,0.8076844811439514
evaluate_resnetse5,id_e32b07551a38,id_e00c490dc0f0,completed,1,True,id_51a779f741ee,supervised,resnetse5,full_finetune_lr1,id_bf761b672fa2,multimodal_df,daghar_standardized_balanced,rw_thigh,test,,multimodal_perc_100,id_daa7333eb2f8,har,evaluate,full_run,/workspaces/HIAAC-KR-Dev-Container/Minerva-Exps/benchmarks/experiments/paper_daghar_supervised_3runs_perlr_samples_down_seed_resnetse5_12345/logs/id_e32b07551a38/final,256f732a6f,/workspaces/HIAAC-KR-Dev-Container/Minerva-Exps/benchmarks/experiments/paper_daghar_supervised_3runs_perlr_samples_down_seed_resnetse5_12345/logs/id_e32b07551a38/final/metrics_2025-11-10-16-51-256f732a6f.yaml,/workspaces/HIAAC-KR-Dev-Container/Minerva-Exps/benchmarks/experiments/paper_daghar_supervised_3runs_perlr_samples_down_seed_resnetse5_12345/logs/id_e32b07551a38/final/run_2025-11-10-16-51-256f732a6f.yaml,0.682539701461792,0.7039863467216492,0.6555227041244507,0.682539701461792,0.6825397610664368,0.7039863467216492
train_resnetse5,id_8b0f1fe3cc2e,,completed,0,False,id_51a779f741ee,supervised,resnetse5,full_finetune_lr1,id_d2bcc241477b,multimodal_df,daghar_standardized_balanced,uci,train,config_0,multimodal_samples_050_3,id_7d268895569b,har,train,full_run,/workspaces/HIAAC-KR-Dev-Container/Minerva-Exps/benchmarks/experiments/paper_daghar_supervised_3runs_perlr_samples_down_seed_resnetse5_12345/logs/id_8b0f1fe3cc2e/final,,,,,,,,,
evaluate_resnetse5,id_739d96405528,id_ce25db8c88ec,completed,1,True,id_a619266c470c,supervised,resnetse5,full_finetune_lr4,id_ca47bb421f0b,multimodal_df,daghar_standardized_balanced,kuhar,test,,multimodal_perc_100,id_daa7333eb2f8,har,evaluate,full_run,/workspaces/HIAAC-KR-Dev-Container/Minerva-Exps/benchmarks/experiments/paper_daghar_supervised_3runs_perlr_samples_down_seed_resnetse5_12345/logs/id_739d96405528/final,13a9475419,/workspaces/HIAAC-KR-Dev-Container/Minerva-Exps/benchmarks/experiments/paper_daghar_supervised_3runs_perlr_samples_down_seed_resnetse5_12345/logs/id_739d96405528/final/metrics_2025-11-10-16-02-13a9475419.yaml,/workspaces/HIAAC-KR-Dev-Container/Minerva-Exps/benchmarks/experiments/paper_daghar_supervised_3runs_perlr_samples_down_seed_resnetse5_12345/logs/id_739d96405528/final/run_2025-11-10-16-02-13a9475419.yaml,0.7013888955116272,0.7691689729690552,0.6441218256950378,0.7013888955116272,0.7013888955116272,0.6409741640090942
train_resnetse5,id_764a14cec182,,completed,0,False,id_01c6663a52ec,supervised,resnetse5,full_finetune_lr3,id_b54259b359ab,multimodal_df,daghar_standardized_balanced,rw_waist,train,config_0,multimodal_samples_001_3,id_7d268895569b,har,train,full_run,/workspaces/HIAAC-KR-Dev-Container/Minerva-Exps/benchmarks/experiments/paper_daghar_supervised_3runs_perlr_samples_down_seed_resnetse5_12345/logs/id_764a14cec182/final,,,,,,,,,
train_resnetse5,id_659133222948,,completed,0,False,id_01c6663a52ec,supervised,resnetse5,full_finetune_lr3,id_fb5b4619ed71,multimodal_df,daghar_standardized_balanced,uci,train,config_0,multimodal_samples_005_2,id_7d268895569b,har,train,full_run,/workspaces/HIAAC-KR-Dev-Container/Minerva-Exps/benchmarks/experiments/paper_daghar_supervised_3runs_perlr_samples_down_seed_resnetse5_12345/logs/id_659133222948/final,,,,,,,,,
train_resnetse5,id_fd8bebb2d127,,completed,0,False,id_a619266c470c,supervised,resnetse5,full_finetune_lr4,id_d05d4d1d48a9,multimodal_df,daghar_standardized_balanced,rw_thigh,train,config_0,multimodal_samples_200_2,id_7d268895569b,har,train,full_run,/workspaces/HIAAC-KR-Dev-Container/Minerva-Exps/benchmarks/experiments/paper_daghar_supervised_3runs_perlr_samples_down_seed_resnetse5_12345/logs/id_fd8bebb2d127/final,,,,,,,,,
train_resnetse5,id_5a59cfab6e2e,,completed,0,False,id_3f47675df06f,supervised,resnetse5,full_finetune_lr5,id_53a73fa7e879,multimodal_df,daghar_standardized_balanced,wisdm,train,config_0,multimodal_samples_200_3,id_7d268895569b,har,train,full_run,/workspaces/HIAAC-KR-Dev-Container/Minerva-Exps/benchmarks/experiments/paper_daghar_supervised_3runs_perlr_samples_down_seed_resnetse5_12345/logs/id_5a59cfab6e2e/final,,,,,,,,,
evaluate_resnetse5,id_008f354cecf4,id_c9db235634e4,completed,1,True,id_3f47675df06f,supervised,resnetse5,full_finetune_lr5,id_84509e035e55,multimodal_df,daghar_standardized_balanced,wisdm,test,,multimodal_perc_100,id_daa7333eb2f8,har,evaluate,full_run,/workspaces/HIAAC-KR-Dev-Container/Minerva-Exps/benchmarks/experiments/paper_daghar_supervised_3runs_perlr_samples_down_seed_resnetse5_12345/logs/id_008f354cecf4/final,395e56ea77,/workspaces/HIAAC-KR-Dev-Container/Minerva-Exps/benchmarks/experiments/paper_daghar_supervised_3runs_perlr_samples_down_seed_resnetse5_12345/logs/id_008f354cecf4/final/metrics_2025-11-10-15-14-395e56ea77.yaml,/workspaces/HIAAC-KR-Dev-Container/Minerva-Exps/benchmarks/experiments/paper_daghar_supervised_3runs_perlr_samples_down_seed_resnetse5_12345/logs/id_008f354cecf4/final/run_2025-11-10-15-14-395e56ea77.yaml,0.4235790967941284,0.27536720037460327,0.22849181294441223,0.4235790967941284,0.28238606452941895,0.22947268187999725
evaluate_resnetse5,id_d004d01eeee7,id_1d4b58ad5297,completed,1,True,id_a619266c470c,supervised,resnetse5,full_finetune_lr4,id_326053c8c3a8,multimodal_df,daghar_standardized_balanced,rw_thigh,test,,multimodal_perc_100,id_daa7333eb2f8,har,evaluate,full_run,/workspaces/HIAAC-KR-Dev-Container/Minerva-Exps/benchmarks/experiments/paper_daghar_supervised_3runs_perlr_samples_down_seed_resnetse5_12345/logs/id_d004d01eeee7/final,270c8dfbd8,/workspaces/HIAAC-KR-Dev-Container/Minerva-Exps/benchmarks/experiments/paper_daghar_supervised_3runs_perlr_samples_down_seed_resnetse5_12345/logs/id_d004d01eeee7/final/metrics_2025-11-10-16-43-270c8dfbd8.yaml,/workspaces/HIAAC-KR-Dev-Container/Minerva-Exps/benchmarks/experiments/paper_daghar_supervised_3runs_perlr_samples_down_seed_resnetse5_12345/logs/id_d004d01eeee7/final/run_2025-11-10-16-43-270c8dfbd8.yaml,0.4558316171169281,0.44632598757743835,0.42321330308914185,0.4558316171169281,0.4558316171169281,0.44632598757743835
train_resnetse5,id_3c7455e86fa1,,completed,0,False,id_51a779f741ee,supervised,resnetse5,full_finetune_lr1,id_378e85dee41c,multimodal_df,daghar_standardized_balanced,rw_thigh,train,config_0,multimodal_samples_050,id_7d268895569b,har,train,full_run,/workspaces/HIAAC-KR-Dev-Container/Minerva-Exps/benchmarks/experiments/paper_daghar_supervised_3runs_perlr_samples_down_seed_resnetse5_12345/logs/id_3c7455e86fa1/final,,,,,,,,,
evaluate_resnetse5,id_1a22809f994c,id_1d16a771b2a8,completed,1,True,id_01c6663a52ec,supervised,resnetse5,full_finetune_lr3,id_2f3102cb0072,multimodal_df,daghar_standardized_balanced,wisdm,test,,multimodal_perc_100,id_daa7333eb2f8,har,evaluate,full_run,/workspaces/HIAAC-KR-Dev-Container/Minerva-Exps/benchmarks/experiments/paper_daghar_supervised_3runs_perlr_samples_down_seed_resnetse5_12345/logs/id_1a22809f994c/final,08051b43a0,/workspaces/HIAAC-KR-Dev-Container/Minerva-Exps/benchmarks/experiments/paper_daghar_supervised_3runs_perlr_samples_down_seed_resnetse5_12345/logs/id_1a22809f994c/final/metrics_2025-11-10-15-25-08051b43a0.yaml,/workspaces/HIAAC-KR-Dev-Container/Minerva-Exps/benchmarks/experiments/paper_daghar_supervised_3runs_perlr_samples_down_seed_resnetse5_12345/logs/id_1a22809f994c/final/run_2025-11-10-15-25-08051b43a0.yaml,0.8337173461914062,0.8339655995368958,0.8327940106391907,0.8337173461914062,0.8337173461914062,0.8339656591415405
train_resnetse5,id_4936ef0c8872,,completed,0,False,id_01c6663a52ec,supervised,resnetse5,full_finetune_lr3,id_98a30d23c42b,multimodal_df,daghar_standardized_balanced,rw_waist,train,config_0,multimodal_samples_001,id_7d268895569b,har,train,full_run,/workspaces/HIAAC-KR-Dev-Container/Minerva-Exps/benchmarks/experiments/paper_daghar_supervised_3runs_perlr_samples_down_seed_resnetse5_12345/logs/id_4936ef0c8872/final,,,,,,,,,
evaluate_resnetse5,id_dc1a9d094fdc,id_2251e9ffd85d,completed,1,True,id_3f47675df06f,supervised,resnetse5,full_finetune_lr5,id_803b364782be,multimodal_df,daghar_standardized_balanced,motionsense,test,,multimodal_perc_100,id_daa7333eb2f8,har,evaluate,full_run,/workspaces/HIAAC-KR-Dev-Container/Minerva-Exps/benchmarks/experiments/paper_daghar_supervised_3runs_perlr_samples_down_seed_resnetse5_12345/logs/id_dc1a9d094fdc/final,51eb5ae4b0,/workspaces/HIAAC-KR-Dev-Container/Minerva-Exps/benchmarks/experiments/paper_daghar_supervised_3runs_perlr_samples_down_seed_resnetse5_12345/logs/id_dc1a9d094fdc/final/metrics_2025-11-10-16-47-51eb5ae4b0.yaml,/workspaces/HIAAC-KR-Dev-Container/Minerva-Exps/benchmarks/experiments/paper_daghar_supervised_3runs_perlr_samples_down_seed_resnetse5_12345/logs/id_dc1a9d094fdc/final/run_2025-11-10-16-47-51eb5ae4b0.yaml,0.4510357677936554,0.6006126999855042,0.32649967074394226,0.4510357677936554,0.4510357975959778,0.30030637979507446
train_resnetse5,id_95e22ed5d623,,completed,0,False,id_51a779f741ee,supervised,resnetse5,full_finetune_lr1,id_8f0cce8978b6,multimodal_df,daghar_standardized_balanced,uci,train,config_0,multimodal_samples_050,id_7d268895569b,har,train,full_run,/workspaces/HIAAC-KR-Dev-Container/Minerva-Exps/benchmarks/experiments/paper_daghar_supervised_3runs_perlr_samples_down_seed_resnetse5_12345/logs/id_95e22ed5d623/final,,,,,,,,,
evaluate_resnetse5,id_22d6739b2997,id_311e5a517e0e,completed,1,True,id_612c26209f9f,supervised,resnetse5,full_finetune_lr2,id_d3bb28a9285b,multimodal_df,daghar_standardized_balanced,wisdm,test,,multimodal_perc_100,id_daa7333eb2f8,har,evaluate,full_run,/workspaces/HIAAC-KR-Dev-Container/Minerva-Exps/benchmarks/experiments/paper_daghar_supervised_3runs_perlr_samples_down_seed_resnetse5_12345/logs/id_22d6739b2997/final,224093a9dd,/workspaces/HIAAC-KR-Dev-Container/Minerva-Exps/benchmarks/experiments/paper_daghar_supervised_3runs_perlr_samples_down_seed_resnetse5_12345/logs/id_22d6739b2997/final/metrics_2025-11-10-15-28-224093a9dd.yaml,/workspaces/HIAAC-KR-Dev-Container/Minerva-Exps/benchmarks/experiments/paper_daghar_supervised_3runs_perlr_samples_down_seed_resnetse5_12345/logs/id_22d6739b2997/final/run_2025-11-10-15-28-224093a9dd.yaml,0.7880184054374695,0.7885231971740723,0.7870830297470093,0.7880184054374695,0.7880184650421143,0.7885231375694275
evaluate_resnetse5,id_33ea248dccd3,id_2028a7793ed2,completed,1,True,id_3f47675df06f,supervised,resnetse5,full_finetune_lr5,id_422128d9bc98,multimodal_df,daghar_standardized_balanced,rw_thigh,test,,multimodal_perc_100,id_daa7333eb2f8,har,evaluate,full_run,/workspaces/HIAAC-KR-Dev-Container/Minerva-Exps/benchmarks/experiments/paper_daghar_supervised_3runs_perlr_samples_down_seed_resnetse5_12345/logs/id_33ea248dccd3/final,45aab805d4,/workspaces/HIAAC-KR-Dev-Container/Minerva-Exps/benchmarks/experiments/paper_daghar_supervised_3runs_perlr_samples_down_seed_resnetse5_12345/logs/id_33ea248dccd3/final/metrics_2025-11-10-15-34-45aab805d4.yaml,/workspaces/HIAAC-KR-Dev-Container/Minerva-Exps/benchmarks/experiments/paper_daghar_supervised_3runs_perlr_samples_down_seed_resnetse5_12345/logs/id_33ea248dccd3/final/run_2025-11-10-15-34-45aab805d4.yaml,0.46652865409851074,0.5306755900382996,0.3816207945346832,0.46652865409851074,0.46652865409851074,0.3537837266921997
evaluate_resnetse5,id_017e066aac05,id_15c8a1a165c8,completed,1,True,id_01c6663a52ec,supervised,resnetse5,full_finetune_lr3,id_cd6941f6f1c4,multimodal_df,daghar_standardized_balanced,kuhar,test,,multimodal_perc_100,id_daa7333eb2f8,har,evaluate,full_run,/workspaces/HIAAC-KR-Dev-Container/Minerva-Exps/benchmarks/experiments/paper_daghar_supervised_3runs_perlr_samples_down_seed_resnetse5_12345/logs/id_017e066aac05/final,53e6e2f39c,/workspaces/HIAAC-KR-Dev-Container/Minerva-Exps/benchmarks/experiments/paper_daghar_supervised_3runs_perlr_samples_down_seed_resnetse5_12345/logs/id_017e066aac05/final/metrics_2025-11-10-15-14-53e6e2f39c.yaml,/workspaces/HIAAC-KR-Dev-Container/Minerva-Exps/benchmarks/experiments/paper_daghar_supervised_3runs_perlr_samples_down_seed_resnetse5_12345/logs/id_017e066aac05/final/run_2025-11-10-15-14-53e6e2f39c.yaml,0.4305555522441864,0.43941444158554077,0.3124018907546997,0.4305555522441864,0.4305555522441864,0.29294294118881226
train_resnetse5,id_bf244c7fd5e4,,completed,0,False,id_51a779f741ee,supervised,resnetse5,full_finetune_lr1,id_1da0f49b378e,multimodal_df,daghar_standardized_balanced,uci,train,config_0,multimodal_samples_005_3,id_7d268895569b,har,train,full_run,/workspaces/HIAAC-KR-Dev-Container/Minerva-Exps/benchmarks/experiments/paper_daghar_supervised_3runs_perlr_samples_down_seed_resnetse5_12345/logs/id_bf244c7fd5e4/final,,,,,,,,,
train_resnetse5,id_132a6b68da27,,completed,0,False,id_3f47675df06f,supervised,resnetse5,full_finetune_lr5,id_378e85dee41c,multimodal_df,daghar_standardized_balanced,rw_thigh,train,config_0,multimodal_samples_050,id_7d268895569b,har,train,full_run,/workspaces/HIAAC-KR-Dev-Container/Minerva-Exps/benchmarks/experiments/paper_daghar_supervised_3runs_perlr_samples_down_seed_resnetse5_12345/logs/id_132a6b68da27/final,,,,,,,,,
evaluate_resnetse5,id_83a0cb7a1d37,id_271e9ef76789,completed,1,True,id_612c26209f9f,supervised,resnetse5,full_finetune_lr2,id_925ee63de904,multimodal_df,daghar_standardized_balanced,wisdm,test,,multimodal_perc_100,id_daa7333eb2f8,har,evaluate,full_run,/workspaces/HIAAC-KR-Dev-Container/Minerva-Exps/benchmarks/experiments/paper_daghar_supervised_3runs_perlr_samples_down_seed_resnetse5_12345/logs/id_83a0cb7a1d37/final,08a522c584,/workspaces/HIAAC-KR-Dev-Container/Minerva-Exps/benchmarks/experiments/paper_daghar_supervised_3runs_perlr_samples_down_seed_resnetse5_12345/logs/id_83a0cb7a1d37/final/metrics_2025-11-10-16-09-08a522c584.yaml,/workspaces/HIAAC-KR-Dev-Container/Minerva-Exps/benchmarks/experiments/paper_daghar_supervised_3runs_perlr_samples_down_seed_resnetse5_12345/logs/id_83a0cb7a1d37/final/run_2025-11-10-16-09-08a522c584.yaml,0.6950845122337341,0.7721023559570312,0.614784836769104,0.6950845122337341,0.6950844526290894,0.7721023559570312
train_resnetse5,id_915fe2e50a07,,completed,0,False,id_3f47675df06f,supervised,resnetse5,full_finetune_lr5,id_4a2aca339c33,multimodal_df,daghar_standardized_balanced,rw_waist,train,config_0,multimodal_samples_010,id_7d268895569b,har,train,full_run,/workspaces/HIAAC-KR-Dev-Container/Minerva-Exps/benchmarks/experiments/paper_daghar_supervised_3runs_perlr_samples_down_seed_resnetse5_12345/logs/id_915fe2e50a07/final,,,,,,,,,
train_resnetse5,id_e466a1c4c458,,completed,0,False,id_a619266c470c,supervised,resnetse5,full_finetune_lr4,id_cd8d01e2da59,multimodal_df,daghar_standardized_balanced,uci,train,config_0,multimodal_samples_025_2,id_7d268895569b,har,train,full_run,/workspaces/HIAAC-KR-Dev-Container/Minerva-Exps/benchmarks/experiments/paper_daghar_supervised_3runs_perlr_samples_down_seed_resnetse5_12345/logs/id_e466a1c4c458/final,,,,,,,,,
evaluate_resnetse5,id_7f5776ea4ce8,id_303bf5277cd6,completed,1,True,id_a619266c470c,supervised,resnetse5,full_finetune_lr4,id_4f7e468e9fd4,multimodal_df,daghar_standardized_balanced,uci,test,,multimodal_perc_100,id_daa7333eb2f8,har,evaluate,full_run,/workspaces/HIAAC-KR-Dev-Container/Minerva-Exps/benchmarks/experiments/paper_daghar_supervised_3runs_perlr_samples_down_seed_resnetse5_12345/logs/id_7f5776ea4ce8/final,38a8abd135,/workspaces/HIAAC-KR-Dev-Container/Minerva-Exps/benchmarks/experiments/paper_daghar_supervised_3runs_perlr_samples_down_seed_resnetse5_12345/logs/id_7f5776ea4ce8/final/metrics_2025-11-10-16-06-38a8abd135.yaml,/workspaces/HIAAC-KR-Dev-Container/Minerva-Exps/benchmarks/experiments/paper_daghar_supervised_3runs_perlr_samples_down_seed_resnetse5_12345/logs/id_7f5776ea4ce8/final/run_2025-11-10-16-06-38a8abd135.yaml,0.8710144758224487,0.8715724945068359,0.8709830641746521,0.8710144758224487,0.8710144758224487,0.8715724945068359
train_resnetse5,id_c3ab25767f35,,completed,0,False,id_01c6663a52ec,supervised,resnetse5,full_finetune_lr3,id_7df0892adc07,multimodal_df,daghar_standardized_balanced,rw_thigh,train,config_0,multimodal_samples_005,id_7d268895569b,har,train,full_run,/workspaces/HIAAC-KR-Dev-Container/Minerva-Exps/benchmarks/experiments/paper_daghar_supervised_3runs_perlr_samples_down_seed_resnetse5_12345/logs/id_c3ab25767f35/final,,,,,,,,,
train_resnetse5,id_76b52a23a76d,,completed,0,False,id_a619266c470c,supervised,resnetse5,full_finetune_lr4,id_4a2aca339c33,multimodal_df,daghar_standardized_balanced,rw_waist,train,config_0,multimodal_samples_010,id_7d268895569b,har,train,full_run,/workspaces/HIAAC-KR-Dev-Container/Minerva-Exps/benchmarks/experiments/paper_daghar_supervised_3runs_perlr_samples_down_seed_resnetse5_12345/logs/id_76b52a23a76d/final,,,,,,,,,
evaluate_resnetse5,id_d5792148789a,id_8639b10042fb,completed,1,True,id_3f47675df06f,supervised,resnetse5,full_finetune_lr5,id_ca47bb421f0b,multimodal_df,daghar_standardized_balanced,kuhar,test,,multimodal_perc_100,id_daa7333eb2f8,har,evaluate,full_run,/workspaces/HIAAC-KR-Dev-Container/Minerva-Exps/benchmarks/experiments/paper_daghar_supervised_3runs_perlr_samples_down_seed_resnetse5_12345/logs/id_d5792148789a/final,06aab8af8f,/workspaces/HIAAC-KR-Dev-Container/Minerva-Exps/benchmarks/experiments/paper_daghar_supervised_3runs_perlr_samples_down_seed_resnetse5_12345/logs/id_d5792148789a/final/metrics_2025-11-10-16-45-06aab8af8f.yaml,/workspaces/HIAAC-KR-Dev-Container/Minerva-Exps/benchmarks/experiments/paper_daghar_supervised_3runs_perlr_samples_down_seed_resnetse5_12345/logs/id_d5792148789a/final/run_2025-11-10-16-45-06aab8af8f.yaml,0.4722222089767456,0.4824400246143341,0.3167862594127655,0.4722222089767456,0.4722222089767456,0.24122002720832825
evaluate_resnetse5,id_ae963ecfd618,id_b6f68a6fb784,completed,1,True,id_612c26209f9f,supervised,resnetse5,full_finetune_lr2,id_a2762685b735,multimodal_df,daghar_standardized_balanced,rw_thigh,test,,multimodal_perc_100,id_daa7333eb2f8,har,evaluate,full_run,/workspaces/HIAAC-KR-Dev-Container/Minerva-Exps/benchmarks/experiments/paper_daghar_supervised_3runs_perlr_samples_down_seed_resnetse5_12345/logs/id_ae963ecfd618/final,026c9e5f56,/workspaces/HIAAC-KR-Dev-Container/Minerva-Exps/benchmarks/experiments/paper_daghar_supervised_3runs_perlr_samples_down_seed_resnetse5_12345/logs/id_ae963ecfd618/final/metrics_2025-11-10-16-28-026c9e5f56.yaml,/workspaces/HIAAC-KR-Dev-Container/Minerva-Exps/benchmarks/experiments/paper_daghar_supervised_3runs_perlr_samples_down_seed_resnetse5_12345/logs/id_ae963ecfd618/final/run_2025-11-10-16-28-026c9e5f56.yaml,0.1656314730644226,0.12302187085151672,0.06560199707746506,0.1656314730644226,0.1656314730644226,0.04100728780031204
evaluate_resnetse5,id_be6cd80a8c6e,id_16bacd5bef9a,completed,1,True,id_3f47675df06f,supervised,resnetse5,full_finetune_lr5,id_a0298d605d95,multimodal_df,daghar_standardized_balanced,uci,test,,multimodal_perc_100,id_daa7333eb2f8,har,evaluate,full_run,/workspaces/HIAAC-KR-Dev-Container/Minerva-Exps/benchmarks/experiments/paper_daghar_supervised_3runs_perlr_samples_down_seed_resnetse5_12345/logs/id_be6cd80a8c6e/final,25f0c6385b,/workspaces/HIAAC-KR-Dev-Container/Minerva-Exps/benchmarks/experiments/paper_daghar_supervised_3runs_perlr_samples_down_seed_resnetse5_12345/logs/id_be6cd80a8c6e/final/metrics_2025-11-10-16-35-25f0c6385b.yaml,/workspaces/HIAAC-KR-Dev-Container/Minerva-Exps/benchmarks/experiments/paper_daghar_supervised_3runs_perlr_samples_down_seed_resnetse5_12345/logs/id_be6cd80a8c6e/final/run_2025-11-10-16-35-25f0c6385b.yaml,0.7971014380455017,0.8387432098388672,0.7568007707595825,0.7971014380455017,0.7971014976501465,0.8387432098388672
train_resnetse5,id_bb608c0aef66,,completed,0,False,id_a619266c470c,supervised,resnetse5,full_finetune_lr4,id_9dd4c9a25077,multimodal_df,daghar_standardized_balanced,motionsense,train,config_0,multimodal_samples_200,id_7d268895569b,har,train,full_run,/workspaces/HIAAC-KR-Dev-Container/Minerva-Exps/benchmarks/experiments/paper_daghar_supervised_3runs_perlr_samples_down_seed_resnetse5_12345/logs/id_bb608c0aef66/final,,,,,,,,,
train_resnetse5,id_0a5bfcc98d8f,,completed,0,False,id_51a779f741ee,supervised,resnetse5,full_finetune_lr1,id_664d92a3ca56,multimodal_df,daghar_standardized_balanced,uci,train,config_0,multimodal_samples_200_3,id_7d268895569b,har,train,full_run,/workspaces/HIAAC-KR-Dev-Container/Minerva-Exps/benchmarks/experiments/paper_daghar_supervised_3runs_perlr_samples_down_seed_resnetse5_12345/logs/id_0a5bfcc98d8f/final,,,,,,,,,
train_resnetse5,id_9c8cd46d1b50,,completed,0,False,id_51a779f741ee,supervised,resnetse5,full_finetune_lr1,id_14b0f19aa3e3,multimodal_df,daghar_standardized_balanced,rw_waist,train,config_0,multimodal_samples_100_2,id_7d268895569b,har,train,full_run,/workspaces/HIAAC-KR-Dev-Container/Minerva-Exps/benchmarks/experiments/paper_daghar_supervised_3runs_perlr_samples_down_seed_resnetse5_12345/logs/id_9c8cd46d1b50/final,,,,,,,,,
train_resnetse5,id_50c7551c2fe2,,completed,0,False,id_51a779f741ee,supervised,resnetse5,full_finetune_lr1,id_a3717fe8cdbe,multimodal_df,daghar_standardized_balanced,wisdm,train,config_0,multimodal_samples_100,id_7d268895569b,har,train,full_run,/workspaces/HIAAC-KR-Dev-Container/Minerva-Exps/benchmarks/experiments/paper_daghar_supervised_3runs_perlr_samples_down_seed_resnetse5_12345/logs/id_50c7551c2fe2/final,,,,,,,,,
evaluate_resnetse5,id_2a5008f5e2f8,id_4c74876e9ec6,completed,1,True,id_3f47675df06f,supervised,resnetse5,full_finetune_lr5,id_420d16951f62,multimodal_df,daghar_standardized_balanced,uci,test,,multimodal_perc_100,id_daa7333eb2f8,har,evaluate,full_run,/workspaces/HIAAC-KR-Dev-Container/Minerva-Exps/benchmarks/experiments/paper_daghar_supervised_3runs_perlr_samples_down_seed_resnetse5_12345/logs/id_2a5008f5e2f8/final,54e4e271cc,/workspaces/HIAAC-KR-Dev-Container/Minerva-Exps/benchmarks/experiments/paper_daghar_supervised_3runs_perlr_samples_down_seed_resnetse5_12345/logs/id_2a5008f5e2f8/final/metrics_2025-11-10-15-30-54e4e271cc.yaml,/workspaces/HIAAC-KR-Dev-Container/Minerva-Exps/benchmarks/experiments/paper_daghar_supervised_3runs_perlr_samples_down_seed_resnetse5_12345/logs/id_2a5008f5e2f8/final/run_2025-11-10-15-30-54e4e271cc.yaml,0.25652173161506653,0.24913763999938965,0.14390575885772705,0.25652173161506653,0.25652173161506653,0.1494825780391693
evaluate_resnetse5,id_1a93cdc06746,id_c3ab25767f35,completed,1,True,id_01c6663a52ec,supervised,resnetse5,full_finetune_lr3,id_782874de697e,multimodal_df,daghar_standardized_balanced,rw_thigh,test,,multimodal_perc_100,id_daa7333eb2f8,har,evaluate,full_run,/workspaces/HIAAC-KR-Dev-Container/Minerva-Exps/benchmarks/experiments/paper_daghar_supervised_3runs_perlr_samples_down_seed_resnetse5_12345/logs/id_1a93cdc06746/final,2294b90672,/workspaces/HIAAC-KR-Dev-Container/Minerva-Exps/benchmarks/experiments/paper_daghar_supervised_3runs_perlr_samples_down_seed_resnetse5_12345/logs/id_1a93cdc06746/final/metrics_2025-11-10-15-25-2294b90672.yaml,/workspaces/HIAAC-KR-Dev-Container/Minerva-Exps/benchmarks/experiments/paper_daghar_supervised_3runs_perlr_samples_down_seed_resnetse5_12345/logs/id_1a93cdc06746/final/run_2025-11-10-15-25-2294b90672.yaml,0.5810903906822205,0.5568841099739075,0.538703978061676,0.5810903906822205,0.5810903906822205,0.5568840503692627
train_resnetse5,id_bd509eb1c7a9,,completed,0,False,id_51a779f741ee,supervised,resnetse5,full_finetune_lr1,id_5a4fe85324f7,multimodal_df,daghar_standardized_balanced,kuhar,train,config_0,multimodal_samples_001_3,id_7d268895569b,har,train,full_run,/workspaces/HIAAC-KR-Dev-Container/Minerva-Exps/benchmarks/experiments/paper_daghar_supervised_3runs_perlr_samples_down_seed_resnetse5_12345/logs/id_bd509eb1c7a9/final,,,,,,,,,
evaluate_resnetse5,id_5558db8126c4,id_d42051d2df6e,completed,1,True,id_3f47675df06f,supervised,resnetse5,full_finetune_lr5,id_f6972868c154,multimodal_df,daghar_standardized_balanced,uci,test,,multimodal_perc_100,id_daa7333eb2f8,har,evaluate,full_run,/workspaces/HIAAC-KR-Dev-Container/Minerva-Exps/benchmarks/experiments/paper_daghar_supervised_3runs_perlr_samples_down_seed_resnetse5_12345/logs/id_5558db8126c4/final,14835684c8,/workspaces/HIAAC-KR-Dev-Container/Minerva-Exps/benchmarks/experiments/paper_daghar_supervised_3runs_perlr_samples_down_seed_resnetse5_12345/logs/id_5558db8126c4/final/metrics_2025-11-10-15-49-14835684c8.yaml,/workspaces/HIAAC-KR-Dev-Container/Minerva-Exps/benchmarks/experiments/paper_daghar_supervised_3runs_perlr_samples_down_seed_resnetse5_12345/logs/id_5558db8126c4/final/run_2025-11-10-15-49-14835684c8.yaml,0.7927536368370056,0.8662587404251099,0.7260845899581909,0.7927536368370056,0.7927536368370056,0.6930069923400879
evaluate_resnetse5,id_c85f48615074,id_b392dba68116,completed,1,True,id_612c26209f9f,supervised,resnetse5,full_finetune_lr2,id_36f18442564c,multimodal_df,daghar_standardized_balanced,motionsense,test,,multimodal_perc_100,id_daa7333eb2f8,har,evaluate,full_run,/workspaces/HIAAC-KR-Dev-Container/Minerva-Exps/benchmarks/experiments/paper_daghar_supervised_3runs_perlr_samples_down_seed_resnetse5_12345/logs/id_c85f48615074/final,19b412fec6,/workspaces/HIAAC-KR-Dev-Container/Minerva-Exps/benchmarks/experiments/paper_daghar_supervised_3runs_perlr_samples_down_seed_resnetse5_12345/logs/id_c85f48615074/final/metrics_2025-11-10-16-39-19b412fec6.yaml,/workspaces/HIAAC-KR-Dev-Container/Minerva-Exps/benchmarks/experiments/paper_daghar_supervised_3runs_perlr_samples_down_seed_resnetse5_12345/logs/id_c85f48615074/final/run_2025-11-10-16-39-19b412fec6.yaml,0.6883239150047302,0.7355301976203918,0.6355482339859009,0.6883239150047302,0.6883239150047302,0.7355301976203918
evaluate_resnetse5,id_24c67a0ada33,id_c5ecd82a2a1a,completed,1,True,id_01c6663a52ec,supervised,resnetse5,full_finetune_lr3,id_87c18dd5aca4,multimodal_df,daghar_standardized_balanced,motionsense,test,,multimodal_perc_100,id_daa7333eb2f8,har,evaluate,full_run,/workspaces/HIAAC-KR-Dev-Container/Minerva-Exps/benchmarks/experiments/paper_daghar_supervised_3runs_perlr_samples_down_seed_resnetse5_12345/logs/id_24c67a0ada33/final,27f9b9302e,/workspaces/HIAAC-KR-Dev-Container/Minerva-Exps/benchmarks/experiments/paper_daghar_supervised_3runs_perlr_samples_down_seed_resnetse5_12345/logs/id_24c67a0ada33/final/metrics_2025-11-10-15-29-27f9b9302e.yaml,/workspaces/HIAAC-KR-Dev-Container/Minerva-Exps/benchmarks/experiments/paper_daghar_supervised_3runs_perlr_samples_down_seed_resnetse5_12345/logs/id_24c67a0ada33/final/run_2025-11-10-15-29-27f9b9302e.yaml,0.5273069739341736,0.6190060377120972,0.4432065486907959,0.5273069739341736,0.5273069739341736,0.5158383846282959
evaluate_resnetse5,id_2338746fba8d,id_2cd66a80b317,completed,1,True,id_a619266c470c,supervised,resnetse5,full_finetune_lr4,id_4dd10d8fb6f8,multimodal_df,daghar_standardized_balanced,rw_waist,test,,multimodal_perc_100,id_daa7333eb2f8,har,evaluate,full_run,/workspaces/HIAAC-KR-Dev-Container/Minerva-Exps/benchmarks/experiments/paper_daghar_supervised_3runs_perlr_samples_down_seed_resnetse5_12345/logs/id_2338746fba8d/final,3850a26984,/workspaces/HIAAC-KR-Dev-Container/Minerva-Exps/benchmarks/experiments/paper_daghar_supervised_3runs_perlr_samples_down_seed_resnetse5_12345/logs/id_2338746fba8d/final/metrics_2025-11-10-15-28-3850a26984.yaml,/workspaces/HIAAC-KR-Dev-Container/Minerva-Exps/benchmarks/experiments/paper_daghar_supervised_3runs_perlr_samples_down_seed_resnetse5_12345/logs/id_2338746fba8d/final/run_2025-11-10-15-28-3850a26984.yaml,0.7380401492118835,0.7685174942016602,0.7419942617416382,0.7380401492118835,0.7380401492118835,0.7685174942016602
evaluate_resnetse5,id_aab52d289aea,id_578f28c87c52,completed,1,True,id_51a779f741ee,supervised,resnetse5,full_finetune_lr1,id_41d1c87a910c,multimodal_df,daghar_standardized_balanced,rw_waist,test,,multimodal_perc_100,id_daa7333eb2f8,har,evaluate,full_run,/workspaces/HIAAC-KR-Dev-Container/Minerva-Exps/benchmarks/experiments/paper_daghar_supervised_3runs_perlr_samples_down_seed_resnetse5_12345/logs/id_aab52d289aea/final,513872d5ec,/workspaces/HIAAC-KR-Dev-Container/Minerva-Exps/benchmarks/experiments/paper_daghar_supervised_3runs_perlr_samples_down_seed_resnetse5_12345/logs/id_aab52d289aea/final/metrics_2025-11-10-16-26-513872d5ec.yaml,/workspaces/HIAAC-KR-Dev-Container/Minerva-Exps/benchmarks/experiments/paper_daghar_supervised_3runs_perlr_samples_down_seed_resnetse5_12345/logs/id_aab52d289aea/final/run_2025-11-10-16-26-513872d5ec.yaml,0.529321014881134,0.5535504221916199,0.47978007793426514,0.529321014881134,0.5293209552764893,0.5535503625869751
evaluate_resnetse5,id_dd49e4a44440,id_b2efcd521207,completed,1,True,id_51a779f741ee,supervised,resnetse5,full_finetune_lr1,id_475824b89c6e,multimodal_df,daghar_standardized_balanced,rw_thigh,test,,multimodal_perc_100,id_daa7333eb2f8,har,evaluate,full_run,/workspaces/HIAAC-KR-Dev-Container/Minerva-Exps/benchmarks/experiments/paper_daghar_supervised_3runs_perlr_samples_down_seed_resnetse5_12345/logs/id_dd49e4a44440/final,119028794e,/workspaces/HIAAC-KR-Dev-Container/Minerva-Exps/benchmarks/experiments/paper_daghar_supervised_3runs_perlr_samples_down_seed_resnetse5_12345/logs/id_dd49e4a44440/final/metrics_2025-11-10-16-48-119028794e.yaml,/workspaces/HIAAC-KR-Dev-Container/Minerva-Exps/benchmarks/experiments/paper_daghar_supervised_3runs_perlr_samples_down_seed_resnetse5_12345/logs/id_dd49e4a44440/final/run_2025-11-10-16-48-119028794e.yaml,0.6131815314292908,0.7130246758460999,0.5517524480819702,0.6131815314292908,0.6131815314292908,0.5941872596740723
evaluate_resnetse5,id_8132e153d35a,id_eb54f0cbacb3,completed,1,True,id_01c6663a52ec,supervised,resnetse5,full_finetune_lr3,id_0af1488d7b56,multimodal_df,daghar_standardized_balanced,motionsense,test,,multimodal_perc_100,id_daa7333eb2f8,har,evaluate,full_run,/workspaces/HIAAC-KR-Dev-Container/Minerva-Exps/benchmarks/experiments/paper_daghar_supervised_3runs_perlr_samples_down_seed_resnetse5_12345/logs/id_8132e153d35a/final,21aaa96776,/workspaces/HIAAC-KR-Dev-Container/Minerva-Exps/benchmarks/experiments/paper_daghar_supervised_3runs_perlr_samples_down_seed_resnetse5_12345/logs/id_8132e153d35a/final/metrics_2025-11-10-16-07-21aaa96776.yaml,/workspaces/HIAAC-KR-Dev-Container/Minerva-Exps/benchmarks/experiments/paper_daghar_supervised_3runs_perlr_samples_down_seed_resnetse5_12345/logs/id_8132e153d35a/final/run_2025-11-10-16-07-21aaa96776.yaml,0.8022598624229431,0.8862838745117188,0.7480034828186035,0.8022598624229431,0.8022598624229431,0.8862838745117188
evaluate_resnetse5,id_44071e9dfab1,id_e5417e70f755,completed,1,True,id_a619266c470c,supervised,resnetse5,full_finetune_lr4,id_c9f3b900e1ef,multimodal_df,daghar_standardized_balanced,rw_waist,test,,multimodal_perc_100,id_daa7333eb2f8,har,evaluate,full_run,/workspaces/HIAAC-KR-Dev-Container/Minerva-Exps/benchmarks/experiments/paper_daghar_supervised_3runs_perlr_samples_down_seed_resnetse5_12345/logs/id_44071e9dfab1/final,00e9afb0e2,/workspaces/HIAAC-KR-Dev-Container/Minerva-Exps/benchmarks/experiments/paper_daghar_supervised_3runs_perlr_samples_down_seed_resnetse5_12345/logs/id_44071e9dfab1/final/metrics_2025-11-10-15-41-00e9afb0e2.yaml,/workspaces/HIAAC-KR-Dev-Container/Minerva-Exps/benchmarks/experiments/paper_daghar_supervised_3runs_perlr_samples_down_seed_resnetse5_12345/logs/id_44071e9dfab1/final/run_2025-11-10-15-41-00e9afb0e2.yaml,0.5532407164573669,0.6163728833198547,0.5015907287597656,0.5532407164573669,0.5532407164573669,0.5136440992355347
train_resnetse5,id_545ce1ced1a7,,completed,0,False,id_612c26209f9f,supervised,resnetse5,full_finetune_lr2,id_63390b2e2f32,multimodal_df,daghar_standardized_balanced,wisdm,train,config_0,multimodal_samples_005_2,id_7d268895569b,har,train,full_run,/workspaces/HIAAC-KR-Dev-Container/Minerva-Exps/benchmarks/experiments/paper_daghar_supervised_3runs_perlr_samples_down_seed_resnetse5_12345/logs/id_545ce1ced1a7/final,,,,,,,,,
train_resnetse5,id_30c8f255c9d0,,completed,0,False,id_3f47675df06f,supervised,resnetse5,full_finetune_lr5,id_6470a9337d8a,multimodal_df,daghar_standardized_balanced,rw_thigh,train,config_0,multimodal_samples_001,id_7d268895569b,har,train,full_run,/workspaces/HIAAC-KR-Dev-Container/Minerva-Exps/benchmarks/experiments/paper_daghar_supervised_3runs_perlr_samples_down_seed_resnetse5_12345/logs/id_30c8f255c9d0/final,,,,,,,,,
evaluate_resnetse5,id_8ac853cfa8d0,id_3f9c5e5c5153,completed,1,True,id_a619266c470c,supervised,resnetse5,full_finetune_lr4,id_b2a494b42880,multimodal_df,daghar_standardized_balanced,wisdm,test,,multimodal_perc_100,id_daa7333eb2f8,har,evaluate,full_run,/workspaces/HIAAC-KR-Dev-Container/Minerva-Exps/benchmarks/experiments/paper_daghar_supervised_3runs_perlr_samples_down_seed_resnetse5_12345/logs/id_8ac853cfa8d0/final,07688d1df9,/workspaces/HIAAC-KR-Dev-Container/Minerva-Exps/benchmarks/experiments/paper_daghar_supervised_3runs_perlr_samples_down_seed_resnetse5_12345/logs/id_8ac853cfa8d0/final/metrics_2025-11-10-16-12-07688d1df9.yaml,/workspaces/HIAAC-KR-Dev-Container/Minerva-Exps/benchmarks/experiments/paper_daghar_supervised_3runs_perlr_samples_down_seed_resnetse5_12345/logs/id_8ac853cfa8d0/final/run_2025-11-10-16-12-07688d1df9.yaml,0.7373272180557251,0.8125792145729065,0.6532154083251953,0.7373272180557251,0.7373272180557251,0.6094344258308411
train_resnetse5,id_2e5b5f841ce0,,completed,0,False,id_3f47675df06f,supervised,resnetse5,full_finetune_lr5,id_a5eb7bbd285a,multimodal_df,daghar_standardized_balanced,motionsense,train,config_0,multimodal_samples_050,id_7d268895569b,har,train,full_run,/workspaces/HIAAC-KR-Dev-Container/Minerva-Exps/benchmarks/experiments/paper_daghar_supervised_3runs_perlr_samples_down_seed_resnetse5_12345/logs/id_2e5b5f841ce0/final,,,,,,,,,
evaluate_resnetse5,id_60b4bbee8321,id_072fdbf6a558,completed,1,True,id_01c6663a52ec,supervised,resnetse5,full_finetune_lr3,id_4a334689f88e,multimodal_df,daghar_standardized_balanced,uci,test,,multimodal_perc_100,id_daa7333eb2f8,har,evaluate,full_run,/workspaces/HIAAC-KR-Dev-Container/Minerva-Exps/benchmarks/experiments/paper_daghar_supervised_3runs_perlr_samples_down_seed_resnetse5_12345/logs/id_60b4bbee8321/final,36204c7c35,/workspaces/HIAAC-KR-Dev-Container/Minerva-Exps/benchmarks/experiments/paper_daghar_supervised_3runs_perlr_samples_down_seed_resnetse5_12345/logs/id_60b4bbee8321/final/metrics_2025-11-10-15-54-36204c7c35.yaml,/workspaces/HIAAC-KR-Dev-Container/Minerva-Exps/benchmarks/experiments/paper_daghar_supervised_3runs_perlr_samples_down_seed_resnetse5_12345/logs/id_60b4bbee8321/final/run_2025-11-10-15-54-36204c7c35.yaml,0.9420289993286133,0.9435226321220398,0.9418066740036011,0.9420289993286133,0.9420289993286133,0.9435226917266846
evaluate_resnetse5,id_42dcdda64844,id_f3848757989f,completed,1,True,id_01c6663a52ec,supervised,resnetse5,full_finetune_lr3,id_3c74cc6e40b8,multimodal_df,daghar_standardized_balanced,kuhar,test,,multimodal_perc_100,id_daa7333eb2f8,har,evaluate,full_run,/workspaces/HIAAC-KR-Dev-Container/Minerva-Exps/benchmarks/experiments/paper_daghar_supervised_3runs_perlr_samples_down_seed_resnetse5_12345/logs/id_42dcdda64844/final,27a7c1cd10,/workspaces/HIAAC-KR-Dev-Container/Minerva-Exps/benchmarks/experiments/paper_daghar_supervised_3runs_perlr_samples_down_seed_resnetse5_12345/logs/id_42dcdda64844/final/metrics_2025-11-10-15-40-27a7c1cd10.yaml,/workspaces/HIAAC-KR-Dev-Container/Minerva-Exps/benchmarks/experiments/paper_daghar_supervised_3runs_perlr_samples_down_seed_resnetse5_12345/logs/id_42dcdda64844/final/run_2025-11-10-15-40-27a7c1cd10.yaml,0.5416666865348816,0.6543108224868774,0.44699761271476746,0.5416666865348816,0.5416666865348816,0.5452590584754944
evaluate_resnetse5,id_a35f5cc28a00,id_6aeb22db7681,completed,1,True,id_51a779f741ee,supervised,resnetse5,full_finetune_lr1,id_ac313a595442,multimodal_df,daghar_standardized_balanced,kuhar,test,,multimodal_perc_100,id_daa7333eb2f8,har,evaluate,full_run,/workspaces/HIAAC-KR-Dev-Container/Minerva-Exps/benchmarks/experiments/paper_daghar_supervised_3runs_perlr_samples_down_seed_resnetse5_12345/logs/id_a35f5cc28a00/final,06919baad8,/workspaces/HIAAC-KR-Dev-Container/Minerva-Exps/benchmarks/experiments/paper_daghar_supervised_3runs_perlr_samples_down_seed_resnetse5_12345/logs/id_a35f5cc28a00/final/metrics_2025-11-10-16-23-06919baad8.yaml,/workspaces/HIAAC-KR-Dev-Container/Minerva-Exps/benchmarks/experiments/paper_daghar_supervised_3runs_perlr_samples_down_seed_resnetse5_12345/logs/id_a35f5cc28a00/final/run_2025-11-10-16-23-06919baad8.yaml,0.5347222089767456,0.5332491993904114,0.4229790270328522,0.5347222089767456,0.5347222089767456,0.3554994463920593
evaluate_resnetse5,id_b30520f986b9,id_be7aeac61f63,completed,1,True,id_a619266c470c,supervised,resnetse5,full_finetune_lr4,id_d07a11b6dca6,multimodal_df,daghar_standardized_balanced,motionsense,test,,multimodal_perc_100,id_daa7333eb2f8,har,evaluate,full_run,/workspaces/HIAAC-KR-Dev-Container/Minerva-Exps/benchmarks/experiments/paper_daghar_supervised_3runs_perlr_samples_down_seed_resnetse5_12345/logs/id_b30520f986b9/final,40356a5975,/workspaces/HIAAC-KR-Dev-Container/Minerva-Exps/benchmarks/experiments/paper_daghar_supervised_3runs_perlr_samples_down_seed_resnetse5_12345/logs/id_b30520f986b9/final/metrics_2025-11-10-16-29-40356a5975.yaml,/workspaces/HIAAC-KR-Dev-Container/Minerva-Exps/benchmarks/experiments/paper_daghar_supervised_3runs_perlr_samples_down_seed_resnetse5_12345/logs/id_b30520f986b9/final/run_2025-11-10-16-29-40356a5975.yaml,0.7919020652770996,0.8067977428436279,0.7426629066467285,0.7919020652770996,0.7919021248817444,0.8067977428436279
evaluate_resnetse5,id_edd8d6747071,id_ef223c5c6da9,completed,1,True,id_612c26209f9f,supervised,resnetse5,full_finetune_lr2,id_b00b222d795f,multimodal_df,daghar_standardized_balanced,motionsense,test,,multimodal_perc_100,id_daa7333eb2f8,har,evaluate,full_run,/workspaces/HIAAC-KR-Dev-Container/Minerva-Exps/benchmarks/experiments/paper_daghar_supervised_3runs_perlr_samples_down_seed_resnetse5_12345/logs/id_edd8d6747071/final,1934a20695,/workspaces/HIAAC-KR-Dev-Container/Minerva-Exps/benchmarks/experiments/paper_daghar_supervised_3runs_perlr_samples_down_seed_resnetse5_12345/logs/id_edd8d6747071/final/metrics_2025-11-10-16-58-1934a20695.yaml,/workspaces/HIAAC-KR-Dev-Container/Minerva-Exps/benchmarks/experiments/paper_daghar_supervised_3runs_perlr_samples_down_seed_resnetse5_12345/logs/id_edd8d6747071/final/run_2025-11-10-16-58-1934a20695.yaml,0.7777777910232544,0.8036677241325378,0.7659136652946472,0.7777777910232544,0.7777777910232544,0.8036677241325378
train_resnetse5,id_8a974156565b,,completed,0,False,id_a619266c470c,supervised,resnetse5,full_finetune_lr4,id_14b0f19aa3e3,multimodal_df,daghar_standardized_balanced,rw_waist,train,config_0,multimodal_samples_100_2,id_7d268895569b,har,train,full_run,/workspaces/HIAAC-KR-Dev-Container/Minerva-Exps/benchmarks/experiments/paper_daghar_supervised_3runs_perlr_samples_down_seed_resnetse5_12345/logs/id_8a974156565b/final,,,,,,,,,
evaluate_resnetse5,id_95b6026d8e76,id_0986ff42635e,completed,1,True,id_51a779f741ee,supervised,resnetse5,full_finetune_lr1,id_2f3102cb0072,multimodal_df,daghar_standardized_balanced,wisdm,test,,multimodal_perc_100,id_daa7333eb2f8,har,evaluate,full_run,/workspaces/HIAAC-KR-Dev-Container/Minerva-Exps/benchmarks/experiments/paper_daghar_supervised_3runs_perlr_samples_down_seed_resnetse5_12345/logs/id_95b6026d8e76/final,519281bf0c,/workspaces/HIAAC-KR-Dev-Container/Minerva-Exps/benchmarks/experiments/paper_daghar_supervised_3runs_perlr_samples_down_seed_resnetse5_12345/logs/id_95b6026d8e76/final/metrics_2025-11-10-16-16-519281bf0c.yaml,/workspaces/HIAAC-KR-Dev-Container/Minerva-Exps/benchmarks/experiments/paper_daghar_supervised_3runs_perlr_samples_down_seed_resnetse5_12345/logs/id_95b6026d8e76/final/run_2025-11-10-16-16-519281bf0c.yaml,0.6843317747116089,0.7174994349479675,0.6071361303329468,0.6843317747116089,0.6843317747116089,0.7174994349479675
evaluate_resnetse5,id_bd218bd9ceb4,id_726249a3909e,completed,1,True,id_612c26209f9f,supervised,resnetse5,full_finetune_lr2,id_15e99c1e61ae,multimodal_df,daghar_standardized_balanced,rw_thigh,test,,multimodal_perc_100,id_daa7333eb2f8,har,evaluate,full_run,/workspaces/HIAAC-KR-Dev-Container/Minerva-Exps/benchmarks/experiments/paper_daghar_supervised_3runs_perlr_samples_down_seed_resnetse5_12345/logs/id_bd218bd9ceb4/final,364b6a4798,/workspaces/HIAAC-KR-Dev-Container/Minerva-Exps/benchmarks/experiments/paper_daghar_supervised_3runs_perlr_samples_down_seed_resnetse5_12345/logs/id_bd218bd9ceb4/final/metrics_2025-11-10-16-34-364b6a4798.yaml,/workspaces/HIAAC-KR-Dev-Container/Minerva-Exps/benchmarks/experiments/paper_daghar_supervised_3runs_perlr_samples_down_seed_resnetse5_12345/logs/id_bd218bd9ceb4/final/run_2025-11-10-16-34-364b6a4798.yaml,0.6062802076339722,0.6989815831184387,0.5604413747787476,0.6062802076339722,0.6062802076339722,0.5824846029281616
evaluate_resnetse5,id_60bb0e78b472,id_4a0ed89a89c9,completed,1,True,id_612c26209f9f,supervised,resnetse5,full_finetune_lr2,id_1538479d89f1,multimodal_df,daghar_standardized_balanced,wisdm,test,,multimodal_perc_100,id_daa7333eb2f8,har,evaluate,full_run,/workspaces/HIAAC-KR-Dev-Container/Minerva-Exps/benchmarks/experiments/paper_daghar_supervised_3runs_perlr_samples_down_seed_resnetse5_12345/logs/id_60bb0e78b472/final,44cf3c59db,/workspaces/HIAAC-KR-Dev-Container/Minerva-Exps/benchmarks/experiments/paper_daghar_supervised_3runs_perlr_samples_down_seed_resnetse5_12345/logs/id_60bb0e78b472/final/metrics_2025-11-10-15-54-44cf3c59db.yaml,/workspaces/HIAAC-KR-Dev-Container/Minerva-Exps/benchmarks/experiments/paper_daghar_supervised_3runs_perlr_samples_down_seed_resnetse5_12345/logs/id_60bb0e78b472/final/run_2025-11-10-15-54-44cf3c59db.yaml,0.7073732614517212,0.723563551902771,0.6322718858718872,0.7073732614517212,0.7073732614517212,0.723563551902771
train_resnetse5,id_6144188361d6,,completed,0,False,id_a619266c470c,supervised,resnetse5,full_finetune_lr4,id_03f958408f87,multimodal_df,daghar_standardized_balanced,uci,train,config_0,multimodal_samples_010,id_7d268895569b,har,train,full_run,/workspaces/HIAAC-KR-Dev-Container/Minerva-Exps/benchmarks/experiments/paper_daghar_supervised_3runs_perlr_samples_down_seed_resnetse5_12345/logs/id_6144188361d6/final,,,,,,,,,
train_resnetse5,id_1c4155a604e0,,completed,0,False,id_01c6663a52ec,supervised,resnetse5,full_finetune_lr3,id_d05d4d1d48a9,multimodal_df,daghar_standardized_balanced,rw_thigh,train,config_0,multimodal_samples_200_2,id_7d268895569b,har,train,full_run,/workspaces/HIAAC-KR-Dev-Container/Minerva-Exps/benchmarks/experiments/paper_daghar_supervised_3runs_perlr_samples_down_seed_resnetse5_12345/logs/id_1c4155a604e0/final,,,,,,,,,
train_resnetse5,id_fe8ac4a82f9b,,completed,0,False,id_01c6663a52ec,supervised,resnetse5,full_finetune_lr3,id_b74337b9bf17,multimodal_df,daghar_standardized_balanced,rw_thigh,train,config_0,multimodal_samples_001_3,id_7d268895569b,har,train,full_run,/workspaces/HIAAC-KR-Dev-Container/Minerva-Exps/benchmarks/experiments/paper_daghar_supervised_3runs_perlr_samples_down_seed_resnetse5_12345/logs/id_fe8ac4a82f9b/final,,,,,,,,,
train_resnetse5,id_3aec4f52ab8b,,completed,0,False,id_612c26209f9f,supervised,resnetse5,full_finetune_lr2,id_94f746b04a62,multimodal_df,daghar_standardized_balanced,motionsense,train,config_0,multimodal_samples_200_2,id_7d268895569b,har,train,full_run,/workspaces/HIAAC-KR-Dev-Container/Minerva-Exps/benchmarks/experiments/paper_daghar_supervised_3runs_perlr_samples_down_seed_resnetse5_12345/logs/id_3aec4f52ab8b/final,,,,,,,,,
train_resnetse5,id_b6a9ffdb3b67,,completed,0,False,id_612c26209f9f,supervised,resnetse5,full_finetune_lr2,id_d55a47551268,multimodal_df,daghar_standardized_balanced,rw_thigh,train,config_0,multimodal_samples_100_2,id_7d268895569b,har,train,full_run,/workspaces/HIAAC-KR-Dev-Container/Minerva-Exps/benchmarks/experiments/paper_daghar_supervised_3runs_perlr_samples_down_seed_resnetse5_12345/logs/id_b6a9ffdb3b67/final,,,,,,,,,
train_resnetse5,id_ce70888ba228,,completed,0,False,id_3f47675df06f,supervised,resnetse5,full_finetune_lr5,id_b2e8ece61834,multimodal_df,daghar_standardized_balanced,wisdm,train,config_0,multimodal_perc_100_3,id_7d268895569b,har,train,full_run,/workspaces/HIAAC-KR-Dev-Container/Minerva-Exps/benchmarks/experiments/paper_daghar_supervised_3runs_perlr_samples_down_seed_resnetse5_12345/logs/id_ce70888ba228/final,,,,,,,,,
train_resnetse5,id_e34923979a94,,completed,0,False,id_612c26209f9f,supervised,resnetse5,full_finetune_lr2,id_cd8d01e2da59,multimodal_df,daghar_standardized_balanced,uci,train,config_0,multimodal_samples_025_2,id_7d268895569b,har,train,full_run,/workspaces/HIAAC-KR-Dev-Container/Minerva-Exps/benchmarks/experiments/paper_daghar_supervised_3runs_perlr_samples_down_seed_resnetse5_12345/logs/id_e34923979a94/final,,,,,,,,,
evaluate_resnetse5,id_49fa36150f15,id_8da37f23d833,completed,1,True,id_01c6663a52ec,supervised,resnetse5,full_finetune_lr3,id_010187ba04f0,multimodal_df,daghar_standardized_balanced,wisdm,test,,multimodal_perc_100,id_daa7333eb2f8,har,evaluate,full_run,/workspaces/HIAAC-KR-Dev-Container/Minerva-Exps/benchmarks/experiments/paper_daghar_supervised_3runs_perlr_samples_down_seed_resnetse5_12345/logs/id_49fa36150f15/final,2385b6cd5d,/workspaces/HIAAC-KR-Dev-Container/Minerva-Exps/benchmarks/experiments/paper_daghar_supervised_3runs_perlr_samples_down_seed_resnetse5_12345/logs/id_49fa36150f15/final/metrics_2025-11-10-15-43-2385b6cd5d.yaml,/workspaces/HIAAC-KR-Dev-Container/Minerva-Exps/benchmarks/experiments/paper_daghar_supervised_3runs_perlr_samples_down_seed_resnetse5_12345/logs/id_49fa36150f15/final/run_2025-11-10-15-43-2385b6cd5d.yaml,0.8594470024108887,0.8613778948783875,0.859496533870697,0.8594470024108887,0.8594470024108887,0.8613778948783875
train_resnetse5,id_cff55e57c6ef,,completed,0,False,id_3f47675df06f,supervised,resnetse5,full_finetune_lr5,id_7df0892adc07,multimodal_df,daghar_standardized_balanced,rw_thigh,train,config_0,multimodal_samples_005,id_7d268895569b,har,train,full_run,/workspaces/HIAAC-KR-Dev-Container/Minerva-Exps/benchmarks/experiments/paper_daghar_supervised_3runs_perlr_samples_down_seed_resnetse5_12345/logs/id_cff55e57c6ef/final,,,,,,,,,
evaluate_resnetse5,id_3820265b85b4,id_b6a9ffdb3b67,completed,1,True,id_612c26209f9f,supervised,resnetse5,full_finetune_lr2,id_db3d861bdbdc,multimodal_df,daghar_standardized_balanced,rw_thigh,test,,multimodal_perc_100,id_daa7333eb2f8,har,evaluate,full_run,/workspaces/HIAAC-KR-Dev-Container/Minerva-Exps/benchmarks/experiments/paper_daghar_supervised_3runs_perlr_samples_down_seed_resnetse5_12345/logs/id_3820265b85b4/final,550a8e941b,/workspaces/HIAAC-KR-Dev-Container/Minerva-Exps/benchmarks/experiments/paper_daghar_supervised_3runs_perlr_samples_down_seed_resnetse5_12345/logs/id_3820265b85b4/final/metrics_2025-11-10-15-35-550a8e941b.yaml,/workspaces/HIAAC-KR-Dev-Container/Minerva-Exps/benchmarks/experiments/paper_daghar_supervised_3runs_perlr_samples_down_seed_resnetse5_12345/logs/id_3820265b85b4/final/run_2025-11-10-15-35-550a8e941b.yaml,0.7080745100975037,0.739966869354248,0.7103981971740723,0.7080745100975037,0.7080745697021484,0.739966869354248
train_resnetse5,id_6aeb22db7681,,completed,0,False,id_51a779f741ee,supervised,resnetse5,full_finetune_lr1,id_8eaba78f5c3b,multimodal_df,daghar_standardized_balanced,kuhar,train,config_0,multimodal_samples_025_3,id_7d268895569b,har,train,full_run,/workspaces/HIAAC-KR-Dev-Container/Minerva-Exps/benchmarks/experiments/paper_daghar_supervised_3runs_perlr_samples_down_seed_resnetse5_12345/logs/id_6aeb22db7681/final,,,,,,,,,
train_resnetse5,id_d55b37443510,,completed,0,False,id_01c6663a52ec,supervised,resnetse5,full_finetune_lr3,id_eb44f9c784ea,multimodal_df,daghar_standardized_balanced,rw_waist,train,config_0,multimodal_samples_005_2,id_7d268895569b,har,train,full_run,/workspaces/HIAAC-KR-Dev-Container/Minerva-Exps/benchmarks/experiments/paper_daghar_supervised_3runs_perlr_samples_down_seed_resnetse5_12345/logs/id_d55b37443510/final,,,,,,,,,
train_resnetse5,id_d28bf9ce4f8f,,completed,0,False,id_a619266c470c,supervised,resnetse5,full_finetune_lr4,id_650e37922e7e,multimodal_df,daghar_standardized_balanced,motionsense,train,config_0,multimodal_samples_025,id_7d268895569b,har,train,full_run,/workspaces/HIAAC-KR-Dev-Container/Minerva-Exps/benchmarks/experiments/paper_daghar_supervised_3runs_perlr_samples_down_seed_resnetse5_12345/logs/id_d28bf9ce4f8f/final,,,,,,,,,
train_resnetse5,id_1424e06c9b0f,,completed,0,False,id_612c26209f9f,supervised,resnetse5,full_finetune_lr2,id_f50c99792caa,multimodal_df,daghar_standardized_balanced,uci,train,config_0,multimodal_samples_001_3,id_7d268895569b,har,train,full_run,/workspaces/HIAAC-KR-Dev-Container/Minerva-Exps/benchmarks/experiments/paper_daghar_supervised_3runs_perlr_samples_down_seed_resnetse5_12345/logs/id_1424e06c9b0f/final,,,,,,,,,
train_resnetse5,id_f4c63b430574,,completed,0,False,id_a619266c470c,supervised,resnetse5,full_finetune_lr4,id_dbf308c611cc,multimodal_df,daghar_standardized_balanced,motionsense,train,config_0,multimodal_samples_025_3,id_7d268895569b,har,train,full_run,/workspaces/HIAAC-KR-Dev-Container/Minerva-Exps/benchmarks/experiments/paper_daghar_supervised_3runs_perlr_samples_down_seed_resnetse5_12345/logs/id_f4c63b430574/final,,,,,,,,,
train_resnetse5,id_9aad80c01457,,completed,0,False,id_51a779f741ee,supervised,resnetse5,full_finetune_lr1,id_2bd430b767f1,multimodal_df,daghar_standardized_balanced,motionsense,train,config_0,multimodal_samples_100_3,id_7d268895569b,har,train,full_run,/workspaces/HIAAC-KR-Dev-Container/Minerva-Exps/benchmarks/experiments/paper_daghar_supervised_3runs_perlr_samples_down_seed_resnetse5_12345/logs/id_9aad80c01457/final,,,,,,,,,
evaluate_resnetse5,id_b67d7333af35,id_49e2b6aadd28,completed,1,True,id_a619266c470c,supervised,resnetse5,full_finetune_lr4,id_4a334689f88e,multimodal_df,daghar_standardized_balanced,uci,test,,multimodal_perc_100,id_daa7333eb2f8,har,evaluate,full_run,/workspaces/HIAAC-KR-Dev-Container/Minerva-Exps/benchmarks/experiments/paper_daghar_supervised_3runs_perlr_samples_down_seed_resnetse5_12345/logs/id_b67d7333af35/final,54b1aa0f76,/workspaces/HIAAC-KR-Dev-Container/Minerva-Exps/benchmarks/experiments/paper_daghar_supervised_3runs_perlr_samples_down_seed_resnetse5_12345/logs/id_b67d7333af35/final/metrics_2025-11-10-16-31-54b1aa0f76.yaml,/workspaces/HIAAC-KR-Dev-Container/Minerva-Exps/benchmarks/experiments/paper_daghar_supervised_3runs_perlr_samples_down_seed_resnetse5_12345/logs/id_b67d7333af35/final/run_2025-11-10-16-31-54b1aa0f76.yaml,0.9057971239089966,0.9163497686386108,0.9045549631118774,0.9057971239089966,0.9057971239089966,0.9163498282432556
evaluate_resnetse5,id_06019e52be8c,id_939c404972c1,completed,1,True,id_3f47675df06f,supervised,resnetse5,full_finetune_lr5,id_716d4bf10533,multimodal_df,daghar_standardized_balanced,rw_waist,test,,multimodal_perc_100,id_daa7333eb2f8,har,evaluate,full_run,/workspaces/HIAAC-KR-Dev-Container/Minerva-Exps/benchmarks/experiments/paper_daghar_supervised_3runs_perlr_samples_down_seed_resnetse5_12345/logs/id_06019e52be8c/final,19dfcbe317,/workspaces/HIAAC-KR-Dev-Container/Minerva-Exps/benchmarks/experiments/paper_daghar_supervised_3runs_perlr_samples_down_seed_resnetse5_12345/logs/id_06019e52be8c/final/metrics_2025-11-10-15-16-19dfcbe317.yaml,/workspaces/HIAAC-KR-Dev-Container/Minerva-Exps/benchmarks/experiments/paper_daghar_supervised_3runs_perlr_samples_down_seed_resnetse5_12345/logs/id_06019e52be8c/final/run_2025-11-10-15-16-19dfcbe317.yaml,0.6766975522041321,0.6888445019721985,0.6501457095146179,0.6766975522041321,0.6766974925994873,0.6888444423675537
evaluate_resnetse5,id_f02b4f5a4565,id_690fd8639137,completed,1,True,id_612c26209f9f,supervised,resnetse5,full_finetune_lr2,id_adc654d5844a,multimodal_df,daghar_standardized_balanced,kuhar,test,,multimodal_perc_100,id_daa7333eb2f8,har,evaluate,full_run,/workspaces/HIAAC-KR-Dev-Container/Minerva-Exps/benchmarks/experiments/paper_daghar_supervised_3runs_perlr_samples_down_seed_resnetse5_12345/logs/id_f02b4f5a4565/final,12d1addb08,/workspaces/HIAAC-KR-Dev-Container/Minerva-Exps/benchmarks/experiments/paper_daghar_supervised_3runs_perlr_samples_down_seed_resnetse5_12345/logs/id_f02b4f5a4565/final/metrics_2025-11-10-17-00-12d1addb08.yaml,/workspaces/HIAAC-KR-Dev-Container/Minerva-Exps/benchmarks/experiments/paper_daghar_supervised_3runs_perlr_samples_down_seed_resnetse5_12345/logs/id_f02b4f5a4565/final/run_2025-11-10-17-00-12d1addb08.yaml,0.7152777910232544,0.7694332003593445,0.657534122467041,0.7152777910232544,0.7152777910232544,0.6411943435668945
evaluate_resnetse5,id_69305e2e8827,id_e032290f51db,completed,1,True,id_a619266c470c,supervised,resnetse5,full_finetune_lr4,id_e23f856a5c17,multimodal_df,daghar_standardized_balanced,uci,test,,multimodal_perc_100,id_daa7333eb2f8,har,evaluate,full_run,/workspaces/HIAAC-KR-Dev-Container/Minerva-Exps/benchmarks/experiments/paper_daghar_supervised_3runs_perlr_samples_down_seed_resnetse5_12345/logs/id_69305e2e8827/final,59be0f6e68,/workspaces/HIAAC-KR-Dev-Container/Minerva-Exps/benchmarks/experiments/paper_daghar_supervised_3runs_perlr_samples_down_seed_resnetse5_12345/logs/id_69305e2e8827/final/metrics_2025-11-10-15-57-59be0f6e68.yaml,/workspaces/HIAAC-KR-Dev-Container/Minerva-Exps/benchmarks/experiments/paper_daghar_supervised_3runs_perlr_samples_down_seed_resnetse5_12345/logs/id_69305e2e8827/final/run_2025-11-10-15-57-59be0f6e68.yaml,0.9449275135993958,0.9494476318359375,0.9445079565048218,0.9449275135993958,0.9449275135993958,0.9494476914405823
evaluate_resnetse5,id_57693850fc59,id_6c52348a4d36,completed,1,True,id_3f47675df06f,supervised,resnetse5,full_finetune_lr5,id_87f43aa82530,multimodal_df,daghar_standardized_balanced,rw_waist,test,,multimodal_perc_100,id_daa7333eb2f8,har,evaluate,full_run,/workspaces/HIAAC-KR-Dev-Container/Minerva-Exps/benchmarks/experiments/paper_daghar_supervised_3runs_perlr_samples_down_seed_resnetse5_12345/logs/id_57693850fc59/final,48fb90c24c,/workspaces/HIAAC-KR-Dev-Container/Minerva-Exps/benchmarks/experiments/paper_daghar_supervised_3runs_perlr_samples_down_seed_resnetse5_12345/logs/id_57693850fc59/final/metrics_2025-11-10-15-50-48fb90c24c.yaml,/workspaces/HIAAC-KR-Dev-Container/Minerva-Exps/benchmarks/experiments/paper_daghar_supervised_3runs_perlr_samples_down_seed_resnetse5_12345/logs/id_57693850fc59/final/run_2025-11-10-15-50-48fb90c24c.yaml,0.7118055820465088,0.7383233904838562,0.7027059197425842,0.7118055820465088,0.7118055820465088,0.7383233308792114
train_resnetse5,id_b33616c6ef40,,completed,0,False,id_01c6663a52ec,supervised,resnetse5,full_finetune_lr3,id_5dfa1c7b49ec,multimodal_df,daghar_standardized_balanced,rw_thigh,train,config_0,multimodal_samples_200,id_7d268895569b,har,train,full_run,/workspaces/HIAAC-KR-Dev-Container/Minerva-Exps/benchmarks/experiments/paper_daghar_supervised_3runs_perlr_samples_down_seed_resnetse5_12345/logs/id_b33616c6ef40/final,,,,,,,,,
evaluate_resnetse5,id_fdbe4001b0c7,id_54a4403ff117,completed,1,True,id_612c26209f9f,supervised,resnetse5,full_finetune_lr2,id_d89e1ef65d48,multimodal_df,daghar_standardized_balanced,motionsense,test,,multimodal_perc_100,id_daa7333eb2f8,har,evaluate,full_run,/workspaces/HIAAC-KR-Dev-Container/Minerva-Exps/benchmarks/experiments/paper_daghar_supervised_3runs_perlr_samples_down_seed_resnetse5_12345/logs/id_fdbe4001b0c7/final,53746cbb69,/workspaces/HIAAC-KR-Dev-Container/Minerva-Exps/benchmarks/experiments/paper_daghar_supervised_3runs_perlr_samples_down_seed_resnetse5_12345/logs/id_fdbe4001b0c7/final/metrics_2025-11-10-17-04-53746cbb69.yaml,/workspaces/HIAAC-KR-Dev-Container/Minerva-Exps/benchmarks/experiments/paper_daghar_supervised_3runs_perlr_samples_down_seed_resnetse5_12345/logs/id_fdbe4001b0c7/final/run_2025-11-10-17-04-53746cbb69.yaml,0.1666666716337204,0.1666666716337204,0.0476190485060215,0.1666666716337204,0.1666666716337204,0.02777777798473835
evaluate_resnetse5,id_170099a001fa,id_3f4489946695,completed,1,True,id_01c6663a52ec,supervised,resnetse5,full_finetune_lr3,id_716d4bf10533,multimodal_df,daghar_standardized_balanced,rw_waist,test,,multimodal_perc_100,id_daa7333eb2f8,har,evaluate,full_run,/workspaces/HIAAC-KR-Dev-Container/Minerva-Exps/benchmarks/experiments/paper_daghar_supervised_3runs_perlr_samples_down_seed_resnetse5_12345/logs/id_170099a001fa/final,11bba6e7de,/workspaces/HIAAC-KR-Dev-Container/Minerva-Exps/benchmarks/experiments/paper_daghar_supervised_3runs_perlr_samples_down_seed_resnetse5_12345/logs/id_170099a001fa/final/metrics_2025-11-10-15-23-11bba6e7de.yaml,/workspaces/HIAAC-KR-Dev-Container/Minerva-Exps/benchmarks/experiments/paper_daghar_supervised_3runs_perlr_samples_down_seed_resnetse5_12345/logs/id_170099a001fa/final/run_2025-11-10-15-23-11bba6e7de.yaml,0.6712962985038757,0.6983582973480225,0.6763674020767212,0.6712962985038757,0.6712962985038757,0.6983582973480225
evaluate_resnetse5,id_e796a6f342c4,id_800acb7b328c,completed,1,True,id_612c26209f9f,supervised,resnetse5,full_finetune_lr2,id_f25979dfe211,multimodal_df,daghar_standardized_balanced,uci,test,,multimodal_perc_100,id_daa7333eb2f8,har,evaluate,full_run,/workspaces/HIAAC-KR-Dev-Container/Minerva-Exps/benchmarks/experiments/paper_daghar_supervised_3runs_perlr_samples_down_seed_resnetse5_12345/logs/id_e796a6f342c4/final,178885b0dc,/workspaces/HIAAC-KR-Dev-Container/Minerva-Exps/benchmarks/experiments/paper_daghar_supervised_3runs_perlr_samples_down_seed_resnetse5_12345/logs/id_e796a6f342c4/final/metrics_2025-11-10-16-54-178885b0dc.yaml,/workspaces/HIAAC-KR-Dev-Container/Minerva-Exps/benchmarks/experiments/paper_daghar_supervised_3runs_perlr_samples_down_seed_resnetse5_12345/logs/id_e796a6f342c4/final/run_2025-11-10-16-54-178885b0dc.yaml,0.7855072617530823,0.787389874458313,0.7851593494415283,0.7855072617530823,0.7855072021484375,0.787389874458313
evaluate_resnetse5,id_e76b5d7f2f73,id_3c7455e86fa1,completed,1,True,id_51a779f741ee,supervised,resnetse5,full_finetune_lr1,id_15e99c1e61ae,multimodal_df,daghar_standardized_balanced,rw_thigh,test,,multimodal_perc_100,id_daa7333eb2f8,har,evaluate,full_run,/workspaces/HIAAC-KR-Dev-Container/Minerva-Exps/benchmarks/experiments/paper_daghar_supervised_3runs_perlr_samples_down_seed_resnetse5_12345/logs/id_e76b5d7f2f73/final,16bf11d2c6,/workspaces/HIAAC-KR-Dev-Container/Minerva-Exps/benchmarks/experiments/paper_daghar_supervised_3runs_perlr_samples_down_seed_resnetse5_12345/logs/id_e76b5d7f2f73/final/metrics_2025-11-10-16-54-16bf11d2c6.yaml,/workspaces/HIAAC-KR-Dev-Container/Minerva-Exps/benchmarks/experiments/paper_daghar_supervised_3runs_perlr_samples_down_seed_resnetse5_12345/logs/id_e76b5d7f2f73/final/run_2025-11-10-16-54-16bf11d2c6.yaml,0.5955831408500671,0.6892202496528625,0.5441670417785645,0.5955831408500671,0.5955831408500671,0.5743502378463745
train_resnetse5,id_4fee3e065715,,completed,0,False,id_a619266c470c,supervised,resnetse5,full_finetune_lr4,id_20dbdedc5e50,multimodal_df,daghar_standardized_balanced,rw_waist,train,config_0,multimodal_perc_100_3,id_7d268895569b,har,train,full_run,/workspaces/HIAAC-KR-Dev-Container/Minerva-Exps/benchmarks/experiments/paper_daghar_supervised_3runs_perlr_samples_down_seed_resnetse5_12345/logs/id_4fee3e065715/final,,,,,,,,,
evaluate_resnetse5,id_978be4d41c33,id_31b7f87a7f18,completed,1,True,id_51a779f741ee,supervised,resnetse5,full_finetune_lr1,id_ea95c25c903d,multimodal_df,daghar_standardized_balanced,wisdm,test,,multimodal_perc_100,id_daa7333eb2f8,har,evaluate,full_run,/workspaces/HIAAC-KR-Dev-Container/Minerva-Exps/benchmarks/experiments/paper_daghar_supervised_3runs_perlr_samples_down_seed_resnetse5_12345/logs/id_978be4d41c33/final,25a13ebdc6,/workspaces/HIAAC-KR-Dev-Container/Minerva-Exps/benchmarks/experiments/paper_daghar_supervised_3runs_perlr_samples_down_seed_resnetse5_12345/logs/id_978be4d41c33/final/metrics_2025-11-10-16-17-25a13ebdc6.yaml,/workspaces/HIAAC-KR-Dev-Container/Minerva-Exps/benchmarks/experiments/paper_daghar_supervised_3runs_perlr_samples_down_seed_resnetse5_12345/logs/id_978be4d41c33/final/run_2025-11-10-16-17-25a13ebdc6.yaml,0.7730414867401123,0.7702410817146301,0.7714415788650513,0.7730414867401123,0.7730414867401123,0.7702411413192749
evaluate_resnetse5,id_45a5ef65e829,id_e3c319a735b9,completed,1,True,id_612c26209f9f,supervised,resnetse5,full_finetune_lr2,id_509ed146099d,multimodal_df,daghar_standardized_balanced,wisdm,test,,multimodal_perc_100,id_daa7333eb2f8,har,evaluate,full_run,/workspaces/HIAAC-KR-Dev-Container/Minerva-Exps/benchmarks/experiments/paper_daghar_supervised_3runs_perlr_samples_down_seed_resnetse5_12345/logs/id_45a5ef65e829/final,40fe45933b,/workspaces/HIAAC-KR-Dev-Container/Minerva-Exps/benchmarks/experiments/paper_daghar_supervised_3runs_perlr_samples_down_seed_resnetse5_12345/logs/id_45a5ef65e829/final/metrics_2025-11-10-15-41-40fe45933b.yaml,/workspaces/HIAAC-KR-Dev-Container/Minerva-Exps/benchmarks/experiments/paper_daghar_supervised_3runs_perlr_samples_down_seed_resnetse5_12345/logs/id_45a5ef65e829/final/run_2025-11-10-15-41-40fe45933b.yaml,0.25,0.2381126582622528,0.16129831969738007,0.25,0.25,0.1190563291311264
evaluate_resnetse5,id_242c1e368c0f,id_a004399169e1,completed,1,True,id_01c6663a52ec,supervised,resnetse5,full_finetune_lr3,id_b309bd62c1bf,multimodal_df,daghar_standardized_balanced,motionsense,test,,multimodal_perc_100,id_daa7333eb2f8,har,evaluate,full_run,/workspaces/HIAAC-KR-Dev-Container/Minerva-Exps/benchmarks/experiments/paper_daghar_supervised_3runs_perlr_samples_down_seed_resnetse5_12345/logs/id_242c1e368c0f/final,0765b652ed,/workspaces/HIAAC-KR-Dev-Container/Minerva-Exps/benchmarks/experiments/paper_daghar_supervised_3runs_perlr_samples_down_seed_resnetse5_12345/logs/id_242c1e368c0f/final/metrics_2025-11-10-15-29-0765b652ed.yaml,/workspaces/HIAAC-KR-Dev-Container/Minerva-Exps/benchmarks/experiments/paper_daghar_supervised_3runs_perlr_samples_down_seed_resnetse5_12345/logs/id_242c1e368c0f/final/run_2025-11-10-15-29-0765b652ed.yaml,0.7344632744789124,0.7987365126609802,0.6805741786956787,0.7344632744789124,0.7344632744789124,0.6656137704849243
train_resnetse5,id_2034d4cbe948,,completed,0,False,id_51a779f741ee,supervised,resnetse5,full_finetune_lr1,id_98a30d23c42b,multimodal_df,daghar_standardized_balanced,rw_waist,train,config_0,multimodal_samples_001,id_7d268895569b,har,train,full_run,/workspaces/HIAAC-KR-Dev-Container/Minerva-Exps/benchmarks/experiments/paper_daghar_supervised_3runs_perlr_samples_down_seed_resnetse5_12345/logs/id_2034d4cbe948/final,,,,,,,,,
train_resnetse5,id_6fcdbd02b030,,completed,0,False,id_3f47675df06f,supervised,resnetse5,full_finetune_lr5,id_e959f1474a75,multimodal_df,daghar_standardized_balanced,wisdm,train,config_0,multimodal_perc_100,id_7d268895569b,har,train,full_run,/workspaces/HIAAC-KR-Dev-Container/Minerva-Exps/benchmarks/experiments/paper_daghar_supervised_3runs_perlr_samples_down_seed_resnetse5_12345/logs/id_6fcdbd02b030/final,,,,,,,,,
train_resnetse5,id_7ec1f98eddd9,,completed,0,False,id_a619266c470c,supervised,resnetse5,full_finetune_lr4,id_5a4fe85324f7,multimodal_df,daghar_standardized_balanced,kuhar,train,config_0,multimodal_samples_001_3,id_7d268895569b,har,train,full_run,/workspaces/HIAAC-KR-Dev-Container/Minerva-Exps/benchmarks/experiments/paper_daghar_supervised_3runs_perlr_samples_down_seed_resnetse5_12345/logs/id_7ec1f98eddd9/final,,,,,,,,,
evaluate_resnetse5,id_3edca79b1447,id_8d1ad1f83ca4,completed,1,True,id_01c6663a52ec,supervised,resnetse5,full_finetune_lr3,id_41d1c87a910c,multimodal_df,daghar_standardized_balanced,rw_waist,test,,multimodal_perc_100,id_daa7333eb2f8,har,evaluate,full_run,/workspaces/HIAAC-KR-Dev-Container/Minerva-Exps/benchmarks/experiments/paper_daghar_supervised_3runs_perlr_samples_down_seed_resnetse5_12345/logs/id_3edca79b1447/final,55f6da2cd1,/workspaces/HIAAC-KR-Dev-Container/Minerva-Exps/benchmarks/experiments/paper_daghar_supervised_3runs_perlr_samples_down_seed_resnetse5_12345/logs/id_3edca79b1447/final/metrics_2025-11-10-15-37-55f6da2cd1.yaml,/workspaces/HIAAC-KR-Dev-Container/Minerva-Exps/benchmarks/experiments/paper_daghar_supervised_3runs_perlr_samples_down_seed_resnetse5_12345/logs/id_3edca79b1447/final/run_2025-11-10-15-37-55f6da2cd1.yaml,0.5609567761421204,0.5857981443405151,0.4975615441799164,0.5609567761421204,0.5609567761421204,0.5857981443405151
train_resnetse5,id_8955067b3290,,completed,0,False,id_612c26209f9f,supervised,resnetse5,full_finetune_lr2,id_c6b7ed4cb494,multimodal_df,daghar_standardized_balanced,rw_waist,train,config_0,multimodal_samples_200,id_7d268895569b,har,train,full_run,/workspaces/HIAAC-KR-Dev-Container/Minerva-Exps/benchmarks/experiments/paper_daghar_supervised_3runs_perlr_samples_down_seed_resnetse5_12345/logs/id_8955067b3290/final,,,,,,,,,
train_resnetse5,id_4d172d447b47,,completed,0,False,id_a619266c470c,supervised,resnetse5,full_finetune_lr4,id_2bd430b767f1,multimodal_df,daghar_standardized_balanced,motionsense,train,config_0,multimodal_samples_100_3,id_7d268895569b,har,train,full_run,/workspaces/HIAAC-KR-Dev-Container/Minerva-Exps/benchmarks/experiments/paper_daghar_supervised_3runs_perlr_samples_down_seed_resnetse5_12345/logs/id_4d172d447b47/final,,,,,,,,,
evaluate_resnetse5,id_65b0dfcf8d1c,id_78bf33e0b62a,completed,1,True,id_a619266c470c,supervised,resnetse5,full_finetune_lr4,id_9eaadd7e896e,multimodal_df,daghar_standardized_balanced,wisdm,test,,multimodal_perc_100,id_daa7333eb2f8,har,evaluate,full_run,/workspaces/HIAAC-KR-Dev-Container/Minerva-Exps/benchmarks/experiments/paper_daghar_supervised_3runs_perlr_samples_down_seed_resnetse5_12345/logs/id_65b0dfcf8d1c/final,01612a7eee,/workspaces/HIAAC-KR-Dev-Container/Minerva-Exps/benchmarks/experiments/paper_daghar_supervised_3runs_perlr_samples_down_seed_resnetse5_12345/logs/id_65b0dfcf8d1c/final/metrics_2025-11-10-15-56-01612a7eee.yaml,/workspaces/HIAAC-KR-Dev-Container/Minerva-Exps/benchmarks/experiments/paper_daghar_supervised_3runs_perlr_samples_down_seed_resnetse5_12345/logs/id_65b0dfcf8d1c/final/run_2025-11-10-15-56-01612a7eee.yaml,0.3087557554244995,0.1823495328426361,0.2230224460363388,0.3087557554244995,0.3087557554244995,0.1823495328426361
train_resnetse5,id_dc4e18069998,,completed,0,False,id_612c26209f9f,supervised,resnetse5,full_finetune_lr2,id_3879140ea3fb,multimodal_df,daghar_standardized_balanced,rw_thigh,train,config_0,multimodal_samples_010_2,id_7d268895569b,har,train,full_run,/workspaces/HIAAC-KR-Dev-Container/Minerva-Exps/benchmarks/experiments/paper_daghar_supervised_3runs_perlr_samples_down_seed_resnetse5_12345/logs/id_dc4e18069998/final,,,,,,,,,
evaluate_resnetse5,id_59cd46da553f,id_60fdd872eb4c,completed,1,True,id_51a779f741ee,supervised,resnetse5,full_finetune_lr1,id_454a58be45a5,multimodal_df,daghar_standardized_balanced,uci,test,,multimodal_perc_100,id_daa7333eb2f8,har,evaluate,full_run,/workspaces/HIAAC-KR-Dev-Container/Minerva-Exps/benchmarks/experiments/paper_daghar_supervised_3runs_perlr_samples_down_seed_resnetse5_12345/logs/id_59cd46da553f/final,5841a1cc15,/workspaces/HIAAC-KR-Dev-Container/Minerva-Exps/benchmarks/experiments/paper_daghar_supervised_3runs_perlr_samples_down_seed_resnetse5_12345/logs/id_59cd46da553f/final/metrics_2025-11-10-15-51-5841a1cc15.yaml,/workspaces/HIAAC-KR-Dev-Container/Minerva-Exps/benchmarks/experiments/paper_daghar_supervised_3runs_perlr_samples_down_seed_resnetse5_12345/logs/id_59cd46da553f/final/run_2025-11-10-15-51-5841a1cc15.yaml,0.7623188495635986,0.8281571865081787,0.695590615272522,0.7623188495635986,0.7623189091682434,0.6625257730484009
train_resnetse5,id_447d8f6c2328,,completed,0,False,id_a619266c470c,supervised,resnetse5,full_finetune_lr4,id_f726969cec7e,multimodal_df,daghar_standardized_balanced,kuhar,train,config_0,multimodal_perc_100_3,id_7d268895569b,har,train,full_run,/workspaces/HIAAC-KR-Dev-Container/Minerva-Exps/benchmarks/experiments/paper_daghar_supervised_3runs_perlr_samples_down_seed_resnetse5_12345/logs/id_447d8f6c2328/final,,,,,,,,,
train_resnetse5,id_47321c2f5ee0,,completed,0,False,id_a619266c470c,supervised,resnetse5,full_finetune_lr4,id_d68570b59c0c,multimodal_df,daghar_standardized_balanced,motionsense,train,config_0,multimodal_samples_050_2,id_7d268895569b,har,train,full_run,/workspaces/HIAAC-KR-Dev-Container/Minerva-Exps/benchmarks/experiments/paper_daghar_supervised_3runs_perlr_samples_down_seed_resnetse5_12345/logs/id_47321c2f5ee0/final,,,,,,,,,
evaluate_resnetse5,id_509a10dc37f3,id_30c8f255c9d0,completed,1,True,id_3f47675df06f,supervised,resnetse5,full_finetune_lr5,id_326053c8c3a8,multimodal_df,daghar_standardized_balanced,rw_thigh,test,,multimodal_perc_100,id_daa7333eb2f8,har,evaluate,full_run,/workspaces/HIAAC-KR-Dev-Container/Minerva-Exps/benchmarks/experiments/paper_daghar_supervised_3runs_perlr_samples_down_seed_resnetse5_12345/logs/id_509a10dc37f3/final,48919f7e2d,/workspaces/HIAAC-KR-Dev-Container/Minerva-Exps/benchmarks/experiments/paper_daghar_supervised_3runs_perlr_samples_down_seed_resnetse5_12345/logs/id_509a10dc37f3/final/metrics_2025-11-10-15-46-48919f7e2d.yaml,/workspaces/HIAAC-KR-Dev-Container/Minerva-Exps/benchmarks/experiments/paper_daghar_supervised_3runs_perlr_samples_down_seed_resnetse5_12345/logs/id_509a10dc37f3/final/run_2025-11-10-15-46-48919f7e2d.yaml,0.32608696818351746,0.343082994222641,0.20661427080631256,0.32608696818351746,0.32608693838119507,0.2287219911813736
evaluate_resnetse5,id_ddc643ad4af2,id_e34923979a94,completed,1,True,id_612c26209f9f,supervised,resnetse5,full_finetune_lr2,id_454a58be45a5,multimodal_df,daghar_standardized_balanced,uci,test,,multimodal_perc_100,id_daa7333eb2f8,har,evaluate,full_run,/workspaces/HIAAC-KR-Dev-Container/Minerva-Exps/benchmarks/experiments/paper_daghar_supervised_3runs_perlr_samples_down_seed_resnetse5_12345/logs/id_ddc643ad4af2/final,4568037a17,/workspaces/HIAAC-KR-Dev-Container/Minerva-Exps/benchmarks/experiments/paper_daghar_supervised_3runs_perlr_samples_down_seed_resnetse5_12345/logs/id_ddc643ad4af2/final/metrics_2025-11-10-16-48-4568037a17.yaml,/workspaces/HIAAC-KR-Dev-Container/Minerva-Exps/benchmarks/experiments/paper_daghar_supervised_3runs_perlr_samples_down_seed_resnetse5_12345/logs/id_ddc643ad4af2/final/run_2025-11-10-16-48-4568037a17.yaml,0.8014492988586426,0.8097282648086548,0.7821801900863647,0.8014492988586426,0.8014492988586426,0.8097282648086548
evaluate_resnetse5,id_2c419eb5d63a,id_723286b389a7,completed,1,True,id_a619266c470c,supervised,resnetse5,full_finetune_lr4,id_6d709bfacf5c,multimodal_df,daghar_standardized_balanced,rw_thigh,test,,multimodal_perc_100,id_daa7333eb2f8,har,evaluate,full_run,/workspaces/HIAAC-KR-Dev-Container/Minerva-Exps/benchmarks/experiments/paper_daghar_supervised_3runs_perlr_samples_down_seed_resnetse5_12345/logs/id_2c419eb5d63a/final,491425485b,/workspaces/HIAAC-KR-Dev-Container/Minerva-Exps/benchmarks/experiments/paper_daghar_supervised_3runs_perlr_samples_down_seed_resnetse5_12345/logs/id_2c419eb5d63a/final/metrics_2025-11-10-15-31-491425485b.yaml,/workspaces/HIAAC-KR-Dev-Container/Minerva-Exps/benchmarks/experiments/paper_daghar_supervised_3runs_perlr_samples_down_seed_resnetse5_12345/logs/id_2c419eb5d63a/final/run_2025-11-10-15-31-491425485b.yaml,0.6880607604980469,0.7291867136955261,0.6873353719711304,0.6880607604980469,0.6880607008934021,0.7291866540908813
evaluate_resnetse5,id_2cf809570d08,id_e48f51041cb7,completed,1,True,id_51a779f741ee,supervised,resnetse5,full_finetune_lr1,id_1c97182110c7,multimodal_df,daghar_standardized_balanced,kuhar,test,,multimodal_perc_100,id_daa7333eb2f8,har,evaluate,full_run,/workspaces/HIAAC-KR-Dev-Container/Minerva-Exps/benchmarks/experiments/paper_daghar_supervised_3runs_perlr_samples_down_seed_resnetse5_12345/logs/id_2cf809570d08/final,263f5bf7d2,/workspaces/HIAAC-KR-Dev-Container/Minerva-Exps/benchmarks/experiments/paper_daghar_supervised_3runs_perlr_samples_down_seed_resnetse5_12345/logs/id_2cf809570d08/final/metrics_2025-11-10-15-32-263f5bf7d2.yaml,/workspaces/HIAAC-KR-Dev-Container/Minerva-Exps/benchmarks/experiments/paper_daghar_supervised_3runs_perlr_samples_down_seed_resnetse5_12345/logs/id_2cf809570d08/final/run_2025-11-10-15-32-263f5bf7d2.yaml,0.4930555522441864,0.3787878751754761,0.3757924437522888,0.4930555522441864,0.4930555522441864,0.3156565725803375
evaluate_resnetse5,id_5f0e9f1594b4,id_a6f05da38d4e,completed,1,True,id_a619266c470c,supervised,resnetse5,full_finetune_lr4,id_475824b89c6e,multimodal_df,daghar_standardized_balanced,rw_thigh,test,,multimodal_perc_100,id_daa7333eb2f8,har,evaluate,full_run,/workspaces/HIAAC-KR-Dev-Container/Minerva-Exps/benchmarks/experiments/paper_daghar_supervised_3runs_perlr_samples_down_seed_resnetse5_12345/logs/id_5f0e9f1594b4/final,33a404df24,/workspaces/HIAAC-KR-Dev-Container/Minerva-Exps/benchmarks/experiments/paper_daghar_supervised_3runs_perlr_samples_down_seed_resnetse5_12345/logs/id_5f0e9f1594b4/final/metrics_2025-11-10-15-53-33a404df24.yaml,/workspaces/HIAAC-KR-Dev-Container/Minerva-Exps/benchmarks/experiments/paper_daghar_supervised_3runs_perlr_samples_down_seed_resnetse5_12345/logs/id_5f0e9f1594b4/final/run_2025-11-10-15-53-33a404df24.yaml,0.7025535106658936,0.7406784892082214,0.7012042999267578,0.7025535106658936,0.7025535106658936,0.7406784296035767
train_resnetse5,id_c3e26df3a1af,,completed,0,False,id_a619266c470c,supervised,resnetse5,full_finetune_lr4,id_8f0cce8978b6,multimodal_df,daghar_standardized_balanced,uci,train,config_0,multimodal_samples_050,id_7d268895569b,har,train,full_run,/workspaces/HIAAC-KR-Dev-Container/Minerva-Exps/benchmarks/experiments/paper_daghar_supervised_3runs_perlr_samples_down_seed_resnetse5_12345/logs/id_c3e26df3a1af/final,,,,,,,,,
train_resnetse5,id_56a9627e558d,,completed,0,False,id_51a779f741ee,supervised,resnetse5,full_finetune_lr1,id_56baa66d670c,multimodal_df,daghar_standardized_balanced,uci,train,config_0,multimodal_samples_200_2,id_7d268895569b,har,train,full_run,/workspaces/HIAAC-KR-Dev-Container/Minerva-Exps/benchmarks/experiments/paper_daghar_supervised_3runs_perlr_samples_down_seed_resnetse5_12345/logs/id_56a9627e558d/final,,,,,,,,,
evaluate_resnetse5,id_e1a7529f1b6b,id_6b35878dd702,completed,1,True,id_a619266c470c,supervised,resnetse5,full_finetune_lr4,id_7e73a2ddd55d,multimodal_df,daghar_standardized_balanced,rw_waist,test,,multimodal_perc_100,id_daa7333eb2f8,har,evaluate,full_run,/workspaces/HIAAC-KR-Dev-Container/Minerva-Exps/benchmarks/experiments/paper_daghar_supervised_3runs_perlr_samples_down_seed_resnetse5_12345/logs/id_e1a7529f1b6b/final,52e6fcfdd3,/workspaces/HIAAC-KR-Dev-Container/Minerva-Exps/benchmarks/experiments/paper_daghar_supervised_3runs_perlr_samples_down_seed_resnetse5_12345/logs/id_e1a7529f1b6b/final/metrics_2025-11-10-16-50-52e6fcfdd3.yaml,/workspaces/HIAAC-KR-Dev-Container/Minerva-Exps/benchmarks/experiments/paper_daghar_supervised_3runs_perlr_samples_down_seed_resnetse5_12345/logs/id_e1a7529f1b6b/final/run_2025-11-10-16-50-52e6fcfdd3.yaml,0.6631944179534912,0.6572199463844299,0.6226693987846375,0.6631944179534912,0.6631944179534912,0.6572200059890747
train_resnetse5,id_6766a380acc8,,completed,0,False,id_3f47675df06f,supervised,resnetse5,full_finetune_lr5,id_e40d7f3591a5,multimodal_df,daghar_standardized_balanced,rw_thigh,train,config_0,multimodal_samples_010_3,id_7d268895569b,har,train,full_run,/workspaces/HIAAC-KR-Dev-Container/Minerva-Exps/benchmarks/experiments/paper_daghar_supervised_3runs_perlr_samples_down_seed_resnetse5_12345/logs/id_6766a380acc8/final,,,,,,,,,
evaluate_resnetse5,id_bc5eb81502fb,id_ead8ec26582b,completed,1,True,id_51a779f741ee,supervised,resnetse5,full_finetune_lr1,id_4d0a09774961,multimodal_df,daghar_standardized_balanced,uci,test,,multimodal_perc_100,id_daa7333eb2f8,har,evaluate,full_run,/workspaces/HIAAC-KR-Dev-Container/Minerva-Exps/benchmarks/experiments/paper_daghar_supervised_3runs_perlr_samples_down_seed_resnetse5_12345/logs/id_bc5eb81502fb/final,53cdd7c1e2,/workspaces/HIAAC-KR-Dev-Container/Minerva-Exps/benchmarks/experiments/paper_daghar_supervised_3runs_perlr_samples_down_seed_resnetse5_12345/logs/id_bc5eb81502fb/final/metrics_2025-11-10-16-33-53cdd7c1e2.yaml,/workspaces/HIAAC-KR-Dev-Container/Minerva-Exps/benchmarks/experiments/paper_daghar_supervised_3runs_perlr_samples_down_seed_resnetse5_12345/logs/id_bc5eb81502fb/final/run_2025-11-10-16-33-53cdd7c1e2.yaml,0.7681159377098083,0.6702667474746704,0.7020835280418396,0.7681159377098083,0.7681159973144531,0.6702667474746704
train_resnetse5,id_fee7bc99dfb9,,completed,0,False,id_3f47675df06f,supervised,resnetse5,full_finetune_lr5,id_20dbdedc5e50,multimodal_df,daghar_standardized_balanced,rw_waist,train,config_0,multimodal_perc_100_3,id_7d268895569b,har,train,full_run,/workspaces/HIAAC-KR-Dev-Container/Minerva-Exps/benchmarks/experiments/paper_daghar_supervised_3runs_perlr_samples_down_seed_resnetse5_12345/logs/id_fee7bc99dfb9/final,,,,,,,,,
train_resnetse5,id_f6c7257c89e1,,completed,0,False,id_51a779f741ee,supervised,resnetse5,full_finetune_lr1,id_dc9780befec7,multimodal_df,daghar_standardized_balanced,uci,train,config_0,multimodal_perc_100,id_7d268895569b,har,train,full_run,/workspaces/HIAAC-KR-Dev-Container/Minerva-Exps/benchmarks/experiments/paper_daghar_supervised_3runs_perlr_samples_down_seed_resnetse5_12345/logs/id_f6c7257c89e1/final,,,,,,,,,
evaluate_resnetse5,id_7e8ff6d36a1d,id_552d2e61bc1f,completed,1,True,id_01c6663a52ec,supervised,resnetse5,full_finetune_lr3,id_90e552b77477,multimodal_df,daghar_standardized_balanced,uci,test,,multimodal_perc_100,id_daa7333eb2f8,har,evaluate,full_run,/workspaces/HIAAC-KR-Dev-Container/Minerva-Exps/benchmarks/experiments/paper_daghar_supervised_3runs_perlr_samples_down_seed_resnetse5_12345/logs/id_7e8ff6d36a1d/final,265c754616,/workspaces/HIAAC-KR-Dev-Container/Minerva-Exps/benchmarks/experiments/paper_daghar_supervised_3runs_perlr_samples_down_seed_resnetse5_12345/logs/id_7e8ff6d36a1d/final/metrics_2025-11-10-16-06-265c754616.yaml,/workspaces/HIAAC-KR-Dev-Container/Minerva-Exps/benchmarks/experiments/paper_daghar_supervised_3runs_perlr_samples_down_seed_resnetse5_12345/logs/id_7e8ff6d36a1d/final/run_2025-11-10-16-06-265c754616.yaml,0.7724637389183044,0.7730215191841125,0.7277504205703735,0.7724637389183044,0.7724637389183044,0.7730215191841125
evaluate_resnetse5,id_5ef51f72c895,id_902badd44e96,completed,1,True,id_3f47675df06f,supervised,resnetse5,full_finetune_lr5,id_4f7e468e9fd4,multimodal_df,daghar_standardized_balanced,uci,test,,multimodal_perc_100,id_daa7333eb2f8,har,evaluate,full_run,/workspaces/HIAAC-KR-Dev-Container/Minerva-Exps/benchmarks/experiments/paper_daghar_supervised_3runs_perlr_samples_down_seed_resnetse5_12345/logs/id_5ef51f72c895/final,15c5fa193f,/workspaces/HIAAC-KR-Dev-Container/Minerva-Exps/benchmarks/experiments/paper_daghar_supervised_3runs_perlr_samples_down_seed_resnetse5_12345/logs/id_5ef51f72c895/final/metrics_2025-11-10-15-53-15c5fa193f.yaml,/workspaces/HIAAC-KR-Dev-Container/Minerva-Exps/benchmarks/experiments/paper_daghar_supervised_3runs_perlr_samples_down_seed_resnetse5_12345/logs/id_5ef51f72c895/final/run_2025-11-10-15-53-15c5fa193f.yaml,0.686956524848938,0.76737380027771,0.6088425517082214,0.686956524848938,0.686956524848938,0.6138989925384521
evaluate_resnetse5,id_2c64dff967a8,id_bfe17f2ad0e3,completed,1,True,id_51a779f741ee,supervised,resnetse5,full_finetune_lr1,id_a02a307d83d0,multimodal_df,daghar_standardized_balanced,rw_thigh,test,,multimodal_perc_100,id_daa7333eb2f8,har,evaluate,full_run,/workspaces/HIAAC-KR-Dev-Container/Minerva-Exps/benchmarks/experiments/paper_daghar_supervised_3runs_perlr_samples_down_seed_resnetse5_12345/logs/id_2c64dff967a8/final,13691fd161,/workspaces/HIAAC-KR-Dev-Container/Minerva-Exps/benchmarks/experiments/paper_daghar_supervised_3runs_perlr_samples_down_seed_resnetse5_12345/logs/id_2c64dff967a8/final/metrics_2025-11-10-15-32-13691fd161.yaml,/workspaces/HIAAC-KR-Dev-Container/Minerva-Exps/benchmarks/experiments/paper_daghar_supervised_3runs_perlr_samples_down_seed_resnetse5_12345/logs/id_2c64dff967a8/final/run_2025-11-10-15-32-13691fd161.yaml,0.6473429799079895,0.6509864330291748,0.6067928075790405,0.6473429799079895,0.6473429799079895,0.6509864330291748
evaluate_resnetse5,id_8d70413fcb3b,id_e9b245b7d18f,completed,1,True,id_612c26209f9f,supervised,resnetse5,full_finetune_lr2,id_e23f856a5c17,multimodal_df,daghar_standardized_balanced,uci,test,,multimodal_perc_100,id_daa7333eb2f8,har,evaluate,full_run,/workspaces/HIAAC-KR-Dev-Container/Minerva-Exps/benchmarks/experiments/paper_daghar_supervised_3runs_perlr_samples_down_seed_resnetse5_12345/logs/id_8d70413fcb3b/final,16334529ae,/workspaces/HIAAC-KR-Dev-Container/Minerva-Exps/benchmarks/experiments/paper_daghar_supervised_3runs_perlr_samples_down_seed_resnetse5_12345/logs/id_8d70413fcb3b/final/metrics_2025-11-10-16-13-16334529ae.yaml,/workspaces/HIAAC-KR-Dev-Container/Minerva-Exps/benchmarks/experiments/paper_daghar_supervised_3runs_perlr_samples_down_seed_resnetse5_12345/logs/id_8d70413fcb3b/final/run_2025-11-10-16-13-16334529ae.yaml,0.9710144996643066,0.9719740152359009,0.9709801077842712,0.9710144996643066,0.9710144996643066,0.9719739556312561
train_resnetse5,id_9804602fe2f1,,completed,0,False,id_3f47675df06f,supervised,resnetse5,full_finetune_lr5,id_5797b3b9b110,multimodal_df,daghar_standardized_balanced,kuhar,train,config_0,multimodal_samples_100_3,id_7d268895569b,har,train,full_run,/workspaces/HIAAC-KR-Dev-Container/Minerva-Exps/benchmarks/experiments/paper_daghar_supervised_3runs_perlr_samples_down_seed_resnetse5_12345/logs/id_9804602fe2f1/final,,,,,,,,,
evaluate_resnetse5,id_1d8f2671d09c,id_b50614e18324,completed,1,True,id_3f47675df06f,supervised,resnetse5,full_finetune_lr5,id_36f18442564c,multimodal_df,daghar_standardized_balanced,motionsense,test,,multimodal_perc_100,id_daa7333eb2f8,har,evaluate,full_run,/workspaces/HIAAC-KR-Dev-Container/Minerva-Exps/benchmarks/experiments/paper_daghar_supervised_3runs_perlr_samples_down_seed_resnetse5_12345/logs/id_1d8f2671d09c/final,393a0c9d30,/workspaces/HIAAC-KR-Dev-Container/Minerva-Exps/benchmarks/experiments/paper_daghar_supervised_3runs_perlr_samples_down_seed_resnetse5_12345/logs/id_1d8f2671d09c/final/metrics_2025-11-10-15-26-393a0c9d30.yaml,/workspaces/HIAAC-KR-Dev-Container/Minerva-Exps/benchmarks/experiments/paper_daghar_supervised_3runs_perlr_samples_down_seed_resnetse5_12345/logs/id_1d8f2671d09c/final/run_2025-11-10-15-26-393a0c9d30.yaml,0.6035781502723694,0.6696726679801941,0.5048941373825073,0.6035781502723694,0.6035781502723694,0.5580605268478394
evaluate_resnetse5,id_c065188b5790,id_e0e3261a6ae3,completed,1,True,id_01c6663a52ec,supervised,resnetse5,full_finetune_lr3,id_5342c6363403,multimodal_df,daghar_standardized_balanced,uci,test,,multimodal_perc_100,id_daa7333eb2f8,har,evaluate,full_run,/workspaces/HIAAC-KR-Dev-Container/Minerva-Exps/benchmarks/experiments/paper_daghar_supervised_3runs_perlr_samples_down_seed_resnetse5_12345/logs/id_c065188b5790/final,03ed79b76e,/workspaces/HIAAC-KR-Dev-Container/Minerva-Exps/benchmarks/experiments/paper_daghar_supervised_3runs_perlr_samples_down_seed_resnetse5_12345/logs/id_c065188b5790/final/metrics_2025-11-10-16-36-03ed79b76e.yaml,/workspaces/HIAAC-KR-Dev-Container/Minerva-Exps/benchmarks/experiments/paper_daghar_supervised_3runs_perlr_samples_down_seed_resnetse5_12345/logs/id_c065188b5790/final/run_2025-11-10-16-36-03ed79b76e.yaml,0.9666666388511658,0.9670830965042114,0.9666524529457092,0.9666666388511658,0.9666666984558105,0.9670830965042114
evaluate_resnetse5,id_ec49198d714c,id_32060ed14677,completed,1,True,id_01c6663a52ec,supervised,resnetse5,full_finetune_lr3,id_7f4030e07e10,multimodal_df,daghar_standardized_balanced,rw_thigh,test,,multimodal_perc_100,id_daa7333eb2f8,har,evaluate,full_run,/workspaces/HIAAC-KR-Dev-Container/Minerva-Exps/benchmarks/experiments/paper_daghar_supervised_3runs_perlr_samples_down_seed_resnetse5_12345/logs/id_ec49198d714c/final,293636ec75,/workspaces/HIAAC-KR-Dev-Container/Minerva-Exps/benchmarks/experiments/paper_daghar_supervised_3runs_perlr_samples_down_seed_resnetse5_12345/logs/id_ec49198d714c/final/metrics_2025-11-10-16-57-293636ec75.yaml,/workspaces/HIAAC-KR-Dev-Container/Minerva-Exps/benchmarks/experiments/paper_daghar_supervised_3runs_perlr_samples_down_seed_resnetse5_12345/logs/id_ec49198d714c/final/run_2025-11-10-16-57-293636ec75.yaml,0.5517598390579224,0.6199434399604797,0.5279012322425842,0.5517598390579224,0.5517598390579224,0.619943380355835
train_resnetse5,id_b2dccec2934b,,completed,0,False,id_51a779f741ee,supervised,resnetse5,full_finetune_lr1,id_03f958408f87,multimodal_df,daghar_standardized_balanced,uci,train,config_0,multimodal_samples_010,id_7d268895569b,har,train,full_run,/workspaces/HIAAC-KR-Dev-Container/Minerva-Exps/benchmarks/experiments/paper_daghar_supervised_3runs_perlr_samples_down_seed_resnetse5_12345/logs/id_b2dccec2934b/final,,,,,,,,,
evaluate_resnetse5,id_ec061ebb726c,id_3dcc3557de22,completed,1,True,id_51a779f741ee,supervised,resnetse5,full_finetune_lr1,id_0af1488d7b56,multimodal_df,daghar_standardized_balanced,motionsense,test,,multimodal_perc_100,id_daa7333eb2f8,har,evaluate,full_run,/workspaces/HIAAC-KR-Dev-Container/Minerva-Exps/benchmarks/experiments/paper_daghar_supervised_3runs_perlr_samples_down_seed_resnetse5_12345/logs/id_ec061ebb726c/final,105b1dbc74,/workspaces/HIAAC-KR-Dev-Container/Minerva-Exps/benchmarks/experiments/paper_daghar_supervised_3runs_perlr_samples_down_seed_resnetse5_12345/logs/id_ec061ebb726c/final/metrics_2025-11-10-16-57-105b1dbc74.yaml,/workspaces/HIAAC-KR-Dev-Container/Minerva-Exps/benchmarks/experiments/paper_daghar_supervised_3runs_perlr_samples_down_seed_resnetse5_12345/logs/id_ec061ebb726c/final/run_2025-11-10-16-57-105b1dbc74.yaml,0.729755163192749,0.8067147135734558,0.675902247428894,0.729755163192749,0.7297552227973938,0.6722623109817505
evaluate_resnetse5,id_51a33223f269,id_b45aad4fc0ad,completed,1,True,id_51a779f741ee,supervised,resnetse5,full_finetune_lr1,id_90e552b77477,multimodal_df,daghar_standardized_balanced,uci,test,,multimodal_perc_100,id_daa7333eb2f8,har,evaluate,full_run,/workspaces/HIAAC-KR-Dev-Container/Minerva-Exps/benchmarks/experiments/paper_daghar_supervised_3runs_perlr_samples_down_seed_resnetse5_12345/logs/id_51a33223f269/final,253ca91b5a,/workspaces/HIAAC-KR-Dev-Container/Minerva-Exps/benchmarks/experiments/paper_daghar_supervised_3runs_perlr_samples_down_seed_resnetse5_12345/logs/id_51a33223f269/final/metrics_2025-11-10-15-47-253ca91b5a.yaml,/workspaces/HIAAC-KR-Dev-Container/Minerva-Exps/benchmarks/experiments/paper_daghar_supervised_3runs_perlr_samples_down_seed_resnetse5_12345/logs/id_51a33223f269/final/run_2025-11-10-15-47-253ca91b5a.yaml,0.7362318634986877,0.7297711372375488,0.7156401872634888,0.7362318634986877,0.7362319231033325,0.7297711372375488
evaluate_resnetse5,id_cf408f863403,id_a00140464756,completed,1,True,id_51a779f741ee,supervised,resnetse5,full_finetune_lr1,id_3d28ee1db3cc,multimodal_df,daghar_standardized_balanced,wisdm,test,,multimodal_perc_100,id_daa7333eb2f8,har,evaluate,full_run,/workspaces/HIAAC-KR-Dev-Container/Minerva-Exps/benchmarks/experiments/paper_daghar_supervised_3runs_perlr_samples_down_seed_resnetse5_12345/logs/id_cf408f863403/final,41e43bad20,/workspaces/HIAAC-KR-Dev-Container/Minerva-Exps/benchmarks/experiments/paper_daghar_supervised_3runs_perlr_samples_down_seed_resnetse5_12345/logs/id_cf408f863403/final/metrics_2025-11-10-16-42-41e43bad20.yaml,/workspaces/HIAAC-KR-Dev-Container/Minerva-Exps/benchmarks/experiments/paper_daghar_supervised_3runs_perlr_samples_down_seed_resnetse5_12345/logs/id_cf408f863403/final/run_2025-11-10-16-42-41e43bad20.yaml,0.7342550158500671,0.8153273463249207,0.6516165137290955,0.7342550158500671,0.7342549562454224,0.6114954948425293
train_resnetse5,id_adff14b7f088,,completed,0,False,id_51a779f741ee,supervised,resnetse5,full_finetune_lr1,id_f50c99792caa,multimodal_df,daghar_standardized_balanced,uci,train,config_0,multimodal_samples_001_3,id_7d268895569b,har,train,full_run,/workspaces/HIAAC-KR-Dev-Container/Minerva-Exps/benchmarks/experiments/paper_daghar_supervised_3runs_perlr_samples_down_seed_resnetse5_12345/logs/id_adff14b7f088/final,,,,,,,,,
evaluate_resnetse5,id_7c6fc7013100,id_ac6f5b5b7e70,completed,1,True,id_51a779f741ee,supervised,resnetse5,full_finetune_lr1,id_0b6444347efc,multimodal_df,daghar_standardized_balanced,uci,test,,multimodal_perc_100,id_daa7333eb2f8,har,evaluate,full_run,/workspaces/HIAAC-KR-Dev-Container/Minerva-Exps/benchmarks/experiments/paper_daghar_supervised_3runs_perlr_samples_down_seed_resnetse5_12345/logs/id_7c6fc7013100/final,018d76388b,/workspaces/HIAAC-KR-Dev-Container/Minerva-Exps/benchmarks/experiments/paper_daghar_supervised_3runs_perlr_samples_down_seed_resnetse5_12345/logs/id_7c6fc7013100/final/metrics_2025-11-10-16-06-018d76388b.yaml,/workspaces/HIAAC-KR-Dev-Container/Minerva-Exps/benchmarks/experiments/paper_daghar_supervised_3runs_perlr_samples_down_seed_resnetse5_12345/logs/id_7c6fc7013100/final/run_2025-11-10-16-06-018d76388b.yaml,0.7652173638343811,0.7804185152053833,0.734811007976532,0.7652173638343811,0.7652174234390259,0.7804185152053833
evaluate_resnetse5,id_ac5c0941abd9,id_63614936f6eb,completed,1,True,id_a619266c470c,supervised,resnetse5,full_finetune_lr4,id_ef132296695f,multimodal_df,daghar_standardized_balanced,motionsense,test,,multimodal_perc_100,id_daa7333eb2f8,har,evaluate,full_run,/workspaces/HIAAC-KR-Dev-Container/Minerva-Exps/benchmarks/experiments/paper_daghar_supervised_3runs_perlr_samples_down_seed_resnetse5_12345/logs/id_ac5c0941abd9/final,26a4a8beab,/workspaces/HIAAC-KR-Dev-Container/Minerva-Exps/benchmarks/experiments/paper_daghar_supervised_3runs_perlr_samples_down_seed_resnetse5_12345/logs/id_ac5c0941abd9/final/metrics_2025-11-10-16-27-26a4a8beab.yaml,/workspaces/HIAAC-KR-Dev-Container/Minerva-Exps/benchmarks/experiments/paper_daghar_supervised_3runs_perlr_samples_down_seed_resnetse5_12345/logs/id_ac5c0941abd9/final/run_2025-11-10-16-27-26a4a8beab.yaml,0.6158192157745361,0.6637409329414368,0.5179116725921631,0.6158192157745361,0.6158192157745361,0.5531174540519714
train_resnetse5,id_a0bd9557f700,,completed,0,False,id_3f47675df06f,supervised,resnetse5,full_finetune_lr5,id_d368449171f5,multimodal_df,daghar_standardized_balanced,rw_waist,train,config_0,multimodal_samples_050_2,id_7d268895569b,har,train,full_run,/workspaces/HIAAC-KR-Dev-Container/Minerva-Exps/benchmarks/experiments/paper_daghar_supervised_3runs_perlr_samples_down_seed_resnetse5_12345/logs/id_a0bd9557f700/final,,,,,,,,,
evaluate_resnetse5,id_bc9cbc00ebdc,id_3fad3b86b089,completed,1,True,id_a619266c470c,supervised,resnetse5,full_finetune_lr4,id_925ee63de904,multimodal_df,daghar_standardized_balanced,wisdm,test,,multimodal_perc_100,id_daa7333eb2f8,har,evaluate,full_run,/workspaces/HIAAC-KR-Dev-Container/Minerva-Exps/benchmarks/experiments/paper_daghar_supervised_3runs_perlr_samples_down_seed_resnetse5_12345/logs/id_bc9cbc00ebdc/final,0545abf88b,/workspaces/HIAAC-KR-Dev-Container/Minerva-Exps/benchmarks/experiments/paper_daghar_supervised_3runs_perlr_samples_down_seed_resnetse5_12345/logs/id_bc9cbc00ebdc/final/metrics_2025-11-10-16-34-0545abf88b.yaml,/workspaces/HIAAC-KR-Dev-Container/Minerva-Exps/benchmarks/experiments/paper_daghar_supervised_3runs_perlr_samples_down_seed_resnetse5_12345/logs/id_bc9cbc00ebdc/final/run_2025-11-10-16-34-0545abf88b.yaml,0.722734272480011,0.7572664022445679,0.6431052684783936,0.722734272480011,0.722734272480011,0.7572664022445679
train_resnetse5,id_0daa93ff5831,,completed,0,False,id_a619266c470c,supervised,resnetse5,full_finetune_lr4,id_c22ef6d3a4dc,multimodal_df,daghar_standardized_balanced,motionsense,train,config_0,multimodal_samples_100_2,id_7d268895569b,har,train,full_run,/workspaces/HIAAC-KR-Dev-Container/Minerva-Exps/benchmarks/experiments/paper_daghar_supervised_3runs_perlr_samples_down_seed_resnetse5_12345/logs/id_0daa93ff5831/final,,,,,,,,,
evaluate_resnetse5,id_f69aaab68e76,id_d564fdee4d11,completed,1,True,id_a619266c470c,supervised,resnetse5,full_finetune_lr4,id_8383e9ed6287,multimodal_df,daghar_standardized_balanced,motionsense,test,,multimodal_perc_100,id_daa7333eb2f8,har,evaluate,full_run,/workspaces/HIAAC-KR-Dev-Container/Minerva-Exps/benchmarks/experiments/paper_daghar_supervised_3runs_perlr_samples_down_seed_resnetse5_12345/logs/id_f69aaab68e76/final,04f550f0fc,/workspaces/HIAAC-KR-Dev-Container/Minerva-Exps/benchmarks/experiments/paper_daghar_supervised_3runs_perlr_samples_down_seed_resnetse5_12345/logs/id_f69aaab68e76/final/metrics_2025-11-10-17-02-04f550f0fc.yaml,/workspaces/HIAAC-KR-Dev-Container/Minerva-Exps/benchmarks/experiments/paper_daghar_supervised_3runs_perlr_samples_down_seed_resnetse5_12345/logs/id_f69aaab68e76/final/run_2025-11-10-17-02-04f550f0fc.yaml,0.6158192157745361,0.5644357800483704,0.5177342295646667,0.6158192157745361,0.6158192157745361,0.5644357800483704
train_resnetse5,id_19b0ff838a43,,completed,0,False,id_51a779f741ee,supervised,resnetse5,full_finetune_lr1,id_5dfa1c7b49ec,multimodal_df,daghar_standardized_balanced,rw_thigh,train,config_0,multimodal_samples_200,id_7d268895569b,har,train,full_run,/workspaces/HIAAC-KR-Dev-Container/Minerva-Exps/benchmarks/experiments/paper_daghar_supervised_3runs_perlr_samples_down_seed_resnetse5_12345/logs/id_19b0ff838a43/final,,,,,,,,,
evaluate_resnetse5,id_b20de275e0fe,id_dc3fc1038d70,completed,1,True,id_612c26209f9f,supervised,resnetse5,full_finetune_lr2,id_ef132296695f,multimodal_df,daghar_standardized_balanced,motionsense,test,,multimodal_perc_100,id_daa7333eb2f8,har,evaluate,full_run,/workspaces/HIAAC-KR-Dev-Container/Minerva-Exps/benchmarks/experiments/paper_daghar_supervised_3runs_perlr_samples_down_seed_resnetse5_12345/logs/id_b20de275e0fe/final,01b1952ab1,/workspaces/HIAAC-KR-Dev-Container/Minerva-Exps/benchmarks/experiments/paper_daghar_supervised_3runs_perlr_samples_down_seed_resnetse5_12345/logs/id_b20de275e0fe/final/metrics_2025-11-10-16-29-01b1952ab1.yaml,/workspaces/HIAAC-KR-Dev-Container/Minerva-Exps/benchmarks/experiments/paper_daghar_supervised_3runs_perlr_samples_down_seed_resnetse5_12345/logs/id_b20de275e0fe/final/run_2025-11-10-16-29-01b1952ab1.yaml,0.5386064052581787,0.4504340589046478,0.47134992480278015,0.5386064052581787,0.5386064052581787,0.4504341185092926
evaluate_resnetse5,id_4bfa74221015,id_a20ad86ca7c6,completed,1,True,id_3f47675df06f,supervised,resnetse5,full_finetune_lr5,id_e9fdc57ecaa9,multimodal_df,daghar_standardized_balanced,uci,test,,multimodal_perc_100,id_daa7333eb2f8,har,evaluate,full_run,/workspaces/HIAAC-KR-Dev-Container/Minerva-Exps/benchmarks/experiments/paper_daghar_supervised_3runs_perlr_samples_down_seed_resnetse5_12345/logs/id_4bfa74221015/final,578ecb7ad2,/workspaces/HIAAC-KR-Dev-Container/Minerva-Exps/benchmarks/experiments/paper_daghar_supervised_3runs_perlr_samples_down_seed_resnetse5_12345/logs/id_4bfa74221015/final/metrics_2025-11-10-15-44-578ecb7ad2.yaml,/workspaces/HIAAC-KR-Dev-Container/Minerva-Exps/benchmarks/experiments/paper_daghar_supervised_3runs_perlr_samples_down_seed_resnetse5_12345/logs/id_4bfa74221015/final/run_2025-11-10-15-44-578ecb7ad2.yaml,0.6115942001342773,0.7089613080024719,0.5067874789237976,0.6115942001342773,0.6115942001342773,0.5671690702438354
train_resnetse5,id_01d1fe9efa21,,completed,0,False,id_01c6663a52ec,supervised,resnetse5,full_finetune_lr3,id_b2e8ece61834,multimodal_df,daghar_standardized_balanced,wisdm,train,config_0,multimodal_perc_100_3,id_7d268895569b,har,train,full_run,/workspaces/HIAAC-KR-Dev-Container/Minerva-Exps/benchmarks/experiments/paper_daghar_supervised_3runs_perlr_samples_down_seed_resnetse5_12345/logs/id_01d1fe9efa21/final,,,,,,,,,
train_resnetse5,id_8067e4de866e,,completed,0,False,id_a619266c470c,supervised,resnetse5,full_finetune_lr4,id_b2426d8d9cf0,multimodal_df,daghar_standardized_balanced,kuhar,train,config_0,multimodal_samples_001_2,id_7d268895569b,har,train,full_run,/workspaces/HIAAC-KR-Dev-Container/Minerva-Exps/benchmarks/experiments/paper_daghar_supervised_3runs_perlr_samples_down_seed_resnetse5_12345/logs/id_8067e4de866e/final,,,,,,,,,
train_resnetse5,id_689f9640d90a,,completed,0,False,id_01c6663a52ec,supervised,resnetse5,full_finetune_lr3,id_aab211c92197,multimodal_df,daghar_standardized_balanced,rw_waist,train,config_0,multimodal_samples_005_3,id_7d268895569b,har,train,full_run,/workspaces/HIAAC-KR-Dev-Container/Minerva-Exps/benchmarks/experiments/paper_daghar_supervised_3runs_perlr_samples_down_seed_resnetse5_12345/logs/id_689f9640d90a/final,,,,,,,,,
evaluate_resnetse5,id_c9d01de7c8f0,id_bfcde4dc1b98,completed,1,True,id_a619266c470c,supervised,resnetse5,full_finetune_lr4,id_f25979dfe211,multimodal_df,daghar_standardized_balanced,uci,test,,multimodal_perc_100,id_daa7333eb2f8,har,evaluate,full_run,/workspaces/HIAAC-KR-Dev-Container/Minerva-Exps/benchmarks/experiments/paper_daghar_supervised_3runs_perlr_samples_down_seed_resnetse5_12345/logs/id_c9d01de7c8f0/final,05660fe4fb,/workspaces/HIAAC-KR-Dev-Container/Minerva-Exps/benchmarks/experiments/paper_daghar_supervised_3runs_perlr_samples_down_seed_resnetse5_12345/logs/id_c9d01de7c8f0/final/metrics_2025-11-10-16-40-05660fe4fb.yaml,/workspaces/HIAAC-KR-Dev-Container/Minerva-Exps/benchmarks/experiments/paper_daghar_supervised_3runs_perlr_samples_down_seed_resnetse5_12345/logs/id_c9d01de7c8f0/final/run_2025-11-10-16-40-05660fe4fb.yaml,0.7855072617530823,0.8855985403060913,0.7206223607063293,0.7855072617530823,0.7855072617530823,0.8855985403060913
train_resnetse5,id_5c167552afed,,completed,0,False,id_612c26209f9f,supervised,resnetse5,full_finetune_lr2,id_5ae71f56cac1,multimodal_df,daghar_standardized_balanced,kuhar,train,config_0,multimodal_perc_100_2,id_7d268895569b,har,train,full_run,/workspaces/HIAAC-KR-Dev-Container/Minerva-Exps/benchmarks/experiments/paper_daghar_supervised_3runs_perlr_samples_down_seed_resnetse5_12345/logs/id_5c167552afed/final,,,,,,,,,
train_resnetse5,id_5b26e110cbb9,,completed,0,False,id_a619266c470c,supervised,resnetse5,full_finetune_lr4,id_cf1ed39f3ad3,multimodal_df,daghar_standardized_balanced,motionsense,train,config_0,multimodal_samples_001,id_7d268895569b,har,train,full_run,/workspaces/HIAAC-KR-Dev-Container/Minerva-Exps/benchmarks/experiments/paper_daghar_supervised_3runs_perlr_samples_down_seed_resnetse5_12345/logs/id_5b26e110cbb9/final,,,,,,,,,
evaluate_resnetse5,id_aa0ad4d062e7,id_6c91cfd05a6d,completed,1,True,id_612c26209f9f,supervised,resnetse5,full_finetune_lr2,id_f6972868c154,multimodal_df,daghar_standardized_balanced,uci,test,,multimodal_perc_100,id_daa7333eb2f8,har,evaluate,full_run,/workspaces/HIAAC-KR-Dev-Container/Minerva-Exps/benchmarks/experiments/paper_daghar_supervised_3runs_perlr_samples_down_seed_resnetse5_12345/logs/id_aa0ad4d062e7/final,2626603d80,/workspaces/HIAAC-KR-Dev-Container/Minerva-Exps/benchmarks/experiments/paper_daghar_supervised_3runs_perlr_samples_down_seed_resnetse5_12345/logs/id_aa0ad4d062e7/final/metrics_2025-11-10-16-26-2626603d80.yaml,/workspaces/HIAAC-KR-Dev-Container/Minerva-Exps/benchmarks/experiments/paper_daghar_supervised_3runs_perlr_samples_down_seed_resnetse5_12345/logs/id_aa0ad4d062e7/final/run_2025-11-10-16-26-2626603d80.yaml,0.886956512928009,0.897830605506897,0.8839880228042603,0.886956512928009,0.8869565725326538,0.8978306651115417
evaluate_resnetse5,id_77418ee7fbbc,id_16c0a7aaa65f,completed,1,True,id_3f47675df06f,supervised,resnetse5,full_finetune_lr5,id_db3d861bdbdc,multimodal_df,daghar_standardized_balanced,rw_thigh,test,,multimodal_perc_100,id_daa7333eb2f8,har,evaluate,full_run,/workspaces/HIAAC-KR-Dev-Container/Minerva-Exps/benchmarks/experiments/paper_daghar_supervised_3runs_perlr_samples_down_seed_resnetse5_12345/logs/id_77418ee7fbbc/final,51a503be59,/workspaces/HIAAC-KR-Dev-Container/Minerva-Exps/benchmarks/experiments/paper_daghar_supervised_3runs_perlr_samples_down_seed_resnetse5_12345/logs/id_77418ee7fbbc/final/metrics_2025-11-10-16-03-51a503be59.yaml,/workspaces/HIAAC-KR-Dev-Container/Minerva-Exps/benchmarks/experiments/paper_daghar_supervised_3runs_perlr_samples_down_seed_resnetse5_12345/logs/id_77418ee7fbbc/final/run_2025-11-10-16-03-51a503be59.yaml,0.6770186424255371,0.7551553845405579,0.632215142250061,0.6770186424255371,0.6770185828208923,0.6292961835861206
evaluate_resnetse5,id_1fc2e21bab8f,id_dc6a5fb603b6,completed,1,True,id_3f47675df06f,supervised,resnetse5,full_finetune_lr5,id_de0e2f735469,multimodal_df,daghar_standardized_balanced,uci,test,,multimodal_perc_100,id_daa7333eb2f8,har,evaluate,full_run,/workspaces/HIAAC-KR-Dev-Container/Minerva-Exps/benchmarks/experiments/paper_daghar_supervised_3runs_perlr_samples_down_seed_resnetse5_12345/logs/id_1fc2e21bab8f/final,441a6c541d,/workspaces/HIAAC-KR-Dev-Container/Minerva-Exps/benchmarks/experiments/paper_daghar_supervised_3runs_perlr_samples_down_seed_resnetse5_12345/logs/id_1fc2e21bab8f/final/metrics_2025-11-10-15-27-441a6c541d.yaml,/workspaces/HIAAC-KR-Dev-Container/Minerva-Exps/benchmarks/experiments/paper_daghar_supervised_3runs_perlr_samples_down_seed_resnetse5_12345/logs/id_1fc2e21bab8f/final/run_2025-11-10-15-27-441a6c541d.yaml,0.5579710006713867,0.5771675109863281,0.42429953813552856,0.5579710006713867,0.5579710006713867,0.34630048274993896
train_resnetse5,id_e00c490dc0f0,,completed,0,False,id_51a779f741ee,supervised,resnetse5,full_finetune_lr1,id_e6ba45a9ddf9,multimodal_df,daghar_standardized_balanced,rw_thigh,train,config_0,multimodal_samples_100,id_7d268895569b,har,train,full_run,/workspaces/HIAAC-KR-Dev-Container/Minerva-Exps/benchmarks/experiments/paper_daghar_supervised_3runs_perlr_samples_down_seed_resnetse5_12345/logs/id_e00c490dc0f0/final,,,,,,,,,
train_resnetse5,id_5a84e1999b0b,,completed,0,False,id_3f47675df06f,supervised,resnetse5,full_finetune_lr5,id_3879140ea3fb,multimodal_df,daghar_standardized_balanced,rw_thigh,train,config_0,multimodal_samples_010_2,id_7d268895569b,har,train,full_run,/workspaces/HIAAC-KR-Dev-Container/Minerva-Exps/benchmarks/experiments/paper_daghar_supervised_3runs_perlr_samples_down_seed_resnetse5_12345/logs/id_5a84e1999b0b/final,,,,,,,,,
train_resnetse5,id_27200e218a69,,completed,0,False,id_01c6663a52ec,supervised,resnetse5,full_finetune_lr3,id_1da0f49b378e,multimodal_df,daghar_standardized_balanced,uci,train,config_0,multimodal_samples_005_3,id_7d268895569b,har,train,full_run,/workspaces/HIAAC-KR-Dev-Container/Minerva-Exps/benchmarks/experiments/paper_daghar_supervised_3runs_perlr_samples_down_seed_resnetse5_12345/logs/id_27200e218a69/final,,,,,,,,,
evaluate_resnetse5,id_e52ca10df29d,id_732b6731c95e,completed,1,True,id_01c6663a52ec,supervised,resnetse5,full_finetune_lr3,id_2b680f63640c,multimodal_df,daghar_standardized_balanced,uci,test,,multimodal_perc_100,id_daa7333eb2f8,har,evaluate,full_run,/workspaces/HIAAC-KR-Dev-Container/Minerva-Exps/benchmarks/experiments/paper_daghar_supervised_3runs_perlr_samples_down_seed_resnetse5_12345/logs/id_e52ca10df29d/final,19a6593057,/workspaces/HIAAC-KR-Dev-Container/Minerva-Exps/benchmarks/experiments/paper_daghar_supervised_3runs_perlr_samples_down_seed_resnetse5_12345/logs/id_e52ca10df29d/final/metrics_2025-11-10-16-52-19a6593057.yaml,/workspaces/HIAAC-KR-Dev-Container/Minerva-Exps/benchmarks/experiments/paper_daghar_supervised_3runs_perlr_samples_down_seed_resnetse5_12345/logs/id_e52ca10df29d/final/run_2025-11-10-16-52-19a6593057.yaml,0.7405797243118286,0.69394850730896,0.6771054267883301,0.7405797243118286,0.7405797243118286,0.69394850730896
train_resnetse5,id_d33bdc6b3b91,,completed,0,False,id_3f47675df06f,supervised,resnetse5,full_finetune_lr5,id_d05d4d1d48a9,multimodal_df,daghar_standardized_balanced,rw_thigh,train,config_0,multimodal_samples_200_2,id_7d268895569b,har,train,full_run,/workspaces/HIAAC-KR-Dev-Container/Minerva-Exps/benchmarks/experiments/paper_daghar_supervised_3runs_perlr_samples_down_seed_resnetse5_12345/logs/id_d33bdc6b3b91/final,,,,,,,,,
evaluate_resnetse5,id_be595feb77d2,id_899f1e7909ea,completed,1,True,id_612c26209f9f,supervised,resnetse5,full_finetune_lr2,id_bf761b672fa2,multimodal_df,daghar_standardized_balanced,rw_thigh,test,,multimodal_perc_100,id_daa7333eb2f8,har,evaluate,full_run,/workspaces/HIAAC-KR-Dev-Container/Minerva-Exps/benchmarks/experiments/paper_daghar_supervised_3runs_perlr_samples_down_seed_resnetse5_12345/logs/id_be595feb77d2/final,14512e8de3,/workspaces/HIAAC-KR-Dev-Container/Minerva-Exps/benchmarks/experiments/paper_daghar_supervised_3runs_perlr_samples_down_seed_resnetse5_12345/logs/id_be595feb77d2/final/metrics_2025-11-10-16-35-14512e8de3.yaml,/workspaces/HIAAC-KR-Dev-Container/Minerva-Exps/benchmarks/experiments/paper_daghar_supervised_3runs_perlr_samples_down_seed_resnetse5_12345/logs/id_be595feb77d2/final/run_2025-11-10-16-35-14512e8de3.yaml,0.6394065022468567,0.7699311375617981,0.5880531072616577,0.6394065022468567,0.6394065618515015,0.641609251499176
evaluate_resnetse5,id_21f522c113f6,id_f7204957db39,completed,1,True,id_01c6663a52ec,supervised,resnetse5,full_finetune_lr3,id_7d75503f6205,multimodal_df,daghar_standardized_balanced,motionsense,test,,multimodal_perc_100,id_daa7333eb2f8,har,evaluate,full_run,/workspaces/HIAAC-KR-Dev-Container/Minerva-Exps/benchmarks/experiments/paper_daghar_supervised_3runs_perlr_samples_down_seed_resnetse5_12345/logs/id_21f522c113f6/final,591472fd46,/workspaces/HIAAC-KR-Dev-Container/Minerva-Exps/benchmarks/experiments/paper_daghar_supervised_3runs_perlr_samples_down_seed_resnetse5_12345/logs/id_21f522c113f6/final/metrics_2025-11-10-15-27-591472fd46.yaml,/workspaces/HIAAC-KR-Dev-Container/Minerva-Exps/benchmarks/experiments/paper_daghar_supervised_3runs_perlr_samples_down_seed_resnetse5_12345/logs/id_21f522c113f6/final/run_2025-11-10-15-27-591472fd46.yaml,0.6318267583847046,0.7306933403015137,0.5854000449180603,0.6318267583847046,0.6318267583847046,0.7306933999061584
train_resnetse5,id_be7aeac61f63,,completed,0,False,id_a619266c470c,supervised,resnetse5,full_finetune_lr4,id_94f746b04a62,multimodal_df,daghar_standardized_balanced,motionsense,train,config_0,multimodal_samples_200_2,id_7d268895569b,har,train,full_run,/workspaces/HIAAC-KR-Dev-Container/Minerva-Exps/benchmarks/experiments/paper_daghar_supervised_3runs_perlr_samples_down_seed_resnetse5_12345/logs/id_be7aeac61f63/final,,,,,,,,,
evaluate_resnetse5,id_75b9dd1f50c5,id_6679a9754cd9,completed,1,True,id_3f47675df06f,supervised,resnetse5,full_finetune_lr5,id_6c77fa100259,multimodal_df,daghar_standardized_balanced,wisdm,test,,multimodal_perc_100,id_daa7333eb2f8,har,evaluate,full_run,/workspaces/HIAAC-KR-Dev-Container/Minerva-Exps/benchmarks/experiments/paper_daghar_supervised_3runs_perlr_samples_down_seed_resnetse5_12345/logs/id_75b9dd1f50c5/final,24e49f2b31,/workspaces/HIAAC-KR-Dev-Container/Minerva-Exps/benchmarks/experiments/paper_daghar_supervised_3runs_perlr_samples_down_seed_resnetse5_12345/logs/id_75b9dd1f50c5/final/metrics_2025-11-10-16-03-24e49f2b31.yaml,/workspaces/HIAAC-KR-Dev-Container/Minerva-Exps/benchmarks/experiments/paper_daghar_supervised_3runs_perlr_samples_down_seed_resnetse5_12345/logs/id_75b9dd1f50c5/final/run_2025-11-10-16-03-24e49f2b31.yaml,0.8479262590408325,0.8480289578437805,0.8478598594665527,0.8479262590408325,0.8479262590408325,0.8480290174484253
train_resnetse5,id_5d6d17d83fca,,completed,0,False,id_612c26209f9f,supervised,resnetse5,full_finetune_lr2,id_e5f35050bdc1,multimodal_df,daghar_standardized_balanced,wisdm,train,config_0,multimodal_samples_005_3,id_7d268895569b,har,train,full_run,/workspaces/HIAAC-KR-Dev-Container/Minerva-Exps/benchmarks/experiments/paper_daghar_supervised_3runs_perlr_samples_down_seed_resnetse5_12345/logs/id_5d6d17d83fca/final,,,,,,,,,
train_resnetse5,id_d6f1c02c0699,,completed,0,False,id_612c26209f9f,supervised,resnetse5,full_finetune_lr2,id_dd4d18f1c7c4,multimodal_df,daghar_standardized_balanced,rw_thigh,train,config_0,multimodal_samples_025,id_7d268895569b,har,train,full_run,/workspaces/HIAAC-KR-Dev-Container/Minerva-Exps/benchmarks/experiments/paper_daghar_supervised_3runs_perlr_samples_down_seed_resnetse5_12345/logs/id_d6f1c02c0699/final,,,,,,,,,
evaluate_resnetse5,id_55a83f5c133f,id_88f8679e750a,completed,1,True,id_51a779f741ee,supervised,resnetse5,full_finetune_lr1,id_9b601446d92d,multimodal_df,daghar_standardized_balanced,motionsense,test,,multimodal_perc_100,id_daa7333eb2f8,har,evaluate,full_run,/workspaces/HIAAC-KR-Dev-Container/Minerva-Exps/benchmarks/experiments/paper_daghar_supervised_3runs_perlr_samples_down_seed_resnetse5_12345/logs/id_55a83f5c133f/final,50611b955f,/workspaces/HIAAC-KR-Dev-Container/Minerva-Exps/benchmarks/experiments/paper_daghar_supervised_3runs_perlr_samples_down_seed_resnetse5_12345/logs/id_55a83f5c133f/final/metrics_2025-11-10-15-49-50611b955f.yaml,/workspaces/HIAAC-KR-Dev-Container/Minerva-Exps/benchmarks/experiments/paper_daghar_supervised_3runs_perlr_samples_down_seed_resnetse5_12345/logs/id_55a83f5c133f/final/run_2025-11-10-15-49-50611b955f.yaml,0.743879497051239,0.7473807334899902,0.7423090934753418,0.743879497051239,0.743879497051239,0.7473806738853455
evaluate_resnetse5,id_85a6e2abd043,id_abace6cbe34b,completed,1,True,id_612c26209f9f,supervised,resnetse5,full_finetune_lr2,id_326053c8c3a8,multimodal_df,daghar_standardized_balanced,rw_thigh,test,,multimodal_perc_100,id_daa7333eb2f8,har,evaluate,full_run,/workspaces/HIAAC-KR-Dev-Container/Minerva-Exps/benchmarks/experiments/paper_daghar_supervised_3runs_perlr_samples_down_seed_resnetse5_12345/logs/id_85a6e2abd043/final,07becd3866,/workspaces/HIAAC-KR-Dev-Container/Minerva-Exps/benchmarks/experiments/paper_daghar_supervised_3runs_perlr_samples_down_seed_resnetse5_12345/logs/id_85a6e2abd043/final/metrics_2025-11-10-16-10-07becd3866.yaml,/workspaces/HIAAC-KR-Dev-Container/Minerva-Exps/benchmarks/experiments/paper_daghar_supervised_3runs_perlr_samples_down_seed_resnetse5_12345/logs/id_85a6e2abd043/final/run_2025-11-10-16-10-07becd3866.yaml,0.1666666716337204,0.1666666716337204,0.0476190485060215,0.1666666716337204,0.1666666716337204,0.02777777798473835
train_resnetse5,id_c5db2aef2bed,,completed,0,False,id_612c26209f9f,supervised,resnetse5,full_finetune_lr2,id_f90ca44123d9,multimodal_df,daghar_standardized_balanced,kuhar,train,config_0,multimodal_samples_200_3,id_7d268895569b,har,train,full_run,/workspaces/HIAAC-KR-Dev-Container/Minerva-Exps/benchmarks/experiments/paper_daghar_supervised_3runs_perlr_samples_down_seed_resnetse5_12345/logs/id_c5db2aef2bed/final,,,,,,,,,
evaluate_resnetse5,id_82d943d51a60,id_08c1b1c79bdc,completed,1,True,id_01c6663a52ec,supervised,resnetse5,full_finetune_lr3,id_d07a11b6dca6,multimodal_df,daghar_standardized_balanced,motionsense,test,,multimodal_perc_100,id_daa7333eb2f8,har,evaluate,full_run,/workspaces/HIAAC-KR-Dev-Container/Minerva-Exps/benchmarks/experiments/paper_daghar_supervised_3runs_perlr_samples_down_seed_resnetse5_12345/logs/id_82d943d51a60/final,543bffc25a,/workspaces/HIAAC-KR-Dev-Container/Minerva-Exps/benchmarks/experiments/paper_daghar_supervised_3runs_perlr_samples_down_seed_resnetse5_12345/logs/id_82d943d51a60/final/metrics_2025-11-10-16-08-543bffc25a.yaml,/workspaces/HIAAC-KR-Dev-Container/Minerva-Exps/benchmarks/experiments/paper_daghar_supervised_3runs_perlr_samples_down_seed_resnetse5_12345/logs/id_82d943d51a60/final/run_2025-11-10-16-08-543bffc25a.yaml,0.7862523794174194,0.7881878018379211,0.7321557402610779,0.7862523794174194,0.7862523794174194,0.7881878614425659
evaluate_resnetse5,id_8cdcb2ef834a,id_c0c9bdc8d200,completed,1,True,id_612c26209f9f,supervised,resnetse5,full_finetune_lr2,id_c7c333650afe,multimodal_df,daghar_standardized_balanced,rw_waist,test,,multimodal_perc_100,id_daa7333eb2f8,har,evaluate,full_run,/workspaces/HIAAC-KR-Dev-Container/Minerva-Exps/benchmarks/experiments/paper_daghar_supervised_3runs_perlr_samples_down_seed_resnetse5_12345/logs/id_8cdcb2ef834a/final,29e99774c6,/workspaces/HIAAC-KR-Dev-Container/Minerva-Exps/benchmarks/experiments/paper_daghar_supervised_3runs_perlr_samples_down_seed_resnetse5_12345/logs/id_8cdcb2ef834a/final/metrics_2025-11-10-16-12-29e99774c6.yaml,/workspaces/HIAAC-KR-Dev-Container/Minerva-Exps/benchmarks/experiments/paper_daghar_supervised_3runs_perlr_samples_down_seed_resnetse5_12345/logs/id_8cdcb2ef834a/final/run_2025-11-10-16-12-29e99774c6.yaml,0.6616512537002563,0.7445260286331177,0.6150841116905212,0.6616512537002563,0.6616512537002563,0.6204383373260498
train_resnetse5,id_88f8679e750a,,completed,0,False,id_51a779f741ee,supervised,resnetse5,full_finetune_lr1,id_c2e910dcdcec,multimodal_df,daghar_standardized_balanced,motionsense,train,config_0,multimodal_samples_010_2,id_7d268895569b,har,train,full_run,/workspaces/HIAAC-KR-Dev-Container/Minerva-Exps/benchmarks/experiments/paper_daghar_supervised_3runs_perlr_samples_down_seed_resnetse5_12345/logs/id_88f8679e750a/final,,,,,,,,,
evaluate_resnetse5,id_181fe432581c,id_6f2c248e1cf7,completed,1,True,id_a619266c470c,supervised,resnetse5,full_finetune_lr4,id_ea95c25c903d,multimodal_df,daghar_standardized_balanced,wisdm,test,,multimodal_perc_100,id_daa7333eb2f8,har,evaluate,full_run,/workspaces/HIAAC-KR-Dev-Container/Minerva-Exps/benchmarks/experiments/paper_daghar_supervised_3runs_perlr_samples_down_seed_resnetse5_12345/logs/id_181fe432581c/final,0091469c29,/workspaces/HIAAC-KR-Dev-Container/Minerva-Exps/benchmarks/experiments/paper_daghar_supervised_3runs_perlr_samples_down_seed_resnetse5_12345/logs/id_181fe432581c/final/metrics_2025-11-10-15-24-0091469c29.yaml,/workspaces/HIAAC-KR-Dev-Container/Minerva-Exps/benchmarks/experiments/paper_daghar_supervised_3runs_perlr_samples_down_seed_resnetse5_12345/logs/id_181fe432581c/final/run_2025-11-10-15-24-0091469c29.yaml,0.7427035570144653,0.7553257346153259,0.7169915437698364,0.7427035570144653,0.7427035570144653,0.7553256750106812
evaluate_resnetse5,id_e5fa3389924a,id_cde082161464,completed,1,True,id_612c26209f9f,supervised,resnetse5,full_finetune_lr2,id_803b364782be,multimodal_df,daghar_standardized_balanced,motionsense,test,,multimodal_perc_100,id_daa7333eb2f8,har,evaluate,full_run,/workspaces/HIAAC-KR-Dev-Container/Minerva-Exps/benchmarks/experiments/paper_daghar_supervised_3runs_perlr_samples_down_seed_resnetse5_12345/logs/id_e5fa3389924a/final,2165e7720d,/workspaces/HIAAC-KR-Dev-Container/Minerva-Exps/benchmarks/experiments/paper_daghar_supervised_3runs_perlr_samples_down_seed_resnetse5_12345/logs/id_e5fa3389924a/final/metrics_2025-11-10-16-53-2165e7720d.yaml,/workspaces/HIAAC-KR-Dev-Container/Minerva-Exps/benchmarks/experiments/paper_daghar_supervised_3runs_perlr_samples_down_seed_resnetse5_12345/logs/id_e5fa3389924a/final/run_2025-11-10-16-53-2165e7720d.yaml,0.4755178987979889,0.5552436113357544,0.37644270062446594,0.4755178987979889,0.4755178689956665,0.46270304918289185
evaluate_resnetse5,id_9f0516cafbee,id_af05a6973660,completed,1,True,id_51a779f741ee,supervised,resnetse5,full_finetune_lr1,id_5c7b0e9cca0d,multimodal_df,daghar_standardized_balanced,wisdm,test,,multimodal_perc_100,id_daa7333eb2f8,har,evaluate,full_run,/workspaces/HIAAC-KR-Dev-Container/Minerva-Exps/benchmarks/experiments/paper_daghar_supervised_3runs_perlr_samples_down_seed_resnetse5_12345/logs/id_9f0516cafbee/final,40bf436bb7,/workspaces/HIAAC-KR-Dev-Container/Minerva-Exps/benchmarks/experiments/paper_daghar_supervised_3runs_perlr_samples_down_seed_resnetse5_12345/logs/id_9f0516cafbee/final/metrics_2025-11-10-16-21-40bf436bb7.yaml,/workspaces/HIAAC-KR-Dev-Container/Minerva-Exps/benchmarks/experiments/paper_daghar_supervised_3runs_perlr_samples_down_seed_resnetse5_12345/logs/id_9f0516cafbee/final/run_2025-11-10-16-21-40bf436bb7.yaml,0.7354070544242859,0.6895405054092407,0.6628341674804688,0.7354070544242859,0.7354070544242859,0.6895405054092407
evaluate_resnetse5,id_6848a1cb132e,id_764a14cec182,completed,1,True,id_01c6663a52ec,supervised,resnetse5,full_finetune_lr3,id_ed69671adf3b,multimodal_df,daghar_standardized_balanced,rw_waist,test,,multimodal_perc_100,id_daa7333eb2f8,har,evaluate,full_run,/workspaces/HIAAC-KR-Dev-Container/Minerva-Exps/benchmarks/experiments/paper_daghar_supervised_3runs_perlr_samples_down_seed_resnetse5_12345/logs/id_6848a1cb132e/final,31625bbf9a,/workspaces/HIAAC-KR-Dev-Container/Minerva-Exps/benchmarks/experiments/paper_daghar_supervised_3runs_perlr_samples_down_seed_resnetse5_12345/logs/id_6848a1cb132e/final/metrics_2025-11-10-15-57-31625bbf9a.yaml,/workspaces/HIAAC-KR-Dev-Container/Minerva-Exps/benchmarks/experiments/paper_daghar_supervised_3runs_perlr_samples_down_seed_resnetse5_12345/logs/id_6848a1cb132e/final/run_2025-11-10-15-57-31625bbf9a.yaml,0.5675154328346252,0.5059856176376343,0.5129528641700745,0.5675154328346252,0.56751549243927,0.5059856176376343
train_resnetse5,id_8d85b1ca4e13,,completed,0,False,id_01c6663a52ec,supervised,resnetse5,full_finetune_lr3,id_7b5861f76744,multimodal_df,daghar_standardized_balanced,rw_thigh,train,config_0,multimodal_samples_025_3,id_7d268895569b,har,train,full_run,/workspaces/HIAAC-KR-Dev-Container/Minerva-Exps/benchmarks/experiments/paper_daghar_supervised_3runs_perlr_samples_down_seed_resnetse5_12345/logs/id_8d85b1ca4e13/final,,,,,,,,,
train_resnetse5,id_271e9ef76789,,completed,0,False,id_612c26209f9f,supervised,resnetse5,full_finetune_lr2,id_120bda9178a1,multimodal_df,daghar_standardized_balanced,wisdm,train,config_0,multimodal_samples_010_3,id_7d268895569b,har,train,full_run,/workspaces/HIAAC-KR-Dev-Container/Minerva-Exps/benchmarks/experiments/paper_daghar_supervised_3runs_perlr_samples_down_seed_resnetse5_12345/logs/id_271e9ef76789/final,,,,,,,,,
evaluate_resnetse5,id_9a10807d7527,id_2cc128e3f4a3,completed,1,True,id_612c26209f9f,supervised,resnetse5,full_finetune_lr2,id_013f99aece88,multimodal_df,daghar_standardized_balanced,rw_waist,test,,multimodal_perc_100,id_daa7333eb2f8,har,evaluate,full_run,/workspaces/HIAAC-KR-Dev-Container/Minerva-Exps/benchmarks/experiments/paper_daghar_supervised_3runs_perlr_samples_down_seed_resnetse5_12345/logs/id_9a10807d7527/final,0100246211,/workspaces/HIAAC-KR-Dev-Container/Minerva-Exps/benchmarks/experiments/paper_daghar_supervised_3runs_perlr_samples_down_seed_resnetse5_12345/logs/id_9a10807d7527/final/metrics_2025-11-10-16-19-0100246211.yaml,/workspaces/HIAAC-KR-Dev-Container/Minerva-Exps/benchmarks/experiments/paper_daghar_supervised_3runs_perlr_samples_down_seed_resnetse5_12345/logs/id_9a10807d7527/final/run_2025-11-10-16-19-0100246211.yaml,0.4822530746459961,0.557704508304596,0.38580694794654846,0.4822530746459961,0.48225313425064087,0.557704508304596
train_resnetse5,id_a155bbdbfeb5,,completed,0,False,id_3f47675df06f,supervised,resnetse5,full_finetune_lr5,id_a4bdc43c44df,multimodal_df,daghar_standardized_balanced,wisdm,train,config_0,multimodal_samples_010,id_7d268895569b,har,train,full_run,/workspaces/HIAAC-KR-Dev-Container/Minerva-Exps/benchmarks/experiments/paper_daghar_supervised_3runs_perlr_samples_down_seed_resnetse5_12345/logs/id_a155bbdbfeb5/final,,,,,,,,,
evaluate_resnetse5,id_152c3c34c051,id_4c4619d5d0d3,completed,1,True,id_51a779f741ee,supervised,resnetse5,full_finetune_lr1,id_d45c437a575c,multimodal_df,daghar_standardized_balanced,kuhar,test,,multimodal_perc_100,id_daa7333eb2f8,har,evaluate,full_run,/workspaces/HIAAC-KR-Dev-Container/Minerva-Exps/benchmarks/experiments/paper_daghar_supervised_3runs_perlr_samples_down_seed_resnetse5_12345/logs/id_152c3c34c051/final,010fea8943,/workspaces/HIAAC-KR-Dev-Container/Minerva-Exps/benchmarks/experiments/paper_daghar_supervised_3runs_perlr_samples_down_seed_resnetse5_12345/logs/id_152c3c34c051/final/metrics_2025-11-10-15-22-010fea8943.yaml,/workspaces/HIAAC-KR-Dev-Container/Minerva-Exps/benchmarks/experiments/paper_daghar_supervised_3runs_perlr_samples_down_seed_resnetse5_12345/logs/id_152c3c34c051/final/run_2025-11-10-15-22-010fea8943.yaml,0.4930555522441864,0.5230150818824768,0.4379948675632477,0.4930555522441864,0.4930555522441864,0.43584585189819336
train_resnetse5,id_976dc3252986,,completed,0,False,id_3f47675df06f,supervised,resnetse5,full_finetune_lr5,id_6db9002dfbf0,multimodal_df,daghar_standardized_balanced,uci,train,config_0,multimodal_samples_005,id_7d268895569b,har,train,full_run,/workspaces/HIAAC-KR-Dev-Container/Minerva-Exps/benchmarks/experiments/paper_daghar_supervised_3runs_perlr_samples_down_seed_resnetse5_12345/logs/id_976dc3252986/final,,,,,,,,,
evaluate_resnetse5,id_9eb8a8f679af,id_fc459685c3e9,completed,1,True,id_01c6663a52ec,supervised,resnetse5,full_finetune_lr3,id_3f52ea408e33,multimodal_df,daghar_standardized_balanced,uci,test,,multimodal_perc_100,id_daa7333eb2f8,har,evaluate,full_run,/workspaces/HIAAC-KR-Dev-Container/Minerva-Exps/benchmarks/experiments/paper_daghar_supervised_3runs_perlr_samples_down_seed_resnetse5_12345/logs/id_9eb8a8f679af/final,266c52eab9,/workspaces/HIAAC-KR-Dev-Container/Minerva-Exps/benchmarks/experiments/paper_daghar_supervised_3runs_perlr_samples_down_seed_resnetse5_12345/logs/id_9eb8a8f679af/final/metrics_2025-11-10-16-21-266c52eab9.yaml,/workspaces/HIAAC-KR-Dev-Container/Minerva-Exps/benchmarks/experiments/paper_daghar_supervised_3runs_perlr_samples_down_seed_resnetse5_12345/logs/id_9eb8a8f679af/final/run_2025-11-10-16-21-266c52eab9.yaml,0.9579710364341736,0.95849609375,0.9579628705978394,0.9579710364341736,0.9579709768295288,0.95849609375
evaluate_resnetse5,id_4217209efa2e,id_5797d35f135c,completed,1,True,id_51a779f741ee,supervised,resnetse5,full_finetune_lr1,id_1ada09b787aa,multimodal_df,daghar_standardized_balanced,rw_thigh,test,,multimodal_perc_100,id_daa7333eb2f8,har,evaluate,full_run,/workspaces/HIAAC-KR-Dev-Container/Minerva-Exps/benchmarks/experiments/paper_daghar_supervised_3runs_perlr_samples_down_seed_resnetse5_12345/logs/id_4217209efa2e/final,2630011766,/workspaces/HIAAC-KR-Dev-Container/Minerva-Exps/benchmarks/experiments/paper_daghar_supervised_3runs_perlr_samples_down_seed_resnetse5_12345/logs/id_4217209efa2e/final/metrics_2025-11-10-15-39-2630011766.yaml,/workspaces/HIAAC-KR-Dev-Container/Minerva-Exps/benchmarks/experiments/paper_daghar_supervised_3runs_perlr_samples_down_seed_resnetse5_12345/logs/id_4217209efa2e/final/run_2025-11-10-15-39-2630011766.yaml,0.5289855003356934,0.46465715765953064,0.48141130805015564,0.5289855003356934,0.5289855003356934,0.46465712785720825
evaluate_resnetse5,id_2c2e9c33be10,id_a2f4ee7bdf95,completed,1,True,id_3f47675df06f,supervised,resnetse5,full_finetune_lr5,id_d3bb28a9285b,multimodal_df,daghar_standardized_balanced,wisdm,test,,multimodal_perc_100,id_daa7333eb2f8,har,evaluate,full_run,/workspaces/HIAAC-KR-Dev-Container/Minerva-Exps/benchmarks/experiments/paper_daghar_supervised_3runs_perlr_samples_down_seed_resnetse5_12345/logs/id_2c2e9c33be10/final,484d7fac7e,/workspaces/HIAAC-KR-Dev-Container/Minerva-Exps/benchmarks/experiments/paper_daghar_supervised_3runs_perlr_samples_down_seed_resnetse5_12345/logs/id_2c2e9c33be10/final/metrics_2025-11-10-15-31-484d7fac7e.yaml,/workspaces/HIAAC-KR-Dev-Container/Minerva-Exps/benchmarks/experiments/paper_daghar_supervised_3runs_perlr_samples_down_seed_resnetse5_12345/logs/id_2c2e9c33be10/final/run_2025-11-10-15-31-484d7fac7e.yaml,0.7250384092330933,0.7983099818229675,0.6410676836967468,0.7250384092330933,0.7250384092330933,0.5987324714660645
train_resnetse5,id_3ed7374afcea,,completed,0,False,id_612c26209f9f,supervised,resnetse5,full_finetune_lr2,id_ff2bb65ac9fe,multimodal_df,daghar_standardized_balanced,uci,train,config_0,multimodal_samples_010_2,id_7d268895569b,har,train,full_run,/workspaces/HIAAC-KR-Dev-Container/Minerva-Exps/benchmarks/experiments/paper_daghar_supervised_3runs_perlr_samples_down_seed_resnetse5_12345/logs/id_3ed7374afcea/final,,,,,,,,,
train_resnetse5,id_0fa130e081f3,,completed,0,False,id_51a779f741ee,supervised,resnetse5,full_finetune_lr1,id_0ee270359c3b,multimodal_df,daghar_standardized_balanced,rw_waist,train,config_0,multimodal_perc_100,id_7d268895569b,har,train,full_run,/workspaces/HIAAC-KR-Dev-Container/Minerva-Exps/benchmarks/experiments/paper_daghar_supervised_3runs_perlr_samples_down_seed_resnetse5_12345/logs/id_0fa130e081f3/final,,,,,,,,,
train_resnetse5,id_72071d5824f5,,completed,0,False,id_01c6663a52ec,supervised,resnetse5,full_finetune_lr3,id_dd4d18f1c7c4,multimodal_df,daghar_standardized_balanced,rw_thigh,train,config_0,multimodal_samples_025,id_7d268895569b,har,train,full_run,/workspaces/HIAAC-KR-Dev-Container/Minerva-Exps/benchmarks/experiments/paper_daghar_supervised_3runs_perlr_samples_down_seed_resnetse5_12345/logs/id_72071d5824f5/final,,,,,,,,,
train_resnetse5,id_31b507ec158e,,completed,0,False,id_01c6663a52ec,supervised,resnetse5,full_finetune_lr3,id_e7af70720e13,multimodal_df,daghar_standardized_balanced,kuhar,train,config_0,multimodal_samples_050_3,id_7d268895569b,har,train,full_run,/workspaces/HIAAC-KR-Dev-Container/Minerva-Exps/benchmarks/experiments/paper_daghar_supervised_3runs_perlr_samples_down_seed_resnetse5_12345/logs/id_31b507ec158e/final,,,,,,,,,
evaluate_resnetse5,id_b8c7a268958f,id_13de70f8a33e,completed,1,True,id_612c26209f9f,supervised,resnetse5,full_finetune_lr2,id_11aa36a6e31a,multimodal_df,daghar_standardized_balanced,rw_waist,test,,multimodal_perc_100,id_daa7333eb2f8,har,evaluate,full_run,/workspaces/HIAAC-KR-Dev-Container/Minerva-Exps/benchmarks/experiments/paper_daghar_supervised_3runs_perlr_samples_down_seed_resnetse5_12345/logs/id_b8c7a268958f/final,16db5074d4,/workspaces/HIAAC-KR-Dev-Container/Minerva-Exps/benchmarks/experiments/paper_daghar_supervised_3runs_perlr_samples_down_seed_resnetse5_12345/logs/id_b8c7a268958f/final/metrics_2025-11-10-16-32-16db5074d4.yaml,/workspaces/HIAAC-KR-Dev-Container/Minerva-Exps/benchmarks/experiments/paper_daghar_supervised_3runs_perlr_samples_down_seed_resnetse5_12345/logs/id_b8c7a268958f/final/run_2025-11-10-16-32-16db5074d4.yaml,0.6554784178733826,0.642903745174408,0.6228616833686829,0.6554784178733826,0.6554784178733826,0.642903745174408
train_resnetse5,id_a9af89dd23c0,,completed,0,False,id_a619266c470c,supervised,resnetse5,full_finetune_lr4,id_eb44f9c784ea,multimodal_df,daghar_standardized_balanced,rw_waist,train,config_0,multimodal_samples_005_2,id_7d268895569b,har,train,full_run,/workspaces/HIAAC-KR-Dev-Container/Minerva-Exps/benchmarks/experiments/paper_daghar_supervised_3runs_perlr_samples_down_seed_resnetse5_12345/logs/id_a9af89dd23c0/final,,,,,,,,,
train_resnetse5,id_44503c8cc594,,completed,0,False,id_3f47675df06f,supervised,resnetse5,full_finetune_lr5,id_cd8d01e2da59,multimodal_df,daghar_standardized_balanced,uci,train,config_0,multimodal_samples_025_2,id_7d268895569b,har,train,full_run,/workspaces/HIAAC-KR-Dev-Container/Minerva-Exps/benchmarks/experiments/paper_daghar_supervised_3runs_perlr_samples_down_seed_resnetse5_12345/logs/id_44503c8cc594/final,,,,,,,,,
train_resnetse5,id_6c91cfd05a6d,,completed,0,False,id_612c26209f9f,supervised,resnetse5,full_finetune_lr2,id_12164f3aad9d,multimodal_df,daghar_standardized_balanced,uci,train,config_0,multimodal_samples_100_2,id_7d268895569b,har,train,full_run,/workspaces/HIAAC-KR-Dev-Container/Minerva-Exps/benchmarks/experiments/paper_daghar_supervised_3runs_perlr_samples_down_seed_resnetse5_12345/logs/id_6c91cfd05a6d/final,,,,,,,,,
train_resnetse5,id_89e1b43931df,,completed,0,False,id_51a779f741ee,supervised,resnetse5,full_finetune_lr1,id_2baf94349229,multimodal_df,daghar_standardized_balanced,rw_waist,train,config_0,multimodal_samples_025_3,id_7d268895569b,har,train,full_run,/workspaces/HIAAC-KR-Dev-Container/Minerva-Exps/benchmarks/experiments/paper_daghar_supervised_3runs_perlr_samples_down_seed_resnetse5_12345/logs/id_89e1b43931df/final,,,,,,,,,
evaluate_resnetse5,id_6e9c66d7b66c,id_9a9e4397bd52,completed,1,True,id_612c26209f9f,supervised,resnetse5,full_finetune_lr2,id_05f8d8137621,multimodal_df,daghar_standardized_balanced,wisdm,test,,multimodal_perc_100,id_daa7333eb2f8,har,evaluate,full_run,/workspaces/HIAAC-KR-Dev-Container/Minerva-Exps/benchmarks/experiments/paper_daghar_supervised_3runs_perlr_samples_down_seed_resnetse5_12345/logs/id_6e9c66d7b66c/final,359daa06ba,/workspaces/HIAAC-KR-Dev-Container/Minerva-Exps/benchmarks/experiments/paper_daghar_supervised_3runs_perlr_samples_down_seed_resnetse5_12345/logs/id_6e9c66d7b66c/final/metrics_2025-11-10-16-00-359daa06ba.yaml,/workspaces/HIAAC-KR-Dev-Container/Minerva-Exps/benchmarks/experiments/paper_daghar_supervised_3runs_perlr_samples_down_seed_resnetse5_12345/logs/id_6e9c66d7b66c/final/run_2025-11-10-16-00-359daa06ba.yaml,0.6977726817131042,0.7646247744560242,0.613228440284729,0.6977726817131042,0.6977726221084595,0.5734685659408569
evaluate_resnetse5,id_709eac5503b0,id_47dcdfa49dc6,completed,1,True,id_51a779f741ee,supervised,resnetse5,full_finetune_lr1,id_326053c8c3a8,multimodal_df,daghar_standardized_balanced,rw_thigh,test,,multimodal_perc_100,id_daa7333eb2f8,har,evaluate,full_run,/workspaces/HIAAC-KR-Dev-Container/Minerva-Exps/benchmarks/experiments/paper_daghar_supervised_3runs_perlr_samples_down_seed_resnetse5_12345/logs/id_709eac5503b0/final,1975cdff6d,/workspaces/HIAAC-KR-Dev-Container/Minerva-Exps/benchmarks/experiments/paper_daghar_supervised_3runs_perlr_samples_down_seed_resnetse5_12345/logs/id_709eac5503b0/final/metrics_2025-11-10-16-01-1975cdff6d.yaml,/workspaces/HIAAC-KR-Dev-Container/Minerva-Exps/benchmarks/experiments/paper_daghar_supervised_3runs_perlr_samples_down_seed_resnetse5_12345/logs/id_709eac5503b0/final/run_2025-11-10-16-01-1975cdff6d.yaml,0.4306418299674988,0.5503602623939514,0.4276435077190399,0.4306418299674988,0.4306418299674988,0.5503602623939514
train_resnetse5,id_1ab02220ec6b,,completed,0,False,id_3f47675df06f,supervised,resnetse5,full_finetune_lr5,id_50b8183b88b4,multimodal_df,daghar_standardized_balanced,rw_waist,train,config_0,multimodal_samples_050_3,id_7d268895569b,har,train,full_run,/workspaces/HIAAC-KR-Dev-Container/Minerva-Exps/benchmarks/experiments/paper_daghar_supervised_3runs_perlr_samples_down_seed_resnetse5_12345/logs/id_1ab02220ec6b/final,,,,,,,,,
evaluate_resnetse5,id_eecb8d387a10,id_528fd1f7a892,completed,1,True,id_01c6663a52ec,supervised,resnetse5,full_finetune_lr3,id_ef132296695f,multimodal_df,daghar_standardized_balanced,motionsense,test,,multimodal_perc_100,id_daa7333eb2f8,har,evaluate,full_run,/workspaces/HIAAC-KR-Dev-Container/Minerva-Exps/benchmarks/experiments/paper_daghar_supervised_3runs_perlr_samples_down_seed_resnetse5_12345/logs/id_eecb8d387a10/final,5184265343,/workspaces/HIAAC-KR-Dev-Container/Minerva-Exps/benchmarks/experiments/paper_daghar_supervised_3runs_perlr_samples_down_seed_resnetse5_12345/logs/id_eecb8d387a10/final/metrics_2025-11-10-16-58-5184265343.yaml,/workspaces/HIAAC-KR-Dev-Container/Minerva-Exps/benchmarks/experiments/paper_daghar_supervised_3runs_perlr_samples_down_seed_resnetse5_12345/logs/id_eecb8d387a10/final/run_2025-11-10-16-58-5184265343.yaml,0.5094162225723267,0.4819203019142151,0.4096493124961853,0.5094162225723267,0.5094162225723267,0.40160027146339417
evaluate_resnetse5,id_3132e389cc81,id_9b6f2f84459b,completed,1,True,id_a619266c470c,supervised,resnetse5,full_finetune_lr4,id_b309bd62c1bf,multimodal_df,daghar_standardized_balanced,motionsense,test,,multimodal_perc_100,id_daa7333eb2f8,har,evaluate,full_run,/workspaces/HIAAC-KR-Dev-Container/Minerva-Exps/benchmarks/experiments/paper_daghar_supervised_3runs_perlr_samples_down_seed_resnetse5_12345/logs/id_3132e389cc81/final,540df1275f,/workspaces/HIAAC-KR-Dev-Container/Minerva-Exps/benchmarks/experiments/paper_daghar_supervised_3runs_perlr_samples_down_seed_resnetse5_12345/logs/id_3132e389cc81/final/metrics_2025-11-10-15-33-540df1275f.yaml,/workspaces/HIAAC-KR-Dev-Container/Minerva-Exps/benchmarks/experiments/paper_daghar_supervised_3runs_perlr_samples_down_seed_resnetse5_12345/logs/id_3132e389cc81/final/run_2025-11-10-15-33-540df1275f.yaml,0.8305084705352783,0.8618318438529968,0.8162564635276794,0.8305084705352783,0.8305084705352783,0.861831784248352
train_resnetse5,id_e6964c250bb6,,completed,0,False,id_01c6663a52ec,supervised,resnetse5,full_finetune_lr3,id_6216214775b3,multimodal_df,daghar_standardized_balanced,rw_thigh,train,config_0,multimodal_samples_001_2,id_7d268895569b,har,train,full_run,/workspaces/HIAAC-KR-Dev-Container/Minerva-Exps/benchmarks/experiments/paper_daghar_supervised_3runs_perlr_samples_down_seed_resnetse5_12345/logs/id_e6964c250bb6/final,,,,,,,,,
train_resnetse5,id_67ae3342c05e,,completed,0,False,id_51a779f741ee,supervised,resnetse5,full_finetune_lr1,id_d7d1a80f3236,multimodal_df,daghar_standardized_balanced,rw_thigh,train,config_0,multimodal_samples_200_3,id_7d268895569b,har,train,full_run,/workspaces/HIAAC-KR-Dev-Container/Minerva-Exps/benchmarks/experiments/paper_daghar_supervised_3runs_perlr_samples_down_seed_resnetse5_12345/logs/id_67ae3342c05e/final,,,,,,,,,
evaluate_resnetse5,id_5d17aca3f500,id_f5bc099f1337,completed,1,True,id_51a779f741ee,supervised,resnetse5,full_finetune_lr1,id_c96b302940ae,multimodal_df,daghar_standardized_balanced,kuhar,test,,multimodal_perc_100,id_daa7333eb2f8,har,evaluate,full_run,/workspaces/HIAAC-KR-Dev-Container/Minerva-Exps/benchmarks/experiments/paper_daghar_supervised_3runs_perlr_samples_down_seed_resnetse5_12345/logs/id_5d17aca3f500/final,46e87c5d04,/workspaces/HIAAC-KR-Dev-Container/Minerva-Exps/benchmarks/experiments/paper_daghar_supervised_3runs_perlr_samples_down_seed_resnetse5_12345/logs/id_5d17aca3f500/final/metrics_2025-11-10-15-52-46e87c5d04.yaml,/workspaces/HIAAC-KR-Dev-Container/Minerva-Exps/benchmarks/experiments/paper_daghar_supervised_3runs_perlr_samples_down_seed_resnetse5_12345/logs/id_5d17aca3f500/final/run_2025-11-10-15-52-46e87c5d04.yaml,0.5138888955116272,0.5307897329330444,0.45408928394317627,0.5138888955116272,0.5138888955116272,0.5307896733283997
train_resnetse5,id_0afc27e59e32,,completed,0,False,id_01c6663a52ec,supervised,resnetse5,full_finetune_lr3,id_179104ace6c0,multimodal_df,daghar_standardized_balanced,kuhar,train,config_0,multimodal_samples_025_2,id_7d268895569b,har,train,full_run,/workspaces/HIAAC-KR-Dev-Container/Minerva-Exps/benchmarks/experiments/paper_daghar_supervised_3runs_perlr_samples_down_seed_resnetse5_12345/logs/id_0afc27e59e32/final,,,,,,,,,
evaluate_resnetse5,id_b4dd6f6fc68f,id_ed0322095072,completed,1,True,id_01c6663a52ec,supervised,resnetse5,full_finetune_lr3,id_bf761b672fa2,multimodal_df,daghar_standardized_balanced,rw_thigh,test,,multimodal_perc_100,id_daa7333eb2f8,har,evaluate,full_run,/workspaces/HIAAC-KR-Dev-Container/Minerva-Exps/benchmarks/experiments/paper_daghar_supervised_3runs_perlr_samples_down_seed_resnetse5_12345/logs/id_b4dd6f6fc68f/final,49f045d372,/workspaces/HIAAC-KR-Dev-Container/Minerva-Exps/benchmarks/experiments/paper_daghar_supervised_3runs_perlr_samples_down_seed_resnetse5_12345/logs/id_b4dd6f6fc68f/final/metrics_2025-11-10-16-30-49f045d372.yaml,/workspaces/HIAAC-KR-Dev-Container/Minerva-Exps/benchmarks/experiments/paper_daghar_supervised_3runs_perlr_samples_down_seed_resnetse5_12345/logs/id_b4dd6f6fc68f/final/run_2025-11-10-16-30-49f045d372.yaml,0.6445824503898621,0.6707961559295654,0.6525083184242249,0.6445824503898621,0.6445824503898621,0.6707961559295654
train_resnetse5,id_94dc99a8e771,,completed,0,False,id_01c6663a52ec,supervised,resnetse5,full_finetune_lr3,id_3b2d9b9fd6c6,multimodal_df,daghar_standardized_balanced,kuhar,train,config_0,multimodal_samples_010_3,id_7d268895569b,har,train,full_run,/workspaces/HIAAC-KR-Dev-Container/Minerva-Exps/benchmarks/experiments/paper_daghar_supervised_3runs_perlr_samples_down_seed_resnetse5_12345/logs/id_94dc99a8e771/final,,,,,,,,,
evaluate_resnetse5,id_cb01913a3dc5,id_14cd40fc4fbc,completed,1,True,id_a619266c470c,supervised,resnetse5,full_finetune_lr4,id_1c97182110c7,multimodal_df,daghar_standardized_balanced,kuhar,test,,multimodal_perc_100,id_daa7333eb2f8,har,evaluate,full_run,/workspaces/HIAAC-KR-Dev-Container/Minerva-Exps/benchmarks/experiments/paper_daghar_supervised_3runs_perlr_samples_down_seed_resnetse5_12345/logs/id_cb01913a3dc5/final,162a798fc2,/workspaces/HIAAC-KR-Dev-Container/Minerva-Exps/benchmarks/experiments/paper_daghar_supervised_3runs_perlr_samples_down_seed_resnetse5_12345/logs/id_cb01913a3dc5/final/metrics_2025-11-10-16-41-162a798fc2.yaml,/workspaces/HIAAC-KR-Dev-Container/Minerva-Exps/benchmarks/experiments/paper_daghar_supervised_3runs_perlr_samples_down_seed_resnetse5_12345/logs/id_cb01913a3dc5/final/run_2025-11-10-16-41-162a798fc2.yaml,0.5972222089767456,0.7332925200462341,0.5100817084312439,0.5972222089767456,0.5972222089767456,0.611077070236206
evaluate_resnetse5,id_be242189c395,id_1424e06c9b0f,completed,1,True,id_612c26209f9f,supervised,resnetse5,full_finetune_lr2,id_420d16951f62,multimodal_df,daghar_standardized_balanced,uci,test,,multimodal_perc_100,id_daa7333eb2f8,har,evaluate,full_run,/workspaces/HIAAC-KR-Dev-Container/Minerva-Exps/benchmarks/experiments/paper_daghar_supervised_3runs_perlr_samples_down_seed_resnetse5_12345/logs/id_be242189c395/final,017a536e06,/workspaces/HIAAC-KR-Dev-Container/Minerva-Exps/benchmarks/experiments/paper_daghar_supervised_3runs_perlr_samples_down_seed_resnetse5_12345/logs/id_be242189c395/final/metrics_2025-11-10-16-35-017a536e06.yaml,/workspaces/HIAAC-KR-Dev-Container/Minerva-Exps/benchmarks/experiments/paper_daghar_supervised_3runs_perlr_samples_down_seed_resnetse5_12345/logs/id_be242189c395/final/run_2025-11-10-16-35-017a536e06.yaml,0.20000000298023224,0.20000000298023224,0.06666667014360428,0.20000000298023224,0.20000000298023224,0.03999999910593033
train_resnetse5,id_2cd66a80b317,,completed,0,False,id_a619266c470c,supervised,resnetse5,full_finetune_lr4,id_2baf94349229,multimodal_df,daghar_standardized_balanced,rw_waist,train,config_0,multimodal_samples_025_3,id_7d268895569b,har,train,full_run,/workspaces/HIAAC-KR-Dev-Container/Minerva-Exps/benchmarks/experiments/paper_daghar_supervised_3runs_perlr_samples_down_seed_resnetse5_12345/logs/id_2cd66a80b317/final,,,,,,,,,
evaluate_resnetse5,id_8f49c6e282ab,id_8b0f1fe3cc2e,completed,1,True,id_51a779f741ee,supervised,resnetse5,full_finetune_lr1,id_4f7e468e9fd4,multimodal_df,daghar_standardized_balanced,uci,test,,multimodal_perc_100,id_daa7333eb2f8,har,evaluate,full_run,/workspaces/HIAAC-KR-Dev-Container/Minerva-Exps/benchmarks/experiments/paper_daghar_supervised_3runs_perlr_samples_down_seed_resnetse5_12345/logs/id_8f49c6e282ab/final,30dcd48443,/workspaces/HIAAC-KR-Dev-Container/Minerva-Exps/benchmarks/experiments/paper_daghar_supervised_3runs_perlr_samples_down_seed_resnetse5_12345/logs/id_8f49c6e282ab/final/metrics_2025-11-10-16-13-30dcd48443.yaml,/workspaces/HIAAC-KR-Dev-Container/Minerva-Exps/benchmarks/experiments/paper_daghar_supervised_3runs_perlr_samples_down_seed_resnetse5_12345/logs/id_8f49c6e282ab/final/run_2025-11-10-16-13-30dcd48443.yaml,0.8159420490264893,0.8204150199890137,0.8092257976531982,0.8159420490264893,0.8159419894218445,0.8204150199890137
train_resnetse5,id_b4e086827a37,,completed,0,False,id_612c26209f9f,supervised,resnetse5,full_finetune_lr2,id_091a3b529e49,multimodal_df,daghar_standardized_balanced,kuhar,train,config_0,multimodal_samples_005_3,id_7d268895569b,har,train,full_run,/workspaces/HIAAC-KR-Dev-Container/Minerva-Exps/benchmarks/experiments/paper_daghar_supervised_3runs_perlr_samples_down_seed_resnetse5_12345/logs/id_b4e086827a37/final,,,,,,,,,
evaluate_resnetse5,id_d31bb0182515,id_17b23be7c08c,completed,1,True,id_612c26209f9f,supervised,resnetse5,full_finetune_lr2,id_dbc3a09926e0,multimodal_df,daghar_standardized_balanced,kuhar,test,,multimodal_perc_100,id_daa7333eb2f8,har,evaluate,full_run,/workspaces/HIAAC-KR-Dev-Container/Minerva-Exps/benchmarks/experiments/paper_daghar_supervised_3runs_perlr_samples_down_seed_resnetse5_12345/logs/id_d31bb0182515/final,0523dfcf6a,/workspaces/HIAAC-KR-Dev-Container/Minerva-Exps/benchmarks/experiments/paper_daghar_supervised_3runs_perlr_samples_down_seed_resnetse5_12345/logs/id_d31bb0182515/final/metrics_2025-11-10-16-44-0523dfcf6a.yaml,/workspaces/HIAAC-KR-Dev-Container/Minerva-Exps/benchmarks/experiments/paper_daghar_supervised_3runs_perlr_samples_down_seed_resnetse5_12345/logs/id_d31bb0182515/final/run_2025-11-10-16-44-0523dfcf6a.yaml,0.5694444179534912,0.6296703219413757,0.508276104927063,0.5694444179534912,0.569444477558136,0.5247252583503723
evaluate_resnetse5,id_28bc03a3e6c4,id_d6fd0383def9,completed,1,True,id_612c26209f9f,supervised,resnetse5,full_finetune_lr2,id_61e965712612,multimodal_df,daghar_standardized_balanced,rw_waist,test,,multimodal_perc_100,id_daa7333eb2f8,har,evaluate,full_run,/workspaces/HIAAC-KR-Dev-Container/Minerva-Exps/benchmarks/experiments/paper_daghar_supervised_3runs_perlr_samples_down_seed_resnetse5_12345/logs/id_28bc03a3e6c4/final,36d21aeee1,/workspaces/HIAAC-KR-Dev-Container/Minerva-Exps/benchmarks/experiments/paper_daghar_supervised_3runs_perlr_samples_down_seed_resnetse5_12345/logs/id_28bc03a3e6c4/final/metrics_2025-11-10-15-30-36d21aeee1.yaml,/workspaces/HIAAC-KR-Dev-Container/Minerva-Exps/benchmarks/experiments/paper_daghar_supervised_3runs_perlr_samples_down_seed_resnetse5_12345/logs/id_28bc03a3e6c4/final/run_2025-11-10-15-30-36d21aeee1.yaml,0.1666666716337204,0.1666666716337204,0.0476190485060215,0.1666666716337204,0.1666666716337204,0.02777777798473835
evaluate_resnetse5,id_a87ff38002e4,id_89c1aec921a0,completed,1,True,id_01c6663a52ec,supervised,resnetse5,full_finetune_lr3,id_e5fd231e1895,multimodal_df,daghar_standardized_balanced,rw_thigh,test,,multimodal_perc_100,id_daa7333eb2f8,har,evaluate,full_run,/workspaces/HIAAC-KR-Dev-Container/Minerva-Exps/benchmarks/experiments/paper_daghar_supervised_3runs_perlr_samples_down_seed_resnetse5_12345/logs/id_a87ff38002e4/final,13b7cd4b6e,/workspaces/HIAAC-KR-Dev-Container/Minerva-Exps/benchmarks/experiments/paper_daghar_supervised_3runs_perlr_samples_down_seed_resnetse5_12345/logs/id_a87ff38002e4/final/metrics_2025-11-10-16-25-13b7cd4b6e.yaml,/workspaces/HIAAC-KR-Dev-Container/Minerva-Exps/benchmarks/experiments/paper_daghar_supervised_3runs_perlr_samples_down_seed_resnetse5_12345/logs/id_a87ff38002e4/final/run_2025-11-10-16-25-13b7cd4b6e.yaml,0.6970324516296387,0.7343313694000244,0.6686596870422363,0.6970324516296387,0.6970324516296387,0.7343314290046692
evaluate_resnetse5,id_f46059347a91,id_513afd59e13a,completed,1,True,id_51a779f741ee,supervised,resnetse5,full_finetune_lr1,id_1538479d89f1,multimodal_df,daghar_standardized_balanced,wisdm,test,,multimodal_perc_100,id_daa7333eb2f8,har,evaluate,full_run,/workspaces/HIAAC-KR-Dev-Container/Minerva-Exps/benchmarks/experiments/paper_daghar_supervised_3runs_perlr_samples_down_seed_resnetse5_12345/logs/id_f46059347a91/final,061b4b2017,/workspaces/HIAAC-KR-Dev-Container/Minerva-Exps/benchmarks/experiments/paper_daghar_supervised_3runs_perlr_samples_down_seed_resnetse5_12345/logs/id_f46059347a91/final/metrics_2025-11-10-17-01-061b4b2017.yaml,/workspaces/HIAAC-KR-Dev-Container/Minerva-Exps/benchmarks/experiments/paper_daghar_supervised_3runs_perlr_samples_down_seed_resnetse5_12345/logs/id_f46059347a91/final/run_2025-11-10-17-01-061b4b2017.yaml,0.7211981415748596,0.675856351852417,0.6425543427467346,0.7211981415748596,0.7211981415748596,0.675856351852417
evaluate_resnetse5,id_dfed8df964ea,id_437f80f788d3,completed,1,True,id_612c26209f9f,supervised,resnetse5,full_finetune_lr2,id_d45c437a575c,multimodal_df,daghar_standardized_balanced,kuhar,test,,multimodal_perc_100,id_daa7333eb2f8,har,evaluate,full_run,/workspaces/HIAAC-KR-Dev-Container/Minerva-Exps/benchmarks/experiments/paper_daghar_supervised_3runs_perlr_samples_down_seed_resnetse5_12345/logs/id_dfed8df964ea/final,213df1a34b,/workspaces/HIAAC-KR-Dev-Container/Minerva-Exps/benchmarks/experiments/paper_daghar_supervised_3runs_perlr_samples_down_seed_resnetse5_12345/logs/id_dfed8df964ea/final/metrics_2025-11-10-16-50-213df1a34b.yaml,/workspaces/HIAAC-KR-Dev-Container/Minerva-Exps/benchmarks/experiments/paper_daghar_supervised_3runs_perlr_samples_down_seed_resnetse5_12345/logs/id_dfed8df964ea/final/run_2025-11-10-16-50-213df1a34b.yaml,0.1666666716337204,0.1666666716337204,0.0476190485060215,0.1666666716337204,0.1666666716337204,0.02777777798473835
evaluate_resnetse5,id_ce61f01d7371,id_a5face54691d,completed,1,True,id_51a779f741ee,supervised,resnetse5,full_finetune_lr1,id_42a54c9a7058,multimodal_df,daghar_standardized_balanced,uci,test,,multimodal_perc_100,id_daa7333eb2f8,har,evaluate,full_run,/workspaces/HIAAC-KR-Dev-Container/Minerva-Exps/benchmarks/experiments/paper_daghar_supervised_3runs_perlr_samples_down_seed_resnetse5_12345/logs/id_ce61f01d7371/final,5139e84e80,/workspaces/HIAAC-KR-Dev-Container/Minerva-Exps/benchmarks/experiments/paper_daghar_supervised_3runs_perlr_samples_down_seed_resnetse5_12345/logs/id_ce61f01d7371/final/metrics_2025-11-10-16-41-5139e84e80.yaml,/workspaces/HIAAC-KR-Dev-Container/Minerva-Exps/benchmarks/experiments/paper_daghar_supervised_3runs_perlr_samples_down_seed_resnetse5_12345/logs/id_ce61f01d7371/final/run_2025-11-10-16-41-5139e84e80.yaml,0.7927536368370056,0.8917590975761414,0.7278373837471008,0.7927536368370056,0.7927536368370056,0.8917591571807861
train_resnetse5,id_94ae939be913,,completed,0,False,id_01c6663a52ec,supervised,resnetse5,full_finetune_lr3,id_f9825c05d917,multimodal_df,daghar_standardized_balanced,rw_thigh,train,config_0,multimodal_perc_100_3,id_7d268895569b,har,train,full_run,/workspaces/HIAAC-KR-Dev-Container/Minerva-Exps/benchmarks/experiments/paper_daghar_supervised_3runs_perlr_samples_down_seed_resnetse5_12345/logs/id_94ae939be913/final,,,,,,,,,
train_resnetse5,id_7070c57133c1,,completed,0,False,id_51a779f741ee,supervised,resnetse5,full_finetune_lr1,id_12164f3aad9d,multimodal_df,daghar_standardized_balanced,uci,train,config_0,multimodal_samples_100_2,id_7d268895569b,har,train,full_run,/workspaces/HIAAC-KR-Dev-Container/Minerva-Exps/benchmarks/experiments/paper_daghar_supervised_3runs_perlr_samples_down_seed_resnetse5_12345/logs/id_7070c57133c1/final,,,,,,,,,
train_resnetse5,id_0276a71fcf2e,,completed,0,False,id_51a779f741ee,supervised,resnetse5,full_finetune_lr1,id_1e462792852c,multimodal_df,daghar_standardized_balanced,motionsense,train,config_0,multimodal_samples_200_3,id_7d268895569b,har,train,full_run,/workspaces/HIAAC-KR-Dev-Container/Minerva-Exps/benchmarks/experiments/paper_daghar_supervised_3runs_perlr_samples_down_seed_resnetse5_12345/logs/id_0276a71fcf2e/final,,,,,,,,,
evaluate_resnetse5,id_caea0cb156e0,id_3b1f98230766,completed,1,True,id_a619266c470c,supervised,resnetse5,full_finetune_lr4,id_db3d861bdbdc,multimodal_df,daghar_standardized_balanced,rw_thigh,test,,multimodal_perc_100,id_daa7333eb2f8,har,evaluate,full_run,/workspaces/HIAAC-KR-Dev-Container/Minerva-Exps/benchmarks/experiments/paper_daghar_supervised_3runs_perlr_samples_down_seed_resnetse5_12345/logs/id_caea0cb156e0/final,4896dcf26f,/workspaces/HIAAC-KR-Dev-Container/Minerva-Exps/benchmarks/experiments/paper_daghar_supervised_3runs_perlr_samples_down_seed_resnetse5_12345/logs/id_caea0cb156e0/final/metrics_2025-11-10-16-40-4896dcf26f.yaml,/workspaces/HIAAC-KR-Dev-Container/Minerva-Exps/benchmarks/experiments/paper_daghar_supervised_3runs_perlr_samples_down_seed_resnetse5_12345/logs/id_caea0cb156e0/final/run_2025-11-10-16-40-4896dcf26f.yaml,0.6725327968597412,0.6955280303955078,0.6792898178100586,0.6725327968597412,0.6725327968597412,0.6955280303955078
train_resnetse5,id_989d48655858,,completed,0,False,id_51a779f741ee,supervised,resnetse5,full_finetune_lr1,id_c38874ce2244,multimodal_df,daghar_standardized_balanced,rw_waist,train,config_0,multimodal_samples_100_3,id_7d268895569b,har,train,full_run,/workspaces/HIAAC-KR-Dev-Container/Minerva-Exps/benchmarks/experiments/paper_daghar_supervised_3runs_perlr_samples_down_seed_resnetse5_12345/logs/id_989d48655858/final,,,,,,,,,
train_resnetse5,id_92bea528e34d,,completed,0,False,id_612c26209f9f,supervised,resnetse5,full_finetune_lr2,id_d7d1a80f3236,multimodal_df,daghar_standardized_balanced,rw_thigh,train,config_0,multimodal_samples_200_3,id_7d268895569b,har,train,full_run,/workspaces/HIAAC-KR-Dev-Container/Minerva-Exps/benchmarks/experiments/paper_daghar_supervised_3runs_perlr_samples_down_seed_resnetse5_12345/logs/id_92bea528e34d/final,,,,,,,,,
train_resnetse5,id_2c7f72865ed6,,completed,0,False,id_51a779f741ee,supervised,resnetse5,full_finetune_lr1,id_a33ed4b5468e,multimodal_df,daghar_standardized_balanced,rw_thigh,train,config_0,multimodal_samples_005_2,id_7d268895569b,har,train,full_run,/workspaces/HIAAC-KR-Dev-Container/Minerva-Exps/benchmarks/experiments/paper_daghar_supervised_3runs_perlr_samples_down_seed_resnetse5_12345/logs/id_2c7f72865ed6/final,,,,,,,,,
train_resnetse5,id_b6f68a6fb784,,completed,0,False,id_612c26209f9f,supervised,resnetse5,full_finetune_lr2,id_6216214775b3,multimodal_df,daghar_standardized_balanced,rw_thigh,train,config_0,multimodal_samples_001_2,id_7d268895569b,har,train,full_run,/workspaces/HIAAC-KR-Dev-Container/Minerva-Exps/benchmarks/experiments/paper_daghar_supervised_3runs_perlr_samples_down_seed_resnetse5_12345/logs/id_b6f68a6fb784/final,,,,,,,,,
evaluate_resnetse5,id_7ce21b1bcb92,id_3c750232bf7f,completed,1,True,id_01c6663a52ec,supervised,resnetse5,full_finetune_lr3,id_571543e27d17,multimodal_df,daghar_standardized_balanced,rw_waist,test,,multimodal_perc_100,id_daa7333eb2f8,har,evaluate,full_run,/workspaces/HIAAC-KR-Dev-Container/Minerva-Exps/benchmarks/experiments/paper_daghar_supervised_3runs_perlr_samples_down_seed_resnetse5_12345/logs/id_7ce21b1bcb92/final,03d9198244,/workspaces/HIAAC-KR-Dev-Container/Minerva-Exps/benchmarks/experiments/paper_daghar_supervised_3runs_perlr_samples_down_seed_resnetse5_12345/logs/id_7ce21b1bcb92/final/metrics_2025-11-10-16-06-03d9198244.yaml,/workspaces/HIAAC-KR-Dev-Container/Minerva-Exps/benchmarks/experiments/paper_daghar_supervised_3runs_perlr_samples_down_seed_resnetse5_12345/logs/id_7ce21b1bcb92/final/run_2025-11-10-16-06-03d9198244.yaml,0.7164351940155029,0.7613143920898438,0.7141107320785522,0.7164351940155029,0.7164351940155029,0.7613143920898438
evaluate_resnetse5,id_3293f33196ec,id_0daa93ff5831,completed,1,True,id_a619266c470c,supervised,resnetse5,full_finetune_lr4,id_0af1488d7b56,multimodal_df,daghar_standardized_balanced,motionsense,test,,multimodal_perc_100,id_daa7333eb2f8,har,evaluate,full_run,/workspaces/HIAAC-KR-Dev-Container/Minerva-Exps/benchmarks/experiments/paper_daghar_supervised_3runs_perlr_samples_down_seed_resnetse5_12345/logs/id_3293f33196ec/final,094a945632,/workspaces/HIAAC-KR-Dev-Container/Minerva-Exps/benchmarks/experiments/paper_daghar_supervised_3runs_perlr_samples_down_seed_resnetse5_12345/logs/id_3293f33196ec/final/metrics_2025-11-10-15-34-094a945632.yaml,/workspaces/HIAAC-KR-Dev-Container/Minerva-Exps/benchmarks/experiments/paper_daghar_supervised_3runs_perlr_samples_down_seed_resnetse5_12345/logs/id_3293f33196ec/final/run_2025-11-10-15-34-094a945632.yaml,0.7947269082069397,0.8366288542747498,0.7887856960296631,0.7947269082069397,0.7947269082069397,0.8366289138793945
evaluate_resnetse5,id_6dc184cffd68,id_c27166061c2e,completed,1,True,id_a619266c470c,supervised,resnetse5,full_finetune_lr4,id_2299b922b3b8,multimodal_df,daghar_standardized_balanced,wisdm,test,,multimodal_perc_100,id_daa7333eb2f8,har,evaluate,full_run,/workspaces/HIAAC-KR-Dev-Container/Minerva-Exps/benchmarks/experiments/paper_daghar_supervised_3runs_perlr_samples_down_seed_resnetse5_12345/logs/id_6dc184cffd68/final,1603b04043,/workspaces/HIAAC-KR-Dev-Container/Minerva-Exps/benchmarks/experiments/paper_daghar_supervised_3runs_perlr_samples_down_seed_resnetse5_12345/logs/id_6dc184cffd68/final/metrics_2025-11-10-16-00-1603b04043.yaml,/workspaces/HIAAC-KR-Dev-Container/Minerva-Exps/benchmarks/experiments/paper_daghar_supervised_3runs_perlr_samples_down_seed_resnetse5_12345/logs/id_6dc184cffd68/final/run_2025-11-10-16-00-1603b04043.yaml,0.698924720287323,0.7060702443122864,0.6236323118209839,0.698924720287323,0.698924720287323,0.7060702443122864
evaluate_resnetse5,id_0f79c6ca2789,id_dc4e18069998,completed,1,True,id_612c26209f9f,supervised,resnetse5,full_finetune_lr2,id_1ada09b787aa,multimodal_df,daghar_standardized_balanced,rw_thigh,test,,multimodal_perc_100,id_daa7333eb2f8,har,evaluate,full_run,/workspaces/HIAAC-KR-Dev-Container/Minerva-Exps/benchmarks/experiments/paper_daghar_supervised_3runs_perlr_samples_down_seed_resnetse5_12345/logs/id_0f79c6ca2789/final,29e71a94fc,/workspaces/HIAAC-KR-Dev-Container/Minerva-Exps/benchmarks/experiments/paper_daghar_supervised_3runs_perlr_samples_down_seed_resnetse5_12345/logs/id_0f79c6ca2789/final/metrics_2025-11-10-15-19-29e71a94fc.yaml,/workspaces/HIAAC-KR-Dev-Container/Minerva-Exps/benchmarks/experiments/paper_daghar_supervised_3runs_perlr_samples_down_seed_resnetse5_12345/logs/id_0f79c6ca2789/final/run_2025-11-10-15-19-29e71a94fc.yaml,0.1666666716337204,0.1666666716337204,0.0476190485060215,0.1666666716337204,0.1666666716337204,0.02777777798473835
evaluate_resnetse5,id_bb6bd6905e83,id_fa6d9d0fbae7,completed,1,True,id_3f47675df06f,supervised,resnetse5,full_finetune_lr5,id_ed69671adf3b,multimodal_df,daghar_standardized_balanced,rw_waist,test,,multimodal_perc_100,id_daa7333eb2f8,har,evaluate,full_run,/workspaces/HIAAC-KR-Dev-Container/Minerva-Exps/benchmarks/experiments/paper_daghar_supervised_3runs_perlr_samples_down_seed_resnetse5_12345/logs/id_bb6bd6905e83/final,3835260a48,/workspaces/HIAAC-KR-Dev-Container/Minerva-Exps/benchmarks/experiments/paper_daghar_supervised_3runs_perlr_samples_down_seed_resnetse5_12345/logs/id_bb6bd6905e83/final/metrics_2025-11-10-16-33-3835260a48.yaml,/workspaces/HIAAC-KR-Dev-Container/Minerva-Exps/benchmarks/experiments/paper_daghar_supervised_3runs_perlr_samples_down_seed_resnetse5_12345/logs/id_bb6bd6905e83/final/run_2025-11-10-16-33-3835260a48.yaml,0.38425925374031067,0.5889509320259094,0.2909223437309265,0.38425925374031067,0.38425928354263306,0.4907923936843872
evaluate_resnetse5,id_aa89ad9d232a,id_e34ead43b2a4,completed,1,True,id_01c6663a52ec,supervised,resnetse5,full_finetune_lr3,id_20234ec464fa,multimodal_df,daghar_standardized_balanced,rw_thigh,test,,multimodal_perc_100,id_daa7333eb2f8,har,evaluate,full_run,/workspaces/HIAAC-KR-Dev-Container/Minerva-Exps/benchmarks/experiments/paper_daghar_supervised_3runs_perlr_samples_down_seed_resnetse5_12345/logs/id_aa89ad9d232a/final,385bebfcec,/workspaces/HIAAC-KR-Dev-Container/Minerva-Exps/benchmarks/experiments/paper_daghar_supervised_3runs_perlr_samples_down_seed_resnetse5_12345/logs/id_aa89ad9d232a/final/metrics_2025-11-10-16-26-385bebfcec.yaml,/workspaces/HIAAC-KR-Dev-Container/Minerva-Exps/benchmarks/experiments/paper_daghar_supervised_3runs_perlr_samples_down_seed_resnetse5_12345/logs/id_aa89ad9d232a/final/run_2025-11-10-16-26-385bebfcec.yaml,0.7135955691337585,0.831243097782135,0.6690630912780762,0.7135955691337585,0.7135956287384033,0.8312431573867798
evaluate_resnetse5,id_0f6fb6e19b28,id_e05e9bbf63bb,completed,1,True,id_3f47675df06f,supervised,resnetse5,full_finetune_lr5,id_8383e9ed6287,multimodal_df,daghar_standardized_balanced,motionsense,test,,multimodal_perc_100,id_daa7333eb2f8,har,evaluate,full_run,/workspaces/HIAAC-KR-Dev-Container/Minerva-Exps/benchmarks/experiments/paper_daghar_supervised_3runs_perlr_samples_down_seed_resnetse5_12345/logs/id_0f6fb6e19b28/final,1487b96028,/workspaces/HIAAC-KR-Dev-Container/Minerva-Exps/benchmarks/experiments/paper_daghar_supervised_3runs_perlr_samples_down_seed_resnetse5_12345/logs/id_0f6fb6e19b28/final/metrics_2025-11-10-15-19-1487b96028.yaml,/workspaces/HIAAC-KR-Dev-Container/Minerva-Exps/benchmarks/experiments/paper_daghar_supervised_3runs_perlr_samples_down_seed_resnetse5_12345/logs/id_0f6fb6e19b28/final/run_2025-11-10-15-19-1487b96028.yaml,0.4576271176338196,0.578285276889801,0.37402620911598206,0.4576271176338196,0.4576271176338196,0.5782852172851562
train_resnetse5,id_311e5a517e0e,,completed,0,False,id_612c26209f9f,supervised,resnetse5,full_finetune_lr2,id_22326f4c2dcc,multimodal_df,daghar_standardized_balanced,wisdm,train,config_0,multimodal_samples_050,id_7d268895569b,har,train,full_run,/workspaces/HIAAC-KR-Dev-Container/Minerva-Exps/benchmarks/experiments/paper_daghar_supervised_3runs_perlr_samples_down_seed_resnetse5_12345/logs/id_311e5a517e0e/final,,,,,,,,,
train_resnetse5,id_09248e4d78aa,,completed,0,False,id_51a779f741ee,supervised,resnetse5,full_finetune_lr1,id_c1e743ebb0a8,multimodal_df,daghar_standardized_balanced,rw_thigh,train,config_0,multimodal_samples_005_3,id_7d268895569b,har,train,full_run,/workspaces/HIAAC-KR-Dev-Container/Minerva-Exps/benchmarks/experiments/paper_daghar_supervised_3runs_perlr_samples_down_seed_resnetse5_12345/logs/id_09248e4d78aa/final,,,,,,,,,
evaluate_resnetse5,id_abe1c829136f,id_89e1b43931df,completed,1,True,id_51a779f741ee,supervised,resnetse5,full_finetune_lr1,id_4dd10d8fb6f8,multimodal_df,daghar_standardized_balanced,rw_waist,test,,multimodal_perc_100,id_daa7333eb2f8,har,evaluate,full_run,/workspaces/HIAAC-KR-Dev-Container/Minerva-Exps/benchmarks/experiments/paper_daghar_supervised_3runs_perlr_samples_down_seed_resnetse5_12345/logs/id_abe1c829136f/final,157d3096f9,/workspaces/HIAAC-KR-Dev-Container/Minerva-Exps/benchmarks/experiments/paper_daghar_supervised_3runs_perlr_samples_down_seed_resnetse5_12345/logs/id_abe1c829136f/final/metrics_2025-11-10-16-27-157d3096f9.yaml,/workspaces/HIAAC-KR-Dev-Container/Minerva-Exps/benchmarks/experiments/paper_daghar_supervised_3runs_perlr_samples_down_seed_resnetse5_12345/logs/id_abe1c829136f/final/run_2025-11-10-16-27-157d3096f9.yaml,0.6280864477157593,0.6820877194404602,0.6022355556488037,0.6280864477157593,0.6280864477157593,0.682087779045105
evaluate_resnetse5,id_4746adbd5c83,id_81d063c17ea1,completed,1,True,id_01c6663a52ec,supervised,resnetse5,full_finetune_lr3,id_05f8d8137621,multimodal_df,daghar_standardized_balanced,wisdm,test,,multimodal_perc_100,id_daa7333eb2f8,har,evaluate,full_run,/workspaces/HIAAC-KR-Dev-Container/Minerva-Exps/benchmarks/experiments/paper_daghar_supervised_3runs_perlr_samples_down_seed_resnetse5_12345/logs/id_4746adbd5c83/final,132f1a26d4,/workspaces/HIAAC-KR-Dev-Container/Minerva-Exps/benchmarks/experiments/paper_daghar_supervised_3runs_perlr_samples_down_seed_resnetse5_12345/logs/id_4746adbd5c83/final/metrics_2025-11-10-15-42-132f1a26d4.yaml,/workspaces/HIAAC-KR-Dev-Container/Minerva-Exps/benchmarks/experiments/paper_daghar_supervised_3runs_perlr_samples_down_seed_resnetse5_12345/logs/id_4746adbd5c83/final/run_2025-11-10-15-42-132f1a26d4.yaml,0.7062212228775024,0.7812321782112122,0.6228163838386536,0.7062212228775024,0.7062212228775024,0.5859242081642151
train_resnetse5,id_c64cd3a07f9d,,completed,0,False,id_3f47675df06f,supervised,resnetse5,full_finetune_lr5,id_52a5133aa345,multimodal_df,daghar_standardized_balanced,wisdm,train,config_0,multimodal_samples_100_3,id_7d268895569b,har,train,full_run,/workspaces/HIAAC-KR-Dev-Container/Minerva-Exps/benchmarks/experiments/paper_daghar_supervised_3runs_perlr_samples_down_seed_resnetse5_12345/logs/id_c64cd3a07f9d/final,,,,,,,,,
evaluate_resnetse5,id_cb00b00f369a,id_f3598d27937d,completed,1,True,id_01c6663a52ec,supervised,resnetse5,full_finetune_lr3,id_87f43aa82530,multimodal_df,daghar_standardized_balanced,rw_waist,test,,multimodal_perc_100,id_daa7333eb2f8,har,evaluate,full_run,/workspaces/HIAAC-KR-Dev-Container/Minerva-Exps/benchmarks/experiments/paper_daghar_supervised_3runs_perlr_samples_down_seed_resnetse5_12345/logs/id_cb00b00f369a/final,01d88bead7,/workspaces/HIAAC-KR-Dev-Container/Minerva-Exps/benchmarks/experiments/paper_daghar_supervised_3runs_perlr_samples_down_seed_resnetse5_12345/logs/id_cb00b00f369a/final/metrics_2025-11-10-16-41-01d88bead7.yaml,/workspaces/HIAAC-KR-Dev-Container/Minerva-Exps/benchmarks/experiments/paper_daghar_supervised_3runs_perlr_samples_down_seed_resnetse5_12345/logs/id_cb00b00f369a/final/run_2025-11-10-16-41-01d88bead7.yaml,0.6863425970077515,0.7215110659599304,0.686464786529541,0.6863425970077515,0.6863425970077515,0.7215110659599304
evaluate_resnetse5,id_17020fc7b6e0,id_023039941ea6,completed,1,True,id_01c6663a52ec,supervised,resnetse5,full_finetune_lr3,id_9df44531c7bb,multimodal_df,daghar_standardized_balanced,motionsense,test,,multimodal_perc_100,id_daa7333eb2f8,har,evaluate,full_run,/workspaces/HIAAC-KR-Dev-Container/Minerva-Exps/benchmarks/experiments/paper_daghar_supervised_3runs_perlr_samples_down_seed_resnetse5_12345/logs/id_17020fc7b6e0/final,239e95e57a,/workspaces/HIAAC-KR-Dev-Container/Minerva-Exps/benchmarks/experiments/paper_daghar_supervised_3runs_perlr_samples_down_seed_resnetse5_12345/logs/id_17020fc7b6e0/final/metrics_2025-11-10-15-23-239e95e57a.yaml,/workspaces/HIAAC-KR-Dev-Container/Minerva-Exps/benchmarks/experiments/paper_daghar_supervised_3runs_perlr_samples_down_seed_resnetse5_12345/logs/id_17020fc7b6e0/final/run_2025-11-10-15-23-239e95e57a.yaml,0.7429378628730774,0.8009064197540283,0.7010171413421631,0.7429378628730774,0.7429378628730774,0.8009064793586731
evaluate_resnetse5,id_496782cda968,id_cc9cf365c093,completed,1,True,id_612c26209f9f,supervised,resnetse5,full_finetune_lr2,id_2ec699262787,multimodal_df,daghar_standardized_balanced,rw_waist,test,,multimodal_perc_100,id_daa7333eb2f8,har,evaluate,full_run,/workspaces/HIAAC-KR-Dev-Container/Minerva-Exps/benchmarks/experiments/paper_daghar_supervised_3runs_perlr_samples_down_seed_resnetse5_12345/logs/id_496782cda968/final,1221e4454c,/workspaces/HIAAC-KR-Dev-Container/Minerva-Exps/benchmarks/experiments/paper_daghar_supervised_3runs_perlr_samples_down_seed_resnetse5_12345/logs/id_496782cda968/final/metrics_2025-11-10-15-43-1221e4454c.yaml,/workspaces/HIAAC-KR-Dev-Container/Minerva-Exps/benchmarks/experiments/paper_daghar_supervised_3runs_perlr_samples_down_seed_resnetse5_12345/logs/id_496782cda968/final/run_2025-11-10-15-43-1221e4454c.yaml,0.6863425970077515,0.7276413440704346,0.6886431574821472,0.6863425970077515,0.6863425374031067,0.7276413440704346
evaluate_resnetse5,id_c12cf582bdce,id_120b711a0d45,completed,1,True,id_51a779f741ee,supervised,resnetse5,full_finetune_lr1,id_347819b8e8e9,multimodal_df,daghar_standardized_balanced,wisdm,test,,multimodal_perc_100,id_daa7333eb2f8,har,evaluate,full_run,/workspaces/HIAAC-KR-Dev-Container/Minerva-Exps/benchmarks/experiments/paper_daghar_supervised_3runs_perlr_samples_down_seed_resnetse5_12345/logs/id_c12cf582bdce/final,04152b98dd,/workspaces/HIAAC-KR-Dev-Container/Minerva-Exps/benchmarks/experiments/paper_daghar_supervised_3runs_perlr_samples_down_seed_resnetse5_12345/logs/id_c12cf582bdce/final/metrics_2025-11-10-16-36-04152b98dd.yaml,/workspaces/HIAAC-KR-Dev-Container/Minerva-Exps/benchmarks/experiments/paper_daghar_supervised_3runs_perlr_samples_down_seed_resnetse5_12345/logs/id_c12cf582bdce/final/run_2025-11-10-16-36-04152b98dd.yaml,0.6029185652732849,0.5438056588172913,0.5165933966636658,0.6029185652732849,0.6029185652732849,0.543805718421936
evaluate_resnetse5,id_a6ec2bdc2842,id_40f3d031fc52,completed,1,True,id_51a779f741ee,supervised,resnetse5,full_finetune_lr1,id_83507f6f11e1,multimodal_df,daghar_standardized_balanced,kuhar,test,,multimodal_perc_100,id_daa7333eb2f8,har,evaluate,full_run,/workspaces/HIAAC-KR-Dev-Container/Minerva-Exps/benchmarks/experiments/paper_daghar_supervised_3runs_perlr_samples_down_seed_resnetse5_12345/logs/id_a6ec2bdc2842/final,49d6df9878,/workspaces/HIAAC-KR-Dev-Container/Minerva-Exps/benchmarks/experiments/paper_daghar_supervised_3runs_perlr_samples_down_seed_resnetse5_12345/logs/id_a6ec2bdc2842/final/metrics_2025-11-10-16-24-49d6df9878.yaml,/workspaces/HIAAC-KR-Dev-Container/Minerva-Exps/benchmarks/experiments/paper_daghar_supervised_3runs_perlr_samples_down_seed_resnetse5_12345/logs/id_a6ec2bdc2842/final/run_2025-11-10-16-24-49d6df9878.yaml,0.5486111044883728,0.6345238089561462,0.43877825140953064,0.5486111044883728,0.5486111044883728,0.528769850730896
train_resnetse5,id_aa7fc335ccea,,completed,0,False,id_612c26209f9f,supervised,resnetse5,full_finetune_lr2,id_e6b257557292,multimodal_df,daghar_standardized_balanced,rw_waist,train,config_0,multimodal_perc_100_2,id_7d268895569b,har,train,full_run,/workspaces/HIAAC-KR-Dev-Container/Minerva-Exps/benchmarks/experiments/paper_daghar_supervised_3runs_perlr_samples_down_seed_resnetse5_12345/logs/id_aa7fc335ccea/final,,,,,,,,,
evaluate_resnetse5,id_44c7fd4c5aa4,id_24026f010769,completed,1,True,id_a619266c470c,supervised,resnetse5,full_finetune_lr4,id_7d75503f6205,multimodal_df,daghar_standardized_balanced,motionsense,test,,multimodal_perc_100,id_daa7333eb2f8,har,evaluate,full_run,/workspaces/HIAAC-KR-Dev-Container/Minerva-Exps/benchmarks/experiments/paper_daghar_supervised_3runs_perlr_samples_down_seed_resnetse5_12345/logs/id_44c7fd4c5aa4/final,12ba6f1fe2,/workspaces/HIAAC-KR-Dev-Container/Minerva-Exps/benchmarks/experiments/paper_daghar_supervised_3runs_perlr_samples_down_seed_resnetse5_12345/logs/id_44c7fd4c5aa4/final/metrics_2025-11-10-15-41-12ba6f1fe2.yaml,/workspaces/HIAAC-KR-Dev-Container/Minerva-Exps/benchmarks/experiments/paper_daghar_supervised_3runs_perlr_samples_down_seed_resnetse5_12345/logs/id_44c7fd4c5aa4/final/run_2025-11-10-15-41-12ba6f1fe2.yaml,0.7118644118309021,0.7978572845458984,0.6573861837387085,0.7118644118309021,0.7118644714355469,0.7978573441505432
train_resnetse5,id_6679a9754cd9,,completed,0,False,id_3f47675df06f,supervised,resnetse5,full_finetune_lr5,id_c8eedf2bd03f,multimodal_df,daghar_standardized_balanced,wisdm,train,config_0,multimodal_perc_100_2,id_7d268895569b,har,train,full_run,/workspaces/HIAAC-KR-Dev-Container/Minerva-Exps/benchmarks/experiments/paper_daghar_supervised_3runs_perlr_samples_down_seed_resnetse5_12345/logs/id_6679a9754cd9/final,,,,,,,,,
evaluate_resnetse5,id_0669d95435d6,id_69dc92b260f5,completed,1,True,id_51a779f741ee,supervised,resnetse5,full_finetune_lr1,id_f12acfbb0df5,multimodal_df,daghar_standardized_balanced,kuhar,test,,multimodal_perc_100,id_daa7333eb2f8,har,evaluate,full_run,/workspaces/HIAAC-KR-Dev-Container/Minerva-Exps/benchmarks/experiments/paper_daghar_supervised_3runs_perlr_samples_down_seed_resnetse5_12345/logs/id_0669d95435d6/final,22b064673f,/workspaces/HIAAC-KR-Dev-Container/Minerva-Exps/benchmarks/experiments/paper_daghar_supervised_3runs_perlr_samples_down_seed_resnetse5_12345/logs/id_0669d95435d6/final/metrics_2025-11-10-15-16-22b064673f.yaml,/workspaces/HIAAC-KR-Dev-Container/Minerva-Exps/benchmarks/experiments/paper_daghar_supervised_3runs_perlr_samples_down_seed_resnetse5_12345/logs/id_0669d95435d6/final/run_2025-11-10-15-16-22b064673f.yaml,0.5625,0.7538264989852905,0.4779895842075348,0.5625,0.5625,0.6281887888908386
evaluate_resnetse5,id_9dcab6f2e46f,id_1a859a6f3ed7,completed,1,True,id_01c6663a52ec,supervised,resnetse5,full_finetune_lr3,id_42a54c9a7058,multimodal_df,daghar_standardized_balanced,uci,test,,multimodal_perc_100,id_daa7333eb2f8,har,evaluate,full_run,/workspaces/HIAAC-KR-Dev-Container/Minerva-Exps/benchmarks/experiments/paper_daghar_supervised_3runs_perlr_samples_down_seed_resnetse5_12345/logs/id_9dcab6f2e46f/final,43b79d79d3,/workspaces/HIAAC-KR-Dev-Container/Minerva-Exps/benchmarks/experiments/paper_daghar_supervised_3runs_perlr_samples_down_seed_resnetse5_12345/logs/id_9dcab6f2e46f/final/metrics_2025-11-10-16-20-43b79d79d3.yaml,/workspaces/HIAAC-KR-Dev-Container/Minerva-Exps/benchmarks/experiments/paper_daghar_supervised_3runs_perlr_samples_down_seed_resnetse5_12345/logs/id_9dcab6f2e46f/final/run_2025-11-10-16-20-43b79d79d3.yaml,0.926086962223053,0.9276123046875,0.9260459542274475,0.926086962223053,0.926086962223053,0.9276123046875
train_resnetse5,id_6c503add7de9,,completed,0,False,id_612c26209f9f,supervised,resnetse5,full_finetune_lr2,id_2bd430b767f1,multimodal_df,daghar_standardized_balanced,motionsense,train,config_0,multimodal_samples_100_3,id_7d268895569b,har,train,full_run,/workspaces/HIAAC-KR-Dev-Container/Minerva-Exps/benchmarks/experiments/paper_daghar_supervised_3runs_perlr_samples_down_seed_resnetse5_12345/logs/id_6c503add7de9/final,,,,,,,,,
train_resnetse5,id_4c74876e9ec6,,completed,0,False,id_3f47675df06f,supervised,resnetse5,full_finetune_lr5,id_f50c99792caa,multimodal_df,daghar_standardized_balanced,uci,train,config_0,multimodal_samples_001_3,id_7d268895569b,har,train,full_run,/workspaces/HIAAC-KR-Dev-Container/Minerva-Exps/benchmarks/experiments/paper_daghar_supervised_3runs_perlr_samples_down_seed_resnetse5_12345/logs/id_4c74876e9ec6/final,,,,,,,,,
train_resnetse5,id_1d161f2fd036,,completed,0,False,id_a619266c470c,supervised,resnetse5,full_finetune_lr4,id_c348f76cba85,multimodal_df,daghar_standardized_balanced,kuhar,train,config_0,multimodal_samples_100,id_7d268895569b,har,train,full_run,/workspaces/HIAAC-KR-Dev-Container/Minerva-Exps/benchmarks/experiments/paper_daghar_supervised_3runs_perlr_samples_down_seed_resnetse5_12345/logs/id_1d161f2fd036/final,,,,,,,,,
evaluate_resnetse5,id_be3bedc24670,id_de0ed350fa84,completed,1,True,id_3f47675df06f,supervised,resnetse5,full_finetune_lr5,id_a61c5c890097,multimodal_df,daghar_standardized_balanced,kuhar,test,,multimodal_perc_100,id_daa7333eb2f8,har,evaluate,full_run,/workspaces/HIAAC-KR-Dev-Container/Minerva-Exps/benchmarks/experiments/paper_daghar_supervised_3runs_perlr_samples_down_seed_resnetse5_12345/logs/id_be3bedc24670/final,015db624eb,/workspaces/HIAAC-KR-Dev-Container/Minerva-Exps/benchmarks/experiments/paper_daghar_supervised_3runs_perlr_samples_down_seed_resnetse5_12345/logs/id_be3bedc24670/final/metrics_2025-11-10-16-35-015db624eb.yaml,/workspaces/HIAAC-KR-Dev-Container/Minerva-Exps/benchmarks/experiments/paper_daghar_supervised_3runs_perlr_samples_down_seed_resnetse5_12345/logs/id_be3bedc24670/final/run_2025-11-10-16-35-015db624eb.yaml,0.6597222089767456,0.7248275876045227,0.5946528315544128,0.6597222089767456,0.6597222089767456,0.6040229797363281
train_resnetse5,id_86d452f0a0b5,,completed,0,False,id_612c26209f9f,supervised,resnetse5,full_finetune_lr2,id_6dc44c345419,multimodal_df,daghar_standardized_balanced,rw_waist,train,config_0,multimodal_samples_025,id_7d268895569b,har,train,full_run,/workspaces/HIAAC-KR-Dev-Container/Minerva-Exps/benchmarks/experiments/paper_daghar_supervised_3runs_perlr_samples_down_seed_resnetse5_12345/logs/id_86d452f0a0b5/final,,,,,,,,,
evaluate_resnetse5,id_75094d07f69a,id_bb608c0aef66,completed,1,True,id_a619266c470c,supervised,resnetse5,full_finetune_lr4,id_b00b222d795f,multimodal_df,daghar_standardized_balanced,motionsense,test,,multimodal_perc_100,id_daa7333eb2f8,har,evaluate,full_run,/workspaces/HIAAC-KR-Dev-Container/Minerva-Exps/benchmarks/experiments/paper_daghar_supervised_3runs_perlr_samples_down_seed_resnetse5_12345/logs/id_75094d07f69a/final,14610e95fe,/workspaces/HIAAC-KR-Dev-Container/Minerva-Exps/benchmarks/experiments/paper_daghar_supervised_3runs_perlr_samples_down_seed_resnetse5_12345/logs/id_75094d07f69a/final/metrics_2025-11-10-16-03-14610e95fe.yaml,/workspaces/HIAAC-KR-Dev-Container/Minerva-Exps/benchmarks/experiments/paper_daghar_supervised_3runs_perlr_samples_down_seed_resnetse5_12345/logs/id_75094d07f69a/final/run_2025-11-10-16-03-14610e95fe.yaml,0.8022598624229431,0.8599016666412354,0.7632629871368408,0.8022598624229431,0.8022599220275879,0.8599017262458801
train_resnetse5,id_d2a7df8db5c6,,completed,0,False,id_612c26209f9f,supervised,resnetse5,full_finetune_lr2,id_4987ed1d5bf0,multimodal_df,daghar_standardized_balanced,wisdm,train,config_0,multimodal_samples_025,id_7d268895569b,har,train,full_run,/workspaces/HIAAC-KR-Dev-Container/Minerva-Exps/benchmarks/experiments/paper_daghar_supervised_3runs_perlr_samples_down_seed_resnetse5_12345/logs/id_d2a7df8db5c6/final,,,,,,,,,
evaluate_resnetse5,id_b3d9f40cd8eb,id_c2971b4035ed,completed,1,True,id_51a779f741ee,supervised,resnetse5,full_finetune_lr1,id_2b680f63640c,multimodal_df,daghar_standardized_balanced,uci,test,,multimodal_perc_100,id_daa7333eb2f8,har,evaluate,full_run,/workspaces/HIAAC-KR-Dev-Container/Minerva-Exps/benchmarks/experiments/paper_daghar_supervised_3runs_perlr_samples_down_seed_resnetse5_12345/logs/id_b3d9f40cd8eb/final,474afaa194,/workspaces/HIAAC-KR-Dev-Container/Minerva-Exps/benchmarks/experiments/paper_daghar_supervised_3runs_perlr_samples_down_seed_resnetse5_12345/logs/id_b3d9f40cd8eb/final/metrics_2025-11-10-16-29-474afaa194.yaml,/workspaces/HIAAC-KR-Dev-Container/Minerva-Exps/benchmarks/experiments/paper_daghar_supervised_3runs_perlr_samples_down_seed_resnetse5_12345/logs/id_b3d9f40cd8eb/final/run_2025-11-10-16-29-474afaa194.yaml,0.4202898442745209,0.45113563537597656,0.33197352290153503,0.4202898442745209,0.42028987407684326,0.45113569498062134
train_resnetse5,id_90621eadcc52,,completed,0,False,id_3f47675df06f,supervised,resnetse5,full_finetune_lr5,id_8eaba78f5c3b,multimodal_df,daghar_standardized_balanced,kuhar,train,config_0,multimodal_samples_025_3,id_7d268895569b,har,train,full_run,/workspaces/HIAAC-KR-Dev-Container/Minerva-Exps/benchmarks/experiments/paper_daghar_supervised_3runs_perlr_samples_down_seed_resnetse5_12345/logs/id_90621eadcc52/final,,,,,,,,,
evaluate_resnetse5,id_c9f977d51bec,id_c51a33da5e97,completed,1,True,id_a619266c470c,supervised,resnetse5,full_finetune_lr4,id_509ed146099d,multimodal_df,daghar_standardized_balanced,wisdm,test,,multimodal_perc_100,id_daa7333eb2f8,har,evaluate,full_run,/workspaces/HIAAC-KR-Dev-Container/Minerva-Exps/benchmarks/experiments/paper_daghar_supervised_3runs_perlr_samples_down_seed_resnetse5_12345/logs/id_c9f977d51bec/final,1735d367ab,/workspaces/HIAAC-KR-Dev-Container/Minerva-Exps/benchmarks/experiments/paper_daghar_supervised_3runs_perlr_samples_down_seed_resnetse5_12345/logs/id_c9f977d51bec/final/metrics_2025-11-10-16-40-1735d367ab.yaml,/workspaces/HIAAC-KR-Dev-Container/Minerva-Exps/benchmarks/experiments/paper_daghar_supervised_3runs_perlr_samples_down_seed_resnetse5_12345/logs/id_c9f977d51bec/final/run_2025-11-10-16-40-1735d367ab.yaml,0.4005376398563385,0.28987744450569153,0.2819843888282776,0.4005376398563385,0.4005376398563385,0.28987744450569153
train_resnetse5,id_1d16a771b2a8,,completed,0,False,id_01c6663a52ec,supervised,resnetse5,full_finetune_lr3,id_88b17060c225,multimodal_df,daghar_standardized_balanced,wisdm,train,config_0,multimodal_samples_100_2,id_7d268895569b,har,train,full_run,/workspaces/HIAAC-KR-Dev-Container/Minerva-Exps/benchmarks/experiments/paper_daghar_supervised_3runs_perlr_samples_down_seed_resnetse5_12345/logs/id_1d16a771b2a8/final,,,,,,,,,
evaluate_resnetse5,id_956453e7c382,id_a063b78e28f3,completed,1,True,id_3f47675df06f,supervised,resnetse5,full_finetune_lr5,id_e2018ac605e5,multimodal_df,daghar_standardized_balanced,rw_waist,test,,multimodal_perc_100,id_daa7333eb2f8,har,evaluate,full_run,/workspaces/HIAAC-KR-Dev-Container/Minerva-Exps/benchmarks/experiments/paper_daghar_supervised_3runs_perlr_samples_down_seed_resnetse5_12345/logs/id_956453e7c382/final,28a259eb5c,/workspaces/HIAAC-KR-Dev-Container/Minerva-Exps/benchmarks/experiments/paper_daghar_supervised_3runs_perlr_samples_down_seed_resnetse5_12345/logs/id_956453e7c382/final/metrics_2025-11-10-16-16-28a259eb5c.yaml,/workspaces/HIAAC-KR-Dev-Container/Minerva-Exps/benchmarks/experiments/paper_daghar_supervised_3runs_perlr_samples_down_seed_resnetse5_12345/logs/id_956453e7c382/final/run_2025-11-10-16-16-28a259eb5c.yaml,0.7021604776382446,0.727125883102417,0.6656696200370789,0.7021604776382446,0.7021605372428894,0.7271259427070618
evaluate_resnetse5,id_91eaf117f7f0,id_9c8cd46d1b50,completed,1,True,id_51a779f741ee,supervised,resnetse5,full_finetune_lr1,id_571543e27d17,multimodal_df,daghar_standardized_balanced,rw_waist,test,,multimodal_perc_100,id_daa7333eb2f8,har,evaluate,full_run,/workspaces/HIAAC-KR-Dev-Container/Minerva-Exps/benchmarks/experiments/paper_daghar_supervised_3runs_perlr_samples_down_seed_resnetse5_12345/logs/id_91eaf117f7f0/final,20a4d456b7,/workspaces/HIAAC-KR-Dev-Container/Minerva-Exps/benchmarks/experiments/paper_daghar_supervised_3runs_perlr_samples_down_seed_resnetse5_12345/logs/id_91eaf117f7f0/final/metrics_2025-11-10-16-15-20a4d456b7.yaml,/workspaces/HIAAC-KR-Dev-Container/Minerva-Exps/benchmarks/experiments/paper_daghar_supervised_3runs_perlr_samples_down_seed_resnetse5_12345/logs/id_91eaf117f7f0/final/run_2025-11-10-16-15-20a4d456b7.yaml,0.7002314925193787,0.8052094578742981,0.6564252972602844,0.7002314925193787,0.7002314925193787,0.6710078716278076
evaluate_resnetse5,id_4a49dda95ae4,id_8ca7741e9b8f,completed,1,True,id_01c6663a52ec,supervised,resnetse5,full_finetune_lr3,id_925ee63de904,multimodal_df,daghar_standardized_balanced,wisdm,test,,multimodal_perc_100,id_daa7333eb2f8,har,evaluate,full_run,/workspaces/HIAAC-KR-Dev-Container/Minerva-Exps/benchmarks/experiments/paper_daghar_supervised_3runs_perlr_samples_down_seed_resnetse5_12345/logs/id_4a49dda95ae4/final,34392c12a5,/workspaces/HIAAC-KR-Dev-Container/Minerva-Exps/benchmarks/experiments/paper_daghar_supervised_3runs_perlr_samples_down_seed_resnetse5_12345/logs/id_4a49dda95ae4/final/metrics_2025-11-10-15-43-34392c12a5.yaml,/workspaces/HIAAC-KR-Dev-Container/Minerva-Exps/benchmarks/experiments/paper_daghar_supervised_3runs_perlr_samples_down_seed_resnetse5_12345/logs/id_4a49dda95ae4/final/run_2025-11-10-15-43-34392c12a5.yaml,0.7461597323417664,0.7501071095466614,0.6700882315635681,0.7461597323417664,0.7461597919464111,0.7501070499420166
train_resnetse5,id_5423c269058a,,completed,0,False,id_612c26209f9f,supervised,resnetse5,full_finetune_lr2,id_65ee89aa2e13,multimodal_df,daghar_standardized_balanced,uci,train,config_0,multimodal_samples_100,id_7d268895569b,har,train,full_run,/workspaces/HIAAC-KR-Dev-Container/Minerva-Exps/benchmarks/experiments/paper_daghar_supervised_3runs_perlr_samples_down_seed_resnetse5_12345/logs/id_5423c269058a/final,,,,,,,,,
train_resnetse5,id_4ef21e358f8a,,completed,0,False,id_3f47675df06f,supervised,resnetse5,full_finetune_lr5,id_120bda9178a1,multimodal_df,daghar_standardized_balanced,wisdm,train,config_0,multimodal_samples_010_3,id_7d268895569b,har,train,full_run,/workspaces/HIAAC-KR-Dev-Container/Minerva-Exps/benchmarks/experiments/paper_daghar_supervised_3runs_perlr_samples_down_seed_resnetse5_12345/logs/id_4ef21e358f8a/final,,,,,,,,,
evaluate_resnetse5,id_8cfd68b3a853,id_1c4155a604e0,completed,1,True,id_01c6663a52ec,supervised,resnetse5,full_finetune_lr3,id_13d5f2eca3a8,multimodal_df,daghar_standardized_balanced,rw_thigh,test,,multimodal_perc_100,id_daa7333eb2f8,har,evaluate,full_run,/workspaces/HIAAC-KR-Dev-Container/Minerva-Exps/benchmarks/experiments/paper_daghar_supervised_3runs_perlr_samples_down_seed_resnetse5_12345/logs/id_8cfd68b3a853/final,521c9d0633,/workspaces/HIAAC-KR-Dev-Container/Minerva-Exps/benchmarks/experiments/paper_daghar_supervised_3runs_perlr_samples_down_seed_resnetse5_12345/logs/id_8cfd68b3a853/final/metrics_2025-11-10-16-12-521c9d0633.yaml,/workspaces/HIAAC-KR-Dev-Container/Minerva-Exps/benchmarks/experiments/paper_daghar_supervised_3runs_perlr_samples_down_seed_resnetse5_12345/logs/id_8cfd68b3a853/final/run_2025-11-10-16-12-521c9d0633.yaml,0.6656314730644226,0.6527803540229797,0.6160700917243958,0.6656314730644226,0.6656314730644226,0.652780294418335
train_resnetse5,id_07b6b03a3308,,completed,0,False,id_3f47675df06f,supervised,resnetse5,full_finetune_lr5,id_7c6176c62c39,multimodal_df,daghar_standardized_balanced,motionsense,train,config_0,multimodal_samples_001_2,id_7d268895569b,har,train,full_run,/workspaces/HIAAC-KR-Dev-Container/Minerva-Exps/benchmarks/experiments/paper_daghar_supervised_3runs_perlr_samples_down_seed_resnetse5_12345/logs/id_07b6b03a3308/final,,,,,,,,,
evaluate_resnetse5,id_618bc590f7fd,id_3f95b88b20c6,completed,1,True,id_a619266c470c,supervised,resnetse5,full_finetune_lr4,id_97fabd68dc1d,multimodal_df,daghar_standardized_balanced,wisdm,test,,multimodal_perc_100,id_daa7333eb2f8,har,evaluate,full_run,/workspaces/HIAAC-KR-Dev-Container/Minerva-Exps/benchmarks/experiments/paper_daghar_supervised_3runs_perlr_samples_down_seed_resnetse5_12345/logs/id_618bc590f7fd/final,48399509cc,/workspaces/HIAAC-KR-Dev-Container/Minerva-Exps/benchmarks/experiments/paper_daghar_supervised_3runs_perlr_samples_down_seed_resnetse5_12345/logs/id_618bc590f7fd/final/metrics_2025-11-10-15-54-48399509cc.yaml,/workspaces/HIAAC-KR-Dev-Container/Minerva-Exps/benchmarks/experiments/paper_daghar_supervised_3runs_perlr_samples_down_seed_resnetse5_12345/logs/id_618bc590f7fd/final/run_2025-11-10-15-54-48399509cc.yaml,0.7158218026161194,0.7563439011573792,0.6334333419799805,0.7158218026161194,0.7158218622207642,0.7563438415527344
evaluate_resnetse5,id_932ff1d0936d,id_9c65b3ff9fdc,completed,1,True,id_51a779f741ee,supervised,resnetse5,full_finetune_lr1,id_a2762685b735,multimodal_df,daghar_standardized_balanced,rw_thigh,test,,multimodal_perc_100,id_daa7333eb2f8,har,evaluate,full_run,/workspaces/HIAAC-KR-Dev-Container/Minerva-Exps/benchmarks/experiments/paper_daghar_supervised_3runs_perlr_samples_down_seed_resnetse5_12345/logs/id_932ff1d0936d/final,004e9eac6c,/workspaces/HIAAC-KR-Dev-Container/Minerva-Exps/benchmarks/experiments/paper_daghar_supervised_3runs_perlr_samples_down_seed_resnetse5_12345/logs/id_932ff1d0936d/final/metrics_2025-11-10-16-16-004e9eac6c.yaml,/workspaces/HIAAC-KR-Dev-Container/Minerva-Exps/benchmarks/experiments/paper_daghar_supervised_3runs_perlr_samples_down_seed_resnetse5_12345/logs/id_932ff1d0936d/final/run_2025-11-10-16-16-004e9eac6c.yaml,0.27501726150512695,0.20867657661437988,0.2280389815568924,0.27501726150512695,0.27501723170280457,0.20867657661437988
train_resnetse5,id_8639b10042fb,,completed,0,False,id_3f47675df06f,supervised,resnetse5,full_finetune_lr5,id_274e205b8ad8,multimodal_df,daghar_standardized_balanced,kuhar,train,config_0,multimodal_samples_010_2,id_7d268895569b,har,train,full_run,/workspaces/HIAAC-KR-Dev-Container/Minerva-Exps/benchmarks/experiments/paper_daghar_supervised_3runs_perlr_samples_down_seed_resnetse5_12345/logs/id_8639b10042fb/final,,,,,,,,,
evaluate_resnetse5,id_731d79f5f143,id_479680479975,completed,1,True,id_612c26209f9f,supervised,resnetse5,full_finetune_lr2,id_3c74cc6e40b8,multimodal_df,daghar_standardized_balanced,kuhar,test,,multimodal_perc_100,id_daa7333eb2f8,har,evaluate,full_run,/workspaces/HIAAC-KR-Dev-Container/Minerva-Exps/benchmarks/experiments/paper_daghar_supervised_3runs_perlr_samples_down_seed_resnetse5_12345/logs/id_731d79f5f143/final,046da7bfca,/workspaces/HIAAC-KR-Dev-Container/Minerva-Exps/benchmarks/experiments/paper_daghar_supervised_3runs_perlr_samples_down_seed_resnetse5_12345/logs/id_731d79f5f143/final/metrics_2025-11-10-16-02-046da7bfca.yaml,/workspaces/HIAAC-KR-Dev-Container/Minerva-Exps/benchmarks/experiments/paper_daghar_supervised_3runs_perlr_samples_down_seed_resnetse5_12345/logs/id_731d79f5f143/final/run_2025-11-10-16-02-046da7bfca.yaml,0.6736111044883728,0.7327848672866821,0.6144578456878662,0.6736111044883728,0.6736111044883728,0.6106541156768799
evaluate_resnetse5,id_58bcc8697ca3,id_d33bdc6b3b91,completed,1,True,id_3f47675df06f,supervised,resnetse5,full_finetune_lr5,id_13d5f2eca3a8,multimodal_df,daghar_standardized_balanced,rw_thigh,test,,multimodal_perc_100,id_daa7333eb2f8,har,evaluate,full_run,/workspaces/HIAAC-KR-Dev-Container/Minerva-Exps/benchmarks/experiments/paper_daghar_supervised_3runs_perlr_samples_down_seed_resnetse5_12345/logs/id_58bcc8697ca3/final,11fe7b6b83,/workspaces/HIAAC-KR-Dev-Container/Minerva-Exps/benchmarks/experiments/paper_daghar_supervised_3runs_perlr_samples_down_seed_resnetse5_12345/logs/id_58bcc8697ca3/final/metrics_2025-11-10-15-51-11fe7b6b83.yaml,/workspaces/HIAAC-KR-Dev-Container/Minerva-Exps/benchmarks/experiments/paper_daghar_supervised_3runs_perlr_samples_down_seed_resnetse5_12345/logs/id_58bcc8697ca3/final/run_2025-11-10-15-51-11fe7b6b83.yaml,0.7363699078559875,0.760417640209198,0.7297481298446655,0.7363699078559875,0.7363698482513428,0.760417640209198
train_resnetse5,id_60fdd872eb4c,,completed,0,False,id_51a779f741ee,supervised,resnetse5,full_finetune_lr1,id_cd8d01e2da59,multimodal_df,daghar_standardized_balanced,uci,train,config_0,multimodal_samples_025_2,id_7d268895569b,har,train,full_run,/workspaces/HIAAC-KR-Dev-Container/Minerva-Exps/benchmarks/experiments/paper_daghar_supervised_3runs_perlr_samples_down_seed_resnetse5_12345/logs/id_60fdd872eb4c/final,,,,,,,,,
train_resnetse5,id_669dfa7ceb91,,completed,0,False,id_3f47675df06f,supervised,resnetse5,full_finetune_lr5,id_7aec5716a4be,multimodal_df,daghar_standardized_balanced,motionsense,train,config_0,multimodal_samples_025_2,id_7d268895569b,har,train,full_run,/workspaces/HIAAC-KR-Dev-Container/Minerva-Exps/benchmarks/experiments/paper_daghar_supervised_3runs_perlr_samples_down_seed_resnetse5_12345/logs/id_669dfa7ceb91/final,,,,,,,,,
evaluate_resnetse5,id_dcfb18c5e7da,id_cf929a7d2514,completed,1,True,id_01c6663a52ec,supervised,resnetse5,full_finetune_lr3,id_83507f6f11e1,multimodal_df,daghar_standardized_balanced,kuhar,test,,multimodal_perc_100,id_daa7333eb2f8,har,evaluate,full_run,/workspaces/HIAAC-KR-Dev-Container/Minerva-Exps/benchmarks/experiments/paper_daghar_supervised_3runs_perlr_samples_down_seed_resnetse5_12345/logs/id_dcfb18c5e7da/final,58f9211167,/workspaces/HIAAC-KR-Dev-Container/Minerva-Exps/benchmarks/experiments/paper_daghar_supervised_3runs_perlr_samples_down_seed_resnetse5_12345/logs/id_dcfb18c5e7da/final/metrics_2025-11-10-16-47-58f9211167.yaml,/workspaces/HIAAC-KR-Dev-Container/Minerva-Exps/benchmarks/experiments/paper_daghar_supervised_3runs_perlr_samples_down_seed_resnetse5_12345/logs/id_dcfb18c5e7da/final/run_2025-11-10-16-47-58f9211167.yaml,0.6041666865348816,0.6742424368858337,0.5124278664588928,0.6041666865348816,0.6041666865348816,0.5618686676025391
train_resnetse5,id_f93e322132b5,,completed,0,False,id_01c6663a52ec,supervised,resnetse5,full_finetune_lr3,id_4cebd74418d5,multimodal_df,daghar_standardized_balanced,rw_thigh,train,config_0,multimodal_samples_025_2,id_7d268895569b,har,train,full_run,/workspaces/HIAAC-KR-Dev-Container/Minerva-Exps/benchmarks/experiments/paper_daghar_supervised_3runs_perlr_samples_down_seed_resnetse5_12345/logs/id_f93e322132b5/final,,,,,,,,,
train_resnetse5,id_d299a355d623,,completed,0,False,id_a619266c470c,supervised,resnetse5,full_finetune_lr4,id_ec9738c1ffd0,multimodal_df,daghar_standardized_balanced,rw_waist,train,config_0,multimodal_samples_100,id_7d268895569b,har,train,full_run,/workspaces/HIAAC-KR-Dev-Container/Minerva-Exps/benchmarks/experiments/paper_daghar_supervised_3runs_perlr_samples_down_seed_resnetse5_12345/logs/id_d299a355d623/final,,,,,,,,,
evaluate_resnetse5,id_f3331328824a,id_c9d9b914f575,completed,1,True,id_51a779f741ee,supervised,resnetse5,full_finetune_lr1,id_70e3e98bc86c,multimodal_df,daghar_standardized_balanced,kuhar,test,,multimodal_perc_100,id_daa7333eb2f8,har,evaluate,full_run,/workspaces/HIAAC-KR-Dev-Container/Minerva-Exps/benchmarks/experiments/paper_daghar_supervised_3runs_perlr_samples_down_seed_resnetse5_12345/logs/id_f3331328824a/final,56805f6fb3,/workspaces/HIAAC-KR-Dev-Container/Minerva-Exps/benchmarks/experiments/paper_daghar_supervised_3runs_perlr_samples_down_seed_resnetse5_12345/logs/id_f3331328824a/final/metrics_2025-11-10-17-00-56805f6fb3.yaml,/workspaces/HIAAC-KR-Dev-Container/Minerva-Exps/benchmarks/experiments/paper_daghar_supervised_3runs_perlr_samples_down_seed_resnetse5_12345/logs/id_f3331328824a/final/run_2025-11-10-17-00-56805f6fb3.yaml,0.625,0.697948694229126,0.5513055324554443,0.625,0.6250000596046448,0.5816239714622498
evaluate_resnetse5,id_7876ab8ee16d,id_d7d327401093,completed,1,True,id_a619266c470c,supervised,resnetse5,full_finetune_lr4,id_cc01e43eb008,multimodal_df,daghar_standardized_balanced,rw_waist,test,,multimodal_perc_100,id_daa7333eb2f8,har,evaluate,full_run,/workspaces/HIAAC-KR-Dev-Container/Minerva-Exps/benchmarks/experiments/paper_daghar_supervised_3runs_perlr_samples_down_seed_resnetse5_12345/logs/id_7876ab8ee16d/final,30509e5a04,/workspaces/HIAAC-KR-Dev-Container/Minerva-Exps/benchmarks/experiments/paper_daghar_supervised_3runs_perlr_samples_down_seed_resnetse5_12345/logs/id_7876ab8ee16d/final/metrics_2025-11-10-16-04-30509e5a04.yaml,/workspaces/HIAAC-KR-Dev-Container/Minerva-Exps/benchmarks/experiments/paper_daghar_supervised_3runs_perlr_samples_down_seed_resnetse5_12345/logs/id_7876ab8ee16d/final/run_2025-11-10-16-04-30509e5a04.yaml,0.7164351940155029,0.7634862065315247,0.7190893888473511,0.7164351940155029,0.7164351940155029,0.7634862661361694
evaluate_resnetse5,id_e6a4ee902f8f,id_e7647e9f7828,completed,1,True,id_3f47675df06f,supervised,resnetse5,full_finetune_lr5,id_0af1488d7b56,multimodal_df,daghar_standardized_balanced,motionsense,test,,multimodal_perc_100,id_daa7333eb2f8,har,evaluate,full_run,/workspaces/HIAAC-KR-Dev-Container/Minerva-Exps/benchmarks/experiments/paper_daghar_supervised_3runs_perlr_samples_down_seed_resnetse5_12345/logs/id_e6a4ee902f8f/final,2431ec7d51,/workspaces/HIAAC-KR-Dev-Container/Minerva-Exps/benchmarks/experiments/paper_daghar_supervised_3runs_perlr_samples_down_seed_resnetse5_12345/logs/id_e6a4ee902f8f/final/metrics_2025-11-10-16-53-2431ec7d51.yaml,/workspaces/HIAAC-KR-Dev-Container/Minerva-Exps/benchmarks/experiments/paper_daghar_supervised_3runs_perlr_samples_down_seed_resnetse5_12345/logs/id_e6a4ee902f8f/final/run_2025-11-10-16-53-2431ec7d51.yaml,0.7523540258407593,0.786220133304596,0.7030254602432251,0.7523540258407593,0.752354085445404,0.786220133304596
evaluate_resnetse5,id_c66130229f6f,id_86d452f0a0b5,completed,1,True,id_612c26209f9f,supervised,resnetse5,full_finetune_lr2,id_7e73a2ddd55d,multimodal_df,daghar_standardized_balanced,rw_waist,test,,multimodal_perc_100,id_daa7333eb2f8,har,evaluate,full_run,/workspaces/HIAAC-KR-Dev-Container/Minerva-Exps/benchmarks/experiments/paper_daghar_supervised_3runs_perlr_samples_down_seed_resnetse5_12345/logs/id_c66130229f6f/final,249174fe70,/workspaces/HIAAC-KR-Dev-Container/Minerva-Exps/benchmarks/experiments/paper_daghar_supervised_3runs_perlr_samples_down_seed_resnetse5_12345/logs/id_c66130229f6f/final/metrics_2025-11-10-16-38-249174fe70.yaml,/workspaces/HIAAC-KR-Dev-Container/Minerva-Exps/benchmarks/experiments/paper_daghar_supervised_3runs_perlr_samples_down_seed_resnetse5_12345/logs/id_c66130229f6f/final/run_2025-11-10-16-38-249174fe70.yaml,0.5763888955116272,0.58687424659729,0.565366804599762,0.5763888955116272,0.5763888955116272,0.58687424659729
train_resnetse5,id_f3c7b8ef95c9,,completed,0,False,id_01c6663a52ec,supervised,resnetse5,full_finetune_lr3,id_d368449171f5,multimodal_df,daghar_standardized_balanced,rw_waist,train,config_0,multimodal_samples_050_2,id_7d268895569b,har,train,full_run,/workspaces/HIAAC-KR-Dev-Container/Minerva-Exps/benchmarks/experiments/paper_daghar_supervised_3runs_perlr_samples_down_seed_resnetse5_12345/logs/id_f3c7b8ef95c9/final,,,,,,,,,
train_resnetse5,id_97227ce197e5,,completed,0,False,id_3f47675df06f,supervised,resnetse5,full_finetune_lr5,id_179104ace6c0,multimodal_df,daghar_standardized_balanced,kuhar,train,config_0,multimodal_samples_025_2,id_7d268895569b,har,train,full_run,/workspaces/HIAAC-KR-Dev-Container/Minerva-Exps/benchmarks/experiments/paper_daghar_supervised_3runs_perlr_samples_down_seed_resnetse5_12345/logs/id_97227ce197e5/final,,,,,,,,,
evaluate_resnetse5,id_980a745c7165,id_ff671da0e6a5,completed,1,True,id_a619266c470c,supervised,resnetse5,full_finetune_lr4,id_b666f65bfdb1,multimodal_df,daghar_standardized_balanced,rw_thigh,test,,multimodal_perc_100,id_daa7333eb2f8,har,evaluate,full_run,/workspaces/HIAAC-KR-Dev-Container/Minerva-Exps/benchmarks/experiments/paper_daghar_supervised_3runs_perlr_samples_down_seed_resnetse5_12345/logs/id_980a745c7165/final,40cd7fc42e,/workspaces/HIAAC-KR-Dev-Container/Minerva-Exps/benchmarks/experiments/paper_daghar_supervised_3runs_perlr_samples_down_seed_resnetse5_12345/logs/id_980a745c7165/final/metrics_2025-11-10-16-17-40cd7fc42e.yaml,/workspaces/HIAAC-KR-Dev-Container/Minerva-Exps/benchmarks/experiments/paper_daghar_supervised_3runs_perlr_samples_down_seed_resnetse5_12345/logs/id_980a745c7165/final/run_2025-11-10-16-17-40cd7fc42e.yaml,0.6483781933784485,0.658385157585144,0.6037128567695618,0.6483781933784485,0.6483781933784485,0.658385157585144
evaluate_resnetse5,id_78ac1da9b55f,id_fee7bc99dfb9,completed,1,True,id_3f47675df06f,supervised,resnetse5,full_finetune_lr5,id_8f3c79903cae,multimodal_df,daghar_standardized_balanced,rw_waist,test,,multimodal_perc_100,id_daa7333eb2f8,har,evaluate,full_run,/workspaces/HIAAC-KR-Dev-Container/Minerva-Exps/benchmarks/experiments/paper_daghar_supervised_3runs_perlr_samples_down_seed_resnetse5_12345/logs/id_78ac1da9b55f/final,48929c41ae,/workspaces/HIAAC-KR-Dev-Container/Minerva-Exps/benchmarks/experiments/paper_daghar_supervised_3runs_perlr_samples_down_seed_resnetse5_12345/logs/id_78ac1da9b55f/final/metrics_2025-11-10-16-04-48929c41ae.yaml,/workspaces/HIAAC-KR-Dev-Container/Minerva-Exps/benchmarks/experiments/paper_daghar_supervised_3runs_perlr_samples_down_seed_resnetse5_12345/logs/id_78ac1da9b55f/final/run_2025-11-10-16-04-48929c41ae.yaml,0.7048611044883728,0.7596551775932312,0.6828402280807495,0.7048611044883728,0.704861044883728,0.7596551179885864
train_resnetse5,id_dec385e118a2,,completed,0,False,id_3f47675df06f,supervised,resnetse5,full_finetune_lr5,id_664d92a3ca56,multimodal_df,daghar_standardized_balanced,uci,train,config_0,multimodal_samples_200_3,id_7d268895569b,har,train,full_run,/workspaces/HIAAC-KR-Dev-Container/Minerva-Exps/benchmarks/experiments/paper_daghar_supervised_3runs_perlr_samples_down_seed_resnetse5_12345/logs/id_dec385e118a2/final,,,,,,,,,
evaluate_resnetse5,id_2d5beb2089bc,id_2ced5beb559f,completed,1,True,id_a619266c470c,supervised,resnetse5,full_finetune_lr4,id_0ea13d307de4,multimodal_df,daghar_standardized_balanced,motionsense,test,,multimodal_perc_100,id_daa7333eb2f8,har,evaluate,full_run,/workspaces/HIAAC-KR-Dev-Container/Minerva-Exps/benchmarks/experiments/paper_daghar_supervised_3runs_perlr_samples_down_seed_resnetse5_12345/logs/id_2d5beb2089bc/final,40b92632dd,/workspaces/HIAAC-KR-Dev-Container/Minerva-Exps/benchmarks/experiments/paper_daghar_supervised_3runs_perlr_samples_down_seed_resnetse5_12345/logs/id_2d5beb2089bc/final/metrics_2025-11-10-15-32-40b92632dd.yaml,/workspaces/HIAAC-KR-Dev-Container/Minerva-Exps/benchmarks/experiments/paper_daghar_supervised_3runs_perlr_samples_down_seed_resnetse5_12345/logs/id_2d5beb2089bc/final/run_2025-11-10-15-32-40b92632dd.yaml,0.700564980506897,0.7449547648429871,0.6570613980293274,0.700564980506897,0.700564980506897,0.7449547648429871
evaluate_resnetse5,id_55cf8d5ebd34,id_24d2d80cd1a4,completed,1,True,id_a619266c470c,supervised,resnetse5,full_finetune_lr4,id_61e965712612,multimodal_df,daghar_standardized_balanced,rw_waist,test,,multimodal_perc_100,id_daa7333eb2f8,har,evaluate,full_run,/workspaces/HIAAC-KR-Dev-Container/Minerva-Exps/benchmarks/experiments/paper_daghar_supervised_3runs_perlr_samples_down_seed_resnetse5_12345/logs/id_55cf8d5ebd34/final,51e22c72c9,/workspaces/HIAAC-KR-Dev-Container/Minerva-Exps/benchmarks/experiments/paper_daghar_supervised_3runs_perlr_samples_down_seed_resnetse5_12345/logs/id_55cf8d5ebd34/final/metrics_2025-11-10-15-49-51e22c72c9.yaml,/workspaces/HIAAC-KR-Dev-Container/Minerva-Exps/benchmarks/experiments/paper_daghar_supervised_3runs_perlr_samples_down_seed_resnetse5_12345/logs/id_55cf8d5ebd34/final/run_2025-11-10-15-49-51e22c72c9.yaml,0.6122685074806213,0.6380011439323425,0.5806304216384888,0.6122685074806213,0.6122685074806213,0.6380012035369873
train_resnetse5,id_ce25db8c88ec,,completed,0,False,id_a619266c470c,supervised,resnetse5,full_finetune_lr4,id_274e205b8ad8,multimodal_df,daghar_standardized_balanced,kuhar,train,config_0,multimodal_samples_010_2,id_7d268895569b,har,train,full_run,/workspaces/HIAAC-KR-Dev-Container/Minerva-Exps/benchmarks/experiments/paper_daghar_supervised_3runs_perlr_samples_down_seed_resnetse5_12345/logs/id_ce25db8c88ec/final,,,,,,,,,
train_resnetse5,id_90406e094e4e,,completed,0,False,id_a619266c470c,supervised,resnetse5,full_finetune_lr4,id_a217c54dba62,multimodal_df,daghar_standardized_balanced,wisdm,train,config_0,multimodal_samples_200,id_7d268895569b,har,train,full_run,/workspaces/HIAAC-KR-Dev-Container/Minerva-Exps/benchmarks/experiments/paper_daghar_supervised_3runs_perlr_samples_down_seed_resnetse5_12345/logs/id_90406e094e4e/final,,,,,,,,,
train_resnetse5,id_dff4948f7d13,,completed,0,False,id_612c26209f9f,supervised,resnetse5,full_finetune_lr2,id_c22ef6d3a4dc,multimodal_df,daghar_standardized_balanced,motionsense,train,config_0,multimodal_samples_100_2,id_7d268895569b,har,train,full_run,/workspaces/HIAAC-KR-Dev-Container/Minerva-Exps/benchmarks/experiments/paper_daghar_supervised_3runs_perlr_samples_down_seed_resnetse5_12345/logs/id_dff4948f7d13/final,,,,,,,,,
train_resnetse5,id_d27e99cf62d6,,completed,0,False,id_01c6663a52ec,supervised,resnetse5,full_finetune_lr3,id_3b3b9b61dc95,multimodal_df,daghar_standardized_balanced,kuhar,train,config_0,multimodal_perc_100,id_7d268895569b,har,train,full_run,/workspaces/HIAAC-KR-Dev-Container/Minerva-Exps/benchmarks/experiments/paper_daghar_supervised_3runs_perlr_samples_down_seed_resnetse5_12345/logs/id_d27e99cf62d6/final,,,,,,,,,
train_resnetse5,id_887b6f384f47,,completed,0,False,id_612c26209f9f,supervised,resnetse5,full_finetune_lr2,id_e959f1474a75,multimodal_df,daghar_standardized_balanced,wisdm,train,config_0,multimodal_perc_100,id_7d268895569b,har,train,full_run,/workspaces/HIAAC-KR-Dev-Container/Minerva-Exps/benchmarks/experiments/paper_daghar_supervised_3runs_perlr_samples_down_seed_resnetse5_12345/logs/id_887b6f384f47/final,,,,,,,,,
train_resnetse5,id_26ccd2c02a54,,completed,0,False,id_612c26209f9f,supervised,resnetse5,full_finetune_lr2,id_5dfa1c7b49ec,multimodal_df,daghar_standardized_balanced,rw_thigh,train,config_0,multimodal_samples_200,id_7d268895569b,har,train,full_run,/workspaces/HIAAC-KR-Dev-Container/Minerva-Exps/benchmarks/experiments/paper_daghar_supervised_3runs_perlr_samples_down_seed_resnetse5_12345/logs/id_26ccd2c02a54/final,,,,,,,,,
train_resnetse5,id_61e43e2a636d,,completed,0,False,id_3f47675df06f,supervised,resnetse5,full_finetune_lr5,id_2259a82d2cb2,multimodal_df,daghar_standardized_balanced,wisdm,train,config_0,multimodal_samples_025_3,id_7d268895569b,har,train,full_run,/workspaces/HIAAC-KR-Dev-Container/Minerva-Exps/benchmarks/experiments/paper_daghar_supervised_3runs_perlr_samples_down_seed_resnetse5_12345/logs/id_61e43e2a636d/final,,,,,,,,,
train_resnetse5,id_04c317b273f9,,completed,0,False,id_01c6663a52ec,supervised,resnetse5,full_finetune_lr3,id_c761cbcc4f2c,multimodal_df,daghar_standardized_balanced,motionsense,train,config_0,multimodal_perc_100,id_7d268895569b,har,train,full_run,/workspaces/HIAAC-KR-Dev-Container/Minerva-Exps/benchmarks/experiments/paper_daghar_supervised_3runs_perlr_samples_down_seed_resnetse5_12345/logs/id_04c317b273f9/final,,,,,,,,,
train_resnetse5,id_4636d76d7140,,completed,0,False,id_51a779f741ee,supervised,resnetse5,full_finetune_lr1,id_6350f6340249,multimodal_df,daghar_standardized_balanced,kuhar,train,config_0,multimodal_samples_005_2,id_7d268895569b,har,train,full_run,/workspaces/HIAAC-KR-Dev-Container/Minerva-Exps/benchmarks/experiments/paper_daghar_supervised_3runs_perlr_samples_down_seed_resnetse5_12345/logs/id_4636d76d7140/final,,,,,,,,,
evaluate_resnetse5,id_3e7723921f86,id_67ae3342c05e,completed,1,True,id_51a779f741ee,supervised,resnetse5,full_finetune_lr1,id_a9af5fb5fdd5,multimodal_df,daghar_standardized_balanced,rw_thigh,test,,multimodal_perc_100,id_daa7333eb2f8,har,evaluate,full_run,/workspaces/HIAAC-KR-Dev-Container/Minerva-Exps/benchmarks/experiments/paper_daghar_supervised_3runs_perlr_samples_down_seed_resnetse5_12345/logs/id_3e7723921f86/final,53da694fff,/workspaces/HIAAC-KR-Dev-Container/Minerva-Exps/benchmarks/experiments/paper_daghar_supervised_3runs_perlr_samples_down_seed_resnetse5_12345/logs/id_3e7723921f86/final/metrics_2025-11-10-15-37-53da694fff.yaml,/workspaces/HIAAC-KR-Dev-Container/Minerva-Exps/benchmarks/experiments/paper_daghar_supervised_3runs_perlr_samples_down_seed_resnetse5_12345/logs/id_3e7723921f86/final/run_2025-11-10-15-37-53da694fff.yaml,0.6204279065132141,0.6082521080970764,0.594194769859314,0.6204279065132141,0.6204279065132141,0.6082521080970764
evaluate_resnetse5,id_17c77d3db548,id_72071d5824f5,completed,1,True,id_01c6663a52ec,supervised,resnetse5,full_finetune_lr3,id_422128d9bc98,multimodal_df,daghar_standardized_balanced,rw_thigh,test,,multimodal_perc_100,id_daa7333eb2f8,har,evaluate,full_run,/workspaces/HIAAC-KR-Dev-Container/Minerva-Exps/benchmarks/experiments/paper_daghar_supervised_3runs_perlr_samples_down_seed_resnetse5_12345/logs/id_17c77d3db548/final,59cc84c781,/workspaces/HIAAC-KR-Dev-Container/Minerva-Exps/benchmarks/experiments/paper_daghar_supervised_3runs_perlr_samples_down_seed_resnetse5_12345/logs/id_17c77d3db548/final/metrics_2025-11-10-15-23-59cc84c781.yaml,/workspaces/HIAAC-KR-Dev-Container/Minerva-Exps/benchmarks/experiments/paper_daghar_supervised_3runs_perlr_samples_down_seed_resnetse5_12345/logs/id_17c77d3db548/final/run_2025-11-10-15-23-59cc84c781.yaml,0.6507936716079712,0.7215292453765869,0.6317732334136963,0.6507936716079712,0.6507936716079712,0.7215291857719421
evaluate_resnetse5,id_b808cf83cc48,id_94dc99a8e771,completed,1,True,id_01c6663a52ec,supervised,resnetse5,full_finetune_lr3,id_fd30500e58bb,multimodal_df,daghar_standardized_balanced,kuhar,test,,multimodal_perc_100,id_daa7333eb2f8,har,evaluate,full_run,/workspaces/HIAAC-KR-Dev-Container/Minerva-Exps/benchmarks/experiments/paper_daghar_supervised_3runs_perlr_samples_down_seed_resnetse5_12345/logs/id_b808cf83cc48/final,06258b4e56,/workspaces/HIAAC-KR-Dev-Container/Minerva-Exps/benchmarks/experiments/paper_daghar_supervised_3runs_perlr_samples_down_seed_resnetse5_12345/logs/id_b808cf83cc48/final/metrics_2025-11-10-16-32-06258b4e56.yaml,/workspaces/HIAAC-KR-Dev-Container/Minerva-Exps/benchmarks/experiments/paper_daghar_supervised_3runs_perlr_samples_down_seed_resnetse5_12345/logs/id_b808cf83cc48/final/run_2025-11-10-16-32-06258b4e56.yaml,0.7291666865348816,0.8097297549247742,0.6750761866569519,0.7291666865348816,0.7291666865348816,0.6747747659683228
train_resnetse5,id_b49c23f07ecf,,completed,0,False,id_3f47675df06f,supervised,resnetse5,full_finetune_lr5,id_65ee89aa2e13,multimodal_df,daghar_standardized_balanced,uci,train,config_0,multimodal_samples_100,id_7d268895569b,har,train,full_run,/workspaces/HIAAC-KR-Dev-Container/Minerva-Exps/benchmarks/experiments/paper_daghar_supervised_3runs_perlr_samples_down_seed_resnetse5_12345/logs/id_b49c23f07ecf/final,,,,,,,,,
evaluate_resnetse5,id_3675052fb06f,id_dec385e118a2,completed,1,True,id_3f47675df06f,supervised,resnetse5,full_finetune_lr5,id_4a334689f88e,multimodal_df,daghar_standardized_balanced,uci,test,,multimodal_perc_100,id_daa7333eb2f8,har,evaluate,full_run,/workspaces/HIAAC-KR-Dev-Container/Minerva-Exps/benchmarks/experiments/paper_daghar_supervised_3runs_perlr_samples_down_seed_resnetse5_12345/logs/id_3675052fb06f/final,471f7f66fa,/workspaces/HIAAC-KR-Dev-Container/Minerva-Exps/benchmarks/experiments/paper_daghar_supervised_3runs_perlr_samples_down_seed_resnetse5_12345/logs/id_3675052fb06f/final/metrics_2025-11-10-15-35-471f7f66fa.yaml,/workspaces/HIAAC-KR-Dev-Container/Minerva-Exps/benchmarks/experiments/paper_daghar_supervised_3runs_perlr_samples_down_seed_resnetse5_12345/logs/id_3675052fb06f/final/run_2025-11-10-15-35-471f7f66fa.yaml,0.7840579748153687,0.7744103670120239,0.7411859631538391,0.7840579748153687,0.7840579748153687,0.7744103074073792
train_resnetse5,id_aad33077ca4e,,completed,0,False,id_51a779f741ee,supervised,resnetse5,full_finetune_lr1,id_51abcd3eb4aa,multimodal_df,daghar_standardized_balanced,rw_thigh,train,config_0,multimodal_perc_100,id_7d268895569b,har,train,full_run,/workspaces/HIAAC-KR-Dev-Container/Minerva-Exps/benchmarks/experiments/paper_daghar_supervised_3runs_perlr_samples_down_seed_resnetse5_12345/logs/id_aad33077ca4e/final,,,,,,,,,
evaluate_resnetse5,id_474ad6f62886,id_df127bd0e2db,completed,1,True,id_612c26209f9f,supervised,resnetse5,full_finetune_lr2,id_18b3312b8cac,multimodal_df,daghar_standardized_balanced,rw_waist,test,,multimodal_perc_100,id_daa7333eb2f8,har,evaluate,full_run,/workspaces/HIAAC-KR-Dev-Container/Minerva-Exps/benchmarks/experiments/paper_daghar_supervised_3runs_perlr_samples_down_seed_resnetse5_12345/logs/id_474ad6f62886/final,13bb493f80,/workspaces/HIAAC-KR-Dev-Container/Minerva-Exps/benchmarks/experiments/paper_daghar_supervised_3runs_perlr_samples_down_seed_resnetse5_12345/logs/id_474ad6f62886/final/metrics_2025-11-10-15-42-13bb493f80.yaml,/workspaces/HIAAC-KR-Dev-Container/Minerva-Exps/benchmarks/experiments/paper_daghar_supervised_3runs_perlr_samples_down_seed_resnetse5_12345/logs/id_474ad6f62886/final/run_2025-11-10-15-42-13bb493f80.yaml,0.5447530746459961,0.5305609703063965,0.48538514971733093,0.5447530746459961,0.5447531342506409,0.5305609703063965
evaluate_resnetse5,id_108ff2d88425,id_fe732f91cd20,completed,1,True,id_612c26209f9f,supervised,resnetse5,full_finetune_lr2,id_9eaadd7e896e,multimodal_df,daghar_standardized_balanced,wisdm,test,,multimodal_perc_100,id_daa7333eb2f8,har,evaluate,full_run,/workspaces/HIAAC-KR-Dev-Container/Minerva-Exps/benchmarks/experiments/paper_daghar_supervised_3runs_perlr_samples_down_seed_resnetse5_12345/logs/id_108ff2d88425/final,1172f2f9ca,/workspaces/HIAAC-KR-Dev-Container/Minerva-Exps/benchmarks/experiments/paper_daghar_supervised_3runs_perlr_samples_down_seed_resnetse5_12345/logs/id_108ff2d88425/final/metrics_2025-11-10-15-20-1172f2f9ca.yaml,/workspaces/HIAAC-KR-Dev-Container/Minerva-Exps/benchmarks/experiments/paper_daghar_supervised_3runs_perlr_samples_down_seed_resnetse5_12345/logs/id_108ff2d88425/final/run_2025-11-10-15-20-1172f2f9ca.yaml,0.25,0.25,0.10000000149011612,0.25,0.25,0.0625
evaluate_resnetse5,id_e799f5b03b6d,id_16b7d5099a79,completed,1,True,id_51a779f741ee,supervised,resnetse5,full_finetune_lr1,id_c7c333650afe,multimodal_df,daghar_standardized_balanced,rw_waist,test,,multimodal_perc_100,id_daa7333eb2f8,har,evaluate,full_run,/workspaces/HIAAC-KR-Dev-Container/Minerva-Exps/benchmarks/experiments/paper_daghar_supervised_3runs_perlr_samples_down_seed_resnetse5_12345/logs/id_e799f5b03b6d/final,344d5b0cfe,/workspaces/HIAAC-KR-Dev-Container/Minerva-Exps/benchmarks/experiments/paper_daghar_supervised_3runs_perlr_samples_down_seed_resnetse5_12345/logs/id_e799f5b03b6d/final/metrics_2025-11-10-16-54-344d5b0cfe.yaml,/workspaces/HIAAC-KR-Dev-Container/Minerva-Exps/benchmarks/experiments/paper_daghar_supervised_3runs_perlr_samples_down_seed_resnetse5_12345/logs/id_e799f5b03b6d/final/run_2025-11-10-16-54-344d5b0cfe.yaml,0.7087191343307495,0.7454138398170471,0.6913219094276428,0.7087191343307495,0.7087191343307495,0.7454138398170471
evaluate_resnetse5,id_51b3b68ef8ff,id_b3f82b68a450,completed,1,True,id_a619266c470c,supervised,resnetse5,full_finetune_lr4,id_f43fb4e453fc,multimodal_df,daghar_standardized_balanced,uci,test,,multimodal_perc_100,id_daa7333eb2f8,har,evaluate,full_run,/workspaces/HIAAC-KR-Dev-Container/Minerva-Exps/benchmarks/experiments/paper_daghar_supervised_3runs_perlr_samples_down_seed_resnetse5_12345/logs/id_51b3b68ef8ff/final,375fa51c27,/workspaces/HIAAC-KR-Dev-Container/Minerva-Exps/benchmarks/experiments/paper_daghar_supervised_3runs_perlr_samples_down_seed_resnetse5_12345/logs/id_51b3b68ef8ff/final/metrics_2025-11-10-15-47-375fa51c27.yaml,/workspaces/HIAAC-KR-Dev-Container/Minerva-Exps/benchmarks/experiments/paper_daghar_supervised_3runs_perlr_samples_down_seed_resnetse5_12345/logs/id_51b3b68ef8ff/final/run_2025-11-10-15-47-375fa51c27.yaml,0.7449275255203247,0.8073245882987976,0.6785179376602173,0.7449275255203247,0.7449275851249695,0.6458597183227539
train_resnetse5,id_9a4e8a889568,,completed,0,False,id_612c26209f9f,supervised,resnetse5,full_finetune_lr2,id_8f53e19d9d68,multimodal_df,daghar_standardized_balanced,rw_waist,train,config_0,multimodal_samples_200_2,id_7d268895569b,har,train,full_run,/workspaces/HIAAC-KR-Dev-Container/Minerva-Exps/benchmarks/experiments/paper_daghar_supervised_3runs_perlr_samples_down_seed_resnetse5_12345/logs/id_9a4e8a889568/final,,,,,,,,,
train_resnetse5,id_a5face54691d,,completed,0,False,id_51a779f741ee,supervised,resnetse5,full_finetune_lr1,id_083b8f815ed5,multimodal_df,daghar_standardized_balanced,uci,train,config_0,multimodal_samples_200,id_7d268895569b,har,train,full_run,/workspaces/HIAAC-KR-Dev-Container/Minerva-Exps/benchmarks/experiments/paper_daghar_supervised_3runs_perlr_samples_down_seed_resnetse5_12345/logs/id_a5face54691d/final,,,,,,,,,
evaluate_resnetse5,id_1b2201a53da1,id_dc6c910b350b,completed,1,True,id_51a779f741ee,supervised,resnetse5,full_finetune_lr1,id_ccb81a2579bc,multimodal_df,daghar_standardized_balanced,rw_waist,test,,multimodal_perc_100,id_daa7333eb2f8,har,evaluate,full_run,/workspaces/HIAAC-KR-Dev-Container/Minerva-Exps/benchmarks/experiments/paper_daghar_supervised_3runs_perlr_samples_down_seed_resnetse5_12345/logs/id_1b2201a53da1/final,31858f377f,/workspaces/HIAAC-KR-Dev-Container/Minerva-Exps/benchmarks/experiments/paper_daghar_supervised_3runs_perlr_samples_down_seed_resnetse5_12345/logs/id_1b2201a53da1/final/metrics_2025-11-10-15-25-31858f377f.yaml,/workspaces/HIAAC-KR-Dev-Container/Minerva-Exps/benchmarks/experiments/paper_daghar_supervised_3runs_perlr_samples_down_seed_resnetse5_12345/logs/id_1b2201a53da1/final/run_2025-11-10-15-25-31858f377f.yaml,0.6331018805503845,0.6915412545204163,0.5851013660430908,0.6331018805503845,0.6331018805503845,0.5762843489646912
evaluate_resnetse5,id_ba76c78a0448,id_ac7b6814375e,completed,1,True,id_01c6663a52ec,supervised,resnetse5,full_finetune_lr3,id_b2a494b42880,multimodal_df,daghar_standardized_balanced,wisdm,test,,multimodal_perc_100,id_daa7333eb2f8,har,evaluate,full_run,/workspaces/HIAAC-KR-Dev-Container/Minerva-Exps/benchmarks/experiments/paper_daghar_supervised_3runs_perlr_samples_down_seed_resnetse5_12345/logs/id_ba76c78a0448/final,161b897c3e,/workspaces/HIAAC-KR-Dev-Container/Minerva-Exps/benchmarks/experiments/paper_daghar_supervised_3runs_perlr_samples_down_seed_resnetse5_12345/logs/id_ba76c78a0448/final/metrics_2025-11-10-16-33-161b897c3e.yaml,/workspaces/HIAAC-KR-Dev-Container/Minerva-Exps/benchmarks/experiments/paper_daghar_supervised_3runs_perlr_samples_down_seed_resnetse5_12345/logs/id_ba76c78a0448/final/run_2025-11-10-16-33-161b897c3e.yaml,0.7254224419593811,0.7643060684204102,0.6602861881256104,0.7254224419593811,0.7254223823547363,0.7643060684204102
evaluate_resnetse5,id_6ae6f176f2dc,id_4278757da676,completed,1,True,id_612c26209f9f,supervised,resnetse5,full_finetune_lr2,id_52177a2e6447,multimodal_df,daghar_standardized_balanced,uci,test,,multimodal_perc_100,id_daa7333eb2f8,har,evaluate,full_run,/workspaces/HIAAC-KR-Dev-Container/Minerva-Exps/benchmarks/experiments/paper_daghar_supervised_3runs_perlr_samples_down_seed_resnetse5_12345/logs/id_6ae6f176f2dc/final,5448a76a9a,/workspaces/HIAAC-KR-Dev-Container/Minerva-Exps/benchmarks/experiments/paper_daghar_supervised_3runs_perlr_samples_down_seed_resnetse5_12345/logs/id_6ae6f176f2dc/final/metrics_2025-11-10-15-58-5448a76a9a.yaml,/workspaces/HIAAC-KR-Dev-Container/Minerva-Exps/benchmarks/experiments/paper_daghar_supervised_3runs_perlr_samples_down_seed_resnetse5_12345/logs/id_6ae6f176f2dc/final/run_2025-11-10-15-58-5448a76a9a.yaml,0.9333333373069763,0.9335858225822449,0.9333018064498901,0.9333333373069763,0.9333332777023315,0.9335858225822449
train_resnetse5,id_535735d80f3e,,completed,0,False,id_51a779f741ee,supervised,resnetse5,full_finetune_lr1,id_cca20f21af92,multimodal_df,daghar_standardized_balanced,motionsense,train,config_0,multimodal_perc_100_3,id_7d268895569b,har,train,full_run,/workspaces/HIAAC-KR-Dev-Container/Minerva-Exps/benchmarks/experiments/paper_daghar_supervised_3runs_perlr_samples_down_seed_resnetse5_12345/logs/id_535735d80f3e/final,,,,,,,,,
train_resnetse5,id_19f6797e98de,,completed,0,False,id_a619266c470c,supervised,resnetse5,full_finetune_lr4,id_c6b7ed4cb494,multimodal_df,daghar_standardized_balanced,rw_waist,train,config_0,multimodal_samples_200,id_7d268895569b,har,train,full_run,/workspaces/HIAAC-KR-Dev-Container/Minerva-Exps/benchmarks/experiments/paper_daghar_supervised_3runs_perlr_samples_down_seed_resnetse5_12345/logs/id_19f6797e98de/final,,,,,,,,,
evaluate_resnetse5,id_8493a862372c,id_436201149dc7,completed,1,True,id_a619266c470c,supervised,resnetse5,full_finetune_lr4,id_2b680f63640c,multimodal_df,daghar_standardized_balanced,uci,test,,multimodal_perc_100,id_daa7333eb2f8,har,evaluate,full_run,/workspaces/HIAAC-KR-Dev-Container/Minerva-Exps/benchmarks/experiments/paper_daghar_supervised_3runs_perlr_samples_down_seed_resnetse5_12345/logs/id_8493a862372c/final,55858ed81a,/workspaces/HIAAC-KR-Dev-Container/Minerva-Exps/benchmarks/experiments/paper_daghar_supervised_3runs_perlr_samples_down_seed_resnetse5_12345/logs/id_8493a862372c/final/metrics_2025-11-10-16-09-55858ed81a.yaml,/workspaces/HIAAC-KR-Dev-Container/Minerva-Exps/benchmarks/experiments/paper_daghar_supervised_3runs_perlr_samples_down_seed_resnetse5_12345/logs/id_8493a862372c/final/run_2025-11-10-16-09-55858ed81a.yaml,0.6840579509735107,0.7710773944854736,0.6177897453308105,0.6840579509735107,0.6840579509735107,0.6168619394302368
train_resnetse5,id_c75ea4579c6d,,completed,0,False,id_612c26209f9f,supervised,resnetse5,full_finetune_lr2,id_caa8f5feb10b,multimodal_df,daghar_standardized_balanced,kuhar,train,config_0,multimodal_samples_050,id_7d268895569b,har,train,full_run,/workspaces/HIAAC-KR-Dev-Container/Minerva-Exps/benchmarks/experiments/paper_daghar_supervised_3runs_perlr_samples_down_seed_resnetse5_12345/logs/id_c75ea4579c6d/final,,,,,,,,,
train_resnetse5,id_22e6b0f767b3,,completed,0,False,id_51a779f741ee,supervised,resnetse5,full_finetune_lr1,id_5f141c49960f,multimodal_df,daghar_standardized_balanced,motionsense,train,config_0,multimodal_samples_005_2,id_7d268895569b,har,train,full_run,/workspaces/HIAAC-KR-Dev-Container/Minerva-Exps/benchmarks/experiments/paper_daghar_supervised_3runs_perlr_samples_down_seed_resnetse5_12345/logs/id_22e6b0f767b3/final,,,,,,,,,
train_resnetse5,id_dd3a2985d2f2,,completed,0,False,id_612c26209f9f,supervised,resnetse5,full_finetune_lr2,id_c38874ce2244,multimodal_df,daghar_standardized_balanced,rw_waist,train,config_0,multimodal_samples_100_3,id_7d268895569b,har,train,full_run,/workspaces/HIAAC-KR-Dev-Container/Minerva-Exps/benchmarks/experiments/paper_daghar_supervised_3runs_perlr_samples_down_seed_resnetse5_12345/logs/id_dd3a2985d2f2/final,,,,,,,,,
evaluate_resnetse5,id_818697033a9e,id_74d4249e91fb,completed,1,True,id_3f47675df06f,supervised,resnetse5,full_finetune_lr5,id_eb1b18d1e513,multimodal_df,daghar_standardized_balanced,wisdm,test,,multimodal_perc_100,id_daa7333eb2f8,har,evaluate,full_run,/workspaces/HIAAC-KR-Dev-Container/Minerva-Exps/benchmarks/experiments/paper_daghar_supervised_3runs_perlr_samples_down_seed_resnetse5_12345/logs/id_818697033a9e/final,34fbb34a0b,/workspaces/HIAAC-KR-Dev-Container/Minerva-Exps/benchmarks/experiments/paper_daghar_supervised_3runs_perlr_samples_down_seed_resnetse5_12345/logs/id_818697033a9e/final/metrics_2025-11-10-16-07-34fbb34a0b.yaml,/workspaces/HIAAC-KR-Dev-Container/Minerva-Exps/benchmarks/experiments/paper_daghar_supervised_3runs_perlr_samples_down_seed_resnetse5_12345/logs/id_818697033a9e/final/run_2025-11-10-16-07-34fbb34a0b.yaml,0.7430875301361084,0.7501059770584106,0.6636179685592651,0.7430875301361084,0.7430875897407532,0.7501059770584106
evaluate_resnetse5,id_04ecd3d5018f,id_31c713bb2df7,completed,1,True,id_3f47675df06f,supervised,resnetse5,full_finetune_lr5,id_87c18dd5aca4,multimodal_df,daghar_standardized_balanced,motionsense,test,,multimodal_perc_100,id_daa7333eb2f8,har,evaluate,full_run,/workspaces/HIAAC-KR-Dev-Container/Minerva-Exps/benchmarks/experiments/paper_daghar_supervised_3runs_perlr_samples_down_seed_resnetse5_12345/logs/id_04ecd3d5018f/final,049f4906fc,/workspaces/HIAAC-KR-Dev-Container/Minerva-Exps/benchmarks/experiments/paper_daghar_supervised_3runs_perlr_samples_down_seed_resnetse5_12345/logs/id_04ecd3d5018f/final/metrics_2025-11-10-15-16-049f4906fc.yaml,/workspaces/HIAAC-KR-Dev-Container/Minerva-Exps/benchmarks/experiments/paper_daghar_supervised_3runs_perlr_samples_down_seed_resnetse5_12345/logs/id_04ecd3d5018f/final/run_2025-11-10-15-16-049f4906fc.yaml,0.33427494764328003,0.5662575960159302,0.1746760606765747,0.33427494764328003,0.33427494764328003,0.2831287980079651
train_resnetse5,id_9deac6169595,,completed,0,False,id_3f47675df06f,supervised,resnetse5,full_finetune_lr5,id_2baf94349229,multimodal_df,daghar_standardized_balanced,rw_waist,train,config_0,multimodal_samples_025_3,id_7d268895569b,har,train,full_run,/workspaces/HIAAC-KR-Dev-Container/Minerva-Exps/benchmarks/experiments/paper_daghar_supervised_3runs_perlr_samples_down_seed_resnetse5_12345/logs/id_9deac6169595/final,,,,,,,,,
train_resnetse5,id_704778361474,,completed,0,False,id_01c6663a52ec,supervised,resnetse5,full_finetune_lr3,id_2bd430b767f1,multimodal_df,daghar_standardized_balanced,motionsense,train,config_0,multimodal_samples_100_3,id_7d268895569b,har,train,full_run,/workspaces/HIAAC-KR-Dev-Container/Minerva-Exps/benchmarks/experiments/paper_daghar_supervised_3runs_perlr_samples_down_seed_resnetse5_12345/logs/id_704778361474/final,,,,,,,,,
train_resnetse5,id_737f1e60a252,,completed,0,False,id_612c26209f9f,supervised,resnetse5,full_finetune_lr2,id_2259a82d2cb2,multimodal_df,daghar_standardized_balanced,wisdm,train,config_0,multimodal_samples_025_3,id_7d268895569b,har,train,full_run,/workspaces/HIAAC-KR-Dev-Container/Minerva-Exps/benchmarks/experiments/paper_daghar_supervised_3runs_perlr_samples_down_seed_resnetse5_12345/logs/id_737f1e60a252/final,,,,,,,,,
train_resnetse5,id_42880efcfdab,,completed,0,False,id_01c6663a52ec,supervised,resnetse5,full_finetune_lr3,id_0ee270359c3b,multimodal_df,daghar_standardized_balanced,rw_waist,train,config_0,multimodal_perc_100,id_7d268895569b,har,train,full_run,/workspaces/HIAAC-KR-Dev-Container/Minerva-Exps/benchmarks/experiments/paper_daghar_supervised_3runs_perlr_samples_down_seed_resnetse5_12345/logs/id_42880efcfdab/final,,,,,,,,,
evaluate_resnetse5,id_8647fef65294,id_26d561e1485f,completed,1,True,id_3f47675df06f,supervised,resnetse5,full_finetune_lr5,id_987ecc84101d,multimodal_df,daghar_standardized_balanced,kuhar,test,,multimodal_perc_100,id_daa7333eb2f8,har,evaluate,full_run,/workspaces/HIAAC-KR-Dev-Container/Minerva-Exps/benchmarks/experiments/paper_daghar_supervised_3runs_perlr_samples_down_seed_resnetse5_12345/logs/id_8647fef65294/final,32ef3aa843,/workspaces/HIAAC-KR-Dev-Container/Minerva-Exps/benchmarks/experiments/paper_daghar_supervised_3runs_perlr_samples_down_seed_resnetse5_12345/logs/id_8647fef65294/final/metrics_2025-11-10-16-10-32ef3aa843.yaml,/workspaces/HIAAC-KR-Dev-Container/Minerva-Exps/benchmarks/experiments/paper_daghar_supervised_3runs_perlr_samples_down_seed_resnetse5_12345/logs/id_8647fef65294/final/run_2025-11-10-16-10-32ef3aa843.yaml,0.5069444179534912,0.6276595592498779,0.34823161363601685,0.5069444179534912,0.506944477558136,0.41843971610069275
evaluate_resnetse5,id_0195fbf6e5c8,id_1ab02220ec6b,completed,1,True,id_3f47675df06f,supervised,resnetse5,full_finetune_lr5,id_18b3312b8cac,multimodal_df,daghar_standardized_balanced,rw_waist,test,,multimodal_perc_100,id_daa7333eb2f8,har,evaluate,full_run,/workspaces/HIAAC-KR-Dev-Container/Minerva-Exps/benchmarks/experiments/paper_daghar_supervised_3runs_perlr_samples_down_seed_resnetse5_12345/logs/id_0195fbf6e5c8/final,03a02f43b4,/workspaces/HIAAC-KR-Dev-Container/Minerva-Exps/benchmarks/experiments/paper_daghar_supervised_3runs_perlr_samples_down_seed_resnetse5_12345/logs/id_0195fbf6e5c8/final/metrics_2025-11-10-15-15-03a02f43b4.yaml,/workspaces/HIAAC-KR-Dev-Container/Minerva-Exps/benchmarks/experiments/paper_daghar_supervised_3runs_perlr_samples_down_seed_resnetse5_12345/logs/id_0195fbf6e5c8/final/run_2025-11-10-15-15-03a02f43b4.yaml,0.5767747163772583,0.496902734041214,0.47434332966804504,0.5767747163772583,0.5767746567726135,0.4969027638435364
train_resnetse5,id_ff671da0e6a5,,completed,0,False,id_a619266c470c,supervised,resnetse5,full_finetune_lr4,id_a33ed4b5468e,multimodal_df,daghar_standardized_balanced,rw_thigh,train,config_0,multimodal_samples_005_2,id_7d268895569b,har,train,full_run,/workspaces/HIAAC-KR-Dev-Container/Minerva-Exps/benchmarks/experiments/paper_daghar_supervised_3runs_perlr_samples_down_seed_resnetse5_12345/logs/id_ff671da0e6a5/final,,,,,,,,,
evaluate_resnetse5,id_8f4d010c0794,id_eb97d9a42f12,completed,1,True,id_3f47675df06f,supervised,resnetse5,full_finetune_lr5,id_9d1733a6504a,multimodal_df,daghar_standardized_balanced,motionsense,test,,multimodal_perc_100,id_daa7333eb2f8,har,evaluate,full_run,/workspaces/HIAAC-KR-Dev-Container/Minerva-Exps/benchmarks/experiments/paper_daghar_supervised_3runs_perlr_samples_down_seed_resnetse5_12345/logs/id_8f4d010c0794/final,4207047794,/workspaces/HIAAC-KR-Dev-Container/Minerva-Exps/benchmarks/experiments/paper_daghar_supervised_3runs_perlr_samples_down_seed_resnetse5_12345/logs/id_8f4d010c0794/final/metrics_2025-11-10-16-13-4207047794.yaml,/workspaces/HIAAC-KR-Dev-Container/Minerva-Exps/benchmarks/experiments/paper_daghar_supervised_3runs_perlr_samples_down_seed_resnetse5_12345/logs/id_8f4d010c0794/final/run_2025-11-10-16-13-4207047794.yaml,0.778719425201416,0.7283451557159424,0.7267774343490601,0.778719425201416,0.7787194848060608,0.7283450961112976
train_resnetse5,id_37a0b255b2e1,,completed,0,False,id_3f47675df06f,supervised,resnetse5,full_finetune_lr5,id_b74337b9bf17,multimodal_df,daghar_standardized_balanced,rw_thigh,train,config_0,multimodal_samples_001_3,id_7d268895569b,har,train,full_run,/workspaces/HIAAC-KR-Dev-Container/Minerva-Exps/benchmarks/experiments/paper_daghar_supervised_3runs_perlr_samples_down_seed_resnetse5_12345/logs/id_37a0b255b2e1/final,,,,,,,,,
evaluate_resnetse5,id_2e1789a13ea1,id_b7817d500994,completed,1,True,id_a619266c470c,supervised,resnetse5,full_finetune_lr4,id_2addac50de4b,multimodal_df,daghar_standardized_balanced,wisdm,test,,multimodal_perc_100,id_daa7333eb2f8,har,evaluate,full_run,/workspaces/HIAAC-KR-Dev-Container/Minerva-Exps/benchmarks/experiments/paper_daghar_supervised_3runs_perlr_samples_down_seed_resnetse5_12345/logs/id_2e1789a13ea1/final,0922244838,/workspaces/HIAAC-KR-Dev-Container/Minerva-Exps/benchmarks/experiments/paper_daghar_supervised_3runs_perlr_samples_down_seed_resnetse5_12345/logs/id_2e1789a13ea1/final/metrics_2025-11-10-15-33-0922244838.yaml,/workspaces/HIAAC-KR-Dev-Container/Minerva-Exps/benchmarks/experiments/paper_daghar_supervised_3runs_perlr_samples_down_seed_resnetse5_12345/logs/id_2e1789a13ea1/final/run_2025-11-10-15-33-0922244838.yaml,0.7046850919723511,0.6606108546257019,0.621751606464386,0.7046850919723511,0.7046850919723511,0.6606107950210571
evaluate_resnetse5,id_405f1036e304,id_941b25edccbc,completed,1,True,id_612c26209f9f,supervised,resnetse5,full_finetune_lr2,id_347819b8e8e9,multimodal_df,daghar_standardized_balanced,wisdm,test,,multimodal_perc_100,id_daa7333eb2f8,har,evaluate,full_run,/workspaces/HIAAC-KR-Dev-Container/Minerva-Exps/benchmarks/experiments/paper_daghar_supervised_3runs_perlr_samples_down_seed_resnetse5_12345/logs/id_405f1036e304/final,40b3406874,/workspaces/HIAAC-KR-Dev-Container/Minerva-Exps/benchmarks/experiments/paper_daghar_supervised_3runs_perlr_samples_down_seed_resnetse5_12345/logs/id_405f1036e304/final/metrics_2025-11-10-15-38-40b3406874.yaml,/workspaces/HIAAC-KR-Dev-Container/Minerva-Exps/benchmarks/experiments/paper_daghar_supervised_3runs_perlr_samples_down_seed_resnetse5_12345/logs/id_405f1036e304/final/run_2025-11-10-15-38-40b3406874.yaml,0.6432411670684814,0.6504770517349243,0.6110121011734009,0.6432411670684814,0.6432411670684814,0.6504769921302795
evaluate_resnetse5,id_2e24d270efd1,id_e240b9a8a855,completed,1,True,id_3f47675df06f,supervised,resnetse5,full_finetune_lr5,id_2baf3334bd86,multimodal_df,daghar_standardized_balanced,rw_waist,test,,multimodal_perc_100,id_daa7333eb2f8,har,evaluate,full_run,/workspaces/HIAAC-KR-Dev-Container/Minerva-Exps/benchmarks/experiments/paper_daghar_supervised_3runs_perlr_samples_down_seed_resnetse5_12345/logs/id_2e24d270efd1/final,223b9c6bfe,/workspaces/HIAAC-KR-Dev-Container/Minerva-Exps/benchmarks/experiments/paper_daghar_supervised_3runs_perlr_samples_down_seed_resnetse5_12345/logs/id_2e24d270efd1/final/metrics_2025-11-10-15-33-223b9c6bfe.yaml,/workspaces/HIAAC-KR-Dev-Container/Minerva-Exps/benchmarks/experiments/paper_daghar_supervised_3runs_perlr_samples_down_seed_resnetse5_12345/logs/id_2e24d270efd1/final/run_2025-11-10-15-33-223b9c6bfe.yaml,0.7202932238578796,0.7448458075523376,0.7081792950630188,0.7202932238578796,0.7202931642532349,0.7448457479476929
evaluate_resnetse5,id_9c3cf0de6155,id_1d161f2fd036,completed,1,True,id_a619266c470c,supervised,resnetse5,full_finetune_lr4,id_83507f6f11e1,multimodal_df,daghar_standardized_balanced,kuhar,test,,multimodal_perc_100,id_daa7333eb2f8,har,evaluate,full_run,/workspaces/HIAAC-KR-Dev-Container/Minerva-Exps/benchmarks/experiments/paper_daghar_supervised_3runs_perlr_samples_down_seed_resnetse5_12345/logs/id_9c3cf0de6155/final,20d1b0a559,/workspaces/HIAAC-KR-Dev-Container/Minerva-Exps/benchmarks/experiments/paper_daghar_supervised_3runs_perlr_samples_down_seed_resnetse5_12345/logs/id_9c3cf0de6155/final/metrics_2025-11-10-16-20-20d1b0a559.yaml,/workspaces/HIAAC-KR-Dev-Container/Minerva-Exps/benchmarks/experiments/paper_daghar_supervised_3runs_perlr_samples_down_seed_resnetse5_12345/logs/id_9c3cf0de6155/final/run_2025-11-10-16-20-20d1b0a559.yaml,0.6736111044883728,0.7388889193534851,0.6129779815673828,0.6736111044883728,0.6736111044883728,0.6157407760620117
evaluate_resnetse5,id_1030ed07bb62,id_659133222948,completed,1,True,id_01c6663a52ec,supervised,resnetse5,full_finetune_lr3,id_0b6444347efc,multimodal_df,daghar_standardized_balanced,uci,test,,multimodal_perc_100,id_daa7333eb2f8,har,evaluate,full_run,/workspaces/HIAAC-KR-Dev-Container/Minerva-Exps/benchmarks/experiments/paper_daghar_supervised_3runs_perlr_samples_down_seed_resnetse5_12345/logs/id_1030ed07bb62/final,548c2a819b,/workspaces/HIAAC-KR-Dev-Container/Minerva-Exps/benchmarks/experiments/paper_daghar_supervised_3runs_perlr_samples_down_seed_resnetse5_12345/logs/id_1030ed07bb62/final/metrics_2025-11-10-15-19-548c2a819b.yaml,/workspaces/HIAAC-KR-Dev-Container/Minerva-Exps/benchmarks/experiments/paper_daghar_supervised_3runs_perlr_samples_down_seed_resnetse5_12345/logs/id_1030ed07bb62/final/run_2025-11-10-15-19-548c2a819b.yaml,0.7724637389183044,0.7852534055709839,0.7334271669387817,0.7724637389183044,0.7724637389183044,0.7852534055709839
evaluate_resnetse5,id_df4cc8809bfb,id_cedebbdc3fce,completed,1,True,id_a619266c470c,supervised,resnetse5,full_finetune_lr4,id_ac6f76c42db0,multimodal_df,daghar_standardized_balanced,rw_thigh,test,,multimodal_perc_100,id_daa7333eb2f8,har,evaluate,full_run,/workspaces/HIAAC-KR-Dev-Container/Minerva-Exps/benchmarks/experiments/paper_daghar_supervised_3runs_perlr_samples_down_seed_resnetse5_12345/logs/id_df4cc8809bfb/final,33de013a69,/workspaces/HIAAC-KR-Dev-Container/Minerva-Exps/benchmarks/experiments/paper_daghar_supervised_3runs_perlr_samples_down_seed_resnetse5_12345/logs/id_df4cc8809bfb/final/metrics_2025-11-10-16-49-33de013a69.yaml,/workspaces/HIAAC-KR-Dev-Container/Minerva-Exps/benchmarks/experiments/paper_daghar_supervised_3runs_perlr_samples_down_seed_resnetse5_12345/logs/id_df4cc8809bfb/final/run_2025-11-10-16-49-33de013a69.yaml,0.7591442465782166,0.7918711304664612,0.75860196352005,0.7591442465782166,0.7591442465782166,0.7918711304664612
evaluate_resnetse5,id_54b002123c8f,id_2315eb235c64,completed,1,True,id_01c6663a52ec,supervised,resnetse5,full_finetune_lr3,id_b00b222d795f,multimodal_df,daghar_standardized_balanced,motionsense,test,,multimodal_perc_100,id_daa7333eb2f8,har,evaluate,full_run,/workspaces/HIAAC-KR-Dev-Container/Minerva-Exps/benchmarks/experiments/paper_daghar_supervised_3runs_perlr_samples_down_seed_resnetse5_12345/logs/id_54b002123c8f/final,405b9feeea,/workspaces/HIAAC-KR-Dev-Container/Minerva-Exps/benchmarks/experiments/paper_daghar_supervised_3runs_perlr_samples_down_seed_resnetse5_12345/logs/id_54b002123c8f/final/metrics_2025-11-10-15-48-405b9feeea.yaml,/workspaces/HIAAC-KR-Dev-Container/Minerva-Exps/benchmarks/experiments/paper_daghar_supervised_3runs_perlr_samples_down_seed_resnetse5_12345/logs/id_54b002123c8f/final/run_2025-11-10-15-48-405b9feeea.yaml,0.770244836807251,0.8202288746833801,0.7493807077407837,0.770244836807251,0.7702447772026062,0.8202289342880249
train_resnetse5,id_c5ecd82a2a1a,,completed,0,False,id_01c6663a52ec,supervised,resnetse5,full_finetune_lr3,id_cf1ed39f3ad3,multimodal_df,daghar_standardized_balanced,motionsense,train,config_0,multimodal_samples_001,id_7d268895569b,har,train,full_run,/workspaces/HIAAC-KR-Dev-Container/Minerva-Exps/benchmarks/experiments/paper_daghar_supervised_3runs_perlr_samples_down_seed_resnetse5_12345/logs/id_c5ecd82a2a1a/final,,,,,,,,,
evaluate_resnetse5,id_996dbce2f6c6,id_132a6b68da27,completed,1,True,id_3f47675df06f,supervised,resnetse5,full_finetune_lr5,id_15e99c1e61ae,multimodal_df,daghar_standardized_balanced,rw_thigh,test,,multimodal_perc_100,id_daa7333eb2f8,har,evaluate,full_run,/workspaces/HIAAC-KR-Dev-Container/Minerva-Exps/benchmarks/experiments/paper_daghar_supervised_3runs_perlr_samples_down_seed_resnetse5_12345/logs/id_996dbce2f6c6/final,07f615b2cc,/workspaces/HIAAC-KR-Dev-Container/Minerva-Exps/benchmarks/experiments/paper_daghar_supervised_3runs_perlr_samples_down_seed_resnetse5_12345/logs/id_996dbce2f6c6/final/metrics_2025-11-10-16-18-07f615b2cc.yaml,/workspaces/HIAAC-KR-Dev-Container/Minerva-Exps/benchmarks/experiments/paper_daghar_supervised_3runs_perlr_samples_down_seed_resnetse5_12345/logs/id_996dbce2f6c6/final/run_2025-11-10-16-18-07f615b2cc.yaml,0.6414768695831299,0.7232688665390015,0.5812838673591614,0.6414768695831299,0.6414768695831299,0.6027240753173828
train_resnetse5,id_bd9592cce119,,completed,0,False,id_01c6663a52ec,supervised,resnetse5,full_finetune_lr3,id_1e462792852c,multimodal_df,daghar_standardized_balanced,motionsense,train,config_0,multimodal_samples_200_3,id_7d268895569b,har,train,full_run,/workspaces/HIAAC-KR-Dev-Container/Minerva-Exps/benchmarks/experiments/paper_daghar_supervised_3runs_perlr_samples_down_seed_resnetse5_12345/logs/id_bd9592cce119/final,,,,,,,,,
evaluate_resnetse5,id_40fef5798103,id_19b0ff838a43,completed,1,True,id_51a779f741ee,supervised,resnetse5,full_finetune_lr1,id_071b9d6efd78,multimodal_df,daghar_standardized_balanced,rw_thigh,test,,multimodal_perc_100,id_daa7333eb2f8,har,evaluate,full_run,/workspaces/HIAAC-KR-Dev-Container/Minerva-Exps/benchmarks/experiments/paper_daghar_supervised_3runs_perlr_samples_down_seed_resnetse5_12345/logs/id_40fef5798103/final,014677b3a3,/workspaces/HIAAC-KR-Dev-Container/Minerva-Exps/benchmarks/experiments/paper_daghar_supervised_3runs_perlr_samples_down_seed_resnetse5_12345/logs/id_40fef5798103/final/metrics_2025-11-10-15-39-014677b3a3.yaml,/workspaces/HIAAC-KR-Dev-Container/Minerva-Exps/benchmarks/experiments/paper_daghar_supervised_3runs_perlr_samples_down_seed_resnetse5_12345/logs/id_40fef5798103/final/run_2025-11-10-15-39-014677b3a3.yaml,0.6859903335571289,0.7378794550895691,0.6799350380897522,0.6859903335571289,0.6859903335571289,0.7378794550895691
train_resnetse5,id_74a2dda5f6f4,,completed,0,False,id_612c26209f9f,supervised,resnetse5,full_finetune_lr2,id_14b0f19aa3e3,multimodal_df,daghar_standardized_balanced,rw_waist,train,config_0,multimodal_samples_100_2,id_7d268895569b,har,train,full_run,/workspaces/HIAAC-KR-Dev-Container/Minerva-Exps/benchmarks/experiments/paper_daghar_supervised_3runs_perlr_samples_down_seed_resnetse5_12345/logs/id_74a2dda5f6f4/final,,,,,,,,,
train_resnetse5,id_713491ed76f5,,completed,0,False,id_3f47675df06f,supervised,resnetse5,full_finetune_lr5,id_5aed9d092412,multimodal_df,daghar_standardized_balanced,wisdm,train,config_0,multimodal_samples_050_3,id_7d268895569b,har,train,full_run,/workspaces/HIAAC-KR-Dev-Container/Minerva-Exps/benchmarks/experiments/paper_daghar_supervised_3runs_perlr_samples_down_seed_resnetse5_12345/logs/id_713491ed76f5/final,,,,,,,,,
evaluate_resnetse5,id_b929c3aa120d,id_7963729acdf9,completed,1,True,id_612c26209f9f,supervised,resnetse5,full_finetune_lr2,id_ac6f76c42db0,multimodal_df,daghar_standardized_balanced,rw_thigh,test,,multimodal_perc_100,id_daa7333eb2f8,har,evaluate,full_run,/workspaces/HIAAC-KR-Dev-Container/Minerva-Exps/benchmarks/experiments/paper_daghar_supervised_3runs_perlr_samples_down_seed_resnetse5_12345/logs/id_b929c3aa120d/final,27739b05a5,/workspaces/HIAAC-KR-Dev-Container/Minerva-Exps/benchmarks/experiments/paper_daghar_supervised_3runs_perlr_samples_down_seed_resnetse5_12345/logs/id_b929c3aa120d/final/metrics_2025-11-10-16-32-27739b05a5.yaml,/workspaces/HIAAC-KR-Dev-Container/Minerva-Exps/benchmarks/experiments/paper_daghar_supervised_3runs_perlr_samples_down_seed_resnetse5_12345/logs/id_b929c3aa120d/final/run_2025-11-10-16-32-27739b05a5.yaml,0.6818495392799377,0.7092859745025635,0.6799538731575012,0.6818495392799377,0.6818495392799377,0.7092859745025635
evaluate_resnetse5,id_4a6497f07fa3,id_9ab82af78766,completed,1,True,id_612c26209f9f,supervised,resnetse5,full_finetune_lr2,id_0ea13d307de4,multimodal_df,daghar_standardized_balanced,motionsense,test,,multimodal_perc_100,id_daa7333eb2f8,har,evaluate,full_run,/workspaces/HIAAC-KR-Dev-Container/Minerva-Exps/benchmarks/experiments/paper_daghar_supervised_3runs_perlr_samples_down_seed_resnetse5_12345/logs/id_4a6497f07fa3/final,45313a32c1,/workspaces/HIAAC-KR-Dev-Container/Minerva-Exps/benchmarks/experiments/paper_daghar_supervised_3runs_perlr_samples_down_seed_resnetse5_12345/logs/id_4a6497f07fa3/final/metrics_2025-11-10-15-43-45313a32c1.yaml,/workspaces/HIAAC-KR-Dev-Container/Minerva-Exps/benchmarks/experiments/paper_daghar_supervised_3runs_perlr_samples_down_seed_resnetse5_12345/logs/id_4a6497f07fa3/final/run_2025-11-10-15-43-45313a32c1.yaml,0.7429378628730774,0.740773618221283,0.735346257686615,0.7429378628730774,0.7429378628730774,0.740773618221283
train_resnetse5,id_fa23035a8f4f,,completed,0,False,id_a619266c470c,supervised,resnetse5,full_finetune_lr4,id_51abcd3eb4aa,multimodal_df,daghar_standardized_balanced,rw_thigh,train,config_0,multimodal_perc_100,id_7d268895569b,har,train,full_run,/workspaces/HIAAC-KR-Dev-Container/Minerva-Exps/benchmarks/experiments/paper_daghar_supervised_3runs_perlr_samples_down_seed_resnetse5_12345/logs/id_fa23035a8f4f/final,,,,,,,,,
train_resnetse5,id_5859229256a7,,completed,0,False,id_612c26209f9f,supervised,resnetse5,full_finetune_lr2,id_274082d5effd,multimodal_df,daghar_standardized_balanced,rw_waist,train,config_0,multimodal_samples_005,id_7d268895569b,har,train,full_run,/workspaces/HIAAC-KR-Dev-Container/Minerva-Exps/benchmarks/experiments/paper_daghar_supervised_3runs_perlr_samples_down_seed_resnetse5_12345/logs/id_5859229256a7/final,,,,,,,,,
evaluate_resnetse5,id_e4535bd4fc8c,id_2d38802a70e1,completed,1,True,id_612c26209f9f,supervised,resnetse5,full_finetune_lr2,id_8bced4972313,multimodal_df,daghar_standardized_balanced,motionsense,test,,multimodal_perc_100,id_daa7333eb2f8,har,evaluate,full_run,/workspaces/HIAAC-KR-Dev-Container/Minerva-Exps/benchmarks/experiments/paper_daghar_supervised_3runs_perlr_samples_down_seed_resnetse5_12345/logs/id_e4535bd4fc8c/final,56bda709ce,/workspaces/HIAAC-KR-Dev-Container/Minerva-Exps/benchmarks/experiments/paper_daghar_supervised_3runs_perlr_samples_down_seed_resnetse5_12345/logs/id_e4535bd4fc8c/final/metrics_2025-11-10-16-51-56bda709ce.yaml,/workspaces/HIAAC-KR-Dev-Container/Minerva-Exps/benchmarks/experiments/paper_daghar_supervised_3runs_perlr_samples_down_seed_resnetse5_12345/logs/id_e4535bd4fc8c/final/run_2025-11-10-16-51-56bda709ce.yaml,0.5932203531265259,0.7794464230537415,0.5110423564910889,0.5932203531265259,0.5932203531265259,0.779446542263031
evaluate_resnetse5,id_c4e1cf1407c0,id_5edc2ed33d66,completed,1,True,id_51a779f741ee,supervised,resnetse5,full_finetune_lr1,id_803b364782be,multimodal_df,daghar_standardized_balanced,motionsense,test,,multimodal_perc_100,id_daa7333eb2f8,har,evaluate,full_run,/workspaces/HIAAC-KR-Dev-Container/Minerva-Exps/benchmarks/experiments/paper_daghar_supervised_3runs_perlr_samples_down_seed_resnetse5_12345/logs/id_c4e1cf1407c0/final,54210c4d67,/workspaces/HIAAC-KR-Dev-Container/Minerva-Exps/benchmarks/experiments/paper_daghar_supervised_3runs_perlr_samples_down_seed_resnetse5_12345/logs/id_c4e1cf1407c0/final/metrics_2025-11-10-16-37-54210c4d67.yaml,/workspaces/HIAAC-KR-Dev-Container/Minerva-Exps/benchmarks/experiments/paper_daghar_supervised_3runs_perlr_samples_down_seed_resnetse5_12345/logs/id_c4e1cf1407c0/final/run_2025-11-10-16-37-54210c4d67.yaml,0.5941619873046875,0.6698336601257324,0.5320963859558105,0.5941619873046875,0.5941619873046875,0.6698336601257324
evaluate_resnetse5,id_29e9e1e12153,id_dfe1afec7977,completed,1,True,id_a619266c470c,supervised,resnetse5,full_finetune_lr4,id_9b601446d92d,multimodal_df,daghar_standardized_balanced,motionsense,test,,multimodal_perc_100,id_daa7333eb2f8,har,evaluate,full_run,/workspaces/HIAAC-KR-Dev-Container/Minerva-Exps/benchmarks/experiments/paper_daghar_supervised_3runs_perlr_samples_down_seed_resnetse5_12345/logs/id_29e9e1e12153/final,40b244a019,/workspaces/HIAAC-KR-Dev-Container/Minerva-Exps/benchmarks/experiments/paper_daghar_supervised_3runs_perlr_samples_down_seed_resnetse5_12345/logs/id_29e9e1e12153/final/metrics_2025-11-10-15-30-40b244a019.yaml,/workspaces/HIAAC-KR-Dev-Container/Minerva-Exps/benchmarks/experiments/paper_daghar_supervised_3runs_perlr_samples_down_seed_resnetse5_12345/logs/id_29e9e1e12153/final/run_2025-11-10-15-30-40b244a019.yaml,0.7589454054832458,0.8069013953208923,0.7201879024505615,0.7589454054832458,0.7589454650878906,0.8069013357162476
train_resnetse5,id_24026f010769,,completed,0,False,id_a619266c470c,supervised,resnetse5,full_finetune_lr4,id_820f9528b139,multimodal_df,daghar_standardized_balanced,motionsense,train,config_0,multimodal_samples_010_3,id_7d268895569b,har,train,full_run,/workspaces/HIAAC-KR-Dev-Container/Minerva-Exps/benchmarks/experiments/paper_daghar_supervised_3runs_perlr_samples_down_seed_resnetse5_12345/logs/id_24026f010769/final,,,,,,,,,
train_resnetse5,id_578f28c87c52,,completed,0,False,id_51a779f741ee,supervised,resnetse5,full_finetune_lr1,id_274082d5effd,multimodal_df,daghar_standardized_balanced,rw_waist,train,config_0,multimodal_samples_005,id_7d268895569b,har,train,full_run,/workspaces/HIAAC-KR-Dev-Container/Minerva-Exps/benchmarks/experiments/paper_daghar_supervised_3runs_perlr_samples_down_seed_resnetse5_12345/logs/id_578f28c87c52/final,,,,,,,,,
train_resnetse5,id_5797d35f135c,,completed,0,False,id_51a779f741ee,supervised,resnetse5,full_finetune_lr1,id_3879140ea3fb,multimodal_df,daghar_standardized_balanced,rw_thigh,train,config_0,multimodal_samples_010_2,id_7d268895569b,har,train,full_run,/workspaces/HIAAC-KR-Dev-Container/Minerva-Exps/benchmarks/experiments/paper_daghar_supervised_3runs_perlr_samples_down_seed_resnetse5_12345/logs/id_5797d35f135c/final,,,,,,,,,
evaluate_resnetse5,id_683a219c9071,id_0ea92c9304d6,completed,1,True,id_51a779f741ee,supervised,resnetse5,full_finetune_lr1,id_20234ec464fa,multimodal_df,daghar_standardized_balanced,rw_thigh,test,,multimodal_perc_100,id_daa7333eb2f8,har,evaluate,full_run,/workspaces/HIAAC-KR-Dev-Container/Minerva-Exps/benchmarks/experiments/paper_daghar_supervised_3runs_perlr_samples_down_seed_resnetse5_12345/logs/id_683a219c9071/final,25e60077dd,/workspaces/HIAAC-KR-Dev-Container/Minerva-Exps/benchmarks/experiments/paper_daghar_supervised_3runs_perlr_samples_down_seed_resnetse5_12345/logs/id_683a219c9071/final/metrics_2025-11-10-15-57-25e60077dd.yaml,/workspaces/HIAAC-KR-Dev-Container/Minerva-Exps/benchmarks/experiments/paper_daghar_supervised_3runs_perlr_samples_down_seed_resnetse5_12345/logs/id_683a219c9071/final/run_2025-11-10-15-57-25e60077dd.yaml,0.718426525592804,0.7336841225624084,0.6834460496902466,0.718426525592804,0.718426525592804,0.7336840629577637
evaluate_resnetse5,id_f2f86a728c9c,id_9deac6169595,completed,1,True,id_3f47675df06f,supervised,resnetse5,full_finetune_lr5,id_4dd10d8fb6f8,multimodal_df,daghar_standardized_balanced,rw_waist,test,,multimodal_perc_100,id_daa7333eb2f8,har,evaluate,full_run,/workspaces/HIAAC-KR-Dev-Container/Minerva-Exps/benchmarks/experiments/paper_daghar_supervised_3runs_perlr_samples_down_seed_resnetse5_12345/logs/id_f2f86a728c9c/final,500cc193b7,/workspaces/HIAAC-KR-Dev-Container/Minerva-Exps/benchmarks/experiments/paper_daghar_supervised_3runs_perlr_samples_down_seed_resnetse5_12345/logs/id_f2f86a728c9c/final/metrics_2025-11-10-17-00-500cc193b7.yaml,/workspaces/HIAAC-KR-Dev-Container/Minerva-Exps/benchmarks/experiments/paper_daghar_supervised_3runs_perlr_samples_down_seed_resnetse5_12345/logs/id_f2f86a728c9c/final/run_2025-11-10-17-00-500cc193b7.yaml,0.5343364477157593,0.6922065615653992,0.4600663185119629,0.5343364477157593,0.5343363881111145,0.5768388509750366
evaluate_resnetse5,id_c3a102829adc,id_ac507b9bd6f0,completed,1,True,id_3f47675df06f,supervised,resnetse5,full_finetune_lr5,id_f25979dfe211,multimodal_df,daghar_standardized_balanced,uci,test,,multimodal_perc_100,id_daa7333eb2f8,har,evaluate,full_run,/workspaces/HIAAC-KR-Dev-Container/Minerva-Exps/benchmarks/experiments/paper_daghar_supervised_3runs_perlr_samples_down_seed_resnetse5_12345/logs/id_c3a102829adc/final,234879f875,/workspaces/HIAAC-KR-Dev-Container/Minerva-Exps/benchmarks/experiments/paper_daghar_supervised_3runs_perlr_samples_down_seed_resnetse5_12345/logs/id_c3a102829adc/final/metrics_2025-11-10-16-37-234879f875.yaml,/workspaces/HIAAC-KR-Dev-Container/Minerva-Exps/benchmarks/experiments/paper_daghar_supervised_3runs_perlr_samples_down_seed_resnetse5_12345/logs/id_c3a102829adc/final/run_2025-11-10-16-37-234879f875.yaml,0.5130434632301331,0.6371391415596008,0.3950886130332947,0.5130434632301331,0.5130434632301331,0.3822835087776184
train_resnetse5,id_a79fc2fe233d,,completed,0,False,id_3f47675df06f,supervised,resnetse5,full_finetune_lr5,id_fc6ba2357f31,multimodal_df,daghar_standardized_balanced,motionsense,train,config_0,multimodal_samples_100,id_7d268895569b,har,train,full_run,/workspaces/HIAAC-KR-Dev-Container/Minerva-Exps/benchmarks/experiments/paper_daghar_supervised_3runs_perlr_samples_down_seed_resnetse5_12345/logs/id_a79fc2fe233d/final,,,,,,,,,
train_resnetse5,id_2ced5beb559f,,completed,0,False,id_a619266c470c,supervised,resnetse5,full_finetune_lr4,id_a50226a2e73f,multimodal_df,daghar_standardized_balanced,motionsense,train,config_0,multimodal_samples_005_3,id_7d268895569b,har,train,full_run,/workspaces/HIAAC-KR-Dev-Container/Minerva-Exps/benchmarks/experiments/paper_daghar_supervised_3runs_perlr_samples_down_seed_resnetse5_12345/logs/id_2ced5beb559f/final,,,,,,,,,
evaluate_resnetse5,id_f00e1258cb98,id_daadfffb5585,completed,1,True,id_612c26209f9f,supervised,resnetse5,full_finetune_lr2,id_0e2b77b61f90,multimodal_df,daghar_standardized_balanced,motionsense,test,,multimodal_perc_100,id_daa7333eb2f8,har,evaluate,full_run,/workspaces/HIAAC-KR-Dev-Container/Minerva-Exps/benchmarks/experiments/paper_daghar_supervised_3runs_perlr_samples_down_seed_resnetse5_12345/logs/id_f00e1258cb98/final,059cfb1609,/workspaces/HIAAC-KR-Dev-Container/Minerva-Exps/benchmarks/experiments/paper_daghar_supervised_3runs_perlr_samples_down_seed_resnetse5_12345/logs/id_f00e1258cb98/final/metrics_2025-11-10-17-00-059cfb1609.yaml,/workspaces/HIAAC-KR-Dev-Container/Minerva-Exps/benchmarks/experiments/paper_daghar_supervised_3runs_perlr_samples_down_seed_resnetse5_12345/logs/id_f00e1258cb98/final/run_2025-11-10-17-00-059cfb1609.yaml,0.770244836807251,0.7950401306152344,0.7217733263969421,0.770244836807251,0.770244836807251,0.7950401902198792
train_resnetse5,id_b44930c5ad0e,,completed,0,False,id_51a779f741ee,supervised,resnetse5,full_finetune_lr1,id_20dbdedc5e50,multimodal_df,daghar_standardized_balanced,rw_waist,train,config_0,multimodal_perc_100_3,id_7d268895569b,har,train,full_run,/workspaces/HIAAC-KR-Dev-Container/Minerva-Exps/benchmarks/experiments/paper_daghar_supervised_3runs_perlr_samples_down_seed_resnetse5_12345/logs/id_b44930c5ad0e/final,,,,,,,,,
train_resnetse5,id_7e804f50edc0,,completed,0,False,id_612c26209f9f,supervised,resnetse5,full_finetune_lr2,id_03f958408f87,multimodal_df,daghar_standardized_balanced,uci,train,config_0,multimodal_samples_010,id_7d268895569b,har,train,full_run,/workspaces/HIAAC-KR-Dev-Container/Minerva-Exps/benchmarks/experiments/paper_daghar_supervised_3runs_perlr_samples_down_seed_resnetse5_12345/logs/id_7e804f50edc0/final,,,,,,,,,
train_resnetse5,id_22bf98b9973a,,completed,0,False,id_a619266c470c,supervised,resnetse5,full_finetune_lr4,id_8f53e19d9d68,multimodal_df,daghar_standardized_balanced,rw_waist,train,config_0,multimodal_samples_200_2,id_7d268895569b,har,train,full_run,/workspaces/HIAAC-KR-Dev-Container/Minerva-Exps/benchmarks/experiments/paper_daghar_supervised_3runs_perlr_samples_down_seed_resnetse5_12345/logs/id_22bf98b9973a/final,,,,,,,,,
evaluate_resnetse5,id_0a7daa787306,id_4a8b669dfcd8,completed,1,True,id_612c26209f9f,supervised,resnetse5,full_finetune_lr2,id_95bb3dc376ae,multimodal_df,daghar_standardized_balanced,motionsense,test,,multimodal_perc_100,id_daa7333eb2f8,har,evaluate,full_run,/workspaces/HIAAC-KR-Dev-Container/Minerva-Exps/benchmarks/experiments/paper_daghar_supervised_3runs_perlr_samples_down_seed_resnetse5_12345/logs/id_0a7daa787306/final,499328da75,/workspaces/HIAAC-KR-Dev-Container/Minerva-Exps/benchmarks/experiments/paper_daghar_supervised_3runs_perlr_samples_down_seed_resnetse5_12345/logs/id_0a7daa787306/final/metrics_2025-11-10-15-17-499328da75.yaml,/workspaces/HIAAC-KR-Dev-Container/Minerva-Exps/benchmarks/experiments/paper_daghar_supervised_3runs_perlr_samples_down_seed_resnetse5_12345/logs/id_0a7daa787306/final/run_2025-11-10-15-17-499328da75.yaml,0.7429378628730774,0.8065258860588074,0.6969020366668701,0.7429378628730774,0.7429378628730774,0.8065258264541626
evaluate_resnetse5,id_d567c715562a,id_2257b6730185,completed,1,True,id_51a779f741ee,supervised,resnetse5,full_finetune_lr1,id_f139484e6a4b,multimodal_df,daghar_standardized_balanced,kuhar,test,,multimodal_perc_100,id_daa7333eb2f8,har,evaluate,full_run,/workspaces/HIAAC-KR-Dev-Container/Minerva-Exps/benchmarks/experiments/paper_daghar_supervised_3runs_perlr_samples_down_seed_resnetse5_12345/logs/id_d567c715562a/final,57476b03d1,/workspaces/HIAAC-KR-Dev-Container/Minerva-Exps/benchmarks/experiments/paper_daghar_supervised_3runs_perlr_samples_down_seed_resnetse5_12345/logs/id_d567c715562a/final/metrics_2025-11-10-16-44-57476b03d1.yaml,/workspaces/HIAAC-KR-Dev-Container/Minerva-Exps/benchmarks/experiments/paper_daghar_supervised_3runs_perlr_samples_down_seed_resnetse5_12345/logs/id_d567c715562a/final/run_2025-11-10-16-44-57476b03d1.yaml,0.7430555820465088,0.8200519680976868,0.684950590133667,0.7430555820465088,0.7430555820465088,0.6833765506744385
evaluate_resnetse5,id_4e45ff72b21b,id_77f372e4a5a0,completed,1,True,id_01c6663a52ec,supervised,resnetse5,full_finetune_lr3,id_6790d96a1ecf,multimodal_df,daghar_standardized_balanced,motionsense,test,,multimodal_perc_100,id_daa7333eb2f8,har,evaluate,full_run,/workspaces/HIAAC-KR-Dev-Container/Minerva-Exps/benchmarks/experiments/paper_daghar_supervised_3runs_perlr_samples_down_seed_resnetse5_12345/logs/id_4e45ff72b21b/final,374b61f937,/workspaces/HIAAC-KR-Dev-Container/Minerva-Exps/benchmarks/experiments/paper_daghar_supervised_3runs_perlr_samples_down_seed_resnetse5_12345/logs/id_4e45ff72b21b/final/metrics_2025-11-10-15-45-374b61f937.yaml,/workspaces/HIAAC-KR-Dev-Container/Minerva-Exps/benchmarks/experiments/paper_daghar_supervised_3runs_perlr_samples_down_seed_resnetse5_12345/logs/id_4e45ff72b21b/final/run_2025-11-10-15-45-374b61f937.yaml,0.8540489673614502,0.8680512309074402,0.8504914045333862,0.8540489673614502,0.8540489673614502,0.8680511713027954
train_resnetse5,id_78bf33e0b62a,,completed,0,False,id_a619266c470c,supervised,resnetse5,full_finetune_lr4,id_01955da0dfc1,multimodal_df,daghar_standardized_balanced,wisdm,train,config_0,multimodal_samples_001_3,id_7d268895569b,har,train,full_run,/workspaces/HIAAC-KR-Dev-Container/Minerva-Exps/benchmarks/experiments/paper_daghar_supervised_3runs_perlr_samples_down_seed_resnetse5_12345/logs/id_78bf33e0b62a/final,,,,,,,,,
evaluate_resnetse5,id_4277a1532f30,id_8a974156565b,completed,1,True,id_a619266c470c,supervised,resnetse5,full_finetune_lr4,id_571543e27d17,multimodal_df,daghar_standardized_balanced,rw_waist,test,,multimodal_perc_100,id_daa7333eb2f8,har,evaluate,full_run,/workspaces/HIAAC-KR-Dev-Container/Minerva-Exps/benchmarks/experiments/paper_daghar_supervised_3runs_perlr_samples_down_seed_resnetse5_12345/logs/id_4277a1532f30/final,169921462d,/workspaces/HIAAC-KR-Dev-Container/Minerva-Exps/benchmarks/experiments/paper_daghar_supervised_3runs_perlr_samples_down_seed_resnetse5_12345/logs/id_4277a1532f30/final/metrics_2025-11-10-15-40-169921462d.yaml,/workspaces/HIAAC-KR-Dev-Container/Minerva-Exps/benchmarks/experiments/paper_daghar_supervised_3runs_perlr_samples_down_seed_resnetse5_12345/logs/id_4277a1532f30/final/run_2025-11-10-15-40-169921462d.yaml,0.707561731338501,0.7711732387542725,0.6946419477462769,0.707561731338501,0.707561731338501,0.7711731791496277
train_resnetse5,id_0ab352cbbaa0,,completed,0,False,id_01c6663a52ec,supervised,resnetse5,full_finetune_lr3,id_caa8f5feb10b,multimodal_df,daghar_standardized_balanced,kuhar,train,config_0,multimodal_samples_050,id_7d268895569b,har,train,full_run,/workspaces/HIAAC-KR-Dev-Container/Minerva-Exps/benchmarks/experiments/paper_daghar_supervised_3runs_perlr_samples_down_seed_resnetse5_12345/logs/id_0ab352cbbaa0/final,,,,,,,,,
evaluate_resnetse5,id_7262fb224b7e,id_2c89a2ac5be3,completed,1,True,id_a619266c470c,supervised,resnetse5,full_finetune_lr4,id_c10d4d9eb345,multimodal_df,daghar_standardized_balanced,kuhar,test,,multimodal_perc_100,id_daa7333eb2f8,har,evaluate,full_run,/workspaces/HIAAC-KR-Dev-Container/Minerva-Exps/benchmarks/experiments/paper_daghar_supervised_3runs_perlr_samples_down_seed_resnetse5_12345/logs/id_7262fb224b7e/final,44de672a1c,/workspaces/HIAAC-KR-Dev-Container/Minerva-Exps/benchmarks/experiments/paper_daghar_supervised_3runs_perlr_samples_down_seed_resnetse5_12345/logs/id_7262fb224b7e/final/metrics_2025-11-10-16-01-44de672a1c.yaml,/workspaces/HIAAC-KR-Dev-Container/Minerva-Exps/benchmarks/experiments/paper_daghar_supervised_3runs_perlr_samples_down_seed_resnetse5_12345/logs/id_7262fb224b7e/final/run_2025-11-10-16-01-44de672a1c.yaml,0.6944444179534912,0.7501955032348633,0.6282461881637573,0.6944444179534912,0.694444477558136,0.6251628994941711
train_resnetse5,id_a41f5cba847d,,completed,0,False,id_612c26209f9f,supervised,resnetse5,full_finetune_lr2,id_d05d4d1d48a9,multimodal_df,daghar_standardized_balanced,rw_thigh,train,config_0,multimodal_samples_200_2,id_7d268895569b,har,train,full_run,/workspaces/HIAAC-KR-Dev-Container/Minerva-Exps/benchmarks/experiments/paper_daghar_supervised_3runs_perlr_samples_down_seed_resnetse5_12345/logs/id_a41f5cba847d/final,,,,,,,,,
evaluate_resnetse5,id_a0fe0a06ac42,id_b4e086827a37,completed,1,True,id_612c26209f9f,supervised,resnetse5,full_finetune_lr2,id_f8566074d192,multimodal_df,daghar_standardized_balanced,kuhar,test,,multimodal_perc_100,id_daa7333eb2f8,har,evaluate,full_run,/workspaces/HIAAC-KR-Dev-Container/Minerva-Exps/benchmarks/experiments/paper_daghar_supervised_3runs_perlr_samples_down_seed_resnetse5_12345/logs/id_a0fe0a06ac42/final,254f88a002,/workspaces/HIAAC-KR-Dev-Container/Minerva-Exps/benchmarks/experiments/paper_daghar_supervised_3runs_perlr_samples_down_seed_resnetse5_12345/logs/id_a0fe0a06ac42/final/metrics_2025-11-10-16-22-254f88a002.yaml,/workspaces/HIAAC-KR-Dev-Container/Minerva-Exps/benchmarks/experiments/paper_daghar_supervised_3runs_perlr_samples_down_seed_resnetse5_12345/logs/id_a0fe0a06ac42/final/run_2025-11-10-16-22-254f88a002.yaml,0.1666666716337204,0.1666666716337204,0.0476190485060215,0.1666666716337204,0.1666666716337204,0.02777777798473835
evaluate_resnetse5,id_73a28be0569e,id_1b2f526c8d1e,completed,1,True,id_51a779f741ee,supervised,resnetse5,full_finetune_lr1,id_422128d9bc98,multimodal_df,daghar_standardized_balanced,rw_thigh,test,,multimodal_perc_100,id_daa7333eb2f8,har,evaluate,full_run,/workspaces/HIAAC-KR-Dev-Container/Minerva-Exps/benchmarks/experiments/paper_daghar_supervised_3runs_perlr_samples_down_seed_resnetse5_12345/logs/id_73a28be0569e/final,166cfe9910,/workspaces/HIAAC-KR-Dev-Container/Minerva-Exps/benchmarks/experiments/paper_daghar_supervised_3runs_perlr_samples_down_seed_resnetse5_12345/logs/id_73a28be0569e/final/metrics_2025-11-10-16-02-166cfe9910.yaml,/workspaces/HIAAC-KR-Dev-Container/Minerva-Exps/benchmarks/experiments/paper_daghar_supervised_3runs_perlr_samples_down_seed_resnetse5_12345/logs/id_73a28be0569e/final/run_2025-11-10-16-02-166cfe9910.yaml,0.5766045451164246,0.7215911149978638,0.48919984698295593,0.5766045451164246,0.5766046047210693,0.6013259291648865
evaluate_resnetse5,id_9cf337240232,id_1c7c406ec4cc,completed,1,True,id_01c6663a52ec,supervised,resnetse5,full_finetune_lr3,id_987ecc84101d,multimodal_df,daghar_standardized_balanced,kuhar,test,,multimodal_perc_100,id_daa7333eb2f8,har,evaluate,full_run,/workspaces/HIAAC-KR-Dev-Container/Minerva-Exps/benchmarks/experiments/paper_daghar_supervised_3runs_perlr_samples_down_seed_resnetse5_12345/logs/id_9cf337240232/final,309b9e148d,/workspaces/HIAAC-KR-Dev-Container/Minerva-Exps/benchmarks/experiments/paper_daghar_supervised_3runs_perlr_samples_down_seed_resnetse5_12345/logs/id_9cf337240232/final/metrics_2025-11-10-16-20-309b9e148d.yaml,/workspaces/HIAAC-KR-Dev-Container/Minerva-Exps/benchmarks/experiments/paper_daghar_supervised_3runs_perlr_samples_down_seed_resnetse5_12345/logs/id_9cf337240232/final/run_2025-11-10-16-20-309b9e148d.yaml,0.5138888955116272,0.6951509118080139,0.3965497314929962,0.5138888955116272,0.5138888955116272,0.5792924165725708
evaluate_resnetse5,id_59732a754657,id_ea90382fe0f7,completed,1,True,id_a619266c470c,supervised,resnetse5,full_finetune_lr4,id_ccb81a2579bc,multimodal_df,daghar_standardized_balanced,rw_waist,test,,multimodal_perc_100,id_daa7333eb2f8,har,evaluate,full_run,/workspaces/HIAAC-KR-Dev-Container/Minerva-Exps/benchmarks/experiments/paper_daghar_supervised_3runs_perlr_samples_down_seed_resnetse5_12345/logs/id_59732a754657/final,3676d60c6a,/workspaces/HIAAC-KR-Dev-Container/Minerva-Exps/benchmarks/experiments/paper_daghar_supervised_3runs_perlr_samples_down_seed_resnetse5_12345/logs/id_59732a754657/final/metrics_2025-11-10-15-51-3676d60c6a.yaml,/workspaces/HIAAC-KR-Dev-Container/Minerva-Exps/benchmarks/experiments/paper_daghar_supervised_3runs_perlr_samples_down_seed_resnetse5_12345/logs/id_59732a754657/final/run_2025-11-10-15-51-3676d60c6a.yaml,0.6890432238578796,0.7074779868125916,0.6610567569732666,0.6890432238578796,0.6890432238578796,0.7074779272079468
evaluate_resnetse5,id_bf751995f6d3,id_9c618d5745c4,completed,1,True,id_3f47675df06f,supervised,resnetse5,full_finetune_lr5,id_a9af5fb5fdd5,multimodal_df,daghar_standardized_balanced,rw_thigh,test,,multimodal_perc_100,id_daa7333eb2f8,har,evaluate,full_run,/workspaces/HIAAC-KR-Dev-Container/Minerva-Exps/benchmarks/experiments/paper_daghar_supervised_3runs_perlr_samples_down_seed_resnetse5_12345/logs/id_bf751995f6d3/final,39a5e6918e,/workspaces/HIAAC-KR-Dev-Container/Minerva-Exps/benchmarks/experiments/paper_daghar_supervised_3runs_perlr_samples_down_seed_resnetse5_12345/logs/id_bf751995f6d3/final/metrics_2025-11-10-16-35-39a5e6918e.yaml,/workspaces/HIAAC-KR-Dev-Container/Minerva-Exps/benchmarks/experiments/paper_daghar_supervised_3runs_perlr_samples_down_seed_resnetse5_12345/logs/id_bf751995f6d3/final/run_2025-11-10-16-35-39a5e6918e.yaml,0.739130437374115,0.7784767150878906,0.7249767184257507,0.739130437374115,0.7391303777694702,0.7784767150878906
train_resnetse5,id_828eb51ba032,,completed,0,False,id_a619266c470c,supervised,resnetse5,full_finetune_lr4,id_a8b9fb2299ef,multimodal_df,daghar_standardized_balanced,wisdm,train,config_0,multimodal_samples_010_2,id_7d268895569b,har,train,full_run,/workspaces/HIAAC-KR-Dev-Container/Minerva-Exps/benchmarks/experiments/paper_daghar_supervised_3runs_perlr_samples_down_seed_resnetse5_12345/logs/id_828eb51ba032/final,,,,,,,,,
evaluate_resnetse5,id_74e934e554f0,id_512bcbeef1b8,completed,1,True,id_51a779f741ee,supervised,resnetse5,full_finetune_lr1,id_b309bd62c1bf,multimodal_df,daghar_standardized_balanced,motionsense,test,,multimodal_perc_100,id_daa7333eb2f8,har,evaluate,full_run,/workspaces/HIAAC-KR-Dev-Container/Minerva-Exps/benchmarks/experiments/paper_daghar_supervised_3runs_perlr_samples_down_seed_resnetse5_12345/logs/id_74e934e554f0/final,00a047ed53,/workspaces/HIAAC-KR-Dev-Container/Minerva-Exps/benchmarks/experiments/paper_daghar_supervised_3runs_perlr_samples_down_seed_resnetse5_12345/logs/id_74e934e554f0/final/metrics_2025-11-10-16-03-00a047ed53.yaml,/workspaces/HIAAC-KR-Dev-Container/Minerva-Exps/benchmarks/experiments/paper_daghar_supervised_3runs_perlr_samples_down_seed_resnetse5_12345/logs/id_74e934e554f0/final/run_2025-11-10-16-03-00a047ed53.yaml,0.770244836807251,0.8337958455085754,0.7152894735336304,0.770244836807251,0.770244836807251,0.6948298811912537
train_resnetse5,id_9f3e0699d38f,,completed,0,False,id_612c26209f9f,supervised,resnetse5,full_finetune_lr2,id_820f9528b139,multimodal_df,daghar_standardized_balanced,motionsense,train,config_0,multimodal_samples_010_3,id_7d268895569b,har,train,full_run,/workspaces/HIAAC-KR-Dev-Container/Minerva-Exps/benchmarks/experiments/paper_daghar_supervised_3runs_perlr_samples_down_seed_resnetse5_12345/logs/id_9f3e0699d38f/final,,,,,,,,,
train_resnetse5,id_3840c5ba5df2,,completed,0,False,id_612c26209f9f,supervised,resnetse5,full_finetune_lr2,id_55cd8c823098,multimodal_df,daghar_standardized_balanced,kuhar,train,config_0,multimodal_samples_050_2,id_7d268895569b,har,train,full_run,/workspaces/HIAAC-KR-Dev-Container/Minerva-Exps/benchmarks/experiments/paper_daghar_supervised_3runs_perlr_samples_down_seed_resnetse5_12345/logs/id_3840c5ba5df2/final,,,,,,,,,
evaluate_resnetse5,id_6eae3acf66ac,id_921aa26c2821,completed,1,True,id_51a779f741ee,supervised,resnetse5,full_finetune_lr1,id_509ed146099d,multimodal_df,daghar_standardized_balanced,wisdm,test,,multimodal_perc_100,id_daa7333eb2f8,har,evaluate,full_run,/workspaces/HIAAC-KR-Dev-Container/Minerva-Exps/benchmarks/experiments/paper_daghar_supervised_3runs_perlr_samples_down_seed_resnetse5_12345/logs/id_6eae3acf66ac/final,57b563e2f5,/workspaces/HIAAC-KR-Dev-Container/Minerva-Exps/benchmarks/experiments/paper_daghar_supervised_3runs_perlr_samples_down_seed_resnetse5_12345/logs/id_6eae3acf66ac/final/metrics_2025-11-10-16-00-57b563e2f5.yaml,/workspaces/HIAAC-KR-Dev-Container/Minerva-Exps/benchmarks/experiments/paper_daghar_supervised_3runs_perlr_samples_down_seed_resnetse5_12345/logs/id_6eae3acf66ac/final/run_2025-11-10-16-00-57b563e2f5.yaml,0.4719662070274353,0.5554649233818054,0.3486074209213257,0.4719662070274353,0.4719662070274353,0.41659870743751526
evaluate_resnetse5,id_b53664d6cbcc,id_854e9d73b19f,completed,1,True,id_01c6663a52ec,supervised,resnetse5,full_finetune_lr3,id_e9fdc57ecaa9,multimodal_df,daghar_standardized_balanced,uci,test,,multimodal_perc_100,id_daa7333eb2f8,har,evaluate,full_run,/workspaces/HIAAC-KR-Dev-Container/Minerva-Exps/benchmarks/experiments/paper_daghar_supervised_3runs_perlr_samples_down_seed_resnetse5_12345/logs/id_b53664d6cbcc/final,14d219e2d1,/workspaces/HIAAC-KR-Dev-Container/Minerva-Exps/benchmarks/experiments/paper_daghar_supervised_3runs_perlr_samples_down_seed_resnetse5_12345/logs/id_b53664d6cbcc/final/metrics_2025-11-10-16-31-14d219e2d1.yaml,/workspaces/HIAAC-KR-Dev-Container/Minerva-Exps/benchmarks/experiments/paper_daghar_supervised_3runs_perlr_samples_down_seed_resnetse5_12345/logs/id_b53664d6cbcc/final/run_2025-11-10-16-31-14d219e2d1.yaml,0.8333333134651184,0.8497030138969421,0.8223422765731812,0.8333333134651184,0.8333333730697632,0.8497030138969421
evaluate_resnetse5,id_32f6e06bea58,id_37bc5cb8ad6f,completed,1,True,id_51a779f741ee,supervised,resnetse5,full_finetune_lr1,id_ccf09c8e58f2,multimodal_df,daghar_standardized_balanced,rw_thigh,test,,multimodal_perc_100,id_daa7333eb2f8,har,evaluate,full_run,/workspaces/HIAAC-KR-Dev-Container/Minerva-Exps/benchmarks/experiments/paper_daghar_supervised_3runs_perlr_samples_down_seed_resnetse5_12345/logs/id_32f6e06bea58/final,215b53997b,/workspaces/HIAAC-KR-Dev-Container/Minerva-Exps/benchmarks/experiments/paper_daghar_supervised_3runs_perlr_samples_down_seed_resnetse5_12345/logs/id_32f6e06bea58/final/metrics_2025-11-10-15-34-215b53997b.yaml,/workspaces/HIAAC-KR-Dev-Container/Minerva-Exps/benchmarks/experiments/paper_daghar_supervised_3runs_perlr_samples_down_seed_resnetse5_12345/logs/id_32f6e06bea58/final/run_2025-11-10-15-34-215b53997b.yaml,0.6404416561126709,0.6467769742012024,0.6168070435523987,0.6404416561126709,0.6404416561126709,0.6467769742012024
evaluate_resnetse5,id_9defee81c452,id_f587a9a2ef48,completed,1,True,id_612c26209f9f,supervised,resnetse5,full_finetune_lr2,id_53b81b377af6,multimodal_df,daghar_standardized_balanced,rw_waist,test,,multimodal_perc_100,id_daa7333eb2f8,har,evaluate,full_run,/workspaces/HIAAC-KR-Dev-Container/Minerva-Exps/benchmarks/experiments/paper_daghar_supervised_3runs_perlr_samples_down_seed_resnetse5_12345/logs/id_9defee81c452/final,524d8bcd3c,/workspaces/HIAAC-KR-Dev-Container/Minerva-Exps/benchmarks/experiments/paper_daghar_supervised_3runs_perlr_samples_down_seed_resnetse5_12345/logs/id_9defee81c452/final/metrics_2025-11-10-16-20-524d8bcd3c.yaml,/workspaces/HIAAC-KR-Dev-Container/Minerva-Exps/benchmarks/experiments/paper_daghar_supervised_3runs_perlr_samples_down_seed_resnetse5_12345/logs/id_9defee81c452/final/run_2025-11-10-16-20-524d8bcd3c.yaml,0.14158950746059418,0.11286862194538116,0.05936155468225479,0.14158950746059418,0.14158949255943298,0.03762287646532059
evaluate_resnetse5,id_bee663237112,id_20a962930bb3,completed,1,True,id_51a779f741ee,supervised,resnetse5,full_finetune_lr1,id_36f18442564c,multimodal_df,daghar_standardized_balanced,motionsense,test,,multimodal_perc_100,id_daa7333eb2f8,har,evaluate,full_run,/workspaces/HIAAC-KR-Dev-Container/Minerva-Exps/benchmarks/experiments/paper_daghar_supervised_3runs_perlr_samples_down_seed_resnetse5_12345/logs/id_bee663237112/final,3744da75eb,/workspaces/HIAAC-KR-Dev-Container/Minerva-Exps/benchmarks/experiments/paper_daghar_supervised_3runs_perlr_samples_down_seed_resnetse5_12345/logs/id_bee663237112/final/metrics_2025-11-10-16-35-3744da75eb.yaml,/workspaces/HIAAC-KR-Dev-Container/Minerva-Exps/benchmarks/experiments/paper_daghar_supervised_3runs_perlr_samples_down_seed_resnetse5_12345/logs/id_bee663237112/final/run_2025-11-10-16-35-3744da75eb.yaml,0.700564980506897,0.749373733997345,0.6936745643615723,0.700564980506897,0.700564980506897,0.749373733997345
train_resnetse5,id_7ec6ce6cbe74,,completed,0,False,id_51a779f741ee,supervised,resnetse5,full_finetune_lr1,id_dbf308c611cc,multimodal_df,daghar_standardized_balanced,motionsense,train,config_0,multimodal_samples_025_3,id_7d268895569b,har,train,full_run,/workspaces/HIAAC-KR-Dev-Container/Minerva-Exps/benchmarks/experiments/paper_daghar_supervised_3runs_perlr_samples_down_seed_resnetse5_12345/logs/id_7ec6ce6cbe74/final,,,,,,,,,
train_resnetse5,id_9110e45981c1,,completed,0,False,id_3f47675df06f,supervised,resnetse5,full_finetune_lr5,id_73b62c9f3e5a,multimodal_df,daghar_standardized_balanced,kuhar,train,config_0,multimodal_samples_005,id_7d268895569b,har,train,full_run,/workspaces/HIAAC-KR-Dev-Container/Minerva-Exps/benchmarks/experiments/paper_daghar_supervised_3runs_perlr_samples_down_seed_resnetse5_12345/logs/id_9110e45981c1/final,,,,,,,,,
train_resnetse5,id_e032290f51db,,completed,0,False,id_a619266c470c,supervised,resnetse5,full_finetune_lr4,id_53060fc6227b,multimodal_df,daghar_standardized_balanced,uci,train,config_0,multimodal_perc_100_3,id_7d268895569b,har,train,full_run,/workspaces/HIAAC-KR-Dev-Container/Minerva-Exps/benchmarks/experiments/paper_daghar_supervised_3runs_perlr_samples_down_seed_resnetse5_12345/logs/id_e032290f51db/final,,,,,,,,,
train_resnetse5,id_6dffe2f184d4,,completed,0,False,id_a619266c470c,supervised,resnetse5,full_finetune_lr4,id_c8eedf2bd03f,multimodal_df,daghar_standardized_balanced,wisdm,train,config_0,multimodal_perc_100_2,id_7d268895569b,har,train,full_run,/workspaces/HIAAC-KR-Dev-Container/Minerva-Exps/benchmarks/experiments/paper_daghar_supervised_3runs_perlr_samples_down_seed_resnetse5_12345/logs/id_6dffe2f184d4/final,,,,,,,,,
evaluate_resnetse5,id_118a88300901,id_8a10d3b59880,completed,1,True,id_a619266c470c,supervised,resnetse5,full_finetune_lr4,id_1ada09b787aa,multimodal_df,daghar_standardized_balanced,rw_thigh,test,,multimodal_perc_100,id_daa7333eb2f8,har,evaluate,full_run,/workspaces/HIAAC-KR-Dev-Container/Minerva-Exps/benchmarks/experiments/paper_daghar_supervised_3runs_perlr_samples_down_seed_resnetse5_12345/logs/id_118a88300901/final,179ff31cd9,/workspaces/HIAAC-KR-Dev-Container/Minerva-Exps/benchmarks/experiments/paper_daghar_supervised_3runs_perlr_samples_down_seed_resnetse5_12345/logs/id_118a88300901/final/metrics_2025-11-10-15-21-179ff31cd9.yaml,/workspaces/HIAAC-KR-Dev-Container/Minerva-Exps/benchmarks/experiments/paper_daghar_supervised_3runs_perlr_samples_down_seed_resnetse5_12345/logs/id_118a88300901/final/run_2025-11-10-15-21-179ff31cd9.yaml,0.6535542011260986,0.7325182557106018,0.6335698366165161,0.6535542011260986,0.6535542011260986,0.7325183153152466
evaluate_resnetse5,id_dd79a36b216b,id_4756d446cda6,completed,1,True,id_01c6663a52ec,supervised,resnetse5,full_finetune_lr3,id_347819b8e8e9,multimodal_df,daghar_standardized_balanced,wisdm,test,,multimodal_perc_100,id_daa7333eb2f8,har,evaluate,full_run,/workspaces/HIAAC-KR-Dev-Container/Minerva-Exps/benchmarks/experiments/paper_daghar_supervised_3runs_perlr_samples_down_seed_resnetse5_12345/logs/id_dd79a36b216b/final,1241afe4eb,/workspaces/HIAAC-KR-Dev-Container/Minerva-Exps/benchmarks/experiments/paper_daghar_supervised_3runs_perlr_samples_down_seed_resnetse5_12345/logs/id_dd79a36b216b/final/metrics_2025-11-10-16-48-1241afe4eb.yaml,/workspaces/HIAAC-KR-Dev-Container/Minerva-Exps/benchmarks/experiments/paper_daghar_supervised_3runs_perlr_samples_down_seed_resnetse5_12345/logs/id_dd79a36b216b/final/run_2025-11-10-16-48-1241afe4eb.yaml,0.6140552759170532,0.5796889066696167,0.5346143245697021,0.6140552759170532,0.6140552759170532,0.5796889066696167
evaluate_resnetse5,id_503f1824a3b6,id_1447c0b55f73,completed,1,True,id_612c26209f9f,supervised,resnetse5,full_finetune_lr2,id_8f3c79903cae,multimodal_df,daghar_standardized_balanced,rw_waist,test,,multimodal_perc_100,id_daa7333eb2f8,har,evaluate,full_run,/workspaces/HIAAC-KR-Dev-Container/Minerva-Exps/benchmarks/experiments/paper_daghar_supervised_3runs_perlr_samples_down_seed_resnetse5_12345/logs/id_503f1824a3b6/final,256e1fb0c1,/workspaces/HIAAC-KR-Dev-Container/Minerva-Exps/benchmarks/experiments/paper_daghar_supervised_3runs_perlr_samples_down_seed_resnetse5_12345/logs/id_503f1824a3b6/final/metrics_2025-11-10-15-46-256e1fb0c1.yaml,/workspaces/HIAAC-KR-Dev-Container/Minerva-Exps/benchmarks/experiments/paper_daghar_supervised_3runs_perlr_samples_down_seed_resnetse5_12345/logs/id_503f1824a3b6/final/run_2025-11-10-15-46-256e1fb0c1.yaml,0.6523919701576233,0.6910368800163269,0.6594614386558533,0.6523919701576233,0.6523920297622681,0.6910368800163269
train_resnetse5,id_120b711a0d45,,completed,0,False,id_51a779f741ee,supervised,resnetse5,full_finetune_lr1,id_0637ba4f3b1a,multimodal_df,daghar_standardized_balanced,wisdm,train,config_0,multimodal_samples_001,id_7d268895569b,har,train,full_run,/workspaces/HIAAC-KR-Dev-Container/Minerva-Exps/benchmarks/experiments/paper_daghar_supervised_3runs_perlr_samples_down_seed_resnetse5_12345/logs/id_120b711a0d45/final,,,,,,,,,
train_resnetse5,id_921aa26c2821,,completed,0,False,id_51a779f741ee,supervised,resnetse5,full_finetune_lr1,id_64a3cc41ecfe,multimodal_df,daghar_standardized_balanced,wisdm,train,config_0,multimodal_samples_001_2,id_7d268895569b,har,train,full_run,/workspaces/HIAAC-KR-Dev-Container/Minerva-Exps/benchmarks/experiments/paper_daghar_supervised_3runs_perlr_samples_down_seed_resnetse5_12345/logs/id_921aa26c2821/final,,,,,,,,,
evaluate_resnetse5,id_2dad565e4f57,id_4fee3e065715,completed,1,True,id_a619266c470c,supervised,resnetse5,full_finetune_lr4,id_8f3c79903cae,multimodal_df,daghar_standardized_balanced,rw_waist,test,,multimodal_perc_100,id_daa7333eb2f8,har,evaluate,full_run,/workspaces/HIAAC-KR-Dev-Container/Minerva-Exps/benchmarks/experiments/paper_daghar_supervised_3runs_perlr_samples_down_seed_resnetse5_12345/logs/id_2dad565e4f57/final,59f7e620b7,/workspaces/HIAAC-KR-Dev-Container/Minerva-Exps/benchmarks/experiments/paper_daghar_supervised_3runs_perlr_samples_down_seed_resnetse5_12345/logs/id_2dad565e4f57/final/metrics_2025-11-10-15-32-59f7e620b7.yaml,/workspaces/HIAAC-KR-Dev-Container/Minerva-Exps/benchmarks/experiments/paper_daghar_supervised_3runs_perlr_samples_down_seed_resnetse5_12345/logs/id_2dad565e4f57/final/run_2025-11-10-15-32-59f7e620b7.yaml,0.6990740895271301,0.7344487309455872,0.7059845328330994,0.6990740895271301,0.6990740299224854,0.7344487309455872
train_resnetse5,id_fcff42c39797,,completed,0,False,id_612c26209f9f,supervised,resnetse5,full_finetune_lr2,id_45c2c4800f32,multimodal_df,daghar_standardized_balanced,kuhar,train,config_0,multimodal_samples_025,id_7d268895569b,har,train,full_run,/workspaces/HIAAC-KR-Dev-Container/Minerva-Exps/benchmarks/experiments/paper_daghar_supervised_3runs_perlr_samples_down_seed_resnetse5_12345/logs/id_fcff42c39797/final,,,,,,,,,
train_resnetse5,id_90efb453f748,,completed,0,False,id_612c26209f9f,supervised,resnetse5,full_finetune_lr2,id_f9825c05d917,multimodal_df,daghar_standardized_balanced,rw_thigh,train,config_0,multimodal_perc_100_3,id_7d268895569b,har,train,full_run,/workspaces/HIAAC-KR-Dev-Container/Minerva-Exps/benchmarks/experiments/paper_daghar_supervised_3runs_perlr_samples_down_seed_resnetse5_12345/logs/id_90efb453f748/final,,,,,,,,,
train_resnetse5,id_22734189e081,,completed,0,False,id_51a779f741ee,supervised,resnetse5,full_finetune_lr1,id_45c2c4800f32,multimodal_df,daghar_standardized_balanced,kuhar,train,config_0,multimodal_samples_025,id_7d268895569b,har,train,full_run,/workspaces/HIAAC-KR-Dev-Container/Minerva-Exps/benchmarks/experiments/paper_daghar_supervised_3runs_perlr_samples_down_seed_resnetse5_12345/logs/id_22734189e081/final,,,,,,,,,
evaluate_resnetse5,id_cfbf2863db9b,id_347e7db01031,completed,1,True,id_01c6663a52ec,supervised,resnetse5,full_finetune_lr3,id_ccb81a2579bc,multimodal_df,daghar_standardized_balanced,rw_waist,test,,multimodal_perc_100,id_daa7333eb2f8,har,evaluate,full_run,/workspaces/HIAAC-KR-Dev-Container/Minerva-Exps/benchmarks/experiments/paper_daghar_supervised_3runs_perlr_samples_down_seed_resnetse5_12345/logs/id_cfbf2863db9b/final,04201d2244,/workspaces/HIAAC-KR-Dev-Container/Minerva-Exps/benchmarks/experiments/paper_daghar_supervised_3runs_perlr_samples_down_seed_resnetse5_12345/logs/id_cfbf2863db9b/final/metrics_2025-11-10-16-43-04201d2244.yaml,/workspaces/HIAAC-KR-Dev-Container/Minerva-Exps/benchmarks/experiments/paper_daghar_supervised_3runs_perlr_samples_down_seed_resnetse5_12345/logs/id_cfbf2863db9b/final/run_2025-11-10-16-43-04201d2244.yaml,0.6157407164573669,0.6552056670188904,0.614720344543457,0.6157407164573669,0.6157407164573669,0.6552057266235352
train_resnetse5,id_7f2b02116ffa,,completed,0,False,id_51a779f741ee,supervised,resnetse5,full_finetune_lr1,id_820f9528b139,multimodal_df,daghar_standardized_balanced,motionsense,train,config_0,multimodal_samples_010_3,id_7d268895569b,har,train,full_run,/workspaces/HIAAC-KR-Dev-Container/Minerva-Exps/benchmarks/experiments/paper_daghar_supervised_3runs_perlr_samples_down_seed_resnetse5_12345/logs/id_7f2b02116ffa/final,,,,,,,,,
evaluate_resnetse5,id_46e0e4ce8aa2,id_6fcdbd02b030,completed,1,True,id_3f47675df06f,supervised,resnetse5,full_finetune_lr5,id_010187ba04f0,multimodal_df,daghar_standardized_balanced,wisdm,test,,multimodal_perc_100,id_daa7333eb2f8,har,evaluate,full_run,/workspaces/HIAAC-KR-Dev-Container/Minerva-Exps/benchmarks/experiments/paper_daghar_supervised_3runs_perlr_samples_down_seed_resnetse5_12345/logs/id_46e0e4ce8aa2/final,50964f201e,/workspaces/HIAAC-KR-Dev-Container/Minerva-Exps/benchmarks/experiments/paper_daghar_supervised_3runs_perlr_samples_down_seed_resnetse5_12345/logs/id_46e0e4ce8aa2/final/metrics_2025-11-10-15-41-50964f201e.yaml,/workspaces/HIAAC-KR-Dev-Container/Minerva-Exps/benchmarks/experiments/paper_daghar_supervised_3runs_perlr_samples_down_seed_resnetse5_12345/logs/id_46e0e4ce8aa2/final/run_2025-11-10-15-41-50964f201e.yaml,0.8529185652732849,0.8529914617538452,0.8527443408966064,0.8529185652732849,0.8529185652732849,0.8529914021492004
evaluate_resnetse5,id_efc9ca6ac3db,id_42880efcfdab,completed,1,True,id_01c6663a52ec,supervised,resnetse5,full_finetune_lr3,id_2ec699262787,multimodal_df,daghar_standardized_balanced,rw_waist,test,,multimodal_perc_100,id_daa7333eb2f8,har,evaluate,full_run,/workspaces/HIAAC-KR-Dev-Container/Minerva-Exps/benchmarks/experiments/paper_daghar_supervised_3runs_perlr_samples_down_seed_resnetse5_12345/logs/id_efc9ca6ac3db/final,481b6efeba,/workspaces/HIAAC-KR-Dev-Container/Minerva-Exps/benchmarks/experiments/paper_daghar_supervised_3runs_perlr_samples_down_seed_resnetse5_12345/logs/id_efc9ca6ac3db/final/metrics_2025-11-10-16-59-481b6efeba.yaml,/workspaces/HIAAC-KR-Dev-Container/Minerva-Exps/benchmarks/experiments/paper_daghar_supervised_3runs_perlr_samples_down_seed_resnetse5_12345/logs/id_efc9ca6ac3db/final/run_2025-11-10-16-59-481b6efeba.yaml,0.7492284178733826,0.7743527889251709,0.7513835430145264,0.7492284178733826,0.7492284178733826,0.7743527889251709
evaluate_resnetse5,id_4c2136cc1b35,id_c3e26df3a1af,completed,1,True,id_a619266c470c,supervised,resnetse5,full_finetune_lr4,id_6c0870a402a8,multimodal_df,daghar_standardized_balanced,uci,test,,multimodal_perc_100,id_daa7333eb2f8,har,evaluate,full_run,/workspaces/HIAAC-KR-Dev-Container/Minerva-Exps/benchmarks/experiments/paper_daghar_supervised_3runs_perlr_samples_down_seed_resnetse5_12345/logs/id_4c2136cc1b35/final,03df0f6bd1,/workspaces/HIAAC-KR-Dev-Container/Minerva-Exps/benchmarks/experiments/paper_daghar_supervised_3runs_perlr_samples_down_seed_resnetse5_12345/logs/id_4c2136cc1b35/final/metrics_2025-11-10-15-45-03df0f6bd1.yaml,/workspaces/HIAAC-KR-Dev-Container/Minerva-Exps/benchmarks/experiments/paper_daghar_supervised_3runs_perlr_samples_down_seed_resnetse5_12345/logs/id_4c2136cc1b35/final/run_2025-11-10-15-45-03df0f6bd1.yaml,0.8623188138008118,0.86418217420578,0.8613762855529785,0.8623188138008118,0.8623188734054565,0.8641822338104248
train_resnetse5,id_1c4e8c2943e5,,completed,0,False,id_01c6663a52ec,supervised,resnetse5,full_finetune_lr3,id_01955da0dfc1,multimodal_df,daghar_standardized_balanced,wisdm,train,config_0,multimodal_samples_001_3,id_7d268895569b,har,train,full_run,/workspaces/HIAAC-KR-Dev-Container/Minerva-Exps/benchmarks/experiments/paper_daghar_supervised_3runs_perlr_samples_down_seed_resnetse5_12345/logs/id_1c4e8c2943e5/final,,,,,,,,,
train_resnetse5,id_2bd2acdca5f8,,completed,0,False,id_612c26209f9f,supervised,resnetse5,full_finetune_lr2,id_a65f0a88ac4d,multimodal_df,daghar_standardized_balanced,uci,train,config_0,multimodal_samples_001_2,id_7d268895569b,har,train,full_run,/workspaces/HIAAC-KR-Dev-Container/Minerva-Exps/benchmarks/experiments/paper_daghar_supervised_3runs_perlr_samples_down_seed_resnetse5_12345/logs/id_2bd2acdca5f8/final,,,,,,,,,
evaluate_resnetse5,id_e8273ff98a63,id_dff4948f7d13,completed,1,True,id_612c26209f9f,supervised,resnetse5,full_finetune_lr2,id_0af1488d7b56,multimodal_df,daghar_standardized_balanced,motionsense,test,,multimodal_perc_100,id_daa7333eb2f8,har,evaluate,full_run,/workspaces/HIAAC-KR-Dev-Container/Minerva-Exps/benchmarks/experiments/paper_daghar_supervised_3runs_perlr_samples_down_seed_resnetse5_12345/logs/id_e8273ff98a63/final,17b3b378c1,/workspaces/HIAAC-KR-Dev-Container/Minerva-Exps/benchmarks/experiments/paper_daghar_supervised_3runs_perlr_samples_down_seed_resnetse5_12345/logs/id_e8273ff98a63/final/metrics_2025-11-10-16-55-17b3b378c1.yaml,/workspaces/HIAAC-KR-Dev-Container/Minerva-Exps/benchmarks/experiments/paper_daghar_supervised_3runs_perlr_samples_down_seed_resnetse5_12345/logs/id_e8273ff98a63/final/run_2025-11-10-16-55-17b3b378c1.yaml,0.756120502948761,0.8266366720199585,0.7012431621551514,0.756120502948761,0.756120502948761,0.68886399269104
train_resnetse5,id_ebaf0f6a5ab2,,completed,0,False,id_3f47675df06f,supervised,resnetse5,full_finetune_lr5,id_fb5b4619ed71,multimodal_df,daghar_standardized_balanced,uci,train,config_0,multimodal_samples_005_2,id_7d268895569b,har,train,full_run,/workspaces/HIAAC-KR-Dev-Container/Minerva-Exps/benchmarks/experiments/paper_daghar_supervised_3runs_perlr_samples_down_seed_resnetse5_12345/logs/id_ebaf0f6a5ab2/final,,,,,,,,,
train_resnetse5,id_20697e94be49,,completed,0,False,id_612c26209f9f,supervised,resnetse5,full_finetune_lr2,id_58f0d08fff7e,multimodal_df,daghar_standardized_balanced,rw_thigh,train,config_0,multimodal_samples_050_3,id_7d268895569b,har,train,full_run,/workspaces/HIAAC-KR-Dev-Container/Minerva-Exps/benchmarks/experiments/paper_daghar_supervised_3runs_perlr_samples_down_seed_resnetse5_12345/logs/id_20697e94be49/final,,,,,,,,,
train_resnetse5,id_9bcba21d5ec2,,completed,0,False,id_3f47675df06f,supervised,resnetse5,full_finetune_lr5,id_3b3b9b61dc95,multimodal_df,daghar_standardized_balanced,kuhar,train,config_0,multimodal_perc_100,id_7d268895569b,har,train,full_run,/workspaces/HIAAC-KR-Dev-Container/Minerva-Exps/benchmarks/experiments/paper_daghar_supervised_3runs_perlr_samples_down_seed_resnetse5_12345/logs/id_9bcba21d5ec2/final,,,,,,,,,
evaluate_resnetse5,id_8051b18236e4,id_b01398c7769a,completed,1,True,id_612c26209f9f,supervised,resnetse5,full_finetune_lr2,id_5c2b64b69df4,multimodal_df,daghar_standardized_balanced,kuhar,test,,multimodal_perc_100,id_daa7333eb2f8,har,evaluate,full_run,/workspaces/HIAAC-KR-Dev-Container/Minerva-Exps/benchmarks/experiments/paper_daghar_supervised_3runs_perlr_samples_down_seed_resnetse5_12345/logs/id_8051b18236e4/final,044646829d,/workspaces/HIAAC-KR-Dev-Container/Minerva-Exps/benchmarks/experiments/paper_daghar_supervised_3runs_perlr_samples_down_seed_resnetse5_12345/logs/id_8051b18236e4/final/metrics_2025-11-10-16-07-044646829d.yaml,/workspaces/HIAAC-KR-Dev-Container/Minerva-Exps/benchmarks/experiments/paper_daghar_supervised_3runs_perlr_samples_down_seed_resnetse5_12345/logs/id_8051b18236e4/final/run_2025-11-10-16-07-044646829d.yaml,0.1666666716337204,0.1666666716337204,0.0476190485060215,0.1666666716337204,0.1666666716337204,0.02777777798473835
train_resnetse5,id_8fdd72fee152,,completed,0,False,id_51a779f741ee,supervised,resnetse5,full_finetune_lr1,id_7b5861f76744,multimodal_df,daghar_standardized_balanced,rw_thigh,train,config_0,multimodal_samples_025_3,id_7d268895569b,har,train,full_run,/workspaces/HIAAC-KR-Dev-Container/Minerva-Exps/benchmarks/experiments/paper_daghar_supervised_3runs_perlr_samples_down_seed_resnetse5_12345/logs/id_8fdd72fee152/final,,,,,,,,,
evaluate_resnetse5,id_103c33b13e44,id_7045972089f0,completed,1,True,id_a619266c470c,supervised,resnetse5,full_finetune_lr4,id_20234ec464fa,multimodal_df,daghar_standardized_balanced,rw_thigh,test,,multimodal_perc_100,id_daa7333eb2f8,har,evaluate,full_run,/workspaces/HIAAC-KR-Dev-Container/Minerva-Exps/benchmarks/experiments/paper_daghar_supervised_3runs_perlr_samples_down_seed_resnetse5_12345/logs/id_103c33b13e44/final,070548a0d9,/workspaces/HIAAC-KR-Dev-Container/Minerva-Exps/benchmarks/experiments/paper_daghar_supervised_3runs_perlr_samples_down_seed_resnetse5_12345/logs/id_103c33b13e44/final/metrics_2025-11-10-15-20-070548a0d9.yaml,/workspaces/HIAAC-KR-Dev-Container/Minerva-Exps/benchmarks/experiments/paper_daghar_supervised_3runs_perlr_samples_down_seed_resnetse5_12345/logs/id_103c33b13e44/final/run_2025-11-10-15-20-070548a0d9.yaml,0.7225672602653503,0.7734611630439758,0.7023680210113525,0.7225672602653503,0.7225672602653503,0.7734612226486206
train_resnetse5,id_961bc9ac9c74,,completed,0,False,id_51a779f741ee,supervised,resnetse5,full_finetune_lr1,id_091a3b529e49,multimodal_df,daghar_standardized_balanced,kuhar,train,config_0,multimodal_samples_005_3,id_7d268895569b,har,train,full_run,/workspaces/HIAAC-KR-Dev-Container/Minerva-Exps/benchmarks/experiments/paper_daghar_supervised_3runs_perlr_samples_down_seed_resnetse5_12345/logs/id_961bc9ac9c74/final,,,,,,,,,
train_resnetse5,id_3bb75266f799,,completed,0,False,id_3f47675df06f,supervised,resnetse5,full_finetune_lr5,id_d9dc7844fd8b,multimodal_df,daghar_standardized_balanced,uci,train,config_0,multimodal_samples_050_2,id_7d268895569b,har,train,full_run,/workspaces/HIAAC-KR-Dev-Container/Minerva-Exps/benchmarks/experiments/paper_daghar_supervised_3runs_perlr_samples_down_seed_resnetse5_12345/logs/id_3bb75266f799/final,,,,,,,,,
evaluate_resnetse5,id_691c1b2657fc,id_a8f439afeeed,completed,1,True,id_01c6663a52ec,supervised,resnetse5,full_finetune_lr3,id_e3e1de450b72,multimodal_df,daghar_standardized_balanced,rw_thigh,test,,multimodal_perc_100,id_daa7333eb2f8,har,evaluate,full_run,/workspaces/HIAAC-KR-Dev-Container/Minerva-Exps/benchmarks/experiments/paper_daghar_supervised_3runs_perlr_samples_down_seed_resnetse5_12345/logs/id_691c1b2657fc/final,54d6ac19ac,/workspaces/HIAAC-KR-Dev-Container/Minerva-Exps/benchmarks/experiments/paper_daghar_supervised_3runs_perlr_samples_down_seed_resnetse5_12345/logs/id_691c1b2657fc/final/metrics_2025-11-10-15-57-54d6ac19ac.yaml,/workspaces/HIAAC-KR-Dev-Container/Minerva-Exps/benchmarks/experiments/paper_daghar_supervised_3runs_perlr_samples_down_seed_resnetse5_12345/logs/id_691c1b2657fc/final/run_2025-11-10-15-57-54d6ac19ac.yaml,0.6652864217758179,0.6491556167602539,0.6182981729507446,0.6652864217758179,0.6652864217758179,0.6491556167602539
evaluate_resnetse5,id_808eb6ce063f,id_a501802f00a0,completed,1,True,id_3f47675df06f,supervised,resnetse5,full_finetune_lr5,id_7f4030e07e10,multimodal_df,daghar_standardized_balanced,rw_thigh,test,,multimodal_perc_100,id_daa7333eb2f8,har,evaluate,full_run,/workspaces/HIAAC-KR-Dev-Container/Minerva-Exps/benchmarks/experiments/paper_daghar_supervised_3runs_perlr_samples_down_seed_resnetse5_12345/logs/id_808eb6ce063f/final,141e1442d9,/workspaces/HIAAC-KR-Dev-Container/Minerva-Exps/benchmarks/experiments/paper_daghar_supervised_3runs_perlr_samples_down_seed_resnetse5_12345/logs/id_808eb6ce063f/final/metrics_2025-11-10-16-07-141e1442d9.yaml,/workspaces/HIAAC-KR-Dev-Container/Minerva-Exps/benchmarks/experiments/paper_daghar_supervised_3runs_perlr_samples_down_seed_resnetse5_12345/logs/id_808eb6ce063f/final/run_2025-11-10-16-07-141e1442d9.yaml,0.4637681245803833,0.6406194567680359,0.36941543221473694,0.4637681245803833,0.4637681245803833,0.6406194567680359
evaluate_resnetse5,id_2d2ac5f51aa9,id_e403c38a11c3,completed,1,True,id_a619266c470c,supervised,resnetse5,full_finetune_lr4,id_eb1b18d1e513,multimodal_df,daghar_standardized_balanced,wisdm,test,,multimodal_perc_100,id_daa7333eb2f8,har,evaluate,full_run,/workspaces/HIAAC-KR-Dev-Container/Minerva-Exps/benchmarks/experiments/paper_daghar_supervised_3runs_perlr_samples_down_seed_resnetse5_12345/logs/id_2d2ac5f51aa9/final,36d28aa8ef,/workspaces/HIAAC-KR-Dev-Container/Minerva-Exps/benchmarks/experiments/paper_daghar_supervised_3runs_perlr_samples_down_seed_resnetse5_12345/logs/id_2d2ac5f51aa9/final/metrics_2025-11-10-15-32-36d28aa8ef.yaml,/workspaces/HIAAC-KR-Dev-Container/Minerva-Exps/benchmarks/experiments/paper_daghar_supervised_3runs_perlr_samples_down_seed_resnetse5_12345/logs/id_2d2ac5f51aa9/final/run_2025-11-10-15-32-36d28aa8ef.yaml,0.8360214829444885,0.8424640893936157,0.8326979875564575,0.8360214829444885,0.8360214829444885,0.8424640893936157
evaluate_resnetse5,id_bc714a6ab283,id_1fe526dc36e9,completed,1,True,id_612c26209f9f,supervised,resnetse5,full_finetune_lr2,id_3d28ee1db3cc,multimodal_df,daghar_standardized_balanced,wisdm,test,,multimodal_perc_100,id_daa7333eb2f8,har,evaluate,full_run,/workspaces/HIAAC-KR-Dev-Container/Minerva-Exps/benchmarks/experiments/paper_daghar_supervised_3runs_perlr_samples_down_seed_resnetse5_12345/logs/id_bc714a6ab283/final,01279331ed,/workspaces/HIAAC-KR-Dev-Container/Minerva-Exps/benchmarks/experiments/paper_daghar_supervised_3runs_perlr_samples_down_seed_resnetse5_12345/logs/id_bc714a6ab283/final/metrics_2025-11-10-16-34-01279331ed.yaml,/workspaces/HIAAC-KR-Dev-Container/Minerva-Exps/benchmarks/experiments/paper_daghar_supervised_3runs_perlr_samples_down_seed_resnetse5_12345/logs/id_bc714a6ab283/final/run_2025-11-10-16-34-01279331ed.yaml,0.8579109311103821,0.8605909943580627,0.8570425510406494,0.8579109311103821,0.8579109311103821,0.8605909943580627
train_resnetse5,id_9cc5886e3590,,completed,0,False,id_a619266c470c,supervised,resnetse5,full_finetune_lr4,id_cca20f21af92,multimodal_df,daghar_standardized_balanced,motionsense,train,config_0,multimodal_perc_100_3,id_7d268895569b,har,train,full_run,/workspaces/HIAAC-KR-Dev-Container/Minerva-Exps/benchmarks/experiments/paper_daghar_supervised_3runs_perlr_samples_down_seed_resnetse5_12345/logs/id_9cc5886e3590/final,,,,,,,,,
evaluate_resnetse5,id_7453d2b02ee2,id_28f18c542168,completed,1,True,id_01c6663a52ec,supervised,resnetse5,full_finetune_lr3,id_7e73a2ddd55d,multimodal_df,daghar_standardized_balanced,rw_waist,test,,multimodal_perc_100,id_daa7333eb2f8,har,evaluate,full_run,/workspaces/HIAAC-KR-Dev-Container/Minerva-Exps/benchmarks/experiments/paper_daghar_supervised_3runs_perlr_samples_down_seed_resnetse5_12345/logs/id_7453d2b02ee2/final,23cb9be62d,/workspaces/HIAAC-KR-Dev-Container/Minerva-Exps/benchmarks/experiments/paper_daghar_supervised_3runs_perlr_samples_down_seed_resnetse5_12345/logs/id_7453d2b02ee2/final/metrics_2025-11-10-16-02-23cb9be62d.yaml,/workspaces/HIAAC-KR-Dev-Container/Minerva-Exps/benchmarks/experiments/paper_daghar_supervised_3runs_perlr_samples_down_seed_resnetse5_12345/logs/id_7453d2b02ee2/final/run_2025-11-10-16-02-23cb9be62d.yaml,0.6261574029922485,0.6177161335945129,0.581179678440094,0.6261574029922485,0.6261574029922485,0.6177161931991577
evaluate_resnetse5,id_cfdb59bbabce,id_7bfd3bbe4765,completed,1,True,id_51a779f741ee,supervised,resnetse5,full_finetune_lr1,id_0299b3c2466e,multimodal_df,daghar_standardized_balanced,rw_waist,test,,multimodal_perc_100,id_daa7333eb2f8,har,evaluate,full_run,/workspaces/HIAAC-KR-Dev-Container/Minerva-Exps/benchmarks/experiments/paper_daghar_supervised_3runs_perlr_samples_down_seed_resnetse5_12345/logs/id_cfdb59bbabce/final,08fb93f2bd,/workspaces/HIAAC-KR-Dev-Container/Minerva-Exps/benchmarks/experiments/paper_daghar_supervised_3runs_perlr_samples_down_seed_resnetse5_12345/logs/id_cfdb59bbabce/final/metrics_2025-11-10-16-43-08fb93f2bd.yaml,/workspaces/HIAAC-KR-Dev-Container/Minerva-Exps/benchmarks/experiments/paper_daghar_supervised_3runs_perlr_samples_down_seed_resnetse5_12345/logs/id_cfdb59bbabce/final/run_2025-11-10-16-43-08fb93f2bd.yaml,0.43865740299224854,0.3971223831176758,0.36807507276535034,0.43865740299224854,0.43865740299224854,0.3971223831176758
train_resnetse5,id_81afbc8f2d88,,completed,0,False,id_01c6663a52ec,supervised,resnetse5,full_finetune_lr3,id_d7d1a80f3236,multimodal_df,daghar_standardized_balanced,rw_thigh,train,config_0,multimodal_samples_200_3,id_7d268895569b,har,train,full_run,/workspaces/HIAAC-KR-Dev-Container/Minerva-Exps/benchmarks/experiments/paper_daghar_supervised_3runs_perlr_samples_down_seed_resnetse5_12345/logs/id_81afbc8f2d88/final,,,,,,,,,
evaluate_resnetse5,id_6bf9400b745c,id_358c8e62b469,completed,1,True,id_612c26209f9f,supervised,resnetse5,full_finetune_lr2,id_b666f65bfdb1,multimodal_df,daghar_standardized_balanced,rw_thigh,test,,multimodal_perc_100,id_daa7333eb2f8,har,evaluate,full_run,/workspaces/HIAAC-KR-Dev-Container/Minerva-Exps/benchmarks/experiments/paper_daghar_supervised_3runs_perlr_samples_down_seed_resnetse5_12345/logs/id_6bf9400b745c/final,24526c901e,/workspaces/HIAAC-KR-Dev-Container/Minerva-Exps/benchmarks/experiments/paper_daghar_supervised_3runs_perlr_samples_down_seed_resnetse5_12345/logs/id_6bf9400b745c/final/metrics_2025-11-10-15-59-24526c901e.yaml,/workspaces/HIAAC-KR-Dev-Container/Minerva-Exps/benchmarks/experiments/paper_daghar_supervised_3runs_perlr_samples_down_seed_resnetse5_12345/logs/id_6bf9400b745c/final/run_2025-11-10-15-59-24526c901e.yaml,0.6069703102111816,0.5506811141967773,0.5580403804779053,0.6069703102111816,0.6069703102111816,0.5506811141967773
train_resnetse5,id_21b13371ba59,,completed,0,False,id_612c26209f9f,supervised,resnetse5,full_finetune_lr2,id_e40d7f3591a5,multimodal_df,daghar_standardized_balanced,rw_thigh,train,config_0,multimodal_samples_010_3,id_7d268895569b,har,train,full_run,/workspaces/HIAAC-KR-Dev-Container/Minerva-Exps/benchmarks/experiments/paper_daghar_supervised_3runs_perlr_samples_down_seed_resnetse5_12345/logs/id_21b13371ba59/final,,,,,,,,,
train_resnetse5,id_c2971b4035ed,,completed,0,False,id_51a779f741ee,supervised,resnetse5,full_finetune_lr1,id_a65f0a88ac4d,multimodal_df,daghar_standardized_balanced,uci,train,config_0,multimodal_samples_001_2,id_7d268895569b,har,train,full_run,/workspaces/HIAAC-KR-Dev-Container/Minerva-Exps/benchmarks/experiments/paper_daghar_supervised_3runs_perlr_samples_down_seed_resnetse5_12345/logs/id_c2971b4035ed/final,,,,,,,,,
evaluate_resnetse5,id_818d26f8188f,id_361e905a3da0,completed,1,True,id_3f47675df06f,supervised,resnetse5,full_finetune_lr5,id_0e2b77b61f90,multimodal_df,daghar_standardized_balanced,motionsense,test,,multimodal_perc_100,id_daa7333eb2f8,har,evaluate,full_run,/workspaces/HIAAC-KR-Dev-Container/Minerva-Exps/benchmarks/experiments/paper_daghar_supervised_3runs_perlr_samples_down_seed_resnetse5_12345/logs/id_818d26f8188f/final,5113296d81,/workspaces/HIAAC-KR-Dev-Container/Minerva-Exps/benchmarks/experiments/paper_daghar_supervised_3runs_perlr_samples_down_seed_resnetse5_12345/logs/id_818d26f8188f/final/metrics_2025-11-10-16-07-5113296d81.yaml,/workspaces/HIAAC-KR-Dev-Container/Minerva-Exps/benchmarks/experiments/paper_daghar_supervised_3runs_perlr_samples_down_seed_resnetse5_12345/logs/id_818d26f8188f/final/run_2025-11-10-16-07-5113296d81.yaml,0.7947269082069397,0.8590524792671204,0.7626961469650269,0.7947269082069397,0.7947269082069397,0.8590525388717651
evaluate_resnetse5,id_e52a6e1af2ca,id_a0bd9557f700,completed,1,True,id_3f47675df06f,supervised,resnetse5,full_finetune_lr5,id_c7c333650afe,multimodal_df,daghar_standardized_balanced,rw_waist,test,,multimodal_perc_100,id_daa7333eb2f8,har,evaluate,full_run,/workspaces/HIAAC-KR-Dev-Container/Minerva-Exps/benchmarks/experiments/paper_daghar_supervised_3runs_perlr_samples_down_seed_resnetse5_12345/logs/id_e52a6e1af2ca/final,1827399b68,/workspaces/HIAAC-KR-Dev-Container/Minerva-Exps/benchmarks/experiments/paper_daghar_supervised_3runs_perlr_samples_down_seed_resnetse5_12345/logs/id_e52a6e1af2ca/final/metrics_2025-11-10-16-52-1827399b68.yaml,/workspaces/HIAAC-KR-Dev-Container/Minerva-Exps/benchmarks/experiments/paper_daghar_supervised_3runs_perlr_samples_down_seed_resnetse5_12345/logs/id_e52a6e1af2ca/final/run_2025-11-10-16-52-1827399b68.yaml,0.59375,0.6506575345993042,0.544848620891571,0.59375,0.59375,0.542214572429657
evaluate_resnetse5,id_905ee94989ae,id_dda38f85af4f,completed,1,True,id_51a779f741ee,supervised,resnetse5,full_finetune_lr1,id_925ee63de904,multimodal_df,daghar_standardized_balanced,wisdm,test,,multimodal_perc_100,id_daa7333eb2f8,har,evaluate,full_run,/workspaces/HIAAC-KR-Dev-Container/Minerva-Exps/benchmarks/experiments/paper_daghar_supervised_3runs_perlr_samples_down_seed_resnetse5_12345/logs/id_905ee94989ae/final,166ea75104,/workspaces/HIAAC-KR-Dev-Container/Minerva-Exps/benchmarks/experiments/paper_daghar_supervised_3runs_perlr_samples_down_seed_resnetse5_12345/logs/id_905ee94989ae/final/metrics_2025-11-10-16-14-166ea75104.yaml,/workspaces/HIAAC-KR-Dev-Container/Minerva-Exps/benchmarks/experiments/paper_daghar_supervised_3runs_perlr_samples_down_seed_resnetse5_12345/logs/id_905ee94989ae/final/run_2025-11-10-16-14-166ea75104.yaml,0.7427035570144653,0.8398361206054688,0.680450439453125,0.7427035570144653,0.7427035570144653,0.8398361206054688
evaluate_resnetse5,id_a5f8645abeb7,id_0bb9ff06c7e5,completed,1,True,id_3f47675df06f,supervised,resnetse5,full_finetune_lr5,id_e16618f7bbf9,multimodal_df,daghar_standardized_balanced,wisdm,test,,multimodal_perc_100,id_daa7333eb2f8,har,evaluate,full_run,/workspaces/HIAAC-KR-Dev-Container/Minerva-Exps/benchmarks/experiments/paper_daghar_supervised_3runs_perlr_samples_down_seed_resnetse5_12345/logs/id_a5f8645abeb7/final,26a09da8b3,/workspaces/HIAAC-KR-Dev-Container/Minerva-Exps/benchmarks/experiments/paper_daghar_supervised_3runs_perlr_samples_down_seed_resnetse5_12345/logs/id_a5f8645abeb7/final/metrics_2025-11-10-16-24-26a09da8b3.yaml,/workspaces/HIAAC-KR-Dev-Container/Minerva-Exps/benchmarks/experiments/paper_daghar_supervised_3runs_perlr_samples_down_seed_resnetse5_12345/logs/id_a5f8645abeb7/final/run_2025-11-10-16-24-26a09da8b3.yaml,0.7104454636573792,0.5840442776679993,0.5015885829925537,0.7104454636573792,0.5683563947677612,0.46723538637161255
evaluate_resnetse5,id_ea7b65b89fc8,id_a9af89dd23c0,completed,1,True,id_a619266c470c,supervised,resnetse5,full_finetune_lr4,id_f06fbe88cb34,multimodal_df,daghar_standardized_balanced,rw_waist,test,,multimodal_perc_100,id_daa7333eb2f8,har,evaluate,full_run,/workspaces/HIAAC-KR-Dev-Container/Minerva-Exps/benchmarks/experiments/paper_daghar_supervised_3runs_perlr_samples_down_seed_resnetse5_12345/logs/id_ea7b65b89fc8/final,362e4ea179,/workspaces/HIAAC-KR-Dev-Container/Minerva-Exps/benchmarks/experiments/paper_daghar_supervised_3runs_perlr_samples_down_seed_resnetse5_12345/logs/id_ea7b65b89fc8/final/metrics_2025-11-10-16-56-362e4ea179.yaml,/workspaces/HIAAC-KR-Dev-Container/Minerva-Exps/benchmarks/experiments/paper_daghar_supervised_3runs_perlr_samples_down_seed_resnetse5_12345/logs/id_ea7b65b89fc8/final/run_2025-11-10-16-56-362e4ea179.yaml,0.5158178806304932,0.5767571926116943,0.45741650462150574,0.5158178806304932,0.5158178806304932,0.5767571330070496
evaluate_resnetse5,id_b503e3d60de7,id_5859b8a5080a,completed,1,True,id_51a779f741ee,supervised,resnetse5,full_finetune_lr1,id_57108b3e5074,multimodal_df,daghar_standardized_balanced,motionsense,test,,multimodal_perc_100,id_daa7333eb2f8,har,evaluate,full_run,/workspaces/HIAAC-KR-Dev-Container/Minerva-Exps/benchmarks/experiments/paper_daghar_supervised_3runs_perlr_samples_down_seed_resnetse5_12345/logs/id_b503e3d60de7/final,143181b60b,/workspaces/HIAAC-KR-Dev-Container/Minerva-Exps/benchmarks/experiments/paper_daghar_supervised_3runs_perlr_samples_down_seed_resnetse5_12345/logs/id_b503e3d60de7/final/metrics_2025-11-10-16-31-143181b60b.yaml,/workspaces/HIAAC-KR-Dev-Container/Minerva-Exps/benchmarks/experiments/paper_daghar_supervised_3runs_perlr_samples_down_seed_resnetse5_12345/logs/id_b503e3d60de7/final/run_2025-11-10-16-31-143181b60b.yaml,0.6610169410705566,0.7411810755729675,0.6230612993240356,0.6610169410705566,0.6610169410705566,0.7411811351776123
train_resnetse5,id_dbebca69216a,,completed,0,False,id_3f47675df06f,supervised,resnetse5,full_finetune_lr5,id_8f0cce8978b6,multimodal_df,daghar_standardized_balanced,uci,train,config_0,multimodal_samples_050,id_7d268895569b,har,train,full_run,/workspaces/HIAAC-KR-Dev-Container/Minerva-Exps/benchmarks/experiments/paper_daghar_supervised_3runs_perlr_samples_down_seed_resnetse5_12345/logs/id_dbebca69216a/final,,,,,,,,,
evaluate_resnetse5,id_6b2a919af6a1,id_fbc58b3dfd8d,completed,1,True,id_3f47675df06f,supervised,resnetse5,full_finetune_lr5,id_20234ec464fa,multimodal_df,daghar_standardized_balanced,rw_thigh,test,,multimodal_perc_100,id_daa7333eb2f8,har,evaluate,full_run,/workspaces/HIAAC-KR-Dev-Container/Minerva-Exps/benchmarks/experiments/paper_daghar_supervised_3runs_perlr_samples_down_seed_resnetse5_12345/logs/id_6b2a919af6a1/final,5935acbe42,/workspaces/HIAAC-KR-Dev-Container/Minerva-Exps/benchmarks/experiments/paper_daghar_supervised_3runs_perlr_samples_down_seed_resnetse5_12345/logs/id_6b2a919af6a1/final/metrics_2025-11-10-15-58-5935acbe42.yaml,/workspaces/HIAAC-KR-Dev-Container/Minerva-Exps/benchmarks/experiments/paper_daghar_supervised_3runs_perlr_samples_down_seed_resnetse5_12345/logs/id_6b2a919af6a1/final/run_2025-11-10-15-58-5935acbe42.yaml,0.5631470084190369,0.6140387654304504,0.47192496061325073,0.5631470084190369,0.5631469488143921,0.6140388250350952
train_resnetse5,id_59ca80c98858,,completed,0,False,id_a619266c470c,supervised,resnetse5,full_finetune_lr4,id_a274409d79b7,multimodal_df,daghar_standardized_balanced,uci,train,config_0,multimodal_perc_100_2,id_7d268895569b,har,train,full_run,/workspaces/HIAAC-KR-Dev-Container/Minerva-Exps/benchmarks/experiments/paper_daghar_supervised_3runs_perlr_samples_down_seed_resnetse5_12345/logs/id_59ca80c98858/final,,,,,,,,,
train_resnetse5,id_0db522eddf28,,completed,0,False,id_01c6663a52ec,supervised,resnetse5,full_finetune_lr3,id_a3717fe8cdbe,multimodal_df,daghar_standardized_balanced,wisdm,train,config_0,multimodal_samples_100,id_7d268895569b,har,train,full_run,/workspaces/HIAAC-KR-Dev-Container/Minerva-Exps/benchmarks/experiments/paper_daghar_supervised_3runs_perlr_samples_down_seed_resnetse5_12345/logs/id_0db522eddf28/final,,,,,,,,,
train_resnetse5,id_cf19b93290f3,,completed,0,False,id_612c26209f9f,supervised,resnetse5,full_finetune_lr2,id_56baa66d670c,multimodal_df,daghar_standardized_balanced,uci,train,config_0,multimodal_samples_200_2,id_7d268895569b,har,train,full_run,/workspaces/HIAAC-KR-Dev-Container/Minerva-Exps/benchmarks/experiments/paper_daghar_supervised_3runs_perlr_samples_down_seed_resnetse5_12345/logs/id_cf19b93290f3/final,,,,,,,,,
train_resnetse5,id_b9187aca3b56,,completed,0,False,id_51a779f741ee,supervised,resnetse5,full_finetune_lr1,id_b74337b9bf17,multimodal_df,daghar_standardized_balanced,rw_thigh,train,config_0,multimodal_samples_001_3,id_7d268895569b,har,train,full_run,/workspaces/HIAAC-KR-Dev-Container/Minerva-Exps/benchmarks/experiments/paper_daghar_supervised_3runs_perlr_samples_down_seed_resnetse5_12345/logs/id_b9187aca3b56/final,,,,,,,,,
train_resnetse5,id_db736adc2610,,completed,0,False,id_3f47675df06f,supervised,resnetse5,full_finetune_lr5,id_820f9528b139,multimodal_df,daghar_standardized_balanced,motionsense,train,config_0,multimodal_samples_010_3,id_7d268895569b,har,train,full_run,/workspaces/HIAAC-KR-Dev-Container/Minerva-Exps/benchmarks/experiments/paper_daghar_supervised_3runs_perlr_samples_down_seed_resnetse5_12345/logs/id_db736adc2610/final,,,,,,,,,
train_resnetse5,id_2fbb69bce94a,,completed,0,False,id_01c6663a52ec,supervised,resnetse5,full_finetune_lr3,id_8f0cce8978b6,multimodal_df,daghar_standardized_balanced,uci,train,config_0,multimodal_samples_050,id_7d268895569b,har,train,full_run,/workspaces/HIAAC-KR-Dev-Container/Minerva-Exps/benchmarks/experiments/paper_daghar_supervised_3runs_perlr_samples_down_seed_resnetse5_12345/logs/id_2fbb69bce94a/final,,,,,,,,,
train_resnetse5,id_b45aad4fc0ad,,completed,0,False,id_51a779f741ee,supervised,resnetse5,full_finetune_lr1,id_c6d3a26ce3a3,multimodal_df,daghar_standardized_balanced,uci,train,config_0,multimodal_samples_010_3,id_7d268895569b,har,train,full_run,/workspaces/HIAAC-KR-Dev-Container/Minerva-Exps/benchmarks/experiments/paper_daghar_supervised_3runs_perlr_samples_down_seed_resnetse5_12345/logs/id_b45aad4fc0ad/final,,,,,,,,,
train_resnetse5,id_b9397df30ca0,,completed,0,False,id_3f47675df06f,supervised,resnetse5,full_finetune_lr5,id_132ff3af6c3c,multimodal_df,daghar_standardized_balanced,uci,train,config_0,multimodal_samples_100_3,id_7d268895569b,har,train,full_run,/workspaces/HIAAC-KR-Dev-Container/Minerva-Exps/benchmarks/experiments/paper_daghar_supervised_3runs_perlr_samples_down_seed_resnetse5_12345/logs/id_b9397df30ca0/final,,,,,,,,,
train_resnetse5,id_b24de9b8c434,,completed,0,False,id_51a779f741ee,supervised,resnetse5,full_finetune_lr1,id_94f746b04a62,multimodal_df,daghar_standardized_balanced,motionsense,train,config_0,multimodal_samples_200_2,id_7d268895569b,har,train,full_run,/workspaces/HIAAC-KR-Dev-Container/Minerva-Exps/benchmarks/experiments/paper_daghar_supervised_3runs_perlr_samples_down_seed_resnetse5_12345/logs/id_b24de9b8c434/final,,,,,,,,,
evaluate_resnetse5,id_452e00a3ca39,id_37a0b255b2e1,completed,1,True,id_3f47675df06f,supervised,resnetse5,full_finetune_lr5,id_b0a1f1942e39,multimodal_df,daghar_standardized_balanced,rw_thigh,test,,multimodal_perc_100,id_daa7333eb2f8,har,evaluate,full_run,/workspaces/HIAAC-KR-Dev-Container/Minerva-Exps/benchmarks/experiments/paper_daghar_supervised_3runs_perlr_samples_down_seed_resnetse5_12345/logs/id_452e00a3ca39/final,240f381a44,/workspaces/HIAAC-KR-Dev-Container/Minerva-Exps/benchmarks/experiments/paper_daghar_supervised_3runs_perlr_samples_down_seed_resnetse5_12345/logs/id_452e00a3ca39/final/metrics_2025-11-10-15-41-240f381a44.yaml,/workspaces/HIAAC-KR-Dev-Container/Minerva-Exps/benchmarks/experiments/paper_daghar_supervised_3runs_perlr_samples_down_seed_resnetse5_12345/logs/id_452e00a3ca39/final/run_2025-11-10-15-41-240f381a44.yaml,0.39717045426368713,0.29971688985824585,0.26538220047950745,0.39717045426368713,0.3971704840660095,0.19981127977371216
train_resnetse5,id_1fd84db96b02,,completed,0,False,id_612c26209f9f,supervised,resnetse5,full_finetune_lr2,id_0f9a122d7cc5,multimodal_df,daghar_standardized_balanced,uci,train,config_0,multimodal_samples_025,id_7d268895569b,har,train,full_run,/workspaces/HIAAC-KR-Dev-Container/Minerva-Exps/benchmarks/experiments/paper_daghar_supervised_3runs_perlr_samples_down_seed_resnetse5_12345/logs/id_1fd84db96b02/final,,,,,,,,,
evaluate_resnetse5,id_d588855fbfde,id_0dd380370402,completed,1,True,id_3f47675df06f,supervised,resnetse5,full_finetune_lr5,id_b666f65bfdb1,multimodal_df,daghar_standardized_balanced,rw_thigh,test,,multimodal_perc_100,id_daa7333eb2f8,har,evaluate,full_run,/workspaces/HIAAC-KR-Dev-Container/Minerva-Exps/benchmarks/experiments/paper_daghar_supervised_3runs_perlr_samples_down_seed_resnetse5_12345/logs/id_d588855fbfde/final,0909cd686e,/workspaces/HIAAC-KR-Dev-Container/Minerva-Exps/benchmarks/experiments/paper_daghar_supervised_3runs_perlr_samples_down_seed_resnetse5_12345/logs/id_d588855fbfde/final/metrics_2025-11-10-16-45-0909cd686e.yaml,/workspaces/HIAAC-KR-Dev-Container/Minerva-Exps/benchmarks/experiments/paper_daghar_supervised_3runs_perlr_samples_down_seed_resnetse5_12345/logs/id_d588855fbfde/final/run_2025-11-10-16-45-0909cd686e.yaml,0.35438233613967896,0.37302660942077637,0.23344972729682922,0.35438233613967896,0.35438233613967896,0.18651330471038818
train_resnetse5,id_915a5555b0da,,completed,0,False,id_01c6663a52ec,supervised,resnetse5,full_finetune_lr3,id_cc98e906d375,multimodal_df,daghar_standardized_balanced,rw_thigh,train,config_0,multimodal_perc_100_2,id_7d268895569b,har,train,full_run,/workspaces/HIAAC-KR-Dev-Container/Minerva-Exps/benchmarks/experiments/paper_daghar_supervised_3runs_perlr_samples_down_seed_resnetse5_12345/logs/id_915a5555b0da/final,,,,,,,,,
evaluate_resnetse5,id_1bc1bbe54711,id_abd06c002703,completed,1,True,id_612c26209f9f,supervised,resnetse5,full_finetune_lr2,id_e9fdc57ecaa9,multimodal_df,daghar_standardized_balanced,uci,test,,multimodal_perc_100,id_daa7333eb2f8,har,evaluate,full_run,/workspaces/HIAAC-KR-Dev-Container/Minerva-Exps/benchmarks/experiments/paper_daghar_supervised_3runs_perlr_samples_down_seed_resnetse5_12345/logs/id_1bc1bbe54711/final,45dbe7f4b9,/workspaces/HIAAC-KR-Dev-Container/Minerva-Exps/benchmarks/experiments/paper_daghar_supervised_3runs_perlr_samples_down_seed_resnetse5_12345/logs/id_1bc1bbe54711/final/metrics_2025-11-10-17-45-45dbe7f4b9.yaml,/workspaces/HIAAC-KR-Dev-Container/Minerva-Exps/benchmarks/experiments/paper_daghar_supervised_3runs_perlr_samples_down_seed_resnetse5_12345/logs/id_1bc1bbe54711/final/run_2025-11-10-17-45-45dbe7f4b9.yaml,0.8057971000671387,0.8098608255386353,0.7979469895362854,0.8057971000671387,0.8057971000671387,0.8098607659339905
train_resnetse5,id_2028a7793ed2,,completed,0,False,id_3f47675df06f,supervised,resnetse5,full_finetune_lr5,id_dd4d18f1c7c4,multimodal_df,daghar_standardized_balanced,rw_thigh,train,config_0,multimodal_samples_025,id_7d268895569b,har,train,full_run,/workspaces/HIAAC-KR-Dev-Container/Minerva-Exps/benchmarks/experiments/paper_daghar_supervised_3runs_perlr_samples_down_seed_resnetse5_12345/logs/id_2028a7793ed2/final,,,,,,,,,
train_resnetse5,id_7e6f0d09c8df,,completed,0,False,id_01c6663a52ec,supervised,resnetse5,full_finetune_lr3,id_e0d8b057e9ae,multimodal_df,daghar_standardized_balanced,wisdm,train,config_0,multimodal_samples_200_2,id_7d268895569b,har,train,full_run,/workspaces/HIAAC-KR-Dev-Container/Minerva-Exps/benchmarks/experiments/paper_daghar_supervised_3runs_perlr_samples_down_seed_resnetse5_12345/logs/id_7e6f0d09c8df/final,,,,,,,,,
evaluate_resnetse5,id_6588ee26540a,id_c53ccb820be7,completed,1,True,id_a619266c470c,supervised,resnetse5,full_finetune_lr4,id_0b6444347efc,multimodal_df,daghar_standardized_balanced,uci,test,,multimodal_perc_100,id_daa7333eb2f8,har,evaluate,full_run,/workspaces/HIAAC-KR-Dev-Container/Minerva-Exps/benchmarks/experiments/paper_daghar_supervised_3runs_perlr_samples_down_seed_resnetse5_12345/logs/id_6588ee26540a/final,493ad31b72,/workspaces/HIAAC-KR-Dev-Container/Minerva-Exps/benchmarks/experiments/paper_daghar_supervised_3runs_perlr_samples_down_seed_resnetse5_12345/logs/id_6588ee26540a/final/metrics_2025-11-10-15-55-493ad31b72.yaml,/workspaces/HIAAC-KR-Dev-Container/Minerva-Exps/benchmarks/experiments/paper_daghar_supervised_3runs_perlr_samples_down_seed_resnetse5_12345/logs/id_6588ee26540a/final/run_2025-11-10-15-55-493ad31b72.yaml,0.7840579748153687,0.8554145097732544,0.7175047397613525,0.7840579748153687,0.7840580344200134,0.6843315958976746
train_resnetse5,id_8a4aa5effe0e,,completed,0,False,id_51a779f741ee,supervised,resnetse5,full_finetune_lr1,id_7c6176c62c39,multimodal_df,daghar_standardized_balanced,motionsense,train,config_0,multimodal_samples_001_2,id_7d268895569b,har,train,full_run,/workspaces/HIAAC-KR-Dev-Container/Minerva-Exps/benchmarks/experiments/paper_daghar_supervised_3runs_perlr_samples_down_seed_resnetse5_12345/logs/id_8a4aa5effe0e/final,,,,,,,,,
evaluate_resnetse5,id_7028547334e8,id_0db522eddf28,completed,1,True,id_01c6663a52ec,supervised,resnetse5,full_finetune_lr3,id_80ca0802b303,multimodal_df,daghar_standardized_balanced,wisdm,test,,multimodal_perc_100,id_daa7333eb2f8,har,evaluate,full_run,/workspaces/HIAAC-KR-Dev-Container/Minerva-Exps/benchmarks/experiments/paper_daghar_supervised_3runs_perlr_samples_down_seed_resnetse5_12345/logs/id_7028547334e8/final,18872cdd13,/workspaces/HIAAC-KR-Dev-Container/Minerva-Exps/benchmarks/experiments/paper_daghar_supervised_3runs_perlr_samples_down_seed_resnetse5_12345/logs/id_7028547334e8/final/metrics_2025-11-10-16-01-18872cdd13.yaml,/workspaces/HIAAC-KR-Dev-Container/Minerva-Exps/benchmarks/experiments/paper_daghar_supervised_3runs_perlr_samples_down_seed_resnetse5_12345/logs/id_7028547334e8/final/run_2025-11-10-16-01-18872cdd13.yaml,0.7346389889717102,0.7639632225036621,0.7046939134597778,0.7346389889717102,0.734639048576355,0.7639632225036621
evaluate_resnetse5,id_bcdf5a8b6c2b,id_27200e218a69,completed,1,True,id_01c6663a52ec,supervised,resnetse5,full_finetune_lr3,id_f25979dfe211,multimodal_df,daghar_standardized_balanced,uci,test,,multimodal_perc_100,id_daa7333eb2f8,har,evaluate,full_run,/workspaces/HIAAC-KR-Dev-Container/Minerva-Exps/benchmarks/experiments/paper_daghar_supervised_3runs_perlr_samples_down_seed_resnetse5_12345/logs/id_bcdf5a8b6c2b/final,247e4338a5,/workspaces/HIAAC-KR-Dev-Container/Minerva-Exps/benchmarks/experiments/paper_daghar_supervised_3runs_perlr_samples_down_seed_resnetse5_12345/logs/id_bcdf5a8b6c2b/final/metrics_2025-11-10-16-34-247e4338a5.yaml,/workspaces/HIAAC-KR-Dev-Container/Minerva-Exps/benchmarks/experiments/paper_daghar_supervised_3runs_perlr_samples_down_seed_resnetse5_12345/logs/id_bcdf5a8b6c2b/final/run_2025-11-10-16-34-247e4338a5.yaml,0.7985507249832153,0.8228614926338196,0.7494271397590637,0.7985507249832153,0.7985507845878601,0.8228614330291748
train_resnetse5,id_a9fccd0aaee0,,completed,0,False,id_612c26209f9f,supervised,resnetse5,full_finetune_lr2,id_274e205b8ad8,multimodal_df,daghar_standardized_balanced,kuhar,train,config_0,multimodal_samples_010_2,id_7d268895569b,har,train,full_run,/workspaces/HIAAC-KR-Dev-Container/Minerva-Exps/benchmarks/experiments/paper_daghar_supervised_3runs_perlr_samples_down_seed_resnetse5_12345/logs/id_a9fccd0aaee0/final,,,,,,,,,
train_resnetse5,id_6fae838cf183,,completed,0,False,id_3f47675df06f,supervised,resnetse5,full_finetune_lr5,id_c348f76cba85,multimodal_df,daghar_standardized_balanced,kuhar,train,config_0,multimodal_samples_100,id_7d268895569b,har,train,full_run,/workspaces/HIAAC-KR-Dev-Container/Minerva-Exps/benchmarks/experiments/paper_daghar_supervised_3runs_perlr_samples_down_seed_resnetse5_12345/logs/id_6fae838cf183/final,,,,,,,,,
train_resnetse5,id_54e28eba09fa,,completed,0,False,id_a619266c470c,supervised,resnetse5,full_finetune_lr4,id_0ee270359c3b,multimodal_df,daghar_standardized_balanced,rw_waist,train,config_0,multimodal_perc_100,id_7d268895569b,har,train,full_run,/workspaces/HIAAC-KR-Dev-Container/Minerva-Exps/benchmarks/experiments/paper_daghar_supervised_3runs_perlr_samples_down_seed_resnetse5_12345/logs/id_54e28eba09fa/final,,,,,,,,,
train_resnetse5,id_5d5722e72789,,completed,0,False,id_01c6663a52ec,supervised,resnetse5,full_finetune_lr3,id_5797b3b9b110,multimodal_df,daghar_standardized_balanced,kuhar,train,config_0,multimodal_samples_100_3,id_7d268895569b,har,train,full_run,/workspaces/HIAAC-KR-Dev-Container/Minerva-Exps/benchmarks/experiments/paper_daghar_supervised_3runs_perlr_samples_down_seed_resnetse5_12345/logs/id_5d5722e72789/final,,,,,,,,,
evaluate_resnetse5,id_dae70054a94f,id_94ae939be913,completed,1,True,id_01c6663a52ec,supervised,resnetse5,full_finetune_lr3,id_ccf09c8e58f2,multimodal_df,daghar_standardized_balanced,rw_thigh,test,,multimodal_perc_100,id_daa7333eb2f8,har,evaluate,full_run,/workspaces/HIAAC-KR-Dev-Container/Minerva-Exps/benchmarks/experiments/paper_daghar_supervised_3runs_perlr_samples_down_seed_resnetse5_12345/logs/id_dae70054a94f/final,26101f9038,/workspaces/HIAAC-KR-Dev-Container/Minerva-Exps/benchmarks/experiments/paper_daghar_supervised_3runs_perlr_samples_down_seed_resnetse5_12345/logs/id_dae70054a94f/final/metrics_2025-11-10-16-47-26101f9038.yaml,/workspaces/HIAAC-KR-Dev-Container/Minerva-Exps/benchmarks/experiments/paper_daghar_supervised_3runs_perlr_samples_down_seed_resnetse5_12345/logs/id_dae70054a94f/final/run_2025-11-10-16-47-26101f9038.yaml,0.6873705983161926,0.7585582733154297,0.6731560826301575,0.6873705983161926,0.6873705983161926,0.7585582733154297
evaluate_resnetse5,id_c16252a53444,id_15593c402001,completed,1,True,id_51a779f741ee,supervised,resnetse5,full_finetune_lr1,id_ed69671adf3b,multimodal_df,daghar_standardized_balanced,rw_waist,test,,multimodal_perc_100,id_daa7333eb2f8,har,evaluate,full_run,/workspaces/HIAAC-KR-Dev-Container/Minerva-Exps/benchmarks/experiments/paper_daghar_supervised_3runs_perlr_samples_down_seed_resnetse5_12345/logs/id_c16252a53444/final,29189976e6,/workspaces/HIAAC-KR-Dev-Container/Minerva-Exps/benchmarks/experiments/paper_daghar_supervised_3runs_perlr_samples_down_seed_resnetse5_12345/logs/id_c16252a53444/final/metrics_2025-11-10-16-36-29189976e6.yaml,/workspaces/HIAAC-KR-Dev-Container/Minerva-Exps/benchmarks/experiments/paper_daghar_supervised_3runs_perlr_samples_down_seed_resnetse5_12345/logs/id_c16252a53444/final/run_2025-11-10-16-36-29189976e6.yaml,0.4726080298423767,0.517077624797821,0.40857255458831787,0.4726080298423767,0.4726080000400543,0.517077624797821
evaluate_resnetse5,id_f52093bca54d,id_5360f9a9f370,completed,1,True,id_612c26209f9f,supervised,resnetse5,full_finetune_lr2,id_922b1cbf3e91,multimodal_df,daghar_standardized_balanced,rw_waist,test,,multimodal_perc_100,id_daa7333eb2f8,har,evaluate,full_run,/workspaces/HIAAC-KR-Dev-Container/Minerva-Exps/benchmarks/experiments/paper_daghar_supervised_3runs_perlr_samples_down_seed_resnetse5_12345/logs/id_f52093bca54d/final,40057d86db,/workspaces/HIAAC-KR-Dev-Container/Minerva-Exps/benchmarks/experiments/paper_daghar_supervised_3runs_perlr_samples_down_seed_resnetse5_12345/logs/id_f52093bca54d/final/metrics_2025-11-10-17-01-40057d86db.yaml,/workspaces/HIAAC-KR-Dev-Container/Minerva-Exps/benchmarks/experiments/paper_daghar_supervised_3runs_perlr_samples_down_seed_resnetse5_12345/logs/id_f52093bca54d/final/run_2025-11-10-17-01-40057d86db.yaml,0.5671296119689941,0.5946288704872131,0.5717278122901917,0.5671296119689941,0.5671296119689941,0.5946288704872131
train_resnetse5,id_2e6084905b25,,completed,0,False,id_a619266c470c,supervised,resnetse5,full_finetune_lr4,id_b54259b359ab,multimodal_df,daghar_standardized_balanced,rw_waist,train,config_0,multimodal_samples_001_3,id_7d268895569b,har,train,full_run,/workspaces/HIAAC-KR-Dev-Container/Minerva-Exps/benchmarks/experiments/paper_daghar_supervised_3runs_perlr_samples_down_seed_resnetse5_12345/logs/id_2e6084905b25/final,,,,,,,,,
train_resnetse5,id_ffabfa4720fd,,completed,0,False,id_612c26209f9f,supervised,resnetse5,full_finetune_lr2,id_d2bcc241477b,multimodal_df,daghar_standardized_balanced,uci,train,config_0,multimodal_samples_050_3,id_7d268895569b,har,train,full_run,/workspaces/HIAAC-KR-Dev-Container/Minerva-Exps/benchmarks/experiments/paper_daghar_supervised_3runs_perlr_samples_down_seed_resnetse5_12345/logs/id_ffabfa4720fd/final,,,,,,,,,
evaluate_resnetse5,id_925186699c16,id_f0caf9cd312a,completed,1,True,id_612c26209f9f,supervised,resnetse5,full_finetune_lr2,id_4dd10d8fb6f8,multimodal_df,daghar_standardized_balanced,rw_waist,test,,multimodal_perc_100,id_daa7333eb2f8,har,evaluate,full_run,/workspaces/HIAAC-KR-Dev-Container/Minerva-Exps/benchmarks/experiments/paper_daghar_supervised_3runs_perlr_samples_down_seed_resnetse5_12345/logs/id_925186699c16/final,3828d91a10,/workspaces/HIAAC-KR-Dev-Container/Minerva-Exps/benchmarks/experiments/paper_daghar_supervised_3runs_perlr_samples_down_seed_resnetse5_12345/logs/id_925186699c16/final/metrics_2025-11-10-16-15-3828d91a10.yaml,/workspaces/HIAAC-KR-Dev-Container/Minerva-Exps/benchmarks/experiments/paper_daghar_supervised_3runs_perlr_samples_down_seed_resnetse5_12345/logs/id_925186699c16/final/run_2025-11-10-16-15-3828d91a10.yaml,0.5767747163772583,0.6262249946594238,0.5685232281684875,0.5767747163772583,0.5767746567726135,0.6262249946594238
train_resnetse5,id_d72826b38309,,completed,0,False,id_a619266c470c,supervised,resnetse5,full_finetune_lr4,id_47548eafb974,multimodal_df,daghar_standardized_balanced,wisdm,train,config_0,multimodal_samples_005,id_7d268895569b,har,train,full_run,/workspaces/HIAAC-KR-Dev-Container/Minerva-Exps/benchmarks/experiments/paper_daghar_supervised_3runs_perlr_samples_down_seed_resnetse5_12345/logs/id_d72826b38309/final,,,,,,,,,
evaluate_resnetse5,id_bc38253895db,id_3e082df5daef,completed,1,True,id_3f47675df06f,supervised,resnetse5,full_finetune_lr5,id_cecfd4ce549b,multimodal_df,daghar_standardized_balanced,motionsense,test,,multimodal_perc_100,id_daa7333eb2f8,har,evaluate,full_run,/workspaces/HIAAC-KR-Dev-Container/Minerva-Exps/benchmarks/experiments/paper_daghar_supervised_3runs_perlr_samples_down_seed_resnetse5_12345/logs/id_bc38253895db/final,390bf45e9a,/workspaces/HIAAC-KR-Dev-Container/Minerva-Exps/benchmarks/experiments/paper_daghar_supervised_3runs_perlr_samples_down_seed_resnetse5_12345/logs/id_bc38253895db/final/metrics_2025-11-10-16-33-390bf45e9a.yaml,/workspaces/HIAAC-KR-Dev-Container/Minerva-Exps/benchmarks/experiments/paper_daghar_supervised_3runs_perlr_samples_down_seed_resnetse5_12345/logs/id_bc38253895db/final/run_2025-11-10-16-33-390bf45e9a.yaml,0.8568738102912903,0.871880054473877,0.8588818907737732,0.8568738102912903,0.8568738102912903,0.8718801736831665
evaluate_resnetse5,id_e291938e2ae3,id_ef58ed37d296,completed,1,True,id_3f47675df06f,supervised,resnetse5,full_finetune_lr5,id_f12acfbb0df5,multimodal_df,daghar_standardized_balanced,kuhar,test,,multimodal_perc_100,id_daa7333eb2f8,har,evaluate,full_run,/workspaces/HIAAC-KR-Dev-Container/Minerva-Exps/benchmarks/experiments/paper_daghar_supervised_3runs_perlr_samples_down_seed_resnetse5_12345/logs/id_e291938e2ae3/final,11c1a7c038,/workspaces/HIAAC-KR-Dev-Container/Minerva-Exps/benchmarks/experiments/paper_daghar_supervised_3runs_perlr_samples_down_seed_resnetse5_12345/logs/id_e291938e2ae3/final/metrics_2025-11-10-16-51-11c1a7c038.yaml,/workspaces/HIAAC-KR-Dev-Container/Minerva-Exps/benchmarks/experiments/paper_daghar_supervised_3runs_perlr_samples_down_seed_resnetse5_12345/logs/id_e291938e2ae3/final/run_2025-11-10-16-51-11c1a7c038.yaml,0.6527777910232544,0.7122498750686646,0.5919389724731445,0.6527777910232544,0.6527777910232544,0.5935415625572205
train_resnetse5,id_0986ff42635e,,completed,0,False,id_51a779f741ee,supervised,resnetse5,full_finetune_lr1,id_88b17060c225,multimodal_df,daghar_standardized_balanced,wisdm,train,config_0,multimodal_samples_100_2,id_7d268895569b,har,train,full_run,/workspaces/HIAAC-KR-Dev-Container/Minerva-Exps/benchmarks/experiments/paper_daghar_supervised_3runs_perlr_samples_down_seed_resnetse5_12345/logs/id_0986ff42635e/final,,,,,,,,,
evaluate_resnetse5,id_a9a4d35fc525,id_68f303336bab,completed,1,True,id_01c6663a52ec,supervised,resnetse5,full_finetune_lr3,id_2299b922b3b8,multimodal_df,daghar_standardized_balanced,wisdm,test,,multimodal_perc_100,id_daa7333eb2f8,har,evaluate,full_run,/workspaces/HIAAC-KR-Dev-Container/Minerva-Exps/benchmarks/experiments/paper_daghar_supervised_3runs_perlr_samples_down_seed_resnetse5_12345/logs/id_a9a4d35fc525/final,19766efae6,/workspaces/HIAAC-KR-Dev-Container/Minerva-Exps/benchmarks/experiments/paper_daghar_supervised_3runs_perlr_samples_down_seed_resnetse5_12345/logs/id_a9a4d35fc525/final/metrics_2025-11-10-16-26-19766efae6.yaml,/workspaces/HIAAC-KR-Dev-Container/Minerva-Exps/benchmarks/experiments/paper_daghar_supervised_3runs_perlr_samples_down_seed_resnetse5_12345/logs/id_a9a4d35fc525/final/run_2025-11-10-16-26-19766efae6.yaml,0.7384792566299438,0.6116777658462524,0.6548727750778198,0.7384792566299438,0.7384792566299438,0.6116777658462524
evaluate_resnetse5,id_0fc7a6dfbd9e,id_74a2dda5f6f4,completed,1,True,id_612c26209f9f,supervised,resnetse5,full_finetune_lr2,id_571543e27d17,multimodal_df,daghar_standardized_balanced,rw_waist,test,,multimodal_perc_100,id_daa7333eb2f8,har,evaluate,full_run,/workspaces/HIAAC-KR-Dev-Container/Minerva-Exps/benchmarks/experiments/paper_daghar_supervised_3runs_perlr_samples_down_seed_resnetse5_12345/logs/id_0fc7a6dfbd9e/final,2905a95fec,/workspaces/HIAAC-KR-Dev-Container/Minerva-Exps/benchmarks/experiments/paper_daghar_supervised_3runs_perlr_samples_down_seed_resnetse5_12345/logs/id_0fc7a6dfbd9e/final/metrics_2025-11-10-15-19-2905a95fec.yaml,/workspaces/HIAAC-KR-Dev-Container/Minerva-Exps/benchmarks/experiments/paper_daghar_supervised_3runs_perlr_samples_down_seed_resnetse5_12345/logs/id_0fc7a6dfbd9e/final/run_2025-11-10-15-19-2905a95fec.yaml,0.709876537322998,0.746174156665802,0.7070693373680115,0.709876537322998,0.709876537322998,0.7461742162704468
train_resnetse5,id_690fd8639137,,completed,0,False,id_612c26209f9f,supervised,resnetse5,full_finetune_lr2,id_5797b3b9b110,multimodal_df,daghar_standardized_balanced,kuhar,train,config_0,multimodal_samples_100_3,id_7d268895569b,har,train,full_run,/workspaces/HIAAC-KR-Dev-Container/Minerva-Exps/benchmarks/experiments/paper_daghar_supervised_3runs_perlr_samples_down_seed_resnetse5_12345/logs/id_690fd8639137/final,,,,,,,,,
train_resnetse5,id_03dd22c7ef84,,completed,0,False,id_01c6663a52ec,supervised,resnetse5,full_finetune_lr3,id_dbf308c611cc,multimodal_df,daghar_standardized_balanced,motionsense,train,config_0,multimodal_samples_025_3,id_7d268895569b,har,train,full_run,/workspaces/HIAAC-KR-Dev-Container/Minerva-Exps/benchmarks/experiments/paper_daghar_supervised_3runs_perlr_samples_down_seed_resnetse5_12345/logs/id_03dd22c7ef84/final,,,,,,,,,
train_resnetse5,id_4a55cdf93a80,,completed,0,False,id_51a779f741ee,supervised,resnetse5,full_finetune_lr1,id_42b645fb84f8,multimodal_df,daghar_standardized_balanced,uci,train,config_0,multimodal_samples_025_3,id_7d268895569b,har,train,full_run,/workspaces/HIAAC-KR-Dev-Container/Minerva-Exps/benchmarks/experiments/paper_daghar_supervised_3runs_perlr_samples_down_seed_resnetse5_12345/logs/id_4a55cdf93a80/final,,,,,,,,,
evaluate_resnetse5,id_3c83ff8390c2,id_184cdb6d1a55,completed,1,True,id_612c26209f9f,supervised,resnetse5,full_finetune_lr2,id_2addac50de4b,multimodal_df,daghar_standardized_balanced,wisdm,test,,multimodal_perc_100,id_daa7333eb2f8,har,evaluate,full_run,/workspaces/HIAAC-KR-Dev-Container/Minerva-Exps/benchmarks/experiments/paper_daghar_supervised_3runs_perlr_samples_down_seed_resnetse5_12345/logs/id_3c83ff8390c2/final,33824fc194,/workspaces/HIAAC-KR-Dev-Container/Minerva-Exps/benchmarks/experiments/paper_daghar_supervised_3runs_perlr_samples_down_seed_resnetse5_12345/logs/id_3c83ff8390c2/final/metrics_2025-11-10-15-37-33824fc194.yaml,/workspaces/HIAAC-KR-Dev-Container/Minerva-Exps/benchmarks/experiments/paper_daghar_supervised_3runs_perlr_samples_down_seed_resnetse5_12345/logs/id_3c83ff8390c2/final/run_2025-11-10-15-37-33824fc194.yaml,0.7427035570144653,0.8219859600067139,0.6591868996620178,0.7427035570144653,0.7427035570144653,0.6164895296096802
evaluate_resnetse5,id_a2cfd649d11d,id_48695c9a95a7,completed,1,True,id_3f47675df06f,supervised,resnetse5,full_finetune_lr5,id_cd6941f6f1c4,multimodal_df,daghar_standardized_balanced,kuhar,test,,multimodal_perc_100,id_daa7333eb2f8,har,evaluate,full_run,/workspaces/HIAAC-KR-Dev-Container/Minerva-Exps/benchmarks/experiments/paper_daghar_supervised_3runs_perlr_samples_down_seed_resnetse5_12345/logs/id_a2cfd649d11d/final,452238b7de,/workspaces/HIAAC-KR-Dev-Container/Minerva-Exps/benchmarks/experiments/paper_daghar_supervised_3runs_perlr_samples_down_seed_resnetse5_12345/logs/id_a2cfd649d11d/final/metrics_2025-11-10-16-22-452238b7de.yaml,/workspaces/HIAAC-KR-Dev-Container/Minerva-Exps/benchmarks/experiments/paper_daghar_supervised_3runs_perlr_samples_down_seed_resnetse5_12345/logs/id_a2cfd649d11d/final/run_2025-11-10-16-22-452238b7de.yaml,0.3680555522441864,0.5333333015441895,0.2368420958518982,0.3680555522441864,0.3680555522441864,0.2666666507720947
evaluate_resnetse5,id_fabfa9927a05,id_0768615dc8b5,completed,1,True,id_a619266c470c,supervised,resnetse5,full_finetune_lr4,id_4116dd0c0b0d,multimodal_df,daghar_standardized_balanced,kuhar,test,,multimodal_perc_100,id_daa7333eb2f8,har,evaluate,full_run,/workspaces/HIAAC-KR-Dev-Container/Minerva-Exps/benchmarks/experiments/paper_daghar_supervised_3runs_perlr_samples_down_seed_resnetse5_12345/logs/id_fabfa9927a05/final,40b7e9c002,/workspaces/HIAAC-KR-Dev-Container/Minerva-Exps/benchmarks/experiments/paper_daghar_supervised_3runs_perlr_samples_down_seed_resnetse5_12345/logs/id_fabfa9927a05/final/metrics_2025-11-10-17-03-40b7e9c002.yaml,/workspaces/HIAAC-KR-Dev-Container/Minerva-Exps/benchmarks/experiments/paper_daghar_supervised_3runs_perlr_samples_down_seed_resnetse5_12345/logs/id_fabfa9927a05/final/run_2025-11-10-17-03-40b7e9c002.yaml,0.7569444179534912,0.8155555725097656,0.6997354626655579,0.7569444179534912,0.756944477558136,0.6796296834945679
train_resnetse5,id_899f1e7909ea,,completed,0,False,id_612c26209f9f,supervised,resnetse5,full_finetune_lr2,id_e6ba45a9ddf9,multimodal_df,daghar_standardized_balanced,rw_thigh,train,config_0,multimodal_samples_100,id_7d268895569b,har,train,full_run,/workspaces/HIAAC-KR-Dev-Container/Minerva-Exps/benchmarks/experiments/paper_daghar_supervised_3runs_perlr_samples_down_seed_resnetse5_12345/logs/id_899f1e7909ea/final,,,,,,,,,
train_resnetse5,id_eefaced95c5d,,completed,0,False,id_51a779f741ee,supervised,resnetse5,full_finetune_lr1,id_2259a82d2cb2,multimodal_df,daghar_standardized_balanced,wisdm,train,config_0,multimodal_samples_025_3,id_7d268895569b,har,train,full_run,/workspaces/HIAAC-KR-Dev-Container/Minerva-Exps/benchmarks/experiments/paper_daghar_supervised_3runs_perlr_samples_down_seed_resnetse5_12345/logs/id_eefaced95c5d/final,,,,,,,,,
train_resnetse5,id_e05e9bbf63bb,,completed,0,False,id_3f47675df06f,supervised,resnetse5,full_finetune_lr5,id_2b43c6cb6c29,multimodal_df,daghar_standardized_balanced,motionsense,train,config_0,multimodal_samples_001_3,id_7d268895569b,har,train,full_run,/workspaces/HIAAC-KR-Dev-Container/Minerva-Exps/benchmarks/experiments/paper_daghar_supervised_3runs_perlr_samples_down_seed_resnetse5_12345/logs/id_e05e9bbf63bb/final,,,,,,,,,
evaluate_resnetse5,id_67dfa204c363,id_ecdc2d5398ae,completed,1,True,id_01c6663a52ec,supervised,resnetse5,full_finetune_lr3,id_db3d861bdbdc,multimodal_df,daghar_standardized_balanced,rw_thigh,test,,multimodal_perc_100,id_daa7333eb2f8,har,evaluate,full_run,/workspaces/HIAAC-KR-Dev-Container/Minerva-Exps/benchmarks/experiments/paper_daghar_supervised_3runs_perlr_samples_down_seed_resnetse5_12345/logs/id_67dfa204c363/final,07d06614eb,/workspaces/HIAAC-KR-Dev-Container/Minerva-Exps/benchmarks/experiments/paper_daghar_supervised_3runs_perlr_samples_down_seed_resnetse5_12345/logs/id_67dfa204c363/final/metrics_2025-11-10-15-57-07d06614eb.yaml,/workspaces/HIAAC-KR-Dev-Container/Minerva-Exps/benchmarks/experiments/paper_daghar_supervised_3runs_perlr_samples_down_seed_resnetse5_12345/logs/id_67dfa204c363/final/run_2025-11-10-15-57-07d06614eb.yaml,0.658730149269104,0.7087137699127197,0.6598414778709412,0.658730149269104,0.658730149269104,0.7087137699127197
evaluate_resnetse5,id_b440b70117b7,id_9d6f40081d57,completed,1,True,id_51a779f741ee,supervised,resnetse5,full_finetune_lr1,id_f06fbe88cb34,multimodal_df,daghar_standardized_balanced,rw_waist,test,,multimodal_perc_100,id_daa7333eb2f8,har,evaluate,full_run,/workspaces/HIAAC-KR-Dev-Container/Minerva-Exps/benchmarks/experiments/paper_daghar_supervised_3runs_perlr_samples_down_seed_resnetse5_12345/logs/id_b440b70117b7/final,007495ea7c,/workspaces/HIAAC-KR-Dev-Container/Minerva-Exps/benchmarks/experiments/paper_daghar_supervised_3runs_perlr_samples_down_seed_resnetse5_12345/logs/id_b440b70117b7/final/metrics_2025-11-10-16-30-007495ea7c.yaml,/workspaces/HIAAC-KR-Dev-Container/Minerva-Exps/benchmarks/experiments/paper_daghar_supervised_3runs_perlr_samples_down_seed_resnetse5_12345/logs/id_b440b70117b7/final/run_2025-11-10-16-30-007495ea7c.yaml,0.47685185074806213,0.49035146832466125,0.46761611104011536,0.47685185074806213,0.47685185074806213,0.49035149812698364
evaluate_resnetse5,id_254bccbb6749,id_ea950f033d53,completed,1,True,id_3f47675df06f,supervised,resnetse5,full_finetune_lr5,id_ccb81a2579bc,multimodal_df,daghar_standardized_balanced,rw_waist,test,,multimodal_perc_100,id_daa7333eb2f8,har,evaluate,full_run,/workspaces/HIAAC-KR-Dev-Container/Minerva-Exps/benchmarks/experiments/paper_daghar_supervised_3runs_perlr_samples_down_seed_resnetse5_12345/logs/id_254bccbb6749/final,4193a395aa,/workspaces/HIAAC-KR-Dev-Container/Minerva-Exps/benchmarks/experiments/paper_daghar_supervised_3runs_perlr_samples_down_seed_resnetse5_12345/logs/id_254bccbb6749/final/metrics_2025-11-10-15-29-4193a395aa.yaml,/workspaces/HIAAC-KR-Dev-Container/Minerva-Exps/benchmarks/experiments/paper_daghar_supervised_3runs_perlr_samples_down_seed_resnetse5_12345/logs/id_254bccbb6749/final/run_2025-11-10-15-29-4193a395aa.yaml,0.5543981194496155,0.6720553636550903,0.46826043725013733,0.5543981194496155,0.5543981790542603,0.5600461363792419
train_resnetse5,id_dffe22b2f61f,,completed,0,False,id_3f47675df06f,supervised,resnetse5,full_finetune_lr5,id_58f0d08fff7e,multimodal_df,daghar_standardized_balanced,rw_thigh,train,config_0,multimodal_samples_050_3,id_7d268895569b,har,train,full_run,/workspaces/HIAAC-KR-Dev-Container/Minerva-Exps/benchmarks/experiments/paper_daghar_supervised_3runs_perlr_samples_down_seed_resnetse5_12345/logs/id_dffe22b2f61f/final,,,,,,,,,
train_resnetse5,id_16bacd5bef9a,,completed,0,False,id_3f47675df06f,supervised,resnetse5,full_finetune_lr5,id_56baa66d670c,multimodal_df,daghar_standardized_balanced,uci,train,config_0,multimodal_samples_200_2,id_7d268895569b,har,train,full_run,/workspaces/HIAAC-KR-Dev-Container/Minerva-Exps/benchmarks/experiments/paper_daghar_supervised_3runs_perlr_samples_down_seed_resnetse5_12345/logs/id_16bacd5bef9a/final,,,,,,,,,
train_resnetse5,id_c79b250cee98,,completed,0,False,id_51a779f741ee,supervised,resnetse5,full_finetune_lr1,id_f90ca44123d9,multimodal_df,daghar_standardized_balanced,kuhar,train,config_0,multimodal_samples_200_3,id_7d268895569b,har,train,full_run,/workspaces/HIAAC-KR-Dev-Container/Minerva-Exps/benchmarks/experiments/paper_daghar_supervised_3runs_perlr_samples_down_seed_resnetse5_12345/logs/id_c79b250cee98/final,,,,,,,,,
train_resnetse5,id_24058331e17f,,completed,0,False,id_01c6663a52ec,supervised,resnetse5,full_finetune_lr3,id_50b8183b88b4,multimodal_df,daghar_standardized_balanced,rw_waist,train,config_0,multimodal_samples_050_3,id_7d268895569b,har,train,full_run,/workspaces/HIAAC-KR-Dev-Container/Minerva-Exps/benchmarks/experiments/paper_daghar_supervised_3runs_perlr_samples_down_seed_resnetse5_12345/logs/id_24058331e17f/final,,,,,,,,,
train_resnetse5,id_001f83ad7bda,,completed,0,False,id_a619266c470c,supervised,resnetse5,full_finetune_lr4,id_8eaba78f5c3b,multimodal_df,daghar_standardized_balanced,kuhar,train,config_0,multimodal_samples_025_3,id_7d268895569b,har,train,full_run,/workspaces/HIAAC-KR-Dev-Container/Minerva-Exps/benchmarks/experiments/paper_daghar_supervised_3runs_perlr_samples_down_seed_resnetse5_12345/logs/id_001f83ad7bda/final,,,,,,,,,
train_resnetse5,id_e0e3261a6ae3,,completed,0,False,id_01c6663a52ec,supervised,resnetse5,full_finetune_lr3,id_dc9780befec7,multimodal_df,daghar_standardized_balanced,uci,train,config_0,multimodal_perc_100,id_7d268895569b,har,train,full_run,/workspaces/HIAAC-KR-Dev-Container/Minerva-Exps/benchmarks/experiments/paper_daghar_supervised_3runs_perlr_samples_down_seed_resnetse5_12345/logs/id_e0e3261a6ae3/final,,,,,,,,,
train_resnetse5,id_f587a9a2ef48,,completed,0,False,id_612c26209f9f,supervised,resnetse5,full_finetune_lr2,id_aab211c92197,multimodal_df,daghar_standardized_balanced,rw_waist,train,config_0,multimodal_samples_005_3,id_7d268895569b,har,train,full_run,/workspaces/HIAAC-KR-Dev-Container/Minerva-Exps/benchmarks/experiments/paper_daghar_supervised_3runs_perlr_samples_down_seed_resnetse5_12345/logs/id_f587a9a2ef48/final,,,,,,,,,
train_resnetse5,id_c99b4245c972,,completed,0,False,id_3f47675df06f,supervised,resnetse5,full_finetune_lr5,id_e6ba45a9ddf9,multimodal_df,daghar_standardized_balanced,rw_thigh,train,config_0,multimodal_samples_100,id_7d268895569b,har,train,full_run,/workspaces/HIAAC-KR-Dev-Container/Minerva-Exps/benchmarks/experiments/paper_daghar_supervised_3runs_perlr_samples_down_seed_resnetse5_12345/logs/id_c99b4245c972/final,,,,,,,,,
train_resnetse5,id_91d8a11f6a43,,completed,0,False,id_a619266c470c,supervised,resnetse5,full_finetune_lr4,id_e627a7ff3b82,multimodal_df,daghar_standardized_balanced,rw_waist,train,config_0,multimodal_samples_200_3,id_7d268895569b,har,train,full_run,/workspaces/HIAAC-KR-Dev-Container/Minerva-Exps/benchmarks/experiments/paper_daghar_supervised_3runs_perlr_samples_down_seed_resnetse5_12345/logs/id_91d8a11f6a43/final,,,,,,,,,
train_resnetse5,id_ab0ac0f75904,,completed,0,False,id_3f47675df06f,supervised,resnetse5,full_finetune_lr5,id_e7af70720e13,multimodal_df,daghar_standardized_balanced,kuhar,train,config_0,multimodal_samples_050_3,id_7d268895569b,har,train,full_run,/workspaces/HIAAC-KR-Dev-Container/Minerva-Exps/benchmarks/experiments/paper_daghar_supervised_3runs_perlr_samples_down_seed_resnetse5_12345/logs/id_ab0ac0f75904/final,,,,,,,,,
evaluate_resnetse5,id_6ea2df97aa22,id_dffe22b2f61f,completed,1,True,id_3f47675df06f,supervised,resnetse5,full_finetune_lr5,id_6d709bfacf5c,multimodal_df,daghar_standardized_balanced,rw_thigh,test,,multimodal_perc_100,id_daa7333eb2f8,har,evaluate,full_run,/workspaces/HIAAC-KR-Dev-Container/Minerva-Exps/benchmarks/experiments/paper_daghar_supervised_3runs_perlr_samples_down_seed_resnetse5_12345/logs/id_6ea2df97aa22/final,39a5010bf5,/workspaces/HIAAC-KR-Dev-Container/Minerva-Exps/benchmarks/experiments/paper_daghar_supervised_3runs_perlr_samples_down_seed_resnetse5_12345/logs/id_6ea2df97aa22/final/metrics_2025-11-10-16-00-39a5010bf5.yaml,/workspaces/HIAAC-KR-Dev-Container/Minerva-Exps/benchmarks/experiments/paper_daghar_supervised_3runs_perlr_samples_down_seed_resnetse5_12345/logs/id_6ea2df97aa22/final/run_2025-11-10-16-00-39a5010bf5.yaml,0.5144927501678467,0.6124318242073059,0.4449361562728882,0.5144927501678467,0.5144927501678467,0.6124317646026611
evaluate_resnetse5,id_3b6d4ab896c2,id_a106226ff854,completed,1,True,id_51a779f741ee,supervised,resnetse5,full_finetune_lr1,id_db3d861bdbdc,multimodal_df,daghar_standardized_balanced,rw_thigh,test,,multimodal_perc_100,id_daa7333eb2f8,har,evaluate,full_run,/workspaces/HIAAC-KR-Dev-Container/Minerva-Exps/benchmarks/experiments/paper_daghar_supervised_3runs_perlr_samples_down_seed_resnetse5_12345/logs/id_3b6d4ab896c2/final,080140422d,/workspaces/HIAAC-KR-Dev-Container/Minerva-Exps/benchmarks/experiments/paper_daghar_supervised_3runs_perlr_samples_down_seed_resnetse5_12345/logs/id_3b6d4ab896c2/final/metrics_2025-11-10-15-37-080140422d.yaml,/workspaces/HIAAC-KR-Dev-Container/Minerva-Exps/benchmarks/experiments/paper_daghar_supervised_3runs_perlr_samples_down_seed_resnetse5_12345/logs/id_3b6d4ab896c2/final/run_2025-11-10-15-37-080140422d.yaml,0.6473429799079895,0.6802699565887451,0.6208082437515259,0.6473429799079895,0.6473429799079895,0.6802699565887451
evaluate_resnetse5,id_3fe608afbe71,id_7a03e4def05e,completed,1,True,id_3f47675df06f,supervised,resnetse5,full_finetune_lr5,id_11aa36a6e31a,multimodal_df,daghar_standardized_balanced,rw_waist,test,,multimodal_perc_100,id_daa7333eb2f8,har,evaluate,full_run,/workspaces/HIAAC-KR-Dev-Container/Minerva-Exps/benchmarks/experiments/paper_daghar_supervised_3runs_perlr_samples_down_seed_resnetse5_12345/logs/id_3fe608afbe71/final,27d555d2fd,/workspaces/HIAAC-KR-Dev-Container/Minerva-Exps/benchmarks/experiments/paper_daghar_supervised_3runs_perlr_samples_down_seed_resnetse5_12345/logs/id_3fe608afbe71/final/metrics_2025-11-10-15-38-27d555d2fd.yaml,/workspaces/HIAAC-KR-Dev-Container/Minerva-Exps/benchmarks/experiments/paper_daghar_supervised_3runs_perlr_samples_down_seed_resnetse5_12345/logs/id_3fe608afbe71/final/run_2025-11-10-15-38-27d555d2fd.yaml,0.633873462677002,0.6593817472457886,0.5937550067901611,0.633873462677002,0.633873462677002,0.6593817472457886
evaluate_resnetse5,id_ed7ac5efe2de,id_179ab1fd5ac8,completed,1,True,id_612c26209f9f,supervised,resnetse5,full_finetune_lr2,id_b2a494b42880,multimodal_df,daghar_standardized_balanced,wisdm,test,,multimodal_perc_100,id_daa7333eb2f8,har,evaluate,full_run,/workspaces/HIAAC-KR-Dev-Container/Minerva-Exps/benchmarks/experiments/paper_daghar_supervised_3runs_perlr_samples_down_seed_resnetse5_12345/logs/id_ed7ac5efe2de/final,50302b9883,/workspaces/HIAAC-KR-Dev-Container/Minerva-Exps/benchmarks/experiments/paper_daghar_supervised_3runs_perlr_samples_down_seed_resnetse5_12345/logs/id_ed7ac5efe2de/final/metrics_2025-11-10-16-57-50302b9883.yaml,/workspaces/HIAAC-KR-Dev-Container/Minerva-Exps/benchmarks/experiments/paper_daghar_supervised_3runs_perlr_samples_down_seed_resnetse5_12345/logs/id_ed7ac5efe2de/final/run_2025-11-10-16-57-50302b9883.yaml,0.7434715628623962,0.7772204279899597,0.7018880844116211,0.7434715628623962,0.7434715628623962,0.7772204279899597
train_resnetse5,id_b5e2288c243d,,completed,0,False,id_a619266c470c,supervised,resnetse5,full_finetune_lr4,id_12164f3aad9d,multimodal_df,daghar_standardized_balanced,uci,train,config_0,multimodal_samples_100_2,id_7d268895569b,har,train,full_run,/workspaces/HIAAC-KR-Dev-Container/Minerva-Exps/benchmarks/experiments/paper_daghar_supervised_3runs_perlr_samples_down_seed_resnetse5_12345/logs/id_b5e2288c243d/final,,,,,,,,,
train_resnetse5,id_9a627aab34e2,,completed,0,False,id_01c6663a52ec,supervised,resnetse5,full_finetune_lr3,id_a5eb7bbd285a,multimodal_df,daghar_standardized_balanced,motionsense,train,config_0,multimodal_samples_050,id_7d268895569b,har,train,full_run,/workspaces/HIAAC-KR-Dev-Container/Minerva-Exps/benchmarks/experiments/paper_daghar_supervised_3runs_perlr_samples_down_seed_resnetse5_12345/logs/id_9a627aab34e2/final,,,,,,,,,
evaluate_resnetse5,id_103b65f8f212,id_d79e269838a1,completed,1,True,id_3f47675df06f,supervised,resnetse5,full_finetune_lr5,id_c10d4d9eb345,multimodal_df,daghar_standardized_balanced,kuhar,test,,multimodal_perc_100,id_daa7333eb2f8,har,evaluate,full_run,/workspaces/HIAAC-KR-Dev-Container/Minerva-Exps/benchmarks/experiments/paper_daghar_supervised_3runs_perlr_samples_down_seed_resnetse5_12345/logs/id_103b65f8f212/final,0263379fc3,/workspaces/HIAAC-KR-Dev-Container/Minerva-Exps/benchmarks/experiments/paper_daghar_supervised_3runs_perlr_samples_down_seed_resnetse5_12345/logs/id_103b65f8f212/final/metrics_2025-11-10-15-20-0263379fc3.yaml,/workspaces/HIAAC-KR-Dev-Container/Minerva-Exps/benchmarks/experiments/paper_daghar_supervised_3runs_perlr_samples_down_seed_resnetse5_12345/logs/id_103b65f8f212/final/run_2025-11-10-15-20-0263379fc3.yaml,0.3888888955116272,0.5731707215309143,0.2677793800830841,0.3888888955116272,0.3888888955116272,0.38211381435394287
train_resnetse5,id_2fadbb45d16b,,completed,0,False,id_612c26209f9f,supervised,resnetse5,full_finetune_lr2,id_664d92a3ca56,multimodal_df,daghar_standardized_balanced,uci,train,config_0,multimodal_samples_200_3,id_7d268895569b,har,train,full_run,/workspaces/HIAAC-KR-Dev-Container/Minerva-Exps/benchmarks/experiments/paper_daghar_supervised_3runs_perlr_samples_down_seed_resnetse5_12345/logs/id_2fadbb45d16b/final,,,,,,,,,
train_resnetse5,id_513afd59e13a,,completed,0,False,id_51a779f741ee,supervised,resnetse5,full_finetune_lr1,id_53a73fa7e879,multimodal_df,daghar_standardized_balanced,wisdm,train,config_0,multimodal_samples_200_3,id_7d268895569b,har,train,full_run,/workspaces/HIAAC-KR-Dev-Container/Minerva-Exps/benchmarks/experiments/paper_daghar_supervised_3runs_perlr_samples_down_seed_resnetse5_12345/logs/id_513afd59e13a/final,,,,,,,,,
evaluate_resnetse5,id_7ff3cee85105,id_f9de1ad6eff8,completed,1,True,id_a619266c470c,supervised,resnetse5,full_finetune_lr4,id_782874de697e,multimodal_df,daghar_standardized_balanced,rw_thigh,test,,multimodal_perc_100,id_daa7333eb2f8,har,evaluate,full_run,/workspaces/HIAAC-KR-Dev-Container/Minerva-Exps/benchmarks/experiments/paper_daghar_supervised_3runs_perlr_samples_down_seed_resnetse5_12345/logs/id_7ff3cee85105/final,560ef83963,/workspaces/HIAAC-KR-Dev-Container/Minerva-Exps/benchmarks/experiments/paper_daghar_supervised_3runs_perlr_samples_down_seed_resnetse5_12345/logs/id_7ff3cee85105/final/metrics_2025-11-10-16-06-560ef83963.yaml,/workspaces/HIAAC-KR-Dev-Container/Minerva-Exps/benchmarks/experiments/paper_daghar_supervised_3runs_perlr_samples_down_seed_resnetse5_12345/logs/id_7ff3cee85105/final/run_2025-11-10-16-06-560ef83963.yaml,0.5583160519599915,0.5125167965888977,0.492502897977829,0.5583160519599915,0.5583161115646362,0.5125167965888977
train_resnetse5,id_1d1b9c809165,,completed,0,False,id_3f47675df06f,supervised,resnetse5,full_finetune_lr5,id_091a3b529e49,multimodal_df,daghar_standardized_balanced,kuhar,train,config_0,multimodal_samples_005_3,id_7d268895569b,har,train,full_run,/workspaces/HIAAC-KR-Dev-Container/Minerva-Exps/benchmarks/experiments/paper_daghar_supervised_3runs_perlr_samples_down_seed_resnetse5_12345/logs/id_1d1b9c809165/final,,,,,,,,,
train_resnetse5,id_ff6833ab7186,,completed,0,False,id_a619266c470c,supervised,resnetse5,full_finetune_lr4,id_5dfa1c7b49ec,multimodal_df,daghar_standardized_balanced,rw_thigh,train,config_0,multimodal_samples_200,id_7d268895569b,har,train,full_run,/workspaces/HIAAC-KR-Dev-Container/Minerva-Exps/benchmarks/experiments/paper_daghar_supervised_3runs_perlr_samples_down_seed_resnetse5_12345/logs/id_ff6833ab7186/final,,,,,,,,,
evaluate_resnetse5,id_a4c6a59f64cb,id_07b66c84180a,completed,1,True,id_a619266c470c,supervised,resnetse5,full_finetune_lr4,id_cecfd4ce549b,multimodal_df,daghar_standardized_balanced,motionsense,test,,multimodal_perc_100,id_daa7333eb2f8,har,evaluate,full_run,/workspaces/HIAAC-KR-Dev-Container/Minerva-Exps/benchmarks/experiments/paper_daghar_supervised_3runs_perlr_samples_down_seed_resnetse5_12345/logs/id_a4c6a59f64cb/final,08d0a6f451,/workspaces/HIAAC-KR-Dev-Container/Minerva-Exps/benchmarks/experiments/paper_daghar_supervised_3runs_perlr_samples_down_seed_resnetse5_12345/logs/id_a4c6a59f64cb/final/metrics_2025-11-10-16-24-08d0a6f451.yaml,/workspaces/HIAAC-KR-Dev-Container/Minerva-Exps/benchmarks/experiments/paper_daghar_supervised_3runs_perlr_samples_down_seed_resnetse5_12345/logs/id_a4c6a59f64cb/final/run_2025-11-10-16-24-08d0a6f451.yaml,0.7655367255210876,0.8569232821464539,0.7118127942085266,0.7655367255210876,0.7655367255210876,0.8569232821464539
train_resnetse5,id_710dc4c9b5dc,,completed,0,False,id_51a779f741ee,supervised,resnetse5,full_finetune_lr1,id_68e2c218f19b,multimodal_df,daghar_standardized_balanced,rw_waist,train,config_0,multimodal_samples_050,id_7d268895569b,har,train,full_run,/workspaces/HIAAC-KR-Dev-Container/Minerva-Exps/benchmarks/experiments/paper_daghar_supervised_3runs_perlr_samples_down_seed_resnetse5_12345/logs/id_710dc4c9b5dc/final,,,,,,,,,
evaluate_resnetse5,id_19be16fbcb77,id_554cfb500650,completed,1,True,id_51a779f741ee,supervised,resnetse5,full_finetune_lr1,id_84509e035e55,multimodal_df,daghar_standardized_balanced,wisdm,test,,multimodal_perc_100,id_daa7333eb2f8,har,evaluate,full_run,/workspaces/HIAAC-KR-Dev-Container/Minerva-Exps/benchmarks/experiments/paper_daghar_supervised_3runs_perlr_samples_down_seed_resnetse5_12345/logs/id_19be16fbcb77/final,596dcb9872,/workspaces/HIAAC-KR-Dev-Container/Minerva-Exps/benchmarks/experiments/paper_daghar_supervised_3runs_perlr_samples_down_seed_resnetse5_12345/logs/id_19be16fbcb77/final/metrics_2025-11-10-15-24-596dcb9872.yaml,/workspaces/HIAAC-KR-Dev-Container/Minerva-Exps/benchmarks/experiments/paper_daghar_supervised_3runs_perlr_samples_down_seed_resnetse5_12345/logs/id_19be16fbcb77/final/run_2025-11-10-15-24-596dcb9872.yaml,0.77073734998703,0.7968299388885498,0.747144341468811,0.77073734998703,0.77073734998703,0.7968298196792603
train_resnetse5,id_40f3d031fc52,,completed,0,False,id_51a779f741ee,supervised,resnetse5,full_finetune_lr1,id_c348f76cba85,multimodal_df,daghar_standardized_balanced,kuhar,train,config_0,multimodal_samples_100,id_7d268895569b,har,train,full_run,/workspaces/HIAAC-KR-Dev-Container/Minerva-Exps/benchmarks/experiments/paper_daghar_supervised_3runs_perlr_samples_down_seed_resnetse5_12345/logs/id_40f3d031fc52/final,,,,,,,,,
evaluate_resnetse5,id_b9d42c692039,id_56a9627e558d,completed,1,True,id_51a779f741ee,supervised,resnetse5,full_finetune_lr1,id_a0298d605d95,multimodal_df,daghar_standardized_balanced,uci,test,,multimodal_perc_100,id_daa7333eb2f8,har,evaluate,full_run,/workspaces/HIAAC-KR-Dev-Container/Minerva-Exps/benchmarks/experiments/paper_daghar_supervised_3runs_perlr_samples_down_seed_resnetse5_12345/logs/id_b9d42c692039/final,3887f64edb,/workspaces/HIAAC-KR-Dev-Container/Minerva-Exps/benchmarks/experiments/paper_daghar_supervised_3runs_perlr_samples_down_seed_resnetse5_12345/logs/id_b9d42c692039/final/metrics_2025-11-10-16-32-3887f64edb.yaml,/workspaces/HIAAC-KR-Dev-Container/Minerva-Exps/benchmarks/experiments/paper_daghar_supervised_3runs_perlr_samples_down_seed_resnetse5_12345/logs/id_b9d42c692039/final/run_2025-11-10-16-32-3887f64edb.yaml,0.800000011920929,0.8080490827560425,0.7940440773963928,0.800000011920929,0.800000011920929,0.8080491423606873
evaluate_resnetse5,id_efe2e9182969,id_c9d2ad1cee27,completed,1,True,id_51a779f741ee,supervised,resnetse5,full_finetune_lr1,id_4116dd0c0b0d,multimodal_df,daghar_standardized_balanced,kuhar,test,,multimodal_perc_100,id_daa7333eb2f8,har,evaluate,full_run,/workspaces/HIAAC-KR-Dev-Container/Minerva-Exps/benchmarks/experiments/paper_daghar_supervised_3runs_perlr_samples_down_seed_resnetse5_12345/logs/id_efe2e9182969/final,55da2b2789,/workspaces/HIAAC-KR-Dev-Container/Minerva-Exps/benchmarks/experiments/paper_daghar_supervised_3runs_perlr_samples_down_seed_resnetse5_12345/logs/id_efe2e9182969/final/metrics_2025-11-10-16-59-55da2b2789.yaml,/workspaces/HIAAC-KR-Dev-Container/Minerva-Exps/benchmarks/experiments/paper_daghar_supervised_3runs_perlr_samples_down_seed_resnetse5_12345/logs/id_efe2e9182969/final/run_2025-11-10-16-59-55da2b2789.yaml,0.5486111044883728,0.6112982034683228,0.4703333377838135,0.5486111044883728,0.5486111640930176,0.5094152092933655
train_resnetse5,id_b5579e2fdeda,,completed,0,False,id_3f47675df06f,supervised,resnetse5,full_finetune_lr5,id_598014e6a5d3,multimodal_df,daghar_standardized_balanced,rw_thigh,train,config_0,multimodal_samples_100_3,id_7d268895569b,har,train,full_run,/workspaces/HIAAC-KR-Dev-Container/Minerva-Exps/benchmarks/experiments/paper_daghar_supervised_3runs_perlr_samples_down_seed_resnetse5_12345/logs/id_b5579e2fdeda/final,,,,,,,,,
evaluate_resnetse5,id_e7446f41bf91,id_c79b250cee98,completed,1,True,id_51a779f741ee,supervised,resnetse5,full_finetune_lr1,id_43383c4a2620,multimodal_df,daghar_standardized_balanced,kuhar,test,,multimodal_perc_100,id_daa7333eb2f8,har,evaluate,full_run,/workspaces/HIAAC-KR-Dev-Container/Minerva-Exps/benchmarks/experiments/paper_daghar_supervised_3runs_perlr_samples_down_seed_resnetse5_12345/logs/id_e7446f41bf91/final,02c04e88ac,/workspaces/HIAAC-KR-Dev-Container/Minerva-Exps/benchmarks/experiments/paper_daghar_supervised_3runs_perlr_samples_down_seed_resnetse5_12345/logs/id_e7446f41bf91/final/metrics_2025-11-10-16-54-02c04e88ac.yaml,/workspaces/HIAAC-KR-Dev-Container/Minerva-Exps/benchmarks/experiments/paper_daghar_supervised_3runs_perlr_samples_down_seed_resnetse5_12345/logs/id_e7446f41bf91/final/run_2025-11-10-16-54-02c04e88ac.yaml,0.6805555820465088,0.7689865827560425,0.6137514710426331,0.6805555820465088,0.6805555820465088,0.640822172164917
evaluate_resnetse5,id_3adf78d00441,id_a41f5cba847d,completed,1,True,id_612c26209f9f,supervised,resnetse5,full_finetune_lr2,id_13d5f2eca3a8,multimodal_df,daghar_standardized_balanced,rw_thigh,test,,multimodal_perc_100,id_daa7333eb2f8,har,evaluate,full_run,/workspaces/HIAAC-KR-Dev-Container/Minerva-Exps/benchmarks/experiments/paper_daghar_supervised_3runs_perlr_samples_down_seed_resnetse5_12345/logs/id_3adf78d00441/final,43ff589413,/workspaces/HIAAC-KR-Dev-Container/Minerva-Exps/benchmarks/experiments/paper_daghar_supervised_3runs_perlr_samples_down_seed_resnetse5_12345/logs/id_3adf78d00441/final/metrics_2025-11-10-15-36-43ff589413.yaml,/workspaces/HIAAC-KR-Dev-Container/Minerva-Exps/benchmarks/experiments/paper_daghar_supervised_3runs_perlr_samples_down_seed_resnetse5_12345/logs/id_3adf78d00441/final/run_2025-11-10-15-36-43ff589413.yaml,0.6984127163887024,0.7991905212402344,0.6520146131515503,0.6984127163887024,0.6984127163887024,0.6659921407699585
evaluate_resnetse5,id_e5cfa46df878,id_b0b893209d34,completed,1,True,id_51a779f741ee,supervised,resnetse5,full_finetune_lr1,id_adc654d5844a,multimodal_df,daghar_standardized_balanced,kuhar,test,,multimodal_perc_100,id_daa7333eb2f8,har,evaluate,full_run,/workspaces/HIAAC-KR-Dev-Container/Minerva-Exps/benchmarks/experiments/paper_daghar_supervised_3runs_perlr_samples_down_seed_resnetse5_12345/logs/id_e5cfa46df878/final,0953bee980,/workspaces/HIAAC-KR-Dev-Container/Minerva-Exps/benchmarks/experiments/paper_daghar_supervised_3runs_perlr_samples_down_seed_resnetse5_12345/logs/id_e5cfa46df878/final/metrics_2025-11-10-16-53-0953bee980.yaml,/workspaces/HIAAC-KR-Dev-Container/Minerva-Exps/benchmarks/experiments/paper_daghar_supervised_3runs_perlr_samples_down_seed_resnetse5_12345/logs/id_e5cfa46df878/final/run_2025-11-10-16-53-0953bee980.yaml,0.4652777910232544,0.4672463834285736,0.3109824061393738,0.4652777910232544,0.4652777910232544,0.2336231917142868
evaluate_resnetse5,id_5b8cdd2b2cbd,id_fa23035a8f4f,completed,1,True,id_a619266c470c,supervised,resnetse5,full_finetune_lr4,id_e3e1de450b72,multimodal_df,daghar_standardized_balanced,rw_thigh,test,,multimodal_perc_100,id_daa7333eb2f8,har,evaluate,full_run,/workspaces/HIAAC-KR-Dev-Container/Minerva-Exps/benchmarks/experiments/paper_daghar_supervised_3runs_perlr_samples_down_seed_resnetse5_12345/logs/id_5b8cdd2b2cbd/final,10dfc2c925,/workspaces/HIAAC-KR-Dev-Container/Minerva-Exps/benchmarks/experiments/paper_daghar_supervised_3runs_perlr_samples_down_seed_resnetse5_12345/logs/id_5b8cdd2b2cbd/final/metrics_2025-11-10-15-52-10dfc2c925.yaml,/workspaces/HIAAC-KR-Dev-Container/Minerva-Exps/benchmarks/experiments/paper_daghar_supervised_3runs_perlr_samples_down_seed_resnetse5_12345/logs/id_5b8cdd2b2cbd/final/run_2025-11-10-15-52-10dfc2c925.yaml,0.7149758338928223,0.7369862198829651,0.6785253882408142,0.7149758338928223,0.7149758338928223,0.7369862794876099
train_resnetse5,id_9ba3153cb528,,completed,0,False,id_612c26209f9f,supervised,resnetse5,full_finetune_lr2,id_8f0cce8978b6,multimodal_df,daghar_standardized_balanced,uci,train,config_0,multimodal_samples_050,id_7d268895569b,har,train,full_run,/workspaces/HIAAC-KR-Dev-Container/Minerva-Exps/benchmarks/experiments/paper_daghar_supervised_3runs_perlr_samples_down_seed_resnetse5_12345/logs/id_9ba3153cb528/final,,,,,,,,,
evaluate_resnetse5,id_4b4fc645b27a,id_373c1bcb93b8,completed,1,True,id_51a779f741ee,supervised,resnetse5,full_finetune_lr1,id_d3bb28a9285b,multimodal_df,daghar_standardized_balanced,wisdm,test,,multimodal_perc_100,id_daa7333eb2f8,har,evaluate,full_run,/workspaces/HIAAC-KR-Dev-Container/Minerva-Exps/benchmarks/experiments/paper_daghar_supervised_3runs_perlr_samples_down_seed_resnetse5_12345/logs/id_4b4fc645b27a/final,3584c1e484,/workspaces/HIAAC-KR-Dev-Container/Minerva-Exps/benchmarks/experiments/paper_daghar_supervised_3runs_perlr_samples_down_seed_resnetse5_12345/logs/id_4b4fc645b27a/final/metrics_2025-11-10-15-44-3584c1e484.yaml,/workspaces/HIAAC-KR-Dev-Container/Minerva-Exps/benchmarks/experiments/paper_daghar_supervised_3runs_perlr_samples_down_seed_resnetse5_12345/logs/id_4b4fc645b27a/final/run_2025-11-10-15-44-3584c1e484.yaml,0.7346389889717102,0.7450340390205383,0.6622862219810486,0.7346389889717102,0.734639048576355,0.7450340390205383
train_resnetse5,id_f5bc099f1337,,completed,0,False,id_51a779f741ee,supervised,resnetse5,full_finetune_lr1,id_62ae1bbdbef0,multimodal_df,daghar_standardized_balanced,kuhar,train,config_0,multimodal_samples_001,id_7d268895569b,har,train,full_run,/workspaces/HIAAC-KR-Dev-Container/Minerva-Exps/benchmarks/experiments/paper_daghar_supervised_3runs_perlr_samples_down_seed_resnetse5_12345/logs/id_f5bc099f1337/final,,,,,,,,,
train_resnetse5,id_3f676abd7409,,completed,0,False,id_3f47675df06f,supervised,resnetse5,full_finetune_lr5,id_a50226a2e73f,multimodal_df,daghar_standardized_balanced,motionsense,train,config_0,multimodal_samples_005_3,id_7d268895569b,har,train,full_run,/workspaces/HIAAC-KR-Dev-Container/Minerva-Exps/benchmarks/experiments/paper_daghar_supervised_3runs_perlr_samples_down_seed_resnetse5_12345/logs/id_3f676abd7409/final,,,,,,,,,
evaluate_resnetse5,id_efab5ba86e76,id_174e7f256289,completed,1,True,id_612c26209f9f,supervised,resnetse5,full_finetune_lr2,id_cd6941f6f1c4,multimodal_df,daghar_standardized_balanced,kuhar,test,,multimodal_perc_100,id_daa7333eb2f8,har,evaluate,full_run,/workspaces/HIAAC-KR-Dev-Container/Minerva-Exps/benchmarks/experiments/paper_daghar_supervised_3runs_perlr_samples_down_seed_resnetse5_12345/logs/id_efab5ba86e76/final,451ba6f08b,/workspaces/HIAAC-KR-Dev-Container/Minerva-Exps/benchmarks/experiments/paper_daghar_supervised_3runs_perlr_samples_down_seed_resnetse5_12345/logs/id_efab5ba86e76/final/metrics_2025-11-10-16-59-451ba6f08b.yaml,/workspaces/HIAAC-KR-Dev-Container/Minerva-Exps/benchmarks/experiments/paper_daghar_supervised_3runs_perlr_samples_down_seed_resnetse5_12345/logs/id_efab5ba86e76/final/run_2025-11-10-16-59-451ba6f08b.yaml,0.1666666716337204,0.1666666716337204,0.0476190485060215,0.1666666716337204,0.1666666716337204,0.02777777798473835
train_resnetse5,id_fc570c38db1d,,completed,0,False,id_51a779f741ee,supervised,resnetse5,full_finetune_lr1,id_7d8dbca109bf,multimodal_df,daghar_standardized_balanced,motionsense,train,config_0,multimodal_perc_100_2,id_7d268895569b,har,train,full_run,/workspaces/HIAAC-KR-Dev-Container/Minerva-Exps/benchmarks/experiments/paper_daghar_supervised_3runs_perlr_samples_down_seed_resnetse5_12345/logs/id_fc570c38db1d/final,,,,,,,,,
evaluate_resnetse5,id_ef04afe6de20,id_5b1573dfb627,completed,1,True,id_612c26209f9f,supervised,resnetse5,full_finetune_lr2,id_231e9f213e9b,multimodal_df,daghar_standardized_balanced,kuhar,test,,multimodal_perc_100,id_daa7333eb2f8,har,evaluate,full_run,/workspaces/HIAAC-KR-Dev-Container/Minerva-Exps/benchmarks/experiments/paper_daghar_supervised_3runs_perlr_samples_down_seed_resnetse5_12345/logs/id_ef04afe6de20/final,10ea556edf,/workspaces/HIAAC-KR-Dev-Container/Minerva-Exps/benchmarks/experiments/paper_daghar_supervised_3runs_perlr_samples_down_seed_resnetse5_12345/logs/id_ef04afe6de20/final/metrics_2025-11-10-16-59-10ea556edf.yaml,/workspaces/HIAAC-KR-Dev-Container/Minerva-Exps/benchmarks/experiments/paper_daghar_supervised_3runs_perlr_samples_down_seed_resnetse5_12345/logs/id_ef04afe6de20/final/run_2025-11-10-16-59-10ea556edf.yaml,0.1666666716337204,0.1666666716337204,0.0476190485060215,0.1666666716337204,0.1666666716337204,0.02777777798473835
train_resnetse5,id_a53090afa978,,completed,0,False,id_612c26209f9f,supervised,resnetse5,full_finetune_lr2,id_fc6ba2357f31,multimodal_df,daghar_standardized_balanced,motionsense,train,config_0,multimodal_samples_100,id_7d268895569b,har,train,full_run,/workspaces/HIAAC-KR-Dev-Container/Minerva-Exps/benchmarks/experiments/paper_daghar_supervised_3runs_perlr_samples_down_seed_resnetse5_12345/logs/id_a53090afa978/final,,,,,,,,,
train_resnetse5,id_8a4da0791bc0,,completed,0,False,id_612c26209f9f,supervised,resnetse5,full_finetune_lr2,id_eb44f9c784ea,multimodal_df,daghar_standardized_balanced,rw_waist,train,config_0,multimodal_samples_005_2,id_7d268895569b,har,train,full_run,/workspaces/HIAAC-KR-Dev-Container/Minerva-Exps/benchmarks/experiments/paper_daghar_supervised_3runs_perlr_samples_down_seed_resnetse5_12345/logs/id_8a4da0791bc0/final,,,,,,,,,
evaluate_resnetse5,id_ecc68c96abfd,id_aa18aa9da260,completed,1,True,id_51a779f741ee,supervised,resnetse5,full_finetune_lr1,id_52177a2e6447,multimodal_df,daghar_standardized_balanced,uci,test,,multimodal_perc_100,id_daa7333eb2f8,har,evaluate,full_run,/workspaces/HIAAC-KR-Dev-Container/Minerva-Exps/benchmarks/experiments/paper_daghar_supervised_3runs_perlr_samples_down_seed_resnetse5_12345/logs/id_ecc68c96abfd/final,35b7668718,/workspaces/HIAAC-KR-Dev-Container/Minerva-Exps/benchmarks/experiments/paper_daghar_supervised_3runs_perlr_samples_down_seed_resnetse5_12345/logs/id_ecc68c96abfd/final/metrics_2025-11-10-16-57-35b7668718.yaml,/workspaces/HIAAC-KR-Dev-Container/Minerva-Exps/benchmarks/experiments/paper_daghar_supervised_3runs_perlr_samples_down_seed_resnetse5_12345/logs/id_ecc68c96abfd/final/run_2025-11-10-16-57-35b7668718.yaml,0.8014492988586426,0.824251651763916,0.7642776966094971,0.8014492988586426,0.8014492392539978,0.824251651763916
evaluate_resnetse5,id_87d78388ab17,id_f3c7b8ef95c9,completed,1,True,id_01c6663a52ec,supervised,resnetse5,full_finetune_lr3,id_c7c333650afe,multimodal_df,daghar_standardized_balanced,rw_waist,test,,multimodal_perc_100,id_daa7333eb2f8,har,evaluate,full_run,/workspaces/HIAAC-KR-Dev-Container/Minerva-Exps/benchmarks/experiments/paper_daghar_supervised_3runs_perlr_samples_down_seed_resnetse5_12345/logs/id_87d78388ab17/final,188492e679,/workspaces/HIAAC-KR-Dev-Container/Minerva-Exps/benchmarks/experiments/paper_daghar_supervised_3runs_perlr_samples_down_seed_resnetse5_12345/logs/id_87d78388ab17/final/metrics_2025-11-10-16-11-188492e679.yaml,/workspaces/HIAAC-KR-Dev-Container/Minerva-Exps/benchmarks/experiments/paper_daghar_supervised_3runs_perlr_samples_down_seed_resnetse5_12345/logs/id_87d78388ab17/final/run_2025-11-10-16-11-188492e679.yaml,0.6905864477157593,0.7181637287139893,0.677002489566803,0.6905864477157593,0.6905863881111145,0.7181637287139893
train_resnetse5,id_d7d327401093,,completed,0,False,id_a619266c470c,supervised,resnetse5,full_finetune_lr4,id_e6b257557292,multimodal_df,daghar_standardized_balanced,rw_waist,train,config_0,multimodal_perc_100_2,id_7d268895569b,har,train,full_run,/workspaces/HIAAC-KR-Dev-Container/Minerva-Exps/benchmarks/experiments/paper_daghar_supervised_3runs_perlr_samples_down_seed_resnetse5_12345/logs/id_d7d327401093/final,,,,,,,,,
train_resnetse5,id_8ae8691baf07,,completed,0,False,id_51a779f741ee,supervised,resnetse5,full_finetune_lr1,id_c8eedf2bd03f,multimodal_df,daghar_standardized_balanced,wisdm,train,config_0,multimodal_perc_100_2,id_7d268895569b,har,train,full_run,/workspaces/HIAAC-KR-Dev-Container/Minerva-Exps/benchmarks/experiments/paper_daghar_supervised_3runs_perlr_samples_down_seed_resnetse5_12345/logs/id_8ae8691baf07/final,,,,,,,,,
evaluate_resnetse5,id_d53db0428a2e,id_3f676abd7409,completed,1,True,id_3f47675df06f,supervised,resnetse5,full_finetune_lr5,id_0ea13d307de4,multimodal_df,daghar_standardized_balanced,motionsense,test,,multimodal_perc_100,id_daa7333eb2f8,har,evaluate,full_run,/workspaces/HIAAC-KR-Dev-Container/Minerva-Exps/benchmarks/experiments/paper_daghar_supervised_3runs_perlr_samples_down_seed_resnetse5_12345/logs/id_d53db0428a2e/final,551cd34394,/workspaces/HIAAC-KR-Dev-Container/Minerva-Exps/benchmarks/experiments/paper_daghar_supervised_3runs_perlr_samples_down_seed_resnetse5_12345/logs/id_d53db0428a2e/final/metrics_2025-11-10-16-44-551cd34394.yaml,/workspaces/HIAAC-KR-Dev-Container/Minerva-Exps/benchmarks/experiments/paper_daghar_supervised_3runs_perlr_samples_down_seed_resnetse5_12345/logs/id_d53db0428a2e/final/run_2025-11-10-16-44-551cd34394.yaml,0.27589455246925354,0.35792243480682373,0.19125314056873322,0.27589455246925354,0.27589452266693115,0.2386149764060974
train_resnetse5,id_6b40d57e20a7,,completed,0,False,id_01c6663a52ec,supervised,resnetse5,full_finetune_lr3,id_d4c695219794,multimodal_df,daghar_standardized_balanced,rw_waist,train,config_0,multimodal_samples_010_3,id_7d268895569b,har,train,full_run,/workspaces/HIAAC-KR-Dev-Container/Minerva-Exps/benchmarks/experiments/paper_daghar_supervised_3runs_perlr_samples_down_seed_resnetse5_12345/logs/id_6b40d57e20a7/final,,,,,,,,,
evaluate_resnetse5,id_78d1dc92786f,id_45f3d1875f57,completed,1,True,id_3f47675df06f,supervised,resnetse5,full_finetune_lr5,id_2927a4a2198f,multimodal_df,daghar_standardized_balanced,kuhar,test,,multimodal_perc_100,id_daa7333eb2f8,har,evaluate,full_run,/workspaces/HIAAC-KR-Dev-Container/Minerva-Exps/benchmarks/experiments/paper_daghar_supervised_3runs_perlr_samples_down_seed_resnetse5_12345/logs/id_78d1dc92786f/final,52ca2f9038,/workspaces/HIAAC-KR-Dev-Container/Minerva-Exps/benchmarks/experiments/paper_daghar_supervised_3runs_perlr_samples_down_seed_resnetse5_12345/logs/id_78d1dc92786f/final/metrics_2025-11-10-16-04-52ca2f9038.yaml,/workspaces/HIAAC-KR-Dev-Container/Minerva-Exps/benchmarks/experiments/paper_daghar_supervised_3runs_perlr_samples_down_seed_resnetse5_12345/logs/id_78d1dc92786f/final/run_2025-11-10-16-04-52ca2f9038.yaml,0.625,0.7361288666725159,0.5467068552970886,0.625,0.625,0.6134406924247742
train_resnetse5,id_fa0212f7aa23,,completed,0,False,id_51a779f741ee,supervised,resnetse5,full_finetune_lr1,id_fc6ba2357f31,multimodal_df,daghar_standardized_balanced,motionsense,train,config_0,multimodal_samples_100,id_7d268895569b,har,train,full_run,/workspaces/HIAAC-KR-Dev-Container/Minerva-Exps/benchmarks/experiments/paper_daghar_supervised_3runs_perlr_samples_down_seed_resnetse5_12345/logs/id_fa0212f7aa23/final,,,,,,,,,
train_resnetse5,id_cf13aaa3dacb,,completed,0,False,id_01c6663a52ec,supervised,resnetse5,full_finetune_lr3,id_47548eafb974,multimodal_df,daghar_standardized_balanced,wisdm,train,config_0,multimodal_samples_005,id_7d268895569b,har,train,full_run,/workspaces/HIAAC-KR-Dev-Container/Minerva-Exps/benchmarks/experiments/paper_daghar_supervised_3runs_perlr_samples_down_seed_resnetse5_12345/logs/id_cf13aaa3dacb/final,,,,,,,,,
train_resnetse5,id_cedebbdc3fce,,completed,0,False,id_a619266c470c,supervised,resnetse5,full_finetune_lr4,id_4cebd74418d5,multimodal_df,daghar_standardized_balanced,rw_thigh,train,config_0,multimodal_samples_025_2,id_7d268895569b,har,train,full_run,/workspaces/HIAAC-KR-Dev-Container/Minerva-Exps/benchmarks/experiments/paper_daghar_supervised_3runs_perlr_samples_down_seed_resnetse5_12345/logs/id_cedebbdc3fce/final,,,,,,,,,
evaluate_resnetse5,id_822833b1bd96,id_a92720e20afe,completed,1,True,id_3f47675df06f,supervised,resnetse5,full_finetune_lr5,id_e3e1de450b72,multimodal_df,daghar_standardized_balanced,rw_thigh,test,,multimodal_perc_100,id_daa7333eb2f8,har,evaluate,full_run,/workspaces/HIAAC-KR-Dev-Container/Minerva-Exps/benchmarks/experiments/paper_daghar_supervised_3runs_perlr_samples_down_seed_resnetse5_12345/logs/id_822833b1bd96/final,05bca916fa,/workspaces/HIAAC-KR-Dev-Container/Minerva-Exps/benchmarks/experiments/paper_daghar_supervised_3runs_perlr_samples_down_seed_resnetse5_12345/logs/id_822833b1bd96/final/metrics_2025-11-10-16-08-05bca916fa.yaml,/workspaces/HIAAC-KR-Dev-Container/Minerva-Exps/benchmarks/experiments/paper_daghar_supervised_3runs_perlr_samples_down_seed_resnetse5_12345/logs/id_822833b1bd96/final/run_2025-11-10-16-08-05bca916fa.yaml,0.7291235327720642,0.7682344913482666,0.7180299162864685,0.7291235327720642,0.729123592376709,0.7682344317436218
train_resnetse5,id_627baf7b2df1,,completed,0,False,id_3f47675df06f,supervised,resnetse5,full_finetune_lr5,id_c761cbcc4f2c,multimodal_df,daghar_standardized_balanced,motionsense,train,config_0,multimodal_perc_100,id_7d268895569b,har,train,full_run,/workspaces/HIAAC-KR-Dev-Container/Minerva-Exps/benchmarks/experiments/paper_daghar_supervised_3runs_perlr_samples_down_seed_resnetse5_12345/logs/id_627baf7b2df1/final,,,,,,,,,
evaluate_resnetse5,id_56450eef1410,id_22e2a53810ef,completed,1,True,id_51a779f741ee,supervised,resnetse5,full_finetune_lr1,id_41258ff64643,multimodal_df,daghar_standardized_balanced,wisdm,test,,multimodal_perc_100,id_daa7333eb2f8,har,evaluate,full_run,/workspaces/HIAAC-KR-Dev-Container/Minerva-Exps/benchmarks/experiments/paper_daghar_supervised_3runs_perlr_samples_down_seed_resnetse5_12345/logs/id_56450eef1410/final,04c870067a,/workspaces/HIAAC-KR-Dev-Container/Minerva-Exps/benchmarks/experiments/paper_daghar_supervised_3runs_perlr_samples_down_seed_resnetse5_12345/logs/id_56450eef1410/final/metrics_2025-11-10-15-50-04c870067a.yaml,/workspaces/HIAAC-KR-Dev-Container/Minerva-Exps/benchmarks/experiments/paper_daghar_supervised_3runs_perlr_samples_down_seed_resnetse5_12345/logs/id_56450eef1410/final/run_2025-11-10-15-50-04c870067a.yaml,0.738095223903656,0.6130768060684204,0.654886782169342,0.738095223903656,0.738095223903656,0.6130768060684204
train_resnetse5,id_8da37f23d833,,completed,0,False,id_01c6663a52ec,supervised,resnetse5,full_finetune_lr3,id_e959f1474a75,multimodal_df,daghar_standardized_balanced,wisdm,train,config_0,multimodal_perc_100,id_7d268895569b,har,train,full_run,/workspaces/HIAAC-KR-Dev-Container/Minerva-Exps/benchmarks/experiments/paper_daghar_supervised_3runs_perlr_samples_down_seed_resnetse5_12345/logs/id_8da37f23d833/final,,,,,,,,,
evaluate_resnetse5,id_1473f4d8f632,id_d27e99cf62d6,completed,1,True,id_01c6663a52ec,supervised,resnetse5,full_finetune_lr3,id_4116dd0c0b0d,multimodal_df,daghar_standardized_balanced,kuhar,test,,multimodal_perc_100,id_daa7333eb2f8,har,evaluate,full_run,/workspaces/HIAAC-KR-Dev-Container/Minerva-Exps/benchmarks/experiments/paper_daghar_supervised_3runs_perlr_samples_down_seed_resnetse5_12345/logs/id_1473f4d8f632/final,420d841315,/workspaces/HIAAC-KR-Dev-Container/Minerva-Exps/benchmarks/experiments/paper_daghar_supervised_3runs_perlr_samples_down_seed_resnetse5_12345/logs/id_1473f4d8f632/final/metrics_2025-11-10-15-21-420d841315.yaml,/workspaces/HIAAC-KR-Dev-Container/Minerva-Exps/benchmarks/experiments/paper_daghar_supervised_3runs_perlr_samples_down_seed_resnetse5_12345/logs/id_1473f4d8f632/final/run_2025-11-10-15-21-420d841315.yaml,0.5486111044883728,0.7116279006004333,0.4420609474182129,0.5486111044883728,0.5486111044883728,0.5930232405662537
evaluate_resnetse5,id_4fc46dadbd53,id_4e4abb836e63,completed,1,True,id_51a779f741ee,supervised,resnetse5,full_finetune_lr1,id_010187ba04f0,multimodal_df,daghar_standardized_balanced,wisdm,test,,multimodal_perc_100,id_daa7333eb2f8,har,evaluate,full_run,/workspaces/HIAAC-KR-Dev-Container/Minerva-Exps/benchmarks/experiments/paper_daghar_supervised_3runs_perlr_samples_down_seed_resnetse5_12345/logs/id_4fc46dadbd53/final,2592cb5ea0,/workspaces/HIAAC-KR-Dev-Container/Minerva-Exps/benchmarks/experiments/paper_daghar_supervised_3runs_perlr_samples_down_seed_resnetse5_12345/logs/id_4fc46dadbd53/final/metrics_2025-11-10-15-46-2592cb5ea0.yaml,/workspaces/HIAAC-KR-Dev-Container/Minerva-Exps/benchmarks/experiments/paper_daghar_supervised_3runs_perlr_samples_down_seed_resnetse5_12345/logs/id_4fc46dadbd53/final/run_2025-11-10-15-46-2592cb5ea0.yaml,0.7465437650680542,0.7218314409255981,0.664776623249054,0.7465437650680542,0.746543824672699,0.7218314409255981
evaluate_resnetse5,id_997aaad9b2e5,id_b04354c37e88,completed,1,True,id_01c6663a52ec,supervised,resnetse5,full_finetune_lr3,id_ac313a595442,multimodal_df,daghar_standardized_balanced,kuhar,test,,multimodal_perc_100,id_daa7333eb2f8,har,evaluate,full_run,/workspaces/HIAAC-KR-Dev-Container/Minerva-Exps/benchmarks/experiments/paper_daghar_supervised_3runs_perlr_samples_down_seed_resnetse5_12345/logs/id_997aaad9b2e5/final,18eecd6f23,/workspaces/HIAAC-KR-Dev-Container/Minerva-Exps/benchmarks/experiments/paper_daghar_supervised_3runs_perlr_samples_down_seed_resnetse5_12345/logs/id_997aaad9b2e5/final/metrics_2025-11-10-16-18-18eecd6f23.yaml,/workspaces/HIAAC-KR-Dev-Container/Minerva-Exps/benchmarks/experiments/paper_daghar_supervised_3runs_perlr_samples_down_seed_resnetse5_12345/logs/id_997aaad9b2e5/final/run_2025-11-10-16-18-18eecd6f23.yaml,0.6111111044883728,0.7333333492279053,0.5342875719070435,0.6111111044883728,0.6111111044883728,0.6111111044883728
train_resnetse5,id_68f303336bab,,completed,0,False,id_01c6663a52ec,supervised,resnetse5,full_finetune_lr3,id_63390b2e2f32,multimodal_df,daghar_standardized_balanced,wisdm,train,config_0,multimodal_samples_005_2,id_7d268895569b,har,train,full_run,/workspaces/HIAAC-KR-Dev-Container/Minerva-Exps/benchmarks/experiments/paper_daghar_supervised_3runs_perlr_samples_down_seed_resnetse5_12345/logs/id_68f303336bab/final,,,,,,,,,
train_resnetse5,id_2d3fca7791c8,,completed,0,False,id_3f47675df06f,supervised,resnetse5,full_finetune_lr5,id_0ee270359c3b,multimodal_df,daghar_standardized_balanced,rw_waist,train,config_0,multimodal_perc_100,id_7d268895569b,har,train,full_run,/workspaces/HIAAC-KR-Dev-Container/Minerva-Exps/benchmarks/experiments/paper_daghar_supervised_3runs_perlr_samples_down_seed_resnetse5_12345/logs/id_2d3fca7791c8/final,,,,,,,,,
evaluate_resnetse5,id_a96149ed8783,id_d6f1c02c0699,completed,1,True,id_612c26209f9f,supervised,resnetse5,full_finetune_lr2,id_422128d9bc98,multimodal_df,daghar_standardized_balanced,rw_thigh,test,,multimodal_perc_100,id_daa7333eb2f8,har,evaluate,full_run,/workspaces/HIAAC-KR-Dev-Container/Minerva-Exps/benchmarks/experiments/paper_daghar_supervised_3runs_perlr_samples_down_seed_resnetse5_12345/logs/id_a96149ed8783/final,01c16c1a0d,/workspaces/HIAAC-KR-Dev-Container/Minerva-Exps/benchmarks/experiments/paper_daghar_supervised_3runs_perlr_samples_down_seed_resnetse5_12345/logs/id_a96149ed8783/final/metrics_2025-11-10-16-26-01c16c1a0d.yaml,/workspaces/HIAAC-KR-Dev-Container/Minerva-Exps/benchmarks/experiments/paper_daghar_supervised_3runs_perlr_samples_down_seed_resnetse5_12345/logs/id_a96149ed8783/final/run_2025-11-10-16-26-01c16c1a0d.yaml,0.6290545463562012,0.6183193922042847,0.5621933937072754,0.6290545463562012,0.6290544867515564,0.6183193922042847
train_resnetse5,id_caed887dca3f,,completed,0,False,id_51a779f741ee,supervised,resnetse5,full_finetune_lr1,id_4a2aca339c33,multimodal_df,daghar_standardized_balanced,rw_waist,train,config_0,multimodal_samples_010,id_7d268895569b,har,train,full_run,/workspaces/HIAAC-KR-Dev-Container/Minerva-Exps/benchmarks/experiments/paper_daghar_supervised_3runs_perlr_samples_down_seed_resnetse5_12345/logs/id_caed887dca3f/final,,,,,,,,,
train_resnetse5,id_d596fee34f68,,completed,0,False,id_a619266c470c,supervised,resnetse5,full_finetune_lr4,id_c1e743ebb0a8,multimodal_df,daghar_standardized_balanced,rw_thigh,train,config_0,multimodal_samples_005_3,id_7d268895569b,har,train,full_run,/workspaces/HIAAC-KR-Dev-Container/Minerva-Exps/benchmarks/experiments/paper_daghar_supervised_3runs_perlr_samples_down_seed_resnetse5_12345/logs/id_d596fee34f68/final,,,,,,,,,
train_resnetse5,id_ac191e51de8b,,completed,0,False,id_612c26209f9f,supervised,resnetse5,full_finetune_lr2,id_3ca44ce6c400,multimodal_df,daghar_standardized_balanced,rw_thigh,train,config_0,multimodal_samples_050_2,id_7d268895569b,har,train,full_run,/workspaces/HIAAC-KR-Dev-Container/Minerva-Exps/benchmarks/experiments/paper_daghar_supervised_3runs_perlr_samples_down_seed_resnetse5_12345/logs/id_ac191e51de8b/final,,,,,,,,,
evaluate_resnetse5,id_ded81bd197af,id_c31eac52c051,completed,1,True,id_a619266c470c,supervised,resnetse5,full_finetune_lr4,id_c7c333650afe,multimodal_df,daghar_standardized_balanced,rw_waist,test,,multimodal_perc_100,id_daa7333eb2f8,har,evaluate,full_run,/workspaces/HIAAC-KR-Dev-Container/Minerva-Exps/benchmarks/experiments/paper_daghar_supervised_3runs_perlr_samples_down_seed_resnetse5_12345/logs/id_ded81bd197af/final,010bd29cdb,/workspaces/HIAAC-KR-Dev-Container/Minerva-Exps/benchmarks/experiments/paper_daghar_supervised_3runs_perlr_samples_down_seed_resnetse5_12345/logs/id_ded81bd197af/final/metrics_2025-11-10-16-49-010bd29cdb.yaml,/workspaces/HIAAC-KR-Dev-Container/Minerva-Exps/benchmarks/experiments/paper_daghar_supervised_3runs_perlr_samples_down_seed_resnetse5_12345/logs/id_ded81bd197af/final/run_2025-11-10-16-49-010bd29cdb.yaml,0.7345678806304932,0.7628879547119141,0.7418908476829529,0.7345678806304932,0.7345678806304932,0.7628879547119141
evaluate_resnetse5,id_9364f0192f3d,id_80d5b2fc8b0e,completed,1,True,id_612c26209f9f,supervised,resnetse5,full_finetune_lr2,id_eb1b18d1e513,multimodal_df,daghar_standardized_balanced,wisdm,test,,multimodal_perc_100,id_daa7333eb2f8,har,evaluate,full_run,/workspaces/HIAAC-KR-Dev-Container/Minerva-Exps/benchmarks/experiments/paper_daghar_supervised_3runs_perlr_samples_down_seed_resnetse5_12345/logs/id_9364f0192f3d/final,06245f7b4d,/workspaces/HIAAC-KR-Dev-Container/Minerva-Exps/benchmarks/experiments/paper_daghar_supervised_3runs_perlr_samples_down_seed_resnetse5_12345/logs/id_9364f0192f3d/final/metrics_2025-11-10-16-16-06245f7b4d.yaml,/workspaces/HIAAC-KR-Dev-Container/Minerva-Exps/benchmarks/experiments/paper_daghar_supervised_3runs_perlr_samples_down_seed_resnetse5_12345/logs/id_9364f0192f3d/final/run_2025-11-10-16-16-06245f7b4d.yaml,0.7553763389587402,0.7875609397888184,0.7058855891227722,0.7553763389587402,0.7553763389587402,0.7875609397888184
train_resnetse5,id_abace6cbe34b,,completed,0,False,id_612c26209f9f,supervised,resnetse5,full_finetune_lr2,id_6470a9337d8a,multimodal_df,daghar_standardized_balanced,rw_thigh,train,config_0,multimodal_samples_001,id_7d268895569b,har,train,full_run,/workspaces/HIAAC-KR-Dev-Container/Minerva-Exps/benchmarks/experiments/paper_daghar_supervised_3runs_perlr_samples_down_seed_resnetse5_12345/logs/id_abace6cbe34b/final,,,,,,,,,
evaluate_resnetse5,id_0a724dba6ca0,id_65b07c8079b4,completed,1,True,id_51a779f741ee,supervised,resnetse5,full_finetune_lr1,id_53b81b377af6,multimodal_df,daghar_standardized_balanced,rw_waist,test,,multimodal_perc_100,id_daa7333eb2f8,har,evaluate,full_run,/workspaces/HIAAC-KR-Dev-Container/Minerva-Exps/benchmarks/experiments/paper_daghar_supervised_3runs_perlr_samples_down_seed_resnetse5_12345/logs/id_0a724dba6ca0/final,4584a68e77,/workspaces/HIAAC-KR-Dev-Container/Minerva-Exps/benchmarks/experiments/paper_daghar_supervised_3runs_perlr_samples_down_seed_resnetse5_12345/logs/id_0a724dba6ca0/final/metrics_2025-11-10-15-17-4584a68e77.yaml,/workspaces/HIAAC-KR-Dev-Container/Minerva-Exps/benchmarks/experiments/paper_daghar_supervised_3runs_perlr_samples_down_seed_resnetse5_12345/logs/id_0a724dba6ca0/final/run_2025-11-10-15-17-4584a68e77.yaml,0.5258487462997437,0.4804550111293793,0.47897931933403015,0.5258487462997437,0.5258488059043884,0.4804549813270569
evaluate_resnetse5,id_cef484a9bb30,id_dfef10cbe90c,completed,1,True,id_612c26209f9f,supervised,resnetse5,full_finetune_lr2,id_b0a1f1942e39,multimodal_df,daghar_standardized_balanced,rw_thigh,test,,multimodal_perc_100,id_daa7333eb2f8,har,evaluate,full_run,/workspaces/HIAAC-KR-Dev-Container/Minerva-Exps/benchmarks/experiments/paper_daghar_supervised_3runs_perlr_samples_down_seed_resnetse5_12345/logs/id_cef484a9bb30/final,185943ba8c,/workspaces/HIAAC-KR-Dev-Container/Minerva-Exps/benchmarks/experiments/paper_daghar_supervised_3runs_perlr_samples_down_seed_resnetse5_12345/logs/id_cef484a9bb30/final/metrics_2025-11-10-16-42-185943ba8c.yaml,/workspaces/HIAAC-KR-Dev-Container/Minerva-Exps/benchmarks/experiments/paper_daghar_supervised_3runs_perlr_samples_down_seed_resnetse5_12345/logs/id_cef484a9bb30/final/run_2025-11-10-16-42-185943ba8c.yaml,0.1576949656009674,0.09925832599401474,0.054193899035453796,0.1576949656009674,0.1576949656009674,0.033086106181144714
evaluate_resnetse5,id_4f3a45d026f7,id_eefaced95c5d,completed,1,True,id_51a779f741ee,supervised,resnetse5,full_finetune_lr1,id_97fabd68dc1d,multimodal_df,daghar_standardized_balanced,wisdm,test,,multimodal_perc_100,id_daa7333eb2f8,har,evaluate,full_run,/workspaces/HIAAC-KR-Dev-Container/Minerva-Exps/benchmarks/experiments/paper_daghar_supervised_3runs_perlr_samples_down_seed_resnetse5_12345/logs/id_4f3a45d026f7/final,03f7f7b2b4,/workspaces/HIAAC-KR-Dev-Container/Minerva-Exps/benchmarks/experiments/paper_daghar_supervised_3runs_perlr_samples_down_seed_resnetse5_12345/logs/id_4f3a45d026f7/final/metrics_2025-11-10-15-46-03f7f7b2b4.yaml,/workspaces/HIAAC-KR-Dev-Container/Minerva-Exps/benchmarks/experiments/paper_daghar_supervised_3runs_perlr_samples_down_seed_resnetse5_12345/logs/id_4f3a45d026f7/final/run_2025-11-10-15-46-03f7f7b2b4.yaml,0.7058371901512146,0.7770691514015198,0.62237548828125,0.7058371901512146,0.7058371305465698,0.582801878452301
train_resnetse5,id_15c8a1a165c8,,completed,0,False,id_01c6663a52ec,supervised,resnetse5,full_finetune_lr3,id_5a4fe85324f7,multimodal_df,daghar_standardized_balanced,kuhar,train,config_0,multimodal_samples_001_3,id_7d268895569b,har,train,full_run,/workspaces/HIAAC-KR-Dev-Container/Minerva-Exps/benchmarks/experiments/paper_daghar_supervised_3runs_perlr_samples_down_seed_resnetse5_12345/logs/id_15c8a1a165c8/final,,,,,,,,,
train_resnetse5,id_be532fdb5bc3,,completed,0,False,id_51a779f741ee,supervised,resnetse5,full_finetune_lr1,id_e5f35050bdc1,multimodal_df,daghar_standardized_balanced,wisdm,train,config_0,multimodal_samples_005_3,id_7d268895569b,har,train,full_run,/workspaces/HIAAC-KR-Dev-Container/Minerva-Exps/benchmarks/experiments/paper_daghar_supervised_3runs_perlr_samples_down_seed_resnetse5_12345/logs/id_be532fdb5bc3/final,,,,,,,,,
evaluate_resnetse5,id_34e0d1726be0,id_3fe562bf0f75,completed,1,True,id_a619266c470c,supervised,resnetse5,full_finetune_lr4,id_a0298d605d95,multimodal_df,daghar_standardized_balanced,uci,test,,multimodal_perc_100,id_daa7333eb2f8,har,evaluate,full_run,/workspaces/HIAAC-KR-Dev-Container/Minerva-Exps/benchmarks/experiments/paper_daghar_supervised_3runs_perlr_samples_down_seed_resnetse5_12345/logs/id_34e0d1726be0/final,1174fc7716,/workspaces/HIAAC-KR-Dev-Container/Minerva-Exps/benchmarks/experiments/paper_daghar_supervised_3runs_perlr_samples_down_seed_resnetse5_12345/logs/id_34e0d1726be0/final/metrics_2025-11-10-15-35-1174fc7716.yaml,/workspaces/HIAAC-KR-Dev-Container/Minerva-Exps/benchmarks/experiments/paper_daghar_supervised_3runs_perlr_samples_down_seed_resnetse5_12345/logs/id_34e0d1726be0/final/run_2025-11-10-15-35-1174fc7716.yaml,0.9246376752853394,0.9248138666152954,0.9246134757995605,0.9246376752853394,0.9246376156806946,0.9248138666152954
evaluate_resnetse5,id_c65cc8049680,id_fc8ba95c582c,completed,1,True,id_a619266c470c,supervised,resnetse5,full_finetune_lr4,id_80ca0802b303,multimodal_df,daghar_standardized_balanced,wisdm,test,,multimodal_perc_100,id_daa7333eb2f8,har,evaluate,full_run,/workspaces/HIAAC-KR-Dev-Container/Minerva-Exps/benchmarks/experiments/paper_daghar_supervised_3runs_perlr_samples_down_seed_resnetse5_12345/logs/id_c65cc8049680/final,088bf49601,/workspaces/HIAAC-KR-Dev-Container/Minerva-Exps/benchmarks/experiments/paper_daghar_supervised_3runs_perlr_samples_down_seed_resnetse5_12345/logs/id_c65cc8049680/final/metrics_2025-11-10-16-38-088bf49601.yaml,/workspaces/HIAAC-KR-Dev-Container/Minerva-Exps/benchmarks/experiments/paper_daghar_supervised_3runs_perlr_samples_down_seed_resnetse5_12345/logs/id_c65cc8049680/final/run_2025-11-10-16-38-088bf49601.yaml,0.7515360713005066,0.7516989707946777,0.7512145042419434,0.7515360713005066,0.7515360713005066,0.7516989707946777
evaluate_resnetse5,id_65974128a39c,id_ff556622770d,completed,1,True,id_a619266c470c,supervised,resnetse5,full_finetune_lr4,id_a6c758571924,multimodal_df,daghar_standardized_balanced,motionsense,test,,multimodal_perc_100,id_daa7333eb2f8,har,evaluate,full_run,/workspaces/HIAAC-KR-Dev-Container/Minerva-Exps/benchmarks/experiments/paper_daghar_supervised_3runs_perlr_samples_down_seed_resnetse5_12345/logs/id_65974128a39c/final,5434f5be44,/workspaces/HIAAC-KR-Dev-Container/Minerva-Exps/benchmarks/experiments/paper_daghar_supervised_3runs_perlr_samples_down_seed_resnetse5_12345/logs/id_65974128a39c/final/metrics_2025-11-10-15-55-5434f5be44.yaml,/workspaces/HIAAC-KR-Dev-Container/Minerva-Exps/benchmarks/experiments/paper_daghar_supervised_3runs_perlr_samples_down_seed_resnetse5_12345/logs/id_65974128a39c/final/run_2025-11-10-15-55-5434f5be44.yaml,0.770244836807251,0.8131494522094727,0.728367269039154,0.770244836807251,0.7702447772026062,0.8131495118141174
evaluate_resnetse5,id_904a64a72413,id_ab81b5100712,completed,1,True,id_a619266c470c,supervised,resnetse5,full_finetune_lr4,id_2f3102cb0072,multimodal_df,daghar_standardized_balanced,wisdm,test,,multimodal_perc_100,id_daa7333eb2f8,har,evaluate,full_run,/workspaces/HIAAC-KR-Dev-Container/Minerva-Exps/benchmarks/experiments/paper_daghar_supervised_3runs_perlr_samples_down_seed_resnetse5_12345/logs/id_904a64a72413/final,075e3c95bc,/workspaces/HIAAC-KR-Dev-Container/Minerva-Exps/benchmarks/experiments/paper_daghar_supervised_3runs_perlr_samples_down_seed_resnetse5_12345/logs/id_904a64a72413/final/metrics_2025-11-10-16-14-075e3c95bc.yaml,/workspaces/HIAAC-KR-Dev-Container/Minerva-Exps/benchmarks/experiments/paper_daghar_supervised_3runs_perlr_samples_down_seed_resnetse5_12345/logs/id_904a64a72413/final/run_2025-11-10-16-14-075e3c95bc.yaml,0.8045315146446228,0.8049336075782776,0.8037821054458618,0.8045315146446228,0.8045315146446228,0.8049336671829224
evaluate_resnetse5,id_c14e5a914d2c,id_e476f3370177,completed,1,True,id_01c6663a52ec,supervised,resnetse5,full_finetune_lr3,id_d79bfe17e192,multimodal_df,daghar_standardized_balanced,motionsense,test,,multimodal_perc_100,id_daa7333eb2f8,har,evaluate,full_run,/workspaces/HIAAC-KR-Dev-Container/Minerva-Exps/benchmarks/experiments/paper_daghar_supervised_3runs_perlr_samples_down_seed_resnetse5_12345/logs/id_c14e5a914d2c/final,1530f64128,/workspaces/HIAAC-KR-Dev-Container/Minerva-Exps/benchmarks/experiments/paper_daghar_supervised_3runs_perlr_samples_down_seed_resnetse5_12345/logs/id_c14e5a914d2c/final/metrics_2025-11-10-16-36-1530f64128.yaml,/workspaces/HIAAC-KR-Dev-Container/Minerva-Exps/benchmarks/experiments/paper_daghar_supervised_3runs_perlr_samples_down_seed_resnetse5_12345/logs/id_c14e5a914d2c/final/run_2025-11-10-16-36-1530f64128.yaml,0.8615819215774536,0.8694024085998535,0.8611273765563965,0.8615819215774536,0.8615819215774536,0.8694025278091431
train_resnetse5,id_40e8a279a56a,,completed,0,False,id_612c26209f9f,supervised,resnetse5,full_finetune_lr2,id_2b43c6cb6c29,multimodal_df,daghar_standardized_balanced,motionsense,train,config_0,multimodal_samples_001_3,id_7d268895569b,har,train,full_run,/workspaces/HIAAC-KR-Dev-Container/Minerva-Exps/benchmarks/experiments/paper_daghar_supervised_3runs_perlr_samples_down_seed_resnetse5_12345/logs/id_40e8a279a56a/final,,,,,,,,,
train_resnetse5,id_7f3a3d36c15f,,completed,0,False,id_51a779f741ee,supervised,resnetse5,full_finetune_lr1,id_ec9738c1ffd0,multimodal_df,daghar_standardized_balanced,rw_waist,train,config_0,multimodal_samples_100,id_7d268895569b,har,train,full_run,/workspaces/HIAAC-KR-Dev-Container/Minerva-Exps/benchmarks/experiments/paper_daghar_supervised_3runs_perlr_samples_down_seed_resnetse5_12345/logs/id_7f3a3d36c15f/final,,,,,,,,,
evaluate_resnetse5,id_1e45f2d05ea1,id_cbf20c74f6fc,completed,1,True,id_a619266c470c,supervised,resnetse5,full_finetune_lr4,id_d89e1ef65d48,multimodal_df,daghar_standardized_balanced,motionsense,test,,multimodal_perc_100,id_daa7333eb2f8,har,evaluate,full_run,/workspaces/HIAAC-KR-Dev-Container/Minerva-Exps/benchmarks/experiments/paper_daghar_supervised_3runs_perlr_samples_down_seed_resnetse5_12345/logs/id_1e45f2d05ea1/final,0363cab58a,/workspaces/HIAAC-KR-Dev-Container/Minerva-Exps/benchmarks/experiments/paper_daghar_supervised_3runs_perlr_samples_down_seed_resnetse5_12345/logs/id_1e45f2d05ea1/final/metrics_2025-11-10-15-27-0363cab58a.yaml,/workspaces/HIAAC-KR-Dev-Container/Minerva-Exps/benchmarks/experiments/paper_daghar_supervised_3runs_perlr_samples_down_seed_resnetse5_12345/logs/id_1e45f2d05ea1/final/run_2025-11-10-15-27-0363cab58a.yaml,0.7429378628730774,0.779808521270752,0.6951562166213989,0.7429378628730774,0.7429379224777222,0.7798085808753967
evaluate_resnetse5,id_34c4371e11f6,id_737f1e60a252,completed,1,True,id_612c26209f9f,supervised,resnetse5,full_finetune_lr2,id_97fabd68dc1d,multimodal_df,daghar_standardized_balanced,wisdm,test,,multimodal_perc_100,id_daa7333eb2f8,har,evaluate,full_run,/workspaces/HIAAC-KR-Dev-Container/Minerva-Exps/benchmarks/experiments/paper_daghar_supervised_3runs_perlr_samples_down_seed_resnetse5_12345/logs/id_34c4371e11f6/final,10f8bd1d45,/workspaces/HIAAC-KR-Dev-Container/Minerva-Exps/benchmarks/experiments/paper_daghar_supervised_3runs_perlr_samples_down_seed_resnetse5_12345/logs/id_34c4371e11f6/final/metrics_2025-11-10-15-35-10f8bd1d45.yaml,/workspaces/HIAAC-KR-Dev-Container/Minerva-Exps/benchmarks/experiments/paper_daghar_supervised_3runs_perlr_samples_down_seed_resnetse5_12345/logs/id_34c4371e11f6/final/run_2025-11-10-15-35-10f8bd1d45.yaml,0.6731950640678406,0.7027812004089355,0.6641011238098145,0.6731950640678406,0.6731951236724854,0.7027812600135803
train_resnetse5,id_ca34aa30ad1b,,completed,0,False,id_01c6663a52ec,supervised,resnetse5,full_finetune_lr3,id_f726969cec7e,multimodal_df,daghar_standardized_balanced,kuhar,train,config_0,multimodal_perc_100_3,id_7d268895569b,har,train,full_run,/workspaces/HIAAC-KR-Dev-Container/Minerva-Exps/benchmarks/experiments/paper_daghar_supervised_3runs_perlr_samples_down_seed_resnetse5_12345/logs/id_ca34aa30ad1b/final,,,,,,,,,
train_resnetse5,id_472bfa45cf54,,completed,0,False,id_612c26209f9f,supervised,resnetse5,full_finetune_lr2,id_b54259b359ab,multimodal_df,daghar_standardized_balanced,rw_waist,train,config_0,multimodal_samples_001_3,id_7d268895569b,har,train,full_run,/workspaces/HIAAC-KR-Dev-Container/Minerva-Exps/benchmarks/experiments/paper_daghar_supervised_3runs_perlr_samples_down_seed_resnetse5_12345/logs/id_472bfa45cf54/final,,,,,,,,,
train_resnetse5,id_3f95b88b20c6,,completed,0,False,id_a619266c470c,supervised,resnetse5,full_finetune_lr4,id_2259a82d2cb2,multimodal_df,daghar_standardized_balanced,wisdm,train,config_0,multimodal_samples_025_3,id_7d268895569b,har,train,full_run,/workspaces/HIAAC-KR-Dev-Container/Minerva-Exps/benchmarks/experiments/paper_daghar_supervised_3runs_perlr_samples_down_seed_resnetse5_12345/logs/id_3f95b88b20c6/final,,,,,,,,,
evaluate_resnetse5,id_6eb978478349,id_2e5b5f841ce0,completed,1,True,id_3f47675df06f,supervised,resnetse5,full_finetune_lr5,id_57108b3e5074,multimodal_df,daghar_standardized_balanced,motionsense,test,,multimodal_perc_100,id_daa7333eb2f8,har,evaluate,full_run,/workspaces/HIAAC-KR-Dev-Container/Minerva-Exps/benchmarks/experiments/paper_daghar_supervised_3runs_perlr_samples_down_seed_resnetse5_12345/logs/id_6eb978478349/final,0428a49374,/workspaces/HIAAC-KR-Dev-Container/Minerva-Exps/benchmarks/experiments/paper_daghar_supervised_3runs_perlr_samples_down_seed_resnetse5_12345/logs/id_6eb978478349/final/metrics_2025-11-10-16-01-0428a49374.yaml,/workspaces/HIAAC-KR-Dev-Container/Minerva-Exps/benchmarks/experiments/paper_daghar_supervised_3runs_perlr_samples_down_seed_resnetse5_12345/logs/id_6eb978478349/final/run_2025-11-10-16-01-0428a49374.yaml,0.6205273270606995,0.7572923302650452,0.5553240776062012,0.6205273270606995,0.6205272674560547,0.6310769319534302
evaluate_resnetse5,id_9bf94c036394,id_b5579e2fdeda,completed,1,True,id_3f47675df06f,supervised,resnetse5,full_finetune_lr5,id_475824b89c6e,multimodal_df,daghar_standardized_balanced,rw_thigh,test,,multimodal_perc_100,id_daa7333eb2f8,har,evaluate,full_run,/workspaces/HIAAC-KR-Dev-Container/Minerva-Exps/benchmarks/experiments/paper_daghar_supervised_3runs_perlr_samples_down_seed_resnetse5_12345/logs/id_9bf94c036394/final,02b577c0e3,/workspaces/HIAAC-KR-Dev-Container/Minerva-Exps/benchmarks/experiments/paper_daghar_supervised_3runs_perlr_samples_down_seed_resnetse5_12345/logs/id_9bf94c036394/final/metrics_2025-11-10-16-20-02b577c0e3.yaml,/workspaces/HIAAC-KR-Dev-Container/Minerva-Exps/benchmarks/experiments/paper_daghar_supervised_3runs_perlr_samples_down_seed_resnetse5_12345/logs/id_9bf94c036394/final/run_2025-11-10-16-20-02b577c0e3.yaml,0.703243613243103,0.73506760597229,0.6694586277008057,0.703243613243103,0.703243613243103,0.7350675463676453
train_resnetse5,id_bfcde4dc1b98,,completed,0,False,id_a619266c470c,supervised,resnetse5,full_finetune_lr4,id_1da0f49b378e,multimodal_df,daghar_standardized_balanced,uci,train,config_0,multimodal_samples_005_3,id_7d268895569b,har,train,full_run,/workspaces/HIAAC-KR-Dev-Container/Minerva-Exps/benchmarks/experiments/paper_daghar_supervised_3runs_perlr_samples_down_seed_resnetse5_12345/logs/id_bfcde4dc1b98/final,,,,,,,,,
evaluate_resnetse5,id_87840771c881,id_c7311c2e4d9e,completed,1,True,id_3f47675df06f,supervised,resnetse5,full_finetune_lr5,id_d89e1ef65d48,multimodal_df,daghar_standardized_balanced,motionsense,test,,multimodal_perc_100,id_daa7333eb2f8,har,evaluate,full_run,/workspaces/HIAAC-KR-Dev-Container/Minerva-Exps/benchmarks/experiments/paper_daghar_supervised_3runs_perlr_samples_down_seed_resnetse5_12345/logs/id_87840771c881/final,44015919d4,/workspaces/HIAAC-KR-Dev-Container/Minerva-Exps/benchmarks/experiments/paper_daghar_supervised_3runs_perlr_samples_down_seed_resnetse5_12345/logs/id_87840771c881/final/metrics_2025-11-10-16-10-44015919d4.yaml,/workspaces/HIAAC-KR-Dev-Container/Minerva-Exps/benchmarks/experiments/paper_daghar_supervised_3runs_perlr_samples_down_seed_resnetse5_12345/logs/id_87840771c881/final/run_2025-11-10-16-10-44015919d4.yaml,0.465160071849823,0.5984523296356201,0.3542775511741638,0.465160071849823,0.465160071849823,0.39896824955940247
train_resnetse5,id_cf929a7d2514,,completed,0,False,id_01c6663a52ec,supervised,resnetse5,full_finetune_lr3,id_c348f76cba85,multimodal_df,daghar_standardized_balanced,kuhar,train,config_0,multimodal_samples_100,id_7d268895569b,har,train,full_run,/workspaces/HIAAC-KR-Dev-Container/Minerva-Exps/benchmarks/experiments/paper_daghar_supervised_3runs_perlr_samples_down_seed_resnetse5_12345/logs/id_cf929a7d2514/final,,,,,,,,,
evaluate_resnetse5,id_5323ed4c7d96,id_5a59cfab6e2e,completed,1,True,id_3f47675df06f,supervised,resnetse5,full_finetune_lr5,id_1538479d89f1,multimodal_df,daghar_standardized_balanced,wisdm,test,,multimodal_perc_100,id_daa7333eb2f8,har,evaluate,full_run,/workspaces/HIAAC-KR-Dev-Container/Minerva-Exps/benchmarks/experiments/paper_daghar_supervised_3runs_perlr_samples_down_seed_resnetse5_12345/logs/id_5323ed4c7d96/final,49e5012a10,/workspaces/HIAAC-KR-Dev-Container/Minerva-Exps/benchmarks/experiments/paper_daghar_supervised_3runs_perlr_samples_down_seed_resnetse5_12345/logs/id_5323ed4c7d96/final/metrics_2025-11-10-15-47-49e5012a10.yaml,/workspaces/HIAAC-KR-Dev-Container/Minerva-Exps/benchmarks/experiments/paper_daghar_supervised_3runs_perlr_samples_down_seed_resnetse5_12345/logs/id_5323ed4c7d96/final/run_2025-11-10-15-47-49e5012a10.yaml,0.7288786768913269,0.7088751792907715,0.6512187719345093,0.7288786768913269,0.7288786172866821,0.7088751792907715
train_resnetse5,id_fa6d9d0fbae7,,completed,0,False,id_3f47675df06f,supervised,resnetse5,full_finetune_lr5,id_b54259b359ab,multimodal_df,daghar_standardized_balanced,rw_waist,train,config_0,multimodal_samples_001_3,id_7d268895569b,har,train,full_run,/workspaces/HIAAC-KR-Dev-Container/Minerva-Exps/benchmarks/experiments/paper_daghar_supervised_3runs_perlr_samples_down_seed_resnetse5_12345/logs/id_fa6d9d0fbae7/final,,,,,,,,,
train_resnetse5,id_55bc8410099f,,completed,0,False,id_612c26209f9f,supervised,resnetse5,full_finetune_lr2,id_598014e6a5d3,multimodal_df,daghar_standardized_balanced,rw_thigh,train,config_0,multimodal_samples_100_3,id_7d268895569b,har,train,full_run,/workspaces/HIAAC-KR-Dev-Container/Minerva-Exps/benchmarks/experiments/paper_daghar_supervised_3runs_perlr_samples_down_seed_resnetse5_12345/logs/id_55bc8410099f/final,,,,,,,,,
train_resnetse5,id_6c52348a4d36,,completed,0,False,id_3f47675df06f,supervised,resnetse5,full_finetune_lr5,id_8f53e19d9d68,multimodal_df,daghar_standardized_balanced,rw_waist,train,config_0,multimodal_samples_200_2,id_7d268895569b,har,train,full_run,/workspaces/HIAAC-KR-Dev-Container/Minerva-Exps/benchmarks/experiments/paper_daghar_supervised_3runs_perlr_samples_down_seed_resnetse5_12345/logs/id_6c52348a4d36/final,,,,,,,,,
train_resnetse5,id_9ae1e5cb020f,,completed,0,False,id_612c26209f9f,supervised,resnetse5,full_finetune_lr2,id_1bbf2a0cd7dc,multimodal_df,daghar_standardized_balanced,rw_waist,train,config_0,multimodal_samples_025_2,id_7d268895569b,har,train,full_run,/workspaces/HIAAC-KR-Dev-Container/Minerva-Exps/benchmarks/experiments/paper_daghar_supervised_3runs_perlr_samples_down_seed_resnetse5_12345/logs/id_9ae1e5cb020f/final,,,,,,,,,
evaluate_resnetse5,id_09f0b33b35aa,id_1d1b9c809165,completed,1,True,id_3f47675df06f,supervised,resnetse5,full_finetune_lr5,id_f8566074d192,multimodal_df,daghar_standardized_balanced,kuhar,test,,multimodal_perc_100,id_daa7333eb2f8,har,evaluate,full_run,/workspaces/HIAAC-KR-Dev-Container/Minerva-Exps/benchmarks/experiments/paper_daghar_supervised_3runs_perlr_samples_down_seed_resnetse5_12345/logs/id_09f0b33b35aa/final,3561fc8457,/workspaces/HIAAC-KR-Dev-Container/Minerva-Exps/benchmarks/experiments/paper_daghar_supervised_3runs_perlr_samples_down_seed_resnetse5_12345/logs/id_09f0b33b35aa/final/metrics_2025-11-10-15-17-3561fc8457.yaml,/workspaces/HIAAC-KR-Dev-Container/Minerva-Exps/benchmarks/experiments/paper_daghar_supervised_3runs_perlr_samples_down_seed_resnetse5_12345/logs/id_09f0b33b35aa/final/run_2025-11-10-15-17-3561fc8457.yaml,0.3333333432674408,0.375,0.17777778208255768,0.3333333432674408,0.3333333432674408,0.125
train_resnetse5,id_ef58ed37d296,,completed,0,False,id_3f47675df06f,supervised,resnetse5,full_finetune_lr5,id_f726969cec7e,multimodal_df,daghar_standardized_balanced,kuhar,train,config_0,multimodal_perc_100_3,id_7d268895569b,har,train,full_run,/workspaces/HIAAC-KR-Dev-Container/Minerva-Exps/benchmarks/experiments/paper_daghar_supervised_3runs_perlr_samples_down_seed_resnetse5_12345/logs/id_ef58ed37d296/final,,,,,,,,,
train_resnetse5,id_588acce4e70d,,completed,0,False,id_a619266c470c,supervised,resnetse5,full_finetune_lr4,id_c6d3a26ce3a3,multimodal_df,daghar_standardized_balanced,uci,train,config_0,multimodal_samples_010_3,id_7d268895569b,har,train,full_run,/workspaces/HIAAC-KR-Dev-Container/Minerva-Exps/benchmarks/experiments/paper_daghar_supervised_3runs_perlr_samples_down_seed_resnetse5_12345/logs/id_588acce4e70d/final,,,,,,,,,
train_resnetse5,id_f45d69e8bfb4,,completed,0,False,id_01c6663a52ec,supervised,resnetse5,full_finetune_lr3,id_cd8d01e2da59,multimodal_df,daghar_standardized_balanced,uci,train,config_0,multimodal_samples_025_2,id_7d268895569b,har,train,full_run,/workspaces/HIAAC-KR-Dev-Container/Minerva-Exps/benchmarks/experiments/paper_daghar_supervised_3runs_perlr_samples_down_seed_resnetse5_12345/logs/id_f45d69e8bfb4/final,,,,,,,,,
evaluate_resnetse5,id_658888b05051,id_38d3a84d4f32,completed,1,True,id_01c6663a52ec,supervised,resnetse5,full_finetune_lr3,id_52177a2e6447,multimodal_df,daghar_standardized_balanced,uci,test,,multimodal_perc_100,id_daa7333eb2f8,har,evaluate,full_run,/workspaces/HIAAC-KR-Dev-Container/Minerva-Exps/benchmarks/experiments/paper_daghar_supervised_3runs_perlr_samples_down_seed_resnetse5_12345/logs/id_658888b05051/final,4245653bcf,/workspaces/HIAAC-KR-Dev-Container/Minerva-Exps/benchmarks/experiments/paper_daghar_supervised_3runs_perlr_samples_down_seed_resnetse5_12345/logs/id_658888b05051/final/metrics_2025-11-10-15-55-4245653bcf.yaml,/workspaces/HIAAC-KR-Dev-Container/Minerva-Exps/benchmarks/experiments/paper_daghar_supervised_3runs_perlr_samples_down_seed_resnetse5_12345/logs/id_658888b05051/final/run_2025-11-10-15-55-4245653bcf.yaml,0.9318840503692627,0.9317383766174316,0.931776762008667,0.9318840503692627,0.9318840503692627,0.9317384362220764
evaluate_resnetse5,id_63a19fb24494,id_6dffe2f184d4,completed,1,True,id_a619266c470c,supervised,resnetse5,full_finetune_lr4,id_6c77fa100259,multimodal_df,daghar_standardized_balanced,wisdm,test,,multimodal_perc_100,id_daa7333eb2f8,har,evaluate,full_run,/workspaces/HIAAC-KR-Dev-Container/Minerva-Exps/benchmarks/experiments/paper_daghar_supervised_3runs_perlr_samples_down_seed_resnetse5_12345/logs/id_63a19fb24494/final,112c6d05ce,/workspaces/HIAAC-KR-Dev-Container/Minerva-Exps/benchmarks/experiments/paper_daghar_supervised_3runs_perlr_samples_down_seed_resnetse5_12345/logs/id_63a19fb24494/final/metrics_2025-11-10-15-55-112c6d05ce.yaml,/workspaces/HIAAC-KR-Dev-Container/Minerva-Exps/benchmarks/experiments/paper_daghar_supervised_3runs_perlr_samples_down_seed_resnetse5_12345/logs/id_63a19fb24494/final/run_2025-11-10-15-55-112c6d05ce.yaml,0.8575268983840942,0.8573321104049683,0.8572200536727905,0.8575268983840942,0.8575268983840942,0.8573321104049683
train_resnetse5,id_85744f228384,,completed,0,False,id_51a779f741ee,supervised,resnetse5,full_finetune_lr1,id_53060fc6227b,multimodal_df,daghar_standardized_balanced,uci,train,config_0,multimodal_perc_100_3,id_7d268895569b,har,train,full_run,/workspaces/HIAAC-KR-Dev-Container/Minerva-Exps/benchmarks/experiments/paper_daghar_supervised_3runs_perlr_samples_down_seed_resnetse5_12345/logs/id_85744f228384/final,,,,,,,,,
train_resnetse5,id_dac3b806a764,,completed,0,False,id_01c6663a52ec,supervised,resnetse5,full_finetune_lr3,id_55cd8c823098,multimodal_df,daghar_standardized_balanced,kuhar,train,config_0,multimodal_samples_050_2,id_7d268895569b,har,train,full_run,/workspaces/HIAAC-KR-Dev-Container/Minerva-Exps/benchmarks/experiments/paper_daghar_supervised_3runs_perlr_samples_down_seed_resnetse5_12345/logs/id_dac3b806a764/final,,,,,,,,,
train_resnetse5,id_0e5617734a87,,completed,0,False,id_a619266c470c,supervised,resnetse5,full_finetune_lr4,id_de3c5e60bc0a,multimodal_df,daghar_standardized_balanced,motionsense,train,config_0,multimodal_samples_010,id_7d268895569b,har,train,full_run,/workspaces/HIAAC-KR-Dev-Container/Minerva-Exps/benchmarks/experiments/paper_daghar_supervised_3runs_perlr_samples_down_seed_resnetse5_12345/logs/id_0e5617734a87/final,,,,,,,,,
evaluate_resnetse5,id_5d8401761569,id_dad8d504d753,completed,1,True,id_01c6663a52ec,supervised,resnetse5,full_finetune_lr3,id_6c77fa100259,multimodal_df,daghar_standardized_balanced,wisdm,test,,multimodal_perc_100,id_daa7333eb2f8,har,evaluate,full_run,/workspaces/HIAAC-KR-Dev-Container/Minerva-Exps/benchmarks/experiments/paper_daghar_supervised_3runs_perlr_samples_down_seed_resnetse5_12345/logs/id_5d8401761569/final,47cf44ac47,/workspaces/HIAAC-KR-Dev-Container/Minerva-Exps/benchmarks/experiments/paper_daghar_supervised_3runs_perlr_samples_down_seed_resnetse5_12345/logs/id_5d8401761569/final/metrics_2025-11-10-15-52-47cf44ac47.yaml,/workspaces/HIAAC-KR-Dev-Container/Minerva-Exps/benchmarks/experiments/paper_daghar_supervised_3runs_perlr_samples_down_seed_resnetse5_12345/logs/id_5d8401761569/final/run_2025-11-10-15-52-47cf44ac47.yaml,0.8728878498077393,0.8736522197723389,0.8727452754974365,0.8728878498077393,0.8728878498077393,0.8736522197723389
train_resnetse5,id_732b6731c95e,,completed,0,False,id_01c6663a52ec,supervised,resnetse5,full_finetune_lr3,id_a65f0a88ac4d,multimodal_df,daghar_standardized_balanced,uci,train,config_0,multimodal_samples_001_2,id_7d268895569b,har,train,full_run,/workspaces/HIAAC-KR-Dev-Container/Minerva-Exps/benchmarks/experiments/paper_daghar_supervised_3runs_perlr_samples_down_seed_resnetse5_12345/logs/id_732b6731c95e/final,,,,,,,,,
evaluate_resnetse5,id_c811533eaabd,id_61e43e2a636d,completed,1,True,id_3f47675df06f,supervised,resnetse5,full_finetune_lr5,id_97fabd68dc1d,multimodal_df,daghar_standardized_balanced,wisdm,test,,multimodal_perc_100,id_daa7333eb2f8,har,evaluate,full_run,/workspaces/HIAAC-KR-Dev-Container/Minerva-Exps/benchmarks/experiments/paper_daghar_supervised_3runs_perlr_samples_down_seed_resnetse5_12345/logs/id_c811533eaabd/final,55afc835b4,/workspaces/HIAAC-KR-Dev-Container/Minerva-Exps/benchmarks/experiments/paper_daghar_supervised_3runs_perlr_samples_down_seed_resnetse5_12345/logs/id_c811533eaabd/final/metrics_2025-11-10-16-38-55afc835b4.yaml,/workspaces/HIAAC-KR-Dev-Container/Minerva-Exps/benchmarks/experiments/paper_daghar_supervised_3runs_perlr_samples_down_seed_resnetse5_12345/logs/id_c811533eaabd/final/run_2025-11-10-16-38-55afc835b4.yaml,0.6943164467811584,0.7674804329872131,0.6101111769676208,0.6943164467811584,0.6943164467811584,0.5756103992462158
evaluate_resnetse5,id_1589a975a039,id_e8a775cc8ddc,completed,1,True,id_51a779f741ee,supervised,resnetse5,full_finetune_lr1,id_dbc3a09926e0,multimodal_df,daghar_standardized_balanced,kuhar,test,,multimodal_perc_100,id_daa7333eb2f8,har,evaluate,full_run,/workspaces/HIAAC-KR-Dev-Container/Minerva-Exps/benchmarks/experiments/paper_daghar_supervised_3runs_perlr_samples_down_seed_resnetse5_12345/logs/id_1589a975a039/final,0411bb0095,/workspaces/HIAAC-KR-Dev-Container/Minerva-Exps/benchmarks/experiments/paper_daghar_supervised_3runs_perlr_samples_down_seed_resnetse5_12345/logs/id_1589a975a039/final/metrics_2025-11-10-15-22-0411bb0095.yaml,/workspaces/HIAAC-KR-Dev-Container/Minerva-Exps/benchmarks/experiments/paper_daghar_supervised_3runs_perlr_samples_down_seed_resnetse5_12345/logs/id_1589a975a039/final/run_2025-11-10-15-22-0411bb0095.yaml,0.5208333134651184,0.5127100944519043,0.40395331382751465,0.5208333134651184,0.5208333730697632,0.34180670976638794
train_resnetse5,id_854e9d73b19f,,completed,0,False,id_01c6663a52ec,supervised,resnetse5,full_finetune_lr3,id_42b645fb84f8,multimodal_df,daghar_standardized_balanced,uci,train,config_0,multimodal_samples_025_3,id_7d268895569b,har,train,full_run,/workspaces/HIAAC-KR-Dev-Container/Minerva-Exps/benchmarks/experiments/paper_daghar_supervised_3runs_perlr_samples_down_seed_resnetse5_12345/logs/id_854e9d73b19f/final,,,,,,,,,
evaluate_resnetse5,id_6c48f8963488,id_fd8bebb2d127,completed,1,True,id_a619266c470c,supervised,resnetse5,full_finetune_lr4,id_13d5f2eca3a8,multimodal_df,daghar_standardized_balanced,rw_thigh,test,,multimodal_perc_100,id_daa7333eb2f8,har,evaluate,full_run,/workspaces/HIAAC-KR-Dev-Container/Minerva-Exps/benchmarks/experiments/paper_daghar_supervised_3runs_perlr_samples_down_seed_resnetse5_12345/logs/id_6c48f8963488/final,48236eed3e,/workspaces/HIAAC-KR-Dev-Container/Minerva-Exps/benchmarks/experiments/paper_daghar_supervised_3runs_perlr_samples_down_seed_resnetse5_12345/logs/id_6c48f8963488/final/metrics_2025-11-10-15-59-48236eed3e.yaml,/workspaces/HIAAC-KR-Dev-Container/Minerva-Exps/benchmarks/experiments/paper_daghar_supervised_3runs_perlr_samples_down_seed_resnetse5_12345/logs/id_6c48f8963488/final/run_2025-11-10-15-59-48236eed3e.yaml,0.7167011499404907,0.7642702460289001,0.6897293329238892,0.7167011499404907,0.7167011499404907,0.7642701864242554
evaluate_resnetse5,id_87acbbf62969,id_e466a1c4c458,completed,1,True,id_a619266c470c,supervised,resnetse5,full_finetune_lr4,id_454a58be45a5,multimodal_df,daghar_standardized_balanced,uci,test,,multimodal_perc_100,id_daa7333eb2f8,har,evaluate,full_run,/workspaces/HIAAC-KR-Dev-Container/Minerva-Exps/benchmarks/experiments/paper_daghar_supervised_3runs_perlr_samples_down_seed_resnetse5_12345/logs/id_87acbbf62969/final,585d0d3300,/workspaces/HIAAC-KR-Dev-Container/Minerva-Exps/benchmarks/experiments/paper_daghar_supervised_3runs_perlr_samples_down_seed_resnetse5_12345/logs/id_87acbbf62969/final/metrics_2025-11-10-16-10-585d0d3300.yaml,/workspaces/HIAAC-KR-Dev-Container/Minerva-Exps/benchmarks/experiments/paper_daghar_supervised_3runs_perlr_samples_down_seed_resnetse5_12345/logs/id_87acbbf62969/final/run_2025-11-10-16-10-585d0d3300.yaml,0.8159420490264893,0.8190135955810547,0.8131516575813293,0.8159420490264893,0.8159419894218445,0.8190135359764099
train_resnetse5,id_2320c08bcafa,,completed,0,False,id_a619266c470c,supervised,resnetse5,full_finetune_lr4,id_6216214775b3,multimodal_df,daghar_standardized_balanced,rw_thigh,train,config_0,multimodal_samples_001_2,id_7d268895569b,har,train,full_run,/workspaces/HIAAC-KR-Dev-Container/Minerva-Exps/benchmarks/experiments/paper_daghar_supervised_3runs_perlr_samples_down_seed_resnetse5_12345/logs/id_2320c08bcafa/final,,,,,,,,,
evaluate_resnetse5,id_e87480f8257a,id_a74827741074,completed,1,True,id_01c6663a52ec,supervised,resnetse5,full_finetune_lr3,id_f6972868c154,multimodal_df,daghar_standardized_balanced,uci,test,,multimodal_perc_100,id_daa7333eb2f8,har,evaluate,full_run,/workspaces/HIAAC-KR-Dev-Container/Minerva-Exps/benchmarks/experiments/paper_daghar_supervised_3runs_perlr_samples_down_seed_resnetse5_12345/logs/id_e87480f8257a/final,19f1c3bbda,/workspaces/HIAAC-KR-Dev-Container/Minerva-Exps/benchmarks/experiments/paper_daghar_supervised_3runs_perlr_samples_down_seed_resnetse5_12345/logs/id_e87480f8257a/final/metrics_2025-11-10-16-55-19f1c3bbda.yaml,/workspaces/HIAAC-KR-Dev-Container/Minerva-Exps/benchmarks/experiments/paper_daghar_supervised_3runs_perlr_samples_down_seed_resnetse5_12345/logs/id_e87480f8257a/final/run_2025-11-10-16-55-19f1c3bbda.yaml,0.9275362491607666,0.9301298260688782,0.9273508191108704,0.9275362491607666,0.9275362491607666,0.9301297664642334
train_resnetse5,id_eaa2e19cb4c7,,completed,0,False,id_a619266c470c,supervised,resnetse5,full_finetune_lr4,id_89d29379a762,multimodal_df,daghar_standardized_balanced,wisdm,train,config_0,multimodal_samples_050_2,id_7d268895569b,har,train,full_run,/workspaces/HIAAC-KR-Dev-Container/Minerva-Exps/benchmarks/experiments/paper_daghar_supervised_3runs_perlr_samples_down_seed_resnetse5_12345/logs/id_eaa2e19cb4c7/final,,,,,,,,,
train_resnetse5,id_8befa39c9db6,,completed,0,False,id_51a779f741ee,supervised,resnetse5,full_finetune_lr1,id_50b8183b88b4,multimodal_df,daghar_standardized_balanced,rw_waist,train,config_0,multimodal_samples_050_3,id_7d268895569b,har,train,full_run,/workspaces/HIAAC-KR-Dev-Container/Minerva-Exps/benchmarks/experiments/paper_daghar_supervised_3runs_perlr_samples_down_seed_resnetse5_12345/logs/id_8befa39c9db6/final,,,,,,,,,
evaluate_resnetse5,id_95649035776f,id_a33d7f00a3d7,completed,1,True,id_51a779f741ee,supervised,resnetse5,full_finetune_lr1,id_c9f3b900e1ef,multimodal_df,daghar_standardized_balanced,rw_waist,test,,multimodal_perc_100,id_daa7333eb2f8,har,evaluate,full_run,/workspaces/HIAAC-KR-Dev-Container/Minerva-Exps/benchmarks/experiments/paper_daghar_supervised_3runs_perlr_samples_down_seed_resnetse5_12345/logs/id_95649035776f/final,376e52be1c,/workspaces/HIAAC-KR-Dev-Container/Minerva-Exps/benchmarks/experiments/paper_daghar_supervised_3runs_perlr_samples_down_seed_resnetse5_12345/logs/id_95649035776f/final/metrics_2025-11-10-16-16-376e52be1c.yaml,/workspaces/HIAAC-KR-Dev-Container/Minerva-Exps/benchmarks/experiments/paper_daghar_supervised_3runs_perlr_samples_down_seed_resnetse5_12345/logs/id_95649035776f/final/run_2025-11-10-16-16-376e52be1c.yaml,0.5285493731498718,0.547604501247406,0.5244585871696472,0.5285493731498718,0.5285493731498718,0.547604501247406
evaluate_resnetse5,id_5731709001c7,id_976dc3252986,completed,1,True,id_3f47675df06f,supervised,resnetse5,full_finetune_lr5,id_f43fb4e453fc,multimodal_df,daghar_standardized_balanced,uci,test,,multimodal_perc_100,id_daa7333eb2f8,har,evaluate,full_run,/workspaces/HIAAC-KR-Dev-Container/Minerva-Exps/benchmarks/experiments/paper_daghar_supervised_3runs_perlr_samples_down_seed_resnetse5_12345/logs/id_5731709001c7/final,3535cc8c5f,/workspaces/HIAAC-KR-Dev-Container/Minerva-Exps/benchmarks/experiments/paper_daghar_supervised_3runs_perlr_samples_down_seed_resnetse5_12345/logs/id_5731709001c7/final/metrics_2025-11-10-15-50-3535cc8c5f.yaml,/workspaces/HIAAC-KR-Dev-Container/Minerva-Exps/benchmarks/experiments/paper_daghar_supervised_3runs_perlr_samples_down_seed_resnetse5_12345/logs/id_5731709001c7/final/run_2025-11-10-15-50-3535cc8c5f.yaml,0.4942029118537903,0.6311991214752197,0.37544646859169006,0.4942029118537903,0.4942029118537903,0.3787194490432739
evaluate_resnetse5,id_15a6991ebeb6,id_b920615d79fd,completed,1,True,id_612c26209f9f,supervised,resnetse5,full_finetune_lr2,id_c9f3b900e1ef,multimodal_df,daghar_standardized_balanced,rw_waist,test,,multimodal_perc_100,id_daa7333eb2f8,har,evaluate,full_run,/workspaces/HIAAC-KR-Dev-Container/Minerva-Exps/benchmarks/experiments/paper_daghar_supervised_3runs_perlr_samples_down_seed_resnetse5_12345/logs/id_15a6991ebeb6/final,368da14f46,/workspaces/HIAAC-KR-Dev-Container/Minerva-Exps/benchmarks/experiments/paper_daghar_supervised_3runs_perlr_samples_down_seed_resnetse5_12345/logs/id_15a6991ebeb6/final/metrics_2025-11-10-15-22-368da14f46.yaml,/workspaces/HIAAC-KR-Dev-Container/Minerva-Exps/benchmarks/experiments/paper_daghar_supervised_3runs_perlr_samples_down_seed_resnetse5_12345/logs/id_15a6991ebeb6/final/run_2025-11-10-15-22-368da14f46.yaml,0.5570987462997437,0.5396642088890076,0.5253798961639404,0.5570987462997437,0.5570987462997437,0.5396641492843628
evaluate_resnetse5,id_ee505557f3bb,id_47c81399ca6c,completed,1,True,id_612c26209f9f,supervised,resnetse5,full_finetune_lr2,id_c96b302940ae,multimodal_df,daghar_standardized_balanced,kuhar,test,,multimodal_perc_100,id_daa7333eb2f8,har,evaluate,full_run,/workspaces/HIAAC-KR-Dev-Container/Minerva-Exps/benchmarks/experiments/paper_daghar_supervised_3runs_perlr_samples_down_seed_resnetse5_12345/logs/id_ee505557f3bb/final,38858ddbfe,/workspaces/HIAAC-KR-Dev-Container/Minerva-Exps/benchmarks/experiments/paper_daghar_supervised_3runs_perlr_samples_down_seed_resnetse5_12345/logs/id_ee505557f3bb/final/metrics_2025-11-10-16-58-38858ddbfe.yaml,/workspaces/HIAAC-KR-Dev-Container/Minerva-Exps/benchmarks/experiments/paper_daghar_supervised_3runs_perlr_samples_down_seed_resnetse5_12345/logs/id_ee505557f3bb/final/run_2025-11-10-16-58-38858ddbfe.yaml,0.1666666716337204,0.1666666716337204,0.0476190485060215,0.1666666716337204,0.1666666716337204,0.02777777798473835
evaluate_resnetse5,id_7e28ea7219e7,id_f1f09a37edce,completed,1,True,id_51a779f741ee,supervised,resnetse5,full_finetune_lr1,id_2baf3334bd86,multimodal_df,daghar_standardized_balanced,rw_waist,test,,multimodal_perc_100,id_daa7333eb2f8,har,evaluate,full_run,/workspaces/HIAAC-KR-Dev-Container/Minerva-Exps/benchmarks/experiments/paper_daghar_supervised_3runs_perlr_samples_down_seed_resnetse5_12345/logs/id_7e28ea7219e7/final,229d7fa007,/workspaces/HIAAC-KR-Dev-Container/Minerva-Exps/benchmarks/experiments/paper_daghar_supervised_3runs_perlr_samples_down_seed_resnetse5_12345/logs/id_7e28ea7219e7/final/metrics_2025-11-10-16-06-229d7fa007.yaml,/workspaces/HIAAC-KR-Dev-Container/Minerva-Exps/benchmarks/experiments/paper_daghar_supervised_3runs_perlr_samples_down_seed_resnetse5_12345/logs/id_7e28ea7219e7/final/run_2025-11-10-16-06-229d7fa007.yaml,0.7083333134651184,0.8306684494018555,0.6652292013168335,0.7083333134651184,0.7083333134651184,0.8306684494018555
train_resnetse5,id_0ebb6e196f48,,completed,0,False,id_612c26209f9f,supervised,resnetse5,full_finetune_lr2,id_e0ead58eab76,multimodal_df,daghar_standardized_balanced,kuhar,train,config_0,multimodal_samples_100_2,id_7d268895569b,har,train,full_run,/workspaces/HIAAC-KR-Dev-Container/Minerva-Exps/benchmarks/experiments/paper_daghar_supervised_3runs_perlr_samples_down_seed_resnetse5_12345/logs/id_0ebb6e196f48/final,,,,,,,,,
evaluate_resnetse5,id_c24919e7c1a7,id_ed47891a8308,completed,1,True,id_01c6663a52ec,supervised,resnetse5,full_finetune_lr3,id_803b364782be,multimodal_df,daghar_standardized_balanced,motionsense,test,,multimodal_perc_100,id_daa7333eb2f8,har,evaluate,full_run,/workspaces/HIAAC-KR-Dev-Container/Minerva-Exps/benchmarks/experiments/paper_daghar_supervised_3runs_perlr_samples_down_seed_resnetse5_12345/logs/id_c24919e7c1a7/final,013e6f7cc0,/workspaces/HIAAC-KR-Dev-Container/Minerva-Exps/benchmarks/experiments/paper_daghar_supervised_3runs_perlr_samples_down_seed_resnetse5_12345/logs/id_c24919e7c1a7/final/metrics_2025-11-10-16-37-013e6f7cc0.yaml,/workspaces/HIAAC-KR-Dev-Container/Minerva-Exps/benchmarks/experiments/paper_daghar_supervised_3runs_perlr_samples_down_seed_resnetse5_12345/logs/id_c24919e7c1a7/final/run_2025-11-10-16-37-013e6f7cc0.yaml,0.709039568901062,0.706247866153717,0.6564472317695618,0.709039568901062,0.7090395092964172,0.706247866153717
evaluate_resnetse5,id_2b844d10da95,id_1b22dd459036,completed,1,True,id_51a779f741ee,supervised,resnetse5,full_finetune_lr1,id_5c2b64b69df4,multimodal_df,daghar_standardized_balanced,kuhar,test,,multimodal_perc_100,id_daa7333eb2f8,har,evaluate,full_run,/workspaces/HIAAC-KR-Dev-Container/Minerva-Exps/benchmarks/experiments/paper_daghar_supervised_3runs_perlr_samples_down_seed_resnetse5_12345/logs/id_2b844d10da95/final,1639fd5c77,/workspaces/HIAAC-KR-Dev-Container/Minerva-Exps/benchmarks/experiments/paper_daghar_supervised_3runs_perlr_samples_down_seed_resnetse5_12345/logs/id_2b844d10da95/final/metrics_2025-11-10-15-31-1639fd5c77.yaml,/workspaces/HIAAC-KR-Dev-Container/Minerva-Exps/benchmarks/experiments/paper_daghar_supervised_3runs_perlr_samples_down_seed_resnetse5_12345/logs/id_2b844d10da95/final/run_2025-11-10-15-31-1639fd5c77.yaml,0.5,0.496698260307312,0.45772963762283325,0.5,0.5,0.4966983199119568
evaluate_resnetse5,id_111df91b39bd,id_fc95e7e93c50,completed,1,True,id_612c26209f9f,supervised,resnetse5,full_finetune_lr2,id_e7cc9fbfcb44,multimodal_df,daghar_standardized_balanced,rw_waist,test,,multimodal_perc_100,id_daa7333eb2f8,har,evaluate,full_run,/workspaces/HIAAC-KR-Dev-Container/Minerva-Exps/benchmarks/experiments/paper_daghar_supervised_3runs_perlr_samples_down_seed_resnetse5_12345/logs/id_111df91b39bd/final,560772c42d,/workspaces/HIAAC-KR-Dev-Container/Minerva-Exps/benchmarks/experiments/paper_daghar_supervised_3runs_perlr_samples_down_seed_resnetse5_12345/logs/id_111df91b39bd/final/metrics_2025-11-10-15-20-560772c42d.yaml,/workspaces/HIAAC-KR-Dev-Container/Minerva-Exps/benchmarks/experiments/paper_daghar_supervised_3runs_perlr_samples_down_seed_resnetse5_12345/logs/id_111df91b39bd/final/run_2025-11-10-15-20-560772c42d.yaml,0.7253086566925049,0.7449101805686951,0.7215686440467834,0.7253086566925049,0.7253086566925049,0.7449101209640503
train_resnetse5,id_9f5845233e21,,completed,0,False,id_a619266c470c,supervised,resnetse5,full_finetune_lr4,id_f50c99792caa,multimodal_df,daghar_standardized_balanced,uci,train,config_0,multimodal_samples_001_3,id_7d268895569b,har,train,full_run,/workspaces/HIAAC-KR-Dev-Container/Minerva-Exps/benchmarks/experiments/paper_daghar_supervised_3runs_perlr_samples_down_seed_resnetse5_12345/logs/id_9f5845233e21/final,,,,,,,,,
evaluate_resnetse5,id_5e0706d3f845,id_e0a879d7942f,completed,1,True,id_51a779f741ee,supervised,resnetse5,full_finetune_lr1,id_a61c5c890097,multimodal_df,daghar_standardized_balanced,kuhar,test,,multimodal_perc_100,id_daa7333eb2f8,har,evaluate,full_run,/workspaces/HIAAC-KR-Dev-Container/Minerva-Exps/benchmarks/experiments/paper_daghar_supervised_3runs_perlr_samples_down_seed_resnetse5_12345/logs/id_5e0706d3f845/final,05b1897ebb,/workspaces/HIAAC-KR-Dev-Container/Minerva-Exps/benchmarks/experiments/paper_daghar_supervised_3runs_perlr_samples_down_seed_resnetse5_12345/logs/id_5e0706d3f845/final/metrics_2025-11-10-15-53-05b1897ebb.yaml,/workspaces/HIAAC-KR-Dev-Container/Minerva-Exps/benchmarks/experiments/paper_daghar_supervised_3runs_perlr_samples_down_seed_resnetse5_12345/logs/id_5e0706d3f845/final/run_2025-11-10-15-53-05b1897ebb.yaml,0.5416666865348816,0.6416666507720947,0.40966182947158813,0.5416666865348816,0.5416666865348816,0.42777779698371887
evaluate_resnetse5,id_f1718472f8b6,id_0ade89e6ab86,completed,1,True,id_612c26209f9f,supervised,resnetse5,full_finetune_lr2,id_b309bd62c1bf,multimodal_df,daghar_standardized_balanced,motionsense,test,,multimodal_perc_100,id_daa7333eb2f8,har,evaluate,full_run,/workspaces/HIAAC-KR-Dev-Container/Minerva-Exps/benchmarks/experiments/paper_daghar_supervised_3runs_perlr_samples_down_seed_resnetse5_12345/logs/id_f1718472f8b6/final,22e9153ed6,/workspaces/HIAAC-KR-Dev-Container/Minerva-Exps/benchmarks/experiments/paper_daghar_supervised_3runs_perlr_samples_down_seed_resnetse5_12345/logs/id_f1718472f8b6/final/metrics_2025-11-10-17-00-22e9153ed6.yaml,/workspaces/HIAAC-KR-Dev-Container/Minerva-Exps/benchmarks/experiments/paper_daghar_supervised_3runs_perlr_samples_down_seed_resnetse5_12345/logs/id_f1718472f8b6/final/run_2025-11-10-17-00-22e9153ed6.yaml,0.7485875487327576,0.7496703267097473,0.6981076598167419,0.7485875487327576,0.7485876083374023,0.7496702671051025
evaluate_resnetse5,id_10fef704702b,id_450907f364e6,completed,1,True,id_3f47675df06f,supervised,resnetse5,full_finetune_lr5,id_5342c6363403,multimodal_df,daghar_standardized_balanced,uci,test,,multimodal_perc_100,id_daa7333eb2f8,har,evaluate,full_run,/workspaces/HIAAC-KR-Dev-Container/Minerva-Exps/benchmarks/experiments/paper_daghar_supervised_3runs_perlr_samples_down_seed_resnetse5_12345/logs/id_10fef704702b/final,446003dded,/workspaces/HIAAC-KR-Dev-Container/Minerva-Exps/benchmarks/experiments/paper_daghar_supervised_3runs_perlr_samples_down_seed_resnetse5_12345/logs/id_10fef704702b/final/metrics_2025-11-10-15-20-446003dded.yaml,/workspaces/HIAAC-KR-Dev-Container/Minerva-Exps/benchmarks/experiments/paper_daghar_supervised_3runs_perlr_samples_down_seed_resnetse5_12345/logs/id_10fef704702b/final/run_2025-11-10-15-20-446003dded.yaml,0.8695651888847351,0.870669960975647,0.8690739870071411,0.8695651888847351,0.8695652484893799,0.8706699013710022
train_resnetse5,id_2ca786337414,,completed,0,False,id_3f47675df06f,supervised,resnetse5,full_finetune_lr5,id_0f9a122d7cc5,multimodal_df,daghar_standardized_balanced,uci,train,config_0,multimodal_samples_025,id_7d268895569b,har,train,full_run,/workspaces/HIAAC-KR-Dev-Container/Minerva-Exps/benchmarks/experiments/paper_daghar_supervised_3runs_perlr_samples_down_seed_resnetse5_12345/logs/id_2ca786337414/final,,,,,,,,,
train_resnetse5,id_9c7aaaaa2bcc,,completed,0,False,id_51a779f741ee,supervised,resnetse5,full_finetune_lr1,id_7aec5716a4be,multimodal_df,daghar_standardized_balanced,motionsense,train,config_0,multimodal_samples_025_2,id_7d268895569b,har,train,full_run,/workspaces/HIAAC-KR-Dev-Container/Minerva-Exps/benchmarks/experiments/paper_daghar_supervised_3runs_perlr_samples_down_seed_resnetse5_12345/logs/id_9c7aaaaa2bcc/final,,,,,,,,,
evaluate_resnetse5,id_99c85150d763,id_b60eae6bb825,completed,1,True,id_a619266c470c,supervised,resnetse5,full_finetune_lr4,id_4d0a09774961,multimodal_df,daghar_standardized_balanced,uci,test,,multimodal_perc_100,id_daa7333eb2f8,har,evaluate,full_run,/workspaces/HIAAC-KR-Dev-Container/Minerva-Exps/benchmarks/experiments/paper_daghar_supervised_3runs_perlr_samples_down_seed_resnetse5_12345/logs/id_99c85150d763/final,360c76eb0a,/workspaces/HIAAC-KR-Dev-Container/Minerva-Exps/benchmarks/experiments/paper_daghar_supervised_3runs_perlr_samples_down_seed_resnetse5_12345/logs/id_99c85150d763/final/metrics_2025-11-10-16-18-360c76eb0a.yaml,/workspaces/HIAAC-KR-Dev-Container/Minerva-Exps/benchmarks/experiments/paper_daghar_supervised_3runs_perlr_samples_down_seed_resnetse5_12345/logs/id_99c85150d763/final/run_2025-11-10-16-18-360c76eb0a.yaml,0.7840579748153687,0.8565436601638794,0.7173659801483154,0.7840579748153687,0.7840579748153687,0.6852349042892456
evaluate_resnetse5,id_a45465409f4e,id_d55b37443510,completed,1,True,id_01c6663a52ec,supervised,resnetse5,full_finetune_lr3,id_f06fbe88cb34,multimodal_df,daghar_standardized_balanced,rw_waist,test,,multimodal_perc_100,id_daa7333eb2f8,har,evaluate,full_run,/workspaces/HIAAC-KR-Dev-Container/Minerva-Exps/benchmarks/experiments/paper_daghar_supervised_3runs_perlr_samples_down_seed_resnetse5_12345/logs/id_a45465409f4e/final,5272d726bc,/workspaces/HIAAC-KR-Dev-Container/Minerva-Exps/benchmarks/experiments/paper_daghar_supervised_3runs_perlr_samples_down_seed_resnetse5_12345/logs/id_a45465409f4e/final/metrics_2025-11-10-16-23-5272d726bc.yaml,/workspaces/HIAAC-KR-Dev-Container/Minerva-Exps/benchmarks/experiments/paper_daghar_supervised_3runs_perlr_samples_down_seed_resnetse5_12345/logs/id_a45465409f4e/final/run_2025-11-10-16-23-5272d726bc.yaml,0.5451388955116272,0.6083860993385315,0.47243839502334595,0.5451388955116272,0.5451388955116272,0.6083860993385315
evaluate_resnetse5,id_c75b2536bce9,id_55bc8410099f,completed,1,True,id_612c26209f9f,supervised,resnetse5,full_finetune_lr2,id_475824b89c6e,multimodal_df,daghar_standardized_balanced,rw_thigh,test,,multimodal_perc_100,id_daa7333eb2f8,har,evaluate,full_run,/workspaces/HIAAC-KR-Dev-Container/Minerva-Exps/benchmarks/experiments/paper_daghar_supervised_3runs_perlr_samples_down_seed_resnetse5_12345/logs/id_c75b2536bce9/final,30b791fd27,/workspaces/HIAAC-KR-Dev-Container/Minerva-Exps/benchmarks/experiments/paper_daghar_supervised_3runs_perlr_samples_down_seed_resnetse5_12345/logs/id_c75b2536bce9/final/metrics_2025-11-10-16-38-30b791fd27.yaml,/workspaces/HIAAC-KR-Dev-Container/Minerva-Exps/benchmarks/experiments/paper_daghar_supervised_3runs_perlr_samples_down_seed_resnetse5_12345/logs/id_c75b2536bce9/final/run_2025-11-10-16-38-30b791fd27.yaml,0.5386473536491394,0.5542996525764465,0.5255743265151978,0.5386473536491394,0.5386473536491394,0.5542996525764465
train_resnetse5,id_b01398c7769a,,completed,0,False,id_612c26209f9f,supervised,resnetse5,full_finetune_lr2,id_73b62c9f3e5a,multimodal_df,daghar_standardized_balanced,kuhar,train,config_0,multimodal_samples_005,id_7d268895569b,har,train,full_run,/workspaces/HIAAC-KR-Dev-Container/Minerva-Exps/benchmarks/experiments/paper_daghar_supervised_3runs_perlr_samples_down_seed_resnetse5_12345/logs/id_b01398c7769a/final,,,,,,,,,
evaluate_resnetse5,id_74abcb35b2bd,id_a9fccd0aaee0,completed,1,True,id_612c26209f9f,supervised,resnetse5,full_finetune_lr2,id_ca47bb421f0b,multimodal_df,daghar_standardized_balanced,kuhar,test,,multimodal_perc_100,id_daa7333eb2f8,har,evaluate,full_run,/workspaces/HIAAC-KR-Dev-Container/Minerva-Exps/benchmarks/experiments/paper_daghar_supervised_3runs_perlr_samples_down_seed_resnetse5_12345/logs/id_74abcb35b2bd/final,52e1fba4b2,/workspaces/HIAAC-KR-Dev-Container/Minerva-Exps/benchmarks/experiments/paper_daghar_supervised_3runs_perlr_samples_down_seed_resnetse5_12345/logs/id_74abcb35b2bd/final/metrics_2025-11-10-16-02-52e1fba4b2.yaml,/workspaces/HIAAC-KR-Dev-Container/Minerva-Exps/benchmarks/experiments/paper_daghar_supervised_3runs_perlr_samples_down_seed_resnetse5_12345/logs/id_74abcb35b2bd/final/run_2025-11-10-16-02-52e1fba4b2.yaml,0.1666666716337204,0.1666666716337204,0.0476190485060215,0.1666666716337204,0.1666666716337204,0.02777777798473835
train_resnetse5,id_78c22ffb0496,,completed,0,False,id_a619266c470c,supervised,resnetse5,full_finetune_lr4,id_b74337b9bf17,multimodal_df,daghar_standardized_balanced,rw_thigh,train,config_0,multimodal_samples_001_3,id_7d268895569b,har,train,full_run,/workspaces/HIAAC-KR-Dev-Container/Minerva-Exps/benchmarks/experiments/paper_daghar_supervised_3runs_perlr_samples_down_seed_resnetse5_12345/logs/id_78c22ffb0496/final,,,,,,,,,
train_resnetse5,id_eeaec733c80e,,completed,0,False,id_3f47675df06f,supervised,resnetse5,full_finetune_lr5,id_2d8c7a4e80db,multimodal_df,daghar_standardized_balanced,motionsense,train,config_0,multimodal_samples_050_3,id_7d268895569b,har,train,full_run,/workspaces/HIAAC-KR-Dev-Container/Minerva-Exps/benchmarks/experiments/paper_daghar_supervised_3runs_perlr_samples_down_seed_resnetse5_12345/logs/id_eeaec733c80e/final,,,,,,,,,
train_resnetse5,id_e476f3370177,,completed,0,False,id_01c6663a52ec,supervised,resnetse5,full_finetune_lr3,id_650e37922e7e,multimodal_df,daghar_standardized_balanced,motionsense,train,config_0,multimodal_samples_025,id_7d268895569b,har,train,full_run,/workspaces/HIAAC-KR-Dev-Container/Minerva-Exps/benchmarks/experiments/paper_daghar_supervised_3runs_perlr_samples_down_seed_resnetse5_12345/logs/id_e476f3370177/final,,,,,,,,,
evaluate_resnetse5,id_552aa527408a,id_ed77068c1c73,completed,1,True,id_3f47675df06f,supervised,resnetse5,full_finetune_lr5,id_f139484e6a4b,multimodal_df,daghar_standardized_balanced,kuhar,test,,multimodal_perc_100,id_daa7333eb2f8,har,evaluate,full_run,/workspaces/HIAAC-KR-Dev-Container/Minerva-Exps/benchmarks/experiments/paper_daghar_supervised_3runs_perlr_samples_down_seed_resnetse5_12345/logs/id_552aa527408a/final,5453dbad40,/workspaces/HIAAC-KR-Dev-Container/Minerva-Exps/benchmarks/experiments/paper_daghar_supervised_3runs_perlr_samples_down_seed_resnetse5_12345/logs/id_552aa527408a/final/metrics_2025-11-10-15-48-5453dbad40.yaml,/workspaces/HIAAC-KR-Dev-Container/Minerva-Exps/benchmarks/experiments/paper_daghar_supervised_3runs_perlr_samples_down_seed_resnetse5_12345/logs/id_552aa527408a/final/run_2025-11-10-15-48-5453dbad40.yaml,0.6388888955116272,0.5666666626930237,0.5267164707183838,0.6388888955116272,0.6388888955116272,0.472222238779068
evaluate_resnetse5,id_0d9346a6d4ca,id_3e60a4692826,completed,1,True,id_51a779f741ee,supervised,resnetse5,full_finetune_lr1,id_6d709bfacf5c,multimodal_df,daghar_standardized_balanced,rw_thigh,test,,multimodal_perc_100,id_daa7333eb2f8,har,evaluate,full_run,/workspaces/HIAAC-KR-Dev-Container/Minerva-Exps/benchmarks/experiments/paper_daghar_supervised_3runs_perlr_samples_down_seed_resnetse5_12345/logs/id_0d9346a6d4ca/final,47989b377b,/workspaces/HIAAC-KR-Dev-Container/Minerva-Exps/benchmarks/experiments/paper_daghar_supervised_3runs_perlr_samples_down_seed_resnetse5_12345/logs/id_0d9346a6d4ca/final/metrics_2025-11-10-15-18-47989b377b.yaml,/workspaces/HIAAC-KR-Dev-Container/Minerva-Exps/benchmarks/experiments/paper_daghar_supervised_3runs_perlr_samples_down_seed_resnetse5_12345/logs/id_0d9346a6d4ca/final/run_2025-11-10-15-18-47989b377b.yaml,0.5479640960693359,0.5178849697113037,0.48824334144592285,0.5479640960693359,0.5479640960693359,0.5178849697113037
evaluate_resnetse5,id_69f9ecb19988,id_600b2f97ae69,completed,1,True,id_3f47675df06f,supervised,resnetse5,full_finetune_lr5,id_8bced4972313,multimodal_df,daghar_standardized_balanced,motionsense,test,,multimodal_perc_100,id_daa7333eb2f8,har,evaluate,full_run,/workspaces/HIAAC-KR-Dev-Container/Minerva-Exps/benchmarks/experiments/paper_daghar_supervised_3runs_perlr_samples_down_seed_resnetse5_12345/logs/id_69f9ecb19988/final,3649e9e85c,/workspaces/HIAAC-KR-Dev-Container/Minerva-Exps/benchmarks/experiments/paper_daghar_supervised_3runs_perlr_samples_down_seed_resnetse5_12345/logs/id_69f9ecb19988/final/metrics_2025-11-10-15-58-3649e9e85c.yaml,/workspaces/HIAAC-KR-Dev-Container/Minerva-Exps/benchmarks/experiments/paper_daghar_supervised_3runs_perlr_samples_down_seed_resnetse5_12345/logs/id_69f9ecb19988/final/run_2025-11-10-15-58-3649e9e85c.yaml,0.33898305892944336,0.2126815915107727,0.19637221097946167,0.33898305892944336,0.33898305892944336,0.14178772270679474
evaluate_resnetse5,id_b5adc20278f3,id_80be0f41618d,completed,1,True,id_3f47675df06f,supervised,resnetse5,full_finetune_lr5,id_071b9d6efd78,multimodal_df,daghar_standardized_balanced,rw_thigh,test,,multimodal_perc_100,id_daa7333eb2f8,har,evaluate,full_run,/workspaces/HIAAC-KR-Dev-Container/Minerva-Exps/benchmarks/experiments/paper_daghar_supervised_3runs_perlr_samples_down_seed_resnetse5_12345/logs/id_b5adc20278f3/final,26198a8ea8,/workspaces/HIAAC-KR-Dev-Container/Minerva-Exps/benchmarks/experiments/paper_daghar_supervised_3runs_perlr_samples_down_seed_resnetse5_12345/logs/id_b5adc20278f3/final/metrics_2025-11-10-16-31-26198a8ea8.yaml,/workspaces/HIAAC-KR-Dev-Container/Minerva-Exps/benchmarks/experiments/paper_daghar_supervised_3runs_perlr_samples_down_seed_resnetse5_12345/logs/id_b5adc20278f3/final/run_2025-11-10-16-31-26198a8ea8.yaml,0.7201518416404724,0.7356925010681152,0.682248592376709,0.7201518416404724,0.7201518416404724,0.7356925010681152
evaluate_resnetse5,id_d70109e38b44,id_0381971190a1,completed,1,True,id_01c6663a52ec,supervised,resnetse5,full_finetune_lr3,id_8383e9ed6287,multimodal_df,daghar_standardized_balanced,motionsense,test,,multimodal_perc_100,id_daa7333eb2f8,har,evaluate,full_run,/workspaces/HIAAC-KR-Dev-Container/Minerva-Exps/benchmarks/experiments/paper_daghar_supervised_3runs_perlr_samples_down_seed_resnetse5_12345/logs/id_d70109e38b44/final,377b463a9a,/workspaces/HIAAC-KR-Dev-Container/Minerva-Exps/benchmarks/experiments/paper_daghar_supervised_3runs_perlr_samples_down_seed_resnetse5_12345/logs/id_d70109e38b44/final/metrics_2025-11-10-16-45-377b463a9a.yaml,/workspaces/HIAAC-KR-Dev-Container/Minerva-Exps/benchmarks/experiments/paper_daghar_supervised_3runs_perlr_samples_down_seed_resnetse5_12345/logs/id_d70109e38b44/final/run_2025-11-10-16-45-377b463a9a.yaml,0.596045196056366,0.6717116236686707,0.4817509055137634,0.596045196056366,0.596045196056366,0.6717116236686707
evaluate_resnetse5,id_1010c173a72d,id_65d2c11bcfb5,completed,1,True,id_01c6663a52ec,supervised,resnetse5,full_finetune_lr3,id_f8566074d192,multimodal_df,daghar_standardized_balanced,kuhar,test,,multimodal_perc_100,id_daa7333eb2f8,har,evaluate,full_run,/workspaces/HIAAC-KR-Dev-Container/Minerva-Exps/benchmarks/experiments/paper_daghar_supervised_3runs_perlr_samples_down_seed_resnetse5_12345/logs/id_1010c173a72d/final,52bb28917f,/workspaces/HIAAC-KR-Dev-Container/Minerva-Exps/benchmarks/experiments/paper_daghar_supervised_3runs_perlr_samples_down_seed_resnetse5_12345/logs/id_1010c173a72d/final/metrics_2025-11-10-15-19-52bb28917f.yaml,/workspaces/HIAAC-KR-Dev-Container/Minerva-Exps/benchmarks/experiments/paper_daghar_supervised_3runs_perlr_samples_down_seed_resnetse5_12345/logs/id_1010c173a72d/final/run_2025-11-10-15-19-52bb28917f.yaml,0.5555555820465088,0.585210382938385,0.4849458634853363,0.5555555820465088,0.5555555820465088,0.4876753091812134
train_resnetse5,id_c27166061c2e,,completed,0,False,id_a619266c470c,supervised,resnetse5,full_finetune_lr4,id_63390b2e2f32,multimodal_df,daghar_standardized_balanced,wisdm,train,config_0,multimodal_samples_005_2,id_7d268895569b,har,train,full_run,/workspaces/HIAAC-KR-Dev-Container/Minerva-Exps/benchmarks/experiments/paper_daghar_supervised_3runs_perlr_samples_down_seed_resnetse5_12345/logs/id_c27166061c2e/final,,,,,,,,,
train_resnetse5,id_bee18ef01c5a,,completed,0,False,id_01c6663a52ec,supervised,resnetse5,full_finetune_lr3,id_2259a82d2cb2,multimodal_df,daghar_standardized_balanced,wisdm,train,config_0,multimodal_samples_025_3,id_7d268895569b,har,train,full_run,/workspaces/HIAAC-KR-Dev-Container/Minerva-Exps/benchmarks/experiments/paper_daghar_supervised_3runs_perlr_samples_down_seed_resnetse5_12345/logs/id_bee18ef01c5a/final,,,,,,,,,
train_resnetse5,id_c26b9a20bb22,,completed,0,False,id_3f47675df06f,supervised,resnetse5,full_finetune_lr5,id_dbf308c611cc,multimodal_df,daghar_standardized_balanced,motionsense,train,config_0,multimodal_samples_025_3,id_7d268895569b,har,train,full_run,/workspaces/HIAAC-KR-Dev-Container/Minerva-Exps/benchmarks/experiments/paper_daghar_supervised_3runs_perlr_samples_down_seed_resnetse5_12345/logs/id_c26b9a20bb22/final,,,,,,,,,
evaluate_resnetse5,id_68a4f88c58d6,id_3ad13404309f,completed,1,True,id_a619266c470c,supervised,resnetse5,full_finetune_lr4,id_987ecc84101d,multimodal_df,daghar_standardized_balanced,kuhar,test,,multimodal_perc_100,id_daa7333eb2f8,har,evaluate,full_run,/workspaces/HIAAC-KR-Dev-Container/Minerva-Exps/benchmarks/experiments/paper_daghar_supervised_3runs_perlr_samples_down_seed_resnetse5_12345/logs/id_68a4f88c58d6/final,4910d8de19,/workspaces/HIAAC-KR-Dev-Container/Minerva-Exps/benchmarks/experiments/paper_daghar_supervised_3runs_perlr_samples_down_seed_resnetse5_12345/logs/id_68a4f88c58d6/final/metrics_2025-11-10-15-57-4910d8de19.yaml,/workspaces/HIAAC-KR-Dev-Container/Minerva-Exps/benchmarks/experiments/paper_daghar_supervised_3runs_perlr_samples_down_seed_resnetse5_12345/logs/id_68a4f88c58d6/final/run_2025-11-10-15-57-4910d8de19.yaml,0.5416666865348816,0.6843023300170898,0.4335494041442871,0.5416666865348816,0.5416666865348816,0.5702519416809082
evaluate_resnetse5,id_2a8a5a7e793a,id_3e48923b220f,completed,1,True,id_612c26209f9f,supervised,resnetse5,full_finetune_lr2,id_83507f6f11e1,multimodal_df,daghar_standardized_balanced,kuhar,test,,multimodal_perc_100,id_daa7333eb2f8,har,evaluate,full_run,/workspaces/HIAAC-KR-Dev-Container/Minerva-Exps/benchmarks/experiments/paper_daghar_supervised_3runs_perlr_samples_down_seed_resnetse5_12345/logs/id_2a8a5a7e793a/final,06a2d284ca,/workspaces/HIAAC-KR-Dev-Container/Minerva-Exps/benchmarks/experiments/paper_daghar_supervised_3runs_perlr_samples_down_seed_resnetse5_12345/logs/id_2a8a5a7e793a/final/metrics_2025-11-10-15-31-06a2d284ca.yaml,/workspaces/HIAAC-KR-Dev-Container/Minerva-Exps/benchmarks/experiments/paper_daghar_supervised_3runs_perlr_samples_down_seed_resnetse5_12345/logs/id_2a8a5a7e793a/final/run_2025-11-10-15-31-06a2d284ca.yaml,0.6666666865348816,0.7627450823783875,0.6051154732704163,0.6666666865348816,0.6666666865348816,0.6356209516525269
evaluate_resnetse5,id_fcef38c5ce02,id_5d5722e72789,completed,1,True,id_01c6663a52ec,supervised,resnetse5,full_finetune_lr3,id_adc654d5844a,multimodal_df,daghar_standardized_balanced,kuhar,test,,multimodal_perc_100,id_daa7333eb2f8,har,evaluate,full_run,/workspaces/HIAAC-KR-Dev-Container/Minerva-Exps/benchmarks/experiments/paper_daghar_supervised_3runs_perlr_samples_down_seed_resnetse5_12345/logs/id_fcef38c5ce02/final,571d266b19,/workspaces/HIAAC-KR-Dev-Container/Minerva-Exps/benchmarks/experiments/paper_daghar_supervised_3runs_perlr_samples_down_seed_resnetse5_12345/logs/id_fcef38c5ce02/final/metrics_2025-11-10-17-03-571d266b19.yaml,/workspaces/HIAAC-KR-Dev-Container/Minerva-Exps/benchmarks/experiments/paper_daghar_supervised_3runs_perlr_samples_down_seed_resnetse5_12345/logs/id_fcef38c5ce02/final/run_2025-11-10-17-03-571d266b19.yaml,0.5555555820465088,0.6972727179527283,0.44762369990348816,0.5555555820465088,0.5555555820465088,0.5810605883598328
train_resnetse5,id_e9fc43cbcb1f,,completed,0,False,id_01c6663a52ec,supervised,resnetse5,full_finetune_lr3,id_73b62c9f3e5a,multimodal_df,daghar_standardized_balanced,kuhar,train,config_0,multimodal_samples_005,id_7d268895569b,har,train,full_run,/workspaces/HIAAC-KR-Dev-Container/Minerva-Exps/benchmarks/experiments/paper_daghar_supervised_3runs_perlr_samples_down_seed_resnetse5_12345/logs/id_e9fc43cbcb1f/final,,,,,,,,,
train_resnetse5,id_6bdbfa48046c,,completed,0,False,id_a619266c470c,supervised,resnetse5,full_finetune_lr4,id_d94ad4785d32,multimodal_df,daghar_standardized_balanced,kuhar,train,config_0,multimodal_samples_200_2,id_7d268895569b,har,train,full_run,/workspaces/HIAAC-KR-Dev-Container/Minerva-Exps/benchmarks/experiments/paper_daghar_supervised_3runs_perlr_samples_down_seed_resnetse5_12345/logs/id_6bdbfa48046c/final,,,,,,,,,
train_resnetse5,id_7c38eeaa0828,,completed,0,False,id_a619266c470c,supervised,resnetse5,full_finetune_lr4,id_7b5861f76744,multimodal_df,daghar_standardized_balanced,rw_thigh,train,config_0,multimodal_samples_025_3,id_7d268895569b,har,train,full_run,/workspaces/HIAAC-KR-Dev-Container/Minerva-Exps/benchmarks/experiments/paper_daghar_supervised_3runs_perlr_samples_down_seed_resnetse5_12345/logs/id_7c38eeaa0828/final,,,,,,,,,
evaluate_resnetse5,id_ed8e10d8bbaa,id_03dd22c7ef84,completed,1,True,id_01c6663a52ec,supervised,resnetse5,full_finetune_lr3,id_95bb3dc376ae,multimodal_df,daghar_standardized_balanced,motionsense,test,,multimodal_perc_100,id_daa7333eb2f8,har,evaluate,full_run,/workspaces/HIAAC-KR-Dev-Container/Minerva-Exps/benchmarks/experiments/paper_daghar_supervised_3runs_perlr_samples_down_seed_resnetse5_12345/logs/id_ed8e10d8bbaa/final,00427b38d9,/workspaces/HIAAC-KR-Dev-Container/Minerva-Exps/benchmarks/experiments/paper_daghar_supervised_3runs_perlr_samples_down_seed_resnetse5_12345/logs/id_ed8e10d8bbaa/final/metrics_2025-11-10-16-58-00427b38d9.yaml,/workspaces/HIAAC-KR-Dev-Container/Minerva-Exps/benchmarks/experiments/paper_daghar_supervised_3runs_perlr_samples_down_seed_resnetse5_12345/logs/id_ed8e10d8bbaa/final/run_2025-11-10-16-58-00427b38d9.yaml,0.756120502948761,0.810677170753479,0.7003152370452881,0.756120502948761,0.7561205625534058,0.6755642890930176
evaluate_resnetse5,id_a77907b2a54b,id_c03247d2d17e,completed,1,True,id_01c6663a52ec,supervised,resnetse5,full_finetune_lr3,id_0299b3c2466e,multimodal_df,daghar_standardized_balanced,rw_waist,test,,multimodal_perc_100,id_daa7333eb2f8,har,evaluate,full_run,/workspaces/HIAAC-KR-Dev-Container/Minerva-Exps/benchmarks/experiments/paper_daghar_supervised_3runs_perlr_samples_down_seed_resnetse5_12345/logs/id_a77907b2a54b/final,577a5fbd63,/workspaces/HIAAC-KR-Dev-Container/Minerva-Exps/benchmarks/experiments/paper_daghar_supervised_3runs_perlr_samples_down_seed_resnetse5_12345/logs/id_a77907b2a54b/final/metrics_2025-11-10-16-24-577a5fbd63.yaml,/workspaces/HIAAC-KR-Dev-Container/Minerva-Exps/benchmarks/experiments/paper_daghar_supervised_3runs_perlr_samples_down_seed_resnetse5_12345/logs/id_a77907b2a54b/final/run_2025-11-10-16-24-577a5fbd63.yaml,0.5632715821266174,0.5414906740188599,0.5118272304534912,0.5632715821266174,0.5632715821266174,0.5414906740188599
train_resnetse5,id_4c07c2705ef2,,completed,0,False,id_a619266c470c,supervised,resnetse5,full_finetune_lr4,id_083b8f815ed5,multimodal_df,daghar_standardized_balanced,uci,train,config_0,multimodal_samples_200,id_7d268895569b,har,train,full_run,/workspaces/HIAAC-KR-Dev-Container/Minerva-Exps/benchmarks/experiments/paper_daghar_supervised_3runs_perlr_samples_down_seed_resnetse5_12345/logs/id_4c07c2705ef2/final,,,,,,,,,
train_resnetse5,id_fc737d50a9fd,,completed,0,False,id_a619266c470c,supervised,resnetse5,full_finetune_lr4,id_52a5133aa345,multimodal_df,daghar_standardized_balanced,wisdm,train,config_0,multimodal_samples_100_3,id_7d268895569b,har,train,full_run,/workspaces/HIAAC-KR-Dev-Container/Minerva-Exps/benchmarks/experiments/paper_daghar_supervised_3runs_perlr_samples_down_seed_resnetse5_12345/logs/id_fc737d50a9fd/final,,,,,,,,,
train_resnetse5,id_500191cbaf88,,completed,0,False,id_a619266c470c,supervised,resnetse5,full_finetune_lr4,id_752bde3fdada,multimodal_df,daghar_standardized_balanced,kuhar,train,config_0,multimodal_samples_010,id_7d268895569b,har,train,full_run,/workspaces/HIAAC-KR-Dev-Container/Minerva-Exps/benchmarks/experiments/paper_daghar_supervised_3runs_perlr_samples_down_seed_resnetse5_12345/logs/id_500191cbaf88/final,,,,,,,,,
evaluate_resnetse5,id_c270602b0a2c,id_92aace2c58b6,completed,1,True,id_3f47675df06f,supervised,resnetse5,full_finetune_lr5,id_7f568e3544a9,multimodal_df,daghar_standardized_balanced,rw_thigh,test,,multimodal_perc_100,id_daa7333eb2f8,har,evaluate,full_run,/workspaces/HIAAC-KR-Dev-Container/Minerva-Exps/benchmarks/experiments/paper_daghar_supervised_3runs_perlr_samples_down_seed_resnetse5_12345/logs/id_c270602b0a2c/final,168119e81d,/workspaces/HIAAC-KR-Dev-Container/Minerva-Exps/benchmarks/experiments/paper_daghar_supervised_3runs_perlr_samples_down_seed_resnetse5_12345/logs/id_c270602b0a2c/final/metrics_2025-11-10-16-37-168119e81d.yaml,/workspaces/HIAAC-KR-Dev-Container/Minerva-Exps/benchmarks/experiments/paper_daghar_supervised_3runs_perlr_samples_down_seed_resnetse5_12345/logs/id_c270602b0a2c/final/run_2025-11-10-16-37-168119e81d.yaml,0.4896480441093445,0.5118875503540039,0.37822720408439636,0.4896480441093445,0.4896480441093445,0.34125837683677673
train_resnetse5,id_0ea92c9304d6,,completed,0,False,id_51a779f741ee,supervised,resnetse5,full_finetune_lr1,id_3ca44ce6c400,multimodal_df,daghar_standardized_balanced,rw_thigh,train,config_0,multimodal_samples_050_2,id_7d268895569b,har,train,full_run,/workspaces/HIAAC-KR-Dev-Container/Minerva-Exps/benchmarks/experiments/paper_daghar_supervised_3runs_perlr_samples_down_seed_resnetse5_12345/logs/id_0ea92c9304d6/final,,,,,,,,,
evaluate_resnetse5,id_07df804e6b7d,id_8ae8691baf07,completed,1,True,id_51a779f741ee,supervised,resnetse5,full_finetune_lr1,id_6c77fa100259,multimodal_df,daghar_standardized_balanced,wisdm,test,,multimodal_perc_100,id_daa7333eb2f8,har,evaluate,full_run,/workspaces/HIAAC-KR-Dev-Container/Minerva-Exps/benchmarks/experiments/paper_daghar_supervised_3runs_perlr_samples_down_seed_resnetse5_12345/logs/id_07df804e6b7d/final,11929ce313,/workspaces/HIAAC-KR-Dev-Container/Minerva-Exps/benchmarks/experiments/paper_daghar_supervised_3runs_perlr_samples_down_seed_resnetse5_12345/logs/id_07df804e6b7d/final/metrics_2025-11-10-15-17-11929ce313.yaml,/workspaces/HIAAC-KR-Dev-Container/Minerva-Exps/benchmarks/experiments/paper_daghar_supervised_3runs_perlr_samples_down_seed_resnetse5_12345/logs/id_07df804e6b7d/final/run_2025-11-10-15-17-11929ce313.yaml,0.7868663668632507,0.7955150604248047,0.7781981229782104,0.7868663668632507,0.7868663668632507,0.7955150604248047
train_resnetse5,id_d6fd0383def9,,completed,0,False,id_612c26209f9f,supervised,resnetse5,full_finetune_lr2,id_d4c695219794,multimodal_df,daghar_standardized_balanced,rw_waist,train,config_0,multimodal_samples_010_3,id_7d268895569b,har,train,full_run,/workspaces/HIAAC-KR-Dev-Container/Minerva-Exps/benchmarks/experiments/paper_daghar_supervised_3runs_perlr_samples_down_seed_resnetse5_12345/logs/id_d6fd0383def9/final,,,,,,,,,
train_resnetse5,id_023039941ea6,,completed,0,False,id_01c6663a52ec,supervised,resnetse5,full_finetune_lr3,id_7aec5716a4be,multimodal_df,daghar_standardized_balanced,motionsense,train,config_0,multimodal_samples_025_2,id_7d268895569b,har,train,full_run,/workspaces/HIAAC-KR-Dev-Container/Minerva-Exps/benchmarks/experiments/paper_daghar_supervised_3runs_perlr_samples_down_seed_resnetse5_12345/logs/id_023039941ea6/final,,,,,,,,,
evaluate_resnetse5,id_2a550e4e7b60,id_903f3183fc78,completed,1,True,id_612c26209f9f,supervised,resnetse5,full_finetune_lr2,id_a02a307d83d0,multimodal_df,daghar_standardized_balanced,rw_thigh,test,,multimodal_perc_100,id_daa7333eb2f8,har,evaluate,full_run,/workspaces/HIAAC-KR-Dev-Container/Minerva-Exps/benchmarks/experiments/paper_daghar_supervised_3runs_perlr_samples_down_seed_resnetse5_12345/logs/id_2a550e4e7b60/final,00f2f8b0a9,/workspaces/HIAAC-KR-Dev-Container/Minerva-Exps/benchmarks/experiments/paper_daghar_supervised_3runs_perlr_samples_down_seed_resnetse5_12345/logs/id_2a550e4e7b60/final/metrics_2025-11-10-15-31-00f2f8b0a9.yaml,/workspaces/HIAAC-KR-Dev-Container/Minerva-Exps/benchmarks/experiments/paper_daghar_supervised_3runs_perlr_samples_down_seed_resnetse5_12345/logs/id_2a550e4e7b60/final/run_2025-11-10-15-31-00f2f8b0a9.yaml,0.6997929811477661,0.7342957854270935,0.6592473387718201,0.6997929811477661,0.6997929215431213,0.7342957258224487
evaluate_resnetse5,id_4a71085f0fc3,id_ffabfa4720fd,completed,1,True,id_612c26209f9f,supervised,resnetse5,full_finetune_lr2,id_4f7e468e9fd4,multimodal_df,daghar_standardized_balanced,uci,test,,multimodal_perc_100,id_daa7333eb2f8,har,evaluate,full_run,/workspaces/HIAAC-KR-Dev-Container/Minerva-Exps/benchmarks/experiments/paper_daghar_supervised_3runs_perlr_samples_down_seed_resnetse5_12345/logs/id_4a71085f0fc3/final,58b473ec7e,/workspaces/HIAAC-KR-Dev-Container/Minerva-Exps/benchmarks/experiments/paper_daghar_supervised_3runs_perlr_samples_down_seed_resnetse5_12345/logs/id_4a71085f0fc3/final/metrics_2025-11-10-15-43-58b473ec7e.yaml,/workspaces/HIAAC-KR-Dev-Container/Minerva-Exps/benchmarks/experiments/paper_daghar_supervised_3runs_perlr_samples_down_seed_resnetse5_12345/logs/id_4a71085f0fc3/final/run_2025-11-10-15-43-58b473ec7e.yaml,0.9028985500335693,0.9027721285820007,0.9027086496353149,0.9028985500335693,0.9028984904289246,0.9027721881866455
evaluate_resnetse5,id_e3b80023efea,id_3840c5ba5df2,completed,1,True,id_612c26209f9f,supervised,resnetse5,full_finetune_lr2,id_70e3e98bc86c,multimodal_df,daghar_standardized_balanced,kuhar,test,,multimodal_perc_100,id_daa7333eb2f8,har,evaluate,full_run,/workspaces/HIAAC-KR-Dev-Container/Minerva-Exps/benchmarks/experiments/paper_daghar_supervised_3runs_perlr_samples_down_seed_resnetse5_12345/logs/id_e3b80023efea/final,425ca7ea88,/workspaces/HIAAC-KR-Dev-Container/Minerva-Exps/benchmarks/experiments/paper_daghar_supervised_3runs_perlr_samples_down_seed_resnetse5_12345/logs/id_e3b80023efea/final/metrics_2025-11-10-16-51-425ca7ea88.yaml,/workspaces/HIAAC-KR-Dev-Container/Minerva-Exps/benchmarks/experiments/paper_daghar_supervised_3runs_perlr_samples_down_seed_resnetse5_12345/logs/id_e3b80023efea/final/run_2025-11-10-16-51-425ca7ea88.yaml,0.5694444179534912,0.5050653219223022,0.46232715249061584,0.5694444179534912,0.569444477558136,0.42088782787323
evaluate_resnetse5,id_3fea5703ec24,id_fefd28ab327c,completed,1,True,id_3f47675df06f,supervised,resnetse5,full_finetune_lr5,id_4291237e1e89,multimodal_df,daghar_standardized_balanced,uci,test,,multimodal_perc_100,id_daa7333eb2f8,har,evaluate,full_run,/workspaces/HIAAC-KR-Dev-Container/Minerva-Exps/benchmarks/experiments/paper_daghar_supervised_3runs_perlr_samples_down_seed_resnetse5_12345/logs/id_3fea5703ec24/final,282e5bd01e,/workspaces/HIAAC-KR-Dev-Container/Minerva-Exps/benchmarks/experiments/paper_daghar_supervised_3runs_perlr_samples_down_seed_resnetse5_12345/logs/id_3fea5703ec24/final/metrics_2025-11-10-15-38-282e5bd01e.yaml,/workspaces/HIAAC-KR-Dev-Container/Minerva-Exps/benchmarks/experiments/paper_daghar_supervised_3runs_perlr_samples_down_seed_resnetse5_12345/logs/id_3fea5703ec24/final/run_2025-11-10-15-38-282e5bd01e.yaml,0.5594202876091003,0.5743021368980408,0.4234009087085724,0.5594202876091003,0.5594202876091003,0.3445813059806824
evaluate_resnetse5,id_56d00b5f1cfb,id_3128a121b84b,completed,1,True,id_3f47675df06f,supervised,resnetse5,full_finetune_lr5,id_c9f3b900e1ef,multimodal_df,daghar_standardized_balanced,rw_waist,test,,multimodal_perc_100,id_daa7333eb2f8,har,evaluate,full_run,/workspaces/HIAAC-KR-Dev-Container/Minerva-Exps/benchmarks/experiments/paper_daghar_supervised_3runs_perlr_samples_down_seed_resnetse5_12345/logs/id_56d00b5f1cfb/final,278e0adb81,/workspaces/HIAAC-KR-Dev-Container/Minerva-Exps/benchmarks/experiments/paper_daghar_supervised_3runs_perlr_samples_down_seed_resnetse5_12345/logs/id_56d00b5f1cfb/final/metrics_2025-11-10-15-50-278e0adb81.yaml,/workspaces/HIAAC-KR-Dev-Container/Minerva-Exps/benchmarks/experiments/paper_daghar_supervised_3runs_perlr_samples_down_seed_resnetse5_12345/logs/id_56d00b5f1cfb/final/run_2025-11-10-15-50-278e0adb81.yaml,0.42939814925193787,0.3843145966529846,0.30531615018844604,0.42939814925193787,0.42939817905426025,0.25620973110198975
train_resnetse5,id_e7647e9f7828,,completed,0,False,id_3f47675df06f,supervised,resnetse5,full_finetune_lr5,id_c22ef6d3a4dc,multimodal_df,daghar_standardized_balanced,motionsense,train,config_0,multimodal_samples_100_2,id_7d268895569b,har,train,full_run,/workspaces/HIAAC-KR-Dev-Container/Minerva-Exps/benchmarks/experiments/paper_daghar_supervised_3runs_perlr_samples_down_seed_resnetse5_12345/logs/id_e7647e9f7828/final,,,,,,,,,
train_resnetse5,id_eb369ec0d46a,,completed,0,False,id_612c26209f9f,supervised,resnetse5,full_finetune_lr2,id_a5eb7bbd285a,multimodal_df,daghar_standardized_balanced,motionsense,train,config_0,multimodal_samples_050,id_7d268895569b,har,train,full_run,/workspaces/HIAAC-KR-Dev-Container/Minerva-Exps/benchmarks/experiments/paper_daghar_supervised_3runs_perlr_samples_down_seed_resnetse5_12345/logs/id_eb369ec0d46a/final,,,,,,,,,
train_resnetse5,id_072fdbf6a558,,completed,0,False,id_01c6663a52ec,supervised,resnetse5,full_finetune_lr3,id_664d92a3ca56,multimodal_df,daghar_standardized_balanced,uci,train,config_0,multimodal_samples_200_3,id_7d268895569b,har,train,full_run,/workspaces/HIAAC-KR-Dev-Container/Minerva-Exps/benchmarks/experiments/paper_daghar_supervised_3runs_perlr_samples_down_seed_resnetse5_12345/logs/id_072fdbf6a558/final,,,,,,,,,
evaluate_resnetse5,id_18ff0a2bc7b8,id_ff6833ab7186,completed,1,True,id_a619266c470c,supervised,resnetse5,full_finetune_lr4,id_071b9d6efd78,multimodal_df,daghar_standardized_balanced,rw_thigh,test,,multimodal_perc_100,id_daa7333eb2f8,har,evaluate,full_run,/workspaces/HIAAC-KR-Dev-Container/Minerva-Exps/benchmarks/experiments/paper_daghar_supervised_3runs_perlr_samples_down_seed_resnetse5_12345/logs/id_18ff0a2bc7b8/final,358d5f6d13,/workspaces/HIAAC-KR-Dev-Container/Minerva-Exps/benchmarks/experiments/paper_daghar_supervised_3runs_perlr_samples_down_seed_resnetse5_12345/logs/id_18ff0a2bc7b8/final/metrics_2025-11-10-15-24-358d5f6d13.yaml,/workspaces/HIAAC-KR-Dev-Container/Minerva-Exps/benchmarks/experiments/paper_daghar_supervised_3runs_perlr_samples_down_seed_resnetse5_12345/logs/id_18ff0a2bc7b8/final/run_2025-11-10-15-24-358d5f6d13.yaml,0.6942719221115112,0.75729900598526,0.6724174618721008,0.6942719221115112,0.6942718625068665,0.75729900598526
evaluate_resnetse5,id_2277a7ffcad5,id_a28486c05673,completed,1,True,id_612c26209f9f,supervised,resnetse5,full_finetune_lr2,id_aa74f85c55d8,multimodal_df,daghar_standardized_balanced,motionsense,test,,multimodal_perc_100,id_daa7333eb2f8,har,evaluate,full_run,/workspaces/HIAAC-KR-Dev-Container/Minerva-Exps/benchmarks/experiments/paper_daghar_supervised_3runs_perlr_samples_down_seed_resnetse5_12345/logs/id_2277a7ffcad5/final,086c4ff324,/workspaces/HIAAC-KR-Dev-Container/Minerva-Exps/benchmarks/experiments/paper_daghar_supervised_3runs_perlr_samples_down_seed_resnetse5_12345/logs/id_2277a7ffcad5/final/metrics_2025-11-10-15-28-086c4ff324.yaml,/workspaces/HIAAC-KR-Dev-Container/Minerva-Exps/benchmarks/experiments/paper_daghar_supervised_3runs_perlr_samples_down_seed_resnetse5_12345/logs/id_2277a7ffcad5/final/run_2025-11-10-15-28-086c4ff324.yaml,0.8813559412956238,0.8914297223091125,0.8794090151786804,0.8813559412956238,0.8813559412956238,0.8914296627044678
evaluate_resnetse5,id_301a290ffcb3,id_f86a2453a555,completed,1,True,id_01c6663a52ec,supervised,resnetse5,full_finetune_lr3,id_9971eadca4c3,multimodal_df,daghar_standardized_balanced,wisdm,test,,multimodal_perc_100,id_daa7333eb2f8,har,evaluate,full_run,/workspaces/HIAAC-KR-Dev-Container/Minerva-Exps/benchmarks/experiments/paper_daghar_supervised_3runs_perlr_samples_down_seed_resnetse5_12345/logs/id_301a290ffcb3/final,313c19874c,/workspaces/HIAAC-KR-Dev-Container/Minerva-Exps/benchmarks/experiments/paper_daghar_supervised_3runs_perlr_samples_down_seed_resnetse5_12345/logs/id_301a290ffcb3/final/metrics_2025-11-10-15-33-313c19874c.yaml,/workspaces/HIAAC-KR-Dev-Container/Minerva-Exps/benchmarks/experiments/paper_daghar_supervised_3runs_perlr_samples_down_seed_resnetse5_12345/logs/id_301a290ffcb3/final/run_2025-11-10-15-33-313c19874c.yaml,0.8018433451652527,0.8058855533599854,0.8014324903488159,0.8018433451652527,0.8018433451652527,0.8058855533599854
evaluate_resnetse5,id_2da1b0957f87,id_700980c27586,completed,1,True,id_a619266c470c,supervised,resnetse5,full_finetune_lr4,id_9df44531c7bb,multimodal_df,daghar_standardized_balanced,motionsense,test,,multimodal_perc_100,id_daa7333eb2f8,har,evaluate,full_run,/workspaces/HIAAC-KR-Dev-Container/Minerva-Exps/benchmarks/experiments/paper_daghar_supervised_3runs_perlr_samples_down_seed_resnetse5_12345/logs/id_2da1b0957f87/final,5445582924,/workspaces/HIAAC-KR-Dev-Container/Minerva-Exps/benchmarks/experiments/paper_daghar_supervised_3runs_perlr_samples_down_seed_resnetse5_12345/logs/id_2da1b0957f87/final/metrics_2025-11-10-15-32-5445582924.yaml,/workspaces/HIAAC-KR-Dev-Container/Minerva-Exps/benchmarks/experiments/paper_daghar_supervised_3runs_perlr_samples_down_seed_resnetse5_12345/logs/id_2da1b0957f87/final/run_2025-11-10-15-32-5445582924.yaml,0.7250470519065857,0.7830107808113098,0.6784524917602539,0.7250470519065857,0.7250471115112305,0.7830109000205994
train_resnetse5,id_ccf288af2103,,completed,0,False,id_612c26209f9f,supervised,resnetse5,full_finetune_lr2,id_fb5b4619ed71,multimodal_df,daghar_standardized_balanced,uci,train,config_0,multimodal_samples_005_2,id_7d268895569b,har,train,full_run,/workspaces/HIAAC-KR-Dev-Container/Minerva-Exps/benchmarks/experiments/paper_daghar_supervised_3runs_perlr_samples_down_seed_resnetse5_12345/logs/id_ccf288af2103/final,,,,,,,,,
train_resnetse5,id_dee324e4ac91,,completed,0,False,id_51a779f741ee,supervised,resnetse5,full_finetune_lr1,id_3b2d9b9fd6c6,multimodal_df,daghar_standardized_balanced,kuhar,train,config_0,multimodal_samples_010_3,id_7d268895569b,har,train,full_run,/workspaces/HIAAC-KR-Dev-Container/Minerva-Exps/benchmarks/experiments/paper_daghar_supervised_3runs_perlr_samples_down_seed_resnetse5_12345/logs/id_dee324e4ac91/final,,,,,,,,,
train_resnetse5,id_700980c27586,,completed,0,False,id_a619266c470c,supervised,resnetse5,full_finetune_lr4,id_7aec5716a4be,multimodal_df,daghar_standardized_balanced,motionsense,train,config_0,multimodal_samples_025_2,id_7d268895569b,har,train,full_run,/workspaces/HIAAC-KR-Dev-Container/Minerva-Exps/benchmarks/experiments/paper_daghar_supervised_3runs_perlr_samples_down_seed_resnetse5_12345/logs/id_700980c27586/final,,,,,,,,,
train_resnetse5,id_11d1d6ffbaa9,,completed,0,False,id_01c6663a52ec,supervised,resnetse5,full_finetune_lr3,id_f90ca44123d9,multimodal_df,daghar_standardized_balanced,kuhar,train,config_0,multimodal_samples_200_3,id_7d268895569b,har,train,full_run,/workspaces/HIAAC-KR-Dev-Container/Minerva-Exps/benchmarks/experiments/paper_daghar_supervised_3runs_perlr_samples_down_seed_resnetse5_12345/logs/id_11d1d6ffbaa9/final,,,,,,,,,
train_resnetse5,id_22e2a53810ef,,completed,0,False,id_51a779f741ee,supervised,resnetse5,full_finetune_lr1,id_a217c54dba62,multimodal_df,daghar_standardized_balanced,wisdm,train,config_0,multimodal_samples_200,id_7d268895569b,har,train,full_run,/workspaces/HIAAC-KR-Dev-Container/Minerva-Exps/benchmarks/experiments/paper_daghar_supervised_3runs_perlr_samples_down_seed_resnetse5_12345/logs/id_22e2a53810ef/final,,,,,,,,,
evaluate_resnetse5,id_17738e636828,id_a664ff1f1a80,completed,1,True,id_3f47675df06f,supervised,resnetse5,full_finetune_lr5,id_5c7b0e9cca0d,multimodal_df,daghar_standardized_balanced,wisdm,test,,multimodal_perc_100,id_daa7333eb2f8,har,evaluate,full_run,/workspaces/HIAAC-KR-Dev-Container/Minerva-Exps/benchmarks/experiments/paper_daghar_supervised_3runs_perlr_samples_down_seed_resnetse5_12345/logs/id_17738e636828/final,37161e265e,/workspaces/HIAAC-KR-Dev-Container/Minerva-Exps/benchmarks/experiments/paper_daghar_supervised_3runs_perlr_samples_down_seed_resnetse5_12345/logs/id_17738e636828/final/metrics_2025-11-10-15-23-37161e265e.yaml,/workspaces/HIAAC-KR-Dev-Container/Minerva-Exps/benchmarks/experiments/paper_daghar_supervised_3runs_perlr_samples_down_seed_resnetse5_12345/logs/id_17738e636828/final/run_2025-11-10-15-23-37161e265e.yaml,0.7242703437805176,0.6141038537025452,0.5329833030700684,0.7242703437805176,0.5794162750244141,0.6141037940979004
evaluate_resnetse5,id_9b63c51d680c,id_1ceb556b5d15,completed,1,True,id_3f47675df06f,supervised,resnetse5,full_finetune_lr5,id_509ed146099d,multimodal_df,daghar_standardized_balanced,wisdm,test,,multimodal_perc_100,id_daa7333eb2f8,har,evaluate,full_run,/workspaces/HIAAC-KR-Dev-Container/Minerva-Exps/benchmarks/experiments/paper_daghar_supervised_3runs_perlr_samples_down_seed_resnetse5_12345/logs/id_9b63c51d680c/final,263ca78ddb,/workspaces/HIAAC-KR-Dev-Container/Minerva-Exps/benchmarks/experiments/paper_daghar_supervised_3runs_perlr_samples_down_seed_resnetse5_12345/logs/id_9b63c51d680c/final/metrics_2025-11-10-16-19-263ca78ddb.yaml,/workspaces/HIAAC-KR-Dev-Container/Minerva-Exps/benchmarks/experiments/paper_daghar_supervised_3runs_perlr_samples_down_seed_resnetse5_12345/logs/id_9b63c51d680c/final/run_2025-11-10-16-19-263ca78ddb.yaml,0.5514593124389648,0.6818162798881531,0.434985876083374,0.5514593124389648,0.5514593124389648,0.5113621950149536
train_resnetse5,id_6f6410a8d851,,completed,0,False,id_612c26209f9f,supervised,resnetse5,full_finetune_lr2,id_52a5133aa345,multimodal_df,daghar_standardized_balanced,wisdm,train,config_0,multimodal_samples_100_3,id_7d268895569b,har,train,full_run,/workspaces/HIAAC-KR-Dev-Container/Minerva-Exps/benchmarks/experiments/paper_daghar_supervised_3runs_perlr_samples_down_seed_resnetse5_12345/logs/id_6f6410a8d851/final,,,,,,,,,
train_resnetse5,id_18a1a8984c2b,,completed,0,False,id_3f47675df06f,supervised,resnetse5,full_finetune_lr5,id_94f746b04a62,multimodal_df,daghar_standardized_balanced,motionsense,train,config_0,multimodal_samples_200_2,id_7d268895569b,har,train,full_run,/workspaces/HIAAC-KR-Dev-Container/Minerva-Exps/benchmarks/experiments/paper_daghar_supervised_3runs_perlr_samples_down_seed_resnetse5_12345/logs/id_18a1a8984c2b/final,,,,,,,,,
train_resnetse5,id_ad3238cdbc3a,,completed,0,False,id_a619266c470c,supervised,resnetse5,full_finetune_lr4,id_62ae1bbdbef0,multimodal_df,daghar_standardized_balanced,kuhar,train,config_0,multimodal_samples_001,id_7d268895569b,har,train,full_run,/workspaces/HIAAC-KR-Dev-Container/Minerva-Exps/benchmarks/experiments/paper_daghar_supervised_3runs_perlr_samples_down_seed_resnetse5_12345/logs/id_ad3238cdbc3a/final,,,,,,,,,
train_resnetse5,id_c7311c2e4d9e,,completed,0,False,id_3f47675df06f,supervised,resnetse5,full_finetune_lr5,id_5f141c49960f,multimodal_df,daghar_standardized_balanced,motionsense,train,config_0,multimodal_samples_005_2,id_7d268895569b,har,train,full_run,/workspaces/HIAAC-KR-Dev-Container/Minerva-Exps/benchmarks/experiments/paper_daghar_supervised_3runs_perlr_samples_down_seed_resnetse5_12345/logs/id_c7311c2e4d9e/final,,,,,,,,,
train_resnetse5,id_ccd7e5a5dfbb,,completed,0,False,id_612c26209f9f,supervised,resnetse5,full_finetune_lr2,id_3b2d9b9fd6c6,multimodal_df,daghar_standardized_balanced,kuhar,train,config_0,multimodal_samples_010_3,id_7d268895569b,har,train,full_run,/workspaces/HIAAC-KR-Dev-Container/Minerva-Exps/benchmarks/experiments/paper_daghar_supervised_3runs_perlr_samples_down_seed_resnetse5_12345/logs/id_ccd7e5a5dfbb/final,,,,,,,,,
evaluate_resnetse5,id_74f32230a958,id_989d48655858,completed,1,True,id_51a779f741ee,supervised,resnetse5,full_finetune_lr1,id_e2018ac605e5,multimodal_df,daghar_standardized_balanced,rw_waist,test,,multimodal_perc_100,id_daa7333eb2f8,har,evaluate,full_run,/workspaces/HIAAC-KR-Dev-Container/Minerva-Exps/benchmarks/experiments/paper_daghar_supervised_3runs_perlr_samples_down_seed_resnetse5_12345/logs/id_74f32230a958/final,02dfff6c8b,/workspaces/HIAAC-KR-Dev-Container/Minerva-Exps/benchmarks/experiments/paper_daghar_supervised_3runs_perlr_samples_down_seed_resnetse5_12345/logs/id_74f32230a958/final/metrics_2025-11-10-16-03-02dfff6c8b.yaml,/workspaces/HIAAC-KR-Dev-Container/Minerva-Exps/benchmarks/experiments/paper_daghar_supervised_3runs_perlr_samples_down_seed_resnetse5_12345/logs/id_74f32230a958/final/run_2025-11-10-16-03-02dfff6c8b.yaml,0.7067901492118835,0.7365893721580505,0.6619365811347961,0.7067901492118835,0.7067901492118835,0.7365893721580505
evaluate_resnetse5,id_8d6aa3bde193,id_db46474d5516,completed,1,True,id_a619266c470c,supervised,resnetse5,full_finetune_lr4,id_e5fd231e1895,multimodal_df,daghar_standardized_balanced,rw_thigh,test,,multimodal_perc_100,id_daa7333eb2f8,har,evaluate,full_run,/workspaces/HIAAC-KR-Dev-Container/Minerva-Exps/benchmarks/experiments/paper_daghar_supervised_3runs_perlr_samples_down_seed_resnetse5_12345/logs/id_8d6aa3bde193/final,06c65fde05,/workspaces/HIAAC-KR-Dev-Container/Minerva-Exps/benchmarks/experiments/paper_daghar_supervised_3runs_perlr_samples_down_seed_resnetse5_12345/logs/id_8d6aa3bde193/final/metrics_2025-11-10-16-13-06c65fde05.yaml,/workspaces/HIAAC-KR-Dev-Container/Minerva-Exps/benchmarks/experiments/paper_daghar_supervised_3runs_perlr_samples_down_seed_resnetse5_12345/logs/id_8d6aa3bde193/final/run_2025-11-10-16-13-06c65fde05.yaml,0.6645962595939636,0.7035133838653564,0.6209818720817566,0.6645962595939636,0.6645962595939636,0.7035133242607117
evaluate_resnetse5,id_eb70ab2ab934,id_704778361474,completed,1,True,id_01c6663a52ec,supervised,resnetse5,full_finetune_lr3,id_9d1733a6504a,multimodal_df,daghar_standardized_balanced,motionsense,test,,multimodal_perc_100,id_daa7333eb2f8,har,evaluate,full_run,/workspaces/HIAAC-KR-Dev-Container/Minerva-Exps/benchmarks/experiments/paper_daghar_supervised_3runs_perlr_samples_down_seed_resnetse5_12345/logs/id_eb70ab2ab934/final,516b391867,/workspaces/HIAAC-KR-Dev-Container/Minerva-Exps/benchmarks/experiments/paper_daghar_supervised_3runs_perlr_samples_down_seed_resnetse5_12345/logs/id_eb70ab2ab934/final/metrics_2025-11-10-16-56-516b391867.yaml,/workspaces/HIAAC-KR-Dev-Container/Minerva-Exps/benchmarks/experiments/paper_daghar_supervised_3runs_perlr_samples_down_seed_resnetse5_12345/logs/id_eb70ab2ab934/final/run_2025-11-10-16-56-516b391867.yaml,0.8013182878494263,0.8376032710075378,0.793013870716095,0.8013182878494263,0.8013182878494263,0.8376033306121826
evaluate_resnetse5,id_2bd0d29ce13f,id_dd3a2985d2f2,completed,1,True,id_612c26209f9f,supervised,resnetse5,full_finetune_lr2,id_e2018ac605e5,multimodal_df,daghar_standardized_balanced,rw_waist,test,,multimodal_perc_100,id_daa7333eb2f8,har,evaluate,full_run,/workspaces/HIAAC-KR-Dev-Container/Minerva-Exps/benchmarks/experiments/paper_daghar_supervised_3runs_perlr_samples_down_seed_resnetse5_12345/logs/id_2bd0d29ce13f/final,254a14937c,/workspaces/HIAAC-KR-Dev-Container/Minerva-Exps/benchmarks/experiments/paper_daghar_supervised_3runs_perlr_samples_down_seed_resnetse5_12345/logs/id_2bd0d29ce13f/final/metrics_2025-11-10-15-31-254a14937c.yaml,/workspaces/HIAAC-KR-Dev-Container/Minerva-Exps/benchmarks/experiments/paper_daghar_supervised_3runs_perlr_samples_down_seed_resnetse5_12345/logs/id_2bd0d29ce13f/final/run_2025-11-10-15-31-254a14937c.yaml,0.6940586566925049,0.717716634273529,0.6536304950714111,0.6940586566925049,0.6940585970878601,0.717716634273529
train_resnetse5,id_e1770cff52f8,,completed,0,False,id_01c6663a52ec,supervised,resnetse5,full_finetune_lr3,id_53a73fa7e879,multimodal_df,daghar_standardized_balanced,wisdm,train,config_0,multimodal_samples_200_3,id_7d268895569b,har,train,full_run,/workspaces/HIAAC-KR-Dev-Container/Minerva-Exps/benchmarks/experiments/paper_daghar_supervised_3runs_perlr_samples_down_seed_resnetse5_12345/logs/id_e1770cff52f8/final,,,,,,,,,
train_resnetse5,id_ba9154f851b7,,completed,0,False,id_a619266c470c,supervised,resnetse5,full_finetune_lr4,id_a5eb7bbd285a,multimodal_df,daghar_standardized_balanced,motionsense,train,config_0,multimodal_samples_050,id_7d268895569b,har,train,full_run,/workspaces/HIAAC-KR-Dev-Container/Minerva-Exps/benchmarks/experiments/paper_daghar_supervised_3runs_perlr_samples_down_seed_resnetse5_12345/logs/id_ba9154f851b7/final,,,,,,,,,
train_resnetse5,id_e34ead43b2a4,,completed,0,False,id_01c6663a52ec,supervised,resnetse5,full_finetune_lr3,id_3ca44ce6c400,multimodal_df,daghar_standardized_balanced,rw_thigh,train,config_0,multimodal_samples_050_2,id_7d268895569b,har,train,full_run,/workspaces/HIAAC-KR-Dev-Container/Minerva-Exps/benchmarks/experiments/paper_daghar_supervised_3runs_perlr_samples_down_seed_resnetse5_12345/logs/id_e34ead43b2a4/final,,,,,,,,,
evaluate_resnetse5,id_869933e13949,id_9a233a8a168b,completed,1,True,id_a619266c470c,supervised,resnetse5,full_finetune_lr4,id_ad0888f4c2a5,multimodal_df,daghar_standardized_balanced,uci,test,,multimodal_perc_100,id_daa7333eb2f8,har,evaluate,full_run,/workspaces/HIAAC-KR-Dev-Container/Minerva-Exps/benchmarks/experiments/paper_daghar_supervised_3runs_perlr_samples_down_seed_resnetse5_12345/logs/id_869933e13949/final,32be41bb40,/workspaces/HIAAC-KR-Dev-Container/Minerva-Exps/benchmarks/experiments/paper_daghar_supervised_3runs_perlr_samples_down_seed_resnetse5_12345/logs/id_869933e13949/final/metrics_2025-11-10-16-10-32be41bb40.yaml,/workspaces/HIAAC-KR-Dev-Container/Minerva-Exps/benchmarks/experiments/paper_daghar_supervised_3runs_perlr_samples_down_seed_resnetse5_12345/logs/id_869933e13949/final/run_2025-11-10-16-10-32be41bb40.yaml,0.9188405871391296,0.9185888171195984,0.9187014102935791,0.9188405871391296,0.9188406467437744,0.9185888767242432
evaluate_resnetse5,id_8dc020fcec7e,id_21b13371ba59,completed,1,True,id_612c26209f9f,supervised,resnetse5,full_finetune_lr2,id_59be9faa838c,multimodal_df,daghar_standardized_balanced,rw_thigh,test,,multimodal_perc_100,id_daa7333eb2f8,har,evaluate,full_run,/workspaces/HIAAC-KR-Dev-Container/Minerva-Exps/benchmarks/experiments/paper_daghar_supervised_3runs_perlr_samples_down_seed_resnetse5_12345/logs/id_8dc020fcec7e/final,2821a9f48d,/workspaces/HIAAC-KR-Dev-Container/Minerva-Exps/benchmarks/experiments/paper_daghar_supervised_3runs_perlr_samples_down_seed_resnetse5_12345/logs/id_8dc020fcec7e/final/metrics_2025-11-10-16-13-2821a9f48d.yaml,/workspaces/HIAAC-KR-Dev-Container/Minerva-Exps/benchmarks/experiments/paper_daghar_supervised_3runs_perlr_samples_down_seed_resnetse5_12345/logs/id_8dc020fcec7e/final/run_2025-11-10-16-13-2821a9f48d.yaml,0.5772947072982788,0.655432403087616,0.5386671423912048,0.5772947072982788,0.5772947072982788,0.655432403087616
train_resnetse5,id_3fe562bf0f75,,completed,0,False,id_a619266c470c,supervised,resnetse5,full_finetune_lr4,id_56baa66d670c,multimodal_df,daghar_standardized_balanced,uci,train,config_0,multimodal_samples_200_2,id_7d268895569b,har,train,full_run,/workspaces/HIAAC-KR-Dev-Container/Minerva-Exps/benchmarks/experiments/paper_daghar_supervised_3runs_perlr_samples_down_seed_resnetse5_12345/logs/id_3fe562bf0f75/final,,,,,,,,,
evaluate_resnetse5,id_2015a8b7d7fb,id_6fae838cf183,completed,1,True,id_3f47675df06f,supervised,resnetse5,full_finetune_lr5,id_83507f6f11e1,multimodal_df,daghar_standardized_balanced,kuhar,test,,multimodal_perc_100,id_daa7333eb2f8,har,evaluate,full_run,/workspaces/HIAAC-KR-Dev-Container/Minerva-Exps/benchmarks/experiments/paper_daghar_supervised_3runs_perlr_samples_down_seed_resnetse5_12345/logs/id_2015a8b7d7fb/final,493d06f1fe,/workspaces/HIAAC-KR-Dev-Container/Minerva-Exps/benchmarks/experiments/paper_daghar_supervised_3runs_perlr_samples_down_seed_resnetse5_12345/logs/id_2015a8b7d7fb/final/metrics_2025-11-10-15-27-493d06f1fe.yaml,/workspaces/HIAAC-KR-Dev-Container/Minerva-Exps/benchmarks/experiments/paper_daghar_supervised_3runs_perlr_samples_down_seed_resnetse5_12345/logs/id_2015a8b7d7fb/final/run_2025-11-10-15-27-493d06f1fe.yaml,0.6597222089767456,0.7150794267654419,0.5992684364318848,0.6597222089767456,0.6597222089767456,0.5958994626998901
evaluate_resnetse5,id_63e0f92d4f78,id_828eb51ba032,completed,1,True,id_a619266c470c,supervised,resnetse5,full_finetune_lr4,id_5e9954676477,multimodal_df,daghar_standardized_balanced,wisdm,test,,multimodal_perc_100,id_daa7333eb2f8,har,evaluate,full_run,/workspaces/HIAAC-KR-Dev-Container/Minerva-Exps/benchmarks/experiments/paper_daghar_supervised_3runs_perlr_samples_down_seed_resnetse5_12345/logs/id_63e0f92d4f78/final,19274576fd,/workspaces/HIAAC-KR-Dev-Container/Minerva-Exps/benchmarks/experiments/paper_daghar_supervised_3runs_perlr_samples_down_seed_resnetse5_12345/logs/id_63e0f92d4f78/final/metrics_2025-11-10-15-55-19274576fd.yaml,/workspaces/HIAAC-KR-Dev-Container/Minerva-Exps/benchmarks/experiments/paper_daghar_supervised_3runs_perlr_samples_down_seed_resnetse5_12345/logs/id_63e0f92d4f78/final/run_2025-11-10-15-55-19274576fd.yaml,0.6766512989997864,0.7562432289123535,0.5920097827911377,0.6766512989997864,0.6766512989997864,0.5671823620796204
train_resnetse5,id_2c93ff8ebe82,,completed,0,False,id_3f47675df06f,supervised,resnetse5,full_finetune_lr5,id_4cebd74418d5,multimodal_df,daghar_standardized_balanced,rw_thigh,train,config_0,multimodal_samples_025_2,id_7d268895569b,har,train,full_run,/workspaces/HIAAC-KR-Dev-Container/Minerva-Exps/benchmarks/experiments/paper_daghar_supervised_3runs_perlr_samples_down_seed_resnetse5_12345/logs/id_2c93ff8ebe82/final,,,,,,,,,
train_resnetse5,id_005a00a76984,,completed,0,False,id_612c26209f9f,supervised,resnetse5,full_finetune_lr2,id_c05d706619f3,multimodal_df,daghar_standardized_balanced,rw_thigh,train,config_0,multimodal_samples_010,id_7d268895569b,har,train,full_run,/workspaces/HIAAC-KR-Dev-Container/Minerva-Exps/benchmarks/experiments/paper_daghar_supervised_3runs_perlr_samples_down_seed_resnetse5_12345/logs/id_005a00a76984/final,,,,,,,,,
train_resnetse5,id_277cffdf7efd,,completed,0,False,id_612c26209f9f,supervised,resnetse5,full_finetune_lr2,id_8eaba78f5c3b,multimodal_df,daghar_standardized_balanced,kuhar,train,config_0,multimodal_samples_025_3,id_7d268895569b,har,train,full_run,/workspaces/HIAAC-KR-Dev-Container/Minerva-Exps/benchmarks/experiments/paper_daghar_supervised_3runs_perlr_samples_down_seed_resnetse5_12345/logs/id_277cffdf7efd/final,,,,,,,,,
train_resnetse5,id_479680479975,,completed,0,False,id_612c26209f9f,supervised,resnetse5,full_finetune_lr2,id_515e0c3fbe05,multimodal_df,daghar_standardized_balanced,kuhar,train,config_0,multimodal_samples_200,id_7d268895569b,har,train,full_run,/workspaces/HIAAC-KR-Dev-Container/Minerva-Exps/benchmarks/experiments/paper_daghar_supervised_3runs_perlr_samples_down_seed_resnetse5_12345/logs/id_479680479975/final,,,,,,,,,
train_resnetse5,id_04644e53b969,,completed,0,False,id_3f47675df06f,supervised,resnetse5,full_finetune_lr5,id_b2426d8d9cf0,multimodal_df,daghar_standardized_balanced,kuhar,train,config_0,multimodal_samples_001_2,id_7d268895569b,har,train,full_run,/workspaces/HIAAC-KR-Dev-Container/Minerva-Exps/benchmarks/experiments/paper_daghar_supervised_3runs_perlr_samples_down_seed_resnetse5_12345/logs/id_04644e53b969/final,,,,,,,,,
train_resnetse5,id_70cd99d86b5d,,completed,0,False,id_01c6663a52ec,supervised,resnetse5,full_finetune_lr3,id_598014e6a5d3,multimodal_df,daghar_standardized_balanced,rw_thigh,train,config_0,multimodal_samples_100_3,id_7d268895569b,har,train,full_run,/workspaces/HIAAC-KR-Dev-Container/Minerva-Exps/benchmarks/experiments/paper_daghar_supervised_3runs_perlr_samples_down_seed_resnetse5_12345/logs/id_70cd99d86b5d/final,,,,,,,,,
evaluate_resnetse5,id_2826270631f5,id_df4a84283780,completed,1,True,id_01c6663a52ec,supervised,resnetse5,full_finetune_lr3,id_6d709bfacf5c,multimodal_df,daghar_standardized_balanced,rw_thigh,test,,multimodal_perc_100,id_daa7333eb2f8,har,evaluate,full_run,/workspaces/HIAAC-KR-Dev-Container/Minerva-Exps/benchmarks/experiments/paper_daghar_supervised_3runs_perlr_samples_down_seed_resnetse5_12345/logs/id_2826270631f5/final,1230bb971e,/workspaces/HIAAC-KR-Dev-Container/Minerva-Exps/benchmarks/experiments/paper_daghar_supervised_3runs_perlr_samples_down_seed_resnetse5_12345/logs/id_2826270631f5/final/metrics_2025-11-10-15-30-1230bb971e.yaml,/workspaces/HIAAC-KR-Dev-Container/Minerva-Exps/benchmarks/experiments/paper_daghar_supervised_3runs_perlr_samples_down_seed_resnetse5_12345/logs/id_2826270631f5/final/run_2025-11-10-15-30-1230bb971e.yaml,0.6856452822685242,0.7830306887626648,0.6400589942932129,0.6856452822685242,0.6856452822685242,0.6525256037712097
train_resnetse5,id_3e48923b220f,,completed,0,False,id_612c26209f9f,supervised,resnetse5,full_finetune_lr2,id_c348f76cba85,multimodal_df,daghar_standardized_balanced,kuhar,train,config_0,multimodal_samples_100,id_7d268895569b,har,train,full_run,/workspaces/HIAAC-KR-Dev-Container/Minerva-Exps/benchmarks/experiments/paper_daghar_supervised_3runs_perlr_samples_down_seed_resnetse5_12345/logs/id_3e48923b220f/final,,,,,,,,,
evaluate_resnetse5,id_d8cb7e3aaf9e,id_b2dccec2934b,completed,1,True,id_51a779f741ee,supervised,resnetse5,full_finetune_lr1,id_4291237e1e89,multimodal_df,daghar_standardized_balanced,uci,test,,multimodal_perc_100,id_daa7333eb2f8,har,evaluate,full_run,/workspaces/HIAAC-KR-Dev-Container/Minerva-Exps/benchmarks/experiments/paper_daghar_supervised_3runs_perlr_samples_down_seed_resnetse5_12345/logs/id_d8cb7e3aaf9e/final,22612d612d,/workspaces/HIAAC-KR-Dev-Container/Minerva-Exps/benchmarks/experiments/paper_daghar_supervised_3runs_perlr_samples_down_seed_resnetse5_12345/logs/id_d8cb7e3aaf9e/final/metrics_2025-11-10-16-46-22612d612d.yaml,/workspaces/HIAAC-KR-Dev-Container/Minerva-Exps/benchmarks/experiments/paper_daghar_supervised_3runs_perlr_samples_down_seed_resnetse5_12345/logs/id_d8cb7e3aaf9e/final/run_2025-11-10-16-46-22612d612d.yaml,0.6811594367027283,0.6963138580322266,0.6767189502716064,0.6811594367027283,0.6811594367027283,0.6963137984275818
evaluate_resnetse5,id_aa9150469fc1,id_961bc9ac9c74,completed,1,True,id_51a779f741ee,supervised,resnetse5,full_finetune_lr1,id_f8566074d192,multimodal_df,daghar_standardized_balanced,kuhar,test,,multimodal_perc_100,id_daa7333eb2f8,har,evaluate,full_run,/workspaces/HIAAC-KR-Dev-Container/Minerva-Exps/benchmarks/experiments/paper_daghar_supervised_3runs_perlr_samples_down_seed_resnetse5_12345/logs/id_aa9150469fc1/final,42badc19fc,/workspaces/HIAAC-KR-Dev-Container/Minerva-Exps/benchmarks/experiments/paper_daghar_supervised_3runs_perlr_samples_down_seed_resnetse5_12345/logs/id_aa9150469fc1/final/metrics_2025-11-10-16-26-42badc19fc.yaml,/workspaces/HIAAC-KR-Dev-Container/Minerva-Exps/benchmarks/experiments/paper_daghar_supervised_3runs_perlr_samples_down_seed_resnetse5_12345/logs/id_aa9150469fc1/final/run_2025-11-10-16-26-42badc19fc.yaml,0.5069444179534912,0.584389865398407,0.427688330411911,0.5069444179534912,0.506944477558136,0.4869915246963501
evaluate_resnetse5,id_ff46cb4aabc5,id_4f45ac6ae405,completed,1,True,id_01c6663a52ec,supervised,resnetse5,full_finetune_lr3,id_de0e2f735469,multimodal_df,daghar_standardized_balanced,uci,test,,multimodal_perc_100,id_daa7333eb2f8,har,evaluate,full_run,/workspaces/HIAAC-KR-Dev-Container/Minerva-Exps/benchmarks/experiments/paper_daghar_supervised_3runs_perlr_samples_down_seed_resnetse5_12345/logs/id_ff46cb4aabc5/final,19993708dd,/workspaces/HIAAC-KR-Dev-Container/Minerva-Exps/benchmarks/experiments/paper_daghar_supervised_3runs_perlr_samples_down_seed_resnetse5_12345/logs/id_ff46cb4aabc5/final/metrics_2025-11-10-17-05-19993708dd.yaml,/workspaces/HIAAC-KR-Dev-Container/Minerva-Exps/benchmarks/experiments/paper_daghar_supervised_3runs_perlr_samples_down_seed_resnetse5_12345/logs/id_ff46cb4aabc5/final/run_2025-11-10-17-05-19993708dd.yaml,0.7898550629615784,0.7902372479438782,0.7893635034561157,0.7898550629615784,0.7898550629615784,0.7902371883392334
evaluate_resnetse5,id_159174b07d7d,id_92bea528e34d,completed,1,True,id_612c26209f9f,supervised,resnetse5,full_finetune_lr2,id_a9af5fb5fdd5,multimodal_df,daghar_standardized_balanced,rw_thigh,test,,multimodal_perc_100,id_daa7333eb2f8,har,evaluate,full_run,/workspaces/HIAAC-KR-Dev-Container/Minerva-Exps/benchmarks/experiments/paper_daghar_supervised_3runs_perlr_samples_down_seed_resnetse5_12345/logs/id_159174b07d7d/final,11054223f9,/workspaces/HIAAC-KR-Dev-Container/Minerva-Exps/benchmarks/experiments/paper_daghar_supervised_3runs_perlr_samples_down_seed_resnetse5_12345/logs/id_159174b07d7d/final/metrics_2025-11-10-15-22-11054223f9.yaml,/workspaces/HIAAC-KR-Dev-Container/Minerva-Exps/benchmarks/experiments/paper_daghar_supervised_3runs_perlr_samples_down_seed_resnetse5_12345/logs/id_159174b07d7d/final/run_2025-11-10-15-22-11054223f9.yaml,0.7101449370384216,0.7542576789855957,0.6670379638671875,0.7101449370384216,0.7101448774337769,0.7542576789855957
train_resnetse5,id_4b4b9add54d5,,completed,0,False,id_3f47675df06f,supervised,resnetse5,full_finetune_lr5,id_a8b9fb2299ef,multimodal_df,daghar_standardized_balanced,wisdm,train,config_0,multimodal_samples_010_2,id_7d268895569b,har,train,full_run,/workspaces/HIAAC-KR-Dev-Container/Minerva-Exps/benchmarks/experiments/paper_daghar_supervised_3runs_perlr_samples_down_seed_resnetse5_12345/logs/id_4b4b9add54d5/final,,,,,,,,,
evaluate_resnetse5,id_9a59ed1203e7,id_155579e13e2c,completed,1,True,id_a619266c470c,supervised,resnetse5,full_finetune_lr4,id_010187ba04f0,multimodal_df,daghar_standardized_balanced,wisdm,test,,multimodal_perc_100,id_daa7333eb2f8,har,evaluate,full_run,/workspaces/HIAAC-KR-Dev-Container/Minerva-Exps/benchmarks/experiments/paper_daghar_supervised_3runs_perlr_samples_down_seed_resnetse5_12345/logs/id_9a59ed1203e7/final,2228fa2074,/workspaces/HIAAC-KR-Dev-Container/Minerva-Exps/benchmarks/experiments/paper_daghar_supervised_3runs_perlr_samples_down_seed_resnetse5_12345/logs/id_9a59ed1203e7/final/metrics_2025-11-10-16-19-2228fa2074.yaml,/workspaces/HIAAC-KR-Dev-Container/Minerva-Exps/benchmarks/experiments/paper_daghar_supervised_3runs_perlr_samples_down_seed_resnetse5_12345/logs/id_9a59ed1203e7/final/run_2025-11-10-16-19-2228fa2074.yaml,0.8260368704795837,0.8328596949577332,0.8257650136947632,0.8260368704795837,0.8260368704795837,0.8328596949577332
evaluate_resnetse5,id_f772e1f6bf4b,id_669dfa7ceb91,completed,1,True,id_3f47675df06f,supervised,resnetse5,full_finetune_lr5,id_9df44531c7bb,multimodal_df,daghar_standardized_balanced,motionsense,test,,multimodal_perc_100,id_daa7333eb2f8,har,evaluate,full_run,/workspaces/HIAAC-KR-Dev-Container/Minerva-Exps/benchmarks/experiments/paper_daghar_supervised_3runs_perlr_samples_down_seed_resnetse5_12345/logs/id_f772e1f6bf4b/final,195574d3c8,/workspaces/HIAAC-KR-Dev-Container/Minerva-Exps/benchmarks/experiments/paper_daghar_supervised_3runs_perlr_samples_down_seed_resnetse5_12345/logs/id_f772e1f6bf4b/final/metrics_2025-11-10-17-02-195574d3c8.yaml,/workspaces/HIAAC-KR-Dev-Container/Minerva-Exps/benchmarks/experiments/paper_daghar_supervised_3runs_perlr_samples_down_seed_resnetse5_12345/logs/id_f772e1f6bf4b/final/run_2025-11-10-17-02-195574d3c8.yaml,0.5216572284698486,0.5835938453674316,0.38907453417778015,0.5216572284698486,0.5216572880744934,0.48632821440696716
train_resnetse5,id_80d5b2fc8b0e,,completed,0,False,id_612c26209f9f,supervised,resnetse5,full_finetune_lr2,id_e0d8b057e9ae,multimodal_df,daghar_standardized_balanced,wisdm,train,config_0,multimodal_samples_200_2,id_7d268895569b,har,train,full_run,/workspaces/HIAAC-KR-Dev-Container/Minerva-Exps/benchmarks/experiments/paper_daghar_supervised_3runs_perlr_samples_down_seed_resnetse5_12345/logs/id_80d5b2fc8b0e/final,,,,,,,,,
train_resnetse5,id_1d4b58ad5297,,completed,0,False,id_a619266c470c,supervised,resnetse5,full_finetune_lr4,id_6470a9337d8a,multimodal_df,daghar_standardized_balanced,rw_thigh,train,config_0,multimodal_samples_001,id_7d268895569b,har,train,full_run,/workspaces/HIAAC-KR-Dev-Container/Minerva-Exps/benchmarks/experiments/paper_daghar_supervised_3runs_perlr_samples_down_seed_resnetse5_12345/logs/id_1d4b58ad5297/final,,,,,,,,,
train_resnetse5,id_3b1f98230766,,completed,0,False,id_a619266c470c,supervised,resnetse5,full_finetune_lr4,id_d55a47551268,multimodal_df,daghar_standardized_balanced,rw_thigh,train,config_0,multimodal_samples_100_2,id_7d268895569b,har,train,full_run,/workspaces/HIAAC-KR-Dev-Container/Minerva-Exps/benchmarks/experiments/paper_daghar_supervised_3runs_perlr_samples_down_seed_resnetse5_12345/logs/id_3b1f98230766/final,,,,,,,,,
train_resnetse5,id_f3848757989f,,completed,0,False,id_01c6663a52ec,supervised,resnetse5,full_finetune_lr3,id_515e0c3fbe05,multimodal_df,daghar_standardized_balanced,kuhar,train,config_0,multimodal_samples_200,id_7d268895569b,har,train,full_run,/workspaces/HIAAC-KR-Dev-Container/Minerva-Exps/benchmarks/experiments/paper_daghar_supervised_3runs_perlr_samples_down_seed_resnetse5_12345/logs/id_f3848757989f/final,,,,,,,,,
evaluate_resnetse5,id_eba89bc122eb,id_6f6410a8d851,completed,1,True,id_612c26209f9f,supervised,resnetse5,full_finetune_lr2,id_9971eadca4c3,multimodal_df,daghar_standardized_balanced,wisdm,test,,multimodal_perc_100,id_daa7333eb2f8,har,evaluate,full_run,/workspaces/HIAAC-KR-Dev-Container/Minerva-Exps/benchmarks/experiments/paper_daghar_supervised_3runs_perlr_samples_down_seed_resnetse5_12345/logs/id_eba89bc122eb/final,06d4880966,/workspaces/HIAAC-KR-Dev-Container/Minerva-Exps/benchmarks/experiments/paper_daghar_supervised_3runs_perlr_samples_down_seed_resnetse5_12345/logs/id_eba89bc122eb/final/metrics_2025-11-10-16-57-06d4880966.yaml,/workspaces/HIAAC-KR-Dev-Container/Minerva-Exps/benchmarks/experiments/paper_daghar_supervised_3runs_perlr_samples_down_seed_resnetse5_12345/logs/id_eba89bc122eb/final/run_2025-11-10-16-57-06d4880966.yaml,0.7016128897666931,0.7184008955955505,0.6215165853500366,0.7016128897666931,0.7016129493713379,0.7184008955955505
evaluate_resnetse5,id_7643082001dc,id_5d6d17d83fca,completed,1,True,id_612c26209f9f,supervised,resnetse5,full_finetune_lr2,id_e16618f7bbf9,multimodal_df,daghar_standardized_balanced,wisdm,test,,multimodal_perc_100,id_daa7333eb2f8,har,evaluate,full_run,/workspaces/HIAAC-KR-Dev-Container/Minerva-Exps/benchmarks/experiments/paper_daghar_supervised_3runs_perlr_samples_down_seed_resnetse5_12345/logs/id_7643082001dc/final,283b11acb9,/workspaces/HIAAC-KR-Dev-Container/Minerva-Exps/benchmarks/experiments/paper_daghar_supervised_3runs_perlr_samples_down_seed_resnetse5_12345/logs/id_7643082001dc/final/metrics_2025-11-10-16-03-283b11acb9.yaml,/workspaces/HIAAC-KR-Dev-Container/Minerva-Exps/benchmarks/experiments/paper_daghar_supervised_3runs_perlr_samples_down_seed_resnetse5_12345/logs/id_7643082001dc/final/run_2025-11-10-16-03-283b11acb9.yaml,0.25,0.25,0.10000000149011612,0.25,0.25,0.0625
evaluate_resnetse5,id_a9023ba65d0e,id_d2a7df8db5c6,completed,1,True,id_612c26209f9f,supervised,resnetse5,full_finetune_lr2,id_5c7b0e9cca0d,multimodal_df,daghar_standardized_balanced,wisdm,test,,multimodal_perc_100,id_daa7333eb2f8,har,evaluate,full_run,/workspaces/HIAAC-KR-Dev-Container/Minerva-Exps/benchmarks/experiments/paper_daghar_supervised_3runs_perlr_samples_down_seed_resnetse5_12345/logs/id_a9023ba65d0e/final,575e4e7db0,/workspaces/HIAAC-KR-Dev-Container/Minerva-Exps/benchmarks/experiments/paper_daghar_supervised_3runs_perlr_samples_down_seed_resnetse5_12345/logs/id_a9023ba65d0e/final/metrics_2025-11-10-16-25-575e4e7db0.yaml,/workspaces/HIAAC-KR-Dev-Container/Minerva-Exps/benchmarks/experiments/paper_daghar_supervised_3runs_perlr_samples_down_seed_resnetse5_12345/logs/id_a9023ba65d0e/final/run_2025-11-10-16-25-575e4e7db0.yaml,0.753072202205658,0.7599093914031982,0.7351331114768982,0.753072202205658,0.753072202205658,0.7599093914031982
train_resnetse5,id_f6f71582a682,,completed,0,False,id_612c26209f9f,supervised,resnetse5,full_finetune_lr2,id_a3717fe8cdbe,multimodal_df,daghar_standardized_balanced,wisdm,train,config_0,multimodal_samples_100,id_7d268895569b,har,train,full_run,/workspaces/HIAAC-KR-Dev-Container/Minerva-Exps/benchmarks/experiments/paper_daghar_supervised_3runs_perlr_samples_down_seed_resnetse5_12345/logs/id_f6f71582a682/final,,,,,,,,,
evaluate_resnetse5,id_7aa5efe5f1b3,id_70cd99d86b5d,completed,1,True,id_01c6663a52ec,supervised,resnetse5,full_finetune_lr3,id_475824b89c6e,multimodal_df,daghar_standardized_balanced,rw_thigh,test,,multimodal_perc_100,id_daa7333eb2f8,har,evaluate,full_run,/workspaces/HIAAC-KR-Dev-Container/Minerva-Exps/benchmarks/experiments/paper_daghar_supervised_3runs_perlr_samples_down_seed_resnetse5_12345/logs/id_7aa5efe5f1b3/final,25ca29310f,/workspaces/HIAAC-KR-Dev-Container/Minerva-Exps/benchmarks/experiments/paper_daghar_supervised_3runs_perlr_samples_down_seed_resnetse5_12345/logs/id_7aa5efe5f1b3/final/metrics_2025-11-10-16-05-25ca29310f.yaml,/workspaces/HIAAC-KR-Dev-Container/Minerva-Exps/benchmarks/experiments/paper_daghar_supervised_3runs_perlr_samples_down_seed_resnetse5_12345/logs/id_7aa5efe5f1b3/final/run_2025-11-10-16-05-25ca29310f.yaml,0.694616973400116,0.757072925567627,0.6790121793746948,0.694616973400116,0.6946169137954712,0.757072925567627
evaluate_resnetse5,id_0ce299b1a768,id_01d1fe9efa21,completed,1,True,id_01c6663a52ec,supervised,resnetse5,full_finetune_lr3,id_3d28ee1db3cc,multimodal_df,daghar_standardized_balanced,wisdm,test,,multimodal_perc_100,id_daa7333eb2f8,har,evaluate,full_run,/workspaces/HIAAC-KR-Dev-Container/Minerva-Exps/benchmarks/experiments/paper_daghar_supervised_3runs_perlr_samples_down_seed_resnetse5_12345/logs/id_0ce299b1a768/final,2413701b2d,/workspaces/HIAAC-KR-Dev-Container/Minerva-Exps/benchmarks/experiments/paper_daghar_supervised_3runs_perlr_samples_down_seed_resnetse5_12345/logs/id_0ce299b1a768/final/metrics_2025-11-10-15-18-2413701b2d.yaml,/workspaces/HIAAC-KR-Dev-Container/Minerva-Exps/benchmarks/experiments/paper_daghar_supervised_3runs_perlr_samples_down_seed_resnetse5_12345/logs/id_0ce299b1a768/final/run_2025-11-10-15-18-2413701b2d.yaml,0.8456221222877502,0.8573945164680481,0.8424717783927917,0.8456221222877502,0.8456220626831055,0.8573945164680481
