execution/id,execution/uid,backbone/load_from_uid,execution/status,execution/num_deps,ckpt/resume,model/uid,model/config,model/name,model/override_id,data/uid,data/data_module,data/view,data/dataset,data/partition,data/name,data/override_id,pipeline/uid,pipeline/task,pipeline/name,pipeline/override_id,execution/root_dir,execution/run_id,execution/metric_file,execution/run_file,metric/classification/accuracy,metric/classification/balanced_accuracy,metric/classification/f1_score_macro,metric/classification/f1_score_micro,metric/classification/precision,metric/classification/recall
train_harcnn,id_06c67c66f917,,completed,0,False,id_58b7ba40d9ba,supervised,harcnn,full_finetune_lr3,id_caa8f5feb10b,multimodal_df,daghar_standardized_balanced,kuhar,train,config_0,multimodal_samples_050,id_7d268895569b,har,train,full_run,/workspaces/HIAAC-KR-Dev-Container/Minerva-Exps/benchmarks/experiments/paper_daghar_supervised_3runs_perlr_samples_down_seed_harcnn_34/logs/id_06c67c66f917/final,,,,,,,,,
train_harcnn,id_0e04693338ed,,completed,0,False,id_58b7ba40d9ba,supervised,harcnn,full_finetune_lr3,id_8eaba78f5c3b,multimodal_df,daghar_standardized_balanced,kuhar,train,config_0,multimodal_samples_025_3,id_7d268895569b,har,train,full_run,/workspaces/HIAAC-KR-Dev-Container/Minerva-Exps/benchmarks/experiments/paper_daghar_supervised_3runs_perlr_samples_down_seed_harcnn_34/logs/id_0e04693338ed/final,,,,,,,,,
train_harcnn,id_0418ca8249d0,,completed,0,False,id_58b7ba40d9ba,supervised,harcnn,full_finetune_lr3,id_b54259b359ab,multimodal_df,daghar_standardized_balanced,rw_waist,train,config_0,multimodal_samples_001_3,id_7d268895569b,har,train,full_run,/workspaces/HIAAC-KR-Dev-Container/Minerva-Exps/benchmarks/experiments/paper_daghar_supervised_3runs_perlr_samples_down_seed_harcnn_34/logs/id_0418ca8249d0/final,,,,,,,,,
train_harcnn,id_04f2049ddbc2,,completed,0,False,id_6d037d42cfe2,supervised,harcnn,full_finetune_lr4,id_a5eb7bbd285a,multimodal_df,daghar_standardized_balanced,motionsense,train,config_0,multimodal_samples_050,id_7d268895569b,har,train,full_run,/workspaces/HIAAC-KR-Dev-Container/Minerva-Exps/benchmarks/experiments/paper_daghar_supervised_3runs_perlr_samples_down_seed_harcnn_34/logs/id_04f2049ddbc2/final,,,,,,,,,
train_harcnn,id_0c5ac91d0c2c,,completed,0,False,id_58b7ba40d9ba,supervised,harcnn,full_finetune_lr3,id_d368449171f5,multimodal_df,daghar_standardized_balanced,rw_waist,train,config_0,multimodal_samples_050_2,id_7d268895569b,har,train,full_run,/workspaces/HIAAC-KR-Dev-Container/Minerva-Exps/benchmarks/experiments/paper_daghar_supervised_3runs_perlr_samples_down_seed_harcnn_34/logs/id_0c5ac91d0c2c/final,,,,,,,,,
train_harcnn,id_048f65c047a0,,completed,0,False,id_6d037d42cfe2,supervised,harcnn,full_finetune_lr4,id_091a3b529e49,multimodal_df,daghar_standardized_balanced,kuhar,train,config_0,multimodal_samples_005_3,id_7d268895569b,har,train,full_run,/workspaces/HIAAC-KR-Dev-Container/Minerva-Exps/benchmarks/experiments/paper_daghar_supervised_3runs_perlr_samples_down_seed_harcnn_34/logs/id_048f65c047a0/final,,,,,,,,,
train_harcnn,id_097880e403ee,,completed,0,False,id_6d037d42cfe2,supervised,harcnn,full_finetune_lr4,id_c6b7ed4cb494,multimodal_df,daghar_standardized_balanced,rw_waist,train,config_0,multimodal_samples_200,id_7d268895569b,har,train,full_run,/workspaces/HIAAC-KR-Dev-Container/Minerva-Exps/benchmarks/experiments/paper_daghar_supervised_3runs_perlr_samples_down_seed_harcnn_34/logs/id_097880e403ee/final,,,,,,,,,
train_harcnn,id_10289f67bcb1,,completed,0,False,id_58b7ba40d9ba,supervised,harcnn,full_finetune_lr3,id_01955da0dfc1,multimodal_df,daghar_standardized_balanced,wisdm,train,config_0,multimodal_samples_001_3,id_7d268895569b,har,train,full_run,/workspaces/HIAAC-KR-Dev-Container/Minerva-Exps/benchmarks/experiments/paper_daghar_supervised_3runs_perlr_samples_down_seed_harcnn_34/logs/id_10289f67bcb1/final,,,,,,,,,
train_harcnn,id_039317f55d83,,completed,0,False,id_6d037d42cfe2,supervised,harcnn,full_finetune_lr4,id_a4bdc43c44df,multimodal_df,daghar_standardized_balanced,wisdm,train,config_0,multimodal_samples_010,id_7d268895569b,har,train,full_run,/workspaces/HIAAC-KR-Dev-Container/Minerva-Exps/benchmarks/experiments/paper_daghar_supervised_3runs_perlr_samples_down_seed_harcnn_34/logs/id_039317f55d83/final,,,,,,,,,
train_harcnn,id_14f8fe19a225,,completed,0,False,id_58b7ba40d9ba,supervised,harcnn,full_finetune_lr3,id_8b5908afbf43,multimodal_df,daghar_standardized_balanced,rw_waist,train,config_0,multimodal_samples_001_2,id_7d268895569b,har,train,full_run,/workspaces/HIAAC-KR-Dev-Container/Minerva-Exps/benchmarks/experiments/paper_daghar_supervised_3runs_perlr_samples_down_seed_harcnn_34/logs/id_14f8fe19a225/final,,,,,,,,,
train_harcnn,id_11a03514ec9e,,completed,0,False,id_58b7ba40d9ba,supervised,harcnn,full_finetune_lr3,id_c6b7ed4cb494,multimodal_df,daghar_standardized_balanced,rw_waist,train,config_0,multimodal_samples_200,id_7d268895569b,har,train,full_run,/workspaces/HIAAC-KR-Dev-Container/Minerva-Exps/benchmarks/experiments/paper_daghar_supervised_3runs_perlr_samples_down_seed_harcnn_34/logs/id_11a03514ec9e/final,,,,,,,,,
train_harcnn,id_1592129efba0,,completed,0,False,id_58b7ba40d9ba,supervised,harcnn,full_finetune_lr3,id_68e2c218f19b,multimodal_df,daghar_standardized_balanced,rw_waist,train,config_0,multimodal_samples_050,id_7d268895569b,har,train,full_run,/workspaces/HIAAC-KR-Dev-Container/Minerva-Exps/benchmarks/experiments/paper_daghar_supervised_3runs_perlr_samples_down_seed_harcnn_34/logs/id_1592129efba0/final,,,,,,,,,
train_harcnn,id_117a5cdc4365,,completed,0,False,id_6d037d42cfe2,supervised,harcnn,full_finetune_lr4,id_94f746b04a62,multimodal_df,daghar_standardized_balanced,motionsense,train,config_0,multimodal_samples_200_2,id_7d268895569b,har,train,full_run,/workspaces/HIAAC-KR-Dev-Container/Minerva-Exps/benchmarks/experiments/paper_daghar_supervised_3runs_perlr_samples_down_seed_harcnn_34/logs/id_117a5cdc4365/final,,,,,,,,,
train_harcnn,id_14beab034ba3,,completed,0,False,id_58b7ba40d9ba,supervised,harcnn,full_finetune_lr3,id_12164f3aad9d,multimodal_df,daghar_standardized_balanced,uci,train,config_0,multimodal_samples_100_2,id_7d268895569b,har,train,full_run,/workspaces/HIAAC-KR-Dev-Container/Minerva-Exps/benchmarks/experiments/paper_daghar_supervised_3runs_perlr_samples_down_seed_harcnn_34/logs/id_14beab034ba3/final,,,,,,,,,
train_harcnn,id_1387a85c4b0d,,completed,0,False,id_6d037d42cfe2,supervised,harcnn,full_finetune_lr4,id_4cebd74418d5,multimodal_df,daghar_standardized_balanced,rw_thigh,train,config_0,multimodal_samples_025_2,id_7d268895569b,har,train,full_run,/workspaces/HIAAC-KR-Dev-Container/Minerva-Exps/benchmarks/experiments/paper_daghar_supervised_3runs_perlr_samples_down_seed_harcnn_34/logs/id_1387a85c4b0d/final,,,,,,,,,
train_harcnn,id_161700b4135d,,completed,0,False,id_6d037d42cfe2,supervised,harcnn,full_finetune_lr4,id_c1e743ebb0a8,multimodal_df,daghar_standardized_balanced,rw_thigh,train,config_0,multimodal_samples_005_3,id_7d268895569b,har,train,full_run,/workspaces/HIAAC-KR-Dev-Container/Minerva-Exps/benchmarks/experiments/paper_daghar_supervised_3runs_perlr_samples_down_seed_harcnn_34/logs/id_161700b4135d/final,,,,,,,,,
train_harcnn,id_16a4ede34ef9,,completed,0,False,id_6d037d42cfe2,supervised,harcnn,full_finetune_lr4,id_c38874ce2244,multimodal_df,daghar_standardized_balanced,rw_waist,train,config_0,multimodal_samples_100_3,id_7d268895569b,har,train,full_run,/workspaces/HIAAC-KR-Dev-Container/Minerva-Exps/benchmarks/experiments/paper_daghar_supervised_3runs_perlr_samples_down_seed_harcnn_34/logs/id_16a4ede34ef9/final,,,,,,,,,
train_harcnn,id_18b68fb21118,,completed,0,False,id_6d037d42cfe2,supervised,harcnn,full_finetune_lr4,id_c22ef6d3a4dc,multimodal_df,daghar_standardized_balanced,motionsense,train,config_0,multimodal_samples_100_2,id_7d268895569b,har,train,full_run,/workspaces/HIAAC-KR-Dev-Container/Minerva-Exps/benchmarks/experiments/paper_daghar_supervised_3runs_perlr_samples_down_seed_harcnn_34/logs/id_18b68fb21118/final,,,,,,,,,
train_harcnn,id_1ad391db848b,,completed,0,False,id_58b7ba40d9ba,supervised,harcnn,full_finetune_lr3,id_eb44f9c784ea,multimodal_df,daghar_standardized_balanced,rw_waist,train,config_0,multimodal_samples_005_2,id_7d268895569b,har,train,full_run,/workspaces/HIAAC-KR-Dev-Container/Minerva-Exps/benchmarks/experiments/paper_daghar_supervised_3runs_perlr_samples_down_seed_harcnn_34/logs/id_1ad391db848b/final,,,,,,,,,
train_harcnn,id_1905ae1059a0,,completed,0,False,id_58b7ba40d9ba,supervised,harcnn,full_finetune_lr3,id_d68570b59c0c,multimodal_df,daghar_standardized_balanced,motionsense,train,config_0,multimodal_samples_050_2,id_7d268895569b,har,train,full_run,/workspaces/HIAAC-KR-Dev-Container/Minerva-Exps/benchmarks/experiments/paper_daghar_supervised_3runs_perlr_samples_down_seed_harcnn_34/logs/id_1905ae1059a0/final,,,,,,,,,
train_harcnn,id_19c83470dd4a,,completed,0,False,id_58b7ba40d9ba,supervised,harcnn,full_finetune_lr3,id_3ca44ce6c400,multimodal_df,daghar_standardized_balanced,rw_thigh,train,config_0,multimodal_samples_050_2,id_7d268895569b,har,train,full_run,/workspaces/HIAAC-KR-Dev-Container/Minerva-Exps/benchmarks/experiments/paper_daghar_supervised_3runs_perlr_samples_down_seed_harcnn_34/logs/id_19c83470dd4a/final,,,,,,,,,
train_harcnn,id_1b07fc1b4782,,completed,0,False,id_58b7ba40d9ba,supervised,harcnn,full_finetune_lr3,id_6470a9337d8a,multimodal_df,daghar_standardized_balanced,rw_thigh,train,config_0,multimodal_samples_001,id_7d268895569b,har,train,full_run,/workspaces/HIAAC-KR-Dev-Container/Minerva-Exps/benchmarks/experiments/paper_daghar_supervised_3runs_perlr_samples_down_seed_harcnn_34/logs/id_1b07fc1b4782/final,,,,,,,,,
train_harcnn,id_1b31e1f6267c,,completed,0,False,id_6d037d42cfe2,supervised,harcnn,full_finetune_lr4,id_664d92a3ca56,multimodal_df,daghar_standardized_balanced,uci,train,config_0,multimodal_samples_200_3,id_7d268895569b,har,train,full_run,/workspaces/HIAAC-KR-Dev-Container/Minerva-Exps/benchmarks/experiments/paper_daghar_supervised_3runs_perlr_samples_down_seed_harcnn_34/logs/id_1b31e1f6267c/final,,,,,,,,,
train_harcnn,id_1c984ceff6de,,completed,0,False,id_6d037d42cfe2,supervised,harcnn,full_finetune_lr4,id_f726969cec7e,multimodal_df,daghar_standardized_balanced,kuhar,train,config_0,multimodal_perc_100_3,id_7d268895569b,har,train,full_run,/workspaces/HIAAC-KR-Dev-Container/Minerva-Exps/benchmarks/experiments/paper_daghar_supervised_3runs_perlr_samples_down_seed_harcnn_34/logs/id_1c984ceff6de/final,,,,,,,,,
train_harcnn,id_1ca1f5709f7c,,completed,0,False,id_6d037d42cfe2,supervised,harcnn,full_finetune_lr4,id_1e462792852c,multimodal_df,daghar_standardized_balanced,motionsense,train,config_0,multimodal_samples_200_3,id_7d268895569b,har,train,full_run,/workspaces/HIAAC-KR-Dev-Container/Minerva-Exps/benchmarks/experiments/paper_daghar_supervised_3runs_perlr_samples_down_seed_harcnn_34/logs/id_1ca1f5709f7c/final,,,,,,,,,
train_harcnn,id_1ff1ca998ae4,,completed,0,False,id_58b7ba40d9ba,supervised,harcnn,full_finetune_lr3,id_b2426d8d9cf0,multimodal_df,daghar_standardized_balanced,kuhar,train,config_0,multimodal_samples_001_2,id_7d268895569b,har,train,full_run,/workspaces/HIAAC-KR-Dev-Container/Minerva-Exps/benchmarks/experiments/paper_daghar_supervised_3runs_perlr_samples_down_seed_harcnn_34/logs/id_1ff1ca998ae4/final,,,,,,,,,
train_harcnn,id_1c7080f6e4df,,completed,0,False,id_58b7ba40d9ba,supervised,harcnn,full_finetune_lr3,id_5aed9d092412,multimodal_df,daghar_standardized_balanced,wisdm,train,config_0,multimodal_samples_050_3,id_7d268895569b,har,train,full_run,/workspaces/HIAAC-KR-Dev-Container/Minerva-Exps/benchmarks/experiments/paper_daghar_supervised_3runs_perlr_samples_down_seed_harcnn_34/logs/id_1c7080f6e4df/final,,,,,,,,,
train_harcnn,id_1b357fcd3885,,completed,0,False,id_6d037d42cfe2,supervised,harcnn,full_finetune_lr4,id_dd4d18f1c7c4,multimodal_df,daghar_standardized_balanced,rw_thigh,train,config_0,multimodal_samples_025,id_7d268895569b,har,train,full_run,/workspaces/HIAAC-KR-Dev-Container/Minerva-Exps/benchmarks/experiments/paper_daghar_supervised_3runs_perlr_samples_down_seed_harcnn_34/logs/id_1b357fcd3885/final,,,,,,,,,
train_harcnn,id_18a4e378ddbc,,completed,0,False,id_6d037d42cfe2,supervised,harcnn,full_finetune_lr4,id_b2e8ece61834,multimodal_df,daghar_standardized_balanced,wisdm,train,config_0,multimodal_perc_100_3,id_7d268895569b,har,train,full_run,/workspaces/HIAAC-KR-Dev-Container/Minerva-Exps/benchmarks/experiments/paper_daghar_supervised_3runs_perlr_samples_down_seed_harcnn_34/logs/id_18a4e378ddbc/final,,,,,,,,,
train_harcnn,id_209194ea9147,,completed,0,False,id_58b7ba40d9ba,supervised,harcnn,full_finetune_lr3,id_64a3cc41ecfe,multimodal_df,daghar_standardized_balanced,wisdm,train,config_0,multimodal_samples_001_2,id_7d268895569b,har,train,full_run,/workspaces/HIAAC-KR-Dev-Container/Minerva-Exps/benchmarks/experiments/paper_daghar_supervised_3runs_perlr_samples_down_seed_harcnn_34/logs/id_209194ea9147/final,,,,,,,,,
train_harcnn,id_200500c776d0,,completed,0,False,id_58b7ba40d9ba,supervised,harcnn,full_finetune_lr3,id_88b17060c225,multimodal_df,daghar_standardized_balanced,wisdm,train,config_0,multimodal_samples_100_2,id_7d268895569b,har,train,full_run,/workspaces/HIAAC-KR-Dev-Container/Minerva-Exps/benchmarks/experiments/paper_daghar_supervised_3runs_perlr_samples_down_seed_harcnn_34/logs/id_200500c776d0/final,,,,,,,,,
train_harcnn,id_22debac6b843,,completed,0,False,id_58b7ba40d9ba,supervised,harcnn,full_finetune_lr3,id_fb5b4619ed71,multimodal_df,daghar_standardized_balanced,uci,train,config_0,multimodal_samples_005_2,id_7d268895569b,har,train,full_run,/workspaces/HIAAC-KR-Dev-Container/Minerva-Exps/benchmarks/experiments/paper_daghar_supervised_3runs_perlr_samples_down_seed_harcnn_34/logs/id_22debac6b843/final,,,,,,,,,
train_harcnn,id_22ff693c28e6,,completed,0,False,id_58b7ba40d9ba,supervised,harcnn,full_finetune_lr3,id_98a30d23c42b,multimodal_df,daghar_standardized_balanced,rw_waist,train,config_0,multimodal_samples_001,id_7d268895569b,har,train,full_run,/workspaces/HIAAC-KR-Dev-Container/Minerva-Exps/benchmarks/experiments/paper_daghar_supervised_3runs_perlr_samples_down_seed_harcnn_34/logs/id_22ff693c28e6/final,,,,,,,,,
train_harcnn,id_26c184c5c3e4,,completed,0,False,id_58b7ba40d9ba,supervised,harcnn,full_finetune_lr3,id_58f0d08fff7e,multimodal_df,daghar_standardized_balanced,rw_thigh,train,config_0,multimodal_samples_050_3,id_7d268895569b,har,train,full_run,/workspaces/HIAAC-KR-Dev-Container/Minerva-Exps/benchmarks/experiments/paper_daghar_supervised_3runs_perlr_samples_down_seed_harcnn_34/logs/id_26c184c5c3e4/final,,,,,,,,,
train_harcnn,id_27fdc096cb5f,,completed,0,False,id_58b7ba40d9ba,supervised,harcnn,full_finetune_lr3,id_e5f35050bdc1,multimodal_df,daghar_standardized_balanced,wisdm,train,config_0,multimodal_samples_005_3,id_7d268895569b,har,train,full_run,/workspaces/HIAAC-KR-Dev-Container/Minerva-Exps/benchmarks/experiments/paper_daghar_supervised_3runs_perlr_samples_down_seed_harcnn_34/logs/id_27fdc096cb5f/final,,,,,,,,,
train_harcnn,id_2a622f510be6,,completed,0,False,id_58b7ba40d9ba,supervised,harcnn,full_finetune_lr3,id_f50c99792caa,multimodal_df,daghar_standardized_balanced,uci,train,config_0,multimodal_samples_001_3,id_7d268895569b,har,train,full_run,/workspaces/HIAAC-KR-Dev-Container/Minerva-Exps/benchmarks/experiments/paper_daghar_supervised_3runs_perlr_samples_down_seed_harcnn_34/logs/id_2a622f510be6/final,,,,,,,,,
train_harcnn,id_23b89d768432,,completed,0,False,id_6d037d42cfe2,supervised,harcnn,full_finetune_lr4,id_2259a82d2cb2,multimodal_df,daghar_standardized_balanced,wisdm,train,config_0,multimodal_samples_025_3,id_7d268895569b,har,train,full_run,/workspaces/HIAAC-KR-Dev-Container/Minerva-Exps/benchmarks/experiments/paper_daghar_supervised_3runs_perlr_samples_down_seed_harcnn_34/logs/id_23b89d768432/final,,,,,,,,,
train_harcnn,id_23607bf2008c,,completed,0,False,id_6d037d42cfe2,supervised,harcnn,full_finetune_lr4,id_50b8183b88b4,multimodal_df,daghar_standardized_balanced,rw_waist,train,config_0,multimodal_samples_050_3,id_7d268895569b,har,train,full_run,/workspaces/HIAAC-KR-Dev-Container/Minerva-Exps/benchmarks/experiments/paper_daghar_supervised_3runs_perlr_samples_down_seed_harcnn_34/logs/id_23607bf2008c/final,,,,,,,,,
train_harcnn,id_29e600b241c7,,completed,0,False,id_58b7ba40d9ba,supervised,harcnn,full_finetune_lr3,id_e627a7ff3b82,multimodal_df,daghar_standardized_balanced,rw_waist,train,config_0,multimodal_samples_200_3,id_7d268895569b,har,train,full_run,/workspaces/HIAAC-KR-Dev-Container/Minerva-Exps/benchmarks/experiments/paper_daghar_supervised_3runs_perlr_samples_down_seed_harcnn_34/logs/id_29e600b241c7/final,,,,,,,,,
train_harcnn,id_2cdbeb5010cf,,completed,0,False,id_58b7ba40d9ba,supervised,harcnn,full_finetune_lr3,id_d94ad4785d32,multimodal_df,daghar_standardized_balanced,kuhar,train,config_0,multimodal_samples_200_2,id_7d268895569b,har,train,full_run,/workspaces/HIAAC-KR-Dev-Container/Minerva-Exps/benchmarks/experiments/paper_daghar_supervised_3runs_perlr_samples_down_seed_harcnn_34/logs/id_2cdbeb5010cf/final,,,,,,,,,
train_harcnn,id_2e015159c277,,completed,0,False,id_6d037d42cfe2,supervised,harcnn,full_finetune_lr4,id_cca20f21af92,multimodal_df,daghar_standardized_balanced,motionsense,train,config_0,multimodal_perc_100_3,id_7d268895569b,har,train,full_run,/workspaces/HIAAC-KR-Dev-Container/Minerva-Exps/benchmarks/experiments/paper_daghar_supervised_3runs_perlr_samples_down_seed_harcnn_34/logs/id_2e015159c277/final,,,,,,,,,
train_harcnn,id_2f331f6e058e,,completed,0,False,id_58b7ba40d9ba,supervised,harcnn,full_finetune_lr3,id_42b645fb84f8,multimodal_df,daghar_standardized_balanced,uci,train,config_0,multimodal_samples_025_3,id_7d268895569b,har,train,full_run,/workspaces/HIAAC-KR-Dev-Container/Minerva-Exps/benchmarks/experiments/paper_daghar_supervised_3runs_perlr_samples_down_seed_harcnn_34/logs/id_2f331f6e058e/final,,,,,,,,,
train_harcnn,id_2fd13954ed72,,completed,0,False,id_58b7ba40d9ba,supervised,harcnn,full_finetune_lr3,id_2b43c6cb6c29,multimodal_df,daghar_standardized_balanced,motionsense,train,config_0,multimodal_samples_001_3,id_7d268895569b,har,train,full_run,/workspaces/HIAAC-KR-Dev-Container/Minerva-Exps/benchmarks/experiments/paper_daghar_supervised_3runs_perlr_samples_down_seed_harcnn_34/logs/id_2fd13954ed72/final,,,,,,,,,
train_harcnn,id_2f37cecd363d,,completed,0,False,id_58b7ba40d9ba,supervised,harcnn,full_finetune_lr3,id_a8b9fb2299ef,multimodal_df,daghar_standardized_balanced,wisdm,train,config_0,multimodal_samples_010_2,id_7d268895569b,har,train,full_run,/workspaces/HIAAC-KR-Dev-Container/Minerva-Exps/benchmarks/experiments/paper_daghar_supervised_3runs_perlr_samples_down_seed_harcnn_34/logs/id_2f37cecd363d/final,,,,,,,,,
train_harcnn,id_311371d2547f,,completed,0,False,id_6d037d42cfe2,supervised,harcnn,full_finetune_lr4,id_d55a47551268,multimodal_df,daghar_standardized_balanced,rw_thigh,train,config_0,multimodal_samples_100_2,id_7d268895569b,har,train,full_run,/workspaces/HIAAC-KR-Dev-Container/Minerva-Exps/benchmarks/experiments/paper_daghar_supervised_3runs_perlr_samples_down_seed_harcnn_34/logs/id_311371d2547f/final,,,,,,,,,
train_harcnn,id_305de63e9356,,completed,0,False,id_6d037d42cfe2,supervised,harcnn,full_finetune_lr4,id_0f9a122d7cc5,multimodal_df,daghar_standardized_balanced,uci,train,config_0,multimodal_samples_025,id_7d268895569b,har,train,full_run,/workspaces/HIAAC-KR-Dev-Container/Minerva-Exps/benchmarks/experiments/paper_daghar_supervised_3runs_perlr_samples_down_seed_harcnn_34/logs/id_305de63e9356/final,,,,,,,,,
train_harcnn,id_2f372b4eecb7,,completed,0,False,id_6d037d42cfe2,supervised,harcnn,full_finetune_lr4,id_a274409d79b7,multimodal_df,daghar_standardized_balanced,uci,train,config_0,multimodal_perc_100_2,id_7d268895569b,har,train,full_run,/workspaces/HIAAC-KR-Dev-Container/Minerva-Exps/benchmarks/experiments/paper_daghar_supervised_3runs_perlr_samples_down_seed_harcnn_34/logs/id_2f372b4eecb7/final,,,,,,,,,
train_harcnn,id_33193b98cf65,,completed,0,False,id_58b7ba40d9ba,supervised,harcnn,full_finetune_lr3,id_d55a47551268,multimodal_df,daghar_standardized_balanced,rw_thigh,train,config_0,multimodal_samples_100_2,id_7d268895569b,har,train,full_run,/workspaces/HIAAC-KR-Dev-Container/Minerva-Exps/benchmarks/experiments/paper_daghar_supervised_3runs_perlr_samples_down_seed_harcnn_34/logs/id_33193b98cf65/final,,,,,,,,,
train_harcnn,id_34db60c2991e,,completed,0,False,id_58b7ba40d9ba,supervised,harcnn,full_finetune_lr3,id_9dd4c9a25077,multimodal_df,daghar_standardized_balanced,motionsense,train,config_0,multimodal_samples_200,id_7d268895569b,har,train,full_run,/workspaces/HIAAC-KR-Dev-Container/Minerva-Exps/benchmarks/experiments/paper_daghar_supervised_3runs_perlr_samples_down_seed_harcnn_34/logs/id_34db60c2991e/final,,,,,,,,,
train_harcnn,id_2f52a2a794d6,,completed,0,False,id_6d037d42cfe2,supervised,harcnn,full_finetune_lr4,id_51abcd3eb4aa,multimodal_df,daghar_standardized_balanced,rw_thigh,train,config_0,multimodal_perc_100,id_7d268895569b,har,train,full_run,/workspaces/HIAAC-KR-Dev-Container/Minerva-Exps/benchmarks/experiments/paper_daghar_supervised_3runs_perlr_samples_down_seed_harcnn_34/logs/id_2f52a2a794d6/final,,,,,,,,,
train_harcnn,id_34fb13a67cb1,,completed,0,False,id_6d037d42cfe2,supervised,harcnn,full_finetune_lr4,id_653f367090ba,multimodal_df,daghar_standardized_balanced,rw_waist,train,config_0,multimodal_samples_010_2,id_7d268895569b,har,train,full_run,/workspaces/HIAAC-KR-Dev-Container/Minerva-Exps/benchmarks/experiments/paper_daghar_supervised_3runs_perlr_samples_down_seed_harcnn_34/logs/id_34fb13a67cb1/final,,,,,,,,,
train_harcnn,id_399f164fdbf3,,completed,0,False,id_6d037d42cfe2,supervised,harcnn,full_finetune_lr4,id_8eaba78f5c3b,multimodal_df,daghar_standardized_balanced,kuhar,train,config_0,multimodal_samples_025_3,id_7d268895569b,har,train,full_run,/workspaces/HIAAC-KR-Dev-Container/Minerva-Exps/benchmarks/experiments/paper_daghar_supervised_3runs_perlr_samples_down_seed_harcnn_34/logs/id_399f164fdbf3/final,,,,,,,,,
train_harcnn,id_359feaf41f7d,,completed,0,False,id_58b7ba40d9ba,supervised,harcnn,full_finetune_lr3,id_820f9528b139,multimodal_df,daghar_standardized_balanced,motionsense,train,config_0,multimodal_samples_010_3,id_7d268895569b,har,train,full_run,/workspaces/HIAAC-KR-Dev-Container/Minerva-Exps/benchmarks/experiments/paper_daghar_supervised_3runs_perlr_samples_down_seed_harcnn_34/logs/id_359feaf41f7d/final,,,,,,,,,
train_harcnn,id_365e5af4fecd,,completed,0,False,id_6d037d42cfe2,supervised,harcnn,full_finetune_lr4,id_d68570b59c0c,multimodal_df,daghar_standardized_balanced,motionsense,train,config_0,multimodal_samples_050_2,id_7d268895569b,har,train,full_run,/workspaces/HIAAC-KR-Dev-Container/Minerva-Exps/benchmarks/experiments/paper_daghar_supervised_3runs_perlr_samples_down_seed_harcnn_34/logs/id_365e5af4fecd/final,,,,,,,,,
train_harcnn,id_3572748b8323,,completed,0,False,id_58b7ba40d9ba,supervised,harcnn,full_finetune_lr3,id_a3717fe8cdbe,multimodal_df,daghar_standardized_balanced,wisdm,train,config_0,multimodal_samples_100,id_7d268895569b,har,train,full_run,/workspaces/HIAAC-KR-Dev-Container/Minerva-Exps/benchmarks/experiments/paper_daghar_supervised_3runs_perlr_samples_down_seed_harcnn_34/logs/id_3572748b8323/final,,,,,,,,,
train_harcnn,id_372f11f217f2,,completed,0,False,id_6d037d42cfe2,supervised,harcnn,full_finetune_lr4,id_e40d7f3591a5,multimodal_df,daghar_standardized_balanced,rw_thigh,train,config_0,multimodal_samples_010_3,id_7d268895569b,har,train,full_run,/workspaces/HIAAC-KR-Dev-Container/Minerva-Exps/benchmarks/experiments/paper_daghar_supervised_3runs_perlr_samples_down_seed_harcnn_34/logs/id_372f11f217f2/final,,,,,,,,,
train_harcnn,id_3602c8960b38,,completed,0,False,id_58b7ba40d9ba,supervised,harcnn,full_finetune_lr3,id_a4bdc43c44df,multimodal_df,daghar_standardized_balanced,wisdm,train,config_0,multimodal_samples_010,id_7d268895569b,har,train,full_run,/workspaces/HIAAC-KR-Dev-Container/Minerva-Exps/benchmarks/experiments/paper_daghar_supervised_3runs_perlr_samples_down_seed_harcnn_34/logs/id_3602c8960b38/final,,,,,,,,,
train_harcnn,id_3a882b9da2f5,,completed,0,False,id_6d037d42cfe2,supervised,harcnn,full_finetune_lr4,id_63390b2e2f32,multimodal_df,daghar_standardized_balanced,wisdm,train,config_0,multimodal_samples_005_2,id_7d268895569b,har,train,full_run,/workspaces/HIAAC-KR-Dev-Container/Minerva-Exps/benchmarks/experiments/paper_daghar_supervised_3runs_perlr_samples_down_seed_harcnn_34/logs/id_3a882b9da2f5/final,,,,,,,,,
train_harcnn,id_3da71cab5e6b,,completed,0,False,id_58b7ba40d9ba,supervised,harcnn,full_finetune_lr3,id_a65f0a88ac4d,multimodal_df,daghar_standardized_balanced,uci,train,config_0,multimodal_samples_001_2,id_7d268895569b,har,train,full_run,/workspaces/HIAAC-KR-Dev-Container/Minerva-Exps/benchmarks/experiments/paper_daghar_supervised_3runs_perlr_samples_down_seed_harcnn_34/logs/id_3da71cab5e6b/final,,,,,,,,,
train_harcnn,id_3d5b7561b28e,,completed,0,False,id_58b7ba40d9ba,supervised,harcnn,full_finetune_lr3,id_a5eb7bbd285a,multimodal_df,daghar_standardized_balanced,motionsense,train,config_0,multimodal_samples_050,id_7d268895569b,har,train,full_run,/workspaces/HIAAC-KR-Dev-Container/Minerva-Exps/benchmarks/experiments/paper_daghar_supervised_3runs_perlr_samples_down_seed_harcnn_34/logs/id_3d5b7561b28e/final,,,,,,,,,
train_harcnn,id_3bb10475f1b1,,completed,0,False,id_6d037d42cfe2,supervised,harcnn,full_finetune_lr4,id_5f141c49960f,multimodal_df,daghar_standardized_balanced,motionsense,train,config_0,multimodal_samples_005_2,id_7d268895569b,har,train,full_run,/workspaces/HIAAC-KR-Dev-Container/Minerva-Exps/benchmarks/experiments/paper_daghar_supervised_3runs_perlr_samples_down_seed_harcnn_34/logs/id_3bb10475f1b1/final,,,,,,,,,
train_harcnn,id_40de46631411,,completed,0,False,id_6d037d42cfe2,supervised,harcnn,full_finetune_lr4,id_3b3b9b61dc95,multimodal_df,daghar_standardized_balanced,kuhar,train,config_0,multimodal_perc_100,id_7d268895569b,har,train,full_run,/workspaces/HIAAC-KR-Dev-Container/Minerva-Exps/benchmarks/experiments/paper_daghar_supervised_3runs_perlr_samples_down_seed_harcnn_34/logs/id_40de46631411/final,,,,,,,,,
train_harcnn,id_3e97320f6202,,completed,0,False,id_6d037d42cfe2,supervised,harcnn,full_finetune_lr4,id_14b0f19aa3e3,multimodal_df,daghar_standardized_balanced,rw_waist,train,config_0,multimodal_samples_100_2,id_7d268895569b,har,train,full_run,/workspaces/HIAAC-KR-Dev-Container/Minerva-Exps/benchmarks/experiments/paper_daghar_supervised_3runs_perlr_samples_down_seed_harcnn_34/logs/id_3e97320f6202/final,,,,,,,,,
train_harcnn,id_3a1d6181fdef,,completed,0,False,id_6d037d42cfe2,supervised,harcnn,full_finetune_lr4,id_e959f1474a75,multimodal_df,daghar_standardized_balanced,wisdm,train,config_0,multimodal_perc_100,id_7d268895569b,har,train,full_run,/workspaces/HIAAC-KR-Dev-Container/Minerva-Exps/benchmarks/experiments/paper_daghar_supervised_3runs_perlr_samples_down_seed_harcnn_34/logs/id_3a1d6181fdef/final,,,,,,,,,
train_harcnn,id_3dabb50b562d,,completed,0,False,id_58b7ba40d9ba,supervised,harcnn,full_finetune_lr3,id_dc9780befec7,multimodal_df,daghar_standardized_balanced,uci,train,config_0,multimodal_perc_100,id_7d268895569b,har,train,full_run,/workspaces/HIAAC-KR-Dev-Container/Minerva-Exps/benchmarks/experiments/paper_daghar_supervised_3runs_perlr_samples_down_seed_harcnn_34/logs/id_3dabb50b562d/final,,,,,,,,,
train_harcnn,id_451c0db3de95,,completed,0,False,id_58b7ba40d9ba,supervised,harcnn,full_finetune_lr3,id_7df0892adc07,multimodal_df,daghar_standardized_balanced,rw_thigh,train,config_0,multimodal_samples_005,id_7d268895569b,har,train,full_run,/workspaces/HIAAC-KR-Dev-Container/Minerva-Exps/benchmarks/experiments/paper_daghar_supervised_3runs_perlr_samples_down_seed_harcnn_34/logs/id_451c0db3de95/final,,,,,,,,,
train_harcnn,id_43b72c9e2aab,,completed,0,False,id_6d037d42cfe2,supervised,harcnn,full_finetune_lr4,id_64a3cc41ecfe,multimodal_df,daghar_standardized_balanced,wisdm,train,config_0,multimodal_samples_001_2,id_7d268895569b,har,train,full_run,/workspaces/HIAAC-KR-Dev-Container/Minerva-Exps/benchmarks/experiments/paper_daghar_supervised_3runs_perlr_samples_down_seed_harcnn_34/logs/id_43b72c9e2aab/final,,,,,,,,,
train_harcnn,id_3c31dd812428,,completed,0,False,id_58b7ba40d9ba,supervised,harcnn,full_finetune_lr3,id_e6b257557292,multimodal_df,daghar_standardized_balanced,rw_waist,train,config_0,multimodal_perc_100_2,id_7d268895569b,har,train,full_run,/workspaces/HIAAC-KR-Dev-Container/Minerva-Exps/benchmarks/experiments/paper_daghar_supervised_3runs_perlr_samples_down_seed_harcnn_34/logs/id_3c31dd812428/final,,,,,,,,,
train_harcnn,id_3f0a716bddce,,completed,0,False,id_58b7ba40d9ba,supervised,harcnn,full_finetune_lr3,id_53060fc6227b,multimodal_df,daghar_standardized_balanced,uci,train,config_0,multimodal_perc_100_3,id_7d268895569b,har,train,full_run,/workspaces/HIAAC-KR-Dev-Container/Minerva-Exps/benchmarks/experiments/paper_daghar_supervised_3runs_perlr_samples_down_seed_harcnn_34/logs/id_3f0a716bddce/final,,,,,,,,,
train_harcnn,id_48d0f289f82d,,completed,0,False,id_58b7ba40d9ba,supervised,harcnn,full_finetune_lr3,id_752bde3fdada,multimodal_df,daghar_standardized_balanced,kuhar,train,config_0,multimodal_samples_010,id_7d268895569b,har,train,full_run,/workspaces/HIAAC-KR-Dev-Container/Minerva-Exps/benchmarks/experiments/paper_daghar_supervised_3runs_perlr_samples_down_seed_harcnn_34/logs/id_48d0f289f82d/final,,,,,,,,,
train_harcnn,id_45e5b1fc35aa,,completed,0,False,id_6d037d42cfe2,supervised,harcnn,full_finetune_lr4,id_7b5861f76744,multimodal_df,daghar_standardized_balanced,rw_thigh,train,config_0,multimodal_samples_025_3,id_7d268895569b,har,train,full_run,/workspaces/HIAAC-KR-Dev-Container/Minerva-Exps/benchmarks/experiments/paper_daghar_supervised_3runs_perlr_samples_down_seed_harcnn_34/logs/id_45e5b1fc35aa/final,,,,,,,,,
train_harcnn,id_49eb718d3eb7,,completed,0,False,id_6d037d42cfe2,supervised,harcnn,full_finetune_lr4,id_5797b3b9b110,multimodal_df,daghar_standardized_balanced,kuhar,train,config_0,multimodal_samples_100_3,id_7d268895569b,har,train,full_run,/workspaces/HIAAC-KR-Dev-Container/Minerva-Exps/benchmarks/experiments/paper_daghar_supervised_3runs_perlr_samples_down_seed_harcnn_34/logs/id_49eb718d3eb7/final,,,,,,,,,
train_harcnn,id_4904f3666a1f,,completed,0,False,id_6d037d42cfe2,supervised,harcnn,full_finetune_lr4,id_4a2aca339c33,multimodal_df,daghar_standardized_balanced,rw_waist,train,config_0,multimodal_samples_010,id_7d268895569b,har,train,full_run,/workspaces/HIAAC-KR-Dev-Container/Minerva-Exps/benchmarks/experiments/paper_daghar_supervised_3runs_perlr_samples_down_seed_harcnn_34/logs/id_4904f3666a1f/final,,,,,,,,,
train_harcnn,id_4b487d867350,,completed,0,False,id_58b7ba40d9ba,supervised,harcnn,full_finetune_lr3,id_f90ca44123d9,multimodal_df,daghar_standardized_balanced,kuhar,train,config_0,multimodal_samples_200_3,id_7d268895569b,har,train,full_run,/workspaces/HIAAC-KR-Dev-Container/Minerva-Exps/benchmarks/experiments/paper_daghar_supervised_3runs_perlr_samples_down_seed_harcnn_34/logs/id_4b487d867350/final,,,,,,,,,
train_harcnn,id_46d412353fbe,,completed,0,False,id_58b7ba40d9ba,supervised,harcnn,full_finetune_lr3,id_53a73fa7e879,multimodal_df,daghar_standardized_balanced,wisdm,train,config_0,multimodal_samples_200_3,id_7d268895569b,har,train,full_run,/workspaces/HIAAC-KR-Dev-Container/Minerva-Exps/benchmarks/experiments/paper_daghar_supervised_3runs_perlr_samples_down_seed_harcnn_34/logs/id_46d412353fbe/final,,,,,,,,,
train_harcnn,id_4b49fa933008,,completed,0,False,id_58b7ba40d9ba,supervised,harcnn,full_finetune_lr3,id_55cd8c823098,multimodal_df,daghar_standardized_balanced,kuhar,train,config_0,multimodal_samples_050_2,id_7d268895569b,har,train,full_run,/workspaces/HIAAC-KR-Dev-Container/Minerva-Exps/benchmarks/experiments/paper_daghar_supervised_3runs_perlr_samples_down_seed_harcnn_34/logs/id_4b49fa933008/final,,,,,,,,,
train_harcnn,id_4a724aa00386,,completed,0,False,id_6d037d42cfe2,supervised,harcnn,full_finetune_lr4,id_aab211c92197,multimodal_df,daghar_standardized_balanced,rw_waist,train,config_0,multimodal_samples_005_3,id_7d268895569b,har,train,full_run,/workspaces/HIAAC-KR-Dev-Container/Minerva-Exps/benchmarks/experiments/paper_daghar_supervised_3runs_perlr_samples_down_seed_harcnn_34/logs/id_4a724aa00386/final,,,,,,,,,
train_harcnn,id_4efe1f515f8f,,completed,0,False,id_58b7ba40d9ba,supervised,harcnn,full_finetune_lr3,id_5dfa1c7b49ec,multimodal_df,daghar_standardized_balanced,rw_thigh,train,config_0,multimodal_samples_200,id_7d268895569b,har,train,full_run,/workspaces/HIAAC-KR-Dev-Container/Minerva-Exps/benchmarks/experiments/paper_daghar_supervised_3runs_perlr_samples_down_seed_harcnn_34/logs/id_4efe1f515f8f/final,,,,,,,,,
train_harcnn,id_546e26ec0c39,,completed,0,False,id_58b7ba40d9ba,supervised,harcnn,full_finetune_lr3,id_1e462792852c,multimodal_df,daghar_standardized_balanced,motionsense,train,config_0,multimodal_samples_200_3,id_7d268895569b,har,train,full_run,/workspaces/HIAAC-KR-Dev-Container/Minerva-Exps/benchmarks/experiments/paper_daghar_supervised_3runs_perlr_samples_down_seed_harcnn_34/logs/id_546e26ec0c39/final,,,,,,,,,
train_harcnn,id_5355436eecb6,,completed,0,False,id_6d037d42cfe2,supervised,harcnn,full_finetune_lr4,id_e627a7ff3b82,multimodal_df,daghar_standardized_balanced,rw_waist,train,config_0,multimodal_samples_200_3,id_7d268895569b,har,train,full_run,/workspaces/HIAAC-KR-Dev-Container/Minerva-Exps/benchmarks/experiments/paper_daghar_supervised_3runs_perlr_samples_down_seed_harcnn_34/logs/id_5355436eecb6/final,,,,,,,,,
train_harcnn,id_4e5f107170f6,,completed,0,False,id_6d037d42cfe2,supervised,harcnn,full_finetune_lr4,id_cc98e906d375,multimodal_df,daghar_standardized_balanced,rw_thigh,train,config_0,multimodal_perc_100_2,id_7d268895569b,har,train,full_run,/workspaces/HIAAC-KR-Dev-Container/Minerva-Exps/benchmarks/experiments/paper_daghar_supervised_3runs_perlr_samples_down_seed_harcnn_34/logs/id_4e5f107170f6/final,,,,,,,,,
train_harcnn,id_4fdd4d53b53d,,completed,0,False,id_6d037d42cfe2,supervised,harcnn,full_finetune_lr4,id_65ee89aa2e13,multimodal_df,daghar_standardized_balanced,uci,train,config_0,multimodal_samples_100,id_7d268895569b,har,train,full_run,/workspaces/HIAAC-KR-Dev-Container/Minerva-Exps/benchmarks/experiments/paper_daghar_supervised_3runs_perlr_samples_down_seed_harcnn_34/logs/id_4fdd4d53b53d/final,,,,,,,,,
train_harcnn,id_50cdf5be9b42,,completed,0,False,id_6d037d42cfe2,supervised,harcnn,full_finetune_lr4,id_cf1ed39f3ad3,multimodal_df,daghar_standardized_balanced,motionsense,train,config_0,multimodal_samples_001,id_7d268895569b,har,train,full_run,/workspaces/HIAAC-KR-Dev-Container/Minerva-Exps/benchmarks/experiments/paper_daghar_supervised_3runs_perlr_samples_down_seed_harcnn_34/logs/id_50cdf5be9b42/final,,,,,,,,,
train_harcnn,id_51d13206fac6,,completed,0,False,id_6d037d42cfe2,supervised,harcnn,full_finetune_lr4,id_c05d706619f3,multimodal_df,daghar_standardized_balanced,rw_thigh,train,config_0,multimodal_samples_010,id_7d268895569b,har,train,full_run,/workspaces/HIAAC-KR-Dev-Container/Minerva-Exps/benchmarks/experiments/paper_daghar_supervised_3runs_perlr_samples_down_seed_harcnn_34/logs/id_51d13206fac6/final,,,,,,,,,
train_harcnn,id_559c07ab616b,,completed,0,False,id_6d037d42cfe2,supervised,harcnn,full_finetune_lr4,id_01955da0dfc1,multimodal_df,daghar_standardized_balanced,wisdm,train,config_0,multimodal_samples_001_3,id_7d268895569b,har,train,full_run,/workspaces/HIAAC-KR-Dev-Container/Minerva-Exps/benchmarks/experiments/paper_daghar_supervised_3runs_perlr_samples_down_seed_harcnn_34/logs/id_559c07ab616b/final,,,,,,,,,
train_harcnn,id_56011900d129,,completed,0,False,id_58b7ba40d9ba,supervised,harcnn,full_finetune_lr3,id_120bda9178a1,multimodal_df,daghar_standardized_balanced,wisdm,train,config_0,multimodal_samples_010_3,id_7d268895569b,har,train,full_run,/workspaces/HIAAC-KR-Dev-Container/Minerva-Exps/benchmarks/experiments/paper_daghar_supervised_3runs_perlr_samples_down_seed_harcnn_34/logs/id_56011900d129/final,,,,,,,,,
train_harcnn,id_577d85e8ee31,,completed,0,False,id_58b7ba40d9ba,supervised,harcnn,full_finetune_lr3,id_b74337b9bf17,multimodal_df,daghar_standardized_balanced,rw_thigh,train,config_0,multimodal_samples_001_3,id_7d268895569b,har,train,full_run,/workspaces/HIAAC-KR-Dev-Container/Minerva-Exps/benchmarks/experiments/paper_daghar_supervised_3runs_perlr_samples_down_seed_harcnn_34/logs/id_577d85e8ee31/final,,,,,,,,,
train_harcnn,id_587ef00f0ed5,,completed,0,False,id_58b7ba40d9ba,supervised,harcnn,full_finetune_lr3,id_8f53e19d9d68,multimodal_df,daghar_standardized_balanced,rw_waist,train,config_0,multimodal_samples_200_2,id_7d268895569b,har,train,full_run,/workspaces/HIAAC-KR-Dev-Container/Minerva-Exps/benchmarks/experiments/paper_daghar_supervised_3runs_perlr_samples_down_seed_harcnn_34/logs/id_587ef00f0ed5/final,,,,,,,,,
train_harcnn,id_5655481fac45,,completed,0,False,id_58b7ba40d9ba,supervised,harcnn,full_finetune_lr3,id_ec9738c1ffd0,multimodal_df,daghar_standardized_balanced,rw_waist,train,config_0,multimodal_samples_100,id_7d268895569b,har,train,full_run,/workspaces/HIAAC-KR-Dev-Container/Minerva-Exps/benchmarks/experiments/paper_daghar_supervised_3runs_perlr_samples_down_seed_harcnn_34/logs/id_5655481fac45/final,,,,,,,,,
train_harcnn,id_5b1f24fa91fe,,completed,0,False,id_6d037d42cfe2,supervised,harcnn,full_finetune_lr4,id_2b43c6cb6c29,multimodal_df,daghar_standardized_balanced,motionsense,train,config_0,multimodal_samples_001_3,id_7d268895569b,har,train,full_run,/workspaces/HIAAC-KR-Dev-Container/Minerva-Exps/benchmarks/experiments/paper_daghar_supervised_3runs_perlr_samples_down_seed_harcnn_34/logs/id_5b1f24fa91fe/final,,,,,,,,,
train_harcnn,id_5e7dafb64de8,,completed,0,False,id_6d037d42cfe2,supervised,harcnn,full_finetune_lr4,id_515e0c3fbe05,multimodal_df,daghar_standardized_balanced,kuhar,train,config_0,multimodal_samples_200,id_7d268895569b,har,train,full_run,/workspaces/HIAAC-KR-Dev-Container/Minerva-Exps/benchmarks/experiments/paper_daghar_supervised_3runs_perlr_samples_down_seed_harcnn_34/logs/id_5e7dafb64de8/final,,,,,,,,,
train_harcnn,id_5b7b995dd00f,,completed,0,False,id_58b7ba40d9ba,supervised,harcnn,full_finetune_lr3,id_1bbf2a0cd7dc,multimodal_df,daghar_standardized_balanced,rw_waist,train,config_0,multimodal_samples_025_2,id_7d268895569b,har,train,full_run,/workspaces/HIAAC-KR-Dev-Container/Minerva-Exps/benchmarks/experiments/paper_daghar_supervised_3runs_perlr_samples_down_seed_harcnn_34/logs/id_5b7b995dd00f/final,,,,,,,,,
train_harcnn,id_5c35df8c8cae,,completed,0,False,id_6d037d42cfe2,supervised,harcnn,full_finetune_lr4,id_a3717fe8cdbe,multimodal_df,daghar_standardized_balanced,wisdm,train,config_0,multimodal_samples_100,id_7d268895569b,har,train,full_run,/workspaces/HIAAC-KR-Dev-Container/Minerva-Exps/benchmarks/experiments/paper_daghar_supervised_3runs_perlr_samples_down_seed_harcnn_34/logs/id_5c35df8c8cae/final,,,,,,,,,
train_harcnn,id_5f23b6d1e9bf,,completed,0,False,id_58b7ba40d9ba,supervised,harcnn,full_finetune_lr3,id_c22ef6d3a4dc,multimodal_df,daghar_standardized_balanced,motionsense,train,config_0,multimodal_samples_100_2,id_7d268895569b,har,train,full_run,/workspaces/HIAAC-KR-Dev-Container/Minerva-Exps/benchmarks/experiments/paper_daghar_supervised_3runs_perlr_samples_down_seed_harcnn_34/logs/id_5f23b6d1e9bf/final,,,,,,,,,
train_harcnn,id_60d378e5dbbc,,completed,0,False,id_6d037d42cfe2,supervised,harcnn,full_finetune_lr4,id_e0ead58eab76,multimodal_df,daghar_standardized_balanced,kuhar,train,config_0,multimodal_samples_100_2,id_7d268895569b,har,train,full_run,/workspaces/HIAAC-KR-Dev-Container/Minerva-Exps/benchmarks/experiments/paper_daghar_supervised_3runs_perlr_samples_down_seed_harcnn_34/logs/id_60d378e5dbbc/final,,,,,,,,,
train_harcnn,id_5f6cd3223bee,,completed,0,False,id_6d037d42cfe2,supervised,harcnn,full_finetune_lr4,id_b2426d8d9cf0,multimodal_df,daghar_standardized_balanced,kuhar,train,config_0,multimodal_samples_001_2,id_7d268895569b,har,train,full_run,/workspaces/HIAAC-KR-Dev-Container/Minerva-Exps/benchmarks/experiments/paper_daghar_supervised_3runs_perlr_samples_down_seed_harcnn_34/logs/id_5f6cd3223bee/final,,,,,,,,,
train_harcnn,id_59b4a69c5e48,,completed,0,False,id_58b7ba40d9ba,supervised,harcnn,full_finetune_lr3,id_b2e8ece61834,multimodal_df,daghar_standardized_balanced,wisdm,train,config_0,multimodal_perc_100_3,id_7d268895569b,har,train,full_run,/workspaces/HIAAC-KR-Dev-Container/Minerva-Exps/benchmarks/experiments/paper_daghar_supervised_3runs_perlr_samples_down_seed_harcnn_34/logs/id_59b4a69c5e48/final,,,,,,,,,
train_harcnn,id_5f0b3f49626f,,completed,0,False,id_6d037d42cfe2,supervised,harcnn,full_finetune_lr4,id_650e37922e7e,multimodal_df,daghar_standardized_balanced,motionsense,train,config_0,multimodal_samples_025,id_7d268895569b,har,train,full_run,/workspaces/HIAAC-KR-Dev-Container/Minerva-Exps/benchmarks/experiments/paper_daghar_supervised_3runs_perlr_samples_down_seed_harcnn_34/logs/id_5f0b3f49626f/final,,,,,,,,,
train_harcnn,id_585275ace534,,completed,0,False,id_58b7ba40d9ba,supervised,harcnn,full_finetune_lr3,id_e959f1474a75,multimodal_df,daghar_standardized_balanced,wisdm,train,config_0,multimodal_perc_100,id_7d268895569b,har,train,full_run,/workspaces/HIAAC-KR-Dev-Container/Minerva-Exps/benchmarks/experiments/paper_daghar_supervised_3runs_perlr_samples_down_seed_harcnn_34/logs/id_585275ace534/final,,,,,,,,,
train_harcnn,id_61d5843c6663,,completed,0,False,id_6d037d42cfe2,supervised,harcnn,full_finetune_lr4,id_5ae71f56cac1,multimodal_df,daghar_standardized_balanced,kuhar,train,config_0,multimodal_perc_100_2,id_7d268895569b,har,train,full_run,/workspaces/HIAAC-KR-Dev-Container/Minerva-Exps/benchmarks/experiments/paper_daghar_supervised_3runs_perlr_samples_down_seed_harcnn_34/logs/id_61d5843c6663/final,,,,,,,,,
train_harcnn,id_633a2bb0bc54,,completed,0,False,id_58b7ba40d9ba,supervised,harcnn,full_finetune_lr3,id_73b62c9f3e5a,multimodal_df,daghar_standardized_balanced,kuhar,train,config_0,multimodal_samples_005,id_7d268895569b,har,train,full_run,/workspaces/HIAAC-KR-Dev-Container/Minerva-Exps/benchmarks/experiments/paper_daghar_supervised_3runs_perlr_samples_down_seed_harcnn_34/logs/id_633a2bb0bc54/final,,,,,,,,,
train_harcnn,id_61363aa28753,,completed,0,False,id_58b7ba40d9ba,supervised,harcnn,full_finetune_lr3,id_c6d3a26ce3a3,multimodal_df,daghar_standardized_balanced,uci,train,config_0,multimodal_samples_010_3,id_7d268895569b,har,train,full_run,/workspaces/HIAAC-KR-Dev-Container/Minerva-Exps/benchmarks/experiments/paper_daghar_supervised_3runs_perlr_samples_down_seed_harcnn_34/logs/id_61363aa28753/final,,,,,,,,,
train_harcnn,id_66703a368489,,completed,0,False,id_58b7ba40d9ba,supervised,harcnn,full_finetune_lr3,id_a217c54dba62,multimodal_df,daghar_standardized_balanced,wisdm,train,config_0,multimodal_samples_200,id_7d268895569b,har,train,full_run,/workspaces/HIAAC-KR-Dev-Container/Minerva-Exps/benchmarks/experiments/paper_daghar_supervised_3runs_perlr_samples_down_seed_harcnn_34/logs/id_66703a368489/final,,,,,,,,,
train_harcnn,id_6651790d27ad,,completed,0,False,id_58b7ba40d9ba,supervised,harcnn,full_finetune_lr3,id_132ff3af6c3c,multimodal_df,daghar_standardized_balanced,uci,train,config_0,multimodal_samples_100_3,id_7d268895569b,har,train,full_run,/workspaces/HIAAC-KR-Dev-Container/Minerva-Exps/benchmarks/experiments/paper_daghar_supervised_3runs_perlr_samples_down_seed_harcnn_34/logs/id_6651790d27ad/final,,,,,,,,,
train_harcnn,id_6af16f509531,,completed,0,False,id_58b7ba40d9ba,supervised,harcnn,full_finetune_lr3,id_1a725c88d879,multimodal_df,daghar_standardized_balanced,wisdm,train,config_0,multimodal_samples_025_2,id_7d268895569b,har,train,full_run,/workspaces/HIAAC-KR-Dev-Container/Minerva-Exps/benchmarks/experiments/paper_daghar_supervised_3runs_perlr_samples_down_seed_harcnn_34/logs/id_6af16f509531/final,,,,,,,,,
train_harcnn,id_669072f05c1e,,completed,0,False,id_6d037d42cfe2,supervised,harcnn,full_finetune_lr4,id_0637ba4f3b1a,multimodal_df,daghar_standardized_balanced,wisdm,train,config_0,multimodal_samples_001,id_7d268895569b,har,train,full_run,/workspaces/HIAAC-KR-Dev-Container/Minerva-Exps/benchmarks/experiments/paper_daghar_supervised_3runs_perlr_samples_down_seed_harcnn_34/logs/id_669072f05c1e/final,,,,,,,,,
train_harcnn,id_6778157ba2cd,,completed,0,False,id_58b7ba40d9ba,supervised,harcnn,full_finetune_lr3,id_d2bcc241477b,multimodal_df,daghar_standardized_balanced,uci,train,config_0,multimodal_samples_050_3,id_7d268895569b,har,train,full_run,/workspaces/HIAAC-KR-Dev-Container/Minerva-Exps/benchmarks/experiments/paper_daghar_supervised_3runs_perlr_samples_down_seed_harcnn_34/logs/id_6778157ba2cd/final,,,,,,,,,
train_harcnn,id_66ed9f85504b,,completed,0,False,id_6d037d42cfe2,supervised,harcnn,full_finetune_lr4,id_22326f4c2dcc,multimodal_df,daghar_standardized_balanced,wisdm,train,config_0,multimodal_samples_050,id_7d268895569b,har,train,full_run,/workspaces/HIAAC-KR-Dev-Container/Minerva-Exps/benchmarks/experiments/paper_daghar_supervised_3runs_perlr_samples_down_seed_harcnn_34/logs/id_66ed9f85504b/final,,,,,,,,,
train_harcnn,id_6a20c3ab1622,,completed,0,False,id_58b7ba40d9ba,supervised,harcnn,full_finetune_lr3,id_e0d8b057e9ae,multimodal_df,daghar_standardized_balanced,wisdm,train,config_0,multimodal_samples_200_2,id_7d268895569b,har,train,full_run,/workspaces/HIAAC-KR-Dev-Container/Minerva-Exps/benchmarks/experiments/paper_daghar_supervised_3runs_perlr_samples_down_seed_harcnn_34/logs/id_6a20c3ab1622/final,,,,,,,,,
train_harcnn,id_6ab2db84e434,,completed,0,False,id_6d037d42cfe2,supervised,harcnn,full_finetune_lr4,id_53060fc6227b,multimodal_df,daghar_standardized_balanced,uci,train,config_0,multimodal_perc_100_3,id_7d268895569b,har,train,full_run,/workspaces/HIAAC-KR-Dev-Container/Minerva-Exps/benchmarks/experiments/paper_daghar_supervised_3runs_perlr_samples_down_seed_harcnn_34/logs/id_6ab2db84e434/final,,,,,,,,,
train_harcnn,id_6d58e7e84c1b,,completed,0,False,id_6d037d42cfe2,supervised,harcnn,full_finetune_lr4,id_3ca44ce6c400,multimodal_df,daghar_standardized_balanced,rw_thigh,train,config_0,multimodal_samples_050_2,id_7d268895569b,har,train,full_run,/workspaces/HIAAC-KR-Dev-Container/Minerva-Exps/benchmarks/experiments/paper_daghar_supervised_3runs_perlr_samples_down_seed_harcnn_34/logs/id_6d58e7e84c1b/final,,,,,,,,,
train_harcnn,id_6eb7d47c92ec,,completed,0,False,id_58b7ba40d9ba,supervised,harcnn,full_finetune_lr3,id_03f958408f87,multimodal_df,daghar_standardized_balanced,uci,train,config_0,multimodal_samples_010,id_7d268895569b,har,train,full_run,/workspaces/HIAAC-KR-Dev-Container/Minerva-Exps/benchmarks/experiments/paper_daghar_supervised_3runs_perlr_samples_down_seed_harcnn_34/logs/id_6eb7d47c92ec/final,,,,,,,,,
train_harcnn,id_6e48531311a5,,completed,0,False,id_6d037d42cfe2,supervised,harcnn,full_finetune_lr4,id_42b645fb84f8,multimodal_df,daghar_standardized_balanced,uci,train,config_0,multimodal_samples_025_3,id_7d268895569b,har,train,full_run,/workspaces/HIAAC-KR-Dev-Container/Minerva-Exps/benchmarks/experiments/paper_daghar_supervised_3runs_perlr_samples_down_seed_harcnn_34/logs/id_6e48531311a5/final,,,,,,,,,
train_harcnn,id_6ef9394d1742,,completed,0,False,id_58b7ba40d9ba,supervised,harcnn,full_finetune_lr3,id_083b8f815ed5,multimodal_df,daghar_standardized_balanced,uci,train,config_0,multimodal_samples_200,id_7d268895569b,har,train,full_run,/workspaces/HIAAC-KR-Dev-Container/Minerva-Exps/benchmarks/experiments/paper_daghar_supervised_3runs_perlr_samples_down_seed_harcnn_34/logs/id_6ef9394d1742/final,,,,,,,,,
train_harcnn,id_7195bf87874a,,completed,0,False,id_6d037d42cfe2,supervised,harcnn,full_finetune_lr4,id_7aec5716a4be,multimodal_df,daghar_standardized_balanced,motionsense,train,config_0,multimodal_samples_025_2,id_7d268895569b,har,train,full_run,/workspaces/HIAAC-KR-Dev-Container/Minerva-Exps/benchmarks/experiments/paper_daghar_supervised_3runs_perlr_samples_down_seed_harcnn_34/logs/id_7195bf87874a/final,,,,,,,,,
train_harcnn,id_71f44dd2406d,,completed,0,False,id_6d037d42cfe2,supervised,harcnn,full_finetune_lr4,id_3b2d9b9fd6c6,multimodal_df,daghar_standardized_balanced,kuhar,train,config_0,multimodal_samples_010_3,id_7d268895569b,har,train,full_run,/workspaces/HIAAC-KR-Dev-Container/Minerva-Exps/benchmarks/experiments/paper_daghar_supervised_3runs_perlr_samples_down_seed_harcnn_34/logs/id_71f44dd2406d/final,,,,,,,,,
train_harcnn,id_741b65a65b93,,completed,0,False,id_58b7ba40d9ba,supervised,harcnn,full_finetune_lr3,id_22326f4c2dcc,multimodal_df,daghar_standardized_balanced,wisdm,train,config_0,multimodal_samples_050,id_7d268895569b,har,train,full_run,/workspaces/HIAAC-KR-Dev-Container/Minerva-Exps/benchmarks/experiments/paper_daghar_supervised_3runs_perlr_samples_down_seed_harcnn_34/logs/id_741b65a65b93/final,,,,,,,,,
train_harcnn,id_6f0fbac0740b,,completed,0,False,id_6d037d42cfe2,supervised,harcnn,full_finetune_lr4,id_a50226a2e73f,multimodal_df,daghar_standardized_balanced,motionsense,train,config_0,multimodal_samples_005_3,id_7d268895569b,har,train,full_run,/workspaces/HIAAC-KR-Dev-Container/Minerva-Exps/benchmarks/experiments/paper_daghar_supervised_3runs_perlr_samples_down_seed_harcnn_34/logs/id_6f0fbac0740b/final,,,,,,,,,
train_harcnn,id_74d37ee15c61,,completed,0,False,id_6d037d42cfe2,supervised,harcnn,full_finetune_lr4,id_d7d1a80f3236,multimodal_df,daghar_standardized_balanced,rw_thigh,train,config_0,multimodal_samples_200_3,id_7d268895569b,har,train,full_run,/workspaces/HIAAC-KR-Dev-Container/Minerva-Exps/benchmarks/experiments/paper_daghar_supervised_3runs_perlr_samples_down_seed_harcnn_34/logs/id_74d37ee15c61/final,,,,,,,,,
train_harcnn,id_73e4b611630b,,completed,0,False,id_6d037d42cfe2,supervised,harcnn,full_finetune_lr4,id_68e2c218f19b,multimodal_df,daghar_standardized_balanced,rw_waist,train,config_0,multimodal_samples_050,id_7d268895569b,har,train,full_run,/workspaces/HIAAC-KR-Dev-Container/Minerva-Exps/benchmarks/experiments/paper_daghar_supervised_3runs_perlr_samples_down_seed_harcnn_34/logs/id_73e4b611630b/final,,,,,,,,,
train_harcnn,id_77794a59fa61,,completed,0,False,id_6d037d42cfe2,supervised,harcnn,full_finetune_lr4,id_5dfa1c7b49ec,multimodal_df,daghar_standardized_balanced,rw_thigh,train,config_0,multimodal_samples_200,id_7d268895569b,har,train,full_run,/workspaces/HIAAC-KR-Dev-Container/Minerva-Exps/benchmarks/experiments/paper_daghar_supervised_3runs_perlr_samples_down_seed_harcnn_34/logs/id_77794a59fa61/final,,,,,,,,,
train_harcnn,id_75cc238e916f,,completed,0,False,id_6d037d42cfe2,supervised,harcnn,full_finetune_lr4,id_c2e910dcdcec,multimodal_df,daghar_standardized_balanced,motionsense,train,config_0,multimodal_samples_010_2,id_7d268895569b,har,train,full_run,/workspaces/HIAAC-KR-Dev-Container/Minerva-Exps/benchmarks/experiments/paper_daghar_supervised_3runs_perlr_samples_down_seed_harcnn_34/logs/id_75cc238e916f/final,,,,,,,,,
train_harcnn,id_7890b6e46a75,,completed,0,False,id_6d037d42cfe2,supervised,harcnn,full_finetune_lr4,id_1bbf2a0cd7dc,multimodal_df,daghar_standardized_balanced,rw_waist,train,config_0,multimodal_samples_025_2,id_7d268895569b,har,train,full_run,/workspaces/HIAAC-KR-Dev-Container/Minerva-Exps/benchmarks/experiments/paper_daghar_supervised_3runs_perlr_samples_down_seed_harcnn_34/logs/id_7890b6e46a75/final,,,,,,,,,
train_harcnn,id_78a16c5a7201,,completed,0,False,id_6d037d42cfe2,supervised,harcnn,full_finetune_lr4,id_e6ba45a9ddf9,multimodal_df,daghar_standardized_balanced,rw_thigh,train,config_0,multimodal_samples_100,id_7d268895569b,har,train,full_run,/workspaces/HIAAC-KR-Dev-Container/Minerva-Exps/benchmarks/experiments/paper_daghar_supervised_3runs_perlr_samples_down_seed_harcnn_34/logs/id_78a16c5a7201/final,,,,,,,,,
train_harcnn,id_7907b0d0efc3,,completed,0,False,id_6d037d42cfe2,supervised,harcnn,full_finetune_lr4,id_179104ace6c0,multimodal_df,daghar_standardized_balanced,kuhar,train,config_0,multimodal_samples_025_2,id_7d268895569b,har,train,full_run,/workspaces/HIAAC-KR-Dev-Container/Minerva-Exps/benchmarks/experiments/paper_daghar_supervised_3runs_perlr_samples_down_seed_harcnn_34/logs/id_7907b0d0efc3/final,,,,,,,,,
train_harcnn,id_760a8420de55,,completed,0,False,id_58b7ba40d9ba,supervised,harcnn,full_finetune_lr3,id_c8eedf2bd03f,multimodal_df,daghar_standardized_balanced,wisdm,train,config_0,multimodal_perc_100_2,id_7d268895569b,har,train,full_run,/workspaces/HIAAC-KR-Dev-Container/Minerva-Exps/benchmarks/experiments/paper_daghar_supervised_3runs_perlr_samples_down_seed_harcnn_34/logs/id_760a8420de55/final,,,,,,,,,
train_harcnn,id_7a0cffc1dab4,,completed,0,False,id_6d037d42cfe2,supervised,harcnn,full_finetune_lr4,id_fb5b4619ed71,multimodal_df,daghar_standardized_balanced,uci,train,config_0,multimodal_samples_005_2,id_7d268895569b,har,train,full_run,/workspaces/HIAAC-KR-Dev-Container/Minerva-Exps/benchmarks/experiments/paper_daghar_supervised_3runs_perlr_samples_down_seed_harcnn_34/logs/id_7a0cffc1dab4/final,,,,,,,,,
train_harcnn,id_7a5badcb6d91,,completed,0,False,id_6d037d42cfe2,supervised,harcnn,full_finetune_lr4,id_c761cbcc4f2c,multimodal_df,daghar_standardized_balanced,motionsense,train,config_0,multimodal_perc_100,id_7d268895569b,har,train,full_run,/workspaces/HIAAC-KR-Dev-Container/Minerva-Exps/benchmarks/experiments/paper_daghar_supervised_3runs_perlr_samples_down_seed_harcnn_34/logs/id_7a5badcb6d91/final,,,,,,,,,
train_harcnn,id_8143f919f99c,,completed,0,False,id_58b7ba40d9ba,supervised,harcnn,full_finetune_lr3,id_6dc44c345419,multimodal_df,daghar_standardized_balanced,rw_waist,train,config_0,multimodal_samples_025,id_7d268895569b,har,train,full_run,/workspaces/HIAAC-KR-Dev-Container/Minerva-Exps/benchmarks/experiments/paper_daghar_supervised_3runs_perlr_samples_down_seed_harcnn_34/logs/id_8143f919f99c/final,,,,,,,,,
train_harcnn,id_7f2f4e8e63fc,,completed,0,False,id_6d037d42cfe2,supervised,harcnn,full_finetune_lr4,id_274082d5effd,multimodal_df,daghar_standardized_balanced,rw_waist,train,config_0,multimodal_samples_005,id_7d268895569b,har,train,full_run,/workspaces/HIAAC-KR-Dev-Container/Minerva-Exps/benchmarks/experiments/paper_daghar_supervised_3runs_perlr_samples_down_seed_harcnn_34/logs/id_7f2f4e8e63fc/final,,,,,,,,,
train_harcnn,id_7ace3444f5ce,,completed,0,False,id_6d037d42cfe2,supervised,harcnn,full_finetune_lr4,id_4987ed1d5bf0,multimodal_df,daghar_standardized_balanced,wisdm,train,config_0,multimodal_samples_025,id_7d268895569b,har,train,full_run,/workspaces/HIAAC-KR-Dev-Container/Minerva-Exps/benchmarks/experiments/paper_daghar_supervised_3runs_perlr_samples_down_seed_harcnn_34/logs/id_7ace3444f5ce/final,,,,,,,,,
train_harcnn,id_81f837be5396,,completed,0,False,id_6d037d42cfe2,supervised,harcnn,full_finetune_lr4,id_6216214775b3,multimodal_df,daghar_standardized_balanced,rw_thigh,train,config_0,multimodal_samples_001_2,id_7d268895569b,har,train,full_run,/workspaces/HIAAC-KR-Dev-Container/Minerva-Exps/benchmarks/experiments/paper_daghar_supervised_3runs_perlr_samples_down_seed_harcnn_34/logs/id_81f837be5396/final,,,,,,,,,
train_harcnn,id_82a36b5ef21a,,completed,0,False,id_58b7ba40d9ba,supervised,harcnn,full_finetune_lr3,id_62ae1bbdbef0,multimodal_df,daghar_standardized_balanced,kuhar,train,config_0,multimodal_samples_001,id_7d268895569b,har,train,full_run,/workspaces/HIAAC-KR-Dev-Container/Minerva-Exps/benchmarks/experiments/paper_daghar_supervised_3runs_perlr_samples_down_seed_harcnn_34/logs/id_82a36b5ef21a/final,,,,,,,,,
train_harcnn,id_78efc4409efe,,completed,0,False,id_6d037d42cfe2,supervised,harcnn,full_finetune_lr4,id_20dbdedc5e50,multimodal_df,daghar_standardized_balanced,rw_waist,train,config_0,multimodal_perc_100_3,id_7d268895569b,har,train,full_run,/workspaces/HIAAC-KR-Dev-Container/Minerva-Exps/benchmarks/experiments/paper_daghar_supervised_3runs_perlr_samples_down_seed_harcnn_34/logs/id_78efc4409efe/final,,,,,,,,,
train_harcnn,id_83b126803936,,completed,0,False,id_58b7ba40d9ba,supervised,harcnn,full_finetune_lr3,id_378e85dee41c,multimodal_df,daghar_standardized_balanced,rw_thigh,train,config_0,multimodal_samples_050,id_7d268895569b,har,train,full_run,/workspaces/HIAAC-KR-Dev-Container/Minerva-Exps/benchmarks/experiments/paper_daghar_supervised_3runs_perlr_samples_down_seed_harcnn_34/logs/id_83b126803936/final,,,,,,,,,
train_harcnn,id_8404044a483d,,completed,0,False,id_6d037d42cfe2,supervised,harcnn,full_finetune_lr4,id_45c2c4800f32,multimodal_df,daghar_standardized_balanced,kuhar,train,config_0,multimodal_samples_025,id_7d268895569b,har,train,full_run,/workspaces/HIAAC-KR-Dev-Container/Minerva-Exps/benchmarks/experiments/paper_daghar_supervised_3runs_perlr_samples_down_seed_harcnn_34/logs/id_8404044a483d/final,,,,,,,,,
train_harcnn,id_84cac5ca4ed0,,completed,0,False,id_6d037d42cfe2,supervised,harcnn,full_finetune_lr4,id_eb44f9c784ea,multimodal_df,daghar_standardized_balanced,rw_waist,train,config_0,multimodal_samples_005_2,id_7d268895569b,har,train,full_run,/workspaces/HIAAC-KR-Dev-Container/Minerva-Exps/benchmarks/experiments/paper_daghar_supervised_3runs_perlr_samples_down_seed_harcnn_34/logs/id_84cac5ca4ed0/final,,,,,,,,,
train_harcnn,id_80a8cbf58c76,,completed,0,False,id_6d037d42cfe2,supervised,harcnn,full_finetune_lr4,id_c8eedf2bd03f,multimodal_df,daghar_standardized_balanced,wisdm,train,config_0,multimodal_perc_100_2,id_7d268895569b,har,train,full_run,/workspaces/HIAAC-KR-Dev-Container/Minerva-Exps/benchmarks/experiments/paper_daghar_supervised_3runs_perlr_samples_down_seed_harcnn_34/logs/id_80a8cbf58c76/final,,,,,,,,,
train_harcnn,id_83bae11bc757,,completed,0,False,id_58b7ba40d9ba,supervised,harcnn,full_finetune_lr3,id_dbf308c611cc,multimodal_df,daghar_standardized_balanced,motionsense,train,config_0,multimodal_samples_025_3,id_7d268895569b,har,train,full_run,/workspaces/HIAAC-KR-Dev-Container/Minerva-Exps/benchmarks/experiments/paper_daghar_supervised_3runs_perlr_samples_down_seed_harcnn_34/logs/id_83bae11bc757/final,,,,,,,,,
train_harcnn,id_848141e58bbf,,completed,0,False,id_6d037d42cfe2,supervised,harcnn,full_finetune_lr4,id_f9825c05d917,multimodal_df,daghar_standardized_balanced,rw_thigh,train,config_0,multimodal_perc_100_3,id_7d268895569b,har,train,full_run,/workspaces/HIAAC-KR-Dev-Container/Minerva-Exps/benchmarks/experiments/paper_daghar_supervised_3runs_perlr_samples_down_seed_harcnn_34/logs/id_848141e58bbf/final,,,,,,,,,
train_harcnn,id_84ffe10ef9f5,,completed,0,False,id_6d037d42cfe2,supervised,harcnn,full_finetune_lr4,id_8949c49a12d2,multimodal_df,daghar_standardized_balanced,uci,train,config_0,multimodal_samples_001,id_7d268895569b,har,train,full_run,/workspaces/HIAAC-KR-Dev-Container/Minerva-Exps/benchmarks/experiments/paper_daghar_supervised_3runs_perlr_samples_down_seed_harcnn_34/logs/id_84ffe10ef9f5/final,,,,,,,,,
train_harcnn,id_857f07827e52,,completed,0,False,id_6d037d42cfe2,supervised,harcnn,full_finetune_lr4,id_de3c5e60bc0a,multimodal_df,daghar_standardized_balanced,motionsense,train,config_0,multimodal_samples_010,id_7d268895569b,har,train,full_run,/workspaces/HIAAC-KR-Dev-Container/Minerva-Exps/benchmarks/experiments/paper_daghar_supervised_3runs_perlr_samples_down_seed_harcnn_34/logs/id_857f07827e52/final,,,,,,,,,
train_harcnn,id_876b73337d6a,,completed,0,False,id_58b7ba40d9ba,supervised,harcnn,full_finetune_lr3,id_c38874ce2244,multimodal_df,daghar_standardized_balanced,rw_waist,train,config_0,multimodal_samples_100_3,id_7d268895569b,har,train,full_run,/workspaces/HIAAC-KR-Dev-Container/Minerva-Exps/benchmarks/experiments/paper_daghar_supervised_3runs_perlr_samples_down_seed_harcnn_34/logs/id_876b73337d6a/final,,,,,,,,,
train_harcnn,id_8de4f3897ea6,,completed,0,False,id_6d037d42cfe2,supervised,harcnn,full_finetune_lr4,id_d94ad4785d32,multimodal_df,daghar_standardized_balanced,kuhar,train,config_0,multimodal_samples_200_2,id_7d268895569b,har,train,full_run,/workspaces/HIAAC-KR-Dev-Container/Minerva-Exps/benchmarks/experiments/paper_daghar_supervised_3runs_perlr_samples_down_seed_harcnn_34/logs/id_8de4f3897ea6/final,,,,,,,,,
train_harcnn,id_873386cae3be,,completed,0,False,id_6d037d42cfe2,supervised,harcnn,full_finetune_lr4,id_6dc44c345419,multimodal_df,daghar_standardized_balanced,rw_waist,train,config_0,multimodal_samples_025,id_7d268895569b,har,train,full_run,/workspaces/HIAAC-KR-Dev-Container/Minerva-Exps/benchmarks/experiments/paper_daghar_supervised_3runs_perlr_samples_down_seed_harcnn_34/logs/id_873386cae3be/final,,,,,,,,,
train_harcnn,id_8885bbd02788,,completed,0,False,id_58b7ba40d9ba,supervised,harcnn,full_finetune_lr3,id_d9dc7844fd8b,multimodal_df,daghar_standardized_balanced,uci,train,config_0,multimodal_samples_050_2,id_7d268895569b,har,train,full_run,/workspaces/HIAAC-KR-Dev-Container/Minerva-Exps/benchmarks/experiments/paper_daghar_supervised_3runs_perlr_samples_down_seed_harcnn_34/logs/id_8885bbd02788/final,,,,,,,,,
train_harcnn,id_8c7632105bc9,,completed,0,False,id_58b7ba40d9ba,supervised,harcnn,full_finetune_lr3,id_2baf94349229,multimodal_df,daghar_standardized_balanced,rw_waist,train,config_0,multimodal_samples_025_3,id_7d268895569b,har,train,full_run,/workspaces/HIAAC-KR-Dev-Container/Minerva-Exps/benchmarks/experiments/paper_daghar_supervised_3runs_perlr_samples_down_seed_harcnn_34/logs/id_8c7632105bc9/final,,,,,,,,,
train_harcnn,id_8d46ccc270ad,,completed,0,False,id_6d037d42cfe2,supervised,harcnn,full_finetune_lr4,id_132ff3af6c3c,multimodal_df,daghar_standardized_balanced,uci,train,config_0,multimodal_samples_100_3,id_7d268895569b,har,train,full_run,/workspaces/HIAAC-KR-Dev-Container/Minerva-Exps/benchmarks/experiments/paper_daghar_supervised_3runs_perlr_samples_down_seed_harcnn_34/logs/id_8d46ccc270ad/final,,,,,,,,,
train_harcnn,id_8e4a611bec5d,,completed,0,False,id_58b7ba40d9ba,supervised,harcnn,full_finetune_lr3,id_1da0f49b378e,multimodal_df,daghar_standardized_balanced,uci,train,config_0,multimodal_samples_005_3,id_7d268895569b,har,train,full_run,/workspaces/HIAAC-KR-Dev-Container/Minerva-Exps/benchmarks/experiments/paper_daghar_supervised_3runs_perlr_samples_down_seed_harcnn_34/logs/id_8e4a611bec5d/final,,,,,,,,,
train_harcnn,id_8b605f198711,,completed,0,False,id_58b7ba40d9ba,supervised,harcnn,full_finetune_lr3,id_c761cbcc4f2c,multimodal_df,daghar_standardized_balanced,motionsense,train,config_0,multimodal_perc_100,id_7d268895569b,har,train,full_run,/workspaces/HIAAC-KR-Dev-Container/Minerva-Exps/benchmarks/experiments/paper_daghar_supervised_3runs_perlr_samples_down_seed_harcnn_34/logs/id_8b605f198711/final,,,,,,,,,
train_harcnn,id_93f1ac1c2ffe,,completed,0,False,id_58b7ba40d9ba,supervised,harcnn,full_finetune_lr3,id_3879140ea3fb,multimodal_df,daghar_standardized_balanced,rw_thigh,train,config_0,multimodal_samples_010_2,id_7d268895569b,har,train,full_run,/workspaces/HIAAC-KR-Dev-Container/Minerva-Exps/benchmarks/experiments/paper_daghar_supervised_3runs_perlr_samples_down_seed_harcnn_34/logs/id_93f1ac1c2ffe/final,,,,,,,,,
train_harcnn,id_975ed8ed49b5,,completed,0,False,id_6d037d42cfe2,supervised,harcnn,full_finetune_lr4,id_d05d4d1d48a9,multimodal_df,daghar_standardized_balanced,rw_thigh,train,config_0,multimodal_samples_200_2,id_7d268895569b,har,train,full_run,/workspaces/HIAAC-KR-Dev-Container/Minerva-Exps/benchmarks/experiments/paper_daghar_supervised_3runs_perlr_samples_down_seed_harcnn_34/logs/id_975ed8ed49b5/final,,,,,,,,,
train_harcnn,id_946b3a87a7f7,,completed,0,False,id_6d037d42cfe2,supervised,harcnn,full_finetune_lr4,id_a33ed4b5468e,multimodal_df,daghar_standardized_balanced,rw_thigh,train,config_0,multimodal_samples_005_2,id_7d268895569b,har,train,full_run,/workspaces/HIAAC-KR-Dev-Container/Minerva-Exps/benchmarks/experiments/paper_daghar_supervised_3runs_perlr_samples_down_seed_harcnn_34/logs/id_946b3a87a7f7/final,,,,,,,,,
train_harcnn,id_9a1cd4027d36,,completed,0,False,id_58b7ba40d9ba,supervised,harcnn,full_finetune_lr3,id_f9825c05d917,multimodal_df,daghar_standardized_balanced,rw_thigh,train,config_0,multimodal_perc_100_3,id_7d268895569b,har,train,full_run,/workspaces/HIAAC-KR-Dev-Container/Minerva-Exps/benchmarks/experiments/paper_daghar_supervised_3runs_perlr_samples_down_seed_harcnn_34/logs/id_9a1cd4027d36/final,,,,,,,,,
train_harcnn,id_9a71fc961c92,,completed,0,False,id_58b7ba40d9ba,supervised,harcnn,full_finetune_lr3,id_c05d706619f3,multimodal_df,daghar_standardized_balanced,rw_thigh,train,config_0,multimodal_samples_010,id_7d268895569b,har,train,full_run,/workspaces/HIAAC-KR-Dev-Container/Minerva-Exps/benchmarks/experiments/paper_daghar_supervised_3runs_perlr_samples_down_seed_harcnn_34/logs/id_9a71fc961c92/final,,,,,,,,,
train_harcnn,id_9a5ec1e46c0d,,completed,0,False,id_6d037d42cfe2,supervised,harcnn,full_finetune_lr4,id_5aed9d092412,multimodal_df,daghar_standardized_balanced,wisdm,train,config_0,multimodal_samples_050_3,id_7d268895569b,har,train,full_run,/workspaces/HIAAC-KR-Dev-Container/Minerva-Exps/benchmarks/experiments/paper_daghar_supervised_3runs_perlr_samples_down_seed_harcnn_34/logs/id_9a5ec1e46c0d/final,,,,,,,,,
train_harcnn,id_9bca4ee47780,,completed,0,False,id_58b7ba40d9ba,supervised,harcnn,full_finetune_lr3,id_8949c49a12d2,multimodal_df,daghar_standardized_balanced,uci,train,config_0,multimodal_samples_001,id_7d268895569b,har,train,full_run,/workspaces/HIAAC-KR-Dev-Container/Minerva-Exps/benchmarks/experiments/paper_daghar_supervised_3runs_perlr_samples_down_seed_harcnn_34/logs/id_9bca4ee47780/final,,,,,,,,,
train_harcnn,id_9d84cd196d88,,completed,0,False,id_6d037d42cfe2,supervised,harcnn,full_finetune_lr4,id_fc6ba2357f31,multimodal_df,daghar_standardized_balanced,motionsense,train,config_0,multimodal_samples_100,id_7d268895569b,har,train,full_run,/workspaces/HIAAC-KR-Dev-Container/Minerva-Exps/benchmarks/experiments/paper_daghar_supervised_3runs_perlr_samples_down_seed_harcnn_34/logs/id_9d84cd196d88/final,,,,,,,,,
train_harcnn,id_9f6b3ae91456,,completed,0,False,id_58b7ba40d9ba,supervised,harcnn,full_finetune_lr3,id_cf1ed39f3ad3,multimodal_df,daghar_standardized_balanced,motionsense,train,config_0,multimodal_samples_001,id_7d268895569b,har,train,full_run,/workspaces/HIAAC-KR-Dev-Container/Minerva-Exps/benchmarks/experiments/paper_daghar_supervised_3runs_perlr_samples_down_seed_harcnn_34/logs/id_9f6b3ae91456/final,,,,,,,,,
train_harcnn,id_9b93f5624648,,completed,0,False,id_6d037d42cfe2,supervised,harcnn,full_finetune_lr4,id_1a725c88d879,multimodal_df,daghar_standardized_balanced,wisdm,train,config_0,multimodal_samples_025_2,id_7d268895569b,har,train,full_run,/workspaces/HIAAC-KR-Dev-Container/Minerva-Exps/benchmarks/experiments/paper_daghar_supervised_3runs_perlr_samples_down_seed_harcnn_34/logs/id_9b93f5624648/final,,,,,,,,,
train_harcnn,id_a14213eb1dbc,,completed,0,False,id_6d037d42cfe2,supervised,harcnn,full_finetune_lr4,id_9dd4c9a25077,multimodal_df,daghar_standardized_balanced,motionsense,train,config_0,multimodal_samples_200,id_7d268895569b,har,train,full_run,/workspaces/HIAAC-KR-Dev-Container/Minerva-Exps/benchmarks/experiments/paper_daghar_supervised_3runs_perlr_samples_down_seed_harcnn_34/logs/id_a14213eb1dbc/final,,,,,,,,,
train_harcnn,id_a00893498d15,,completed,0,False,id_58b7ba40d9ba,supervised,harcnn,full_finetune_lr3,id_8f0cce8978b6,multimodal_df,daghar_standardized_balanced,uci,train,config_0,multimodal_samples_050,id_7d268895569b,har,train,full_run,/workspaces/HIAAC-KR-Dev-Container/Minerva-Exps/benchmarks/experiments/paper_daghar_supervised_3runs_perlr_samples_down_seed_harcnn_34/logs/id_a00893498d15/final,,,,,,,,,
train_harcnn,id_a1365863e361,,completed,0,False,id_58b7ba40d9ba,supervised,harcnn,full_finetune_lr3,id_650e37922e7e,multimodal_df,daghar_standardized_balanced,motionsense,train,config_0,multimodal_samples_025,id_7d268895569b,har,train,full_run,/workspaces/HIAAC-KR-Dev-Container/Minerva-Exps/benchmarks/experiments/paper_daghar_supervised_3runs_perlr_samples_down_seed_harcnn_34/logs/id_a1365863e361/final,,,,,,,,,
train_harcnn,id_a6205a1bae2a,,completed,0,False,id_58b7ba40d9ba,supervised,harcnn,full_finetune_lr3,id_f726969cec7e,multimodal_df,daghar_standardized_balanced,kuhar,train,config_0,multimodal_perc_100_3,id_7d268895569b,har,train,full_run,/workspaces/HIAAC-KR-Dev-Container/Minerva-Exps/benchmarks/experiments/paper_daghar_supervised_3runs_perlr_samples_down_seed_harcnn_34/logs/id_a6205a1bae2a/final,,,,,,,,,
train_harcnn,id_9fac9a05b066,,completed,0,False,id_6d037d42cfe2,supervised,harcnn,full_finetune_lr4,id_2baf94349229,multimodal_df,daghar_standardized_balanced,rw_waist,train,config_0,multimodal_samples_025_3,id_7d268895569b,har,train,full_run,/workspaces/HIAAC-KR-Dev-Container/Minerva-Exps/benchmarks/experiments/paper_daghar_supervised_3runs_perlr_samples_down_seed_harcnn_34/logs/id_9fac9a05b066/final,,,,,,,,,
train_harcnn,id_a3c4d500f2a8,,completed,0,False,id_58b7ba40d9ba,supervised,harcnn,full_finetune_lr3,id_e6ba45a9ddf9,multimodal_df,daghar_standardized_balanced,rw_thigh,train,config_0,multimodal_samples_100,id_7d268895569b,har,train,full_run,/workspaces/HIAAC-KR-Dev-Container/Minerva-Exps/benchmarks/experiments/paper_daghar_supervised_3runs_perlr_samples_down_seed_harcnn_34/logs/id_a3c4d500f2a8/final,,,,,,,,,
train_harcnn,id_a26842f39032,,completed,0,False,id_6d037d42cfe2,supervised,harcnn,full_finetune_lr4,id_b54259b359ab,multimodal_df,daghar_standardized_balanced,rw_waist,train,config_0,multimodal_samples_001_3,id_7d268895569b,har,train,full_run,/workspaces/HIAAC-KR-Dev-Container/Minerva-Exps/benchmarks/experiments/paper_daghar_supervised_3runs_perlr_samples_down_seed_harcnn_34/logs/id_a26842f39032/final,,,,,,,,,
train_harcnn,id_abd9817ab27c,,completed,0,False,id_6d037d42cfe2,supervised,harcnn,full_finetune_lr4,id_12164f3aad9d,multimodal_df,daghar_standardized_balanced,uci,train,config_0,multimodal_samples_100_2,id_7d268895569b,har,train,full_run,/workspaces/HIAAC-KR-Dev-Container/Minerva-Exps/benchmarks/experiments/paper_daghar_supervised_3runs_perlr_samples_down_seed_harcnn_34/logs/id_abd9817ab27c/final,,,,,,,,,
train_harcnn,id_ac2ff6d80704,,completed,0,False,id_58b7ba40d9ba,supervised,harcnn,full_finetune_lr3,id_5f141c49960f,multimodal_df,daghar_standardized_balanced,motionsense,train,config_0,multimodal_samples_005_2,id_7d268895569b,har,train,full_run,/workspaces/HIAAC-KR-Dev-Container/Minerva-Exps/benchmarks/experiments/paper_daghar_supervised_3runs_perlr_samples_down_seed_harcnn_34/logs/id_ac2ff6d80704/final,,,,,,,,,
train_harcnn,id_ae926ba0d0b0,,completed,0,False,id_58b7ba40d9ba,supervised,harcnn,full_finetune_lr3,id_091a3b529e49,multimodal_df,daghar_standardized_balanced,kuhar,train,config_0,multimodal_samples_005_3,id_7d268895569b,har,train,full_run,/workspaces/HIAAC-KR-Dev-Container/Minerva-Exps/benchmarks/experiments/paper_daghar_supervised_3runs_perlr_samples_down_seed_harcnn_34/logs/id_ae926ba0d0b0/final,,,,,,,,,
train_harcnn,id_ae5a9baa6024,,completed,0,False,id_58b7ba40d9ba,supervised,harcnn,full_finetune_lr3,id_a50226a2e73f,multimodal_df,daghar_standardized_balanced,motionsense,train,config_0,multimodal_samples_005_3,id_7d268895569b,har,train,full_run,/workspaces/HIAAC-KR-Dev-Container/Minerva-Exps/benchmarks/experiments/paper_daghar_supervised_3runs_perlr_samples_down_seed_harcnn_34/logs/id_ae5a9baa6024/final,,,,,,,,,
train_harcnn,id_afa1f2a4b019,,completed,0,False,id_58b7ba40d9ba,supervised,harcnn,full_finetune_lr3,id_63390b2e2f32,multimodal_df,daghar_standardized_balanced,wisdm,train,config_0,multimodal_samples_005_2,id_7d268895569b,har,train,full_run,/workspaces/HIAAC-KR-Dev-Container/Minerva-Exps/benchmarks/experiments/paper_daghar_supervised_3runs_perlr_samples_down_seed_harcnn_34/logs/id_afa1f2a4b019/final,,,,,,,,,
train_harcnn,id_ad734fba9847,,completed,0,False,id_58b7ba40d9ba,supervised,harcnn,full_finetune_lr3,id_4987ed1d5bf0,multimodal_df,daghar_standardized_balanced,wisdm,train,config_0,multimodal_samples_025,id_7d268895569b,har,train,full_run,/workspaces/HIAAC-KR-Dev-Container/Minerva-Exps/benchmarks/experiments/paper_daghar_supervised_3runs_perlr_samples_down_seed_harcnn_34/logs/id_ad734fba9847/final,,,,,,,,,
train_harcnn,id_ac12efb925e9,,completed,0,False,id_6d037d42cfe2,supervised,harcnn,full_finetune_lr4,id_1da0f49b378e,multimodal_df,daghar_standardized_balanced,uci,train,config_0,multimodal_samples_005_3,id_7d268895569b,har,train,full_run,/workspaces/HIAAC-KR-Dev-Container/Minerva-Exps/benchmarks/experiments/paper_daghar_supervised_3runs_perlr_samples_down_seed_harcnn_34/logs/id_ac12efb925e9/final,,,,,,,,,
train_harcnn,id_addb56503cfe,,completed,0,False,id_6d037d42cfe2,supervised,harcnn,full_finetune_lr4,id_52a5133aa345,multimodal_df,daghar_standardized_balanced,wisdm,train,config_0,multimodal_samples_100_3,id_7d268895569b,har,train,full_run,/workspaces/HIAAC-KR-Dev-Container/Minerva-Exps/benchmarks/experiments/paper_daghar_supervised_3runs_perlr_samples_down_seed_harcnn_34/logs/id_addb56503cfe/final,,,,,,,,,
train_harcnn,id_b092351d06f8,,completed,0,False,id_58b7ba40d9ba,supervised,harcnn,full_finetune_lr3,id_0637ba4f3b1a,multimodal_df,daghar_standardized_balanced,wisdm,train,config_0,multimodal_samples_001,id_7d268895569b,har,train,full_run,/workspaces/HIAAC-KR-Dev-Container/Minerva-Exps/benchmarks/experiments/paper_daghar_supervised_3runs_perlr_samples_down_seed_harcnn_34/logs/id_b092351d06f8/final,,,,,,,,,
train_harcnn,id_b12400eb946d,,completed,0,False,id_6d037d42cfe2,supervised,harcnn,full_finetune_lr4,id_f90ca44123d9,multimodal_df,daghar_standardized_balanced,kuhar,train,config_0,multimodal_samples_200_3,id_7d268895569b,har,train,full_run,/workspaces/HIAAC-KR-Dev-Container/Minerva-Exps/benchmarks/experiments/paper_daghar_supervised_3runs_perlr_samples_down_seed_harcnn_34/logs/id_b12400eb946d/final,,,,,,,,,
train_harcnn,id_b0e006d21bf9,,completed,0,False,id_58b7ba40d9ba,supervised,harcnn,full_finetune_lr3,id_c1e743ebb0a8,multimodal_df,daghar_standardized_balanced,rw_thigh,train,config_0,multimodal_samples_005_3,id_7d268895569b,har,train,full_run,/workspaces/HIAAC-KR-Dev-Container/Minerva-Exps/benchmarks/experiments/paper_daghar_supervised_3runs_perlr_samples_down_seed_harcnn_34/logs/id_b0e006d21bf9/final,,,,,,,,,
train_harcnn,id_b1bd330eee27,,completed,0,False,id_58b7ba40d9ba,supervised,harcnn,full_finetune_lr3,id_5a4fe85324f7,multimodal_df,daghar_standardized_balanced,kuhar,train,config_0,multimodal_samples_001_3,id_7d268895569b,har,train,full_run,/workspaces/HIAAC-KR-Dev-Container/Minerva-Exps/benchmarks/experiments/paper_daghar_supervised_3runs_perlr_samples_down_seed_harcnn_34/logs/id_b1bd330eee27/final,,,,,,,,,
train_harcnn,id_b1067dcbe94f,,completed,0,False,id_6d037d42cfe2,supervised,harcnn,full_finetune_lr4,id_58f0d08fff7e,multimodal_df,daghar_standardized_balanced,rw_thigh,train,config_0,multimodal_samples_050_3,id_7d268895569b,har,train,full_run,/workspaces/HIAAC-KR-Dev-Container/Minerva-Exps/benchmarks/experiments/paper_daghar_supervised_3runs_perlr_samples_down_seed_harcnn_34/logs/id_b1067dcbe94f/final,,,,,,,,,
train_harcnn,id_b5729fd47b64,,completed,0,False,id_58b7ba40d9ba,supervised,harcnn,full_finetune_lr3,id_5ae71f56cac1,multimodal_df,daghar_standardized_balanced,kuhar,train,config_0,multimodal_perc_100_2,id_7d268895569b,har,train,full_run,/workspaces/HIAAC-KR-Dev-Container/Minerva-Exps/benchmarks/experiments/paper_daghar_supervised_3runs_perlr_samples_down_seed_harcnn_34/logs/id_b5729fd47b64/final,,,,,,,,,
train_harcnn,id_b322ae4fb74e,,completed,0,False,id_58b7ba40d9ba,supervised,harcnn,full_finetune_lr3,id_c2e910dcdcec,multimodal_df,daghar_standardized_balanced,motionsense,train,config_0,multimodal_samples_010_2,id_7d268895569b,har,train,full_run,/workspaces/HIAAC-KR-Dev-Container/Minerva-Exps/benchmarks/experiments/paper_daghar_supervised_3runs_perlr_samples_down_seed_harcnn_34/logs/id_b322ae4fb74e/final,,,,,,,,,
train_harcnn,id_b1ee7b391c46,,completed,0,False,id_6d037d42cfe2,supervised,harcnn,full_finetune_lr4,id_dc9780befec7,multimodal_df,daghar_standardized_balanced,uci,train,config_0,multimodal_perc_100,id_7d268895569b,har,train,full_run,/workspaces/HIAAC-KR-Dev-Container/Minerva-Exps/benchmarks/experiments/paper_daghar_supervised_3runs_perlr_samples_down_seed_harcnn_34/logs/id_b1ee7b391c46/final,,,,,,,,,
train_harcnn,id_b361786c49b8,,completed,0,False,id_58b7ba40d9ba,supervised,harcnn,full_finetune_lr3,id_cc98e906d375,multimodal_df,daghar_standardized_balanced,rw_thigh,train,config_0,multimodal_perc_100_2,id_7d268895569b,har,train,full_run,/workspaces/HIAAC-KR-Dev-Container/Minerva-Exps/benchmarks/experiments/paper_daghar_supervised_3runs_perlr_samples_down_seed_harcnn_34/logs/id_b361786c49b8/final,,,,,,,,,
train_harcnn,id_b25d4ec923ac,,completed,0,False,id_58b7ba40d9ba,supervised,harcnn,full_finetune_lr3,id_20dbdedc5e50,multimodal_df,daghar_standardized_balanced,rw_waist,train,config_0,multimodal_perc_100_3,id_7d268895569b,har,train,full_run,/workspaces/HIAAC-KR-Dev-Container/Minerva-Exps/benchmarks/experiments/paper_daghar_supervised_3runs_perlr_samples_down_seed_harcnn_34/logs/id_b25d4ec923ac/final,,,,,,,,,
train_harcnn,id_b262e94dd122,,completed,0,False,id_58b7ba40d9ba,supervised,harcnn,full_finetune_lr3,id_0ee270359c3b,multimodal_df,daghar_standardized_balanced,rw_waist,train,config_0,multimodal_perc_100,id_7d268895569b,har,train,full_run,/workspaces/HIAAC-KR-Dev-Container/Minerva-Exps/benchmarks/experiments/paper_daghar_supervised_3runs_perlr_samples_down_seed_harcnn_34/logs/id_b262e94dd122/final,,,,,,,,,
train_harcnn,id_b5e5dd0b7217,,completed,0,False,id_6d037d42cfe2,supervised,harcnn,full_finetune_lr4,id_03f958408f87,multimodal_df,daghar_standardized_balanced,uci,train,config_0,multimodal_samples_010,id_7d268895569b,har,train,full_run,/workspaces/HIAAC-KR-Dev-Container/Minerva-Exps/benchmarks/experiments/paper_daghar_supervised_3runs_perlr_samples_down_seed_harcnn_34/logs/id_b5e5dd0b7217/final,,,,,,,,,
train_harcnn,id_b779b553b8a9,,completed,0,False,id_58b7ba40d9ba,supervised,harcnn,full_finetune_lr3,id_7c6176c62c39,multimodal_df,daghar_standardized_balanced,motionsense,train,config_0,multimodal_samples_001_2,id_7d268895569b,har,train,full_run,/workspaces/HIAAC-KR-Dev-Container/Minerva-Exps/benchmarks/experiments/paper_daghar_supervised_3runs_perlr_samples_down_seed_harcnn_34/logs/id_b779b553b8a9/final,,,,,,,,,
train_harcnn,id_b67c1aba148c,,completed,0,False,id_6d037d42cfe2,supervised,harcnn,full_finetune_lr4,id_f50c99792caa,multimodal_df,daghar_standardized_balanced,uci,train,config_0,multimodal_samples_001_3,id_7d268895569b,har,train,full_run,/workspaces/HIAAC-KR-Dev-Container/Minerva-Exps/benchmarks/experiments/paper_daghar_supervised_3runs_perlr_samples_down_seed_harcnn_34/logs/id_b67c1aba148c/final,,,,,,,,,
train_harcnn,id_b6c2e3febe40,,completed,0,False,id_6d037d42cfe2,supervised,harcnn,full_finetune_lr4,id_d4c695219794,multimodal_df,daghar_standardized_balanced,rw_waist,train,config_0,multimodal_samples_010_3,id_7d268895569b,har,train,full_run,/workspaces/HIAAC-KR-Dev-Container/Minerva-Exps/benchmarks/experiments/paper_daghar_supervised_3runs_perlr_samples_down_seed_harcnn_34/logs/id_b6c2e3febe40/final,,,,,,,,,
train_harcnn,id_b7a4445894a5,,completed,0,False,id_6d037d42cfe2,supervised,harcnn,full_finetune_lr4,id_274e205b8ad8,multimodal_df,daghar_standardized_balanced,kuhar,train,config_0,multimodal_samples_010_2,id_7d268895569b,har,train,full_run,/workspaces/HIAAC-KR-Dev-Container/Minerva-Exps/benchmarks/experiments/paper_daghar_supervised_3runs_perlr_samples_down_seed_harcnn_34/logs/id_b7a4445894a5/final,,,,,,,,,
train_harcnn,id_b831a89432f3,,completed,0,False,id_58b7ba40d9ba,supervised,harcnn,full_finetune_lr3,id_d4c695219794,multimodal_df,daghar_standardized_balanced,rw_waist,train,config_0,multimodal_samples_010_3,id_7d268895569b,har,train,full_run,/workspaces/HIAAC-KR-Dev-Container/Minerva-Exps/benchmarks/experiments/paper_daghar_supervised_3runs_perlr_samples_down_seed_harcnn_34/logs/id_b831a89432f3/final,,,,,,,,,
train_harcnn,id_bb2b4ac24e8a,,completed,0,False,id_58b7ba40d9ba,supervised,harcnn,full_finetune_lr3,id_515e0c3fbe05,multimodal_df,daghar_standardized_balanced,kuhar,train,config_0,multimodal_samples_200,id_7d268895569b,har,train,full_run,/workspaces/HIAAC-KR-Dev-Container/Minerva-Exps/benchmarks/experiments/paper_daghar_supervised_3runs_perlr_samples_down_seed_harcnn_34/logs/id_bb2b4ac24e8a/final,,,,,,,,,
train_harcnn,id_b904bcfaafcd,,completed,0,False,id_58b7ba40d9ba,supervised,harcnn,full_finetune_lr3,id_2d8c7a4e80db,multimodal_df,daghar_standardized_balanced,motionsense,train,config_0,multimodal_samples_050_3,id_7d268895569b,har,train,full_run,/workspaces/HIAAC-KR-Dev-Container/Minerva-Exps/benchmarks/experiments/paper_daghar_supervised_3runs_perlr_samples_down_seed_harcnn_34/logs/id_b904bcfaafcd/final,,,,,,,,,
train_harcnn,id_b95f9ee4031d,,completed,0,False,id_58b7ba40d9ba,supervised,harcnn,full_finetune_lr3,id_4a2aca339c33,multimodal_df,daghar_standardized_balanced,rw_waist,train,config_0,multimodal_samples_010,id_7d268895569b,har,train,full_run,/workspaces/HIAAC-KR-Dev-Container/Minerva-Exps/benchmarks/experiments/paper_daghar_supervised_3runs_perlr_samples_down_seed_harcnn_34/logs/id_b95f9ee4031d/final,,,,,,,,,
train_harcnn,id_b7f4274aff58,,completed,0,False,id_6d037d42cfe2,supervised,harcnn,full_finetune_lr4,id_e5f35050bdc1,multimodal_df,daghar_standardized_balanced,wisdm,train,config_0,multimodal_samples_005_3,id_7d268895569b,har,train,full_run,/workspaces/HIAAC-KR-Dev-Container/Minerva-Exps/benchmarks/experiments/paper_daghar_supervised_3runs_perlr_samples_down_seed_harcnn_34/logs/id_b7f4274aff58/final,,,,,,,,,
train_harcnn,id_bb6cc338fe00,,completed,0,False,id_6d037d42cfe2,supervised,harcnn,full_finetune_lr4,id_6350f6340249,multimodal_df,daghar_standardized_balanced,kuhar,train,config_0,multimodal_samples_005_2,id_7d268895569b,har,train,full_run,/workspaces/HIAAC-KR-Dev-Container/Minerva-Exps/benchmarks/experiments/paper_daghar_supervised_3runs_perlr_samples_down_seed_harcnn_34/logs/id_bb6cc338fe00/final,,,,,,,,,
train_harcnn,id_bd17bbecbabb,,completed,0,False,id_58b7ba40d9ba,supervised,harcnn,full_finetune_lr3,id_6216214775b3,multimodal_df,daghar_standardized_balanced,rw_thigh,train,config_0,multimodal_samples_001_2,id_7d268895569b,har,train,full_run,/workspaces/HIAAC-KR-Dev-Container/Minerva-Exps/benchmarks/experiments/paper_daghar_supervised_3runs_perlr_samples_down_seed_harcnn_34/logs/id_bd17bbecbabb/final,,,,,,,,,
train_harcnn,id_bbbe1de23d33,,completed,0,False,id_6d037d42cfe2,supervised,harcnn,full_finetune_lr4,id_2bd430b767f1,multimodal_df,daghar_standardized_balanced,motionsense,train,config_0,multimodal_samples_100_3,id_7d268895569b,har,train,full_run,/workspaces/HIAAC-KR-Dev-Container/Minerva-Exps/benchmarks/experiments/paper_daghar_supervised_3runs_perlr_samples_down_seed_harcnn_34/logs/id_bbbe1de23d33/final,,,,,,,,,
train_harcnn,id_b8848dd5b4cb,,completed,0,False,id_58b7ba40d9ba,supervised,harcnn,full_finetune_lr3,id_a274409d79b7,multimodal_df,daghar_standardized_balanced,uci,train,config_0,multimodal_perc_100_2,id_7d268895569b,har,train,full_run,/workspaces/HIAAC-KR-Dev-Container/Minerva-Exps/benchmarks/experiments/paper_daghar_supervised_3runs_perlr_samples_down_seed_harcnn_34/logs/id_b8848dd5b4cb/final,,,,,,,,,
train_harcnn,id_bce96c5513f0,,completed,0,False,id_6d037d42cfe2,supervised,harcnn,full_finetune_lr4,id_c6d3a26ce3a3,multimodal_df,daghar_standardized_balanced,uci,train,config_0,multimodal_samples_010_3,id_7d268895569b,har,train,full_run,/workspaces/HIAAC-KR-Dev-Container/Minerva-Exps/benchmarks/experiments/paper_daghar_supervised_3runs_perlr_samples_down_seed_harcnn_34/logs/id_bce96c5513f0/final,,,,,,,,,
train_harcnn,id_bf2a29578b98,,completed,0,False,id_58b7ba40d9ba,supervised,harcnn,full_finetune_lr3,id_5797b3b9b110,multimodal_df,daghar_standardized_balanced,kuhar,train,config_0,multimodal_samples_100_3,id_7d268895569b,har,train,full_run,/workspaces/HIAAC-KR-Dev-Container/Minerva-Exps/benchmarks/experiments/paper_daghar_supervised_3runs_perlr_samples_down_seed_harcnn_34/logs/id_bf2a29578b98/final,,,,,,,,,
train_harcnn,id_bdd4b0f96da6,,completed,0,False,id_6d037d42cfe2,supervised,harcnn,full_finetune_lr4,id_752bde3fdada,multimodal_df,daghar_standardized_balanced,kuhar,train,config_0,multimodal_samples_010,id_7d268895569b,har,train,full_run,/workspaces/HIAAC-KR-Dev-Container/Minerva-Exps/benchmarks/experiments/paper_daghar_supervised_3runs_perlr_samples_down_seed_harcnn_34/logs/id_bdd4b0f96da6/final,,,,,,,,,
train_harcnn,id_bf2b439720d3,,completed,0,False,id_58b7ba40d9ba,supervised,harcnn,full_finetune_lr3,id_3b3b9b61dc95,multimodal_df,daghar_standardized_balanced,kuhar,train,config_0,multimodal_perc_100,id_7d268895569b,har,train,full_run,/workspaces/HIAAC-KR-Dev-Container/Minerva-Exps/benchmarks/experiments/paper_daghar_supervised_3runs_perlr_samples_down_seed_harcnn_34/logs/id_bf2b439720d3/final,,,,,,,,,
train_harcnn,id_bcf667ab669a,,completed,0,False,id_6d037d42cfe2,supervised,harcnn,full_finetune_lr4,id_e6b257557292,multimodal_df,daghar_standardized_balanced,rw_waist,train,config_0,multimodal_perc_100_2,id_7d268895569b,har,train,full_run,/workspaces/HIAAC-KR-Dev-Container/Minerva-Exps/benchmarks/experiments/paper_daghar_supervised_3runs_perlr_samples_down_seed_harcnn_34/logs/id_bcf667ab669a/final,,,,,,,,,
train_harcnn,id_bd4f12468d71,,completed,0,False,id_6d037d42cfe2,supervised,harcnn,full_finetune_lr4,id_3879140ea3fb,multimodal_df,daghar_standardized_balanced,rw_thigh,train,config_0,multimodal_samples_010_2,id_7d268895569b,har,train,full_run,/workspaces/HIAAC-KR-Dev-Container/Minerva-Exps/benchmarks/experiments/paper_daghar_supervised_3runs_perlr_samples_down_seed_harcnn_34/logs/id_bd4f12468d71/final,,,,,,,,,
train_harcnn,id_be588d680020,,completed,0,False,id_6d037d42cfe2,supervised,harcnn,full_finetune_lr4,id_0bda4f0f9489,multimodal_df,daghar_standardized_balanced,motionsense,train,config_0,multimodal_samples_005,id_7d268895569b,har,train,full_run,/workspaces/HIAAC-KR-Dev-Container/Minerva-Exps/benchmarks/experiments/paper_daghar_supervised_3runs_perlr_samples_down_seed_harcnn_34/logs/id_be588d680020/final,,,,,,,,,
train_harcnn,id_bf5b774a797a,,completed,0,False,id_58b7ba40d9ba,supervised,harcnn,full_finetune_lr3,id_52a5133aa345,multimodal_df,daghar_standardized_balanced,wisdm,train,config_0,multimodal_samples_100_3,id_7d268895569b,har,train,full_run,/workspaces/HIAAC-KR-Dev-Container/Minerva-Exps/benchmarks/experiments/paper_daghar_supervised_3runs_perlr_samples_down_seed_harcnn_34/logs/id_bf5b774a797a/final,,,,,,,,,
train_harcnn,id_c45d4bd6037d,,completed,0,False,id_6d037d42cfe2,supervised,harcnn,full_finetune_lr4,id_caa8f5feb10b,multimodal_df,daghar_standardized_balanced,kuhar,train,config_0,multimodal_samples_050,id_7d268895569b,har,train,full_run,/workspaces/HIAAC-KR-Dev-Container/Minerva-Exps/benchmarks/experiments/paper_daghar_supervised_3runs_perlr_samples_down_seed_harcnn_34/logs/id_c45d4bd6037d/final,,,,,,,,,
train_harcnn,id_c03b6b49bb14,,completed,0,False,id_58b7ba40d9ba,supervised,harcnn,full_finetune_lr3,id_cca20f21af92,multimodal_df,daghar_standardized_balanced,motionsense,train,config_0,multimodal_perc_100_3,id_7d268895569b,har,train,full_run,/workspaces/HIAAC-KR-Dev-Container/Minerva-Exps/benchmarks/experiments/paper_daghar_supervised_3runs_perlr_samples_down_seed_harcnn_34/logs/id_c03b6b49bb14/final,,,,,,,,,
train_harcnn,id_bfc69cc88418,,completed,0,False,id_6d037d42cfe2,supervised,harcnn,full_finetune_lr4,id_2d8c7a4e80db,multimodal_df,daghar_standardized_balanced,motionsense,train,config_0,multimodal_samples_050_3,id_7d268895569b,har,train,full_run,/workspaces/HIAAC-KR-Dev-Container/Minerva-Exps/benchmarks/experiments/paper_daghar_supervised_3runs_perlr_samples_down_seed_harcnn_34/logs/id_bfc69cc88418/final,,,,,,,,,
train_harcnn,id_c5a35acc0226,,completed,0,False,id_58b7ba40d9ba,supervised,harcnn,full_finetune_lr3,id_2bd430b767f1,multimodal_df,daghar_standardized_balanced,motionsense,train,config_0,multimodal_samples_100_3,id_7d268895569b,har,train,full_run,/workspaces/HIAAC-KR-Dev-Container/Minerva-Exps/benchmarks/experiments/paper_daghar_supervised_3runs_perlr_samples_down_seed_harcnn_34/logs/id_c5a35acc0226/final,,,,,,,,,
train_harcnn,id_c6911665923b,,completed,0,False,id_58b7ba40d9ba,supervised,harcnn,full_finetune_lr3,id_653f367090ba,multimodal_df,daghar_standardized_balanced,rw_waist,train,config_0,multimodal_samples_010_2,id_7d268895569b,har,train,full_run,/workspaces/HIAAC-KR-Dev-Container/Minerva-Exps/benchmarks/experiments/paper_daghar_supervised_3runs_perlr_samples_down_seed_harcnn_34/logs/id_c6911665923b/final,,,,,,,,,
train_harcnn,id_c583f252c8da,,completed,0,False,id_6d037d42cfe2,supervised,harcnn,full_finetune_lr4,id_53a73fa7e879,multimodal_df,daghar_standardized_balanced,wisdm,train,config_0,multimodal_samples_200_3,id_7d268895569b,har,train,full_run,/workspaces/HIAAC-KR-Dev-Container/Minerva-Exps/benchmarks/experiments/paper_daghar_supervised_3runs_perlr_samples_down_seed_harcnn_34/logs/id_c583f252c8da/final,,,,,,,,,
train_harcnn,id_c7128692b250,,completed,0,False,id_58b7ba40d9ba,supervised,harcnn,full_finetune_lr3,id_de3c5e60bc0a,multimodal_df,daghar_standardized_balanced,motionsense,train,config_0,multimodal_samples_010,id_7d268895569b,har,train,full_run,/workspaces/HIAAC-KR-Dev-Container/Minerva-Exps/benchmarks/experiments/paper_daghar_supervised_3runs_perlr_samples_down_seed_harcnn_34/logs/id_c7128692b250/final,,,,,,,,,
train_harcnn,id_c505d91deed3,,completed,0,False,id_6d037d42cfe2,supervised,harcnn,full_finetune_lr4,id_47548eafb974,multimodal_df,daghar_standardized_balanced,wisdm,train,config_0,multimodal_samples_005,id_7d268895569b,har,train,full_run,/workspaces/HIAAC-KR-Dev-Container/Minerva-Exps/benchmarks/experiments/paper_daghar_supervised_3runs_perlr_samples_down_seed_harcnn_34/logs/id_c505d91deed3/final,,,,,,,,,
train_harcnn,id_c59a31924598,,completed,0,False,id_6d037d42cfe2,supervised,harcnn,full_finetune_lr4,id_120bda9178a1,multimodal_df,daghar_standardized_balanced,wisdm,train,config_0,multimodal_samples_010_3,id_7d268895569b,har,train,full_run,/workspaces/HIAAC-KR-Dev-Container/Minerva-Exps/benchmarks/experiments/paper_daghar_supervised_3runs_perlr_samples_down_seed_harcnn_34/logs/id_c59a31924598/final,,,,,,,,,
train_harcnn,id_ca2e5834d58c,,completed,0,False,id_58b7ba40d9ba,supervised,harcnn,full_finetune_lr3,id_50b8183b88b4,multimodal_df,daghar_standardized_balanced,rw_waist,train,config_0,multimodal_samples_050_3,id_7d268895569b,har,train,full_run,/workspaces/HIAAC-KR-Dev-Container/Minerva-Exps/benchmarks/experiments/paper_daghar_supervised_3runs_perlr_samples_down_seed_harcnn_34/logs/id_ca2e5834d58c/final,,,,,,,,,
train_harcnn,id_c7da8dfe3334,,completed,0,False,id_6d037d42cfe2,supervised,harcnn,full_finetune_lr4,id_62ae1bbdbef0,multimodal_df,daghar_standardized_balanced,kuhar,train,config_0,multimodal_samples_001,id_7d268895569b,har,train,full_run,/workspaces/HIAAC-KR-Dev-Container/Minerva-Exps/benchmarks/experiments/paper_daghar_supervised_3runs_perlr_samples_down_seed_harcnn_34/logs/id_c7da8dfe3334/final,,,,,,,,,
train_harcnn,id_c6f33f938b9f,,completed,0,False,id_6d037d42cfe2,supervised,harcnn,full_finetune_lr4,id_820f9528b139,multimodal_df,daghar_standardized_balanced,motionsense,train,config_0,multimodal_samples_010_3,id_7d268895569b,har,train,full_run,/workspaces/HIAAC-KR-Dev-Container/Minerva-Exps/benchmarks/experiments/paper_daghar_supervised_3runs_perlr_samples_down_seed_harcnn_34/logs/id_c6f33f938b9f/final,,,,,,,,,
train_harcnn,id_cb25e772568c,,completed,0,False,id_58b7ba40d9ba,supervised,harcnn,full_finetune_lr3,id_14b0f19aa3e3,multimodal_df,daghar_standardized_balanced,rw_waist,train,config_0,multimodal_samples_100_2,id_7d268895569b,har,train,full_run,/workspaces/HIAAC-KR-Dev-Container/Minerva-Exps/benchmarks/experiments/paper_daghar_supervised_3runs_perlr_samples_down_seed_harcnn_34/logs/id_cb25e772568c/final,,,,,,,,,
train_harcnn,id_cd2ec5dfe5a9,,completed,0,False,id_58b7ba40d9ba,supervised,harcnn,full_finetune_lr3,id_dd4d18f1c7c4,multimodal_df,daghar_standardized_balanced,rw_thigh,train,config_0,multimodal_samples_025,id_7d268895569b,har,train,full_run,/workspaces/HIAAC-KR-Dev-Container/Minerva-Exps/benchmarks/experiments/paper_daghar_supervised_3runs_perlr_samples_down_seed_harcnn_34/logs/id_cd2ec5dfe5a9/final,,,,,,,,,
train_harcnn,id_ce0d856a77ba,,completed,0,False,id_58b7ba40d9ba,supervised,harcnn,full_finetune_lr3,id_d05d4d1d48a9,multimodal_df,daghar_standardized_balanced,rw_thigh,train,config_0,multimodal_samples_200_2,id_7d268895569b,har,train,full_run,/workspaces/HIAAC-KR-Dev-Container/Minerva-Exps/benchmarks/experiments/paper_daghar_supervised_3runs_perlr_samples_down_seed_harcnn_34/logs/id_ce0d856a77ba/final,,,,,,,,,
train_harcnn,id_cd07905e6397,,completed,0,False,id_6d037d42cfe2,supervised,harcnn,full_finetune_lr4,id_ff2bb65ac9fe,multimodal_df,daghar_standardized_balanced,uci,train,config_0,multimodal_samples_010_2,id_7d268895569b,har,train,full_run,/workspaces/HIAAC-KR-Dev-Container/Minerva-Exps/benchmarks/experiments/paper_daghar_supervised_3runs_perlr_samples_down_seed_harcnn_34/logs/id_cd07905e6397/final,,,,,,,,,
train_harcnn,id_cd1ebab23095,,completed,0,False,id_6d037d42cfe2,supervised,harcnn,full_finetune_lr4,id_8f0cce8978b6,multimodal_df,daghar_standardized_balanced,uci,train,config_0,multimodal_samples_050,id_7d268895569b,har,train,full_run,/workspaces/HIAAC-KR-Dev-Container/Minerva-Exps/benchmarks/experiments/paper_daghar_supervised_3runs_perlr_samples_down_seed_harcnn_34/logs/id_cd1ebab23095/final,,,,,,,,,
train_harcnn,id_cd174348f8ff,,completed,0,False,id_6d037d42cfe2,supervised,harcnn,full_finetune_lr4,id_98a30d23c42b,multimodal_df,daghar_standardized_balanced,rw_waist,train,config_0,multimodal_samples_001,id_7d268895569b,har,train,full_run,/workspaces/HIAAC-KR-Dev-Container/Minerva-Exps/benchmarks/experiments/paper_daghar_supervised_3runs_perlr_samples_down_seed_harcnn_34/logs/id_cd174348f8ff/final,,,,,,,,,
train_harcnn,id_ce5c762d3506,,completed,0,False,id_6d037d42cfe2,supervised,harcnn,full_finetune_lr4,id_598014e6a5d3,multimodal_df,daghar_standardized_balanced,rw_thigh,train,config_0,multimodal_samples_100_3,id_7d268895569b,har,train,full_run,/workspaces/HIAAC-KR-Dev-Container/Minerva-Exps/benchmarks/experiments/paper_daghar_supervised_3runs_perlr_samples_down_seed_harcnn_34/logs/id_ce5c762d3506/final,,,,,,,,,
train_harcnn,id_cfd952482262,,completed,0,False,id_58b7ba40d9ba,supervised,harcnn,full_finetune_lr3,id_0bda4f0f9489,multimodal_df,daghar_standardized_balanced,motionsense,train,config_0,multimodal_samples_005,id_7d268895569b,har,train,full_run,/workspaces/HIAAC-KR-Dev-Container/Minerva-Exps/benchmarks/experiments/paper_daghar_supervised_3runs_perlr_samples_down_seed_harcnn_34/logs/id_cfd952482262/final,,,,,,,,,
train_harcnn,id_cee5451f3518,,completed,0,False,id_6d037d42cfe2,supervised,harcnn,full_finetune_lr4,id_a65f0a88ac4d,multimodal_df,daghar_standardized_balanced,uci,train,config_0,multimodal_samples_001_2,id_7d268895569b,har,train,full_run,/workspaces/HIAAC-KR-Dev-Container/Minerva-Exps/benchmarks/experiments/paper_daghar_supervised_3runs_perlr_samples_down_seed_harcnn_34/logs/id_cee5451f3518/final,,,,,,,,,
train_harcnn,id_cff2116810b0,,completed,0,False,id_58b7ba40d9ba,supervised,harcnn,full_finetune_lr3,id_a33ed4b5468e,multimodal_df,daghar_standardized_balanced,rw_thigh,train,config_0,multimodal_samples_005_2,id_7d268895569b,har,train,full_run,/workspaces/HIAAC-KR-Dev-Container/Minerva-Exps/benchmarks/experiments/paper_daghar_supervised_3runs_perlr_samples_down_seed_harcnn_34/logs/id_cff2116810b0/final,,,,,,,,,
train_harcnn,id_d10b49848c37,,completed,0,False,id_58b7ba40d9ba,supervised,harcnn,full_finetune_lr3,id_e0ead58eab76,multimodal_df,daghar_standardized_balanced,kuhar,train,config_0,multimodal_samples_100_2,id_7d268895569b,har,train,full_run,/workspaces/HIAAC-KR-Dev-Container/Minerva-Exps/benchmarks/experiments/paper_daghar_supervised_3runs_perlr_samples_down_seed_harcnn_34/logs/id_d10b49848c37/final,,,,,,,,,
train_harcnn,id_d028bf12c308,,completed,0,False,id_58b7ba40d9ba,supervised,harcnn,full_finetune_lr3,id_179104ace6c0,multimodal_df,daghar_standardized_balanced,kuhar,train,config_0,multimodal_samples_025_2,id_7d268895569b,har,train,full_run,/workspaces/HIAAC-KR-Dev-Container/Minerva-Exps/benchmarks/experiments/paper_daghar_supervised_3runs_perlr_samples_down_seed_harcnn_34/logs/id_d028bf12c308/final,,,,,,,,,
train_harcnn,id_d16240974b1c,,completed,0,False,id_6d037d42cfe2,supervised,harcnn,full_finetune_lr4,id_8b5908afbf43,multimodal_df,daghar_standardized_balanced,rw_waist,train,config_0,multimodal_samples_001_2,id_7d268895569b,har,train,full_run,/workspaces/HIAAC-KR-Dev-Container/Minerva-Exps/benchmarks/experiments/paper_daghar_supervised_3runs_perlr_samples_down_seed_harcnn_34/logs/id_d16240974b1c/final,,,,,,,,,
train_harcnn,id_d5c400a33dcc,,completed,0,False,id_58b7ba40d9ba,supervised,harcnn,full_finetune_lr3,id_94f746b04a62,multimodal_df,daghar_standardized_balanced,motionsense,train,config_0,multimodal_samples_200_2,id_7d268895569b,har,train,full_run,/workspaces/HIAAC-KR-Dev-Container/Minerva-Exps/benchmarks/experiments/paper_daghar_supervised_3runs_perlr_samples_down_seed_harcnn_34/logs/id_d5c400a33dcc/final,,,,,,,,,
train_harcnn,id_d1f54ea152a2,,completed,0,False,id_6d037d42cfe2,supervised,harcnn,full_finetune_lr4,id_7c6176c62c39,multimodal_df,daghar_standardized_balanced,motionsense,train,config_0,multimodal_samples_001_2,id_7d268895569b,har,train,full_run,/workspaces/HIAAC-KR-Dev-Container/Minerva-Exps/benchmarks/experiments/paper_daghar_supervised_3runs_perlr_samples_down_seed_harcnn_34/logs/id_d1f54ea152a2/final,,,,,,,,,
train_harcnn,id_d2391255868c,,completed,0,False,id_58b7ba40d9ba,supervised,harcnn,full_finetune_lr3,id_0f9a122d7cc5,multimodal_df,daghar_standardized_balanced,uci,train,config_0,multimodal_samples_025,id_7d268895569b,har,train,full_run,/workspaces/HIAAC-KR-Dev-Container/Minerva-Exps/benchmarks/experiments/paper_daghar_supervised_3runs_perlr_samples_down_seed_harcnn_34/logs/id_d2391255868c/final,,,,,,,,,
train_harcnn,id_d3d6018ed9ea,,completed,0,False,id_6d037d42cfe2,supervised,harcnn,full_finetune_lr4,id_73b62c9f3e5a,multimodal_df,daghar_standardized_balanced,kuhar,train,config_0,multimodal_samples_005,id_7d268895569b,har,train,full_run,/workspaces/HIAAC-KR-Dev-Container/Minerva-Exps/benchmarks/experiments/paper_daghar_supervised_3runs_perlr_samples_down_seed_harcnn_34/logs/id_d3d6018ed9ea/final,,,,,,,,,
train_harcnn,id_d2d1b761b446,,completed,0,False,id_6d037d42cfe2,supervised,harcnn,full_finetune_lr4,id_89d29379a762,multimodal_df,daghar_standardized_balanced,wisdm,train,config_0,multimodal_samples_050_2,id_7d268895569b,har,train,full_run,/workspaces/HIAAC-KR-Dev-Container/Minerva-Exps/benchmarks/experiments/paper_daghar_supervised_3runs_perlr_samples_down_seed_harcnn_34/logs/id_d2d1b761b446/final,,,,,,,,,
train_harcnn,id_d7186b886fb0,,completed,0,False,id_58b7ba40d9ba,supervised,harcnn,full_finetune_lr3,id_664d92a3ca56,multimodal_df,daghar_standardized_balanced,uci,train,config_0,multimodal_samples_200_3,id_7d268895569b,har,train,full_run,/workspaces/HIAAC-KR-Dev-Container/Minerva-Exps/benchmarks/experiments/paper_daghar_supervised_3runs_perlr_samples_down_seed_harcnn_34/logs/id_d7186b886fb0/final,,,,,,,,,
train_harcnn,id_dc68ac4d7d60,,completed,0,False,id_58b7ba40d9ba,supervised,harcnn,full_finetune_lr3,id_6db9002dfbf0,multimodal_df,daghar_standardized_balanced,uci,train,config_0,multimodal_samples_005,id_7d268895569b,har,train,full_run,/workspaces/HIAAC-KR-Dev-Container/Minerva-Exps/benchmarks/experiments/paper_daghar_supervised_3runs_perlr_samples_down_seed_harcnn_34/logs/id_dc68ac4d7d60/final,,,,,,,,,
train_harcnn,id_dabf9806c209,,completed,0,False,id_58b7ba40d9ba,supervised,harcnn,full_finetune_lr3,id_aab211c92197,multimodal_df,daghar_standardized_balanced,rw_waist,train,config_0,multimodal_samples_005_3,id_7d268895569b,har,train,full_run,/workspaces/HIAAC-KR-Dev-Container/Minerva-Exps/benchmarks/experiments/paper_daghar_supervised_3runs_perlr_samples_down_seed_harcnn_34/logs/id_dabf9806c209/final,,,,,,,,,
train_harcnn,id_da3c9af75cd1,,completed,0,False,id_6d037d42cfe2,supervised,harcnn,full_finetune_lr4,id_d9dc7844fd8b,multimodal_df,daghar_standardized_balanced,uci,train,config_0,multimodal_samples_050_2,id_7d268895569b,har,train,full_run,/workspaces/HIAAC-KR-Dev-Container/Minerva-Exps/benchmarks/experiments/paper_daghar_supervised_3runs_perlr_samples_down_seed_harcnn_34/logs/id_da3c9af75cd1/final,,,,,,,,,
train_harcnn,id_dee0b48b8299,,completed,0,False,id_58b7ba40d9ba,supervised,harcnn,full_finetune_lr3,id_7b5861f76744,multimodal_df,daghar_standardized_balanced,rw_thigh,train,config_0,multimodal_samples_025_3,id_7d268895569b,har,train,full_run,/workspaces/HIAAC-KR-Dev-Container/Minerva-Exps/benchmarks/experiments/paper_daghar_supervised_3runs_perlr_samples_down_seed_harcnn_34/logs/id_dee0b48b8299/final,,,,,,,,,
train_harcnn,id_de90610aff7f,,completed,0,False,id_58b7ba40d9ba,supervised,harcnn,full_finetune_lr3,id_d7d1a80f3236,multimodal_df,daghar_standardized_balanced,rw_thigh,train,config_0,multimodal_samples_200_3,id_7d268895569b,har,train,full_run,/workspaces/HIAAC-KR-Dev-Container/Minerva-Exps/benchmarks/experiments/paper_daghar_supervised_3runs_perlr_samples_down_seed_harcnn_34/logs/id_de90610aff7f/final,,,,,,,,,
train_harcnn,id_d89c18d3fdde,,completed,0,False,id_6d037d42cfe2,supervised,harcnn,full_finetune_lr4,id_0ee270359c3b,multimodal_df,daghar_standardized_balanced,rw_waist,train,config_0,multimodal_perc_100,id_7d268895569b,har,train,full_run,/workspaces/HIAAC-KR-Dev-Container/Minerva-Exps/benchmarks/experiments/paper_daghar_supervised_3runs_perlr_samples_down_seed_harcnn_34/logs/id_d89c18d3fdde/final,,,,,,,,,
train_harcnn,id_deedd94a00a3,,completed,0,False,id_6d037d42cfe2,supervised,harcnn,full_finetune_lr4,id_083b8f815ed5,multimodal_df,daghar_standardized_balanced,uci,train,config_0,multimodal_samples_200,id_7d268895569b,har,train,full_run,/workspaces/HIAAC-KR-Dev-Container/Minerva-Exps/benchmarks/experiments/paper_daghar_supervised_3runs_perlr_samples_down_seed_harcnn_34/logs/id_deedd94a00a3/final,,,,,,,,,
train_harcnn,id_e48550fdee93,,completed,0,False,id_58b7ba40d9ba,supervised,harcnn,full_finetune_lr3,id_45c2c4800f32,multimodal_df,daghar_standardized_balanced,kuhar,train,config_0,multimodal_samples_025,id_7d268895569b,har,train,full_run,/workspaces/HIAAC-KR-Dev-Container/Minerva-Exps/benchmarks/experiments/paper_daghar_supervised_3runs_perlr_samples_down_seed_harcnn_34/logs/id_e48550fdee93/final,,,,,,,,,
train_harcnn,id_e33817eb7007,,completed,0,False,id_58b7ba40d9ba,supervised,harcnn,full_finetune_lr3,id_274082d5effd,multimodal_df,daghar_standardized_balanced,rw_waist,train,config_0,multimodal_samples_005,id_7d268895569b,har,train,full_run,/workspaces/HIAAC-KR-Dev-Container/Minerva-Exps/benchmarks/experiments/paper_daghar_supervised_3runs_perlr_samples_down_seed_harcnn_34/logs/id_e33817eb7007/final,,,,,,,,,
train_harcnn,id_e17426cad592,,completed,0,False,id_6d037d42cfe2,supervised,harcnn,full_finetune_lr4,id_dbf308c611cc,multimodal_df,daghar_standardized_balanced,motionsense,train,config_0,multimodal_samples_025_3,id_7d268895569b,har,train,full_run,/workspaces/HIAAC-KR-Dev-Container/Minerva-Exps/benchmarks/experiments/paper_daghar_supervised_3runs_perlr_samples_down_seed_harcnn_34/logs/id_e17426cad592/final,,,,,,,,,
train_harcnn,id_e541a42cd70e,,completed,0,False,id_58b7ba40d9ba,supervised,harcnn,full_finetune_lr3,id_e7af70720e13,multimodal_df,daghar_standardized_balanced,kuhar,train,config_0,multimodal_samples_050_3,id_7d268895569b,har,train,full_run,/workspaces/HIAAC-KR-Dev-Container/Minerva-Exps/benchmarks/experiments/paper_daghar_supervised_3runs_perlr_samples_down_seed_harcnn_34/logs/id_e541a42cd70e/final,,,,,,,,,
train_harcnn,id_e254abd88d0c,,completed,0,False,id_58b7ba40d9ba,supervised,harcnn,full_finetune_lr3,id_51abcd3eb4aa,multimodal_df,daghar_standardized_balanced,rw_thigh,train,config_0,multimodal_perc_100,id_7d268895569b,har,train,full_run,/workspaces/HIAAC-KR-Dev-Container/Minerva-Exps/benchmarks/experiments/paper_daghar_supervised_3runs_perlr_samples_down_seed_harcnn_34/logs/id_e254abd88d0c/final,,,,,,,,,
train_harcnn,id_e48b6e30bded,,completed,0,False,id_58b7ba40d9ba,supervised,harcnn,full_finetune_lr3,id_7aec5716a4be,multimodal_df,daghar_standardized_balanced,motionsense,train,config_0,multimodal_samples_025_2,id_7d268895569b,har,train,full_run,/workspaces/HIAAC-KR-Dev-Container/Minerva-Exps/benchmarks/experiments/paper_daghar_supervised_3runs_perlr_samples_down_seed_harcnn_34/logs/id_e48b6e30bded/final,,,,,,,,,
train_harcnn,id_e4d56ff8ea04,,completed,0,False,id_6d037d42cfe2,supervised,harcnn,full_finetune_lr4,id_7d8dbca109bf,multimodal_df,daghar_standardized_balanced,motionsense,train,config_0,multimodal_perc_100_2,id_7d268895569b,har,train,full_run,/workspaces/HIAAC-KR-Dev-Container/Minerva-Exps/benchmarks/experiments/paper_daghar_supervised_3runs_perlr_samples_down_seed_harcnn_34/logs/id_e4d56ff8ea04/final,,,,,,,,,
train_harcnn,id_e38f75a5111f,,completed,0,False,id_6d037d42cfe2,supervised,harcnn,full_finetune_lr4,id_a217c54dba62,multimodal_df,daghar_standardized_balanced,wisdm,train,config_0,multimodal_samples_200,id_7d268895569b,har,train,full_run,/workspaces/HIAAC-KR-Dev-Container/Minerva-Exps/benchmarks/experiments/paper_daghar_supervised_3runs_perlr_samples_down_seed_harcnn_34/logs/id_e38f75a5111f/final,,,,,,,,,
train_harcnn,id_e72142b241ce,,completed,0,False,id_58b7ba40d9ba,supervised,harcnn,full_finetune_lr3,id_c348f76cba85,multimodal_df,daghar_standardized_balanced,kuhar,train,config_0,multimodal_samples_100,id_7d268895569b,har,train,full_run,/workspaces/HIAAC-KR-Dev-Container/Minerva-Exps/benchmarks/experiments/paper_daghar_supervised_3runs_perlr_samples_down_seed_harcnn_34/logs/id_e72142b241ce/final,,,,,,,,,
train_harcnn,id_e7909492864e,,completed,0,False,id_6d037d42cfe2,supervised,harcnn,full_finetune_lr4,id_c348f76cba85,multimodal_df,daghar_standardized_balanced,kuhar,train,config_0,multimodal_samples_100,id_7d268895569b,har,train,full_run,/workspaces/HIAAC-KR-Dev-Container/Minerva-Exps/benchmarks/experiments/paper_daghar_supervised_3runs_perlr_samples_down_seed_harcnn_34/logs/id_e7909492864e/final,,,,,,,,,
train_harcnn,id_e5fcefcc714a,,completed,0,False,id_6d037d42cfe2,supervised,harcnn,full_finetune_lr4,id_b74337b9bf17,multimodal_df,daghar_standardized_balanced,rw_thigh,train,config_0,multimodal_samples_001_3,id_7d268895569b,har,train,full_run,/workspaces/HIAAC-KR-Dev-Container/Minerva-Exps/benchmarks/experiments/paper_daghar_supervised_3runs_perlr_samples_down_seed_harcnn_34/logs/id_e5fcefcc714a/final,,,,,,,,,
train_harcnn,id_e688e647f4dc,,completed,0,False,id_58b7ba40d9ba,supervised,harcnn,full_finetune_lr3,id_65ee89aa2e13,multimodal_df,daghar_standardized_balanced,uci,train,config_0,multimodal_samples_100,id_7d268895569b,har,train,full_run,/workspaces/HIAAC-KR-Dev-Container/Minerva-Exps/benchmarks/experiments/paper_daghar_supervised_3runs_perlr_samples_down_seed_harcnn_34/logs/id_e688e647f4dc/final,,,,,,,,,
train_harcnn,id_e80ae372e721,,completed,0,False,id_58b7ba40d9ba,supervised,harcnn,full_finetune_lr3,id_3b2d9b9fd6c6,multimodal_df,daghar_standardized_balanced,kuhar,train,config_0,multimodal_samples_010_3,id_7d268895569b,har,train,full_run,/workspaces/HIAAC-KR-Dev-Container/Minerva-Exps/benchmarks/experiments/paper_daghar_supervised_3runs_perlr_samples_down_seed_harcnn_34/logs/id_e80ae372e721/final,,,,,,,,,
train_harcnn,id_e63a7da9da01,,completed,0,False,id_6d037d42cfe2,supervised,harcnn,full_finetune_lr4,id_e0d8b057e9ae,multimodal_df,daghar_standardized_balanced,wisdm,train,config_0,multimodal_samples_200_2,id_7d268895569b,har,train,full_run,/workspaces/HIAAC-KR-Dev-Container/Minerva-Exps/benchmarks/experiments/paper_daghar_supervised_3runs_perlr_samples_down_seed_harcnn_34/logs/id_e63a7da9da01/final,,,,,,,,,
train_harcnn,id_e85c779943bc,,completed,0,False,id_6d037d42cfe2,supervised,harcnn,full_finetune_lr4,id_7df0892adc07,multimodal_df,daghar_standardized_balanced,rw_thigh,train,config_0,multimodal_samples_005,id_7d268895569b,har,train,full_run,/workspaces/HIAAC-KR-Dev-Container/Minerva-Exps/benchmarks/experiments/paper_daghar_supervised_3runs_perlr_samples_down_seed_harcnn_34/logs/id_e85c779943bc/final,,,,,,,,,
train_harcnn,id_ecb661c1981a,,completed,0,False,id_58b7ba40d9ba,supervised,harcnn,full_finetune_lr3,id_598014e6a5d3,multimodal_df,daghar_standardized_balanced,rw_thigh,train,config_0,multimodal_samples_100_3,id_7d268895569b,har,train,full_run,/workspaces/HIAAC-KR-Dev-Container/Minerva-Exps/benchmarks/experiments/paper_daghar_supervised_3runs_perlr_samples_down_seed_harcnn_34/logs/id_ecb661c1981a/final,,,,,,,,,
train_harcnn,id_ea6ad87f3ae6,,completed,0,False,id_58b7ba40d9ba,supervised,harcnn,full_finetune_lr3,id_cd8d01e2da59,multimodal_df,daghar_standardized_balanced,uci,train,config_0,multimodal_samples_025_2,id_7d268895569b,har,train,full_run,/workspaces/HIAAC-KR-Dev-Container/Minerva-Exps/benchmarks/experiments/paper_daghar_supervised_3runs_perlr_samples_down_seed_harcnn_34/logs/id_ea6ad87f3ae6/final,,,,,,,,,
train_harcnn,id_ed7aea97a331,,completed,0,False,id_58b7ba40d9ba,supervised,harcnn,full_finetune_lr3,id_274e205b8ad8,multimodal_df,daghar_standardized_balanced,kuhar,train,config_0,multimodal_samples_010_2,id_7d268895569b,har,train,full_run,/workspaces/HIAAC-KR-Dev-Container/Minerva-Exps/benchmarks/experiments/paper_daghar_supervised_3runs_perlr_samples_down_seed_harcnn_34/logs/id_ed7aea97a331/final,,,,,,,,,
train_harcnn,id_ebb63aa1c432,,completed,0,False,id_6d037d42cfe2,supervised,harcnn,full_finetune_lr4,id_8f53e19d9d68,multimodal_df,daghar_standardized_balanced,rw_waist,train,config_0,multimodal_samples_200_2,id_7d268895569b,har,train,full_run,/workspaces/HIAAC-KR-Dev-Container/Minerva-Exps/benchmarks/experiments/paper_daghar_supervised_3runs_perlr_samples_down_seed_harcnn_34/logs/id_ebb63aa1c432/final,,,,,,,,,
train_harcnn,id_ee40869eca89,,completed,0,False,id_58b7ba40d9ba,supervised,harcnn,full_finetune_lr3,id_e40d7f3591a5,multimodal_df,daghar_standardized_balanced,rw_thigh,train,config_0,multimodal_samples_010_3,id_7d268895569b,har,train,full_run,/workspaces/HIAAC-KR-Dev-Container/Minerva-Exps/benchmarks/experiments/paper_daghar_supervised_3runs_perlr_samples_down_seed_harcnn_34/logs/id_ee40869eca89/final,,,,,,,,,
train_harcnn,id_eeaa976fc700,,completed,0,False,id_6d037d42cfe2,supervised,harcnn,full_finetune_lr4,id_55cd8c823098,multimodal_df,daghar_standardized_balanced,kuhar,train,config_0,multimodal_samples_050_2,id_7d268895569b,har,train,full_run,/workspaces/HIAAC-KR-Dev-Container/Minerva-Exps/benchmarks/experiments/paper_daghar_supervised_3runs_perlr_samples_down_seed_harcnn_34/logs/id_eeaa976fc700/final,,,,,,,,,
train_harcnn,id_ee7bc3de3902,,completed,0,False,id_6d037d42cfe2,supervised,harcnn,full_finetune_lr4,id_d368449171f5,multimodal_df,daghar_standardized_balanced,rw_waist,train,config_0,multimodal_samples_050_2,id_7d268895569b,har,train,full_run,/workspaces/HIAAC-KR-Dev-Container/Minerva-Exps/benchmarks/experiments/paper_daghar_supervised_3runs_perlr_samples_down_seed_harcnn_34/logs/id_ee7bc3de3902/final,,,,,,,,,
train_harcnn,id_ef4187afba7e,,completed,0,False,id_6d037d42cfe2,supervised,harcnn,full_finetune_lr4,id_e7af70720e13,multimodal_df,daghar_standardized_balanced,kuhar,train,config_0,multimodal_samples_050_3,id_7d268895569b,har,train,full_run,/workspaces/HIAAC-KR-Dev-Container/Minerva-Exps/benchmarks/experiments/paper_daghar_supervised_3runs_perlr_samples_down_seed_harcnn_34/logs/id_ef4187afba7e/final,,,,,,,,,
train_harcnn,id_eed09df7c64a,,completed,0,False,id_58b7ba40d9ba,supervised,harcnn,full_finetune_lr3,id_89d29379a762,multimodal_df,daghar_standardized_balanced,wisdm,train,config_0,multimodal_samples_050_2,id_7d268895569b,har,train,full_run,/workspaces/HIAAC-KR-Dev-Container/Minerva-Exps/benchmarks/experiments/paper_daghar_supervised_3runs_perlr_samples_down_seed_harcnn_34/logs/id_eed09df7c64a/final,,,,,,,,,
train_harcnn,id_eeb2e2f256b9,,completed,0,False,id_58b7ba40d9ba,supervised,harcnn,full_finetune_lr3,id_ff2bb65ac9fe,multimodal_df,daghar_standardized_balanced,uci,train,config_0,multimodal_samples_010_2,id_7d268895569b,har,train,full_run,/workspaces/HIAAC-KR-Dev-Container/Minerva-Exps/benchmarks/experiments/paper_daghar_supervised_3runs_perlr_samples_down_seed_harcnn_34/logs/id_eeb2e2f256b9/final,,,,,,,,,
train_harcnn,id_f459e6a2bd15,,completed,0,False,id_58b7ba40d9ba,supervised,harcnn,full_finetune_lr3,id_6350f6340249,multimodal_df,daghar_standardized_balanced,kuhar,train,config_0,multimodal_samples_005_2,id_7d268895569b,har,train,full_run,/workspaces/HIAAC-KR-Dev-Container/Minerva-Exps/benchmarks/experiments/paper_daghar_supervised_3runs_perlr_samples_down_seed_harcnn_34/logs/id_f459e6a2bd15/final,,,,,,,,,
train_harcnn,id_f2d2cd5574b3,,completed,0,False,id_58b7ba40d9ba,supervised,harcnn,full_finetune_lr3,id_7d8dbca109bf,multimodal_df,daghar_standardized_balanced,motionsense,train,config_0,multimodal_perc_100_2,id_7d268895569b,har,train,full_run,/workspaces/HIAAC-KR-Dev-Container/Minerva-Exps/benchmarks/experiments/paper_daghar_supervised_3runs_perlr_samples_down_seed_harcnn_34/logs/id_f2d2cd5574b3/final,,,,,,,,,
train_harcnn,id_f06808ebe291,,completed,0,False,id_58b7ba40d9ba,supervised,harcnn,full_finetune_lr3,id_47548eafb974,multimodal_df,daghar_standardized_balanced,wisdm,train,config_0,multimodal_samples_005,id_7d268895569b,har,train,full_run,/workspaces/HIAAC-KR-Dev-Container/Minerva-Exps/benchmarks/experiments/paper_daghar_supervised_3runs_perlr_samples_down_seed_harcnn_34/logs/id_f06808ebe291/final,,,,,,,,,
train_harcnn,id_f17203b2fff1,,completed,0,False,id_58b7ba40d9ba,supervised,harcnn,full_finetune_lr3,id_56baa66d670c,multimodal_df,daghar_standardized_balanced,uci,train,config_0,multimodal_samples_200_2,id_7d268895569b,har,train,full_run,/workspaces/HIAAC-KR-Dev-Container/Minerva-Exps/benchmarks/experiments/paper_daghar_supervised_3runs_perlr_samples_down_seed_harcnn_34/logs/id_f17203b2fff1/final,,,,,,,,,
train_harcnn,id_f79d31d66210,,completed,0,False,id_58b7ba40d9ba,supervised,harcnn,full_finetune_lr3,id_4cebd74418d5,multimodal_df,daghar_standardized_balanced,rw_thigh,train,config_0,multimodal_samples_025_2,id_7d268895569b,har,train,full_run,/workspaces/HIAAC-KR-Dev-Container/Minerva-Exps/benchmarks/experiments/paper_daghar_supervised_3runs_perlr_samples_down_seed_harcnn_34/logs/id_f79d31d66210/final,,,,,,,,,
train_harcnn,id_f856741504a9,,completed,0,False,id_58b7ba40d9ba,supervised,harcnn,full_finetune_lr3,id_2259a82d2cb2,multimodal_df,daghar_standardized_balanced,wisdm,train,config_0,multimodal_samples_025_3,id_7d268895569b,har,train,full_run,/workspaces/HIAAC-KR-Dev-Container/Minerva-Exps/benchmarks/experiments/paper_daghar_supervised_3runs_perlr_samples_down_seed_harcnn_34/logs/id_f856741504a9/final,,,,,,,,,
train_harcnn,id_f508c8be0f31,,completed,0,False,id_6d037d42cfe2,supervised,harcnn,full_finetune_lr4,id_cd8d01e2da59,multimodal_df,daghar_standardized_balanced,uci,train,config_0,multimodal_samples_025_2,id_7d268895569b,har,train,full_run,/workspaces/HIAAC-KR-Dev-Container/Minerva-Exps/benchmarks/experiments/paper_daghar_supervised_3runs_perlr_samples_down_seed_harcnn_34/logs/id_f508c8be0f31/final,,,,,,,,,
train_harcnn,id_f75244ff7f3b,,completed,0,False,id_6d037d42cfe2,supervised,harcnn,full_finetune_lr4,id_d2bcc241477b,multimodal_df,daghar_standardized_balanced,uci,train,config_0,multimodal_samples_050_3,id_7d268895569b,har,train,full_run,/workspaces/HIAAC-KR-Dev-Container/Minerva-Exps/benchmarks/experiments/paper_daghar_supervised_3runs_perlr_samples_down_seed_harcnn_34/logs/id_f75244ff7f3b/final,,,,,,,,,
train_harcnn,id_f925ab547fbf,,completed,0,False,id_6d037d42cfe2,supervised,harcnn,full_finetune_lr4,id_ec9738c1ffd0,multimodal_df,daghar_standardized_balanced,rw_waist,train,config_0,multimodal_samples_100,id_7d268895569b,har,train,full_run,/workspaces/HIAAC-KR-Dev-Container/Minerva-Exps/benchmarks/experiments/paper_daghar_supervised_3runs_perlr_samples_down_seed_harcnn_34/logs/id_f925ab547fbf/final,,,,,,,,,
train_harcnn,id_f959884715f0,,completed,0,False,id_6d037d42cfe2,supervised,harcnn,full_finetune_lr4,id_88b17060c225,multimodal_df,daghar_standardized_balanced,wisdm,train,config_0,multimodal_samples_100_2,id_7d268895569b,har,train,full_run,/workspaces/HIAAC-KR-Dev-Container/Minerva-Exps/benchmarks/experiments/paper_daghar_supervised_3runs_perlr_samples_down_seed_harcnn_34/logs/id_f959884715f0/final,,,,,,,,,
train_harcnn,id_fa649eeef354,,completed,0,False,id_6d037d42cfe2,supervised,harcnn,full_finetune_lr4,id_56baa66d670c,multimodal_df,daghar_standardized_balanced,uci,train,config_0,multimodal_samples_200_2,id_7d268895569b,har,train,full_run,/workspaces/HIAAC-KR-Dev-Container/Minerva-Exps/benchmarks/experiments/paper_daghar_supervised_3runs_perlr_samples_down_seed_harcnn_34/logs/id_fa649eeef354/final,,,,,,,,,
train_harcnn,id_fc6a718b74c6,,completed,0,False,id_6d037d42cfe2,supervised,harcnn,full_finetune_lr4,id_5a4fe85324f7,multimodal_df,daghar_standardized_balanced,kuhar,train,config_0,multimodal_samples_001_3,id_7d268895569b,har,train,full_run,/workspaces/HIAAC-KR-Dev-Container/Minerva-Exps/benchmarks/experiments/paper_daghar_supervised_3runs_perlr_samples_down_seed_harcnn_34/logs/id_fc6a718b74c6/final,,,,,,,,,
train_harcnn,id_fba655ff6856,,completed,0,False,id_6d037d42cfe2,supervised,harcnn,full_finetune_lr4,id_6470a9337d8a,multimodal_df,daghar_standardized_balanced,rw_thigh,train,config_0,multimodal_samples_001,id_7d268895569b,har,train,full_run,/workspaces/HIAAC-KR-Dev-Container/Minerva-Exps/benchmarks/experiments/paper_daghar_supervised_3runs_perlr_samples_down_seed_harcnn_34/logs/id_fba655ff6856/final,,,,,,,,,
train_harcnn,id_fd4eae27ffdd,,completed,0,False,id_58b7ba40d9ba,supervised,harcnn,full_finetune_lr3,id_fc6ba2357f31,multimodal_df,daghar_standardized_balanced,motionsense,train,config_0,multimodal_samples_100,id_7d268895569b,har,train,full_run,/workspaces/HIAAC-KR-Dev-Container/Minerva-Exps/benchmarks/experiments/paper_daghar_supervised_3runs_perlr_samples_down_seed_harcnn_34/logs/id_fd4eae27ffdd/final,,,,,,,,,
train_harcnn,id_fc9e2e352c9e,,completed,0,False,id_6d037d42cfe2,supervised,harcnn,full_finetune_lr4,id_a8b9fb2299ef,multimodal_df,daghar_standardized_balanced,wisdm,train,config_0,multimodal_samples_010_2,id_7d268895569b,har,train,full_run,/workspaces/HIAAC-KR-Dev-Container/Minerva-Exps/benchmarks/experiments/paper_daghar_supervised_3runs_perlr_samples_down_seed_harcnn_34/logs/id_fc9e2e352c9e/final,,,,,,,,,
train_harcnn,id_fed31b83d90c,,completed,0,False,id_6d037d42cfe2,supervised,harcnn,full_finetune_lr4,id_6db9002dfbf0,multimodal_df,daghar_standardized_balanced,uci,train,config_0,multimodal_samples_005,id_7d268895569b,har,train,full_run,/workspaces/HIAAC-KR-Dev-Container/Minerva-Exps/benchmarks/experiments/paper_daghar_supervised_3runs_perlr_samples_down_seed_harcnn_34/logs/id_fed31b83d90c/final,,,,,,,,,
train_harcnn,id_fc916716974c,,completed,0,False,id_6d037d42cfe2,supervised,harcnn,full_finetune_lr4,id_378e85dee41c,multimodal_df,daghar_standardized_balanced,rw_thigh,train,config_0,multimodal_samples_050,id_7d268895569b,har,train,full_run,/workspaces/HIAAC-KR-Dev-Container/Minerva-Exps/benchmarks/experiments/paper_daghar_supervised_3runs_perlr_samples_down_seed_harcnn_34/logs/id_fc916716974c/final,,,,,,,,,
evaluate_harcnn,id_00edeb066f01,id_61d5843c6663,completed,1,True,id_6d037d42cfe2,supervised,harcnn,full_finetune_lr4,id_5365127f28e8,multimodal_df,daghar_standardized_balanced,kuhar,test,config_0,multimodal_perc_100,id_c2d68cc99d8f,har,evaluate,full_run,/workspaces/HIAAC-KR-Dev-Container/Minerva-Exps/benchmarks/experiments/paper_daghar_supervised_3runs_perlr_samples_down_seed_harcnn_34/logs/id_00edeb066f01/final,16e2ab3417,/workspaces/HIAAC-KR-Dev-Container/Minerva-Exps/benchmarks/experiments/paper_daghar_supervised_3runs_perlr_samples_down_seed_harcnn_34/logs/id_00edeb066f01/final/metrics_2025-09-15-06-02-16e2ab3417.yaml,/workspaces/HIAAC-KR-Dev-Container/Minerva-Exps/benchmarks/experiments/paper_daghar_supervised_3runs_perlr_samples_down_seed_harcnn_34/logs/id_00edeb066f01/final/run_2025-09-15-06-02-16e2ab3417.yaml,0.5277777910232544,0.5277777314186096,0.4283831715583801,0.5277777910232544,0.5244370102882385,0.5277777910232544
evaluate_harcnn,id_04377f7e46f6,id_14beab034ba3,completed,1,True,id_58b7ba40d9ba,supervised,harcnn,full_finetune_lr3,id_14a6ecc69dec,multimodal_df,daghar_standardized_balanced,uci,test,config_0,multimodal_perc_100,id_c2d68cc99d8f,har,evaluate,full_run,/workspaces/HIAAC-KR-Dev-Container/Minerva-Exps/benchmarks/experiments/paper_daghar_supervised_3runs_perlr_samples_down_seed_harcnn_34/logs/id_04377f7e46f6/final,16f29643fe,/workspaces/HIAAC-KR-Dev-Container/Minerva-Exps/benchmarks/experiments/paper_daghar_supervised_3runs_perlr_samples_down_seed_harcnn_34/logs/id_04377f7e46f6/final/metrics_2025-09-15-06-02-16f29643fe.yaml,/workspaces/HIAAC-KR-Dev-Container/Minerva-Exps/benchmarks/experiments/paper_daghar_supervised_3runs_perlr_samples_down_seed_harcnn_34/logs/id_04377f7e46f6/final/run_2025-09-15-06-02-16f29643fe.yaml,0.813043475151062,0.813043475151062,0.7824448347091675,0.813043475151062,0.8469021916389465,0.813043475151062
evaluate_harcnn,id_022ee36e94f5,id_2f372b4eecb7,completed,1,True,id_6d037d42cfe2,supervised,harcnn,full_finetune_lr4,id_14a6ecc69dec,multimodal_df,daghar_standardized_balanced,uci,test,config_0,multimodal_perc_100,id_c2d68cc99d8f,har,evaluate,full_run,/workspaces/HIAAC-KR-Dev-Container/Minerva-Exps/benchmarks/experiments/paper_daghar_supervised_3runs_perlr_samples_down_seed_harcnn_34/logs/id_022ee36e94f5/final,16397df3be,/workspaces/HIAAC-KR-Dev-Container/Minerva-Exps/benchmarks/experiments/paper_daghar_supervised_3runs_perlr_samples_down_seed_harcnn_34/logs/id_022ee36e94f5/final/metrics_2025-09-15-06-02-16397df3be.yaml,/workspaces/HIAAC-KR-Dev-Container/Minerva-Exps/benchmarks/experiments/paper_daghar_supervised_3runs_perlr_samples_down_seed_harcnn_34/logs/id_022ee36e94f5/final/run_2025-09-15-06-02-16397df3be.yaml,0.8840579986572266,0.8840579986572266,0.8798137307167053,0.8840579986572266,0.9005597233772278,0.8840579986572266
evaluate_harcnn,id_02eb5feaf31a,id_5f23b6d1e9bf,completed,1,True,id_58b7ba40d9ba,supervised,harcnn,full_finetune_lr3,id_e7f63cc66b02,multimodal_df,daghar_standardized_balanced,motionsense,test,config_0,multimodal_perc_100,id_c2d68cc99d8f,har,evaluate,full_run,/workspaces/HIAAC-KR-Dev-Container/Minerva-Exps/benchmarks/experiments/paper_daghar_supervised_3runs_perlr_samples_down_seed_harcnn_34/logs/id_02eb5feaf31a/final,16b18fece6,/workspaces/HIAAC-KR-Dev-Container/Minerva-Exps/benchmarks/experiments/paper_daghar_supervised_3runs_perlr_samples_down_seed_harcnn_34/logs/id_02eb5feaf31a/final/metrics_2025-09-15-06-02-16b18fece6.yaml,/workspaces/HIAAC-KR-Dev-Container/Minerva-Exps/benchmarks/experiments/paper_daghar_supervised_3runs_perlr_samples_down_seed_harcnn_34/logs/id_02eb5feaf31a/final/run_2025-09-15-06-02-16b18fece6.yaml,0.7589454054832458,0.7589454054832458,0.7047317624092102,0.7589454054832458,0.6887298822402954,0.7589454650878906
evaluate_harcnn,id_0487be27c39a,id_49eb718d3eb7,completed,1,True,id_6d037d42cfe2,supervised,harcnn,full_finetune_lr4,id_5365127f28e8,multimodal_df,daghar_standardized_balanced,kuhar,test,config_0,multimodal_perc_100,id_c2d68cc99d8f,har,evaluate,full_run,/workspaces/HIAAC-KR-Dev-Container/Minerva-Exps/benchmarks/experiments/paper_daghar_supervised_3runs_perlr_samples_down_seed_harcnn_34/logs/id_0487be27c39a/final,352baf3e00,/workspaces/HIAAC-KR-Dev-Container/Minerva-Exps/benchmarks/experiments/paper_daghar_supervised_3runs_perlr_samples_down_seed_harcnn_34/logs/id_0487be27c39a/final/metrics_2025-09-15-06-02-352baf3e00.yaml,/workspaces/HIAAC-KR-Dev-Container/Minerva-Exps/benchmarks/experiments/paper_daghar_supervised_3runs_perlr_samples_down_seed_harcnn_34/logs/id_0487be27c39a/final/run_2025-09-15-06-02-352baf3e00.yaml,0.6319444179534912,0.631944477558136,0.5615416169166565,0.6319444179534912,0.5977067947387695,0.6319444179534912
evaluate_harcnn,id_033e4360003d,id_80a8cbf58c76,completed,1,True,id_6d037d42cfe2,supervised,harcnn,full_finetune_lr4,id_2cb57fb4e55b,multimodal_df,daghar_standardized_balanced,wisdm,test,config_0,multimodal_perc_100,id_c2d68cc99d8f,har,evaluate,full_run,/workspaces/HIAAC-KR-Dev-Container/Minerva-Exps/benchmarks/experiments/paper_daghar_supervised_3runs_perlr_samples_down_seed_harcnn_34/logs/id_033e4360003d/final,16d37b5f4b,/workspaces/HIAAC-KR-Dev-Container/Minerva-Exps/benchmarks/experiments/paper_daghar_supervised_3runs_perlr_samples_down_seed_harcnn_34/logs/id_033e4360003d/final/metrics_2025-09-15-06-02-16d37b5f4b.yaml,/workspaces/HIAAC-KR-Dev-Container/Minerva-Exps/benchmarks/experiments/paper_daghar_supervised_3runs_perlr_samples_down_seed_harcnn_34/logs/id_033e4360003d/final/run_2025-09-15-06-02-16d37b5f4b.yaml,0.8590629696846008,0.8590630292892456,0.8589869737625122,0.8590629696846008,0.8590711951255798,0.8590629696846008
evaluate_harcnn,id_01f9900976d4,id_56011900d129,completed,1,True,id_58b7ba40d9ba,supervised,harcnn,full_finetune_lr3,id_2cb57fb4e55b,multimodal_df,daghar_standardized_balanced,wisdm,test,config_0,multimodal_perc_100,id_c2d68cc99d8f,har,evaluate,full_run,/workspaces/HIAAC-KR-Dev-Container/Minerva-Exps/benchmarks/experiments/paper_daghar_supervised_3runs_perlr_samples_down_seed_harcnn_34/logs/id_01f9900976d4/final,17e37e97b9,/workspaces/HIAAC-KR-Dev-Container/Minerva-Exps/benchmarks/experiments/paper_daghar_supervised_3runs_perlr_samples_down_seed_harcnn_34/logs/id_01f9900976d4/final/metrics_2025-09-15-06-02-17e37e97b9.yaml,/workspaces/HIAAC-KR-Dev-Container/Minerva-Exps/benchmarks/experiments/paper_daghar_supervised_3runs_perlr_samples_down_seed_harcnn_34/logs/id_01f9900976d4/final/run_2025-09-15-06-02-17e37e97b9.yaml,0.7154377698898315,0.7154378294944763,0.6480821371078491,0.7154377698898315,0.6434451341629028,0.7154377698898315
evaluate_harcnn,id_01c58c32431b,id_5c35df8c8cae,completed,1,True,id_6d037d42cfe2,supervised,harcnn,full_finetune_lr4,id_2cb57fb4e55b,multimodal_df,daghar_standardized_balanced,wisdm,test,config_0,multimodal_perc_100,id_c2d68cc99d8f,har,evaluate,full_run,/workspaces/HIAAC-KR-Dev-Container/Minerva-Exps/benchmarks/experiments/paper_daghar_supervised_3runs_perlr_samples_down_seed_harcnn_34/logs/id_01c58c32431b/final,172b5a4105,/workspaces/HIAAC-KR-Dev-Container/Minerva-Exps/benchmarks/experiments/paper_daghar_supervised_3runs_perlr_samples_down_seed_harcnn_34/logs/id_01c58c32431b/final/metrics_2025-09-15-06-02-172b5a4105.yaml,/workspaces/HIAAC-KR-Dev-Container/Minerva-Exps/benchmarks/experiments/paper_daghar_supervised_3runs_perlr_samples_down_seed_harcnn_34/logs/id_01c58c32431b/final/run_2025-09-15-06-02-172b5a4105.yaml,0.792242705821991,0.792242705821991,0.7889505624771118,0.792242705821991,0.7940904498100281,0.792242705821991
evaluate_harcnn,id_075351651d7e,id_84ffe10ef9f5,completed,1,True,id_6d037d42cfe2,supervised,harcnn,full_finetune_lr4,id_14a6ecc69dec,multimodal_df,daghar_standardized_balanced,uci,test,config_0,multimodal_perc_100,id_c2d68cc99d8f,har,evaluate,full_run,/workspaces/HIAAC-KR-Dev-Container/Minerva-Exps/benchmarks/experiments/paper_daghar_supervised_3runs_perlr_samples_down_seed_harcnn_34/logs/id_075351651d7e/final,392fa4918d,/workspaces/HIAAC-KR-Dev-Container/Minerva-Exps/benchmarks/experiments/paper_daghar_supervised_3runs_perlr_samples_down_seed_harcnn_34/logs/id_075351651d7e/final/metrics_2025-09-15-06-02-392fa4918d.yaml,/workspaces/HIAAC-KR-Dev-Container/Minerva-Exps/benchmarks/experiments/paper_daghar_supervised_3runs_perlr_samples_down_seed_harcnn_34/logs/id_075351651d7e/final/run_2025-09-15-06-02-392fa4918d.yaml,0.46521738171577454,0.4652174115180969,0.3748725354671478,0.46521738171577454,0.5769511461257935,0.46521738171577454
evaluate_harcnn,id_0335c1a1cbfa,id_23b89d768432,completed,1,True,id_6d037d42cfe2,supervised,harcnn,full_finetune_lr4,id_2cb57fb4e55b,multimodal_df,daghar_standardized_balanced,wisdm,test,config_0,multimodal_perc_100,id_c2d68cc99d8f,har,evaluate,full_run,/workspaces/HIAAC-KR-Dev-Container/Minerva-Exps/benchmarks/experiments/paper_daghar_supervised_3runs_perlr_samples_down_seed_harcnn_34/logs/id_0335c1a1cbfa/final,1667ae89bd,/workspaces/HIAAC-KR-Dev-Container/Minerva-Exps/benchmarks/experiments/paper_daghar_supervised_3runs_perlr_samples_down_seed_harcnn_34/logs/id_0335c1a1cbfa/final/metrics_2025-09-15-06-02-1667ae89bd.yaml,/workspaces/HIAAC-KR-Dev-Container/Minerva-Exps/benchmarks/experiments/paper_daghar_supervised_3runs_perlr_samples_down_seed_harcnn_34/logs/id_0335c1a1cbfa/final/run_2025-09-15-06-02-1667ae89bd.yaml,0.7688171863555908,0.7688172459602356,0.7480185031890869,0.7688171863555908,0.7849463224411011,0.7688171863555908
evaluate_harcnn,id_0795811a8d40,id_b12400eb946d,completed,1,True,id_6d037d42cfe2,supervised,harcnn,full_finetune_lr4,id_5365127f28e8,multimodal_df,daghar_standardized_balanced,kuhar,test,config_0,multimodal_perc_100,id_c2d68cc99d8f,har,evaluate,full_run,/workspaces/HIAAC-KR-Dev-Container/Minerva-Exps/benchmarks/experiments/paper_daghar_supervised_3runs_perlr_samples_down_seed_harcnn_34/logs/id_0795811a8d40/final,5208ad4970,/workspaces/HIAAC-KR-Dev-Container/Minerva-Exps/benchmarks/experiments/paper_daghar_supervised_3runs_perlr_samples_down_seed_harcnn_34/logs/id_0795811a8d40/final/metrics_2025-09-15-06-02-5208ad4970.yaml,/workspaces/HIAAC-KR-Dev-Container/Minerva-Exps/benchmarks/experiments/paper_daghar_supervised_3runs_perlr_samples_down_seed_harcnn_34/logs/id_0795811a8d40/final/run_2025-09-15-06-02-5208ad4970.yaml,0.625,0.625,0.5343239903450012,0.625,0.5589066743850708,0.625
evaluate_harcnn,id_050c520c9e69,id_3602c8960b38,completed,1,True,id_58b7ba40d9ba,supervised,harcnn,full_finetune_lr3,id_2cb57fb4e55b,multimodal_df,daghar_standardized_balanced,wisdm,test,config_0,multimodal_perc_100,id_c2d68cc99d8f,har,evaluate,full_run,/workspaces/HIAAC-KR-Dev-Container/Minerva-Exps/benchmarks/experiments/paper_daghar_supervised_3runs_perlr_samples_down_seed_harcnn_34/logs/id_050c520c9e69/final,375d2f8fe0,/workspaces/HIAAC-KR-Dev-Container/Minerva-Exps/benchmarks/experiments/paper_daghar_supervised_3runs_perlr_samples_down_seed_harcnn_34/logs/id_050c520c9e69/final/metrics_2025-09-15-06-02-375d2f8fe0.yaml,/workspaces/HIAAC-KR-Dev-Container/Minerva-Exps/benchmarks/experiments/paper_daghar_supervised_3runs_perlr_samples_down_seed_harcnn_34/logs/id_050c520c9e69/final/run_2025-09-15-06-02-375d2f8fe0.yaml,0.7799538969993591,0.7799539566040039,0.7801839709281921,0.7799538969993591,0.7805830240249634,0.7799538969993591
evaluate_harcnn,id_07dd67f9fae2,id_e4d56ff8ea04,completed,1,True,id_6d037d42cfe2,supervised,harcnn,full_finetune_lr4,id_e7f63cc66b02,multimodal_df,daghar_standardized_balanced,motionsense,test,config_0,multimodal_perc_100,id_c2d68cc99d8f,har,evaluate,full_run,/workspaces/HIAAC-KR-Dev-Container/Minerva-Exps/benchmarks/experiments/paper_daghar_supervised_3runs_perlr_samples_down_seed_harcnn_34/logs/id_07dd67f9fae2/final,567bed7f38,/workspaces/HIAAC-KR-Dev-Container/Minerva-Exps/benchmarks/experiments/paper_daghar_supervised_3runs_perlr_samples_down_seed_harcnn_34/logs/id_07dd67f9fae2/final/metrics_2025-09-15-06-02-567bed7f38.yaml,/workspaces/HIAAC-KR-Dev-Container/Minerva-Exps/benchmarks/experiments/paper_daghar_supervised_3runs_perlr_samples_down_seed_harcnn_34/logs/id_07dd67f9fae2/final/run_2025-09-15-06-02-567bed7f38.yaml,0.8022598624229431,0.8022599220275879,0.7718585729598999,0.8022598624229431,0.8512910604476929,0.8022598028182983
evaluate_harcnn,id_085d126df70a,id_8d46ccc270ad,completed,1,True,id_6d037d42cfe2,supervised,harcnn,full_finetune_lr4,id_14a6ecc69dec,multimodal_df,daghar_standardized_balanced,uci,test,config_0,multimodal_perc_100,id_c2d68cc99d8f,har,evaluate,full_run,/workspaces/HIAAC-KR-Dev-Container/Minerva-Exps/benchmarks/experiments/paper_daghar_supervised_3runs_perlr_samples_down_seed_harcnn_34/logs/id_085d126df70a/final,59121bd440,/workspaces/HIAAC-KR-Dev-Container/Minerva-Exps/benchmarks/experiments/paper_daghar_supervised_3runs_perlr_samples_down_seed_harcnn_34/logs/id_085d126df70a/final/metrics_2025-09-15-06-02-59121bd440.yaml,/workspaces/HIAAC-KR-Dev-Container/Minerva-Exps/benchmarks/experiments/paper_daghar_supervised_3runs_perlr_samples_down_seed_harcnn_34/logs/id_085d126df70a/final/run_2025-09-15-06-02-59121bd440.yaml,0.8086956739425659,0.8086956143379211,0.7953506112098694,0.8086956739425659,0.828228235244751,0.8086956739425659
evaluate_harcnn,id_07924c986030,id_66ed9f85504b,completed,1,True,id_6d037d42cfe2,supervised,harcnn,full_finetune_lr4,id_2cb57fb4e55b,multimodal_df,daghar_standardized_balanced,wisdm,test,config_0,multimodal_perc_100,id_c2d68cc99d8f,har,evaluate,full_run,/workspaces/HIAAC-KR-Dev-Container/Minerva-Exps/benchmarks/experiments/paper_daghar_supervised_3runs_perlr_samples_down_seed_harcnn_34/logs/id_07924c986030/final,433c5e9661,/workspaces/HIAAC-KR-Dev-Container/Minerva-Exps/benchmarks/experiments/paper_daghar_supervised_3runs_perlr_samples_down_seed_harcnn_34/logs/id_07924c986030/final/metrics_2025-09-15-06-02-433c5e9661.yaml,/workspaces/HIAAC-KR-Dev-Container/Minerva-Exps/benchmarks/experiments/paper_daghar_supervised_3runs_perlr_samples_down_seed_harcnn_34/logs/id_07924c986030/final/run_2025-09-15-06-02-433c5e9661.yaml,0.7715053558349609,0.7715053558349609,0.7615190744400024,0.7715053558349609,0.7797031998634338,0.7715053558349609
evaluate_harcnn,id_0b90d6334bd1,id_23607bf2008c,completed,1,True,id_6d037d42cfe2,supervised,harcnn,full_finetune_lr4,id_b1f5143574a1,multimodal_df,daghar_standardized_balanced,rw_waist,test,config_0,multimodal_perc_100,id_c2d68cc99d8f,har,evaluate,full_run,/workspaces/HIAAC-KR-Dev-Container/Minerva-Exps/benchmarks/experiments/paper_daghar_supervised_3runs_perlr_samples_down_seed_harcnn_34/logs/id_0b90d6334bd1/final,59b0cb8309,/workspaces/HIAAC-KR-Dev-Container/Minerva-Exps/benchmarks/experiments/paper_daghar_supervised_3runs_perlr_samples_down_seed_harcnn_34/logs/id_0b90d6334bd1/final/metrics_2025-09-15-06-02-59b0cb8309.yaml,/workspaces/HIAAC-KR-Dev-Container/Minerva-Exps/benchmarks/experiments/paper_daghar_supervised_3runs_perlr_samples_down_seed_harcnn_34/logs/id_0b90d6334bd1/final/run_2025-09-15-06-02-59b0cb8309.yaml,0.6709104776382446,0.6709104180335999,0.6747746467590332,0.6709104776382446,0.7034275531768799,0.6709104776382446
evaluate_harcnn,id_0d026c19ddac,id_d2d1b761b446,completed,1,True,id_6d037d42cfe2,supervised,harcnn,full_finetune_lr4,id_2cb57fb4e55b,multimodal_df,daghar_standardized_balanced,wisdm,test,config_0,multimodal_perc_100,id_c2d68cc99d8f,har,evaluate,full_run,/workspaces/HIAAC-KR-Dev-Container/Minerva-Exps/benchmarks/experiments/paper_daghar_supervised_3runs_perlr_samples_down_seed_harcnn_34/logs/id_0d026c19ddac/final,01a5558bc9,/workspaces/HIAAC-KR-Dev-Container/Minerva-Exps/benchmarks/experiments/paper_daghar_supervised_3runs_perlr_samples_down_seed_harcnn_34/logs/id_0d026c19ddac/final/metrics_2025-09-15-06-03-01a5558bc9.yaml,/workspaces/HIAAC-KR-Dev-Container/Minerva-Exps/benchmarks/experiments/paper_daghar_supervised_3runs_perlr_samples_down_seed_harcnn_34/logs/id_0d026c19ddac/final/run_2025-09-15-06-03-01a5558bc9.yaml,0.7642089128494263,0.7642089128494263,0.7423346042633057,0.7642089128494263,0.7906106114387512,0.7642088532447815
evaluate_harcnn,id_113c5965a170,id_d7186b886fb0,completed,1,True,id_58b7ba40d9ba,supervised,harcnn,full_finetune_lr3,id_14a6ecc69dec,multimodal_df,daghar_standardized_balanced,uci,test,config_0,multimodal_perc_100,id_c2d68cc99d8f,har,evaluate,full_run,/workspaces/HIAAC-KR-Dev-Container/Minerva-Exps/benchmarks/experiments/paper_daghar_supervised_3runs_perlr_samples_down_seed_harcnn_34/logs/id_113c5965a170/final,225c8d7340,/workspaces/HIAAC-KR-Dev-Container/Minerva-Exps/benchmarks/experiments/paper_daghar_supervised_3runs_perlr_samples_down_seed_harcnn_34/logs/id_113c5965a170/final/metrics_2025-09-15-06-03-225c8d7340.yaml,/workspaces/HIAAC-KR-Dev-Container/Minerva-Exps/benchmarks/experiments/paper_daghar_supervised_3runs_perlr_samples_down_seed_harcnn_34/logs/id_113c5965a170/final/run_2025-09-15-06-03-225c8d7340.yaml,0.8666666746139526,0.8666666746139526,0.8625260591506958,0.8666666746139526,0.8791281580924988,0.8666666746139526
evaluate_harcnn,id_0b8c33731337,id_e85c779943bc,completed,1,True,id_6d037d42cfe2,supervised,harcnn,full_finetune_lr4,id_f390297e57d1,multimodal_df,daghar_standardized_balanced,rw_thigh,test,config_0,multimodal_perc_100,id_c2d68cc99d8f,har,evaluate,full_run,/workspaces/HIAAC-KR-Dev-Container/Minerva-Exps/benchmarks/experiments/paper_daghar_supervised_3runs_perlr_samples_down_seed_harcnn_34/logs/id_0b8c33731337/final,59386381cc,/workspaces/HIAAC-KR-Dev-Container/Minerva-Exps/benchmarks/experiments/paper_daghar_supervised_3runs_perlr_samples_down_seed_harcnn_34/logs/id_0b8c33731337/final/metrics_2025-09-15-06-02-59386381cc.yaml,/workspaces/HIAAC-KR-Dev-Container/Minerva-Exps/benchmarks/experiments/paper_daghar_supervised_3runs_perlr_samples_down_seed_harcnn_34/logs/id_0b8c33731337/final/run_2025-09-15-06-02-59386381cc.yaml,0.4827467203140259,0.4827467203140259,0.44549089670181274,0.4827467203140259,0.5212146043777466,0.4827467203140259
evaluate_harcnn,id_0d8f9351714e,id_19c83470dd4a,completed,1,True,id_58b7ba40d9ba,supervised,harcnn,full_finetune_lr3,id_f390297e57d1,multimodal_df,daghar_standardized_balanced,rw_thigh,test,config_0,multimodal_perc_100,id_c2d68cc99d8f,har,evaluate,full_run,/workspaces/HIAAC-KR-Dev-Container/Minerva-Exps/benchmarks/experiments/paper_daghar_supervised_3runs_perlr_samples_down_seed_harcnn_34/logs/id_0d8f9351714e/final,07a0cf5668,/workspaces/HIAAC-KR-Dev-Container/Minerva-Exps/benchmarks/experiments/paper_daghar_supervised_3runs_perlr_samples_down_seed_harcnn_34/logs/id_0d8f9351714e/final/metrics_2025-09-15-06-03-07a0cf5668.yaml,/workspaces/HIAAC-KR-Dev-Container/Minerva-Exps/benchmarks/experiments/paper_daghar_supervised_3runs_perlr_samples_down_seed_harcnn_34/logs/id_0d8f9351714e/final/run_2025-09-15-06-03-07a0cf5668.yaml,0.7581090331077576,0.7581090331077576,0.7510402798652649,0.7581090331077576,0.7968698740005493,0.7581090331077576
evaluate_harcnn,id_0ef07a8e6751,id_2f52a2a794d6,completed,1,True,id_6d037d42cfe2,supervised,harcnn,full_finetune_lr4,id_f390297e57d1,multimodal_df,daghar_standardized_balanced,rw_thigh,test,config_0,multimodal_perc_100,id_c2d68cc99d8f,har,evaluate,full_run,/workspaces/HIAAC-KR-Dev-Container/Minerva-Exps/benchmarks/experiments/paper_daghar_supervised_3runs_perlr_samples_down_seed_harcnn_34/logs/id_0ef07a8e6751/final,1691327497,/workspaces/HIAAC-KR-Dev-Container/Minerva-Exps/benchmarks/experiments/paper_daghar_supervised_3runs_perlr_samples_down_seed_harcnn_34/logs/id_0ef07a8e6751/final/metrics_2025-09-15-06-03-1691327497.yaml,/workspaces/HIAAC-KR-Dev-Container/Minerva-Exps/benchmarks/experiments/paper_daghar_supervised_3runs_perlr_samples_down_seed_harcnn_34/logs/id_0ef07a8e6751/final/run_2025-09-15-06-03-1691327497.yaml,0.7612146139144897,0.7612146735191345,0.7529138922691345,0.7612146139144897,0.7971430420875549,0.7612146139144897
evaluate_harcnn,id_0f03fb0b1e4b,id_16a4ede34ef9,completed,1,True,id_6d037d42cfe2,supervised,harcnn,full_finetune_lr4,id_b1f5143574a1,multimodal_df,daghar_standardized_balanced,rw_waist,test,config_0,multimodal_perc_100,id_c2d68cc99d8f,har,evaluate,full_run,/workspaces/HIAAC-KR-Dev-Container/Minerva-Exps/benchmarks/experiments/paper_daghar_supervised_3runs_perlr_samples_down_seed_harcnn_34/logs/id_0f03fb0b1e4b/final,19e45b8def,/workspaces/HIAAC-KR-Dev-Container/Minerva-Exps/benchmarks/experiments/paper_daghar_supervised_3runs_perlr_samples_down_seed_harcnn_34/logs/id_0f03fb0b1e4b/final/metrics_2025-09-15-06-03-19e45b8def.yaml,/workspaces/HIAAC-KR-Dev-Container/Minerva-Exps/benchmarks/experiments/paper_daghar_supervised_3runs_perlr_samples_down_seed_harcnn_34/logs/id_0f03fb0b1e4b/final/run_2025-09-15-06-03-19e45b8def.yaml,0.6905864477157593,0.6905863881111145,0.6731047034263611,0.6905864477157593,0.726555585861206,0.6905864477157593
evaluate_harcnn,id_0f7f09e938c0,id_c59a31924598,completed,1,True,id_6d037d42cfe2,supervised,harcnn,full_finetune_lr4,id_2cb57fb4e55b,multimodal_df,daghar_standardized_balanced,wisdm,test,config_0,multimodal_perc_100,id_c2d68cc99d8f,har,evaluate,full_run,/workspaces/HIAAC-KR-Dev-Container/Minerva-Exps/benchmarks/experiments/paper_daghar_supervised_3runs_perlr_samples_down_seed_harcnn_34/logs/id_0f7f09e938c0/final,19647cad4b,/workspaces/HIAAC-KR-Dev-Container/Minerva-Exps/benchmarks/experiments/paper_daghar_supervised_3runs_perlr_samples_down_seed_harcnn_34/logs/id_0f7f09e938c0/final/metrics_2025-09-15-06-03-19647cad4b.yaml,/workspaces/HIAAC-KR-Dev-Container/Minerva-Exps/benchmarks/experiments/paper_daghar_supervised_3runs_perlr_samples_down_seed_harcnn_34/logs/id_0f7f09e938c0/final/run_2025-09-15-06-03-19647cad4b.yaml,0.6962365508079529,0.6962365508079529,0.6554408669471741,0.6962365508079529,0.6828530430793762,0.6962365508079529
evaluate_harcnn,id_1627887d1827,id_ea6ad87f3ae6,completed,1,True,id_58b7ba40d9ba,supervised,harcnn,full_finetune_lr3,id_14a6ecc69dec,multimodal_df,daghar_standardized_balanced,uci,test,config_0,multimodal_perc_100,id_c2d68cc99d8f,har,evaluate,full_run,/workspaces/HIAAC-KR-Dev-Container/Minerva-Exps/benchmarks/experiments/paper_daghar_supervised_3runs_perlr_samples_down_seed_harcnn_34/logs/id_1627887d1827/final,4490ffb5ac,/workspaces/HIAAC-KR-Dev-Container/Minerva-Exps/benchmarks/experiments/paper_daghar_supervised_3runs_perlr_samples_down_seed_harcnn_34/logs/id_1627887d1827/final/metrics_2025-09-15-06-03-4490ffb5ac.yaml,/workspaces/HIAAC-KR-Dev-Container/Minerva-Exps/benchmarks/experiments/paper_daghar_supervised_3runs_perlr_samples_down_seed_harcnn_34/logs/id_1627887d1827/final/run_2025-09-15-06-03-4490ffb5ac.yaml,0.8057971000671387,0.8057971000671387,0.8021472692489624,0.8057971000671387,0.808562159538269,0.8057971000671387
evaluate_harcnn,id_17efb24349f1,id_bf2b439720d3,completed,1,True,id_58b7ba40d9ba,supervised,harcnn,full_finetune_lr3,id_5365127f28e8,multimodal_df,daghar_standardized_balanced,kuhar,test,config_0,multimodal_perc_100,id_c2d68cc99d8f,har,evaluate,full_run,/workspaces/HIAAC-KR-Dev-Container/Minerva-Exps/benchmarks/experiments/paper_daghar_supervised_3runs_perlr_samples_down_seed_harcnn_34/logs/id_17efb24349f1/final,5179cb5a4d,/workspaces/HIAAC-KR-Dev-Container/Minerva-Exps/benchmarks/experiments/paper_daghar_supervised_3runs_perlr_samples_down_seed_harcnn_34/logs/id_17efb24349f1/final/metrics_2025-09-15-06-03-5179cb5a4d.yaml,/workspaces/HIAAC-KR-Dev-Container/Minerva-Exps/benchmarks/experiments/paper_daghar_supervised_3runs_perlr_samples_down_seed_harcnn_34/logs/id_17efb24349f1/final/run_2025-09-15-06-03-5179cb5a4d.yaml,0.5486111044883728,0.5486111044883728,0.43045127391815186,0.5486111044883728,0.49183279275894165,0.5486111044883728
evaluate_harcnn,id_1a33c96d17dc,id_c7da8dfe3334,completed,1,True,id_6d037d42cfe2,supervised,harcnn,full_finetune_lr4,id_5365127f28e8,multimodal_df,daghar_standardized_balanced,kuhar,test,config_0,multimodal_perc_100,id_c2d68cc99d8f,har,evaluate,full_run,/workspaces/HIAAC-KR-Dev-Container/Minerva-Exps/benchmarks/experiments/paper_daghar_supervised_3runs_perlr_samples_down_seed_harcnn_34/logs/id_1a33c96d17dc/final,00ab0a7c59,/workspaces/HIAAC-KR-Dev-Container/Minerva-Exps/benchmarks/experiments/paper_daghar_supervised_3runs_perlr_samples_down_seed_harcnn_34/logs/id_1a33c96d17dc/final/metrics_2025-09-15-06-04-00ab0a7c59.yaml,/workspaces/HIAAC-KR-Dev-Container/Minerva-Exps/benchmarks/experiments/paper_daghar_supervised_3runs_perlr_samples_down_seed_harcnn_34/logs/id_1a33c96d17dc/final/run_2025-09-15-06-04-00ab0a7c59.yaml,0.4375,0.4375,0.33597254753112793,0.4375,0.29971033334732056,0.4375000298023224
evaluate_harcnn,id_13bdec2bbb71,id_587ef00f0ed5,completed,1,True,id_58b7ba40d9ba,supervised,harcnn,full_finetune_lr3,id_b1f5143574a1,multimodal_df,daghar_standardized_balanced,rw_waist,test,config_0,multimodal_perc_100,id_c2d68cc99d8f,har,evaluate,full_run,/workspaces/HIAAC-KR-Dev-Container/Minerva-Exps/benchmarks/experiments/paper_daghar_supervised_3runs_perlr_samples_down_seed_harcnn_34/logs/id_13bdec2bbb71/final,41864aa0dd,/workspaces/HIAAC-KR-Dev-Container/Minerva-Exps/benchmarks/experiments/paper_daghar_supervised_3runs_perlr_samples_down_seed_harcnn_34/logs/id_13bdec2bbb71/final/metrics_2025-09-15-06-03-41864aa0dd.yaml,/workspaces/HIAAC-KR-Dev-Container/Minerva-Exps/benchmarks/experiments/paper_daghar_supervised_3runs_perlr_samples_down_seed_harcnn_34/logs/id_13bdec2bbb71/final/run_2025-09-15-06-03-41864aa0dd.yaml,0.6909722089767456,0.6909722685813904,0.6454172134399414,0.6909722089767456,0.6975475549697876,0.6909722685813904
evaluate_harcnn,id_1523da5a73b6,id_29e600b241c7,completed,1,True,id_58b7ba40d9ba,supervised,harcnn,full_finetune_lr3,id_b1f5143574a1,multimodal_df,daghar_standardized_balanced,rw_waist,test,config_0,multimodal_perc_100,id_c2d68cc99d8f,har,evaluate,full_run,/workspaces/HIAAC-KR-Dev-Container/Minerva-Exps/benchmarks/experiments/paper_daghar_supervised_3runs_perlr_samples_down_seed_harcnn_34/logs/id_1523da5a73b6/final,4243690397,/workspaces/HIAAC-KR-Dev-Container/Minerva-Exps/benchmarks/experiments/paper_daghar_supervised_3runs_perlr_samples_down_seed_harcnn_34/logs/id_1523da5a73b6/final/metrics_2025-09-15-06-03-4243690397.yaml,/workspaces/HIAAC-KR-Dev-Container/Minerva-Exps/benchmarks/experiments/paper_daghar_supervised_3runs_perlr_samples_down_seed_harcnn_34/logs/id_1523da5a73b6/final/run_2025-09-15-06-03-4243690397.yaml,0.7006173133850098,0.7006173133850098,0.6551027894020081,0.7006173133850098,0.6613375544548035,0.700617253780365
evaluate_harcnn,id_11b4cda87e13,id_77794a59fa61,completed,1,True,id_6d037d42cfe2,supervised,harcnn,full_finetune_lr4,id_f390297e57d1,multimodal_df,daghar_standardized_balanced,rw_thigh,test,config_0,multimodal_perc_100,id_c2d68cc99d8f,har,evaluate,full_run,/workspaces/HIAAC-KR-Dev-Container/Minerva-Exps/benchmarks/experiments/paper_daghar_supervised_3runs_perlr_samples_down_seed_harcnn_34/logs/id_11b4cda87e13/final,39c7b744e8,/workspaces/HIAAC-KR-Dev-Container/Minerva-Exps/benchmarks/experiments/paper_daghar_supervised_3runs_perlr_samples_down_seed_harcnn_34/logs/id_11b4cda87e13/final/metrics_2025-09-15-06-03-39c7b744e8.yaml,/workspaces/HIAAC-KR-Dev-Container/Minerva-Exps/benchmarks/experiments/paper_daghar_supervised_3runs_perlr_samples_down_seed_harcnn_34/logs/id_11b4cda87e13/final/run_2025-09-15-06-03-39c7b744e8.yaml,0.7191166281700134,0.7191166281700134,0.714847981929779,0.7191166281700134,0.74715256690979,0.7191166281700134
evaluate_harcnn,id_1b9eb9b24925,id_61363aa28753,completed,1,True,id_58b7ba40d9ba,supervised,harcnn,full_finetune_lr3,id_14a6ecc69dec,multimodal_df,daghar_standardized_balanced,uci,test,config_0,multimodal_perc_100,id_c2d68cc99d8f,har,evaluate,full_run,/workspaces/HIAAC-KR-Dev-Container/Minerva-Exps/benchmarks/experiments/paper_daghar_supervised_3runs_perlr_samples_down_seed_harcnn_34/logs/id_1b9eb9b24925/final,05ef182a39,/workspaces/HIAAC-KR-Dev-Container/Minerva-Exps/benchmarks/experiments/paper_daghar_supervised_3runs_perlr_samples_down_seed_harcnn_34/logs/id_1b9eb9b24925/final/metrics_2025-09-15-06-04-05ef182a39.yaml,/workspaces/HIAAC-KR-Dev-Container/Minerva-Exps/benchmarks/experiments/paper_daghar_supervised_3runs_perlr_samples_down_seed_harcnn_34/logs/id_1b9eb9b24925/final/run_2025-09-15-06-04-05ef182a39.yaml,0.708695650100708,0.708695650100708,0.709965705871582,0.708695650100708,0.7268760204315186,0.708695650100708
evaluate_harcnn,id_1cd080890ef6,id_e80ae372e721,completed,1,True,id_58b7ba40d9ba,supervised,harcnn,full_finetune_lr3,id_5365127f28e8,multimodal_df,daghar_standardized_balanced,kuhar,test,config_0,multimodal_perc_100,id_c2d68cc99d8f,har,evaluate,full_run,/workspaces/HIAAC-KR-Dev-Container/Minerva-Exps/benchmarks/experiments/paper_daghar_supervised_3runs_perlr_samples_down_seed_harcnn_34/logs/id_1cd080890ef6/final,1684ea3044,/workspaces/HIAAC-KR-Dev-Container/Minerva-Exps/benchmarks/experiments/paper_daghar_supervised_3runs_perlr_samples_down_seed_harcnn_34/logs/id_1cd080890ef6/final/metrics_2025-09-15-06-04-1684ea3044.yaml,/workspaces/HIAAC-KR-Dev-Container/Minerva-Exps/benchmarks/experiments/paper_daghar_supervised_3runs_perlr_samples_down_seed_harcnn_34/logs/id_1cd080890ef6/final/run_2025-09-15-06-04-1684ea3044.yaml,0.5347222089767456,0.5347222685813904,0.4503968060016632,0.5347222089767456,0.5102564096450806,0.5347222089767456
evaluate_harcnn,id_18a4305a0e8e,id_a3c4d500f2a8,completed,1,True,id_58b7ba40d9ba,supervised,harcnn,full_finetune_lr3,id_f390297e57d1,multimodal_df,daghar_standardized_balanced,rw_thigh,test,config_0,multimodal_perc_100,id_c2d68cc99d8f,har,evaluate,full_run,/workspaces/HIAAC-KR-Dev-Container/Minerva-Exps/benchmarks/experiments/paper_daghar_supervised_3runs_perlr_samples_down_seed_harcnn_34/logs/id_18a4305a0e8e/final,56be6ea0a7,/workspaces/HIAAC-KR-Dev-Container/Minerva-Exps/benchmarks/experiments/paper_daghar_supervised_3runs_perlr_samples_down_seed_harcnn_34/logs/id_18a4305a0e8e/final/metrics_2025-09-15-06-03-56be6ea0a7.yaml,/workspaces/HIAAC-KR-Dev-Container/Minerva-Exps/benchmarks/experiments/paper_daghar_supervised_3runs_perlr_samples_down_seed_harcnn_34/logs/id_18a4305a0e8e/final/run_2025-09-15-06-03-56be6ea0a7.yaml,0.660800576210022,0.660800576210022,0.6340584754943848,0.660800576210022,0.6532794833183289,0.660800576210022
evaluate_harcnn,id_18e534bbe1f7,id_b95f9ee4031d,completed,1,True,id_58b7ba40d9ba,supervised,harcnn,full_finetune_lr3,id_b1f5143574a1,multimodal_df,daghar_standardized_balanced,rw_waist,test,config_0,multimodal_perc_100,id_c2d68cc99d8f,har,evaluate,full_run,/workspaces/HIAAC-KR-Dev-Container/Minerva-Exps/benchmarks/experiments/paper_daghar_supervised_3runs_perlr_samples_down_seed_harcnn_34/logs/id_18e534bbe1f7/final,597ef6d667,/workspaces/HIAAC-KR-Dev-Container/Minerva-Exps/benchmarks/experiments/paper_daghar_supervised_3runs_perlr_samples_down_seed_harcnn_34/logs/id_18e534bbe1f7/final/metrics_2025-09-15-06-03-597ef6d667.yaml,/workspaces/HIAAC-KR-Dev-Container/Minerva-Exps/benchmarks/experiments/paper_daghar_supervised_3runs_perlr_samples_down_seed_harcnn_34/logs/id_18e534bbe1f7/final/run_2025-09-15-06-03-597ef6d667.yaml,0.540123462677002,0.540123462677002,0.4845922291278839,0.540123462677002,0.47078827023506165,0.540123462677002
evaluate_harcnn,id_2102f60f8483,id_d10b49848c37,completed,1,True,id_58b7ba40d9ba,supervised,harcnn,full_finetune_lr3,id_5365127f28e8,multimodal_df,daghar_standardized_balanced,kuhar,test,config_0,multimodal_perc_100,id_c2d68cc99d8f,har,evaluate,full_run,/workspaces/HIAAC-KR-Dev-Container/Minerva-Exps/benchmarks/experiments/paper_daghar_supervised_3runs_perlr_samples_down_seed_harcnn_34/logs/id_2102f60f8483/final,25df5dbc53,/workspaces/HIAAC-KR-Dev-Container/Minerva-Exps/benchmarks/experiments/paper_daghar_supervised_3runs_perlr_samples_down_seed_harcnn_34/logs/id_2102f60f8483/final/metrics_2025-09-15-06-04-25df5dbc53.yaml,/workspaces/HIAAC-KR-Dev-Container/Minerva-Exps/benchmarks/experiments/paper_daghar_supervised_3runs_perlr_samples_down_seed_harcnn_34/logs/id_2102f60f8483/final/run_2025-09-15-06-04-25df5dbc53.yaml,0.3402777910232544,0.340277761220932,0.21452003717422485,0.3402777910232544,0.1573493480682373,0.3402777910232544
evaluate_harcnn,id_1d88111cfaef,id_cd07905e6397,completed,1,True,id_6d037d42cfe2,supervised,harcnn,full_finetune_lr4,id_14a6ecc69dec,multimodal_df,daghar_standardized_balanced,uci,test,config_0,multimodal_perc_100,id_c2d68cc99d8f,har,evaluate,full_run,/workspaces/HIAAC-KR-Dev-Container/Minerva-Exps/benchmarks/experiments/paper_daghar_supervised_3runs_perlr_samples_down_seed_harcnn_34/logs/id_1d88111cfaef/final,21df339254,/workspaces/HIAAC-KR-Dev-Container/Minerva-Exps/benchmarks/experiments/paper_daghar_supervised_3runs_perlr_samples_down_seed_harcnn_34/logs/id_1d88111cfaef/final/metrics_2025-09-15-06-04-21df339254.yaml,/workspaces/HIAAC-KR-Dev-Container/Minerva-Exps/benchmarks/experiments/paper_daghar_supervised_3runs_perlr_samples_down_seed_harcnn_34/logs/id_1d88111cfaef/final/run_2025-09-15-06-04-21df339254.yaml,0.665217399597168,0.665217399597168,0.6635737419128418,0.665217399597168,0.6743754148483276,0.665217399597168
evaluate_harcnn,id_1a34bab1c379,id_cb25e772568c,completed,1,True,id_58b7ba40d9ba,supervised,harcnn,full_finetune_lr3,id_b1f5143574a1,multimodal_df,daghar_standardized_balanced,rw_waist,test,config_0,multimodal_perc_100,id_c2d68cc99d8f,har,evaluate,full_run,/workspaces/HIAAC-KR-Dev-Container/Minerva-Exps/benchmarks/experiments/paper_daghar_supervised_3runs_perlr_samples_down_seed_harcnn_34/logs/id_1a34bab1c379/final,041eb511ad,/workspaces/HIAAC-KR-Dev-Container/Minerva-Exps/benchmarks/experiments/paper_daghar_supervised_3runs_perlr_samples_down_seed_harcnn_34/logs/id_1a34bab1c379/final/metrics_2025-09-15-06-04-041eb511ad.yaml,/workspaces/HIAAC-KR-Dev-Container/Minerva-Exps/benchmarks/experiments/paper_daghar_supervised_3runs_perlr_samples_down_seed_harcnn_34/logs/id_1a34bab1c379/final/run_2025-09-15-06-04-041eb511ad.yaml,0.7237654328346252,0.7237653732299805,0.7021666169166565,0.7237654328346252,0.7524681687355042,0.7237654328346252
evaluate_harcnn,id_226d077b3829,id_71f44dd2406d,completed,1,True,id_6d037d42cfe2,supervised,harcnn,full_finetune_lr4,id_5365127f28e8,multimodal_df,daghar_standardized_balanced,kuhar,test,config_0,multimodal_perc_100,id_c2d68cc99d8f,har,evaluate,full_run,/workspaces/HIAAC-KR-Dev-Container/Minerva-Exps/benchmarks/experiments/paper_daghar_supervised_3runs_perlr_samples_down_seed_harcnn_34/logs/id_226d077b3829/final,33b70e1bba,/workspaces/HIAAC-KR-Dev-Container/Minerva-Exps/benchmarks/experiments/paper_daghar_supervised_3runs_perlr_samples_down_seed_harcnn_34/logs/id_226d077b3829/final/metrics_2025-09-15-06-04-33b70e1bba.yaml,/workspaces/HIAAC-KR-Dev-Container/Minerva-Exps/benchmarks/experiments/paper_daghar_supervised_3runs_perlr_samples_down_seed_harcnn_34/logs/id_226d077b3829/final/run_2025-09-15-06-04-33b70e1bba.yaml,0.6527777910232544,0.6527777910232544,0.5920690298080444,0.6527777910232544,0.5826330780982971,0.6527777910232544
evaluate_harcnn,id_215f32e33b73,id_097880e403ee,completed,1,True,id_6d037d42cfe2,supervised,harcnn,full_finetune_lr4,id_b1f5143574a1,multimodal_df,daghar_standardized_balanced,rw_waist,test,config_0,multimodal_perc_100,id_c2d68cc99d8f,har,evaluate,full_run,/workspaces/HIAAC-KR-Dev-Container/Minerva-Exps/benchmarks/experiments/paper_daghar_supervised_3runs_perlr_samples_down_seed_harcnn_34/logs/id_215f32e33b73/final,25f197062e,/workspaces/HIAAC-KR-Dev-Container/Minerva-Exps/benchmarks/experiments/paper_daghar_supervised_3runs_perlr_samples_down_seed_harcnn_34/logs/id_215f32e33b73/final/metrics_2025-09-15-06-04-25f197062e.yaml,/workspaces/HIAAC-KR-Dev-Container/Minerva-Exps/benchmarks/experiments/paper_daghar_supervised_3runs_perlr_samples_down_seed_harcnn_34/logs/id_215f32e33b73/final/run_2025-09-15-06-04-25f197062e.yaml,0.727623462677002,0.727623462677002,0.7152087688446045,0.727623462677002,0.7605533599853516,0.727623462677002
evaluate_harcnn,id_1f6155ff3faf,id_161700b4135d,completed,1,True,id_6d037d42cfe2,supervised,harcnn,full_finetune_lr4,id_f390297e57d1,multimodal_df,daghar_standardized_balanced,rw_thigh,test,config_0,multimodal_perc_100,id_c2d68cc99d8f,har,evaluate,full_run,/workspaces/HIAAC-KR-Dev-Container/Minerva-Exps/benchmarks/experiments/paper_daghar_supervised_3runs_perlr_samples_down_seed_harcnn_34/logs/id_1f6155ff3faf/final,21425e57e6,/workspaces/HIAAC-KR-Dev-Container/Minerva-Exps/benchmarks/experiments/paper_daghar_supervised_3runs_perlr_samples_down_seed_harcnn_34/logs/id_1f6155ff3faf/final/metrics_2025-09-15-06-04-21425e57e6.yaml,/workspaces/HIAAC-KR-Dev-Container/Minerva-Exps/benchmarks/experiments/paper_daghar_supervised_3runs_perlr_samples_down_seed_harcnn_34/logs/id_1f6155ff3faf/final/run_2025-09-15-06-04-21425e57e6.yaml,0.4696342349052429,0.46963420510292053,0.42486539483070374,0.4696342349052429,0.42883598804473877,0.4696342349052429
evaluate_harcnn,id_240bf70b434d,id_75cc238e916f,completed,1,True,id_6d037d42cfe2,supervised,harcnn,full_finetune_lr4,id_e7f63cc66b02,multimodal_df,daghar_standardized_balanced,motionsense,test,config_0,multimodal_perc_100,id_c2d68cc99d8f,har,evaluate,full_run,/workspaces/HIAAC-KR-Dev-Container/Minerva-Exps/benchmarks/experiments/paper_daghar_supervised_3runs_perlr_samples_down_seed_harcnn_34/logs/id_240bf70b434d/final,4444a834a5,/workspaces/HIAAC-KR-Dev-Container/Minerva-Exps/benchmarks/experiments/paper_daghar_supervised_3runs_perlr_samples_down_seed_harcnn_34/logs/id_240bf70b434d/final/metrics_2025-09-15-06-04-4444a834a5.yaml,/workspaces/HIAAC-KR-Dev-Container/Minerva-Exps/benchmarks/experiments/paper_daghar_supervised_3runs_perlr_samples_down_seed_harcnn_34/logs/id_240bf70b434d/final/run_2025-09-15-06-04-4444a834a5.yaml,0.6516007781028748,0.65160071849823,0.6102840900421143,0.6516007781028748,0.7167809009552002,0.65160071849823
evaluate_harcnn,id_24af29534546,id_50cdf5be9b42,completed,1,True,id_6d037d42cfe2,supervised,harcnn,full_finetune_lr4,id_e7f63cc66b02,multimodal_df,daghar_standardized_balanced,motionsense,test,config_0,multimodal_perc_100,id_c2d68cc99d8f,har,evaluate,full_run,/workspaces/HIAAC-KR-Dev-Container/Minerva-Exps/benchmarks/experiments/paper_daghar_supervised_3runs_perlr_samples_down_seed_harcnn_34/logs/id_24af29534546/final,4875fd595f,/workspaces/HIAAC-KR-Dev-Container/Minerva-Exps/benchmarks/experiments/paper_daghar_supervised_3runs_perlr_samples_down_seed_harcnn_34/logs/id_24af29534546/final/metrics_2025-09-15-06-04-4875fd595f.yaml,/workspaces/HIAAC-KR-Dev-Container/Minerva-Exps/benchmarks/experiments/paper_daghar_supervised_3runs_perlr_samples_down_seed_harcnn_34/logs/id_24af29534546/final/run_2025-09-15-06-04-4875fd595f.yaml,0.5273069739341736,0.5273069739341736,0.44209200143814087,0.5273069739341736,0.4129248261451721,0.5273069739341736
evaluate_harcnn,id_229c1b5f897e,id_ebb63aa1c432,completed,1,True,id_6d037d42cfe2,supervised,harcnn,full_finetune_lr4,id_b1f5143574a1,multimodal_df,daghar_standardized_balanced,rw_waist,test,config_0,multimodal_perc_100,id_c2d68cc99d8f,har,evaluate,full_run,/workspaces/HIAAC-KR-Dev-Container/Minerva-Exps/benchmarks/experiments/paper_daghar_supervised_3runs_perlr_samples_down_seed_harcnn_34/logs/id_229c1b5f897e/final,37bf08e50f,/workspaces/HIAAC-KR-Dev-Container/Minerva-Exps/benchmarks/experiments/paper_daghar_supervised_3runs_perlr_samples_down_seed_harcnn_34/logs/id_229c1b5f897e/final/metrics_2025-09-15-06-04-37bf08e50f.yaml,/workspaces/HIAAC-KR-Dev-Container/Minerva-Exps/benchmarks/experiments/paper_daghar_supervised_3runs_perlr_samples_down_seed_harcnn_34/logs/id_229c1b5f897e/final/run_2025-09-15-06-04-37bf08e50f.yaml,0.6836419701576233,0.6836419701576233,0.6918981075286865,0.6836419701576233,0.7169365882873535,0.6836419105529785
evaluate_harcnn,id_227e01c6ad33,id_26c184c5c3e4,completed,1,True,id_58b7ba40d9ba,supervised,harcnn,full_finetune_lr3,id_f390297e57d1,multimodal_df,daghar_standardized_balanced,rw_thigh,test,config_0,multimodal_perc_100,id_c2d68cc99d8f,har,evaluate,full_run,/workspaces/HIAAC-KR-Dev-Container/Minerva-Exps/benchmarks/experiments/paper_daghar_supervised_3runs_perlr_samples_down_seed_harcnn_34/logs/id_227e01c6ad33/final,36601b6567,/workspaces/HIAAC-KR-Dev-Container/Minerva-Exps/benchmarks/experiments/paper_daghar_supervised_3runs_perlr_samples_down_seed_harcnn_34/logs/id_227e01c6ad33/final/metrics_2025-09-15-06-04-36601b6567.yaml,/workspaces/HIAAC-KR-Dev-Container/Minerva-Exps/benchmarks/experiments/paper_daghar_supervised_3runs_perlr_samples_down_seed_harcnn_34/logs/id_227e01c6ad33/final/run_2025-09-15-06-04-36601b6567.yaml,0.6421670317649841,0.6421670317649841,0.6129676699638367,0.6421670317649841,0.6826879978179932,0.6421670317649841
evaluate_harcnn,id_2360e106f813,id_b092351d06f8,completed,1,True,id_58b7ba40d9ba,supervised,harcnn,full_finetune_lr3,id_2cb57fb4e55b,multimodal_df,daghar_standardized_balanced,wisdm,test,config_0,multimodal_perc_100,id_c2d68cc99d8f,har,evaluate,full_run,/workspaces/HIAAC-KR-Dev-Container/Minerva-Exps/benchmarks/experiments/paper_daghar_supervised_3runs_perlr_samples_down_seed_harcnn_34/logs/id_2360e106f813/final,42154c4835,/workspaces/HIAAC-KR-Dev-Container/Minerva-Exps/benchmarks/experiments/paper_daghar_supervised_3runs_perlr_samples_down_seed_harcnn_34/logs/id_2360e106f813/final/metrics_2025-09-15-06-04-42154c4835.yaml,/workspaces/HIAAC-KR-Dev-Container/Minerva-Exps/benchmarks/experiments/paper_daghar_supervised_3runs_perlr_samples_down_seed_harcnn_34/logs/id_2360e106f813/final/run_2025-09-15-06-04-42154c4835.yaml,0.6271121501922607,0.6271121501922607,0.5465121269226074,0.6271121501922607,0.5440749526023865,0.6271121501922607
evaluate_harcnn,id_22c0228022c4,id_1b357fcd3885,completed,1,True,id_6d037d42cfe2,supervised,harcnn,full_finetune_lr4,id_f390297e57d1,multimodal_df,daghar_standardized_balanced,rw_thigh,test,config_0,multimodal_perc_100,id_c2d68cc99d8f,har,evaluate,full_run,/workspaces/HIAAC-KR-Dev-Container/Minerva-Exps/benchmarks/experiments/paper_daghar_supervised_3runs_perlr_samples_down_seed_harcnn_34/logs/id_22c0228022c4/final,40d355ba49,/workspaces/HIAAC-KR-Dev-Container/Minerva-Exps/benchmarks/experiments/paper_daghar_supervised_3runs_perlr_samples_down_seed_harcnn_34/logs/id_22c0228022c4/final/metrics_2025-09-15-06-04-40d355ba49.yaml,/workspaces/HIAAC-KR-Dev-Container/Minerva-Exps/benchmarks/experiments/paper_daghar_supervised_3runs_perlr_samples_down_seed_harcnn_34/logs/id_22c0228022c4/final/run_2025-09-15-06-04-40d355ba49.yaml,0.6083505749702454,0.6083505749702454,0.6006925702095032,0.6083505749702454,0.6406245827674866,0.6083505749702454
evaluate_harcnn,id_25311fcf2b7a,id_60d378e5dbbc,completed,1,True,id_6d037d42cfe2,supervised,harcnn,full_finetune_lr4,id_5365127f28e8,multimodal_df,daghar_standardized_balanced,kuhar,test,config_0,multimodal_perc_100,id_c2d68cc99d8f,har,evaluate,full_run,/workspaces/HIAAC-KR-Dev-Container/Minerva-Exps/benchmarks/experiments/paper_daghar_supervised_3runs_perlr_samples_down_seed_harcnn_34/logs/id_25311fcf2b7a/final,07946d77d6,/workspaces/HIAAC-KR-Dev-Container/Minerva-Exps/benchmarks/experiments/paper_daghar_supervised_3runs_perlr_samples_down_seed_harcnn_34/logs/id_25311fcf2b7a/final/metrics_2025-09-15-06-05-07946d77d6.yaml,/workspaces/HIAAC-KR-Dev-Container/Minerva-Exps/benchmarks/experiments/paper_daghar_supervised_3runs_perlr_samples_down_seed_harcnn_34/logs/id_25311fcf2b7a/final/run_2025-09-15-06-05-07946d77d6.yaml,0.7430555820465088,0.7430555820465088,0.6852039098739624,0.7430555820465088,0.6670175790786743,0.7430555820465088
evaluate_harcnn,id_25206ab57ac4,id_2e015159c277,completed,1,True,id_6d037d42cfe2,supervised,harcnn,full_finetune_lr4,id_e7f63cc66b02,multimodal_df,daghar_standardized_balanced,motionsense,test,config_0,multimodal_perc_100,id_c2d68cc99d8f,har,evaluate,full_run,/workspaces/HIAAC-KR-Dev-Container/Minerva-Exps/benchmarks/experiments/paper_daghar_supervised_3runs_perlr_samples_down_seed_harcnn_34/logs/id_25206ab57ac4/final,05efa29aef,/workspaces/HIAAC-KR-Dev-Container/Minerva-Exps/benchmarks/experiments/paper_daghar_supervised_3runs_perlr_samples_down_seed_harcnn_34/logs/id_25206ab57ac4/final/metrics_2025-09-15-06-05-05efa29aef.yaml,/workspaces/HIAAC-KR-Dev-Container/Minerva-Exps/benchmarks/experiments/paper_daghar_supervised_3runs_perlr_samples_down_seed_harcnn_34/logs/id_25206ab57ac4/final/run_2025-09-15-06-05-05efa29aef.yaml,0.8493408560752869,0.8493408560752869,0.8393499255180359,0.8493408560752869,0.8748555183410645,0.8493408560752869
evaluate_harcnn,id_254e43342e45,id_6ab2db84e434,completed,1,True,id_6d037d42cfe2,supervised,harcnn,full_finetune_lr4,id_14a6ecc69dec,multimodal_df,daghar_standardized_balanced,uci,test,config_0,multimodal_perc_100,id_c2d68cc99d8f,har,evaluate,full_run,/workspaces/HIAAC-KR-Dev-Container/Minerva-Exps/benchmarks/experiments/paper_daghar_supervised_3runs_perlr_samples_down_seed_harcnn_34/logs/id_254e43342e45/final,093b04ad30,/workspaces/HIAAC-KR-Dev-Container/Minerva-Exps/benchmarks/experiments/paper_daghar_supervised_3runs_perlr_samples_down_seed_harcnn_34/logs/id_254e43342e45/final/metrics_2025-09-15-06-05-093b04ad30.yaml,/workspaces/HIAAC-KR-Dev-Container/Minerva-Exps/benchmarks/experiments/paper_daghar_supervised_3runs_perlr_samples_down_seed_harcnn_34/logs/id_254e43342e45/final/run_2025-09-15-06-05-093b04ad30.yaml,0.8840579986572266,0.884057879447937,0.8833870887756348,0.8840579986572266,0.9089404940605164,0.8840579390525818
evaluate_harcnn,id_272895a4603e,id_b5729fd47b64,completed,1,True,id_58b7ba40d9ba,supervised,harcnn,full_finetune_lr3,id_5365127f28e8,multimodal_df,daghar_standardized_balanced,kuhar,test,config_0,multimodal_perc_100,id_c2d68cc99d8f,har,evaluate,full_run,/workspaces/HIAAC-KR-Dev-Container/Minerva-Exps/benchmarks/experiments/paper_daghar_supervised_3runs_perlr_samples_down_seed_harcnn_34/logs/id_272895a4603e/final,219a30628d,/workspaces/HIAAC-KR-Dev-Container/Minerva-Exps/benchmarks/experiments/paper_daghar_supervised_3runs_perlr_samples_down_seed_harcnn_34/logs/id_272895a4603e/final/metrics_2025-09-15-06-05-219a30628d.yaml,/workspaces/HIAAC-KR-Dev-Container/Minerva-Exps/benchmarks/experiments/paper_daghar_supervised_3runs_perlr_samples_down_seed_harcnn_34/logs/id_272895a4603e/final/run_2025-09-15-06-05-219a30628d.yaml,0.5486111044883728,0.5486111044883728,0.4214721620082855,0.5486111044883728,0.4325641393661499,0.5486111044883728
evaluate_harcnn,id_29cebe8f7e70,id_8b605f198711,completed,1,True,id_58b7ba40d9ba,supervised,harcnn,full_finetune_lr3,id_e7f63cc66b02,multimodal_df,daghar_standardized_balanced,motionsense,test,config_0,multimodal_perc_100,id_c2d68cc99d8f,har,evaluate,full_run,/workspaces/HIAAC-KR-Dev-Container/Minerva-Exps/benchmarks/experiments/paper_daghar_supervised_3runs_perlr_samples_down_seed_harcnn_34/logs/id_29cebe8f7e70/final,28ea940c27,/workspaces/HIAAC-KR-Dev-Container/Minerva-Exps/benchmarks/experiments/paper_daghar_supervised_3runs_perlr_samples_down_seed_harcnn_34/logs/id_29cebe8f7e70/final/metrics_2025-09-15-06-05-28ea940c27.yaml,/workspaces/HIAAC-KR-Dev-Container/Minerva-Exps/benchmarks/experiments/paper_daghar_supervised_3runs_perlr_samples_down_seed_harcnn_34/logs/id_29cebe8f7e70/final/run_2025-09-15-06-05-28ea940c27.yaml,0.9293785095214844,0.9293785095214844,0.9292088150978088,0.9293785095214844,0.9378597140312195,0.9293784499168396
evaluate_harcnn,id_25cafb373529,id_8c7632105bc9,completed,1,True,id_58b7ba40d9ba,supervised,harcnn,full_finetune_lr3,id_b1f5143574a1,multimodal_df,daghar_standardized_balanced,rw_waist,test,config_0,multimodal_perc_100,id_c2d68cc99d8f,har,evaluate,full_run,/workspaces/HIAAC-KR-Dev-Container/Minerva-Exps/benchmarks/experiments/paper_daghar_supervised_3runs_perlr_samples_down_seed_harcnn_34/logs/id_25cafb373529/final,13faf2c13e,/workspaces/HIAAC-KR-Dev-Container/Minerva-Exps/benchmarks/experiments/paper_daghar_supervised_3runs_perlr_samples_down_seed_harcnn_34/logs/id_25cafb373529/final/metrics_2025-09-15-06-05-13faf2c13e.yaml,/workspaces/HIAAC-KR-Dev-Container/Minerva-Exps/benchmarks/experiments/paper_daghar_supervised_3runs_perlr_samples_down_seed_harcnn_34/logs/id_25cafb373529/final/run_2025-09-15-06-05-13faf2c13e.yaml,0.7029321193695068,0.7029321193695068,0.7076987624168396,0.7029321193695068,0.7429913282394409,0.7029321193695068
evaluate_harcnn,id_2b660c03a072,id_48d0f289f82d,completed,1,True,id_58b7ba40d9ba,supervised,harcnn,full_finetune_lr3,id_5365127f28e8,multimodal_df,daghar_standardized_balanced,kuhar,test,config_0,multimodal_perc_100,id_c2d68cc99d8f,har,evaluate,full_run,/workspaces/HIAAC-KR-Dev-Container/Minerva-Exps/benchmarks/experiments/paper_daghar_supervised_3runs_perlr_samples_down_seed_harcnn_34/logs/id_2b660c03a072/final,36b51edaa7,/workspaces/HIAAC-KR-Dev-Container/Minerva-Exps/benchmarks/experiments/paper_daghar_supervised_3runs_perlr_samples_down_seed_harcnn_34/logs/id_2b660c03a072/final/metrics_2025-09-15-06-05-36b51edaa7.yaml,/workspaces/HIAAC-KR-Dev-Container/Minerva-Exps/benchmarks/experiments/paper_daghar_supervised_3runs_perlr_samples_down_seed_harcnn_34/logs/id_2b660c03a072/final/run_2025-09-15-06-05-36b51edaa7.yaml,0.4930555522441864,0.4930555820465088,0.38082996010780334,0.4930555522441864,0.35975465178489685,0.4930555522441864
evaluate_harcnn,id_265a4005b02c,id_200500c776d0,completed,1,True,id_58b7ba40d9ba,supervised,harcnn,full_finetune_lr3,id_2cb57fb4e55b,multimodal_df,daghar_standardized_balanced,wisdm,test,config_0,multimodal_perc_100,id_c2d68cc99d8f,har,evaluate,full_run,/workspaces/HIAAC-KR-Dev-Container/Minerva-Exps/benchmarks/experiments/paper_daghar_supervised_3runs_perlr_samples_down_seed_harcnn_34/logs/id_265a4005b02c/final,163dee3b69,/workspaces/HIAAC-KR-Dev-Container/Minerva-Exps/benchmarks/experiments/paper_daghar_supervised_3runs_perlr_samples_down_seed_harcnn_34/logs/id_265a4005b02c/final/metrics_2025-09-15-06-05-163dee3b69.yaml,/workspaces/HIAAC-KR-Dev-Container/Minerva-Exps/benchmarks/experiments/paper_daghar_supervised_3runs_perlr_samples_down_seed_harcnn_34/logs/id_265a4005b02c/final/run_2025-09-15-06-05-163dee3b69.yaml,0.7427035570144653,0.7427035570144653,0.7275704741477966,0.7427035570144653,0.749335527420044,0.7427034974098206
evaluate_harcnn,id_27a4172f3707,id_c583f252c8da,completed,1,True,id_6d037d42cfe2,supervised,harcnn,full_finetune_lr4,id_2cb57fb4e55b,multimodal_df,daghar_standardized_balanced,wisdm,test,config_0,multimodal_perc_100,id_c2d68cc99d8f,har,evaluate,full_run,/workspaces/HIAAC-KR-Dev-Container/Minerva-Exps/benchmarks/experiments/paper_daghar_supervised_3runs_perlr_samples_down_seed_harcnn_34/logs/id_27a4172f3707/final,225be62e9d,/workspaces/HIAAC-KR-Dev-Container/Minerva-Exps/benchmarks/experiments/paper_daghar_supervised_3runs_perlr_samples_down_seed_harcnn_34/logs/id_27a4172f3707/final/metrics_2025-09-15-06-05-225be62e9d.yaml,/workspaces/HIAAC-KR-Dev-Container/Minerva-Exps/benchmarks/experiments/paper_daghar_supervised_3runs_perlr_samples_down_seed_harcnn_34/logs/id_27a4172f3707/final/run_2025-09-15-06-05-225be62e9d.yaml,0.7976190447807312,0.797619104385376,0.7882040143013,0.7976190447807312,0.8117966055870056,0.7976190447807312
evaluate_harcnn,id_28490c6424ef,id_e33817eb7007,completed,1,True,id_58b7ba40d9ba,supervised,harcnn,full_finetune_lr3,id_b1f5143574a1,multimodal_df,daghar_standardized_balanced,rw_waist,test,config_0,multimodal_perc_100,id_c2d68cc99d8f,har,evaluate,full_run,/workspaces/HIAAC-KR-Dev-Container/Minerva-Exps/benchmarks/experiments/paper_daghar_supervised_3runs_perlr_samples_down_seed_harcnn_34/logs/id_28490c6424ef/final,2598e2537a,/workspaces/HIAAC-KR-Dev-Container/Minerva-Exps/benchmarks/experiments/paper_daghar_supervised_3runs_perlr_samples_down_seed_harcnn_34/logs/id_28490c6424ef/final/metrics_2025-09-15-06-05-2598e2537a.yaml,/workspaces/HIAAC-KR-Dev-Container/Minerva-Exps/benchmarks/experiments/paper_daghar_supervised_3runs_perlr_samples_down_seed_harcnn_34/logs/id_28490c6424ef/final/run_2025-09-15-06-05-2598e2537a.yaml,0.5489969253540039,0.5489969253540039,0.49546578526496887,0.5489969253540039,0.4846248924732208,0.5489969253540039
evaluate_harcnn,id_295835963b23,id_0c5ac91d0c2c,completed,1,True,id_58b7ba40d9ba,supervised,harcnn,full_finetune_lr3,id_b1f5143574a1,multimodal_df,daghar_standardized_balanced,rw_waist,test,config_0,multimodal_perc_100,id_c2d68cc99d8f,har,evaluate,full_run,/workspaces/HIAAC-KR-Dev-Container/Minerva-Exps/benchmarks/experiments/paper_daghar_supervised_3runs_perlr_samples_down_seed_harcnn_34/logs/id_295835963b23/final,254a29d9d3,/workspaces/HIAAC-KR-Dev-Container/Minerva-Exps/benchmarks/experiments/paper_daghar_supervised_3runs_perlr_samples_down_seed_harcnn_34/logs/id_295835963b23/final/metrics_2025-09-15-06-05-254a29d9d3.yaml,/workspaces/HIAAC-KR-Dev-Container/Minerva-Exps/benchmarks/experiments/paper_daghar_supervised_3runs_perlr_samples_down_seed_harcnn_34/logs/id_295835963b23/final/run_2025-09-15-06-05-254a29d9d3.yaml,0.6550925970077515,0.6550925970077515,0.6154688596725464,0.6550925970077515,0.649665355682373,0.6550925970077515
evaluate_harcnn,id_2c00a277d4ca,id_048f65c047a0,completed,1,True,id_6d037d42cfe2,supervised,harcnn,full_finetune_lr4,id_5365127f28e8,multimodal_df,daghar_standardized_balanced,kuhar,test,config_0,multimodal_perc_100,id_c2d68cc99d8f,har,evaluate,full_run,/workspaces/HIAAC-KR-Dev-Container/Minerva-Exps/benchmarks/experiments/paper_daghar_supervised_3runs_perlr_samples_down_seed_harcnn_34/logs/id_2c00a277d4ca/final,5110f8695c,/workspaces/HIAAC-KR-Dev-Container/Minerva-Exps/benchmarks/experiments/paper_daghar_supervised_3runs_perlr_samples_down_seed_harcnn_34/logs/id_2c00a277d4ca/final/metrics_2025-09-15-06-05-5110f8695c.yaml,/workspaces/HIAAC-KR-Dev-Container/Minerva-Exps/benchmarks/experiments/paper_daghar_supervised_3runs_perlr_samples_down_seed_harcnn_34/logs/id_2c00a277d4ca/final/run_2025-09-15-06-05-5110f8695c.yaml,0.625,0.625,0.5603495836257935,0.625,0.5335965156555176,0.625
evaluate_harcnn,id_2fb4f8b429dc,id_ac12efb925e9,completed,1,True,id_6d037d42cfe2,supervised,harcnn,full_finetune_lr4,id_14a6ecc69dec,multimodal_df,daghar_standardized_balanced,uci,test,config_0,multimodal_perc_100,id_c2d68cc99d8f,har,evaluate,full_run,/workspaces/HIAAC-KR-Dev-Container/Minerva-Exps/benchmarks/experiments/paper_daghar_supervised_3runs_perlr_samples_down_seed_harcnn_34/logs/id_2fb4f8b429dc/final,5250807862,/workspaces/HIAAC-KR-Dev-Container/Minerva-Exps/benchmarks/experiments/paper_daghar_supervised_3runs_perlr_samples_down_seed_harcnn_34/logs/id_2fb4f8b429dc/final/metrics_2025-09-15-06-05-5250807862.yaml,/workspaces/HIAAC-KR-Dev-Container/Minerva-Exps/benchmarks/experiments/paper_daghar_supervised_3runs_perlr_samples_down_seed_harcnn_34/logs/id_2fb4f8b429dc/final/run_2025-09-15-06-05-5250807862.yaml,0.5652173757553101,0.5652173757553101,0.4923180341720581,0.5652173757553101,0.5369654893875122,0.5652173757553101
evaluate_harcnn,id_2c3ac2cd55ef,id_f2d2cd5574b3,completed,1,True,id_58b7ba40d9ba,supervised,harcnn,full_finetune_lr3,id_e7f63cc66b02,multimodal_df,daghar_standardized_balanced,motionsense,test,config_0,multimodal_perc_100,id_c2d68cc99d8f,har,evaluate,full_run,/workspaces/HIAAC-KR-Dev-Container/Minerva-Exps/benchmarks/experiments/paper_daghar_supervised_3runs_perlr_samples_down_seed_harcnn_34/logs/id_2c3ac2cd55ef/final,5218957b44,/workspaces/HIAAC-KR-Dev-Container/Minerva-Exps/benchmarks/experiments/paper_daghar_supervised_3runs_perlr_samples_down_seed_harcnn_34/logs/id_2c3ac2cd55ef/final/metrics_2025-09-15-06-05-5218957b44.yaml,/workspaces/HIAAC-KR-Dev-Container/Minerva-Exps/benchmarks/experiments/paper_daghar_supervised_3runs_perlr_samples_down_seed_harcnn_34/logs/id_2c3ac2cd55ef/final/run_2025-09-15-06-05-5218957b44.yaml,0.8145009279251099,0.8145009875297546,0.7717639207839966,0.8145009279251099,0.8580049872398376,0.8145009875297546
evaluate_harcnn,id_29d875a5f24b,id_1387a85c4b0d,completed,1,True,id_6d037d42cfe2,supervised,harcnn,full_finetune_lr4,id_f390297e57d1,multimodal_df,daghar_standardized_balanced,rw_thigh,test,config_0,multimodal_perc_100,id_c2d68cc99d8f,har,evaluate,full_run,/workspaces/HIAAC-KR-Dev-Container/Minerva-Exps/benchmarks/experiments/paper_daghar_supervised_3runs_perlr_samples_down_seed_harcnn_34/logs/id_29d875a5f24b/final,30d799b919,/workspaces/HIAAC-KR-Dev-Container/Minerva-Exps/benchmarks/experiments/paper_daghar_supervised_3runs_perlr_samples_down_seed_harcnn_34/logs/id_29d875a5f24b/final/metrics_2025-09-15-06-05-30d799b919.yaml,/workspaces/HIAAC-KR-Dev-Container/Minerva-Exps/benchmarks/experiments/paper_daghar_supervised_3runs_perlr_samples_down_seed_harcnn_34/logs/id_29d875a5f24b/final/run_2025-09-15-06-05-30d799b919.yaml,0.6780538558959961,0.6780537962913513,0.6752402186393738,0.6780538558959961,0.7078309655189514,0.6780537962913513
evaluate_harcnn,id_362ebd6f231f,id_b5e5dd0b7217,completed,1,True,id_6d037d42cfe2,supervised,harcnn,full_finetune_lr4,id_14a6ecc69dec,multimodal_df,daghar_standardized_balanced,uci,test,config_0,multimodal_perc_100,id_c2d68cc99d8f,har,evaluate,full_run,/workspaces/HIAAC-KR-Dev-Container/Minerva-Exps/benchmarks/experiments/paper_daghar_supervised_3runs_perlr_samples_down_seed_harcnn_34/logs/id_362ebd6f231f/final,07335d17b2,/workspaces/HIAAC-KR-Dev-Container/Minerva-Exps/benchmarks/experiments/paper_daghar_supervised_3runs_perlr_samples_down_seed_harcnn_34/logs/id_362ebd6f231f/final/metrics_2025-09-15-06-06-07335d17b2.yaml,/workspaces/HIAAC-KR-Dev-Container/Minerva-Exps/benchmarks/experiments/paper_daghar_supervised_3runs_perlr_samples_down_seed_harcnn_34/logs/id_362ebd6f231f/final/run_2025-09-15-06-06-07335d17b2.yaml,0.6855072379112244,0.6855072379112244,0.6703921556472778,0.6855072379112244,0.7061493992805481,0.6855072975158691
evaluate_harcnn,id_35ece04fc913,id_ae5a9baa6024,completed,1,True,id_58b7ba40d9ba,supervised,harcnn,full_finetune_lr3,id_e7f63cc66b02,multimodal_df,daghar_standardized_balanced,motionsense,test,config_0,multimodal_perc_100,id_c2d68cc99d8f,har,evaluate,full_run,/workspaces/HIAAC-KR-Dev-Container/Minerva-Exps/benchmarks/experiments/paper_daghar_supervised_3runs_perlr_samples_down_seed_harcnn_34/logs/id_35ece04fc913/final,05e20496ca,/workspaces/HIAAC-KR-Dev-Container/Minerva-Exps/benchmarks/experiments/paper_daghar_supervised_3runs_perlr_samples_down_seed_harcnn_34/logs/id_35ece04fc913/final/metrics_2025-09-15-06-06-05e20496ca.yaml,/workspaces/HIAAC-KR-Dev-Container/Minerva-Exps/benchmarks/experiments/paper_daghar_supervised_3runs_perlr_samples_down_seed_harcnn_34/logs/id_35ece04fc913/final/run_2025-09-15-06-06-05e20496ca.yaml,0.590395450592041,0.5903955101966858,0.5369057655334473,0.590395450592041,0.6064720153808594,0.590395450592041
evaluate_harcnn,id_3293107fae03,id_ee40869eca89,completed,1,True,id_58b7ba40d9ba,supervised,harcnn,full_finetune_lr3,id_f390297e57d1,multimodal_df,daghar_standardized_balanced,rw_thigh,test,config_0,multimodal_perc_100,id_c2d68cc99d8f,har,evaluate,full_run,/workspaces/HIAAC-KR-Dev-Container/Minerva-Exps/benchmarks/experiments/paper_daghar_supervised_3runs_perlr_samples_down_seed_harcnn_34/logs/id_3293107fae03/final,554cd90c60,/workspaces/HIAAC-KR-Dev-Container/Minerva-Exps/benchmarks/experiments/paper_daghar_supervised_3runs_perlr_samples_down_seed_harcnn_34/logs/id_3293107fae03/final/metrics_2025-09-15-06-05-554cd90c60.yaml,/workspaces/HIAAC-KR-Dev-Container/Minerva-Exps/benchmarks/experiments/paper_daghar_supervised_3runs_perlr_samples_down_seed_harcnn_34/logs/id_3293107fae03/final/run_2025-09-15-06-05-554cd90c60.yaml,0.5389924049377441,0.5389924645423889,0.48826760053634644,0.5389924049377441,0.4877590239048004,0.5389924049377441
evaluate_harcnn,id_39d03a42179b,id_fc6a718b74c6,completed,1,True,id_6d037d42cfe2,supervised,harcnn,full_finetune_lr4,id_5365127f28e8,multimodal_df,daghar_standardized_balanced,kuhar,test,config_0,multimodal_perc_100,id_c2d68cc99d8f,har,evaluate,full_run,/workspaces/HIAAC-KR-Dev-Container/Minerva-Exps/benchmarks/experiments/paper_daghar_supervised_3runs_perlr_samples_down_seed_harcnn_34/logs/id_39d03a42179b/final,273c4dd743,/workspaces/HIAAC-KR-Dev-Container/Minerva-Exps/benchmarks/experiments/paper_daghar_supervised_3runs_perlr_samples_down_seed_harcnn_34/logs/id_39d03a42179b/final/metrics_2025-09-15-06-06-273c4dd743.yaml,/workspaces/HIAAC-KR-Dev-Container/Minerva-Exps/benchmarks/experiments/paper_daghar_supervised_3runs_perlr_samples_down_seed_harcnn_34/logs/id_39d03a42179b/final/run_2025-09-15-06-06-273c4dd743.yaml,0.4236111044883728,0.4236111342906952,0.3275216817855835,0.4236111044883728,0.27071622014045715,0.4236111342906952
evaluate_harcnn,id_35a82e78e4be,id_5355436eecb6,completed,1,True,id_6d037d42cfe2,supervised,harcnn,full_finetune_lr4,id_b1f5143574a1,multimodal_df,daghar_standardized_balanced,rw_waist,test,config_0,multimodal_perc_100,id_c2d68cc99d8f,har,evaluate,full_run,/workspaces/HIAAC-KR-Dev-Container/Minerva-Exps/benchmarks/experiments/paper_daghar_supervised_3runs_perlr_samples_down_seed_harcnn_34/logs/id_35a82e78e4be/final,05490bb436,/workspaces/HIAAC-KR-Dev-Container/Minerva-Exps/benchmarks/experiments/paper_daghar_supervised_3runs_perlr_samples_down_seed_harcnn_34/logs/id_35a82e78e4be/final/metrics_2025-09-15-06-06-05490bb436.yaml,/workspaces/HIAAC-KR-Dev-Container/Minerva-Exps/benchmarks/experiments/paper_daghar_supervised_3runs_perlr_samples_down_seed_harcnn_34/logs/id_35a82e78e4be/final/run_2025-09-15-06-06-05490bb436.yaml,0.6948302388191223,0.6948302388191223,0.6667771935462952,0.6948302388191223,0.7251670956611633,0.6948302984237671
evaluate_harcnn,id_3343031a155f,id_372f11f217f2,completed,1,True,id_6d037d42cfe2,supervised,harcnn,full_finetune_lr4,id_f390297e57d1,multimodal_df,daghar_standardized_balanced,rw_thigh,test,config_0,multimodal_perc_100,id_c2d68cc99d8f,har,evaluate,full_run,/workspaces/HIAAC-KR-Dev-Container/Minerva-Exps/benchmarks/experiments/paper_daghar_supervised_3runs_perlr_samples_down_seed_harcnn_34/logs/id_3343031a155f/final,00021477a1,/workspaces/HIAAC-KR-Dev-Container/Minerva-Exps/benchmarks/experiments/paper_daghar_supervised_3runs_perlr_samples_down_seed_harcnn_34/logs/id_3343031a155f/final/metrics_2025-09-15-06-06-00021477a1.yaml,/workspaces/HIAAC-KR-Dev-Container/Minerva-Exps/benchmarks/experiments/paper_daghar_supervised_3runs_perlr_samples_down_seed_harcnn_34/logs/id_3343031a155f/final/run_2025-09-15-06-06-00021477a1.yaml,0.5141476988792419,0.5141476988792419,0.47849804162979126,0.5141476988792419,0.5574329495429993,0.5141476988792419
evaluate_harcnn,id_383fc1f6abb1,id_ad734fba9847,completed,1,True,id_58b7ba40d9ba,supervised,harcnn,full_finetune_lr3,id_2cb57fb4e55b,multimodal_df,daghar_standardized_balanced,wisdm,test,config_0,multimodal_perc_100,id_c2d68cc99d8f,har,evaluate,full_run,/workspaces/HIAAC-KR-Dev-Container/Minerva-Exps/benchmarks/experiments/paper_daghar_supervised_3runs_perlr_samples_down_seed_harcnn_34/logs/id_383fc1f6abb1/final,1589b78495,/workspaces/HIAAC-KR-Dev-Container/Minerva-Exps/benchmarks/experiments/paper_daghar_supervised_3runs_perlr_samples_down_seed_harcnn_34/logs/id_383fc1f6abb1/final/metrics_2025-09-15-06-06-1589b78495.yaml,/workspaces/HIAAC-KR-Dev-Container/Minerva-Exps/benchmarks/experiments/paper_daghar_supervised_3runs_perlr_samples_down_seed_harcnn_34/logs/id_383fc1f6abb1/final/run_2025-09-15-06-06-1589b78495.yaml,0.7895545363426208,0.7895545363426208,0.7690119743347168,0.7895545363426208,0.8132615685462952,0.7895544767379761
evaluate_harcnn,id_3b64fced222a,id_b1ee7b391c46,completed,1,True,id_6d037d42cfe2,supervised,harcnn,full_finetune_lr4,id_14a6ecc69dec,multimodal_df,daghar_standardized_balanced,uci,test,config_0,multimodal_perc_100,id_c2d68cc99d8f,har,evaluate,full_run,/workspaces/HIAAC-KR-Dev-Container/Minerva-Exps/benchmarks/experiments/paper_daghar_supervised_3runs_perlr_samples_down_seed_harcnn_34/logs/id_3b64fced222a/final,37a30ac33c,/workspaces/HIAAC-KR-Dev-Container/Minerva-Exps/benchmarks/experiments/paper_daghar_supervised_3runs_perlr_samples_down_seed_harcnn_34/logs/id_3b64fced222a/final/metrics_2025-09-15-06-06-37a30ac33c.yaml,/workspaces/HIAAC-KR-Dev-Container/Minerva-Exps/benchmarks/experiments/paper_daghar_supervised_3runs_perlr_samples_down_seed_harcnn_34/logs/id_3b64fced222a/final/run_2025-09-15-06-06-37a30ac33c.yaml,0.9057971239089966,0.9057971239089966,0.9062989354133606,0.9057971239089966,0.9121050238609314,0.9057971239089966
evaluate_harcnn,id_380297e9df66,id_ecb661c1981a,completed,1,True,id_58b7ba40d9ba,supervised,harcnn,full_finetune_lr3,id_f390297e57d1,multimodal_df,daghar_standardized_balanced,rw_thigh,test,config_0,multimodal_perc_100,id_c2d68cc99d8f,har,evaluate,full_run,/workspaces/HIAAC-KR-Dev-Container/Minerva-Exps/benchmarks/experiments/paper_daghar_supervised_3runs_perlr_samples_down_seed_harcnn_34/logs/id_380297e9df66/final,166160d84a,/workspaces/HIAAC-KR-Dev-Container/Minerva-Exps/benchmarks/experiments/paper_daghar_supervised_3runs_perlr_samples_down_seed_harcnn_34/logs/id_380297e9df66/final/metrics_2025-09-15-06-06-166160d84a.yaml,/workspaces/HIAAC-KR-Dev-Container/Minerva-Exps/benchmarks/experiments/paper_daghar_supervised_3runs_perlr_samples_down_seed_harcnn_34/logs/id_380297e9df66/final/run_2025-09-15-06-06-166160d84a.yaml,0.6449275612831116,0.6449275612831116,0.5979754328727722,0.6449275612831116,0.5923997759819031,0.6449275612831116
evaluate_harcnn,id_3c25f077d6c1,id_8404044a483d,completed,1,True,id_6d037d42cfe2,supervised,harcnn,full_finetune_lr4,id_5365127f28e8,multimodal_df,daghar_standardized_balanced,kuhar,test,config_0,multimodal_perc_100,id_c2d68cc99d8f,har,evaluate,full_run,/workspaces/HIAAC-KR-Dev-Container/Minerva-Exps/benchmarks/experiments/paper_daghar_supervised_3runs_perlr_samples_down_seed_harcnn_34/logs/id_3c25f077d6c1/final,4678d34d60,/workspaces/HIAAC-KR-Dev-Container/Minerva-Exps/benchmarks/experiments/paper_daghar_supervised_3runs_perlr_samples_down_seed_harcnn_34/logs/id_3c25f077d6c1/final/metrics_2025-09-15-06-06-4678d34d60.yaml,/workspaces/HIAAC-KR-Dev-Container/Minerva-Exps/benchmarks/experiments/paper_daghar_supervised_3runs_perlr_samples_down_seed_harcnn_34/logs/id_3c25f077d6c1/final/run_2025-09-15-06-06-4678d34d60.yaml,0.6388888955116272,0.6388888955116272,0.554530680179596,0.6388888955116272,0.5620009303092957,0.6388888955116272
evaluate_harcnn,id_3b9653ce70e7,id_deedd94a00a3,completed,1,True,id_6d037d42cfe2,supervised,harcnn,full_finetune_lr4,id_14a6ecc69dec,multimodal_df,daghar_standardized_balanced,uci,test,config_0,multimodal_perc_100,id_c2d68cc99d8f,har,evaluate,full_run,/workspaces/HIAAC-KR-Dev-Container/Minerva-Exps/benchmarks/experiments/paper_daghar_supervised_3runs_perlr_samples_down_seed_harcnn_34/logs/id_3b9653ce70e7/final,430aa0b05d,/workspaces/HIAAC-KR-Dev-Container/Minerva-Exps/benchmarks/experiments/paper_daghar_supervised_3runs_perlr_samples_down_seed_harcnn_34/logs/id_3b9653ce70e7/final/metrics_2025-09-15-06-06-430aa0b05d.yaml,/workspaces/HIAAC-KR-Dev-Container/Minerva-Exps/benchmarks/experiments/paper_daghar_supervised_3runs_perlr_samples_down_seed_harcnn_34/logs/id_3b9653ce70e7/final/run_2025-09-15-06-06-430aa0b05d.yaml,0.7869565486907959,0.7869564890861511,0.7202808856964111,0.7869565486907959,0.6875143647193909,0.7869565486907959
evaluate_harcnn,id_3880bd1a4b63,id_45e5b1fc35aa,completed,1,True,id_6d037d42cfe2,supervised,harcnn,full_finetune_lr4,id_f390297e57d1,multimodal_df,daghar_standardized_balanced,rw_thigh,test,config_0,multimodal_perc_100,id_c2d68cc99d8f,har,evaluate,full_run,/workspaces/HIAAC-KR-Dev-Container/Minerva-Exps/benchmarks/experiments/paper_daghar_supervised_3runs_perlr_samples_down_seed_harcnn_34/logs/id_3880bd1a4b63/final,1714df6a07,/workspaces/HIAAC-KR-Dev-Container/Minerva-Exps/benchmarks/experiments/paper_daghar_supervised_3runs_perlr_samples_down_seed_harcnn_34/logs/id_3880bd1a4b63/final/metrics_2025-09-15-06-06-1714df6a07.yaml,/workspaces/HIAAC-KR-Dev-Container/Minerva-Exps/benchmarks/experiments/paper_daghar_supervised_3runs_perlr_samples_down_seed_harcnn_34/logs/id_3880bd1a4b63/final/run_2025-09-15-06-06-1714df6a07.yaml,0.5427881479263306,0.5427881479263306,0.4918552339076996,0.5427881479263306,0.5560232400894165,0.5427881479263306
evaluate_harcnn,id_3aad90ceb631,id_975ed8ed49b5,completed,1,True,id_6d037d42cfe2,supervised,harcnn,full_finetune_lr4,id_f390297e57d1,multimodal_df,daghar_standardized_balanced,rw_thigh,test,config_0,multimodal_perc_100,id_c2d68cc99d8f,har,evaluate,full_run,/workspaces/HIAAC-KR-Dev-Container/Minerva-Exps/benchmarks/experiments/paper_daghar_supervised_3runs_perlr_samples_down_seed_harcnn_34/logs/id_3aad90ceb631/final,29f204dcdd,/workspaces/HIAAC-KR-Dev-Container/Minerva-Exps/benchmarks/experiments/paper_daghar_supervised_3runs_perlr_samples_down_seed_harcnn_34/logs/id_3aad90ceb631/final/metrics_2025-09-15-06-06-29f204dcdd.yaml,/workspaces/HIAAC-KR-Dev-Container/Minerva-Exps/benchmarks/experiments/paper_daghar_supervised_3runs_perlr_samples_down_seed_harcnn_34/logs/id_3aad90ceb631/final/run_2025-09-15-06-06-29f204dcdd.yaml,0.6901311278343201,0.6901311278343201,0.6966636776924133,0.6901311278343201,0.7209133505821228,0.6901311278343201
evaluate_harcnn,id_3d2e0b3be13c,id_365e5af4fecd,completed,1,True,id_6d037d42cfe2,supervised,harcnn,full_finetune_lr4,id_e7f63cc66b02,multimodal_df,daghar_standardized_balanced,motionsense,test,config_0,multimodal_perc_100,id_c2d68cc99d8f,har,evaluate,full_run,/workspaces/HIAAC-KR-Dev-Container/Minerva-Exps/benchmarks/experiments/paper_daghar_supervised_3runs_perlr_samples_down_seed_harcnn_34/logs/id_3d2e0b3be13c/final,47aa78aea3,/workspaces/HIAAC-KR-Dev-Container/Minerva-Exps/benchmarks/experiments/paper_daghar_supervised_3runs_perlr_samples_down_seed_harcnn_34/logs/id_3d2e0b3be13c/final/metrics_2025-09-15-06-06-47aa78aea3.yaml,/workspaces/HIAAC-KR-Dev-Container/Minerva-Exps/benchmarks/experiments/paper_daghar_supervised_3runs_perlr_samples_down_seed_harcnn_34/logs/id_3d2e0b3be13c/final/run_2025-09-15-06-06-47aa78aea3.yaml,0.7259886860847473,0.7259886860847473,0.6779880523681641,0.7259886860847473,0.7892478108406067,0.7259886264801025
evaluate_harcnn,id_3f98a48b075f,id_bdd4b0f96da6,completed,1,True,id_6d037d42cfe2,supervised,harcnn,full_finetune_lr4,id_5365127f28e8,multimodal_df,daghar_standardized_balanced,kuhar,test,config_0,multimodal_perc_100,id_c2d68cc99d8f,har,evaluate,full_run,/workspaces/HIAAC-KR-Dev-Container/Minerva-Exps/benchmarks/experiments/paper_daghar_supervised_3runs_perlr_samples_down_seed_harcnn_34/logs/id_3f98a48b075f/final,02e2994f09,/workspaces/HIAAC-KR-Dev-Container/Minerva-Exps/benchmarks/experiments/paper_daghar_supervised_3runs_perlr_samples_down_seed_harcnn_34/logs/id_3f98a48b075f/final/metrics_2025-09-15-06-07-02e2994f09.yaml,/workspaces/HIAAC-KR-Dev-Container/Minerva-Exps/benchmarks/experiments/paper_daghar_supervised_3runs_perlr_samples_down_seed_harcnn_34/logs/id_3f98a48b075f/final/run_2025-09-15-06-07-02e2994f09.yaml,0.5347222089767456,0.5347222685813904,0.46746283769607544,0.5347222089767456,0.47481027245521545,0.5347222089767456
evaluate_harcnn,id_3f09d96abedc,id_3f0a716bddce,completed,1,True,id_58b7ba40d9ba,supervised,harcnn,full_finetune_lr3,id_14a6ecc69dec,multimodal_df,daghar_standardized_balanced,uci,test,config_0,multimodal_perc_100,id_c2d68cc99d8f,har,evaluate,full_run,/workspaces/HIAAC-KR-Dev-Container/Minerva-Exps/benchmarks/experiments/paper_daghar_supervised_3runs_perlr_samples_down_seed_harcnn_34/logs/id_3f09d96abedc/final,02d7862c1b,/workspaces/HIAAC-KR-Dev-Container/Minerva-Exps/benchmarks/experiments/paper_daghar_supervised_3runs_perlr_samples_down_seed_harcnn_34/logs/id_3f09d96abedc/final/metrics_2025-09-15-06-07-02d7862c1b.yaml,/workspaces/HIAAC-KR-Dev-Container/Minerva-Exps/benchmarks/experiments/paper_daghar_supervised_3runs_perlr_samples_down_seed_harcnn_34/logs/id_3f09d96abedc/final/run_2025-09-15-06-07-02d7862c1b.yaml,0.9637681245803833,0.9637681245803833,0.9636507630348206,0.9637681245803833,0.9660297632217407,0.9637680649757385
evaluate_harcnn,id_42b92fc6c937,id_a6205a1bae2a,completed,1,True,id_58b7ba40d9ba,supervised,harcnn,full_finetune_lr3,id_5365127f28e8,multimodal_df,daghar_standardized_balanced,kuhar,test,config_0,multimodal_perc_100,id_c2d68cc99d8f,har,evaluate,full_run,/workspaces/HIAAC-KR-Dev-Container/Minerva-Exps/benchmarks/experiments/paper_daghar_supervised_3runs_perlr_samples_down_seed_harcnn_34/logs/id_42b92fc6c937/final,19e854a8a7,/workspaces/HIAAC-KR-Dev-Container/Minerva-Exps/benchmarks/experiments/paper_daghar_supervised_3runs_perlr_samples_down_seed_harcnn_34/logs/id_42b92fc6c937/final/metrics_2025-09-15-06-07-19e854a8a7.yaml,/workspaces/HIAAC-KR-Dev-Container/Minerva-Exps/benchmarks/experiments/paper_daghar_supervised_3runs_perlr_samples_down_seed_harcnn_34/logs/id_42b92fc6c937/final/run_2025-09-15-06-07-19e854a8a7.yaml,0.5763888955116272,0.5763888955116272,0.45522138476371765,0.5763888955116272,0.4123533368110657,0.5763888955116272
evaluate_harcnn,id_3dc168252737,id_b262e94dd122,completed,1,True,id_58b7ba40d9ba,supervised,harcnn,full_finetune_lr3,id_b1f5143574a1,multimodal_df,daghar_standardized_balanced,rw_waist,test,config_0,multimodal_perc_100,id_c2d68cc99d8f,har,evaluate,full_run,/workspaces/HIAAC-KR-Dev-Container/Minerva-Exps/benchmarks/experiments/paper_daghar_supervised_3runs_perlr_samples_down_seed_harcnn_34/logs/id_3dc168252737/final,57e7538c68,/workspaces/HIAAC-KR-Dev-Container/Minerva-Exps/benchmarks/experiments/paper_daghar_supervised_3runs_perlr_samples_down_seed_harcnn_34/logs/id_3dc168252737/final/metrics_2025-09-15-06-06-57e7538c68.yaml,/workspaces/HIAAC-KR-Dev-Container/Minerva-Exps/benchmarks/experiments/paper_daghar_supervised_3runs_perlr_samples_down_seed_harcnn_34/logs/id_3dc168252737/final/run_2025-09-15-06-06-57e7538c68.yaml,0.6929012537002563,0.6929013133049011,0.6536020040512085,0.6929012537002563,0.7319506406784058,0.6929011940956116
evaluate_harcnn,id_3d701a7ce820,id_4efe1f515f8f,completed,1,True,id_58b7ba40d9ba,supervised,harcnn,full_finetune_lr3,id_f390297e57d1,multimodal_df,daghar_standardized_balanced,rw_thigh,test,config_0,multimodal_perc_100,id_c2d68cc99d8f,har,evaluate,full_run,/workspaces/HIAAC-KR-Dev-Container/Minerva-Exps/benchmarks/experiments/paper_daghar_supervised_3runs_perlr_samples_down_seed_harcnn_34/logs/id_3d701a7ce820/final,57d7791a2a,/workspaces/HIAAC-KR-Dev-Container/Minerva-Exps/benchmarks/experiments/paper_daghar_supervised_3runs_perlr_samples_down_seed_harcnn_34/logs/id_3d701a7ce820/final/metrics_2025-09-15-06-06-57d7791a2a.yaml,/workspaces/HIAAC-KR-Dev-Container/Minerva-Exps/benchmarks/experiments/paper_daghar_supervised_3runs_perlr_samples_down_seed_harcnn_34/logs/id_3d701a7ce820/final/run_2025-09-15-06-06-57d7791a2a.yaml,0.6863353848457336,0.6863353848457336,0.6399644613265991,0.6863353848457336,0.6470000147819519,0.6863353848457336
evaluate_harcnn,id_3d396d3a0561,id_6d58e7e84c1b,completed,1,True,id_6d037d42cfe2,supervised,harcnn,full_finetune_lr4,id_f390297e57d1,multimodal_df,daghar_standardized_balanced,rw_thigh,test,config_0,multimodal_perc_100,id_c2d68cc99d8f,har,evaluate,full_run,/workspaces/HIAAC-KR-Dev-Container/Minerva-Exps/benchmarks/experiments/paper_daghar_supervised_3runs_perlr_samples_down_seed_harcnn_34/logs/id_3d396d3a0561/final,540be7c005,/workspaces/HIAAC-KR-Dev-Container/Minerva-Exps/benchmarks/experiments/paper_daghar_supervised_3runs_perlr_samples_down_seed_harcnn_34/logs/id_3d396d3a0561/final/metrics_2025-09-15-06-06-540be7c005.yaml,/workspaces/HIAAC-KR-Dev-Container/Minerva-Exps/benchmarks/experiments/paper_daghar_supervised_3runs_perlr_samples_down_seed_harcnn_34/logs/id_3d396d3a0561/final/run_2025-09-15-06-06-540be7c005.yaml,0.6835748553276062,0.6835748553276062,0.6782299876213074,0.6835748553276062,0.7061046361923218,0.6835748553276062
evaluate_harcnn,id_3ea2ef5416d4,id_b1067dcbe94f,completed,1,True,id_6d037d42cfe2,supervised,harcnn,full_finetune_lr4,id_f390297e57d1,multimodal_df,daghar_standardized_balanced,rw_thigh,test,config_0,multimodal_perc_100,id_c2d68cc99d8f,har,evaluate,full_run,/workspaces/HIAAC-KR-Dev-Container/Minerva-Exps/benchmarks/experiments/paper_daghar_supervised_3runs_perlr_samples_down_seed_harcnn_34/logs/id_3ea2ef5416d4/final,01f4b4225b,/workspaces/HIAAC-KR-Dev-Container/Minerva-Exps/benchmarks/experiments/paper_daghar_supervised_3runs_perlr_samples_down_seed_harcnn_34/logs/id_3ea2ef5416d4/final/metrics_2025-09-15-06-07-01f4b4225b.yaml,/workspaces/HIAAC-KR-Dev-Container/Minerva-Exps/benchmarks/experiments/paper_daghar_supervised_3runs_perlr_samples_down_seed_harcnn_34/logs/id_3ea2ef5416d4/final/run_2025-09-15-06-07-01f4b4225b.yaml,0.672877848148346,0.672877848148346,0.6688349843025208,0.672877848148346,0.695127546787262,0.672877848148346
evaluate_harcnn,id_44c5699aa66a,id_9d84cd196d88,completed,1,True,id_6d037d42cfe2,supervised,harcnn,full_finetune_lr4,id_e7f63cc66b02,multimodal_df,daghar_standardized_balanced,motionsense,test,config_0,multimodal_perc_100,id_c2d68cc99d8f,har,evaluate,full_run,/workspaces/HIAAC-KR-Dev-Container/Minerva-Exps/benchmarks/experiments/paper_daghar_supervised_3runs_perlr_samples_down_seed_harcnn_34/logs/id_44c5699aa66a/final,22d74f6439,/workspaces/HIAAC-KR-Dev-Container/Minerva-Exps/benchmarks/experiments/paper_daghar_supervised_3runs_perlr_samples_down_seed_harcnn_34/logs/id_44c5699aa66a/final/metrics_2025-09-15-06-07-22d74f6439.yaml,/workspaces/HIAAC-KR-Dev-Container/Minerva-Exps/benchmarks/experiments/paper_daghar_supervised_3runs_perlr_samples_down_seed_harcnn_34/logs/id_44c5699aa66a/final/run_2025-09-15-06-07-22d74f6439.yaml,0.7580037713050842,0.7580037713050842,0.7071677446365356,0.7580037713050842,0.7755758762359619,0.7580037117004395
evaluate_harcnn,id_41edea65b8d3,id_1ad391db848b,completed,1,True,id_58b7ba40d9ba,supervised,harcnn,full_finetune_lr3,id_b1f5143574a1,multimodal_df,daghar_standardized_balanced,rw_waist,test,config_0,multimodal_perc_100,id_c2d68cc99d8f,har,evaluate,full_run,/workspaces/HIAAC-KR-Dev-Container/Minerva-Exps/benchmarks/experiments/paper_daghar_supervised_3runs_perlr_samples_down_seed_harcnn_34/logs/id_41edea65b8d3/final,140e5d093b,/workspaces/HIAAC-KR-Dev-Container/Minerva-Exps/benchmarks/experiments/paper_daghar_supervised_3runs_perlr_samples_down_seed_harcnn_34/logs/id_41edea65b8d3/final/metrics_2025-09-15-06-07-140e5d093b.yaml,/workspaces/HIAAC-KR-Dev-Container/Minerva-Exps/benchmarks/experiments/paper_daghar_supervised_3runs_perlr_samples_down_seed_harcnn_34/logs/id_41edea65b8d3/final/run_2025-09-15-06-07-140e5d093b.yaml,0.5389660596847534,0.5389660596847534,0.49432340264320374,0.5389660596847534,0.5281165242195129,0.5389660596847534
evaluate_harcnn,id_463bc29f684f,id_e688e647f4dc,completed,1,True,id_58b7ba40d9ba,supervised,harcnn,full_finetune_lr3,id_14a6ecc69dec,multimodal_df,daghar_standardized_balanced,uci,test,config_0,multimodal_perc_100,id_c2d68cc99d8f,har,evaluate,full_run,/workspaces/HIAAC-KR-Dev-Container/Minerva-Exps/benchmarks/experiments/paper_daghar_supervised_3runs_perlr_samples_down_seed_harcnn_34/logs/id_463bc29f684f/final,344af6fe3a,/workspaces/HIAAC-KR-Dev-Container/Minerva-Exps/benchmarks/experiments/paper_daghar_supervised_3runs_perlr_samples_down_seed_harcnn_34/logs/id_463bc29f684f/final/metrics_2025-09-15-06-07-344af6fe3a.yaml,/workspaces/HIAAC-KR-Dev-Container/Minerva-Exps/benchmarks/experiments/paper_daghar_supervised_3runs_perlr_samples_down_seed_harcnn_34/logs/id_463bc29f684f/final/run_2025-09-15-06-07-344af6fe3a.yaml,0.7985507249832153,0.7985507249832153,0.7598716020584106,0.7985507249832153,0.8354185819625854,0.7985507249832153
evaluate_harcnn,id_404bfd2ee55f,id_43b72c9e2aab,completed,1,True,id_6d037d42cfe2,supervised,harcnn,full_finetune_lr4,id_2cb57fb4e55b,multimodal_df,daghar_standardized_balanced,wisdm,test,config_0,multimodal_perc_100,id_c2d68cc99d8f,har,evaluate,full_run,/workspaces/HIAAC-KR-Dev-Container/Minerva-Exps/benchmarks/experiments/paper_daghar_supervised_3runs_perlr_samples_down_seed_harcnn_34/logs/id_404bfd2ee55f/final,128c4e2ff0,/workspaces/HIAAC-KR-Dev-Container/Minerva-Exps/benchmarks/experiments/paper_daghar_supervised_3runs_perlr_samples_down_seed_harcnn_34/logs/id_404bfd2ee55f/final/metrics_2025-09-15-06-07-128c4e2ff0.yaml,/workspaces/HIAAC-KR-Dev-Container/Minerva-Exps/benchmarks/experiments/paper_daghar_supervised_3runs_perlr_samples_down_seed_harcnn_34/logs/id_404bfd2ee55f/final/run_2025-09-15-06-07-128c4e2ff0.yaml,0.4370199739933014,0.4370199739933014,0.32686108350753784,0.4370199739933014,0.37091171741485596,0.4370200037956238
evaluate_harcnn,id_4705ce3e913b,id_cfd952482262,completed,1,True,id_58b7ba40d9ba,supervised,harcnn,full_finetune_lr3,id_e7f63cc66b02,multimodal_df,daghar_standardized_balanced,motionsense,test,config_0,multimodal_perc_100,id_c2d68cc99d8f,har,evaluate,full_run,/workspaces/HIAAC-KR-Dev-Container/Minerva-Exps/benchmarks/experiments/paper_daghar_supervised_3runs_perlr_samples_down_seed_harcnn_34/logs/id_4705ce3e913b/final,371cd84082,/workspaces/HIAAC-KR-Dev-Container/Minerva-Exps/benchmarks/experiments/paper_daghar_supervised_3runs_perlr_samples_down_seed_harcnn_34/logs/id_4705ce3e913b/final/metrics_2025-09-15-06-07-371cd84082.yaml,/workspaces/HIAAC-KR-Dev-Container/Minerva-Exps/benchmarks/experiments/paper_daghar_supervised_3runs_perlr_samples_down_seed_harcnn_34/logs/id_4705ce3e913b/final/run_2025-09-15-06-07-371cd84082.yaml,0.6205273270606995,0.6205272674560547,0.5707042813301086,0.6205273270606995,0.5768631100654602,0.6205273270606995
evaluate_harcnn,id_4a1b14ca73b6,id_2f331f6e058e,completed,1,True,id_58b7ba40d9ba,supervised,harcnn,full_finetune_lr3,id_14a6ecc69dec,multimodal_df,daghar_standardized_balanced,uci,test,config_0,multimodal_perc_100,id_c2d68cc99d8f,har,evaluate,full_run,/workspaces/HIAAC-KR-Dev-Container/Minerva-Exps/benchmarks/experiments/paper_daghar_supervised_3runs_perlr_samples_down_seed_harcnn_34/logs/id_4a1b14ca73b6/final,47b1e0b9d4,/workspaces/HIAAC-KR-Dev-Container/Minerva-Exps/benchmarks/experiments/paper_daghar_supervised_3runs_perlr_samples_down_seed_harcnn_34/logs/id_4a1b14ca73b6/final/metrics_2025-09-15-06-07-47b1e0b9d4.yaml,/workspaces/HIAAC-KR-Dev-Container/Minerva-Exps/benchmarks/experiments/paper_daghar_supervised_3runs_perlr_samples_down_seed_harcnn_34/logs/id_4a1b14ca73b6/final/run_2025-09-15-06-07-47b1e0b9d4.yaml,0.7681159377098083,0.7681158781051636,0.7140661478042603,0.7681159377098083,0.8237719535827637,0.7681159377098083
evaluate_harcnn,id_4a79010e3fe8,id_f75244ff7f3b,completed,1,True,id_6d037d42cfe2,supervised,harcnn,full_finetune_lr4,id_14a6ecc69dec,multimodal_df,daghar_standardized_balanced,uci,test,config_0,multimodal_perc_100,id_c2d68cc99d8f,har,evaluate,full_run,/workspaces/HIAAC-KR-Dev-Container/Minerva-Exps/benchmarks/experiments/paper_daghar_supervised_3runs_perlr_samples_down_seed_harcnn_34/logs/id_4a79010e3fe8/final,52151f5f65,/workspaces/HIAAC-KR-Dev-Container/Minerva-Exps/benchmarks/experiments/paper_daghar_supervised_3runs_perlr_samples_down_seed_harcnn_34/logs/id_4a79010e3fe8/final/metrics_2025-09-15-06-07-52151f5f65.yaml,/workspaces/HIAAC-KR-Dev-Container/Minerva-Exps/benchmarks/experiments/paper_daghar_supervised_3runs_perlr_samples_down_seed_harcnn_34/logs/id_4a79010e3fe8/final/run_2025-09-15-06-07-52151f5f65.yaml,0.7956521511077881,0.7956521511077881,0.7946097254753113,0.7956521511077881,0.7980793714523315,0.7956521511077881
evaluate_harcnn,id_46c95d958a14,id_bf5b774a797a,completed,1,True,id_58b7ba40d9ba,supervised,harcnn,full_finetune_lr3,id_2cb57fb4e55b,multimodal_df,daghar_standardized_balanced,wisdm,test,config_0,multimodal_perc_100,id_c2d68cc99d8f,har,evaluate,full_run,/workspaces/HIAAC-KR-Dev-Container/Minerva-Exps/benchmarks/experiments/paper_daghar_supervised_3runs_perlr_samples_down_seed_harcnn_34/logs/id_46c95d958a14/final,3647a0a671,/workspaces/HIAAC-KR-Dev-Container/Minerva-Exps/benchmarks/experiments/paper_daghar_supervised_3runs_perlr_samples_down_seed_harcnn_34/logs/id_46c95d958a14/final/metrics_2025-09-15-06-07-3647a0a671.yaml,/workspaces/HIAAC-KR-Dev-Container/Minerva-Exps/benchmarks/experiments/paper_daghar_supervised_3runs_perlr_samples_down_seed_harcnn_34/logs/id_46c95d958a14/final/run_2025-09-15-06-07-3647a0a671.yaml,0.7208141088485718,0.7208141088485718,0.6443930268287659,0.7208141088485718,0.8645229339599609,0.7208141088485718
evaluate_harcnn,id_4958d5cd5706,id_7ace3444f5ce,completed,1,True,id_6d037d42cfe2,supervised,harcnn,full_finetune_lr4,id_2cb57fb4e55b,multimodal_df,daghar_standardized_balanced,wisdm,test,config_0,multimodal_perc_100,id_c2d68cc99d8f,har,evaluate,full_run,/workspaces/HIAAC-KR-Dev-Container/Minerva-Exps/benchmarks/experiments/paper_daghar_supervised_3runs_perlr_samples_down_seed_harcnn_34/logs/id_4958d5cd5706/final,39f3b14999,/workspaces/HIAAC-KR-Dev-Container/Minerva-Exps/benchmarks/experiments/paper_daghar_supervised_3runs_perlr_samples_down_seed_harcnn_34/logs/id_4958d5cd5706/final/metrics_2025-09-15-06-07-39f3b14999.yaml,/workspaces/HIAAC-KR-Dev-Container/Minerva-Exps/benchmarks/experiments/paper_daghar_supervised_3runs_perlr_samples_down_seed_harcnn_34/logs/id_4958d5cd5706/final/run_2025-09-15-06-07-39f3b14999.yaml,0.7811059951782227,0.7811059951782227,0.7719893455505371,0.7811059951782227,0.7873903512954712,0.7811059951782227
evaluate_harcnn,id_496261578b8d,id_e63a7da9da01,completed,1,True,id_6d037d42cfe2,supervised,harcnn,full_finetune_lr4,id_2cb57fb4e55b,multimodal_df,daghar_standardized_balanced,wisdm,test,config_0,multimodal_perc_100,id_c2d68cc99d8f,har,evaluate,full_run,/workspaces/HIAAC-KR-Dev-Container/Minerva-Exps/benchmarks/experiments/paper_daghar_supervised_3runs_perlr_samples_down_seed_harcnn_34/logs/id_496261578b8d/final,4475a9bd59,/workspaces/HIAAC-KR-Dev-Container/Minerva-Exps/benchmarks/experiments/paper_daghar_supervised_3runs_perlr_samples_down_seed_harcnn_34/logs/id_496261578b8d/final/metrics_2025-09-15-06-07-4475a9bd59.yaml,/workspaces/HIAAC-KR-Dev-Container/Minerva-Exps/benchmarks/experiments/paper_daghar_supervised_3runs_perlr_samples_down_seed_harcnn_34/logs/id_496261578b8d/final/run_2025-09-15-06-07-4475a9bd59.yaml,0.8079876899719238,0.8079877495765686,0.8075406551361084,0.8079876899719238,0.8088532090187073,0.8079876899719238
evaluate_harcnn,id_501285d2dcb5,id_4b49fa933008,completed,1,True,id_58b7ba40d9ba,supervised,harcnn,full_finetune_lr3,id_5365127f28e8,multimodal_df,daghar_standardized_balanced,kuhar,test,config_0,multimodal_perc_100,id_c2d68cc99d8f,har,evaluate,full_run,/workspaces/HIAAC-KR-Dev-Container/Minerva-Exps/benchmarks/experiments/paper_daghar_supervised_3runs_perlr_samples_down_seed_harcnn_34/logs/id_501285d2dcb5/final,1204fda407,/workspaces/HIAAC-KR-Dev-Container/Minerva-Exps/benchmarks/experiments/paper_daghar_supervised_3runs_perlr_samples_down_seed_harcnn_34/logs/id_501285d2dcb5/final/metrics_2025-09-15-06-08-1204fda407.yaml,/workspaces/HIAAC-KR-Dev-Container/Minerva-Exps/benchmarks/experiments/paper_daghar_supervised_3runs_perlr_samples_down_seed_harcnn_34/logs/id_501285d2dcb5/final/run_2025-09-15-06-08-1204fda407.yaml,0.5277777910232544,0.5277777910232544,0.42878982424736023,0.5277777910232544,0.3960943818092346,0.5277777910232544
evaluate_harcnn,id_4d4481957e7c,id_3572748b8323,completed,1,True,id_58b7ba40d9ba,supervised,harcnn,full_finetune_lr3,id_2cb57fb4e55b,multimodal_df,daghar_standardized_balanced,wisdm,test,config_0,multimodal_perc_100,id_c2d68cc99d8f,har,evaluate,full_run,/workspaces/HIAAC-KR-Dev-Container/Minerva-Exps/benchmarks/experiments/paper_daghar_supervised_3runs_perlr_samples_down_seed_harcnn_34/logs/id_4d4481957e7c/final,0002d19db6,/workspaces/HIAAC-KR-Dev-Container/Minerva-Exps/benchmarks/experiments/paper_daghar_supervised_3runs_perlr_samples_down_seed_harcnn_34/logs/id_4d4481957e7c/final/metrics_2025-09-15-06-08-0002d19db6.yaml,/workspaces/HIAAC-KR-Dev-Container/Minerva-Exps/benchmarks/experiments/paper_daghar_supervised_3runs_perlr_samples_down_seed_harcnn_34/logs/id_4d4481957e7c/final/run_2025-09-15-06-08-0002d19db6.yaml,0.8029953837394714,0.8029953837394714,0.8025343418121338,0.8029953837394714,0.802943766117096,0.8029953837394714
evaluate_harcnn,id_4d0be208d927,id_51d13206fac6,completed,1,True,id_6d037d42cfe2,supervised,harcnn,full_finetune_lr4,id_f390297e57d1,multimodal_df,daghar_standardized_balanced,rw_thigh,test,config_0,multimodal_perc_100,id_c2d68cc99d8f,har,evaluate,full_run,/workspaces/HIAAC-KR-Dev-Container/Minerva-Exps/benchmarks/experiments/paper_daghar_supervised_3runs_perlr_samples_down_seed_harcnn_34/logs/id_4d0be208d927/final,54dc7313f8,/workspaces/HIAAC-KR-Dev-Container/Minerva-Exps/benchmarks/experiments/paper_daghar_supervised_3runs_perlr_samples_down_seed_harcnn_34/logs/id_4d0be208d927/final/metrics_2025-09-15-06-07-54dc7313f8.yaml,/workspaces/HIAAC-KR-Dev-Container/Minerva-Exps/benchmarks/experiments/paper_daghar_supervised_3runs_perlr_samples_down_seed_harcnn_34/logs/id_4d0be208d927/final/run_2025-09-15-06-07-54dc7313f8.yaml,0.5093167424201965,0.5093168020248413,0.45969173312187195,0.5093167424201965,0.4681764245033264,0.5093168020248413
evaluate_harcnn,id_54e4fd84a457,id_82a36b5ef21a,completed,1,True,id_58b7ba40d9ba,supervised,harcnn,full_finetune_lr3,id_5365127f28e8,multimodal_df,daghar_standardized_balanced,kuhar,test,config_0,multimodal_perc_100,id_c2d68cc99d8f,har,evaluate,full_run,/workspaces/HIAAC-KR-Dev-Container/Minerva-Exps/benchmarks/experiments/paper_daghar_supervised_3runs_perlr_samples_down_seed_harcnn_34/logs/id_54e4fd84a457/final,28f8725dfc,/workspaces/HIAAC-KR-Dev-Container/Minerva-Exps/benchmarks/experiments/paper_daghar_supervised_3runs_perlr_samples_down_seed_harcnn_34/logs/id_54e4fd84a457/final/metrics_2025-09-15-06-08-28f8725dfc.yaml,/workspaces/HIAAC-KR-Dev-Container/Minerva-Exps/benchmarks/experiments/paper_daghar_supervised_3runs_perlr_samples_down_seed_harcnn_34/logs/id_54e4fd84a457/final/run_2025-09-15-06-08-28f8725dfc.yaml,0.4791666567325592,0.4791666567325592,0.3817012906074524,0.4791666567325592,0.37194281816482544,0.4791666567325592
evaluate_harcnn,id_4d33ad87a6e5,id_e5fcefcc714a,completed,1,True,id_6d037d42cfe2,supervised,harcnn,full_finetune_lr4,id_f390297e57d1,multimodal_df,daghar_standardized_balanced,rw_thigh,test,config_0,multimodal_perc_100,id_c2d68cc99d8f,har,evaluate,full_run,/workspaces/HIAAC-KR-Dev-Container/Minerva-Exps/benchmarks/experiments/paper_daghar_supervised_3runs_perlr_samples_down_seed_harcnn_34/logs/id_4d33ad87a6e5/final,57d6414e3e,/workspaces/HIAAC-KR-Dev-Container/Minerva-Exps/benchmarks/experiments/paper_daghar_supervised_3runs_perlr_samples_down_seed_harcnn_34/logs/id_4d33ad87a6e5/final/metrics_2025-09-15-06-07-57d6414e3e.yaml,/workspaces/HIAAC-KR-Dev-Container/Minerva-Exps/benchmarks/experiments/paper_daghar_supervised_3runs_perlr_samples_down_seed_harcnn_34/logs/id_4d33ad87a6e5/final/run_2025-09-15-06-07-57d6414e3e.yaml,0.415803998708725,0.415803998708725,0.3502543568611145,0.415803998708725,0.3756047785282135,0.415803998708725
evaluate_harcnn,id_4efe66a6638f,id_669072f05c1e,completed,1,True,id_6d037d42cfe2,supervised,harcnn,full_finetune_lr4,id_2cb57fb4e55b,multimodal_df,daghar_standardized_balanced,wisdm,test,config_0,multimodal_perc_100,id_c2d68cc99d8f,har,evaluate,full_run,/workspaces/HIAAC-KR-Dev-Container/Minerva-Exps/benchmarks/experiments/paper_daghar_supervised_3runs_perlr_samples_down_seed_harcnn_34/logs/id_4efe66a6638f/final,06eb19b985,/workspaces/HIAAC-KR-Dev-Container/Minerva-Exps/benchmarks/experiments/paper_daghar_supervised_3runs_perlr_samples_down_seed_harcnn_34/logs/id_4efe66a6638f/final/metrics_2025-09-15-06-08-06eb19b985.yaml,/workspaces/HIAAC-KR-Dev-Container/Minerva-Exps/benchmarks/experiments/paper_daghar_supervised_3runs_perlr_samples_down_seed_harcnn_34/logs/id_4efe66a6638f/final/run_2025-09-15-06-08-06eb19b985.yaml,0.5518433451652527,0.5518433451652527,0.4737418591976166,0.5518433451652527,0.6068179607391357,0.5518432855606079
evaluate_harcnn,id_533a1bfed5c7,id_c505d91deed3,completed,1,True,id_6d037d42cfe2,supervised,harcnn,full_finetune_lr4,id_2cb57fb4e55b,multimodal_df,daghar_standardized_balanced,wisdm,test,config_0,multimodal_perc_100,id_c2d68cc99d8f,har,evaluate,full_run,/workspaces/HIAAC-KR-Dev-Container/Minerva-Exps/benchmarks/experiments/paper_daghar_supervised_3runs_perlr_samples_down_seed_harcnn_34/logs/id_533a1bfed5c7/final,1915f47385,/workspaces/HIAAC-KR-Dev-Container/Minerva-Exps/benchmarks/experiments/paper_daghar_supervised_3runs_perlr_samples_down_seed_harcnn_34/logs/id_533a1bfed5c7/final/metrics_2025-09-15-06-08-1915f47385.yaml,/workspaces/HIAAC-KR-Dev-Container/Minerva-Exps/benchmarks/experiments/paper_daghar_supervised_3runs_perlr_samples_down_seed_harcnn_34/logs/id_533a1bfed5c7/final/run_2025-09-15-06-08-1915f47385.yaml,0.7507680654525757,0.7507680654525757,0.7277250289916992,0.7507680654525757,0.7589611411094666,0.7507680654525757
evaluate_harcnn,id_527637e5d7ea,id_946b3a87a7f7,completed,1,True,id_6d037d42cfe2,supervised,harcnn,full_finetune_lr4,id_f390297e57d1,multimodal_df,daghar_standardized_balanced,rw_thigh,test,config_0,multimodal_perc_100,id_c2d68cc99d8f,har,evaluate,full_run,/workspaces/HIAAC-KR-Dev-Container/Minerva-Exps/benchmarks/experiments/paper_daghar_supervised_3runs_perlr_samples_down_seed_harcnn_34/logs/id_527637e5d7ea/final,17639bfae0,/workspaces/HIAAC-KR-Dev-Container/Minerva-Exps/benchmarks/experiments/paper_daghar_supervised_3runs_perlr_samples_down_seed_harcnn_34/logs/id_527637e5d7ea/final/metrics_2025-09-15-06-08-17639bfae0.yaml,/workspaces/HIAAC-KR-Dev-Container/Minerva-Exps/benchmarks/experiments/paper_daghar_supervised_3runs_perlr_samples_down_seed_harcnn_34/logs/id_527637e5d7ea/final/run_2025-09-15-06-08-17639bfae0.yaml,0.5075914263725281,0.5075914263725281,0.4811581075191498,0.5075914263725281,0.5563808083534241,0.5075914263725281
evaluate_harcnn,id_571a46389d82,id_546e26ec0c39,completed,1,True,id_58b7ba40d9ba,supervised,harcnn,full_finetune_lr3,id_e7f63cc66b02,multimodal_df,daghar_standardized_balanced,motionsense,test,config_0,multimodal_perc_100,id_c2d68cc99d8f,har,evaluate,full_run,/workspaces/HIAAC-KR-Dev-Container/Minerva-Exps/benchmarks/experiments/paper_daghar_supervised_3runs_perlr_samples_down_seed_harcnn_34/logs/id_571a46389d82/final,41f1a25fc2,/workspaces/HIAAC-KR-Dev-Container/Minerva-Exps/benchmarks/experiments/paper_daghar_supervised_3runs_perlr_samples_down_seed_harcnn_34/logs/id_571a46389d82/final/metrics_2025-09-15-06-08-41f1a25fc2.yaml,/workspaces/HIAAC-KR-Dev-Container/Minerva-Exps/benchmarks/experiments/paper_daghar_supervised_3runs_perlr_samples_down_seed_harcnn_34/logs/id_571a46389d82/final/run_2025-09-15-06-08-41f1a25fc2.yaml,0.7476459741592407,0.747645914554596,0.6924631595611572,0.7476459741592407,0.6757514476776123,0.7476459741592407
evaluate_harcnn,id_584a129f22cd,id_c7128692b250,completed,1,True,id_58b7ba40d9ba,supervised,harcnn,full_finetune_lr3,id_e7f63cc66b02,multimodal_df,daghar_standardized_balanced,motionsense,test,config_0,multimodal_perc_100,id_c2d68cc99d8f,har,evaluate,full_run,/workspaces/HIAAC-KR-Dev-Container/Minerva-Exps/benchmarks/experiments/paper_daghar_supervised_3runs_perlr_samples_down_seed_harcnn_34/logs/id_584a129f22cd/final,450ad656e6,/workspaces/HIAAC-KR-Dev-Container/Minerva-Exps/benchmarks/experiments/paper_daghar_supervised_3runs_perlr_samples_down_seed_harcnn_34/logs/id_584a129f22cd/final/metrics_2025-09-15-06-08-450ad656e6.yaml,/workspaces/HIAAC-KR-Dev-Container/Minerva-Exps/benchmarks/experiments/paper_daghar_supervised_3runs_perlr_samples_down_seed_harcnn_34/logs/id_584a129f22cd/final/run_2025-09-15-06-08-450ad656e6.yaml,0.5838041305541992,0.583804190158844,0.4866732060909271,0.5838041305541992,0.6092847585678101,0.5838041305541992
evaluate_harcnn,id_53b5bc999842,id_848141e58bbf,completed,1,True,id_6d037d42cfe2,supervised,harcnn,full_finetune_lr4,id_f390297e57d1,multimodal_df,daghar_standardized_balanced,rw_thigh,test,config_0,multimodal_perc_100,id_c2d68cc99d8f,har,evaluate,full_run,/workspaces/HIAAC-KR-Dev-Container/Minerva-Exps/benchmarks/experiments/paper_daghar_supervised_3runs_perlr_samples_down_seed_harcnn_34/logs/id_53b5bc999842/final,25df1e7eaf,/workspaces/HIAAC-KR-Dev-Container/Minerva-Exps/benchmarks/experiments/paper_daghar_supervised_3runs_perlr_samples_down_seed_harcnn_34/logs/id_53b5bc999842/final/metrics_2025-09-15-06-08-25df1e7eaf.yaml,/workspaces/HIAAC-KR-Dev-Container/Minerva-Exps/benchmarks/experiments/paper_daghar_supervised_3runs_perlr_samples_down_seed_harcnn_34/logs/id_53b5bc999842/final/run_2025-09-15-06-08-25df1e7eaf.yaml,0.6987577676773071,0.6987578272819519,0.6982975602149963,0.6987577676773071,0.7352350950241089,0.6987577080726624
evaluate_harcnn,id_58785faf6539,id_abd9817ab27c,completed,1,True,id_6d037d42cfe2,supervised,harcnn,full_finetune_lr4,id_14a6ecc69dec,multimodal_df,daghar_standardized_balanced,uci,test,config_0,multimodal_perc_100,id_c2d68cc99d8f,har,evaluate,full_run,/workspaces/HIAAC-KR-Dev-Container/Minerva-Exps/benchmarks/experiments/paper_daghar_supervised_3runs_perlr_samples_down_seed_harcnn_34/logs/id_58785faf6539/final,4931ff96f2,/workspaces/HIAAC-KR-Dev-Container/Minerva-Exps/benchmarks/experiments/paper_daghar_supervised_3runs_perlr_samples_down_seed_harcnn_34/logs/id_58785faf6539/final/metrics_2025-09-15-06-08-4931ff96f2.yaml,/workspaces/HIAAC-KR-Dev-Container/Minerva-Exps/benchmarks/experiments/paper_daghar_supervised_3runs_perlr_samples_down_seed_harcnn_34/logs/id_58785faf6539/final/run_2025-09-15-06-08-4931ff96f2.yaml,0.8289855122566223,0.8289855122566223,0.824701726436615,0.8289855122566223,0.8347848653793335,0.8289855718612671
evaluate_harcnn,id_55febb8d53ed,id_22ff693c28e6,completed,1,True,id_58b7ba40d9ba,supervised,harcnn,full_finetune_lr3,id_b1f5143574a1,multimodal_df,daghar_standardized_balanced,rw_waist,test,config_0,multimodal_perc_100,id_c2d68cc99d8f,har,evaluate,full_run,/workspaces/HIAAC-KR-Dev-Container/Minerva-Exps/benchmarks/experiments/paper_daghar_supervised_3runs_perlr_samples_down_seed_harcnn_34/logs/id_55febb8d53ed/final,39b09ab60a,/workspaces/HIAAC-KR-Dev-Container/Minerva-Exps/benchmarks/experiments/paper_daghar_supervised_3runs_perlr_samples_down_seed_harcnn_34/logs/id_55febb8d53ed/final/metrics_2025-09-15-06-08-39b09ab60a.yaml,/workspaces/HIAAC-KR-Dev-Container/Minerva-Exps/benchmarks/experiments/paper_daghar_supervised_3runs_perlr_samples_down_seed_harcnn_34/logs/id_55febb8d53ed/final/run_2025-09-15-06-08-39b09ab60a.yaml,0.4305555522441864,0.4305555522441864,0.3144141733646393,0.4305555522441864,0.3345874845981598,0.430555522441864
evaluate_harcnn,id_5b65d5ad5d6e,id_bbbe1de23d33,completed,1,True,id_6d037d42cfe2,supervised,harcnn,full_finetune_lr4,id_e7f63cc66b02,multimodal_df,daghar_standardized_balanced,motionsense,test,config_0,multimodal_perc_100,id_c2d68cc99d8f,har,evaluate,full_run,/workspaces/HIAAC-KR-Dev-Container/Minerva-Exps/benchmarks/experiments/paper_daghar_supervised_3runs_perlr_samples_down_seed_harcnn_34/logs/id_5b65d5ad5d6e/final,597b7bb302,/workspaces/HIAAC-KR-Dev-Container/Minerva-Exps/benchmarks/experiments/paper_daghar_supervised_3runs_perlr_samples_down_seed_harcnn_34/logs/id_5b65d5ad5d6e/final/metrics_2025-09-15-06-08-597b7bb302.yaml,/workspaces/HIAAC-KR-Dev-Container/Minerva-Exps/benchmarks/experiments/paper_daghar_supervised_3runs_perlr_samples_down_seed_harcnn_34/logs/id_5b65d5ad5d6e/final/run_2025-09-15-06-08-597b7bb302.yaml,0.8333333134651184,0.8333333134651184,0.8251689076423645,0.8333333134651184,0.8581068515777588,0.8333333134651184
evaluate_harcnn,id_5e09e9a8a535,id_dc68ac4d7d60,completed,1,True,id_58b7ba40d9ba,supervised,harcnn,full_finetune_lr3,id_14a6ecc69dec,multimodal_df,daghar_standardized_balanced,uci,test,config_0,multimodal_perc_100,id_c2d68cc99d8f,har,evaluate,full_run,/workspaces/HIAAC-KR-Dev-Container/Minerva-Exps/benchmarks/experiments/paper_daghar_supervised_3runs_perlr_samples_down_seed_harcnn_34/logs/id_5e09e9a8a535/final,089746209a,/workspaces/HIAAC-KR-Dev-Container/Minerva-Exps/benchmarks/experiments/paper_daghar_supervised_3runs_perlr_samples_down_seed_harcnn_34/logs/id_5e09e9a8a535/final/metrics_2025-09-15-06-09-089746209a.yaml,/workspaces/HIAAC-KR-Dev-Container/Minerva-Exps/benchmarks/experiments/paper_daghar_supervised_3runs_perlr_samples_down_seed_harcnn_34/logs/id_5e09e9a8a535/final/run_2025-09-15-06-09-089746209a.yaml,0.5753623247146606,0.5753623247146606,0.49701595306396484,0.5753623247146606,0.4938209354877472,0.5753623843193054
evaluate_harcnn,id_5da93b4dce80,id_22debac6b843,completed,1,True,id_58b7ba40d9ba,supervised,harcnn,full_finetune_lr3,id_14a6ecc69dec,multimodal_df,daghar_standardized_balanced,uci,test,config_0,multimodal_perc_100,id_c2d68cc99d8f,har,evaluate,full_run,/workspaces/HIAAC-KR-Dev-Container/Minerva-Exps/benchmarks/experiments/paper_daghar_supervised_3runs_perlr_samples_down_seed_harcnn_34/logs/id_5da93b4dce80/final,08e74720b1,/workspaces/HIAAC-KR-Dev-Container/Minerva-Exps/benchmarks/experiments/paper_daghar_supervised_3runs_perlr_samples_down_seed_harcnn_34/logs/id_5da93b4dce80/final/metrics_2025-09-15-06-09-08e74720b1.yaml,/workspaces/HIAAC-KR-Dev-Container/Minerva-Exps/benchmarks/experiments/paper_daghar_supervised_3runs_perlr_samples_down_seed_harcnn_34/logs/id_5da93b4dce80/final/run_2025-09-15-06-09-08e74720b1.yaml,0.678260862827301,0.678260862827301,0.6127567887306213,0.678260862827301,0.5890783071517944,0.678260862827301
evaluate_harcnn,id_5745bda75d52,id_bd4f12468d71,completed,1,True,id_6d037d42cfe2,supervised,harcnn,full_finetune_lr4,id_f390297e57d1,multimodal_df,daghar_standardized_balanced,rw_thigh,test,config_0,multimodal_perc_100,id_c2d68cc99d8f,har,evaluate,full_run,/workspaces/HIAAC-KR-Dev-Container/Minerva-Exps/benchmarks/experiments/paper_daghar_supervised_3runs_perlr_samples_down_seed_harcnn_34/logs/id_5745bda75d52/final,444d2a64f5,/workspaces/HIAAC-KR-Dev-Container/Minerva-Exps/benchmarks/experiments/paper_daghar_supervised_3runs_perlr_samples_down_seed_harcnn_34/logs/id_5745bda75d52/final/metrics_2025-09-15-06-08-444d2a64f5.yaml,/workspaces/HIAAC-KR-Dev-Container/Minerva-Exps/benchmarks/experiments/paper_daghar_supervised_3runs_perlr_samples_down_seed_harcnn_34/logs/id_5745bda75d52/final/run_2025-09-15-06-08-444d2a64f5.yaml,0.5631470084190369,0.5631470084190369,0.5455904006958008,0.5631470084190369,0.5987042188644409,0.5631470084190369
evaluate_harcnn,id_5cf8a8808b63,id_3a1d6181fdef,completed,1,True,id_6d037d42cfe2,supervised,harcnn,full_finetune_lr4,id_2cb57fb4e55b,multimodal_df,daghar_standardized_balanced,wisdm,test,config_0,multimodal_perc_100,id_c2d68cc99d8f,har,evaluate,full_run,/workspaces/HIAAC-KR-Dev-Container/Minerva-Exps/benchmarks/experiments/paper_daghar_supervised_3runs_perlr_samples_down_seed_harcnn_34/logs/id_5cf8a8808b63/final,01ade36121,/workspaces/HIAAC-KR-Dev-Container/Minerva-Exps/benchmarks/experiments/paper_daghar_supervised_3runs_perlr_samples_down_seed_harcnn_34/logs/id_5cf8a8808b63/final/metrics_2025-09-15-06-09-01ade36121.yaml,/workspaces/HIAAC-KR-Dev-Container/Minerva-Exps/benchmarks/experiments/paper_daghar_supervised_3runs_perlr_samples_down_seed_harcnn_34/logs/id_5cf8a8808b63/final/run_2025-09-15-06-09-01ade36121.yaml,0.8698156476020813,0.8698157072067261,0.8696630001068115,0.8698156476020813,0.8695628643035889,0.8698157072067261
evaluate_harcnn,id_6165e7a1dc10,id_b67c1aba148c,completed,1,True,id_6d037d42cfe2,supervised,harcnn,full_finetune_lr4,id_14a6ecc69dec,multimodal_df,daghar_standardized_balanced,uci,test,config_0,multimodal_perc_100,id_c2d68cc99d8f,har,evaluate,full_run,/workspaces/HIAAC-KR-Dev-Container/Minerva-Exps/benchmarks/experiments/paper_daghar_supervised_3runs_perlr_samples_down_seed_harcnn_34/logs/id_6165e7a1dc10/final,221799dafb,/workspaces/HIAAC-KR-Dev-Container/Minerva-Exps/benchmarks/experiments/paper_daghar_supervised_3runs_perlr_samples_down_seed_harcnn_34/logs/id_6165e7a1dc10/final/metrics_2025-09-15-06-09-221799dafb.yaml,/workspaces/HIAAC-KR-Dev-Container/Minerva-Exps/benchmarks/experiments/paper_daghar_supervised_3runs_perlr_samples_down_seed_harcnn_34/logs/id_6165e7a1dc10/final/run_2025-09-15-06-09-221799dafb.yaml,0.4318840503692627,0.4318840503692627,0.3828374743461609,0.4318840503692627,0.4038926064968109,0.43188410997390747
evaluate_harcnn,id_5ec8334c2fc3,id_1905ae1059a0,completed,1,True,id_58b7ba40d9ba,supervised,harcnn,full_finetune_lr3,id_e7f63cc66b02,multimodal_df,daghar_standardized_balanced,motionsense,test,config_0,multimodal_perc_100,id_c2d68cc99d8f,har,evaluate,full_run,/workspaces/HIAAC-KR-Dev-Container/Minerva-Exps/benchmarks/experiments/paper_daghar_supervised_3runs_perlr_samples_down_seed_harcnn_34/logs/id_5ec8334c2fc3/final,22a08fb470,/workspaces/HIAAC-KR-Dev-Container/Minerva-Exps/benchmarks/experiments/paper_daghar_supervised_3runs_perlr_samples_down_seed_harcnn_34/logs/id_5ec8334c2fc3/final/metrics_2025-09-15-06-09-22a08fb470.yaml,/workspaces/HIAAC-KR-Dev-Container/Minerva-Exps/benchmarks/experiments/paper_daghar_supervised_3runs_perlr_samples_down_seed_harcnn_34/logs/id_5ec8334c2fc3/final/run_2025-09-15-06-09-22a08fb470.yaml,0.8427495360374451,0.8427495360374451,0.8279757499694824,0.8427495360374451,0.887090802192688,0.8427495360374451
evaluate_harcnn,id_62234b4508be,id_8885bbd02788,completed,1,True,id_58b7ba40d9ba,supervised,harcnn,full_finetune_lr3,id_14a6ecc69dec,multimodal_df,daghar_standardized_balanced,uci,test,config_0,multimodal_perc_100,id_c2d68cc99d8f,har,evaluate,full_run,/workspaces/HIAAC-KR-Dev-Container/Minerva-Exps/benchmarks/experiments/paper_daghar_supervised_3runs_perlr_samples_down_seed_harcnn_34/logs/id_62234b4508be/final,290e0ea18d,/workspaces/HIAAC-KR-Dev-Container/Minerva-Exps/benchmarks/experiments/paper_daghar_supervised_3runs_perlr_samples_down_seed_harcnn_34/logs/id_62234b4508be/final/metrics_2025-09-15-06-09-290e0ea18d.yaml,/workspaces/HIAAC-KR-Dev-Container/Minerva-Exps/benchmarks/experiments/paper_daghar_supervised_3runs_perlr_samples_down_seed_harcnn_34/logs/id_62234b4508be/final/run_2025-09-15-06-09-290e0ea18d.yaml,0.821739137172699,0.8217391967773438,0.7962311506271362,0.821739137172699,0.8589262962341309,0.821739137172699
evaluate_harcnn,id_5d7cd83971ca,id_4e5f107170f6,completed,1,True,id_6d037d42cfe2,supervised,harcnn,full_finetune_lr4,id_f390297e57d1,multimodal_df,daghar_standardized_balanced,rw_thigh,test,config_0,multimodal_perc_100,id_c2d68cc99d8f,har,evaluate,full_run,/workspaces/HIAAC-KR-Dev-Container/Minerva-Exps/benchmarks/experiments/paper_daghar_supervised_3runs_perlr_samples_down_seed_harcnn_34/logs/id_5d7cd83971ca/final,05ef2201d2,/workspaces/HIAAC-KR-Dev-Container/Minerva-Exps/benchmarks/experiments/paper_daghar_supervised_3runs_perlr_samples_down_seed_harcnn_34/logs/id_5d7cd83971ca/final/metrics_2025-09-15-06-09-05ef2201d2.yaml,/workspaces/HIAAC-KR-Dev-Container/Minerva-Exps/benchmarks/experiments/paper_daghar_supervised_3runs_perlr_samples_down_seed_harcnn_34/logs/id_5d7cd83971ca/final/run_2025-09-15-06-09-05ef2201d2.yaml,0.6780538558959961,0.6780538558959961,0.6904946565628052,0.6780538558959961,0.7196223735809326,0.6780538558959961
evaluate_harcnn,id_5e1ca2543268,id_cff2116810b0,completed,1,True,id_58b7ba40d9ba,supervised,harcnn,full_finetune_lr3,id_f390297e57d1,multimodal_df,daghar_standardized_balanced,rw_thigh,test,config_0,multimodal_perc_100,id_c2d68cc99d8f,har,evaluate,full_run,/workspaces/HIAAC-KR-Dev-Container/Minerva-Exps/benchmarks/experiments/paper_daghar_supervised_3runs_perlr_samples_down_seed_harcnn_34/logs/id_5e1ca2543268/final,08f047ce70,/workspaces/HIAAC-KR-Dev-Container/Minerva-Exps/benchmarks/experiments/paper_daghar_supervised_3runs_perlr_samples_down_seed_harcnn_34/logs/id_5e1ca2543268/final/metrics_2025-09-15-06-09-08f047ce70.yaml,/workspaces/HIAAC-KR-Dev-Container/Minerva-Exps/benchmarks/experiments/paper_daghar_supervised_3runs_perlr_samples_down_seed_harcnn_34/logs/id_5e1ca2543268/final/run_2025-09-15-06-09-08f047ce70.yaml,0.46756383776664734,0.46756383776664734,0.45984575152397156,0.46756383776664734,0.4978593587875366,0.46756383776664734
evaluate_harcnn,id_6316fb37da06,id_04f2049ddbc2,completed,1,True,id_6d037d42cfe2,supervised,harcnn,full_finetune_lr4,id_e7f63cc66b02,multimodal_df,daghar_standardized_balanced,motionsense,test,config_0,multimodal_perc_100,id_c2d68cc99d8f,har,evaluate,full_run,/workspaces/HIAAC-KR-Dev-Container/Minerva-Exps/benchmarks/experiments/paper_daghar_supervised_3runs_perlr_samples_down_seed_harcnn_34/logs/id_6316fb37da06/final,32407da8cd,/workspaces/HIAAC-KR-Dev-Container/Minerva-Exps/benchmarks/experiments/paper_daghar_supervised_3runs_perlr_samples_down_seed_harcnn_34/logs/id_6316fb37da06/final/metrics_2025-09-15-06-09-32407da8cd.yaml,/workspaces/HIAAC-KR-Dev-Container/Minerva-Exps/benchmarks/experiments/paper_daghar_supervised_3runs_perlr_samples_down_seed_harcnn_34/logs/id_6316fb37da06/final/run_2025-09-15-06-09-32407da8cd.yaml,0.7919020652770996,0.7919020652770996,0.7892337441444397,0.7919020652770996,0.8014497756958008,0.7919020056724548
evaluate_harcnn,id_63d2d1573ea5,id_bce96c5513f0,completed,1,True,id_6d037d42cfe2,supervised,harcnn,full_finetune_lr4,id_14a6ecc69dec,multimodal_df,daghar_standardized_balanced,uci,test,config_0,multimodal_perc_100,id_c2d68cc99d8f,har,evaluate,full_run,/workspaces/HIAAC-KR-Dev-Container/Minerva-Exps/benchmarks/experiments/paper_daghar_supervised_3runs_perlr_samples_down_seed_harcnn_34/logs/id_63d2d1573ea5/final,397eb9166e,/workspaces/HIAAC-KR-Dev-Container/Minerva-Exps/benchmarks/experiments/paper_daghar_supervised_3runs_perlr_samples_down_seed_harcnn_34/logs/id_63d2d1573ea5/final/metrics_2025-09-15-06-09-397eb9166e.yaml,/workspaces/HIAAC-KR-Dev-Container/Minerva-Exps/benchmarks/experiments/paper_daghar_supervised_3runs_perlr_samples_down_seed_harcnn_34/logs/id_63d2d1573ea5/final/run_2025-09-15-06-09-397eb9166e.yaml,0.6724637746810913,0.6724637746810913,0.6077246069908142,0.6724637746810913,0.6851451396942139,0.6724637746810913
evaluate_harcnn,id_6492b6fc749f,id_6ef9394d1742,completed,1,True,id_58b7ba40d9ba,supervised,harcnn,full_finetune_lr3,id_14a6ecc69dec,multimodal_df,daghar_standardized_balanced,uci,test,config_0,multimodal_perc_100,id_c2d68cc99d8f,har,evaluate,full_run,/workspaces/HIAAC-KR-Dev-Container/Minerva-Exps/benchmarks/experiments/paper_daghar_supervised_3runs_perlr_samples_down_seed_harcnn_34/logs/id_6492b6fc749f/final,4383babb27,/workspaces/HIAAC-KR-Dev-Container/Minerva-Exps/benchmarks/experiments/paper_daghar_supervised_3runs_perlr_samples_down_seed_harcnn_34/logs/id_6492b6fc749f/final/metrics_2025-09-15-06-09-4383babb27.yaml,/workspaces/HIAAC-KR-Dev-Container/Minerva-Exps/benchmarks/experiments/paper_daghar_supervised_3runs_perlr_samples_down_seed_harcnn_34/logs/id_6492b6fc749f/final/run_2025-09-15-06-09-4383babb27.yaml,0.7971014380455017,0.7971014976501465,0.7407512664794922,0.7971014380455017,0.8921898007392883,0.7971014976501465
evaluate_harcnn,id_667922d05ab5,id_7907b0d0efc3,completed,1,True,id_6d037d42cfe2,supervised,harcnn,full_finetune_lr4,id_5365127f28e8,multimodal_df,daghar_standardized_balanced,kuhar,test,config_0,multimodal_perc_100,id_c2d68cc99d8f,har,evaluate,full_run,/workspaces/HIAAC-KR-Dev-Container/Minerva-Exps/benchmarks/experiments/paper_daghar_supervised_3runs_perlr_samples_down_seed_harcnn_34/logs/id_667922d05ab5/final,47ef4beb28,/workspaces/HIAAC-KR-Dev-Container/Minerva-Exps/benchmarks/experiments/paper_daghar_supervised_3runs_perlr_samples_down_seed_harcnn_34/logs/id_667922d05ab5/final/metrics_2025-09-15-06-09-47ef4beb28.yaml,/workspaces/HIAAC-KR-Dev-Container/Minerva-Exps/benchmarks/experiments/paper_daghar_supervised_3runs_perlr_samples_down_seed_harcnn_34/logs/id_667922d05ab5/final/run_2025-09-15-06-09-47ef4beb28.yaml,0.6041666865348816,0.6041666269302368,0.5364646911621094,0.6041666865348816,0.5387205481529236,0.6041666865348816
evaluate_harcnn,id_66cd6cb371bd,id_a1365863e361,completed,1,True,id_58b7ba40d9ba,supervised,harcnn,full_finetune_lr3,id_e7f63cc66b02,multimodal_df,daghar_standardized_balanced,motionsense,test,config_0,multimodal_perc_100,id_c2d68cc99d8f,har,evaluate,full_run,/workspaces/HIAAC-KR-Dev-Container/Minerva-Exps/benchmarks/experiments/paper_daghar_supervised_3runs_perlr_samples_down_seed_harcnn_34/logs/id_66cd6cb371bd/final,4868e3c9e6,/workspaces/HIAAC-KR-Dev-Container/Minerva-Exps/benchmarks/experiments/paper_daghar_supervised_3runs_perlr_samples_down_seed_harcnn_34/logs/id_66cd6cb371bd/final/metrics_2025-09-15-06-09-4868e3c9e6.yaml,/workspaces/HIAAC-KR-Dev-Container/Minerva-Exps/benchmarks/experiments/paper_daghar_supervised_3runs_perlr_samples_down_seed_harcnn_34/logs/id_66cd6cb371bd/final/run_2025-09-15-06-09-4868e3c9e6.yaml,0.7156308889389038,0.715630829334259,0.6620543003082275,0.7156308889389038,0.7274255752563477,0.7156309485435486
evaluate_harcnn,id_62c146a68673,id_9a1cd4027d36,completed,1,True,id_58b7ba40d9ba,supervised,harcnn,full_finetune_lr3,id_f390297e57d1,multimodal_df,daghar_standardized_balanced,rw_thigh,test,config_0,multimodal_perc_100,id_c2d68cc99d8f,har,evaluate,full_run,/workspaces/HIAAC-KR-Dev-Container/Minerva-Exps/benchmarks/experiments/paper_daghar_supervised_3runs_perlr_samples_down_seed_harcnn_34/logs/id_62c146a68673/final,3127fecc63,/workspaces/HIAAC-KR-Dev-Container/Minerva-Exps/benchmarks/experiments/paper_daghar_supervised_3runs_perlr_samples_down_seed_harcnn_34/logs/id_62c146a68673/final/metrics_2025-09-15-06-09-3127fecc63.yaml,/workspaces/HIAAC-KR-Dev-Container/Minerva-Exps/benchmarks/experiments/paper_daghar_supervised_3runs_perlr_samples_down_seed_harcnn_34/logs/id_62c146a68673/final/run_2025-09-15-06-09-3127fecc63.yaml,0.7111801505088806,0.7111801505088806,0.6843712329864502,0.7111801505088806,0.7589547634124756,0.7111800909042358
evaluate_harcnn,id_65b85d53ffa7,id_cd174348f8ff,completed,1,True,id_6d037d42cfe2,supervised,harcnn,full_finetune_lr4,id_b1f5143574a1,multimodal_df,daghar_standardized_balanced,rw_waist,test,config_0,multimodal_perc_100,id_c2d68cc99d8f,har,evaluate,full_run,/workspaces/HIAAC-KR-Dev-Container/Minerva-Exps/benchmarks/experiments/paper_daghar_supervised_3runs_perlr_samples_down_seed_harcnn_34/logs/id_65b85d53ffa7/final,454ceb7932,/workspaces/HIAAC-KR-Dev-Container/Minerva-Exps/benchmarks/experiments/paper_daghar_supervised_3runs_perlr_samples_down_seed_harcnn_34/logs/id_65b85d53ffa7/final/metrics_2025-09-15-06-09-454ceb7932.yaml,/workspaces/HIAAC-KR-Dev-Container/Minerva-Exps/benchmarks/experiments/paper_daghar_supervised_3runs_perlr_samples_down_seed_harcnn_34/logs/id_65b85d53ffa7/final/run_2025-09-15-06-09-454ceb7932.yaml,0.452160507440567,0.45216047763824463,0.4158899784088135,0.452160507440567,0.45667678117752075,0.45216047763824463
evaluate_harcnn,id_67320c680592,id_de90610aff7f,completed,1,True,id_58b7ba40d9ba,supervised,harcnn,full_finetune_lr3,id_f390297e57d1,multimodal_df,daghar_standardized_balanced,rw_thigh,test,config_0,multimodal_perc_100,id_c2d68cc99d8f,har,evaluate,full_run,/workspaces/HIAAC-KR-Dev-Container/Minerva-Exps/benchmarks/experiments/paper_daghar_supervised_3runs_perlr_samples_down_seed_harcnn_34/logs/id_67320c680592/final,53f2aa6a46,/workspaces/HIAAC-KR-Dev-Container/Minerva-Exps/benchmarks/experiments/paper_daghar_supervised_3runs_perlr_samples_down_seed_harcnn_34/logs/id_67320c680592/final/metrics_2025-09-15-06-09-53f2aa6a46.yaml,/workspaces/HIAAC-KR-Dev-Container/Minerva-Exps/benchmarks/experiments/paper_daghar_supervised_3runs_perlr_samples_down_seed_harcnn_34/logs/id_67320c680592/final/run_2025-09-15-06-09-53f2aa6a46.yaml,0.6849551200866699,0.6849551200866699,0.6922115683555603,0.6849551200866699,0.7256312370300293,0.6849551200866699
evaluate_harcnn,id_68da72f546cd,id_1c7080f6e4df,completed,1,True,id_58b7ba40d9ba,supervised,harcnn,full_finetune_lr3,id_2cb57fb4e55b,multimodal_df,daghar_standardized_balanced,wisdm,test,config_0,multimodal_perc_100,id_c2d68cc99d8f,har,evaluate,full_run,/workspaces/HIAAC-KR-Dev-Container/Minerva-Exps/benchmarks/experiments/paper_daghar_supervised_3runs_perlr_samples_down_seed_harcnn_34/logs/id_68da72f546cd/final,56c0f882db,/workspaces/HIAAC-KR-Dev-Container/Minerva-Exps/benchmarks/experiments/paper_daghar_supervised_3runs_perlr_samples_down_seed_harcnn_34/logs/id_68da72f546cd/final/metrics_2025-09-15-06-09-56c0f882db.yaml,/workspaces/HIAAC-KR-Dev-Container/Minerva-Exps/benchmarks/experiments/paper_daghar_supervised_3runs_perlr_samples_down_seed_harcnn_34/logs/id_68da72f546cd/final/run_2025-09-15-06-09-56c0f882db.yaml,0.7423195242881775,0.7423195242881775,0.6630151271820068,0.7423195242881775,0.7318379878997803,0.7423195242881775
evaluate_harcnn,id_6c19ca66af84,id_eed09df7c64a,completed,1,True,id_58b7ba40d9ba,supervised,harcnn,full_finetune_lr3,id_2cb57fb4e55b,multimodal_df,daghar_standardized_balanced,wisdm,test,config_0,multimodal_perc_100,id_c2d68cc99d8f,har,evaluate,full_run,/workspaces/HIAAC-KR-Dev-Container/Minerva-Exps/benchmarks/experiments/paper_daghar_supervised_3runs_perlr_samples_down_seed_harcnn_34/logs/id_6c19ca66af84/final,03ce027d51,/workspaces/HIAAC-KR-Dev-Container/Minerva-Exps/benchmarks/experiments/paper_daghar_supervised_3runs_perlr_samples_down_seed_harcnn_34/logs/id_6c19ca66af84/final/metrics_2025-09-15-06-10-03ce027d51.yaml,/workspaces/HIAAC-KR-Dev-Container/Minerva-Exps/benchmarks/experiments/paper_daghar_supervised_3runs_perlr_samples_down_seed_harcnn_34/logs/id_6c19ca66af84/final/run_2025-09-15-06-10-03ce027d51.yaml,0.710829496383667,0.710829496383667,0.6277604103088379,0.710829496383667,0.5886794328689575,0.710829496383667
evaluate_harcnn,id_6a2a741dfec3,id_9a5ec1e46c0d,completed,1,True,id_6d037d42cfe2,supervised,harcnn,full_finetune_lr4,id_2cb57fb4e55b,multimodal_df,daghar_standardized_balanced,wisdm,test,config_0,multimodal_perc_100,id_c2d68cc99d8f,har,evaluate,full_run,/workspaces/HIAAC-KR-Dev-Container/Minerva-Exps/benchmarks/experiments/paper_daghar_supervised_3runs_perlr_samples_down_seed_harcnn_34/logs/id_6a2a741dfec3/final,0056ba9d66,/workspaces/HIAAC-KR-Dev-Container/Minerva-Exps/benchmarks/experiments/paper_daghar_supervised_3runs_perlr_samples_down_seed_harcnn_34/logs/id_6a2a741dfec3/final/metrics_2025-09-15-06-10-0056ba9d66.yaml,/workspaces/HIAAC-KR-Dev-Container/Minerva-Exps/benchmarks/experiments/paper_daghar_supervised_3runs_perlr_samples_down_seed_harcnn_34/logs/id_6a2a741dfec3/final/run_2025-09-15-06-10-0056ba9d66.yaml,0.7188940048217773,0.7188940048217773,0.6439206600189209,0.7188940048217773,0.7438978552818298,0.7188940048217773
evaluate_harcnn,id_6c7d66a20d11,id_9fac9a05b066,completed,1,True,id_6d037d42cfe2,supervised,harcnn,full_finetune_lr4,id_b1f5143574a1,multimodal_df,daghar_standardized_balanced,rw_waist,test,config_0,multimodal_perc_100,id_c2d68cc99d8f,har,evaluate,full_run,/workspaces/HIAAC-KR-Dev-Container/Minerva-Exps/benchmarks/experiments/paper_daghar_supervised_3runs_perlr_samples_down_seed_harcnn_34/logs/id_6c7d66a20d11/final,039e816dc8,/workspaces/HIAAC-KR-Dev-Container/Minerva-Exps/benchmarks/experiments/paper_daghar_supervised_3runs_perlr_samples_down_seed_harcnn_34/logs/id_6c7d66a20d11/final/metrics_2025-09-15-06-10-039e816dc8.yaml,/workspaces/HIAAC-KR-Dev-Container/Minerva-Exps/benchmarks/experiments/paper_daghar_supervised_3runs_perlr_samples_down_seed_harcnn_34/logs/id_6c7d66a20d11/final/run_2025-09-15-06-10-039e816dc8.yaml,0.6327160596847534,0.6327160596847534,0.6294504404067993,0.6327160596847534,0.6620645523071289,0.6327160596847534
evaluate_harcnn,id_6e68a71216ac,id_760a8420de55,completed,1,True,id_58b7ba40d9ba,supervised,harcnn,full_finetune_lr3,id_2cb57fb4e55b,multimodal_df,daghar_standardized_balanced,wisdm,test,config_0,multimodal_perc_100,id_c2d68cc99d8f,har,evaluate,full_run,/workspaces/HIAAC-KR-Dev-Container/Minerva-Exps/benchmarks/experiments/paper_daghar_supervised_3runs_perlr_samples_down_seed_harcnn_34/logs/id_6e68a71216ac/final,12e5300031,/workspaces/HIAAC-KR-Dev-Container/Minerva-Exps/benchmarks/experiments/paper_daghar_supervised_3runs_perlr_samples_down_seed_harcnn_34/logs/id_6e68a71216ac/final/metrics_2025-09-15-06-10-12e5300031.yaml,/workspaces/HIAAC-KR-Dev-Container/Minerva-Exps/benchmarks/experiments/paper_daghar_supervised_3runs_perlr_samples_down_seed_harcnn_34/logs/id_6e68a71216ac/final/run_2025-09-15-06-10-12e5300031.yaml,0.867511510848999,0.867511510848999,0.8669440150260925,0.867511510848999,0.8702115416526794,0.867511510848999
evaluate_harcnn,id_6f11688b2d5a,id_33193b98cf65,completed,1,True,id_58b7ba40d9ba,supervised,harcnn,full_finetune_lr3,id_f390297e57d1,multimodal_df,daghar_standardized_balanced,rw_thigh,test,config_0,multimodal_perc_100,id_c2d68cc99d8f,har,evaluate,full_run,/workspaces/HIAAC-KR-Dev-Container/Minerva-Exps/benchmarks/experiments/paper_daghar_supervised_3runs_perlr_samples_down_seed_harcnn_34/logs/id_6f11688b2d5a/final,139897b212,/workspaces/HIAAC-KR-Dev-Container/Minerva-Exps/benchmarks/experiments/paper_daghar_supervised_3runs_perlr_samples_down_seed_harcnn_34/logs/id_6f11688b2d5a/final/metrics_2025-09-15-06-10-139897b212.yaml,/workspaces/HIAAC-KR-Dev-Container/Minerva-Exps/benchmarks/experiments/paper_daghar_supervised_3runs_perlr_samples_down_seed_harcnn_34/logs/id_6f11688b2d5a/final/run_2025-09-15-06-10-139897b212.yaml,0.7094547748565674,0.7094547748565674,0.6641625165939331,0.7094547748565674,0.657772958278656,0.7094547748565674
evaluate_harcnn,id_70ff1ce0fbb9,id_9f6b3ae91456,completed,1,True,id_58b7ba40d9ba,supervised,harcnn,full_finetune_lr3,id_e7f63cc66b02,multimodal_df,daghar_standardized_balanced,motionsense,test,config_0,multimodal_perc_100,id_c2d68cc99d8f,har,evaluate,full_run,/workspaces/HIAAC-KR-Dev-Container/Minerva-Exps/benchmarks/experiments/paper_daghar_supervised_3runs_perlr_samples_down_seed_harcnn_34/logs/id_70ff1ce0fbb9/final,36b372f23c,/workspaces/HIAAC-KR-Dev-Container/Minerva-Exps/benchmarks/experiments/paper_daghar_supervised_3runs_perlr_samples_down_seed_harcnn_34/logs/id_70ff1ce0fbb9/final/metrics_2025-09-15-06-10-36b372f23c.yaml,/workspaces/HIAAC-KR-Dev-Container/Minerva-Exps/benchmarks/experiments/paper_daghar_supervised_3runs_perlr_samples_down_seed_harcnn_34/logs/id_70ff1ce0fbb9/final/run_2025-09-15-06-10-36b372f23c.yaml,0.4792843759059906,0.4792843759059906,0.34047266840934753,0.4792843759059906,0.2852402627468109,0.4792843461036682
evaluate_harcnn,id_73f12d793d76,id_117a5cdc4365,completed,1,True,id_6d037d42cfe2,supervised,harcnn,full_finetune_lr4,id_e7f63cc66b02,multimodal_df,daghar_standardized_balanced,motionsense,test,config_0,multimodal_perc_100,id_c2d68cc99d8f,har,evaluate,full_run,/workspaces/HIAAC-KR-Dev-Container/Minerva-Exps/benchmarks/experiments/paper_daghar_supervised_3runs_perlr_samples_down_seed_harcnn_34/logs/id_73f12d793d76/final,427e3a5e27,/workspaces/HIAAC-KR-Dev-Container/Minerva-Exps/benchmarks/experiments/paper_daghar_supervised_3runs_perlr_samples_down_seed_harcnn_34/logs/id_73f12d793d76/final/metrics_2025-09-15-06-10-427e3a5e27.yaml,/workspaces/HIAAC-KR-Dev-Container/Minerva-Exps/benchmarks/experiments/paper_daghar_supervised_3runs_perlr_samples_down_seed_harcnn_34/logs/id_73f12d793d76/final/run_2025-09-15-06-10-427e3a5e27.yaml,0.8135592937469482,0.8135592937469482,0.77655029296875,0.8135592937469482,0.8710159659385681,0.813559353351593
evaluate_harcnn,id_74abe8274267,id_cee5451f3518,completed,1,True,id_6d037d42cfe2,supervised,harcnn,full_finetune_lr4,id_14a6ecc69dec,multimodal_df,daghar_standardized_balanced,uci,test,config_0,multimodal_perc_100,id_c2d68cc99d8f,har,evaluate,full_run,/workspaces/HIAAC-KR-Dev-Container/Minerva-Exps/benchmarks/experiments/paper_daghar_supervised_3runs_perlr_samples_down_seed_harcnn_34/logs/id_74abe8274267/final,44a07cd499,/workspaces/HIAAC-KR-Dev-Container/Minerva-Exps/benchmarks/experiments/paper_daghar_supervised_3runs_perlr_samples_down_seed_harcnn_34/logs/id_74abe8274267/final/metrics_2025-09-15-06-10-44a07cd499.yaml,/workspaces/HIAAC-KR-Dev-Container/Minerva-Exps/benchmarks/experiments/paper_daghar_supervised_3runs_perlr_samples_down_seed_harcnn_34/logs/id_74abe8274267/final/run_2025-09-15-06-10-44a07cd499.yaml,0.5449275374412537,0.5449275374412537,0.4820646643638611,0.5449275374412537,0.5222866535186768,0.5449275374412537
evaluate_harcnn,id_7006245eb7e7,id_46d412353fbe,completed,1,True,id_58b7ba40d9ba,supervised,harcnn,full_finetune_lr3,id_2cb57fb4e55b,multimodal_df,daghar_standardized_balanced,wisdm,test,config_0,multimodal_perc_100,id_c2d68cc99d8f,har,evaluate,full_run,/workspaces/HIAAC-KR-Dev-Container/Minerva-Exps/benchmarks/experiments/paper_daghar_supervised_3runs_perlr_samples_down_seed_harcnn_34/logs/id_7006245eb7e7/final,28b0d139e7,/workspaces/HIAAC-KR-Dev-Container/Minerva-Exps/benchmarks/experiments/paper_daghar_supervised_3runs_perlr_samples_down_seed_harcnn_34/logs/id_7006245eb7e7/final/metrics_2025-09-15-06-10-28b0d139e7.yaml,/workspaces/HIAAC-KR-Dev-Container/Minerva-Exps/benchmarks/experiments/paper_daghar_supervised_3runs_perlr_samples_down_seed_harcnn_34/logs/id_7006245eb7e7/final/run_2025-09-15-06-10-28b0d139e7.yaml,0.7319508194923401,0.7319508790969849,0.6510114669799805,0.7319508194923401,0.6137629151344299,0.7319508790969849
evaluate_harcnn,id_755a804bc0d8,id_ed7aea97a331,completed,1,True,id_58b7ba40d9ba,supervised,harcnn,full_finetune_lr3,id_5365127f28e8,multimodal_df,daghar_standardized_balanced,kuhar,test,config_0,multimodal_perc_100,id_c2d68cc99d8f,har,evaluate,full_run,/workspaces/HIAAC-KR-Dev-Container/Minerva-Exps/benchmarks/experiments/paper_daghar_supervised_3runs_perlr_samples_down_seed_harcnn_34/logs/id_755a804bc0d8/final,52c6d080fe,/workspaces/HIAAC-KR-Dev-Container/Minerva-Exps/benchmarks/experiments/paper_daghar_supervised_3runs_perlr_samples_down_seed_harcnn_34/logs/id_755a804bc0d8/final/metrics_2025-09-15-06-10-52c6d080fe.yaml,/workspaces/HIAAC-KR-Dev-Container/Minerva-Exps/benchmarks/experiments/paper_daghar_supervised_3runs_perlr_samples_down_seed_harcnn_34/logs/id_755a804bc0d8/final/run_2025-09-15-06-10-52c6d080fe.yaml,0.5208333134651184,0.5208333134651184,0.43816426396369934,0.5208333134651184,0.46984124183654785,0.5208333134651184
evaluate_harcnn,id_7335ced4c72a,id_14f8fe19a225,completed,1,True,id_58b7ba40d9ba,supervised,harcnn,full_finetune_lr3,id_b1f5143574a1,multimodal_df,daghar_standardized_balanced,rw_waist,test,config_0,multimodal_perc_100,id_c2d68cc99d8f,har,evaluate,full_run,/workspaces/HIAAC-KR-Dev-Container/Minerva-Exps/benchmarks/experiments/paper_daghar_supervised_3runs_perlr_samples_down_seed_harcnn_34/logs/id_7335ced4c72a/final,365d948377,/workspaces/HIAAC-KR-Dev-Container/Minerva-Exps/benchmarks/experiments/paper_daghar_supervised_3runs_perlr_samples_down_seed_harcnn_34/logs/id_7335ced4c72a/final/metrics_2025-09-15-06-10-365d948377.yaml,/workspaces/HIAAC-KR-Dev-Container/Minerva-Exps/benchmarks/experiments/paper_daghar_supervised_3runs_perlr_samples_down_seed_harcnn_34/logs/id_7335ced4c72a/final/run_2025-09-15-06-10-365d948377.yaml,0.45370370149612427,0.4537036716938019,0.3298390805721283,0.45370370149612427,0.34092020988464355,0.45370373129844666
evaluate_harcnn,id_767dcdabfef3,id_fed31b83d90c,completed,1,True,id_6d037d42cfe2,supervised,harcnn,full_finetune_lr4,id_14a6ecc69dec,multimodal_df,daghar_standardized_balanced,uci,test,config_0,multimodal_perc_100,id_c2d68cc99d8f,har,evaluate,full_run,/workspaces/HIAAC-KR-Dev-Container/Minerva-Exps/benchmarks/experiments/paper_daghar_supervised_3runs_perlr_samples_down_seed_harcnn_34/logs/id_767dcdabfef3/final,55a331cc9f,/workspaces/HIAAC-KR-Dev-Container/Minerva-Exps/benchmarks/experiments/paper_daghar_supervised_3runs_perlr_samples_down_seed_harcnn_34/logs/id_767dcdabfef3/final/metrics_2025-09-15-06-10-55a331cc9f.yaml,/workspaces/HIAAC-KR-Dev-Container/Minerva-Exps/benchmarks/experiments/paper_daghar_supervised_3runs_perlr_samples_down_seed_harcnn_34/logs/id_767dcdabfef3/final/run_2025-09-15-06-10-55a331cc9f.yaml,0.5942028760910034,0.5942028760910034,0.5377987623214722,0.5942028760910034,0.6129885911941528,0.5942028760910034
evaluate_harcnn,id_7754e954e91a,id_ef4187afba7e,completed,1,True,id_6d037d42cfe2,supervised,harcnn,full_finetune_lr4,id_5365127f28e8,multimodal_df,daghar_standardized_balanced,kuhar,test,config_0,multimodal_perc_100,id_c2d68cc99d8f,har,evaluate,full_run,/workspaces/HIAAC-KR-Dev-Container/Minerva-Exps/benchmarks/experiments/paper_daghar_supervised_3runs_perlr_samples_down_seed_harcnn_34/logs/id_7754e954e91a/final,060ae37450,/workspaces/HIAAC-KR-Dev-Container/Minerva-Exps/benchmarks/experiments/paper_daghar_supervised_3runs_perlr_samples_down_seed_harcnn_34/logs/id_7754e954e91a/final/metrics_2025-09-15-06-11-060ae37450.yaml,/workspaces/HIAAC-KR-Dev-Container/Minerva-Exps/benchmarks/experiments/paper_daghar_supervised_3runs_perlr_samples_down_seed_harcnn_34/logs/id_7754e954e91a/final/run_2025-09-15-06-11-060ae37450.yaml,0.6180555820465088,0.618055522441864,0.5169907212257385,0.6180555820465088,0.5405221581459045,0.6180555820465088
evaluate_harcnn,id_775a985abf1d,id_c45d4bd6037d,completed,1,True,id_6d037d42cfe2,supervised,harcnn,full_finetune_lr4,id_5365127f28e8,multimodal_df,daghar_standardized_balanced,kuhar,test,config_0,multimodal_perc_100,id_c2d68cc99d8f,har,evaluate,full_run,/workspaces/HIAAC-KR-Dev-Container/Minerva-Exps/benchmarks/experiments/paper_daghar_supervised_3runs_perlr_samples_down_seed_harcnn_34/logs/id_775a985abf1d/final,07f726ec36,/workspaces/HIAAC-KR-Dev-Container/Minerva-Exps/benchmarks/experiments/paper_daghar_supervised_3runs_perlr_samples_down_seed_harcnn_34/logs/id_775a985abf1d/final/metrics_2025-09-15-06-11-07f726ec36.yaml,/workspaces/HIAAC-KR-Dev-Container/Minerva-Exps/benchmarks/experiments/paper_daghar_supervised_3runs_perlr_samples_down_seed_harcnn_34/logs/id_775a985abf1d/final/run_2025-09-15-06-11-07f726ec36.yaml,0.6111111044883728,0.6111111044883728,0.5131096839904785,0.6111111044883728,0.55007004737854,0.6111111044883728
evaluate_harcnn,id_7400fac6e472,id_8143f919f99c,completed,1,True,id_58b7ba40d9ba,supervised,harcnn,full_finetune_lr3,id_b1f5143574a1,multimodal_df,daghar_standardized_balanced,rw_waist,test,config_0,multimodal_perc_100,id_c2d68cc99d8f,har,evaluate,full_run,/workspaces/HIAAC-KR-Dev-Container/Minerva-Exps/benchmarks/experiments/paper_daghar_supervised_3runs_perlr_samples_down_seed_harcnn_34/logs/id_7400fac6e472/final,437e4d22e4,/workspaces/HIAAC-KR-Dev-Container/Minerva-Exps/benchmarks/experiments/paper_daghar_supervised_3runs_perlr_samples_down_seed_harcnn_34/logs/id_7400fac6e472/final/metrics_2025-09-15-06-10-437e4d22e4.yaml,/workspaces/HIAAC-KR-Dev-Container/Minerva-Exps/benchmarks/experiments/paper_daghar_supervised_3runs_perlr_samples_down_seed_harcnn_34/logs/id_7400fac6e472/final/run_2025-09-15-06-10-437e4d22e4.yaml,0.6203703880310059,0.6203703880310059,0.5814644694328308,0.6203703880310059,0.6427342891693115,0.6203703880310059
evaluate_harcnn,id_78be1bbf391b,id_06c67c66f917,completed,1,True,id_58b7ba40d9ba,supervised,harcnn,full_finetune_lr3,id_5365127f28e8,multimodal_df,daghar_standardized_balanced,kuhar,test,config_0,multimodal_perc_100,id_c2d68cc99d8f,har,evaluate,full_run,/workspaces/HIAAC-KR-Dev-Container/Minerva-Exps/benchmarks/experiments/paper_daghar_supervised_3runs_perlr_samples_down_seed_harcnn_34/logs/id_78be1bbf391b/final,19ed47b000,/workspaces/HIAAC-KR-Dev-Container/Minerva-Exps/benchmarks/experiments/paper_daghar_supervised_3runs_perlr_samples_down_seed_harcnn_34/logs/id_78be1bbf391b/final/metrics_2025-09-15-06-11-19ed47b000.yaml,/workspaces/HIAAC-KR-Dev-Container/Minerva-Exps/benchmarks/experiments/paper_daghar_supervised_3runs_perlr_samples_down_seed_harcnn_34/logs/id_78be1bbf391b/final/run_2025-09-15-06-11-19ed47b000.yaml,0.4722222089767456,0.472222238779068,0.38168859481811523,0.4722222089767456,0.36106735467910767,0.472222238779068
evaluate_harcnn,id_76aad72e5497,id_5b7b995dd00f,completed,1,True,id_58b7ba40d9ba,supervised,harcnn,full_finetune_lr3,id_b1f5143574a1,multimodal_df,daghar_standardized_balanced,rw_waist,test,config_0,multimodal_perc_100,id_c2d68cc99d8f,har,evaluate,full_run,/workspaces/HIAAC-KR-Dev-Container/Minerva-Exps/benchmarks/experiments/paper_daghar_supervised_3runs_perlr_samples_down_seed_harcnn_34/logs/id_76aad72e5497/final,04bbc155e6,/workspaces/HIAAC-KR-Dev-Container/Minerva-Exps/benchmarks/experiments/paper_daghar_supervised_3runs_perlr_samples_down_seed_harcnn_34/logs/id_76aad72e5497/final/metrics_2025-09-15-06-11-04bbc155e6.yaml,/workspaces/HIAAC-KR-Dev-Container/Minerva-Exps/benchmarks/experiments/paper_daghar_supervised_3runs_perlr_samples_down_seed_harcnn_34/logs/id_76aad72e5497/final/run_2025-09-15-06-11-04bbc155e6.yaml,0.6593364477157593,0.6593363881111145,0.6472238898277283,0.6593364477157593,0.6829988956451416,0.6593364477157593
evaluate_harcnn,id_79ce38165282,id_83bae11bc757,completed,1,True,id_58b7ba40d9ba,supervised,harcnn,full_finetune_lr3,id_e7f63cc66b02,multimodal_df,daghar_standardized_balanced,motionsense,test,config_0,multimodal_perc_100,id_c2d68cc99d8f,har,evaluate,full_run,/workspaces/HIAAC-KR-Dev-Container/Minerva-Exps/benchmarks/experiments/paper_daghar_supervised_3runs_perlr_samples_down_seed_harcnn_34/logs/id_79ce38165282/final,23bf110c62,/workspaces/HIAAC-KR-Dev-Container/Minerva-Exps/benchmarks/experiments/paper_daghar_supervised_3runs_perlr_samples_down_seed_harcnn_34/logs/id_79ce38165282/final/metrics_2025-09-15-06-11-23bf110c62.yaml,/workspaces/HIAAC-KR-Dev-Container/Minerva-Exps/benchmarks/experiments/paper_daghar_supervised_3runs_perlr_samples_down_seed_harcnn_34/logs/id_79ce38165282/final/run_2025-09-15-06-11-23bf110c62.yaml,0.7542372941970825,0.7542373538017273,0.7108712792396545,0.7542372941970825,0.7905959486961365,0.7542372345924377
evaluate_harcnn,id_7681adcf0c16,id_577d85e8ee31,completed,1,True,id_58b7ba40d9ba,supervised,harcnn,full_finetune_lr3,id_f390297e57d1,multimodal_df,daghar_standardized_balanced,rw_thigh,test,config_0,multimodal_perc_100,id_c2d68cc99d8f,har,evaluate,full_run,/workspaces/HIAAC-KR-Dev-Container/Minerva-Exps/benchmarks/experiments/paper_daghar_supervised_3runs_perlr_samples_down_seed_harcnn_34/logs/id_7681adcf0c16/final,0120c3496c,/workspaces/HIAAC-KR-Dev-Container/Minerva-Exps/benchmarks/experiments/paper_daghar_supervised_3runs_perlr_samples_down_seed_harcnn_34/logs/id_7681adcf0c16/final/metrics_2025-09-15-06-11-0120c3496c.yaml,/workspaces/HIAAC-KR-Dev-Container/Minerva-Exps/benchmarks/experiments/paper_daghar_supervised_3runs_perlr_samples_down_seed_harcnn_34/logs/id_7681adcf0c16/final/run_2025-09-15-06-11-0120c3496c.yaml,0.30124223232269287,0.30124223232269287,0.16228967905044556,0.30124223232269287,0.1396861970424652,0.30124223232269287
evaluate_harcnn,id_775affbbf017,id_6af16f509531,completed,1,True,id_58b7ba40d9ba,supervised,harcnn,full_finetune_lr3,id_2cb57fb4e55b,multimodal_df,daghar_standardized_balanced,wisdm,test,config_0,multimodal_perc_100,id_c2d68cc99d8f,har,evaluate,full_run,/workspaces/HIAAC-KR-Dev-Container/Minerva-Exps/benchmarks/experiments/paper_daghar_supervised_3runs_perlr_samples_down_seed_harcnn_34/logs/id_775affbbf017/final,08da2edbda,/workspaces/HIAAC-KR-Dev-Container/Minerva-Exps/benchmarks/experiments/paper_daghar_supervised_3runs_perlr_samples_down_seed_harcnn_34/logs/id_775affbbf017/final/metrics_2025-09-15-06-11-08da2edbda.yaml,/workspaces/HIAAC-KR-Dev-Container/Minerva-Exps/benchmarks/experiments/paper_daghar_supervised_3runs_perlr_samples_down_seed_harcnn_34/logs/id_775affbbf017/final/run_2025-09-15-06-11-08da2edbda.yaml,0.7369431853294373,0.7369431257247925,0.6944708824157715,0.7369431853294373,0.7331104278564453,0.7369431257247925
evaluate_harcnn,id_77fce46d49f8,id_ca2e5834d58c,completed,1,True,id_58b7ba40d9ba,supervised,harcnn,full_finetune_lr3,id_b1f5143574a1,multimodal_df,daghar_standardized_balanced,rw_waist,test,config_0,multimodal_perc_100,id_c2d68cc99d8f,har,evaluate,full_run,/workspaces/HIAAC-KR-Dev-Container/Minerva-Exps/benchmarks/experiments/paper_daghar_supervised_3runs_perlr_samples_down_seed_harcnn_34/logs/id_77fce46d49f8/final,1739d13eda,/workspaces/HIAAC-KR-Dev-Container/Minerva-Exps/benchmarks/experiments/paper_daghar_supervised_3runs_perlr_samples_down_seed_harcnn_34/logs/id_77fce46d49f8/final/metrics_2025-09-15-06-11-1739d13eda.yaml,/workspaces/HIAAC-KR-Dev-Container/Minerva-Exps/benchmarks/experiments/paper_daghar_supervised_3runs_perlr_samples_down_seed_harcnn_34/logs/id_77fce46d49f8/final/run_2025-09-15-06-11-1739d13eda.yaml,0.5609567761421204,0.5609567761421204,0.5069026947021484,0.5609567761421204,0.5489957928657532,0.5609568357467651
evaluate_harcnn,id_79639f48315f,id_ee7bc3de3902,completed,1,True,id_6d037d42cfe2,supervised,harcnn,full_finetune_lr4,id_b1f5143574a1,multimodal_df,daghar_standardized_balanced,rw_waist,test,config_0,multimodal_perc_100,id_c2d68cc99d8f,har,evaluate,full_run,/workspaces/HIAAC-KR-Dev-Container/Minerva-Exps/benchmarks/experiments/paper_daghar_supervised_3runs_perlr_samples_down_seed_harcnn_34/logs/id_79639f48315f/final,22bf5f8f3b,/workspaces/HIAAC-KR-Dev-Container/Minerva-Exps/benchmarks/experiments/paper_daghar_supervised_3runs_perlr_samples_down_seed_harcnn_34/logs/id_79639f48315f/final/metrics_2025-09-15-06-11-22bf5f8f3b.yaml,/workspaces/HIAAC-KR-Dev-Container/Minerva-Exps/benchmarks/experiments/paper_daghar_supervised_3runs_perlr_samples_down_seed_harcnn_34/logs/id_79639f48315f/final/run_2025-09-15-06-11-22bf5f8f3b.yaml,0.6967592835426331,0.6967592239379883,0.6898899674415588,0.6967592835426331,0.7226829528808594,0.6967592239379883
evaluate_harcnn,id_7c33b1d7f3c6,id_5f0b3f49626f,completed,1,True,id_6d037d42cfe2,supervised,harcnn,full_finetune_lr4,id_e7f63cc66b02,multimodal_df,daghar_standardized_balanced,motionsense,test,config_0,multimodal_perc_100,id_c2d68cc99d8f,har,evaluate,full_run,/workspaces/HIAAC-KR-Dev-Container/Minerva-Exps/benchmarks/experiments/paper_daghar_supervised_3runs_perlr_samples_down_seed_harcnn_34/logs/id_7c33b1d7f3c6/final,436288718d,/workspaces/HIAAC-KR-Dev-Container/Minerva-Exps/benchmarks/experiments/paper_daghar_supervised_3runs_perlr_samples_down_seed_harcnn_34/logs/id_7c33b1d7f3c6/final/metrics_2025-09-15-06-11-436288718d.yaml,/workspaces/HIAAC-KR-Dev-Container/Minerva-Exps/benchmarks/experiments/paper_daghar_supervised_3runs_perlr_samples_down_seed_harcnn_34/logs/id_7c33b1d7f3c6/final/run_2025-09-15-06-11-436288718d.yaml,0.7015066146850586,0.7015066146850586,0.6465269923210144,0.7015066146850586,0.6367430090904236,0.7015066146850586
evaluate_harcnn,id_79a07941fe37,id_f79d31d66210,completed,1,True,id_58b7ba40d9ba,supervised,harcnn,full_finetune_lr3,id_f390297e57d1,multimodal_df,daghar_standardized_balanced,rw_thigh,test,config_0,multimodal_perc_100,id_c2d68cc99d8f,har,evaluate,full_run,/workspaces/HIAAC-KR-Dev-Container/Minerva-Exps/benchmarks/experiments/paper_daghar_supervised_3runs_perlr_samples_down_seed_harcnn_34/logs/id_79a07941fe37/final,233f3054de,/workspaces/HIAAC-KR-Dev-Container/Minerva-Exps/benchmarks/experiments/paper_daghar_supervised_3runs_perlr_samples_down_seed_harcnn_34/logs/id_79a07941fe37/final/metrics_2025-09-15-06-11-233f3054de.yaml,/workspaces/HIAAC-KR-Dev-Container/Minerva-Exps/benchmarks/experiments/paper_daghar_supervised_3runs_perlr_samples_down_seed_harcnn_34/logs/id_79a07941fe37/final/run_2025-09-15-06-11-233f3054de.yaml,0.671842634677887,0.671842634677887,0.6426175236701965,0.671842634677887,0.7124669551849365,0.6718426942825317
evaluate_harcnn,id_80e7c58146df,id_305de63e9356,completed,1,True,id_6d037d42cfe2,supervised,harcnn,full_finetune_lr4,id_14a6ecc69dec,multimodal_df,daghar_standardized_balanced,uci,test,config_0,multimodal_perc_100,id_c2d68cc99d8f,har,evaluate,full_run,/workspaces/HIAAC-KR-Dev-Container/Minerva-Exps/benchmarks/experiments/paper_daghar_supervised_3runs_perlr_samples_down_seed_harcnn_34/logs/id_80e7c58146df/final,485aee921e,/workspaces/HIAAC-KR-Dev-Container/Minerva-Exps/benchmarks/experiments/paper_daghar_supervised_3runs_perlr_samples_down_seed_harcnn_34/logs/id_80e7c58146df/final/metrics_2025-09-15-06-11-485aee921e.yaml,/workspaces/HIAAC-KR-Dev-Container/Minerva-Exps/benchmarks/experiments/paper_daghar_supervised_3runs_perlr_samples_down_seed_harcnn_34/logs/id_80e7c58146df/final/run_2025-09-15-06-11-485aee921e.yaml,0.7753623127937317,0.7753623723983765,0.7546331286430359,0.7753623127937317,0.7872069478034973,0.7753623127937317
evaluate_harcnn,id_7e8f06762fd0,id_3d5b7561b28e,completed,1,True,id_58b7ba40d9ba,supervised,harcnn,full_finetune_lr3,id_e7f63cc66b02,multimodal_df,daghar_standardized_balanced,motionsense,test,config_0,multimodal_perc_100,id_c2d68cc99d8f,har,evaluate,full_run,/workspaces/HIAAC-KR-Dev-Container/Minerva-Exps/benchmarks/experiments/paper_daghar_supervised_3runs_perlr_samples_down_seed_harcnn_34/logs/id_7e8f06762fd0/final,46c8a21960,/workspaces/HIAAC-KR-Dev-Container/Minerva-Exps/benchmarks/experiments/paper_daghar_supervised_3runs_perlr_samples_down_seed_harcnn_34/logs/id_7e8f06762fd0/final/metrics_2025-09-15-06-11-46c8a21960.yaml,/workspaces/HIAAC-KR-Dev-Container/Minerva-Exps/benchmarks/experiments/paper_daghar_supervised_3runs_perlr_samples_down_seed_harcnn_34/logs/id_7e8f06762fd0/final/run_2025-09-15-06-11-46c8a21960.yaml,0.7777777910232544,0.7777777314186096,0.723488986492157,0.7777777910232544,0.6981761455535889,0.7777777314186096
evaluate_harcnn,id_7bd6302e7456,id_209194ea9147,completed,1,True,id_58b7ba40d9ba,supervised,harcnn,full_finetune_lr3,id_2cb57fb4e55b,multimodal_df,daghar_standardized_balanced,wisdm,test,config_0,multimodal_perc_100,id_c2d68cc99d8f,har,evaluate,full_run,/workspaces/HIAAC-KR-Dev-Container/Minerva-Exps/benchmarks/experiments/paper_daghar_supervised_3runs_perlr_samples_down_seed_harcnn_34/logs/id_7bd6302e7456/final,348288d3bb,/workspaces/HIAAC-KR-Dev-Container/Minerva-Exps/benchmarks/experiments/paper_daghar_supervised_3runs_perlr_samples_down_seed_harcnn_34/logs/id_7bd6302e7456/final/metrics_2025-09-15-06-11-348288d3bb.yaml,/workspaces/HIAAC-KR-Dev-Container/Minerva-Exps/benchmarks/experiments/paper_daghar_supervised_3runs_perlr_samples_down_seed_harcnn_34/logs/id_7bd6302e7456/final/run_2025-09-15-06-11-348288d3bb.yaml,0.5226574540138245,0.5226574540138245,0.39197346568107605,0.5226574540138245,0.5187487602233887,0.5226574540138245
evaluate_harcnn,id_84344323b284,id_4b487d867350,completed,1,True,id_58b7ba40d9ba,supervised,harcnn,full_finetune_lr3,id_5365127f28e8,multimodal_df,daghar_standardized_balanced,kuhar,test,config_0,multimodal_perc_100,id_c2d68cc99d8f,har,evaluate,full_run,/workspaces/HIAAC-KR-Dev-Container/Minerva-Exps/benchmarks/experiments/paper_daghar_supervised_3runs_perlr_samples_down_seed_harcnn_34/logs/id_84344323b284/final,103477f64a,/workspaces/HIAAC-KR-Dev-Container/Minerva-Exps/benchmarks/experiments/paper_daghar_supervised_3runs_perlr_samples_down_seed_harcnn_34/logs/id_84344323b284/final/metrics_2025-09-15-06-12-103477f64a.yaml,/workspaces/HIAAC-KR-Dev-Container/Minerva-Exps/benchmarks/experiments/paper_daghar_supervised_3runs_perlr_samples_down_seed_harcnn_34/logs/id_84344323b284/final/run_2025-09-15-06-12-103477f64a.yaml,0.5763888955116272,0.5763888955116272,0.49989089369773865,0.5763888955116272,0.5091967582702637,0.576388955116272
evaluate_harcnn,id_809c2062a832,id_b7f4274aff58,completed,1,True,id_6d037d42cfe2,supervised,harcnn,full_finetune_lr4,id_2cb57fb4e55b,multimodal_df,daghar_standardized_balanced,wisdm,test,config_0,multimodal_perc_100,id_c2d68cc99d8f,har,evaluate,full_run,/workspaces/HIAAC-KR-Dev-Container/Minerva-Exps/benchmarks/experiments/paper_daghar_supervised_3runs_perlr_samples_down_seed_harcnn_34/logs/id_809c2062a832/final,48fdb22b6d,/workspaces/HIAAC-KR-Dev-Container/Minerva-Exps/benchmarks/experiments/paper_daghar_supervised_3runs_perlr_samples_down_seed_harcnn_34/logs/id_809c2062a832/final/metrics_2025-09-15-06-11-48fdb22b6d.yaml,/workspaces/HIAAC-KR-Dev-Container/Minerva-Exps/benchmarks/experiments/paper_daghar_supervised_3runs_perlr_samples_down_seed_harcnn_34/logs/id_809c2062a832/final/run_2025-09-15-06-11-48fdb22b6d.yaml,0.698924720287323,0.698924720287323,0.6288507580757141,0.698924720287323,0.6162766218185425,0.6989247798919678
evaluate_harcnn,id_810ea88d985a,id_73e4b611630b,completed,1,True,id_6d037d42cfe2,supervised,harcnn,full_finetune_lr4,id_b1f5143574a1,multimodal_df,daghar_standardized_balanced,rw_waist,test,config_0,multimodal_perc_100,id_c2d68cc99d8f,har,evaluate,full_run,/workspaces/HIAAC-KR-Dev-Container/Minerva-Exps/benchmarks/experiments/paper_daghar_supervised_3runs_perlr_samples_down_seed_harcnn_34/logs/id_810ea88d985a/final,56a4af40b2,/workspaces/HIAAC-KR-Dev-Container/Minerva-Exps/benchmarks/experiments/paper_daghar_supervised_3runs_perlr_samples_down_seed_harcnn_34/logs/id_810ea88d985a/final/metrics_2025-09-15-06-11-56a4af40b2.yaml,/workspaces/HIAAC-KR-Dev-Container/Minerva-Exps/benchmarks/experiments/paper_daghar_supervised_3runs_perlr_samples_down_seed_harcnn_34/logs/id_810ea88d985a/final/run_2025-09-15-06-11-56a4af40b2.yaml,0.6925154328346252,0.6925154328346252,0.6744632720947266,0.6925154328346252,0.7160683870315552,0.6925154328346252
evaluate_harcnn,id_8188a174f39b,id_2f37cecd363d,completed,1,True,id_58b7ba40d9ba,supervised,harcnn,full_finetune_lr3,id_2cb57fb4e55b,multimodal_df,daghar_standardized_balanced,wisdm,test,config_0,multimodal_perc_100,id_c2d68cc99d8f,har,evaluate,full_run,/workspaces/HIAAC-KR-Dev-Container/Minerva-Exps/benchmarks/experiments/paper_daghar_supervised_3runs_perlr_samples_down_seed_harcnn_34/logs/id_8188a174f39b/final,026c747ec4,/workspaces/HIAAC-KR-Dev-Container/Minerva-Exps/benchmarks/experiments/paper_daghar_supervised_3runs_perlr_samples_down_seed_harcnn_34/logs/id_8188a174f39b/final/metrics_2025-09-15-06-12-026c747ec4.yaml,/workspaces/HIAAC-KR-Dev-Container/Minerva-Exps/benchmarks/experiments/paper_daghar_supervised_3runs_perlr_samples_down_seed_harcnn_34/logs/id_8188a174f39b/final/run_2025-09-15-06-12-026c747ec4.yaml,0.6877880096435547,0.6877880096435547,0.6145524978637695,0.6877880096435547,0.596747636795044,0.6877880096435547
evaluate_harcnn,id_88b5a47226e7,id_da3c9af75cd1,completed,1,True,id_6d037d42cfe2,supervised,harcnn,full_finetune_lr4,id_14a6ecc69dec,multimodal_df,daghar_standardized_balanced,uci,test,config_0,multimodal_perc_100,id_c2d68cc99d8f,har,evaluate,full_run,/workspaces/HIAAC-KR-Dev-Container/Minerva-Exps/benchmarks/experiments/paper_daghar_supervised_3runs_perlr_samples_down_seed_harcnn_34/logs/id_88b5a47226e7/final,280ea2b8c4,/workspaces/HIAAC-KR-Dev-Container/Minerva-Exps/benchmarks/experiments/paper_daghar_supervised_3runs_perlr_samples_down_seed_harcnn_34/logs/id_88b5a47226e7/final/metrics_2025-09-15-06-12-280ea2b8c4.yaml,/workspaces/HIAAC-KR-Dev-Container/Minerva-Exps/benchmarks/experiments/paper_daghar_supervised_3runs_perlr_samples_down_seed_harcnn_34/logs/id_88b5a47226e7/final/run_2025-09-15-06-12-280ea2b8c4.yaml,0.8057971000671387,0.8057971000671387,0.7821974754333496,0.8057971000671387,0.8243391513824463,0.8057971000671387
evaluate_harcnn,id_8293f3310925,id_addb56503cfe,completed,1,True,id_6d037d42cfe2,supervised,harcnn,full_finetune_lr4,id_2cb57fb4e55b,multimodal_df,daghar_standardized_balanced,wisdm,test,config_0,multimodal_perc_100,id_c2d68cc99d8f,har,evaluate,full_run,/workspaces/HIAAC-KR-Dev-Container/Minerva-Exps/benchmarks/experiments/paper_daghar_supervised_3runs_perlr_samples_down_seed_harcnn_34/logs/id_8293f3310925/final,08ef0d4517,/workspaces/HIAAC-KR-Dev-Container/Minerva-Exps/benchmarks/experiments/paper_daghar_supervised_3runs_perlr_samples_down_seed_harcnn_34/logs/id_8293f3310925/final/metrics_2025-09-15-06-12-08ef0d4517.yaml,/workspaces/HIAAC-KR-Dev-Container/Minerva-Exps/benchmarks/experiments/paper_daghar_supervised_3runs_perlr_samples_down_seed_harcnn_34/logs/id_8293f3310925/final/run_2025-09-15-06-12-08ef0d4517.yaml,0.7995391488075256,0.7995392084121704,0.7960407137870789,0.7995391488075256,0.8022691607475281,0.7995392084121704
evaluate_harcnn,id_84df8aff4a18,id_9b93f5624648,completed,1,True,id_6d037d42cfe2,supervised,harcnn,full_finetune_lr4,id_2cb57fb4e55b,multimodal_df,daghar_standardized_balanced,wisdm,test,config_0,multimodal_perc_100,id_c2d68cc99d8f,har,evaluate,full_run,/workspaces/HIAAC-KR-Dev-Container/Minerva-Exps/benchmarks/experiments/paper_daghar_supervised_3runs_perlr_samples_down_seed_harcnn_34/logs/id_84df8aff4a18/final,140ea4a168,/workspaces/HIAAC-KR-Dev-Container/Minerva-Exps/benchmarks/experiments/paper_daghar_supervised_3runs_perlr_samples_down_seed_harcnn_34/logs/id_84df8aff4a18/final/metrics_2025-09-15-06-12-140ea4a168.yaml,/workspaces/HIAAC-KR-Dev-Container/Minerva-Exps/benchmarks/experiments/paper_daghar_supervised_3runs_perlr_samples_down_seed_harcnn_34/logs/id_84df8aff4a18/final/run_2025-09-15-06-12-140ea4a168.yaml,0.7776497602462769,0.7776497602462769,0.7702937126159668,0.7776497602462769,0.7830808162689209,0.7776497602462769
evaluate_harcnn,id_83c3250ca4ff,id_dabf9806c209,completed,1,True,id_58b7ba40d9ba,supervised,harcnn,full_finetune_lr3,id_b1f5143574a1,multimodal_df,daghar_standardized_balanced,rw_waist,test,config_0,multimodal_perc_100,id_c2d68cc99d8f,har,evaluate,full_run,/workspaces/HIAAC-KR-Dev-Container/Minerva-Exps/benchmarks/experiments/paper_daghar_supervised_3runs_perlr_samples_down_seed_harcnn_34/logs/id_83c3250ca4ff/final,101c53eb30,/workspaces/HIAAC-KR-Dev-Container/Minerva-Exps/benchmarks/experiments/paper_daghar_supervised_3runs_perlr_samples_down_seed_harcnn_34/logs/id_83c3250ca4ff/final/metrics_2025-09-15-06-12-101c53eb30.yaml,/workspaces/HIAAC-KR-Dev-Container/Minerva-Exps/benchmarks/experiments/paper_daghar_supervised_3runs_perlr_samples_down_seed_harcnn_34/logs/id_83c3250ca4ff/final/run_2025-09-15-06-12-101c53eb30.yaml,0.5362654328346252,0.5362654328346252,0.4895196855068207,0.5362654328346252,0.5272471904754639,0.5362654328346252
evaluate_harcnn,id_819a0a551434,id_74d37ee15c61,completed,1,True,id_6d037d42cfe2,supervised,harcnn,full_finetune_lr4,id_f390297e57d1,multimodal_df,daghar_standardized_balanced,rw_thigh,test,config_0,multimodal_perc_100,id_c2d68cc99d8f,har,evaluate,full_run,/workspaces/HIAAC-KR-Dev-Container/Minerva-Exps/benchmarks/experiments/paper_daghar_supervised_3runs_perlr_samples_down_seed_harcnn_34/logs/id_819a0a551434/final,075bc3f141,/workspaces/HIAAC-KR-Dev-Container/Minerva-Exps/benchmarks/experiments/paper_daghar_supervised_3runs_perlr_samples_down_seed_harcnn_34/logs/id_819a0a551434/final/metrics_2025-09-15-06-12-075bc3f141.yaml,/workspaces/HIAAC-KR-Dev-Container/Minerva-Exps/benchmarks/experiments/paper_daghar_supervised_3runs_perlr_samples_down_seed_harcnn_34/logs/id_819a0a551434/final/run_2025-09-15-06-12-075bc3f141.yaml,0.6880607604980469,0.6880607604980469,0.6949664950370789,0.6880607604980469,0.7310304641723633,0.6880607604980469
evaluate_harcnn,id_86fb27523ce5,id_66703a368489,completed,1,True,id_58b7ba40d9ba,supervised,harcnn,full_finetune_lr3,id_2cb57fb4e55b,multimodal_df,daghar_standardized_balanced,wisdm,test,config_0,multimodal_perc_100,id_c2d68cc99d8f,har,evaluate,full_run,/workspaces/HIAAC-KR-Dev-Container/Minerva-Exps/benchmarks/experiments/paper_daghar_supervised_3runs_perlr_samples_down_seed_harcnn_34/logs/id_86fb27523ce5/final,26f9cb41c3,/workspaces/HIAAC-KR-Dev-Container/Minerva-Exps/benchmarks/experiments/paper_daghar_supervised_3runs_perlr_samples_down_seed_harcnn_34/logs/id_86fb27523ce5/final/metrics_2025-09-15-06-12-26f9cb41c3.yaml,/workspaces/HIAAC-KR-Dev-Container/Minerva-Exps/benchmarks/experiments/paper_daghar_supervised_3runs_perlr_samples_down_seed_harcnn_34/logs/id_86fb27523ce5/final/run_2025-09-15-06-12-26f9cb41c3.yaml,0.7453917264938354,0.7453917264938354,0.6627635359764099,0.7453917264938354,0.7033534049987793,0.7453917264938354
evaluate_harcnn,id_89f636b23391,id_eeb2e2f256b9,completed,1,True,id_58b7ba40d9ba,supervised,harcnn,full_finetune_lr3,id_14a6ecc69dec,multimodal_df,daghar_standardized_balanced,uci,test,config_0,multimodal_perc_100,id_c2d68cc99d8f,har,evaluate,full_run,/workspaces/HIAAC-KR-Dev-Container/Minerva-Exps/benchmarks/experiments/paper_daghar_supervised_3runs_perlr_samples_down_seed_harcnn_34/logs/id_89f636b23391/final,48cc881755,/workspaces/HIAAC-KR-Dev-Container/Minerva-Exps/benchmarks/experiments/paper_daghar_supervised_3runs_perlr_samples_down_seed_harcnn_34/logs/id_89f636b23391/final/metrics_2025-09-15-06-12-48cc881755.yaml,/workspaces/HIAAC-KR-Dev-Container/Minerva-Exps/benchmarks/experiments/paper_daghar_supervised_3runs_perlr_samples_down_seed_harcnn_34/logs/id_89f636b23391/final/run_2025-09-15-06-12-48cc881755.yaml,0.7202898263931274,0.7202898263931274,0.6959583759307861,0.7202898263931274,0.7345731258392334,0.7202898263931274
evaluate_harcnn,id_8ab69b44116f,id_f17203b2fff1,completed,1,True,id_58b7ba40d9ba,supervised,harcnn,full_finetune_lr3,id_14a6ecc69dec,multimodal_df,daghar_standardized_balanced,uci,test,config_0,multimodal_perc_100,id_c2d68cc99d8f,har,evaluate,full_run,/workspaces/HIAAC-KR-Dev-Container/Minerva-Exps/benchmarks/experiments/paper_daghar_supervised_3runs_perlr_samples_down_seed_harcnn_34/logs/id_8ab69b44116f/final,5099e6d465,/workspaces/HIAAC-KR-Dev-Container/Minerva-Exps/benchmarks/experiments/paper_daghar_supervised_3runs_perlr_samples_down_seed_harcnn_34/logs/id_8ab69b44116f/final/metrics_2025-09-15-06-12-5099e6d465.yaml,/workspaces/HIAAC-KR-Dev-Container/Minerva-Exps/benchmarks/experiments/paper_daghar_supervised_3runs_perlr_samples_down_seed_harcnn_34/logs/id_8ab69b44116f/final/run_2025-09-15-06-12-5099e6d465.yaml,0.8666666746139526,0.8666666746139526,0.8603513240814209,0.8666666746139526,0.8819127082824707,0.8666666746139526
evaluate_harcnn,id_88df02199bd3,id_741b65a65b93,completed,1,True,id_58b7ba40d9ba,supervised,harcnn,full_finetune_lr3,id_2cb57fb4e55b,multimodal_df,daghar_standardized_balanced,wisdm,test,config_0,multimodal_perc_100,id_c2d68cc99d8f,har,evaluate,full_run,/workspaces/HIAAC-KR-Dev-Container/Minerva-Exps/benchmarks/experiments/paper_daghar_supervised_3runs_perlr_samples_down_seed_harcnn_34/logs/id_88df02199bd3/final,37a59b829d,/workspaces/HIAAC-KR-Dev-Container/Minerva-Exps/benchmarks/experiments/paper_daghar_supervised_3runs_perlr_samples_down_seed_harcnn_34/logs/id_88df02199bd3/final/metrics_2025-09-15-06-12-37a59b829d.yaml,/workspaces/HIAAC-KR-Dev-Container/Minerva-Exps/benchmarks/experiments/paper_daghar_supervised_3runs_perlr_samples_down_seed_harcnn_34/logs/id_88df02199bd3/final/run_2025-09-15-06-12-37a59b829d.yaml,0.7342550158500671,0.7342550158500671,0.6657628417015076,0.7342550158500671,0.6869341135025024,0.7342550158500671
evaluate_harcnn,id_8b67f2a97690,id_359feaf41f7d,completed,1,True,id_58b7ba40d9ba,supervised,harcnn,full_finetune_lr3,id_e7f63cc66b02,multimodal_df,daghar_standardized_balanced,motionsense,test,config_0,multimodal_perc_100,id_c2d68cc99d8f,har,evaluate,full_run,/workspaces/HIAAC-KR-Dev-Container/Minerva-Exps/benchmarks/experiments/paper_daghar_supervised_3runs_perlr_samples_down_seed_harcnn_34/logs/id_8b67f2a97690/final,51d825837e,/workspaces/HIAAC-KR-Dev-Container/Minerva-Exps/benchmarks/experiments/paper_daghar_supervised_3runs_perlr_samples_down_seed_harcnn_34/logs/id_8b67f2a97690/final/metrics_2025-09-15-06-12-51d825837e.yaml,/workspaces/HIAAC-KR-Dev-Container/Minerva-Exps/benchmarks/experiments/paper_daghar_supervised_3runs_perlr_samples_down_seed_harcnn_34/logs/id_8b67f2a97690/final/run_2025-09-15-06-12-51d825837e.yaml,0.674199640750885,0.674199640750885,0.6463923454284668,0.674199640750885,0.7306203842163086,0.674199640750885
evaluate_harcnn,id_913186f283ec,id_bb2b4ac24e8a,completed,1,True,id_58b7ba40d9ba,supervised,harcnn,full_finetune_lr3,id_5365127f28e8,multimodal_df,daghar_standardized_balanced,kuhar,test,config_0,multimodal_perc_100,id_c2d68cc99d8f,har,evaluate,full_run,/workspaces/HIAAC-KR-Dev-Container/Minerva-Exps/benchmarks/experiments/paper_daghar_supervised_3runs_perlr_samples_down_seed_harcnn_34/logs/id_913186f283ec/final,062dc2ae0b,/workspaces/HIAAC-KR-Dev-Container/Minerva-Exps/benchmarks/experiments/paper_daghar_supervised_3runs_perlr_samples_down_seed_harcnn_34/logs/id_913186f283ec/final/metrics_2025-09-15-06-13-062dc2ae0b.yaml,/workspaces/HIAAC-KR-Dev-Container/Minerva-Exps/benchmarks/experiments/paper_daghar_supervised_3runs_perlr_samples_down_seed_harcnn_34/logs/id_913186f283ec/final/run_2025-09-15-06-13-062dc2ae0b.yaml,0.5486111044883728,0.5486111044883728,0.43994441628456116,0.5486111044883728,0.383391410112381,0.5486111640930176
evaluate_harcnn,id_9222006e5f64,id_eeaa976fc700,completed,1,True,id_6d037d42cfe2,supervised,harcnn,full_finetune_lr4,id_5365127f28e8,multimodal_df,daghar_standardized_balanced,kuhar,test,config_0,multimodal_perc_100,id_c2d68cc99d8f,har,evaluate,full_run,/workspaces/HIAAC-KR-Dev-Container/Minerva-Exps/benchmarks/experiments/paper_daghar_supervised_3runs_perlr_samples_down_seed_harcnn_34/logs/id_9222006e5f64/final,08abadec0d,/workspaces/HIAAC-KR-Dev-Container/Minerva-Exps/benchmarks/experiments/paper_daghar_supervised_3runs_perlr_samples_down_seed_harcnn_34/logs/id_9222006e5f64/final/metrics_2025-09-15-06-13-08abadec0d.yaml,/workspaces/HIAAC-KR-Dev-Container/Minerva-Exps/benchmarks/experiments/paper_daghar_supervised_3runs_perlr_samples_down_seed_harcnn_34/logs/id_9222006e5f64/final/run_2025-09-15-06-13-08abadec0d.yaml,0.6527777910232544,0.6527777910232544,0.5902422666549683,0.6527777910232544,0.5671916604042053,0.6527777910232544
evaluate_harcnn,id_92cc34145374,id_1ff1ca998ae4,completed,1,True,id_58b7ba40d9ba,supervised,harcnn,full_finetune_lr3,id_5365127f28e8,multimodal_df,daghar_standardized_balanced,kuhar,test,config_0,multimodal_perc_100,id_c2d68cc99d8f,har,evaluate,full_run,/workspaces/HIAAC-KR-Dev-Container/Minerva-Exps/benchmarks/experiments/paper_daghar_supervised_3runs_perlr_samples_down_seed_harcnn_34/logs/id_92cc34145374/final,098d4bca42,/workspaces/HIAAC-KR-Dev-Container/Minerva-Exps/benchmarks/experiments/paper_daghar_supervised_3runs_perlr_samples_down_seed_harcnn_34/logs/id_92cc34145374/final/metrics_2025-09-15-06-13-098d4bca42.yaml,/workspaces/HIAAC-KR-Dev-Container/Minerva-Exps/benchmarks/experiments/paper_daghar_supervised_3runs_perlr_samples_down_seed_harcnn_34/logs/id_92cc34145374/final/run_2025-09-15-06-13-098d4bca42.yaml,0.5347222089767456,0.5347222089767456,0.45597705245018005,0.5347222089767456,0.46802327036857605,0.5347222089767456
evaluate_harcnn,id_899f1b12906e,id_10289f67bcb1,completed,1,True,id_58b7ba40d9ba,supervised,harcnn,full_finetune_lr3,id_2cb57fb4e55b,multimodal_df,daghar_standardized_balanced,wisdm,test,config_0,multimodal_perc_100,id_c2d68cc99d8f,har,evaluate,full_run,/workspaces/HIAAC-KR-Dev-Container/Minerva-Exps/benchmarks/experiments/paper_daghar_supervised_3runs_perlr_samples_down_seed_harcnn_34/logs/id_899f1b12906e/final,437c794d8b,/workspaces/HIAAC-KR-Dev-Container/Minerva-Exps/benchmarks/experiments/paper_daghar_supervised_3runs_perlr_samples_down_seed_harcnn_34/logs/id_899f1b12906e/final/metrics_2025-09-15-06-12-437c794d8b.yaml,/workspaces/HIAAC-KR-Dev-Container/Minerva-Exps/benchmarks/experiments/paper_daghar_supervised_3runs_perlr_samples_down_seed_harcnn_34/logs/id_899f1b12906e/final/run_2025-09-15-06-12-437c794d8b.yaml,0.4907834231853485,0.4907834529876709,0.3368435502052307,0.4907834231853485,0.3755454123020172,0.4907834231853485
evaluate_harcnn,id_92e71d5418d1,id_2cdbeb5010cf,completed,1,True,id_58b7ba40d9ba,supervised,harcnn,full_finetune_lr3,id_5365127f28e8,multimodal_df,daghar_standardized_balanced,kuhar,test,config_0,multimodal_perc_100,id_c2d68cc99d8f,har,evaluate,full_run,/workspaces/HIAAC-KR-Dev-Container/Minerva-Exps/benchmarks/experiments/paper_daghar_supervised_3runs_perlr_samples_down_seed_harcnn_34/logs/id_92e71d5418d1/final,140ae8bd37,/workspaces/HIAAC-KR-Dev-Container/Minerva-Exps/benchmarks/experiments/paper_daghar_supervised_3runs_perlr_samples_down_seed_harcnn_34/logs/id_92e71d5418d1/final/metrics_2025-09-15-06-13-140ae8bd37.yaml,/workspaces/HIAAC-KR-Dev-Container/Minerva-Exps/benchmarks/experiments/paper_daghar_supervised_3runs_perlr_samples_down_seed_harcnn_34/logs/id_92e71d5418d1/final/run_2025-09-15-06-13-140ae8bd37.yaml,0.6805555820465088,0.6805555820465088,0.6169636249542236,0.6805555820465088,0.5997024178504944,0.6805555820465088
evaluate_harcnn,id_8f998a90337e,id_cd2ec5dfe5a9,completed,1,True,id_58b7ba40d9ba,supervised,harcnn,full_finetune_lr3,id_f390297e57d1,multimodal_df,daghar_standardized_balanced,rw_thigh,test,config_0,multimodal_perc_100,id_c2d68cc99d8f,har,evaluate,full_run,/workspaces/HIAAC-KR-Dev-Container/Minerva-Exps/benchmarks/experiments/paper_daghar_supervised_3runs_perlr_samples_down_seed_harcnn_34/logs/id_8f998a90337e/final,513533725c,/workspaces/HIAAC-KR-Dev-Container/Minerva-Exps/benchmarks/experiments/paper_daghar_supervised_3runs_perlr_samples_down_seed_harcnn_34/logs/id_8f998a90337e/final/metrics_2025-09-15-06-12-513533725c.yaml,/workspaces/HIAAC-KR-Dev-Container/Minerva-Exps/benchmarks/experiments/paper_daghar_supervised_3runs_perlr_samples_down_seed_harcnn_34/logs/id_8f998a90337e/final/run_2025-09-15-06-12-513533725c.yaml,0.6242235898971558,0.6242236495018005,0.59112548828125,0.6242235898971558,0.6585274934768677,0.6242236495018005
evaluate_harcnn,id_8bb585128a16,id_34fb13a67cb1,completed,1,True,id_6d037d42cfe2,supervised,harcnn,full_finetune_lr4,id_b1f5143574a1,multimodal_df,daghar_standardized_balanced,rw_waist,test,config_0,multimodal_perc_100,id_c2d68cc99d8f,har,evaluate,full_run,/workspaces/HIAAC-KR-Dev-Container/Minerva-Exps/benchmarks/experiments/paper_daghar_supervised_3runs_perlr_samples_down_seed_harcnn_34/logs/id_8bb585128a16/final,5348bb48a4,/workspaces/HIAAC-KR-Dev-Container/Minerva-Exps/benchmarks/experiments/paper_daghar_supervised_3runs_perlr_samples_down_seed_harcnn_34/logs/id_8bb585128a16/final/metrics_2025-09-15-06-12-5348bb48a4.yaml,/workspaces/HIAAC-KR-Dev-Container/Minerva-Exps/benchmarks/experiments/paper_daghar_supervised_3runs_perlr_samples_down_seed_harcnn_34/logs/id_8bb585128a16/final/run_2025-09-15-06-12-5348bb48a4.yaml,0.417438268661499,0.417438268661499,0.3775748312473297,0.417438268661499,0.46296507120132446,0.4174383282661438
evaluate_harcnn,id_93ab2b02fade,id_0e04693338ed,completed,1,True,id_58b7ba40d9ba,supervised,harcnn,full_finetune_lr3,id_5365127f28e8,multimodal_df,daghar_standardized_balanced,kuhar,test,config_0,multimodal_perc_100,id_c2d68cc99d8f,har,evaluate,full_run,/workspaces/HIAAC-KR-Dev-Container/Minerva-Exps/benchmarks/experiments/paper_daghar_supervised_3runs_perlr_samples_down_seed_harcnn_34/logs/id_93ab2b02fade/final,21a34161b0,/workspaces/HIAAC-KR-Dev-Container/Minerva-Exps/benchmarks/experiments/paper_daghar_supervised_3runs_perlr_samples_down_seed_harcnn_34/logs/id_93ab2b02fade/final/metrics_2025-09-15-06-13-21a34161b0.yaml,/workspaces/HIAAC-KR-Dev-Container/Minerva-Exps/benchmarks/experiments/paper_daghar_supervised_3runs_perlr_samples_down_seed_harcnn_34/logs/id_93ab2b02fade/final/run_2025-09-15-06-13-21a34161b0.yaml,0.5138888955116272,0.5138888955116272,0.42120832204818726,0.5138888955116272,0.49368685483932495,0.5138888955116272
evaluate_harcnn,id_92f12f92f645,id_18b68fb21118,completed,1,True,id_6d037d42cfe2,supervised,harcnn,full_finetune_lr4,id_e7f63cc66b02,multimodal_df,daghar_standardized_balanced,motionsense,test,config_0,multimodal_perc_100,id_c2d68cc99d8f,har,evaluate,full_run,/workspaces/HIAAC-KR-Dev-Container/Minerva-Exps/benchmarks/experiments/paper_daghar_supervised_3runs_perlr_samples_down_seed_harcnn_34/logs/id_92f12f92f645/final,14ae831447,/workspaces/HIAAC-KR-Dev-Container/Minerva-Exps/benchmarks/experiments/paper_daghar_supervised_3runs_perlr_samples_down_seed_harcnn_34/logs/id_92f12f92f645/final/metrics_2025-09-15-06-13-14ae831447.yaml,/workspaces/HIAAC-KR-Dev-Container/Minerva-Exps/benchmarks/experiments/paper_daghar_supervised_3runs_perlr_samples_down_seed_harcnn_34/logs/id_92f12f92f645/final/run_2025-09-15-06-13-14ae831447.yaml,0.6516007781028748,0.6516007781028748,0.6120111346244812,0.6516007781028748,0.7440618872642517,0.6516007781028748
evaluate_harcnn,id_967fab16aa88,id_8de4f3897ea6,completed,1,True,id_6d037d42cfe2,supervised,harcnn,full_finetune_lr4,id_5365127f28e8,multimodal_df,daghar_standardized_balanced,kuhar,test,config_0,multimodal_perc_100,id_c2d68cc99d8f,har,evaluate,full_run,/workspaces/HIAAC-KR-Dev-Container/Minerva-Exps/benchmarks/experiments/paper_daghar_supervised_3runs_perlr_samples_down_seed_harcnn_34/logs/id_967fab16aa88/final,2801b65062,/workspaces/HIAAC-KR-Dev-Container/Minerva-Exps/benchmarks/experiments/paper_daghar_supervised_3runs_perlr_samples_down_seed_harcnn_34/logs/id_967fab16aa88/final/metrics_2025-09-15-06-13-2801b65062.yaml,/workspaces/HIAAC-KR-Dev-Container/Minerva-Exps/benchmarks/experiments/paper_daghar_supervised_3runs_perlr_samples_down_seed_harcnn_34/logs/id_967fab16aa88/final/run_2025-09-15-06-13-2801b65062.yaml,0.6875,0.6875,0.6163178086280823,0.6875,0.6219136714935303,0.6875000596046448
evaluate_harcnn,id_9598048ab44b,id_6651790d27ad,completed,1,True,id_58b7ba40d9ba,supervised,harcnn,full_finetune_lr3,id_14a6ecc69dec,multimodal_df,daghar_standardized_balanced,uci,test,config_0,multimodal_perc_100,id_c2d68cc99d8f,har,evaluate,full_run,/workspaces/HIAAC-KR-Dev-Container/Minerva-Exps/benchmarks/experiments/paper_daghar_supervised_3runs_perlr_samples_down_seed_harcnn_34/logs/id_9598048ab44b/final,24e271dc10,/workspaces/HIAAC-KR-Dev-Container/Minerva-Exps/benchmarks/experiments/paper_daghar_supervised_3runs_perlr_samples_down_seed_harcnn_34/logs/id_9598048ab44b/final/metrics_2025-09-15-06-13-24e271dc10.yaml,/workspaces/HIAAC-KR-Dev-Container/Minerva-Exps/benchmarks/experiments/paper_daghar_supervised_3runs_perlr_samples_down_seed_harcnn_34/logs/id_9598048ab44b/final/run_2025-09-15-06-13-24e271dc10.yaml,0.852173924446106,0.852173924446106,0.8519266843795776,0.852173924446106,0.8532216548919678,0.852173924446106
evaluate_harcnn,id_9675a9a65a8b,id_b8848dd5b4cb,completed,1,True,id_58b7ba40d9ba,supervised,harcnn,full_finetune_lr3,id_14a6ecc69dec,multimodal_df,daghar_standardized_balanced,uci,test,config_0,multimodal_perc_100,id_c2d68cc99d8f,har,evaluate,full_run,/workspaces/HIAAC-KR-Dev-Container/Minerva-Exps/benchmarks/experiments/paper_daghar_supervised_3runs_perlr_samples_down_seed_harcnn_34/logs/id_9675a9a65a8b/final,25b73f916b,/workspaces/HIAAC-KR-Dev-Container/Minerva-Exps/benchmarks/experiments/paper_daghar_supervised_3runs_perlr_samples_down_seed_harcnn_34/logs/id_9675a9a65a8b/final/metrics_2025-09-15-06-13-25b73f916b.yaml,/workspaces/HIAAC-KR-Dev-Container/Minerva-Exps/benchmarks/experiments/paper_daghar_supervised_3runs_perlr_samples_down_seed_harcnn_34/logs/id_9675a9a65a8b/final/run_2025-09-15-06-13-25b73f916b.yaml,0.9666666388511658,0.9666666984558105,0.9666167497634888,0.9666666388511658,0.9666357040405273,0.9666666984558105
evaluate_harcnn,id_9d13d07d4140,id_f459e6a2bd15,completed,1,True,id_58b7ba40d9ba,supervised,harcnn,full_finetune_lr3,id_5365127f28e8,multimodal_df,daghar_standardized_balanced,kuhar,test,config_0,multimodal_perc_100,id_c2d68cc99d8f,har,evaluate,full_run,/workspaces/HIAAC-KR-Dev-Container/Minerva-Exps/benchmarks/experiments/paper_daghar_supervised_3runs_perlr_samples_down_seed_harcnn_34/logs/id_9d13d07d4140/final,44accb0927,/workspaces/HIAAC-KR-Dev-Container/Minerva-Exps/benchmarks/experiments/paper_daghar_supervised_3runs_perlr_samples_down_seed_harcnn_34/logs/id_9d13d07d4140/final/metrics_2025-09-15-06-13-44accb0927.yaml,/workspaces/HIAAC-KR-Dev-Container/Minerva-Exps/benchmarks/experiments/paper_daghar_supervised_3runs_perlr_samples_down_seed_harcnn_34/logs/id_9d13d07d4140/final/run_2025-09-15-06-13-44accb0927.yaml,0.4652777910232544,0.465277761220932,0.393109530210495,0.4652777910232544,0.41912156343460083,0.4652777910232544
evaluate_harcnn,id_9e53ea118770,id_d3d6018ed9ea,completed,1,True,id_6d037d42cfe2,supervised,harcnn,full_finetune_lr4,id_5365127f28e8,multimodal_df,daghar_standardized_balanced,kuhar,test,config_0,multimodal_perc_100,id_c2d68cc99d8f,har,evaluate,full_run,/workspaces/HIAAC-KR-Dev-Container/Minerva-Exps/benchmarks/experiments/paper_daghar_supervised_3runs_perlr_samples_down_seed_harcnn_34/logs/id_9e53ea118770/final,450215b8fa,/workspaces/HIAAC-KR-Dev-Container/Minerva-Exps/benchmarks/experiments/paper_daghar_supervised_3runs_perlr_samples_down_seed_harcnn_34/logs/id_9e53ea118770/final/metrics_2025-09-15-06-13-450215b8fa.yaml,/workspaces/HIAAC-KR-Dev-Container/Minerva-Exps/benchmarks/experiments/paper_daghar_supervised_3runs_perlr_samples_down_seed_harcnn_34/logs/id_9e53ea118770/final/run_2025-09-15-06-13-450215b8fa.yaml,0.5486111044883728,0.5486111044883728,0.441720575094223,0.5486111044883728,0.5517354011535645,0.5486111044883728
evaluate_harcnn,id_9761f6cbc5ee,id_b361786c49b8,completed,1,True,id_58b7ba40d9ba,supervised,harcnn,full_finetune_lr3,id_f390297e57d1,multimodal_df,daghar_standardized_balanced,rw_thigh,test,config_0,multimodal_perc_100,id_c2d68cc99d8f,har,evaluate,full_run,/workspaces/HIAAC-KR-Dev-Container/Minerva-Exps/benchmarks/experiments/paper_daghar_supervised_3runs_perlr_samples_down_seed_harcnn_34/logs/id_9761f6cbc5ee/final,31dff859fa,/workspaces/HIAAC-KR-Dev-Container/Minerva-Exps/benchmarks/experiments/paper_daghar_supervised_3runs_perlr_samples_down_seed_harcnn_34/logs/id_9761f6cbc5ee/final/metrics_2025-09-15-06-13-31dff859fa.yaml,/workspaces/HIAAC-KR-Dev-Container/Minerva-Exps/benchmarks/experiments/paper_daghar_supervised_3runs_perlr_samples_down_seed_harcnn_34/logs/id_9761f6cbc5ee/final/run_2025-09-15-06-13-31dff859fa.yaml,0.695652186870575,0.695652186870575,0.6703135967254639,0.695652186870575,0.7566004395484924,0.6956521272659302
evaluate_harcnn,id_9873f65a617c,id_3c31dd812428,completed,1,True,id_58b7ba40d9ba,supervised,harcnn,full_finetune_lr3,id_b1f5143574a1,multimodal_df,daghar_standardized_balanced,rw_waist,test,config_0,multimodal_perc_100,id_c2d68cc99d8f,har,evaluate,full_run,/workspaces/HIAAC-KR-Dev-Container/Minerva-Exps/benchmarks/experiments/paper_daghar_supervised_3runs_perlr_samples_down_seed_harcnn_34/logs/id_9873f65a617c/final,3723d92c5c,/workspaces/HIAAC-KR-Dev-Container/Minerva-Exps/benchmarks/experiments/paper_daghar_supervised_3runs_perlr_samples_down_seed_harcnn_34/logs/id_9873f65a617c/final/metrics_2025-09-15-06-13-3723d92c5c.yaml,/workspaces/HIAAC-KR-Dev-Container/Minerva-Exps/benchmarks/experiments/paper_daghar_supervised_3runs_perlr_samples_down_seed_harcnn_34/logs/id_9873f65a617c/final/run_2025-09-15-06-13-3723d92c5c.yaml,0.7851080298423767,0.7851080298423767,0.7775075435638428,0.7851080298423767,0.8466370105743408,0.7851080298423767
evaluate_harcnn,id_985161ebcc08,id_311371d2547f,completed,1,True,id_6d037d42cfe2,supervised,harcnn,full_finetune_lr4,id_f390297e57d1,multimodal_df,daghar_standardized_balanced,rw_thigh,test,config_0,multimodal_perc_100,id_c2d68cc99d8f,har,evaluate,full_run,/workspaces/HIAAC-KR-Dev-Container/Minerva-Exps/benchmarks/experiments/paper_daghar_supervised_3runs_perlr_samples_down_seed_harcnn_34/logs/id_985161ebcc08/final,3484adb146,/workspaces/HIAAC-KR-Dev-Container/Minerva-Exps/benchmarks/experiments/paper_daghar_supervised_3runs_perlr_samples_down_seed_harcnn_34/logs/id_985161ebcc08/final/metrics_2025-09-15-06-13-3484adb146.yaml,/workspaces/HIAAC-KR-Dev-Container/Minerva-Exps/benchmarks/experiments/paper_daghar_supervised_3runs_perlr_samples_down_seed_harcnn_34/logs/id_985161ebcc08/final/run_2025-09-15-06-13-3484adb146.yaml,0.7232574224472046,0.7232573628425598,0.7179609537124634,0.7232574224472046,0.7705267071723938,0.7232574224472046
evaluate_harcnn,id_9aacef854a69,id_7f2f4e8e63fc,completed,1,True,id_6d037d42cfe2,supervised,harcnn,full_finetune_lr4,id_b1f5143574a1,multimodal_df,daghar_standardized_balanced,rw_waist,test,config_0,multimodal_perc_100,id_c2d68cc99d8f,har,evaluate,full_run,/workspaces/HIAAC-KR-Dev-Container/Minerva-Exps/benchmarks/experiments/paper_daghar_supervised_3runs_perlr_samples_down_seed_harcnn_34/logs/id_9aacef854a69/final,38af418bfe,/workspaces/HIAAC-KR-Dev-Container/Minerva-Exps/benchmarks/experiments/paper_daghar_supervised_3runs_perlr_samples_down_seed_harcnn_34/logs/id_9aacef854a69/final/metrics_2025-09-15-06-13-38af418bfe.yaml,/workspaces/HIAAC-KR-Dev-Container/Minerva-Exps/benchmarks/experiments/paper_daghar_supervised_3runs_perlr_samples_down_seed_harcnn_34/logs/id_9aacef854a69/final/run_2025-09-15-06-13-38af418bfe.yaml,0.4903549253940582,0.4903549253940582,0.42633137106895447,0.4903549253940582,0.4976351857185364,0.4903549253940582
evaluate_harcnn,id_9f1da305c006,id_8e4a611bec5d,completed,1,True,id_58b7ba40d9ba,supervised,harcnn,full_finetune_lr3,id_14a6ecc69dec,multimodal_df,daghar_standardized_balanced,uci,test,config_0,multimodal_perc_100,id_c2d68cc99d8f,har,evaluate,full_run,/workspaces/HIAAC-KR-Dev-Container/Minerva-Exps/benchmarks/experiments/paper_daghar_supervised_3runs_perlr_samples_down_seed_harcnn_34/logs/id_9f1da305c006/final,00a5c47530,/workspaces/HIAAC-KR-Dev-Container/Minerva-Exps/benchmarks/experiments/paper_daghar_supervised_3runs_perlr_samples_down_seed_harcnn_34/logs/id_9f1da305c006/final/metrics_2025-09-15-06-14-00a5c47530.yaml,/workspaces/HIAAC-KR-Dev-Container/Minerva-Exps/benchmarks/experiments/paper_daghar_supervised_3runs_perlr_samples_down_seed_harcnn_34/logs/id_9f1da305c006/final/run_2025-09-15-06-14-00a5c47530.yaml,0.5260869860649109,0.5260869264602661,0.46477454900741577,0.5260869860649109,0.5091990232467651,0.5260869264602661
evaluate_harcnn,id_9d052ba5f246,id_fc9e2e352c9e,completed,1,True,id_6d037d42cfe2,supervised,harcnn,full_finetune_lr4,id_2cb57fb4e55b,multimodal_df,daghar_standardized_balanced,wisdm,test,config_0,multimodal_perc_100,id_c2d68cc99d8f,har,evaluate,full_run,/workspaces/HIAAC-KR-Dev-Container/Minerva-Exps/benchmarks/experiments/paper_daghar_supervised_3runs_perlr_samples_down_seed_harcnn_34/logs/id_9d052ba5f246/final,40f55dc14c,/workspaces/HIAAC-KR-Dev-Container/Minerva-Exps/benchmarks/experiments/paper_daghar_supervised_3runs_perlr_samples_down_seed_harcnn_34/logs/id_9d052ba5f246/final/metrics_2025-09-15-06-13-40f55dc14c.yaml,/workspaces/HIAAC-KR-Dev-Container/Minerva-Exps/benchmarks/experiments/paper_daghar_supervised_3runs_perlr_samples_down_seed_harcnn_34/logs/id_9d052ba5f246/final/run_2025-09-15-06-13-40f55dc14c.yaml,0.647849440574646,0.6478495001792908,0.5779529809951782,0.647849440574646,0.7060161232948303,0.6478495001792908
evaluate_harcnn,id_9f0afe36ba0e,id_b831a89432f3,completed,1,True,id_58b7ba40d9ba,supervised,harcnn,full_finetune_lr3,id_b1f5143574a1,multimodal_df,daghar_standardized_balanced,rw_waist,test,config_0,multimodal_perc_100,id_c2d68cc99d8f,har,evaluate,full_run,/workspaces/HIAAC-KR-Dev-Container/Minerva-Exps/benchmarks/experiments/paper_daghar_supervised_3runs_perlr_samples_down_seed_harcnn_34/logs/id_9f0afe36ba0e/final,45eeb3c02f,/workspaces/HIAAC-KR-Dev-Container/Minerva-Exps/benchmarks/experiments/paper_daghar_supervised_3runs_perlr_samples_down_seed_harcnn_34/logs/id_9f0afe36ba0e/final/metrics_2025-09-15-06-13-45eeb3c02f.yaml,/workspaces/HIAAC-KR-Dev-Container/Minerva-Exps/benchmarks/experiments/paper_daghar_supervised_3runs_perlr_samples_down_seed_harcnn_34/logs/id_9f0afe36ba0e/final/run_2025-09-15-06-13-45eeb3c02f.yaml,0.6033950448036194,0.6033950448036194,0.5778560638427734,0.6033950448036194,0.6411307454109192,0.6033951044082642
evaluate_harcnn,id_a34500fa8774,id_6778157ba2cd,completed,1,True,id_58b7ba40d9ba,supervised,harcnn,full_finetune_lr3,id_14a6ecc69dec,multimodal_df,daghar_standardized_balanced,uci,test,config_0,multimodal_perc_100,id_c2d68cc99d8f,har,evaluate,full_run,/workspaces/HIAAC-KR-Dev-Container/Minerva-Exps/benchmarks/experiments/paper_daghar_supervised_3runs_perlr_samples_down_seed_harcnn_34/logs/id_a34500fa8774/final,2063de664a,/workspaces/HIAAC-KR-Dev-Container/Minerva-Exps/benchmarks/experiments/paper_daghar_supervised_3runs_perlr_samples_down_seed_harcnn_34/logs/id_a34500fa8774/final/metrics_2025-09-15-06-14-2063de664a.yaml,/workspaces/HIAAC-KR-Dev-Container/Minerva-Exps/benchmarks/experiments/paper_daghar_supervised_3runs_perlr_samples_down_seed_harcnn_34/logs/id_a34500fa8774/final/run_2025-09-15-06-14-2063de664a.yaml,0.7927536368370056,0.7927535772323608,0.7367633581161499,0.7927536368370056,0.859137773513794,0.7927536368370056
evaluate_harcnn,id_a1f8bcd69568,id_b0e006d21bf9,completed,1,True,id_58b7ba40d9ba,supervised,harcnn,full_finetune_lr3,id_f390297e57d1,multimodal_df,daghar_standardized_balanced,rw_thigh,test,config_0,multimodal_perc_100,id_c2d68cc99d8f,har,evaluate,full_run,/workspaces/HIAAC-KR-Dev-Container/Minerva-Exps/benchmarks/experiments/paper_daghar_supervised_3runs_perlr_samples_down_seed_harcnn_34/logs/id_a1f8bcd69568/final,0009ceb5ab,/workspaces/HIAAC-KR-Dev-Container/Minerva-Exps/benchmarks/experiments/paper_daghar_supervised_3runs_perlr_samples_down_seed_harcnn_34/logs/id_a1f8bcd69568/final/metrics_2025-09-15-06-14-0009ceb5ab.yaml,/workspaces/HIAAC-KR-Dev-Container/Minerva-Exps/benchmarks/experiments/paper_daghar_supervised_3runs_perlr_samples_down_seed_harcnn_34/logs/id_a1f8bcd69568/final/run_2025-09-15-06-14-0009ceb5ab.yaml,0.4047619104385376,0.4047619104385376,0.3326207101345062,0.4047619104385376,0.4371505379676819,0.4047619104385376
evaluate_harcnn,id_a2bc60aa681e,id_2fd13954ed72,completed,1,True,id_58b7ba40d9ba,supervised,harcnn,full_finetune_lr3,id_e7f63cc66b02,multimodal_df,daghar_standardized_balanced,motionsense,test,config_0,multimodal_perc_100,id_c2d68cc99d8f,har,evaluate,full_run,/workspaces/HIAAC-KR-Dev-Container/Minerva-Exps/benchmarks/experiments/paper_daghar_supervised_3runs_perlr_samples_down_seed_harcnn_34/logs/id_a2bc60aa681e/final,19394ddc36,/workspaces/HIAAC-KR-Dev-Container/Minerva-Exps/benchmarks/experiments/paper_daghar_supervised_3runs_perlr_samples_down_seed_harcnn_34/logs/id_a2bc60aa681e/final/metrics_2025-09-15-06-14-19394ddc36.yaml,/workspaces/HIAAC-KR-Dev-Container/Minerva-Exps/benchmarks/experiments/paper_daghar_supervised_3runs_perlr_samples_down_seed_harcnn_34/logs/id_a2bc60aa681e/final/run_2025-09-15-06-14-19394ddc36.yaml,0.39453861117362976,0.39453861117362976,0.2737411558628082,0.39453861117362976,0.29331547021865845,0.39453861117362976
evaluate_harcnn,id_a4c2bb3d8c6a,id_5b1f24fa91fe,completed,1,True,id_6d037d42cfe2,supervised,harcnn,full_finetune_lr4,id_e7f63cc66b02,multimodal_df,daghar_standardized_balanced,motionsense,test,config_0,multimodal_perc_100,id_c2d68cc99d8f,har,evaluate,full_run,/workspaces/HIAAC-KR-Dev-Container/Minerva-Exps/benchmarks/experiments/paper_daghar_supervised_3runs_perlr_samples_down_seed_harcnn_34/logs/id_a4c2bb3d8c6a/final,2065bf323b,/workspaces/HIAAC-KR-Dev-Container/Minerva-Exps/benchmarks/experiments/paper_daghar_supervised_3runs_perlr_samples_down_seed_harcnn_34/logs/id_a4c2bb3d8c6a/final/metrics_2025-09-15-06-14-2065bf323b.yaml,/workspaces/HIAAC-KR-Dev-Container/Minerva-Exps/benchmarks/experiments/paper_daghar_supervised_3runs_perlr_samples_down_seed_harcnn_34/logs/id_a4c2bb3d8c6a/final/run_2025-09-15-06-14-2065bf323b.yaml,0.4679849445819855,0.4679849147796631,0.4103996157646179,0.4679849445819855,0.4102666974067688,0.4679849147796631
evaluate_harcnn,id_a255ec978648,id_876b73337d6a,completed,1,True,id_58b7ba40d9ba,supervised,harcnn,full_finetune_lr3,id_b1f5143574a1,multimodal_df,daghar_standardized_balanced,rw_waist,test,config_0,multimodal_perc_100,id_c2d68cc99d8f,har,evaluate,full_run,/workspaces/HIAAC-KR-Dev-Container/Minerva-Exps/benchmarks/experiments/paper_daghar_supervised_3runs_perlr_samples_down_seed_harcnn_34/logs/id_a255ec978648/final,138dde4bb0,/workspaces/HIAAC-KR-Dev-Container/Minerva-Exps/benchmarks/experiments/paper_daghar_supervised_3runs_perlr_samples_down_seed_harcnn_34/logs/id_a255ec978648/final/metrics_2025-09-15-06-14-138dde4bb0.yaml,/workspaces/HIAAC-KR-Dev-Container/Minerva-Exps/benchmarks/experiments/paper_daghar_supervised_3runs_perlr_samples_down_seed_harcnn_34/logs/id_a255ec978648/final/run_2025-09-15-06-14-138dde4bb0.yaml,0.6998456716537476,0.6998456120491028,0.6604666709899902,0.6998456716537476,0.7185250520706177,0.6998456716537476
evaluate_harcnn,id_a2b42204cdea,id_dee0b48b8299,completed,1,True,id_58b7ba40d9ba,supervised,harcnn,full_finetune_lr3,id_f390297e57d1,multimodal_df,daghar_standardized_balanced,rw_thigh,test,config_0,multimodal_perc_100,id_c2d68cc99d8f,har,evaluate,full_run,/workspaces/HIAAC-KR-Dev-Container/Minerva-Exps/benchmarks/experiments/paper_daghar_supervised_3runs_perlr_samples_down_seed_harcnn_34/logs/id_a2b42204cdea/final,18164fcf58,/workspaces/HIAAC-KR-Dev-Container/Minerva-Exps/benchmarks/experiments/paper_daghar_supervised_3runs_perlr_samples_down_seed_harcnn_34/logs/id_a2b42204cdea/final/metrics_2025-09-15-06-14-18164fcf58.yaml,/workspaces/HIAAC-KR-Dev-Container/Minerva-Exps/benchmarks/experiments/paper_daghar_supervised_3runs_perlr_samples_down_seed_harcnn_34/logs/id_a2b42204cdea/final/run_2025-09-15-06-14-18164fcf58.yaml,0.5141476988792419,0.5141476988792419,0.44301387667655945,0.5141476988792419,0.5569322109222412,0.5141476392745972
evaluate_harcnn,id_a9bc551badad,id_3dabb50b562d,completed,1,True,id_58b7ba40d9ba,supervised,harcnn,full_finetune_lr3,id_14a6ecc69dec,multimodal_df,daghar_standardized_balanced,uci,test,config_0,multimodal_perc_100,id_c2d68cc99d8f,har,evaluate,full_run,/workspaces/HIAAC-KR-Dev-Container/Minerva-Exps/benchmarks/experiments/paper_daghar_supervised_3runs_perlr_samples_down_seed_harcnn_34/logs/id_a9bc551badad/final,44790223b3,/workspaces/HIAAC-KR-Dev-Container/Minerva-Exps/benchmarks/experiments/paper_daghar_supervised_3runs_perlr_samples_down_seed_harcnn_34/logs/id_a9bc551badad/final/metrics_2025-09-15-06-14-44790223b3.yaml,/workspaces/HIAAC-KR-Dev-Container/Minerva-Exps/benchmarks/experiments/paper_daghar_supervised_3runs_perlr_samples_down_seed_harcnn_34/logs/id_a9bc551badad/final/run_2025-09-15-06-14-44790223b3.yaml,0.9623188376426697,0.9623187780380249,0.962236762046814,0.9623188376426697,0.9649856090545654,0.9623188376426697
evaluate_harcnn,id_ab12a2cb3cb3,id_f508c8be0f31,completed,1,True,id_6d037d42cfe2,supervised,harcnn,full_finetune_lr4,id_14a6ecc69dec,multimodal_df,daghar_standardized_balanced,uci,test,config_0,multimodal_perc_100,id_c2d68cc99d8f,har,evaluate,full_run,/workspaces/HIAAC-KR-Dev-Container/Minerva-Exps/benchmarks/experiments/paper_daghar_supervised_3runs_perlr_samples_down_seed_harcnn_34/logs/id_ab12a2cb3cb3/final,4638354ea3,/workspaces/HIAAC-KR-Dev-Container/Minerva-Exps/benchmarks/experiments/paper_daghar_supervised_3runs_perlr_samples_down_seed_harcnn_34/logs/id_ab12a2cb3cb3/final/metrics_2025-09-15-06-14-4638354ea3.yaml,/workspaces/HIAAC-KR-Dev-Container/Minerva-Exps/benchmarks/experiments/paper_daghar_supervised_3runs_perlr_samples_down_seed_harcnn_34/logs/id_ab12a2cb3cb3/final/run_2025-09-15-06-14-4638354ea3.yaml,0.8115941882133484,0.8115941882133484,0.8113715648651123,0.8115941882133484,0.8133891820907593,0.8115941882133484
evaluate_harcnn,id_a83968103bce,id_6e48531311a5,completed,1,True,id_6d037d42cfe2,supervised,harcnn,full_finetune_lr4,id_14a6ecc69dec,multimodal_df,daghar_standardized_balanced,uci,test,config_0,multimodal_perc_100,id_c2d68cc99d8f,har,evaluate,full_run,/workspaces/HIAAC-KR-Dev-Container/Minerva-Exps/benchmarks/experiments/paper_daghar_supervised_3runs_perlr_samples_down_seed_harcnn_34/logs/id_a83968103bce/final,445a62cfe6,/workspaces/HIAAC-KR-Dev-Container/Minerva-Exps/benchmarks/experiments/paper_daghar_supervised_3runs_perlr_samples_down_seed_harcnn_34/logs/id_a83968103bce/final/metrics_2025-09-15-06-14-445a62cfe6.yaml,/workspaces/HIAAC-KR-Dev-Container/Minerva-Exps/benchmarks/experiments/paper_daghar_supervised_3runs_perlr_samples_down_seed_harcnn_34/logs/id_a83968103bce/final/run_2025-09-15-06-14-445a62cfe6.yaml,0.8014492988586426,0.8014492988586426,0.7963464260101318,0.8014492988586426,0.8080928921699524,0.8014492988586426
evaluate_harcnn,id_a5591b4842a0,id_11a03514ec9e,completed,1,True,id_58b7ba40d9ba,supervised,harcnn,full_finetune_lr3,id_b1f5143574a1,multimodal_df,daghar_standardized_balanced,rw_waist,test,config_0,multimodal_perc_100,id_c2d68cc99d8f,har,evaluate,full_run,/workspaces/HIAAC-KR-Dev-Container/Minerva-Exps/benchmarks/experiments/paper_daghar_supervised_3runs_perlr_samples_down_seed_harcnn_34/logs/id_a5591b4842a0/final,25ebae4099,/workspaces/HIAAC-KR-Dev-Container/Minerva-Exps/benchmarks/experiments/paper_daghar_supervised_3runs_perlr_samples_down_seed_harcnn_34/logs/id_a5591b4842a0/final/metrics_2025-09-15-06-14-25ebae4099.yaml,/workspaces/HIAAC-KR-Dev-Container/Minerva-Exps/benchmarks/experiments/paper_daghar_supervised_3runs_perlr_samples_down_seed_harcnn_34/logs/id_a5591b4842a0/final/run_2025-09-15-06-14-25ebae4099.yaml,0.7160493731498718,0.7160494327545166,0.71684730052948,0.7160493731498718,0.7469745874404907,0.7160494327545166
evaluate_harcnn,id_a315ee44a61e,id_fba655ff6856,completed,1,True,id_6d037d42cfe2,supervised,harcnn,full_finetune_lr4,id_f390297e57d1,multimodal_df,daghar_standardized_balanced,rw_thigh,test,config_0,multimodal_perc_100,id_c2d68cc99d8f,har,evaluate,full_run,/workspaces/HIAAC-KR-Dev-Container/Minerva-Exps/benchmarks/experiments/paper_daghar_supervised_3runs_perlr_samples_down_seed_harcnn_34/logs/id_a315ee44a61e/final,2072604bd3,/workspaces/HIAAC-KR-Dev-Container/Minerva-Exps/benchmarks/experiments/paper_daghar_supervised_3runs_perlr_samples_down_seed_harcnn_34/logs/id_a315ee44a61e/final/metrics_2025-09-15-06-14-2072604bd3.yaml,/workspaces/HIAAC-KR-Dev-Container/Minerva-Exps/benchmarks/experiments/paper_daghar_supervised_3runs_perlr_samples_down_seed_harcnn_34/logs/id_a315ee44a61e/final/run_2025-09-15-06-14-2072604bd3.yaml,0.44375431537628174,0.44375428557395935,0.40603339672088623,0.44375431537628174,0.48897939920425415,0.44375431537628174
evaluate_harcnn,id_adc19bfdd77c,id_bb6cc338fe00,completed,1,True,id_6d037d42cfe2,supervised,harcnn,full_finetune_lr4,id_5365127f28e8,multimodal_df,daghar_standardized_balanced,kuhar,test,config_0,multimodal_perc_100,id_c2d68cc99d8f,har,evaluate,full_run,/workspaces/HIAAC-KR-Dev-Container/Minerva-Exps/benchmarks/experiments/paper_daghar_supervised_3runs_perlr_samples_down_seed_harcnn_34/logs/id_adc19bfdd77c/final,03faf22468,/workspaces/HIAAC-KR-Dev-Container/Minerva-Exps/benchmarks/experiments/paper_daghar_supervised_3runs_perlr_samples_down_seed_harcnn_34/logs/id_adc19bfdd77c/final/metrics_2025-09-15-06-15-03faf22468.yaml,/workspaces/HIAAC-KR-Dev-Container/Minerva-Exps/benchmarks/experiments/paper_daghar_supervised_3runs_perlr_samples_down_seed_harcnn_34/logs/id_adc19bfdd77c/final/run_2025-09-15-06-15-03faf22468.yaml,0.6041666865348816,0.6041666865348816,0.535946249961853,0.6041666865348816,0.5707828402519226,0.6041666269302368
evaluate_harcnn,id_b252e870871f,id_d028bf12c308,completed,1,True,id_58b7ba40d9ba,supervised,harcnn,full_finetune_lr3,id_5365127f28e8,multimodal_df,daghar_standardized_balanced,kuhar,test,config_0,multimodal_perc_100,id_c2d68cc99d8f,har,evaluate,full_run,/workspaces/HIAAC-KR-Dev-Container/Minerva-Exps/benchmarks/experiments/paper_daghar_supervised_3runs_perlr_samples_down_seed_harcnn_34/logs/id_b252e870871f/final,064b027769,/workspaces/HIAAC-KR-Dev-Container/Minerva-Exps/benchmarks/experiments/paper_daghar_supervised_3runs_perlr_samples_down_seed_harcnn_34/logs/id_b252e870871f/final/metrics_2025-09-15-06-15-064b027769.yaml,/workspaces/HIAAC-KR-Dev-Container/Minerva-Exps/benchmarks/experiments/paper_daghar_supervised_3runs_perlr_samples_down_seed_harcnn_34/logs/id_b252e870871f/final/run_2025-09-15-06-15-064b027769.yaml,0.5138888955116272,0.5138888955116272,0.43994060158729553,0.5138888955116272,0.4625149965286255,0.5138888955116272
evaluate_harcnn,id_a5cd87b2ca8a,id_d16240974b1c,completed,1,True,id_6d037d42cfe2,supervised,harcnn,full_finetune_lr4,id_b1f5143574a1,multimodal_df,daghar_standardized_balanced,rw_waist,test,config_0,multimodal_perc_100,id_c2d68cc99d8f,har,evaluate,full_run,/workspaces/HIAAC-KR-Dev-Container/Minerva-Exps/benchmarks/experiments/paper_daghar_supervised_3runs_perlr_samples_down_seed_harcnn_34/logs/id_a5cd87b2ca8a/final,41c21230d6,/workspaces/HIAAC-KR-Dev-Container/Minerva-Exps/benchmarks/experiments/paper_daghar_supervised_3runs_perlr_samples_down_seed_harcnn_34/logs/id_a5cd87b2ca8a/final/metrics_2025-09-15-06-14-41c21230d6.yaml,/workspaces/HIAAC-KR-Dev-Container/Minerva-Exps/benchmarks/experiments/paper_daghar_supervised_3runs_perlr_samples_down_seed_harcnn_34/logs/id_a5cd87b2ca8a/final/run_2025-09-15-06-14-41c21230d6.yaml,0.4162808656692505,0.4162808358669281,0.35062485933303833,0.4162808656692505,0.3889835476875305,0.4162808656692505
evaluate_harcnn,id_ae6ad47371d4,id_b322ae4fb74e,completed,1,True,id_58b7ba40d9ba,supervised,harcnn,full_finetune_lr3,id_e7f63cc66b02,multimodal_df,daghar_standardized_balanced,motionsense,test,config_0,multimodal_perc_100,id_c2d68cc99d8f,har,evaluate,full_run,/workspaces/HIAAC-KR-Dev-Container/Minerva-Exps/benchmarks/experiments/paper_daghar_supervised_3runs_perlr_samples_down_seed_harcnn_34/logs/id_ae6ad47371d4/final,05311c5dd3,/workspaces/HIAAC-KR-Dev-Container/Minerva-Exps/benchmarks/experiments/paper_daghar_supervised_3runs_perlr_samples_down_seed_harcnn_34/logs/id_ae6ad47371d4/final/metrics_2025-09-15-06-15-05311c5dd3.yaml,/workspaces/HIAAC-KR-Dev-Container/Minerva-Exps/benchmarks/experiments/paper_daghar_supervised_3runs_perlr_samples_down_seed_harcnn_34/logs/id_ae6ad47371d4/final/run_2025-09-15-06-15-05311c5dd3.yaml,0.6591337323188782,0.6591336727142334,0.6072667837142944,0.6591337323188782,0.6768069267272949,0.6591337323188782
evaluate_harcnn,id_b58d3e46a230,id_5e7dafb64de8,completed,1,True,id_6d037d42cfe2,supervised,harcnn,full_finetune_lr4,id_5365127f28e8,multimodal_df,daghar_standardized_balanced,kuhar,test,config_0,multimodal_perc_100,id_c2d68cc99d8f,har,evaluate,full_run,/workspaces/HIAAC-KR-Dev-Container/Minerva-Exps/benchmarks/experiments/paper_daghar_supervised_3runs_perlr_samples_down_seed_harcnn_34/logs/id_b58d3e46a230/final,247d167df3,/workspaces/HIAAC-KR-Dev-Container/Minerva-Exps/benchmarks/experiments/paper_daghar_supervised_3runs_perlr_samples_down_seed_harcnn_34/logs/id_b58d3e46a230/final/metrics_2025-09-15-06-15-247d167df3.yaml,/workspaces/HIAAC-KR-Dev-Container/Minerva-Exps/benchmarks/experiments/paper_daghar_supervised_3runs_perlr_samples_down_seed_harcnn_34/logs/id_b58d3e46a230/final/run_2025-09-15-06-15-247d167df3.yaml,0.5972222089767456,0.5972222089767456,0.5067497491836548,0.5972222089767456,0.5482616424560547,0.5972222685813904
evaluate_harcnn,id_ada31aae59c2,id_27fdc096cb5f,completed,1,True,id_58b7ba40d9ba,supervised,harcnn,full_finetune_lr3,id_2cb57fb4e55b,multimodal_df,daghar_standardized_balanced,wisdm,test,config_0,multimodal_perc_100,id_c2d68cc99d8f,har,evaluate,full_run,/workspaces/HIAAC-KR-Dev-Container/Minerva-Exps/benchmarks/experiments/paper_daghar_supervised_3runs_perlr_samples_down_seed_harcnn_34/logs/id_ada31aae59c2/final,017ecf35ef,/workspaces/HIAAC-KR-Dev-Container/Minerva-Exps/benchmarks/experiments/paper_daghar_supervised_3runs_perlr_samples_down_seed_harcnn_34/logs/id_ada31aae59c2/final/metrics_2025-09-15-06-15-017ecf35ef.yaml,/workspaces/HIAAC-KR-Dev-Container/Minerva-Exps/benchmarks/experiments/paper_daghar_supervised_3runs_perlr_samples_down_seed_harcnn_34/logs/id_ada31aae59c2/final/run_2025-09-15-06-15-017ecf35ef.yaml,0.6781874299049377,0.6781874299049377,0.6080261468887329,0.6781874299049377,0.613013505935669,0.678187370300293
evaluate_harcnn,id_ad68935279d3,id_451c0db3de95,completed,1,True,id_58b7ba40d9ba,supervised,harcnn,full_finetune_lr3,id_f390297e57d1,multimodal_df,daghar_standardized_balanced,rw_thigh,test,config_0,multimodal_perc_100,id_c2d68cc99d8f,har,evaluate,full_run,/workspaces/HIAAC-KR-Dev-Container/Minerva-Exps/benchmarks/experiments/paper_daghar_supervised_3runs_perlr_samples_down_seed_harcnn_34/logs/id_ad68935279d3/final,52b0d704ed,/workspaces/HIAAC-KR-Dev-Container/Minerva-Exps/benchmarks/experiments/paper_daghar_supervised_3runs_perlr_samples_down_seed_harcnn_34/logs/id_ad68935279d3/final/metrics_2025-09-15-06-14-52b0d704ed.yaml,/workspaces/HIAAC-KR-Dev-Container/Minerva-Exps/benchmarks/experiments/paper_daghar_supervised_3runs_perlr_samples_down_seed_harcnn_34/logs/id_ad68935279d3/final/run_2025-09-15-06-14-52b0d704ed.yaml,0.3240165710449219,0.3240165710449219,0.2045995444059372,0.3240165710449219,0.2899247407913208,0.3240165412425995
evaluate_harcnn,id_b585a93de9b3,id_b904bcfaafcd,completed,1,True,id_58b7ba40d9ba,supervised,harcnn,full_finetune_lr3,id_e7f63cc66b02,multimodal_df,daghar_standardized_balanced,motionsense,test,config_0,multimodal_perc_100,id_c2d68cc99d8f,har,evaluate,full_run,/workspaces/HIAAC-KR-Dev-Container/Minerva-Exps/benchmarks/experiments/paper_daghar_supervised_3runs_perlr_samples_down_seed_harcnn_34/logs/id_b585a93de9b3/final,226a2b6703,/workspaces/HIAAC-KR-Dev-Container/Minerva-Exps/benchmarks/experiments/paper_daghar_supervised_3runs_perlr_samples_down_seed_harcnn_34/logs/id_b585a93de9b3/final/metrics_2025-09-15-06-15-226a2b6703.yaml,/workspaces/HIAAC-KR-Dev-Container/Minerva-Exps/benchmarks/experiments/paper_daghar_supervised_3runs_perlr_samples_down_seed_harcnn_34/logs/id_b585a93de9b3/final/run_2025-09-15-06-15-226a2b6703.yaml,0.7570621371269226,0.7570621371269226,0.7281672954559326,0.7570621371269226,0.7983155250549316,0.7570621371269226
evaluate_harcnn,id_b007b8e5edd9,id_1592129efba0,completed,1,True,id_58b7ba40d9ba,supervised,harcnn,full_finetune_lr3,id_b1f5143574a1,multimodal_df,daghar_standardized_balanced,rw_waist,test,config_0,multimodal_perc_100,id_c2d68cc99d8f,har,evaluate,full_run,/workspaces/HIAAC-KR-Dev-Container/Minerva-Exps/benchmarks/experiments/paper_daghar_supervised_3runs_perlr_samples_down_seed_harcnn_34/logs/id_b007b8e5edd9/final,068f48c813,/workspaces/HIAAC-KR-Dev-Container/Minerva-Exps/benchmarks/experiments/paper_daghar_supervised_3runs_perlr_samples_down_seed_harcnn_34/logs/id_b007b8e5edd9/final/metrics_2025-09-15-06-15-068f48c813.yaml,/workspaces/HIAAC-KR-Dev-Container/Minerva-Exps/benchmarks/experiments/paper_daghar_supervised_3runs_perlr_samples_down_seed_harcnn_34/logs/id_b007b8e5edd9/final/run_2025-09-15-06-15-068f48c813.yaml,0.6373456716537476,0.6373456120491028,0.5966604351997375,0.6373456716537476,0.6559115648269653,0.6373456120491028
evaluate_harcnn,id_ae0b13f6d4a4,id_7890b6e46a75,completed,1,True,id_6d037d42cfe2,supervised,harcnn,full_finetune_lr4,id_b1f5143574a1,multimodal_df,daghar_standardized_balanced,rw_waist,test,config_0,multimodal_perc_100,id_c2d68cc99d8f,har,evaluate,full_run,/workspaces/HIAAC-KR-Dev-Container/Minerva-Exps/benchmarks/experiments/paper_daghar_supervised_3runs_perlr_samples_down_seed_harcnn_34/logs/id_ae0b13f6d4a4/final,06897b4f4f,/workspaces/HIAAC-KR-Dev-Container/Minerva-Exps/benchmarks/experiments/paper_daghar_supervised_3runs_perlr_samples_down_seed_harcnn_34/logs/id_ae0b13f6d4a4/final/metrics_2025-09-15-06-15-06897b4f4f.yaml,/workspaces/HIAAC-KR-Dev-Container/Minerva-Exps/benchmarks/experiments/paper_daghar_supervised_3runs_perlr_samples_down_seed_harcnn_34/logs/id_ae0b13f6d4a4/final/run_2025-09-15-06-15-06897b4f4f.yaml,0.6242284178733826,0.6242284178733826,0.5790389180183411,0.6242284178733826,0.5817619562149048,0.6242283582687378
evaluate_harcnn,id_b92ae1eba2f6,id_b1bd330eee27,completed,1,True,id_58b7ba40d9ba,supervised,harcnn,full_finetune_lr3,id_5365127f28e8,multimodal_df,daghar_standardized_balanced,kuhar,test,config_0,multimodal_perc_100,id_c2d68cc99d8f,har,evaluate,full_run,/workspaces/HIAAC-KR-Dev-Container/Minerva-Exps/benchmarks/experiments/paper_daghar_supervised_3runs_perlr_samples_down_seed_harcnn_34/logs/id_b92ae1eba2f6/final,40b7207ef5,/workspaces/HIAAC-KR-Dev-Container/Minerva-Exps/benchmarks/experiments/paper_daghar_supervised_3runs_perlr_samples_down_seed_harcnn_34/logs/id_b92ae1eba2f6/final/metrics_2025-09-15-06-15-40b7207ef5.yaml,/workspaces/HIAAC-KR-Dev-Container/Minerva-Exps/benchmarks/experiments/paper_daghar_supervised_3runs_perlr_samples_down_seed_harcnn_34/logs/id_b92ae1eba2f6/final/run_2025-09-15-06-15-40b7207ef5.yaml,0.4444444477558136,0.4444444477558136,0.3123232424259186,0.4444444477558136,0.269298255443573,0.4444444477558136
evaluate_harcnn,id_b9f2d720baa1,id_e72142b241ce,completed,1,True,id_58b7ba40d9ba,supervised,harcnn,full_finetune_lr3,id_5365127f28e8,multimodal_df,daghar_standardized_balanced,kuhar,test,config_0,multimodal_perc_100,id_c2d68cc99d8f,har,evaluate,full_run,/workspaces/HIAAC-KR-Dev-Container/Minerva-Exps/benchmarks/experiments/paper_daghar_supervised_3runs_perlr_samples_down_seed_harcnn_34/logs/id_b9f2d720baa1/final,4273fd8f7e,/workspaces/HIAAC-KR-Dev-Container/Minerva-Exps/benchmarks/experiments/paper_daghar_supervised_3runs_perlr_samples_down_seed_harcnn_34/logs/id_b9f2d720baa1/final/metrics_2025-09-15-06-15-4273fd8f7e.yaml,/workspaces/HIAAC-KR-Dev-Container/Minerva-Exps/benchmarks/experiments/paper_daghar_supervised_3runs_perlr_samples_down_seed_harcnn_34/logs/id_b9f2d720baa1/final/run_2025-09-15-06-15-4273fd8f7e.yaml,0.4375,0.4375,0.3255331516265869,0.4375,0.4450773596763611,0.4375000298023224
evaluate_harcnn,id_b4381611dd0f,id_e38f75a5111f,completed,1,True,id_6d037d42cfe2,supervised,harcnn,full_finetune_lr4,id_2cb57fb4e55b,multimodal_df,daghar_standardized_balanced,wisdm,test,config_0,multimodal_perc_100,id_c2d68cc99d8f,har,evaluate,full_run,/workspaces/HIAAC-KR-Dev-Container/Minerva-Exps/benchmarks/experiments/paper_daghar_supervised_3runs_perlr_samples_down_seed_harcnn_34/logs/id_b4381611dd0f/final,19f83a5372,/workspaces/HIAAC-KR-Dev-Container/Minerva-Exps/benchmarks/experiments/paper_daghar_supervised_3runs_perlr_samples_down_seed_harcnn_34/logs/id_b4381611dd0f/final/metrics_2025-09-15-06-15-19f83a5372.yaml,/workspaces/HIAAC-KR-Dev-Container/Minerva-Exps/benchmarks/experiments/paper_daghar_supervised_3runs_perlr_samples_down_seed_harcnn_34/logs/id_b4381611dd0f/final/run_2025-09-15-06-15-19f83a5372.yaml,0.8037634491920471,0.8037633895874023,0.7987672686576843,0.8037634491920471,0.811417281627655,0.8037634491920471
evaluate_harcnn,id_b89234cfa768,id_ce0d856a77ba,completed,1,True,id_58b7ba40d9ba,supervised,harcnn,full_finetune_lr3,id_f390297e57d1,multimodal_df,daghar_standardized_balanced,rw_thigh,test,config_0,multimodal_perc_100,id_c2d68cc99d8f,har,evaluate,full_run,/workspaces/HIAAC-KR-Dev-Container/Minerva-Exps/benchmarks/experiments/paper_daghar_supervised_3runs_perlr_samples_down_seed_harcnn_34/logs/id_b89234cfa768/final,28fd4c4a38,/workspaces/HIAAC-KR-Dev-Container/Minerva-Exps/benchmarks/experiments/paper_daghar_supervised_3runs_perlr_samples_down_seed_harcnn_34/logs/id_b89234cfa768/final/metrics_2025-09-15-06-15-28fd4c4a38.yaml,/workspaces/HIAAC-KR-Dev-Container/Minerva-Exps/benchmarks/experiments/paper_daghar_supervised_3runs_perlr_samples_down_seed_harcnn_34/logs/id_b89234cfa768/final/run_2025-09-15-06-15-28fd4c4a38.yaml,0.703243613243103,0.7032436728477478,0.6577293276786804,0.703243613243103,0.6580511331558228,0.703243613243103
evaluate_harcnn,id_beec5031d6f3,id_c03b6b49bb14,completed,1,True,id_58b7ba40d9ba,supervised,harcnn,full_finetune_lr3,id_e7f63cc66b02,multimodal_df,daghar_standardized_balanced,motionsense,test,config_0,multimodal_perc_100,id_c2d68cc99d8f,har,evaluate,full_run,/workspaces/HIAAC-KR-Dev-Container/Minerva-Exps/benchmarks/experiments/paper_daghar_supervised_3runs_perlr_samples_down_seed_harcnn_34/logs/id_beec5031d6f3/final,47b71cd0eb,/workspaces/HIAAC-KR-Dev-Container/Minerva-Exps/benchmarks/experiments/paper_daghar_supervised_3runs_perlr_samples_down_seed_harcnn_34/logs/id_beec5031d6f3/final/metrics_2025-09-15-06-15-47b71cd0eb.yaml,/workspaces/HIAAC-KR-Dev-Container/Minerva-Exps/benchmarks/experiments/paper_daghar_supervised_3runs_perlr_samples_down_seed_harcnn_34/logs/id_beec5031d6f3/final/run_2025-09-15-06-15-47b71cd0eb.yaml,0.7937853336334229,0.7937853336334229,0.7384340763092041,0.7937853336334229,0.7128095626831055,0.7937853932380676
evaluate_harcnn,id_c04a4b7ae938,id_e48550fdee93,completed,1,True,id_58b7ba40d9ba,supervised,harcnn,full_finetune_lr3,id_5365127f28e8,multimodal_df,daghar_standardized_balanced,kuhar,test,config_0,multimodal_perc_100,id_c2d68cc99d8f,har,evaluate,full_run,/workspaces/HIAAC-KR-Dev-Container/Minerva-Exps/benchmarks/experiments/paper_daghar_supervised_3runs_perlr_samples_down_seed_harcnn_34/logs/id_c04a4b7ae938/final,574f0ffd7b,/workspaces/HIAAC-KR-Dev-Container/Minerva-Exps/benchmarks/experiments/paper_daghar_supervised_3runs_perlr_samples_down_seed_harcnn_34/logs/id_c04a4b7ae938/final/metrics_2025-09-15-06-15-574f0ffd7b.yaml,/workspaces/HIAAC-KR-Dev-Container/Minerva-Exps/benchmarks/experiments/paper_daghar_supervised_3runs_perlr_samples_down_seed_harcnn_34/logs/id_c04a4b7ae938/final/run_2025-09-15-06-15-574f0ffd7b.yaml,0.4930555522441864,0.4930555522441864,0.35974210500717163,0.4930555522441864,0.3059259355068207,0.4930555820465088
evaluate_harcnn,id_c0f2c7f805f0,id_3bb10475f1b1,completed,1,True,id_6d037d42cfe2,supervised,harcnn,full_finetune_lr4,id_e7f63cc66b02,multimodal_df,daghar_standardized_balanced,motionsense,test,config_0,multimodal_perc_100,id_c2d68cc99d8f,har,evaluate,full_run,/workspaces/HIAAC-KR-Dev-Container/Minerva-Exps/benchmarks/experiments/paper_daghar_supervised_3runs_perlr_samples_down_seed_harcnn_34/logs/id_c0f2c7f805f0/final,5877f8b1c9,/workspaces/HIAAC-KR-Dev-Container/Minerva-Exps/benchmarks/experiments/paper_daghar_supervised_3runs_perlr_samples_down_seed_harcnn_34/logs/id_c0f2c7f805f0/final/metrics_2025-09-15-06-15-5877f8b1c9.yaml,/workspaces/HIAAC-KR-Dev-Container/Minerva-Exps/benchmarks/experiments/paper_daghar_supervised_3runs_perlr_samples_down_seed_harcnn_34/logs/id_c0f2c7f805f0/final/run_2025-09-15-06-15-5877f8b1c9.yaml,0.6516007781028748,0.65160071849823,0.5994894504547119,0.6516007781028748,0.7035579681396484,0.65160071849823
evaluate_harcnn,id_bbf83293b20c,id_c6911665923b,completed,1,True,id_58b7ba40d9ba,supervised,harcnn,full_finetune_lr3,id_b1f5143574a1,multimodal_df,daghar_standardized_balanced,rw_waist,test,config_0,multimodal_perc_100,id_c2d68cc99d8f,har,evaluate,full_run,/workspaces/HIAAC-KR-Dev-Container/Minerva-Exps/benchmarks/experiments/paper_daghar_supervised_3runs_perlr_samples_down_seed_harcnn_34/logs/id_bbf83293b20c/final,4436f69559,/workspaces/HIAAC-KR-Dev-Container/Minerva-Exps/benchmarks/experiments/paper_daghar_supervised_3runs_perlr_samples_down_seed_harcnn_34/logs/id_bbf83293b20c/final/metrics_2025-09-15-06-15-4436f69559.yaml,/workspaces/HIAAC-KR-Dev-Container/Minerva-Exps/benchmarks/experiments/paper_daghar_supervised_3runs_perlr_samples_down_seed_harcnn_34/logs/id_bbf83293b20c/final/run_2025-09-15-06-15-4436f69559.yaml,0.5165895223617554,0.5165895223617554,0.41774672269821167,0.5165895223617554,0.5046942830085754,0.5165895223617554
evaluate_harcnn,id_bc91e4d01b1a,id_0418ca8249d0,completed,1,True,id_58b7ba40d9ba,supervised,harcnn,full_finetune_lr3,id_b1f5143574a1,multimodal_df,daghar_standardized_balanced,rw_waist,test,config_0,multimodal_perc_100,id_c2d68cc99d8f,har,evaluate,full_run,/workspaces/HIAAC-KR-Dev-Container/Minerva-Exps/benchmarks/experiments/paper_daghar_supervised_3runs_perlr_samples_down_seed_harcnn_34/logs/id_bc91e4d01b1a/final,46e56a9d3b,/workspaces/HIAAC-KR-Dev-Container/Minerva-Exps/benchmarks/experiments/paper_daghar_supervised_3runs_perlr_samples_down_seed_harcnn_34/logs/id_bc91e4d01b1a/final/metrics_2025-09-15-06-15-46e56a9d3b.yaml,/workspaces/HIAAC-KR-Dev-Container/Minerva-Exps/benchmarks/experiments/paper_daghar_supervised_3runs_perlr_samples_down_seed_harcnn_34/logs/id_bc91e4d01b1a/final/run_2025-09-15-06-15-46e56a9d3b.yaml,0.479938268661499,0.479938268661499,0.3901320695877075,0.479938268661499,0.47624486684799194,0.479938268661499
evaluate_harcnn,id_b8bebdfb191f,id_bd17bbecbabb,completed,1,True,id_58b7ba40d9ba,supervised,harcnn,full_finetune_lr3,id_f390297e57d1,multimodal_df,daghar_standardized_balanced,rw_thigh,test,config_0,multimodal_perc_100,id_c2d68cc99d8f,har,evaluate,full_run,/workspaces/HIAAC-KR-Dev-Container/Minerva-Exps/benchmarks/experiments/paper_daghar_supervised_3runs_perlr_samples_down_seed_harcnn_34/logs/id_b8bebdfb191f/final,401f88353e,/workspaces/HIAAC-KR-Dev-Container/Minerva-Exps/benchmarks/experiments/paper_daghar_supervised_3runs_perlr_samples_down_seed_harcnn_34/logs/id_b8bebdfb191f/final/metrics_2025-09-15-06-15-401f88353e.yaml,/workspaces/HIAAC-KR-Dev-Container/Minerva-Exps/benchmarks/experiments/paper_daghar_supervised_3runs_perlr_samples_down_seed_harcnn_34/logs/id_b8bebdfb191f/final/run_2025-09-15-06-15-401f88353e.yaml,0.30434781312942505,0.30434784293174744,0.17092223465442657,0.30434781312942505,0.12859012186527252,0.30434781312942505
evaluate_harcnn,id_c5dad89ee058,id_b779b553b8a9,completed,1,True,id_58b7ba40d9ba,supervised,harcnn,full_finetune_lr3,id_e7f63cc66b02,multimodal_df,daghar_standardized_balanced,motionsense,test,config_0,multimodal_perc_100,id_c2d68cc99d8f,har,evaluate,full_run,/workspaces/HIAAC-KR-Dev-Container/Minerva-Exps/benchmarks/experiments/paper_daghar_supervised_3runs_perlr_samples_down_seed_harcnn_34/logs/id_c5dad89ee058/final,11c2ab3111,/workspaces/HIAAC-KR-Dev-Container/Minerva-Exps/benchmarks/experiments/paper_daghar_supervised_3runs_perlr_samples_down_seed_harcnn_34/logs/id_c5dad89ee058/final/metrics_2025-09-15-06-16-11c2ab3111.yaml,/workspaces/HIAAC-KR-Dev-Container/Minerva-Exps/benchmarks/experiments/paper_daghar_supervised_3runs_perlr_samples_down_seed_harcnn_34/logs/id_c5dad89ee058/final/run_2025-09-15-06-16-11c2ab3111.yaml,0.4792843759059906,0.4792843759059906,0.4345441460609436,0.4792843759059906,0.5383985042572021,0.4792843461036682
evaluate_harcnn,id_c613724c81ae,id_a14213eb1dbc,completed,1,True,id_6d037d42cfe2,supervised,harcnn,full_finetune_lr4,id_e7f63cc66b02,multimodal_df,daghar_standardized_balanced,motionsense,test,config_0,multimodal_perc_100,id_c2d68cc99d8f,har,evaluate,full_run,/workspaces/HIAAC-KR-Dev-Container/Minerva-Exps/benchmarks/experiments/paper_daghar_supervised_3runs_perlr_samples_down_seed_harcnn_34/logs/id_c613724c81ae/final,11656fc8d3,/workspaces/HIAAC-KR-Dev-Container/Minerva-Exps/benchmarks/experiments/paper_daghar_supervised_3runs_perlr_samples_down_seed_harcnn_34/logs/id_c613724c81ae/final/metrics_2025-09-15-06-16-11656fc8d3.yaml,/workspaces/HIAAC-KR-Dev-Container/Minerva-Exps/benchmarks/experiments/paper_daghar_supervised_3runs_perlr_samples_down_seed_harcnn_34/logs/id_c613724c81ae/final/run_2025-09-15-06-16-11656fc8d3.yaml,0.7956685423851013,0.7956685423851013,0.7406510710716248,0.7956685423851013,0.7142382860183716,0.7956685423851013
evaluate_harcnn,id_c68504318768,id_e7909492864e,completed,1,True,id_6d037d42cfe2,supervised,harcnn,full_finetune_lr4,id_5365127f28e8,multimodal_df,daghar_standardized_balanced,kuhar,test,config_0,multimodal_perc_100,id_c2d68cc99d8f,har,evaluate,full_run,/workspaces/HIAAC-KR-Dev-Container/Minerva-Exps/benchmarks/experiments/paper_daghar_supervised_3runs_perlr_samples_down_seed_harcnn_34/logs/id_c68504318768/final,23d0cf705d,/workspaces/HIAAC-KR-Dev-Container/Minerva-Exps/benchmarks/experiments/paper_daghar_supervised_3runs_perlr_samples_down_seed_harcnn_34/logs/id_c68504318768/final/metrics_2025-09-15-06-16-23d0cf705d.yaml,/workspaces/HIAAC-KR-Dev-Container/Minerva-Exps/benchmarks/experiments/paper_daghar_supervised_3runs_perlr_samples_down_seed_harcnn_34/logs/id_c68504318768/final/run_2025-09-15-06-16-23d0cf705d.yaml,0.5277777910232544,0.5277777910232544,0.3956935405731201,0.5277777910232544,0.35871580243110657,0.5277777910232544
evaluate_harcnn,id_c1d18a4980c9,id_5655481fac45,completed,1,True,id_58b7ba40d9ba,supervised,harcnn,full_finetune_lr3,id_b1f5143574a1,multimodal_df,daghar_standardized_balanced,rw_waist,test,config_0,multimodal_perc_100,id_c2d68cc99d8f,har,evaluate,full_run,/workspaces/HIAAC-KR-Dev-Container/Minerva-Exps/benchmarks/experiments/paper_daghar_supervised_3runs_perlr_samples_down_seed_harcnn_34/logs/id_c1d18a4980c9/final,00379bf0c0,/workspaces/HIAAC-KR-Dev-Container/Minerva-Exps/benchmarks/experiments/paper_daghar_supervised_3runs_perlr_samples_down_seed_harcnn_34/logs/id_c1d18a4980c9/final/metrics_2025-09-15-06-16-00379bf0c0.yaml,/workspaces/HIAAC-KR-Dev-Container/Minerva-Exps/benchmarks/experiments/paper_daghar_supervised_3runs_perlr_samples_down_seed_harcnn_34/logs/id_c1d18a4980c9/final/run_2025-09-15-06-16-00379bf0c0.yaml,0.6477623581886292,0.6477623581886292,0.640084981918335,0.6477623581886292,0.6601061820983887,0.6477623581886292
evaluate_harcnn,id_c72475794234,id_e48b6e30bded,completed,1,True,id_58b7ba40d9ba,supervised,harcnn,full_finetune_lr3,id_e7f63cc66b02,multimodal_df,daghar_standardized_balanced,motionsense,test,config_0,multimodal_perc_100,id_c2d68cc99d8f,har,evaluate,full_run,/workspaces/HIAAC-KR-Dev-Container/Minerva-Exps/benchmarks/experiments/paper_daghar_supervised_3runs_perlr_samples_down_seed_harcnn_34/logs/id_c72475794234/final,249ac6c95c,/workspaces/HIAAC-KR-Dev-Container/Minerva-Exps/benchmarks/experiments/paper_daghar_supervised_3runs_perlr_samples_down_seed_harcnn_34/logs/id_c72475794234/final/metrics_2025-09-15-06-16-249ac6c95c.yaml,/workspaces/HIAAC-KR-Dev-Container/Minerva-Exps/benchmarks/experiments/paper_daghar_supervised_3runs_perlr_samples_down_seed_harcnn_34/logs/id_c72475794234/final/run_2025-09-15-06-16-249ac6c95c.yaml,0.7429378628730774,0.7429378032684326,0.6876744627952576,0.7429378628730774,0.6665670275688171,0.7429378628730774
evaluate_harcnn,id_ce2028a2a9c7,id_d5c400a33dcc,completed,1,True,id_58b7ba40d9ba,supervised,harcnn,full_finetune_lr3,id_e7f63cc66b02,multimodal_df,daghar_standardized_balanced,motionsense,test,config_0,multimodal_perc_100,id_c2d68cc99d8f,har,evaluate,full_run,/workspaces/HIAAC-KR-Dev-Container/Minerva-Exps/benchmarks/experiments/paper_daghar_supervised_3runs_perlr_samples_down_seed_harcnn_34/logs/id_ce2028a2a9c7/final,3030ce5a07,/workspaces/HIAAC-KR-Dev-Container/Minerva-Exps/benchmarks/experiments/paper_daghar_supervised_3runs_perlr_samples_down_seed_harcnn_34/logs/id_ce2028a2a9c7/final/metrics_2025-09-15-06-16-3030ce5a07.yaml,/workspaces/HIAAC-KR-Dev-Container/Minerva-Exps/benchmarks/experiments/paper_daghar_supervised_3runs_perlr_samples_down_seed_harcnn_34/logs/id_ce2028a2a9c7/final/run_2025-09-15-06-16-3030ce5a07.yaml,0.7589454054832458,0.7589454054832458,0.7044629454612732,0.7589454054832458,0.6835634708404541,0.7589454054832458
evaluate_harcnn,id_c4f7248d2d44,id_559c07ab616b,completed,1,True,id_6d037d42cfe2,supervised,harcnn,full_finetune_lr4,id_2cb57fb4e55b,multimodal_df,daghar_standardized_balanced,wisdm,test,config_0,multimodal_perc_100,id_c2d68cc99d8f,har,evaluate,full_run,/workspaces/HIAAC-KR-Dev-Container/Minerva-Exps/benchmarks/experiments/paper_daghar_supervised_3runs_perlr_samples_down_seed_harcnn_34/logs/id_c4f7248d2d44/final,105af1a851,/workspaces/HIAAC-KR-Dev-Container/Minerva-Exps/benchmarks/experiments/paper_daghar_supervised_3runs_perlr_samples_down_seed_harcnn_34/logs/id_c4f7248d2d44/final/metrics_2025-09-15-06-16-105af1a851.yaml,/workspaces/HIAAC-KR-Dev-Container/Minerva-Exps/benchmarks/experiments/paper_daghar_supervised_3runs_perlr_samples_down_seed_harcnn_34/logs/id_c4f7248d2d44/final/run_2025-09-15-06-16-105af1a851.yaml,0.3605990707874298,0.3605990707874298,0.2495710551738739,0.3605990707874298,0.2045212984085083,0.3605990707874298
evaluate_harcnn,id_d12e4512c868,id_ae926ba0d0b0,completed,1,True,id_58b7ba40d9ba,supervised,harcnn,full_finetune_lr3,id_5365127f28e8,multimodal_df,daghar_standardized_balanced,kuhar,test,config_0,multimodal_perc_100,id_c2d68cc99d8f,har,evaluate,full_run,/workspaces/HIAAC-KR-Dev-Container/Minerva-Exps/benchmarks/experiments/paper_daghar_supervised_3runs_perlr_samples_down_seed_harcnn_34/logs/id_d12e4512c868/final,406effd4f3,/workspaces/HIAAC-KR-Dev-Container/Minerva-Exps/benchmarks/experiments/paper_daghar_supervised_3runs_perlr_samples_down_seed_harcnn_34/logs/id_d12e4512c868/final/metrics_2025-09-15-06-16-406effd4f3.yaml,/workspaces/HIAAC-KR-Dev-Container/Minerva-Exps/benchmarks/experiments/paper_daghar_supervised_3runs_perlr_samples_down_seed_harcnn_34/logs/id_d12e4512c868/final/run_2025-09-15-06-16-406effd4f3.yaml,0.5347222089767456,0.5347222089767456,0.45480117201805115,0.5347222089767456,0.4745790958404541,0.5347222685813904
evaluate_harcnn,id_cfdd4a19448d,id_6f0fbac0740b,completed,1,True,id_6d037d42cfe2,supervised,harcnn,full_finetune_lr4,id_e7f63cc66b02,multimodal_df,daghar_standardized_balanced,motionsense,test,config_0,multimodal_perc_100,id_c2d68cc99d8f,har,evaluate,full_run,/workspaces/HIAAC-KR-Dev-Container/Minerva-Exps/benchmarks/experiments/paper_daghar_supervised_3runs_perlr_samples_down_seed_harcnn_34/logs/id_cfdd4a19448d/final,360498e7b9,/workspaces/HIAAC-KR-Dev-Container/Minerva-Exps/benchmarks/experiments/paper_daghar_supervised_3runs_perlr_samples_down_seed_harcnn_34/logs/id_cfdd4a19448d/final/metrics_2025-09-15-06-16-360498e7b9.yaml,/workspaces/HIAAC-KR-Dev-Container/Minerva-Exps/benchmarks/experiments/paper_daghar_supervised_3runs_perlr_samples_down_seed_harcnn_34/logs/id_cfdd4a19448d/final/run_2025-09-15-06-16-360498e7b9.yaml,0.604519784450531,0.604519784450531,0.5729458332061768,0.604519784450531,0.6478429436683655,0.604519784450531
evaluate_harcnn,id_d104f9d6cace,id_1b31e1f6267c,completed,1,True,id_6d037d42cfe2,supervised,harcnn,full_finetune_lr4,id_14a6ecc69dec,multimodal_df,daghar_standardized_balanced,uci,test,config_0,multimodal_perc_100,id_c2d68cc99d8f,har,evaluate,full_run,/workspaces/HIAAC-KR-Dev-Container/Minerva-Exps/benchmarks/experiments/paper_daghar_supervised_3runs_perlr_samples_down_seed_harcnn_34/logs/id_d104f9d6cace/final,394e6919a1,/workspaces/HIAAC-KR-Dev-Container/Minerva-Exps/benchmarks/experiments/paper_daghar_supervised_3runs_perlr_samples_down_seed_harcnn_34/logs/id_d104f9d6cace/final/metrics_2025-09-15-06-16-394e6919a1.yaml,/workspaces/HIAAC-KR-Dev-Container/Minerva-Exps/benchmarks/experiments/paper_daghar_supervised_3runs_perlr_samples_down_seed_harcnn_34/logs/id_d104f9d6cace/final/run_2025-09-15-06-16-394e6919a1.yaml,0.8101449012756348,0.8101449012756348,0.804276168346405,0.8101449012756348,0.8181968331336975,0.8101449012756348
evaluate_harcnn,id_c8bdd4f6c524,id_93f1ac1c2ffe,completed,1,True,id_58b7ba40d9ba,supervised,harcnn,full_finetune_lr3,id_f390297e57d1,multimodal_df,daghar_standardized_balanced,rw_thigh,test,config_0,multimodal_perc_100,id_c2d68cc99d8f,har,evaluate,full_run,/workspaces/HIAAC-KR-Dev-Container/Minerva-Exps/benchmarks/experiments/paper_daghar_supervised_3runs_perlr_samples_down_seed_harcnn_34/logs/id_c8bdd4f6c524/final,254e2ac516,/workspaces/HIAAC-KR-Dev-Container/Minerva-Exps/benchmarks/experiments/paper_daghar_supervised_3runs_perlr_samples_down_seed_harcnn_34/logs/id_c8bdd4f6c524/final/metrics_2025-09-15-06-16-254e2ac516.yaml,/workspaces/HIAAC-KR-Dev-Container/Minerva-Exps/benchmarks/experiments/paper_daghar_supervised_3runs_perlr_samples_down_seed_harcnn_34/logs/id_c8bdd4f6c524/final/run_2025-09-15-06-16-254e2ac516.yaml,0.5569358468055725,0.5569358468055725,0.5037194490432739,0.5569358468055725,0.5469701886177063,0.5569357872009277
evaluate_harcnn,id_d1e7cc551803,id_7195bf87874a,completed,1,True,id_6d037d42cfe2,supervised,harcnn,full_finetune_lr4,id_e7f63cc66b02,multimodal_df,daghar_standardized_balanced,motionsense,test,config_0,multimodal_perc_100,id_c2d68cc99d8f,har,evaluate,full_run,/workspaces/HIAAC-KR-Dev-Container/Minerva-Exps/benchmarks/experiments/paper_daghar_supervised_3runs_perlr_samples_down_seed_harcnn_34/logs/id_d1e7cc551803/final,4922e0b5a6,/workspaces/HIAAC-KR-Dev-Container/Minerva-Exps/benchmarks/experiments/paper_daghar_supervised_3runs_perlr_samples_down_seed_harcnn_34/logs/id_d1e7cc551803/final/metrics_2025-09-15-06-16-4922e0b5a6.yaml,/workspaces/HIAAC-KR-Dev-Container/Minerva-Exps/benchmarks/experiments/paper_daghar_supervised_3runs_perlr_samples_down_seed_harcnn_34/logs/id_d1e7cc551803/final/run_2025-09-15-06-16-4922e0b5a6.yaml,0.6751412153244019,0.6751412749290466,0.6232019662857056,0.6751412153244019,0.7178837656974792,0.6751412153244019
evaluate_harcnn,id_d21f036d7004,id_6eb7d47c92ec,completed,1,True,id_58b7ba40d9ba,supervised,harcnn,full_finetune_lr3,id_14a6ecc69dec,multimodal_df,daghar_standardized_balanced,uci,test,config_0,multimodal_perc_100,id_c2d68cc99d8f,har,evaluate,full_run,/workspaces/HIAAC-KR-Dev-Container/Minerva-Exps/benchmarks/experiments/paper_daghar_supervised_3runs_perlr_samples_down_seed_harcnn_34/logs/id_d21f036d7004/final,54150311de,/workspaces/HIAAC-KR-Dev-Container/Minerva-Exps/benchmarks/experiments/paper_daghar_supervised_3runs_perlr_samples_down_seed_harcnn_34/logs/id_d21f036d7004/final/metrics_2025-09-15-06-16-54150311de.yaml,/workspaces/HIAAC-KR-Dev-Container/Minerva-Exps/benchmarks/experiments/paper_daghar_supervised_3runs_perlr_samples_down_seed_harcnn_34/logs/id_d21f036d7004/final/run_2025-09-15-06-16-54150311de.yaml,0.643478274345398,0.643478274345398,0.5955824255943298,0.643478274345398,0.6082101464271545,0.643478274345398
evaluate_harcnn,id_ceedc90d79d9,id_78efc4409efe,completed,1,True,id_6d037d42cfe2,supervised,harcnn,full_finetune_lr4,id_b1f5143574a1,multimodal_df,daghar_standardized_balanced,rw_waist,test,config_0,multimodal_perc_100,id_c2d68cc99d8f,har,evaluate,full_run,/workspaces/HIAAC-KR-Dev-Container/Minerva-Exps/benchmarks/experiments/paper_daghar_supervised_3runs_perlr_samples_down_seed_harcnn_34/logs/id_ceedc90d79d9/final,3646368624,/workspaces/HIAAC-KR-Dev-Container/Minerva-Exps/benchmarks/experiments/paper_daghar_supervised_3runs_perlr_samples_down_seed_harcnn_34/logs/id_ceedc90d79d9/final/metrics_2025-09-15-06-16-3646368624.yaml,/workspaces/HIAAC-KR-Dev-Container/Minerva-Exps/benchmarks/experiments/paper_daghar_supervised_3runs_perlr_samples_down_seed_harcnn_34/logs/id_ceedc90d79d9/final/run_2025-09-15-06-16-3646368624.yaml,0.7372685074806213,0.7372685074806213,0.7364272475242615,0.7372685074806213,0.773582398891449,0.7372685670852661
evaluate_harcnn,id_d2c757d14640,id_ac2ff6d80704,completed,1,True,id_58b7ba40d9ba,supervised,harcnn,full_finetune_lr3,id_e7f63cc66b02,multimodal_df,daghar_standardized_balanced,motionsense,test,config_0,multimodal_perc_100,id_c2d68cc99d8f,har,evaluate,full_run,/workspaces/HIAAC-KR-Dev-Container/Minerva-Exps/benchmarks/experiments/paper_daghar_supervised_3runs_perlr_samples_down_seed_harcnn_34/logs/id_d2c757d14640/final,56d71f8dff,/workspaces/HIAAC-KR-Dev-Container/Minerva-Exps/benchmarks/experiments/paper_daghar_supervised_3runs_perlr_samples_down_seed_harcnn_34/logs/id_d2c757d14640/final/metrics_2025-09-15-06-16-56d71f8dff.yaml,/workspaces/HIAAC-KR-Dev-Container/Minerva-Exps/benchmarks/experiments/paper_daghar_supervised_3runs_perlr_samples_down_seed_harcnn_34/logs/id_d2c757d14640/final/run_2025-09-15-06-16-56d71f8dff.yaml,0.6092278957366943,0.6092278361320496,0.5595415830612183,0.6092278957366943,0.6614202260971069,0.6092278361320496
evaluate_harcnn,id_d325da8ce952,id_d1f54ea152a2,completed,1,True,id_6d037d42cfe2,supervised,harcnn,full_finetune_lr4,id_e7f63cc66b02,multimodal_df,daghar_standardized_balanced,motionsense,test,config_0,multimodal_perc_100,id_c2d68cc99d8f,har,evaluate,full_run,/workspaces/HIAAC-KR-Dev-Container/Minerva-Exps/benchmarks/experiments/paper_daghar_supervised_3runs_perlr_samples_down_seed_harcnn_34/logs/id_d325da8ce952/final,00c60ffae5,/workspaces/HIAAC-KR-Dev-Container/Minerva-Exps/benchmarks/experiments/paper_daghar_supervised_3runs_perlr_samples_down_seed_harcnn_34/logs/id_d325da8ce952/final/metrics_2025-09-15-06-17-00c60ffae5.yaml,/workspaces/HIAAC-KR-Dev-Container/Minerva-Exps/benchmarks/experiments/paper_daghar_supervised_3runs_perlr_samples_down_seed_harcnn_34/logs/id_d325da8ce952/final/run_2025-09-15-06-17-00c60ffae5.yaml,0.465160071849823,0.4651601016521454,0.3890860974788666,0.465160071849823,0.43432846665382385,0.4651600420475006
evaluate_harcnn,id_d49f1a34bb0a,id_bfc69cc88418,completed,1,True,id_6d037d42cfe2,supervised,harcnn,full_finetune_lr4,id_e7f63cc66b02,multimodal_df,daghar_standardized_balanced,motionsense,test,config_0,multimodal_perc_100,id_c2d68cc99d8f,har,evaluate,full_run,/workspaces/HIAAC-KR-Dev-Container/Minerva-Exps/benchmarks/experiments/paper_daghar_supervised_3runs_perlr_samples_down_seed_harcnn_34/logs/id_d49f1a34bb0a/final,08b081aeec,/workspaces/HIAAC-KR-Dev-Container/Minerva-Exps/benchmarks/experiments/paper_daghar_supervised_3runs_perlr_samples_down_seed_harcnn_34/logs/id_d49f1a34bb0a/final/metrics_2025-09-15-06-17-08b081aeec.yaml,/workspaces/HIAAC-KR-Dev-Container/Minerva-Exps/benchmarks/experiments/paper_daghar_supervised_3runs_perlr_samples_down_seed_harcnn_34/logs/id_d49f1a34bb0a/final/run_2025-09-15-06-17-08b081aeec.yaml,0.805084764957428,0.805084764957428,0.8038688898086548,0.805084764957428,0.8170071840286255,0.8050847053527832
evaluate_harcnn,id_d20140af6196,id_4a724aa00386,completed,1,True,id_6d037d42cfe2,supervised,harcnn,full_finetune_lr4,id_b1f5143574a1,multimodal_df,daghar_standardized_balanced,rw_waist,test,config_0,multimodal_perc_100,id_c2d68cc99d8f,har,evaluate,full_run,/workspaces/HIAAC-KR-Dev-Container/Minerva-Exps/benchmarks/experiments/paper_daghar_supervised_3runs_perlr_samples_down_seed_harcnn_34/logs/id_d20140af6196/final,534e495354,/workspaces/HIAAC-KR-Dev-Container/Minerva-Exps/benchmarks/experiments/paper_daghar_supervised_3runs_perlr_samples_down_seed_harcnn_34/logs/id_d20140af6196/final/metrics_2025-09-15-06-16-534e495354.yaml,/workspaces/HIAAC-KR-Dev-Container/Minerva-Exps/benchmarks/experiments/paper_daghar_supervised_3runs_perlr_samples_down_seed_harcnn_34/logs/id_d20140af6196/final/run_2025-09-15-06-16-534e495354.yaml,0.5447530746459961,0.5447530746459961,0.5000007152557373,0.5447530746459961,0.5712324976921082,0.5447530746459961
evaluate_harcnn,id_d57b30932c4c,id_be588d680020,completed,1,True,id_6d037d42cfe2,supervised,harcnn,full_finetune_lr4,id_e7f63cc66b02,multimodal_df,daghar_standardized_balanced,motionsense,test,config_0,multimodal_perc_100,id_c2d68cc99d8f,har,evaluate,full_run,/workspaces/HIAAC-KR-Dev-Container/Minerva-Exps/benchmarks/experiments/paper_daghar_supervised_3runs_perlr_samples_down_seed_harcnn_34/logs/id_d57b30932c4c/final,13fdcb3bd1,/workspaces/HIAAC-KR-Dev-Container/Minerva-Exps/benchmarks/experiments/paper_daghar_supervised_3runs_perlr_samples_down_seed_harcnn_34/logs/id_d57b30932c4c/final/metrics_2025-09-15-06-17-13fdcb3bd1.yaml,/workspaces/HIAAC-KR-Dev-Container/Minerva-Exps/benchmarks/experiments/paper_daghar_supervised_3runs_perlr_samples_down_seed_harcnn_34/logs/id_d57b30932c4c/final/run_2025-09-15-06-17-13fdcb3bd1.yaml,0.5979284644126892,0.5979284048080444,0.5532620549201965,0.5979284644126892,0.6017776727676392,0.5979284048080444
evaluate_harcnn,id_d3e65e0ed5b8,id_afa1f2a4b019,completed,1,True,id_58b7ba40d9ba,supervised,harcnn,full_finetune_lr3,id_2cb57fb4e55b,multimodal_df,daghar_standardized_balanced,wisdm,test,config_0,multimodal_perc_100,id_c2d68cc99d8f,har,evaluate,full_run,/workspaces/HIAAC-KR-Dev-Container/Minerva-Exps/benchmarks/experiments/paper_daghar_supervised_3runs_perlr_samples_down_seed_harcnn_34/logs/id_d3e65e0ed5b8/final,00d1a5c673,/workspaces/HIAAC-KR-Dev-Container/Minerva-Exps/benchmarks/experiments/paper_daghar_supervised_3runs_perlr_samples_down_seed_harcnn_34/logs/id_d3e65e0ed5b8/final/metrics_2025-09-15-06-17-00d1a5c673.yaml,/workspaces/HIAAC-KR-Dev-Container/Minerva-Exps/benchmarks/experiments/paper_daghar_supervised_3runs_perlr_samples_down_seed_harcnn_34/logs/id_d3e65e0ed5b8/final/run_2025-09-15-06-17-00d1a5c673.yaml,0.687019944190979,0.687019944190979,0.6148024797439575,0.687019944190979,0.5975499153137207,0.687019944190979
evaluate_harcnn,id_d65fb7846825,id_4904f3666a1f,completed,1,True,id_6d037d42cfe2,supervised,harcnn,full_finetune_lr4,id_b1f5143574a1,multimodal_df,daghar_standardized_balanced,rw_waist,test,config_0,multimodal_perc_100,id_c2d68cc99d8f,har,evaluate,full_run,/workspaces/HIAAC-KR-Dev-Container/Minerva-Exps/benchmarks/experiments/paper_daghar_supervised_3runs_perlr_samples_down_seed_harcnn_34/logs/id_d65fb7846825/final,16de1f20b3,/workspaces/HIAAC-KR-Dev-Container/Minerva-Exps/benchmarks/experiments/paper_daghar_supervised_3runs_perlr_samples_down_seed_harcnn_34/logs/id_d65fb7846825/final/metrics_2025-09-15-06-17-16de1f20b3.yaml,/workspaces/HIAAC-KR-Dev-Container/Minerva-Exps/benchmarks/experiments/paper_daghar_supervised_3runs_perlr_samples_down_seed_harcnn_34/logs/id_d65fb7846825/final/run_2025-09-15-06-17-16de1f20b3.yaml,0.5262345671653748,0.5262345671653748,0.4650007486343384,0.5262345671653748,0.5325080156326294,0.5262345671653748
evaluate_harcnn,id_d95e2f1e7ced,id_c6f33f938b9f,completed,1,True,id_6d037d42cfe2,supervised,harcnn,full_finetune_lr4,id_e7f63cc66b02,multimodal_df,daghar_standardized_balanced,motionsense,test,config_0,multimodal_perc_100,id_c2d68cc99d8f,har,evaluate,full_run,/workspaces/HIAAC-KR-Dev-Container/Minerva-Exps/benchmarks/experiments/paper_daghar_supervised_3runs_perlr_samples_down_seed_harcnn_34/logs/id_d95e2f1e7ced/final,33b0ac95b7,/workspaces/HIAAC-KR-Dev-Container/Minerva-Exps/benchmarks/experiments/paper_daghar_supervised_3runs_perlr_samples_down_seed_harcnn_34/logs/id_d95e2f1e7ced/final/metrics_2025-09-15-06-17-33b0ac95b7.yaml,/workspaces/HIAAC-KR-Dev-Container/Minerva-Exps/benchmarks/experiments/paper_daghar_supervised_3runs_perlr_samples_down_seed_harcnn_34/logs/id_d95e2f1e7ced/final/run_2025-09-15-06-17-33b0ac95b7.yaml,0.6619585752487183,0.6619585156440735,0.6162460446357727,0.6619585752487183,0.705802321434021,0.661958634853363
evaluate_harcnn,id_d58eb88ba046,id_84cac5ca4ed0,completed,1,True,id_6d037d42cfe2,supervised,harcnn,full_finetune_lr4,id_b1f5143574a1,multimodal_df,daghar_standardized_balanced,rw_waist,test,config_0,multimodal_perc_100,id_c2d68cc99d8f,har,evaluate,full_run,/workspaces/HIAAC-KR-Dev-Container/Minerva-Exps/benchmarks/experiments/paper_daghar_supervised_3runs_perlr_samples_down_seed_harcnn_34/logs/id_d58eb88ba046/final,16736a5866,/workspaces/HIAAC-KR-Dev-Container/Minerva-Exps/benchmarks/experiments/paper_daghar_supervised_3runs_perlr_samples_down_seed_harcnn_34/logs/id_d58eb88ba046/final/metrics_2025-09-15-06-17-16736a5866.yaml,/workspaces/HIAAC-KR-Dev-Container/Minerva-Exps/benchmarks/experiments/paper_daghar_supervised_3runs_perlr_samples_down_seed_harcnn_34/logs/id_d58eb88ba046/final/run_2025-09-15-06-17-16736a5866.yaml,0.4023919701576233,0.4023919999599457,0.3508034944534302,0.4023919701576233,0.42194709181785583,0.4023919999599457
evaluate_harcnn,id_d843b65a6cb0,id_d89c18d3fdde,completed,1,True,id_6d037d42cfe2,supervised,harcnn,full_finetune_lr4,id_b1f5143574a1,multimodal_df,daghar_standardized_balanced,rw_waist,test,config_0,multimodal_perc_100,id_c2d68cc99d8f,har,evaluate,full_run,/workspaces/HIAAC-KR-Dev-Container/Minerva-Exps/benchmarks/experiments/paper_daghar_supervised_3runs_perlr_samples_down_seed_harcnn_34/logs/id_d843b65a6cb0/final,2038a91b46,/workspaces/HIAAC-KR-Dev-Container/Minerva-Exps/benchmarks/experiments/paper_daghar_supervised_3runs_perlr_samples_down_seed_harcnn_34/logs/id_d843b65a6cb0/final/metrics_2025-09-15-06-17-2038a91b46.yaml,/workspaces/HIAAC-KR-Dev-Container/Minerva-Exps/benchmarks/experiments/paper_daghar_supervised_3runs_perlr_samples_down_seed_harcnn_34/logs/id_d843b65a6cb0/final/run_2025-09-15-06-17-2038a91b46.yaml,0.7148919701576233,0.7148919105529785,0.7138476371765137,0.7148919701576233,0.7608623504638672,0.7148919701576233
evaluate_harcnn,id_d943a7c7c201,id_59b4a69c5e48,completed,1,True,id_58b7ba40d9ba,supervised,harcnn,full_finetune_lr3,id_2cb57fb4e55b,multimodal_df,daghar_standardized_balanced,wisdm,test,config_0,multimodal_perc_100,id_c2d68cc99d8f,har,evaluate,full_run,/workspaces/HIAAC-KR-Dev-Container/Minerva-Exps/benchmarks/experiments/paper_daghar_supervised_3runs_perlr_samples_down_seed_harcnn_34/logs/id_d943a7c7c201/final,25ecd61617,/workspaces/HIAAC-KR-Dev-Container/Minerva-Exps/benchmarks/experiments/paper_daghar_supervised_3runs_perlr_samples_down_seed_harcnn_34/logs/id_d943a7c7c201/final/metrics_2025-09-15-06-17-25ecd61617.yaml,/workspaces/HIAAC-KR-Dev-Container/Minerva-Exps/benchmarks/experiments/paper_daghar_supervised_3runs_perlr_samples_down_seed_harcnn_34/logs/id_d943a7c7c201/final/run_2025-09-15-06-17-25ecd61617.yaml,0.8728878498077393,0.8728878498077393,0.8724437952041626,0.8728878498077393,0.8738323450088501,0.8728878498077393
evaluate_harcnn,id_de72228c6678,id_5f6cd3223bee,completed,1,True,id_6d037d42cfe2,supervised,harcnn,full_finetune_lr4,id_5365127f28e8,multimodal_df,daghar_standardized_balanced,kuhar,test,config_0,multimodal_perc_100,id_c2d68cc99d8f,har,evaluate,full_run,/workspaces/HIAAC-KR-Dev-Container/Minerva-Exps/benchmarks/experiments/paper_daghar_supervised_3runs_perlr_samples_down_seed_harcnn_34/logs/id_de72228c6678/final,57504e593c,/workspaces/HIAAC-KR-Dev-Container/Minerva-Exps/benchmarks/experiments/paper_daghar_supervised_3runs_perlr_samples_down_seed_harcnn_34/logs/id_de72228c6678/final/metrics_2025-09-15-06-17-57504e593c.yaml,/workspaces/HIAAC-KR-Dev-Container/Minerva-Exps/benchmarks/experiments/paper_daghar_supervised_3runs_perlr_samples_down_seed_harcnn_34/logs/id_de72228c6678/final/run_2025-09-15-06-17-57504e593c.yaml,0.5416666865348816,0.5416666865348816,0.4572943449020386,0.5416666865348816,0.475954532623291,0.5416666865348816
evaluate_harcnn,id_da5c5ce0556d,id_585275ace534,completed,1,True,id_58b7ba40d9ba,supervised,harcnn,full_finetune_lr3,id_2cb57fb4e55b,multimodal_df,daghar_standardized_balanced,wisdm,test,config_0,multimodal_perc_100,id_c2d68cc99d8f,har,evaluate,full_run,/workspaces/HIAAC-KR-Dev-Container/Minerva-Exps/benchmarks/experiments/paper_daghar_supervised_3runs_perlr_samples_down_seed_harcnn_34/logs/id_da5c5ce0556d/final,35c4a6d59c,/workspaces/HIAAC-KR-Dev-Container/Minerva-Exps/benchmarks/experiments/paper_daghar_supervised_3runs_perlr_samples_down_seed_harcnn_34/logs/id_da5c5ce0556d/final/metrics_2025-09-15-06-17-35c4a6d59c.yaml,/workspaces/HIAAC-KR-Dev-Container/Minerva-Exps/benchmarks/experiments/paper_daghar_supervised_3runs_perlr_samples_down_seed_harcnn_34/logs/id_da5c5ce0556d/final/run_2025-09-15-06-17-35c4a6d59c.yaml,0.870583713054657,0.8705837726593018,0.8703083992004395,0.870583713054657,0.8705853819847107,0.8705837726593018
evaluate_harcnn,id_dbc0815dfd3e,id_ce5c762d3506,completed,1,True,id_6d037d42cfe2,supervised,harcnn,full_finetune_lr4,id_f390297e57d1,multimodal_df,daghar_standardized_balanced,rw_thigh,test,config_0,multimodal_perc_100,id_c2d68cc99d8f,har,evaluate,full_run,/workspaces/HIAAC-KR-Dev-Container/Minerva-Exps/benchmarks/experiments/paper_daghar_supervised_3runs_perlr_samples_down_seed_harcnn_34/logs/id_dbc0815dfd3e/final,38db5dd6ba,/workspaces/HIAAC-KR-Dev-Container/Minerva-Exps/benchmarks/experiments/paper_daghar_supervised_3runs_perlr_samples_down_seed_harcnn_34/logs/id_dbc0815dfd3e/final/metrics_2025-09-15-06-17-38db5dd6ba.yaml,/workspaces/HIAAC-KR-Dev-Container/Minerva-Exps/benchmarks/experiments/paper_daghar_supervised_3runs_perlr_samples_down_seed_harcnn_34/logs/id_dbc0815dfd3e/final/run_2025-09-15-06-17-38db5dd6ba.yaml,0.7111801505088806,0.7111802101135254,0.7113121747970581,0.7111801505088806,0.7333393096923828,0.7111800909042358
evaluate_harcnn,id_e02cbd0a3eea,id_1c984ceff6de,completed,1,True,id_6d037d42cfe2,supervised,harcnn,full_finetune_lr4,id_5365127f28e8,multimodal_df,daghar_standardized_balanced,kuhar,test,config_0,multimodal_perc_100,id_c2d68cc99d8f,har,evaluate,full_run,/workspaces/HIAAC-KR-Dev-Container/Minerva-Exps/benchmarks/experiments/paper_daghar_supervised_3runs_perlr_samples_down_seed_harcnn_34/logs/id_e02cbd0a3eea/final,04e08b7603,/workspaces/HIAAC-KR-Dev-Container/Minerva-Exps/benchmarks/experiments/paper_daghar_supervised_3runs_perlr_samples_down_seed_harcnn_34/logs/id_e02cbd0a3eea/final/metrics_2025-09-15-06-18-04e08b7603.yaml,/workspaces/HIAAC-KR-Dev-Container/Minerva-Exps/benchmarks/experiments/paper_daghar_supervised_3runs_perlr_samples_down_seed_harcnn_34/logs/id_e02cbd0a3eea/final/run_2025-09-15-06-18-04e08b7603.yaml,0.5555555820465088,0.555555522441864,0.4350389838218689,0.5555555820465088,0.47391757369041443,0.555555522441864
evaluate_harcnn,id_de0704b497e0,id_34db60c2991e,completed,1,True,id_58b7ba40d9ba,supervised,harcnn,full_finetune_lr3,id_e7f63cc66b02,multimodal_df,daghar_standardized_balanced,motionsense,test,config_0,multimodal_perc_100,id_c2d68cc99d8f,har,evaluate,full_run,/workspaces/HIAAC-KR-Dev-Container/Minerva-Exps/benchmarks/experiments/paper_daghar_supervised_3runs_perlr_samples_down_seed_harcnn_34/logs/id_de0704b497e0/final,564f35af9a,/workspaces/HIAAC-KR-Dev-Container/Minerva-Exps/benchmarks/experiments/paper_daghar_supervised_3runs_perlr_samples_down_seed_harcnn_34/logs/id_de0704b497e0/final/metrics_2025-09-15-06-17-564f35af9a.yaml,/workspaces/HIAAC-KR-Dev-Container/Minerva-Exps/benchmarks/experiments/paper_daghar_supervised_3runs_perlr_samples_down_seed_harcnn_34/logs/id_de0704b497e0/final/run_2025-09-15-06-17-564f35af9a.yaml,0.764595091342926,0.764595091342926,0.7101598978042603,0.764595091342926,0.6902900338172913,0.7645951509475708
evaluate_harcnn,id_ddc22e6c2f29,id_873386cae3be,completed,1,True,id_6d037d42cfe2,supervised,harcnn,full_finetune_lr4,id_b1f5143574a1,multimodal_df,daghar_standardized_balanced,rw_waist,test,config_0,multimodal_perc_100,id_c2d68cc99d8f,har,evaluate,full_run,/workspaces/HIAAC-KR-Dev-Container/Minerva-Exps/benchmarks/experiments/paper_daghar_supervised_3runs_perlr_samples_down_seed_harcnn_34/logs/id_ddc22e6c2f29/final,4227ec2a1c,/workspaces/HIAAC-KR-Dev-Container/Minerva-Exps/benchmarks/experiments/paper_daghar_supervised_3runs_perlr_samples_down_seed_harcnn_34/logs/id_ddc22e6c2f29/final/metrics_2025-09-15-06-17-4227ec2a1c.yaml,/workspaces/HIAAC-KR-Dev-Container/Minerva-Exps/benchmarks/experiments/paper_daghar_supervised_3runs_perlr_samples_down_seed_harcnn_34/logs/id_ddc22e6c2f29/final/run_2025-09-15-06-17-4227ec2a1c.yaml,0.6774691343307495,0.6774690747261047,0.665332019329071,0.6774691343307495,0.6988030672073364,0.6774691939353943
evaluate_harcnn,id_e00b01223a6b,id_d2391255868c,completed,1,True,id_58b7ba40d9ba,supervised,harcnn,full_finetune_lr3,id_14a6ecc69dec,multimodal_df,daghar_standardized_balanced,uci,test,config_0,multimodal_perc_100,id_c2d68cc99d8f,har,evaluate,full_run,/workspaces/HIAAC-KR-Dev-Container/Minerva-Exps/benchmarks/experiments/paper_daghar_supervised_3runs_perlr_samples_down_seed_harcnn_34/logs/id_e00b01223a6b/final,026dfe25e7,/workspaces/HIAAC-KR-Dev-Container/Minerva-Exps/benchmarks/experiments/paper_daghar_supervised_3runs_perlr_samples_down_seed_harcnn_34/logs/id_e00b01223a6b/final/metrics_2025-09-15-06-18-026dfe25e7.yaml,/workspaces/HIAAC-KR-Dev-Container/Minerva-Exps/benchmarks/experiments/paper_daghar_supervised_3runs_perlr_samples_down_seed_harcnn_34/logs/id_e00b01223a6b/final/run_2025-09-15-06-18-026dfe25e7.yaml,0.7869565486907959,0.7869564890861511,0.762326180934906,0.7869565486907959,0.8023397922515869,0.7869565486907959
evaluate_harcnn,id_e75779a29e68,id_fa649eeef354,completed,1,True,id_6d037d42cfe2,supervised,harcnn,full_finetune_lr4,id_14a6ecc69dec,multimodal_df,daghar_standardized_balanced,uci,test,config_0,multimodal_perc_100,id_c2d68cc99d8f,har,evaluate,full_run,/workspaces/HIAAC-KR-Dev-Container/Minerva-Exps/benchmarks/experiments/paper_daghar_supervised_3runs_perlr_samples_down_seed_harcnn_34/logs/id_e75779a29e68/final,23b636f671,/workspaces/HIAAC-KR-Dev-Container/Minerva-Exps/benchmarks/experiments/paper_daghar_supervised_3runs_perlr_samples_down_seed_harcnn_34/logs/id_e75779a29e68/final/metrics_2025-09-15-06-18-23b636f671.yaml,/workspaces/HIAAC-KR-Dev-Container/Minerva-Exps/benchmarks/experiments/paper_daghar_supervised_3runs_perlr_samples_down_seed_harcnn_34/logs/id_e75779a29e68/final/run_2025-09-15-06-18-23b636f671.yaml,0.8188405632972717,0.8188406229019165,0.8161804676055908,0.8188405632972717,0.8241391181945801,0.8188406229019165
evaluate_harcnn,id_e567a5a64014,id_2a622f510be6,completed,1,True,id_58b7ba40d9ba,supervised,harcnn,full_finetune_lr3,id_14a6ecc69dec,multimodal_df,daghar_standardized_balanced,uci,test,config_0,multimodal_perc_100,id_c2d68cc99d8f,har,evaluate,full_run,/workspaces/HIAAC-KR-Dev-Container/Minerva-Exps/benchmarks/experiments/paper_daghar_supervised_3runs_perlr_samples_down_seed_harcnn_34/logs/id_e567a5a64014/final,2134893541,/workspaces/HIAAC-KR-Dev-Container/Minerva-Exps/benchmarks/experiments/paper_daghar_supervised_3runs_perlr_samples_down_seed_harcnn_34/logs/id_e567a5a64014/final/metrics_2025-09-15-06-18-2134893541.yaml,/workspaces/HIAAC-KR-Dev-Container/Minerva-Exps/benchmarks/experiments/paper_daghar_supervised_3runs_perlr_samples_down_seed_harcnn_34/logs/id_e567a5a64014/final/run_2025-09-15-06-18-2134893541.yaml,0.40869563817977905,0.40869560837745667,0.32229191064834595,0.40869563817977905,0.33027103543281555,0.40869563817977905
evaluate_harcnn,id_e43cbf2906be,id_857f07827e52,completed,1,True,id_6d037d42cfe2,supervised,harcnn,full_finetune_lr4,id_e7f63cc66b02,multimodal_df,daghar_standardized_balanced,motionsense,test,config_0,multimodal_perc_100,id_c2d68cc99d8f,har,evaluate,full_run,/workspaces/HIAAC-KR-Dev-Container/Minerva-Exps/benchmarks/experiments/paper_daghar_supervised_3runs_perlr_samples_down_seed_harcnn_34/logs/id_e43cbf2906be/final,20bdcb1dde,/workspaces/HIAAC-KR-Dev-Container/Minerva-Exps/benchmarks/experiments/paper_daghar_supervised_3runs_perlr_samples_down_seed_harcnn_34/logs/id_e43cbf2906be/final/metrics_2025-09-15-06-18-20bdcb1dde.yaml,/workspaces/HIAAC-KR-Dev-Container/Minerva-Exps/benchmarks/experiments/paper_daghar_supervised_3runs_perlr_samples_down_seed_harcnn_34/logs/id_e43cbf2906be/final/run_2025-09-15-06-18-20bdcb1dde.yaml,0.5583804249763489,0.5583804249763489,0.47728967666625977,0.5583804249763489,0.5451382398605347,0.5583804249763489
evaluate_harcnn,id_df4ad0af7b2a,id_81f837be5396,completed,1,True,id_6d037d42cfe2,supervised,harcnn,full_finetune_lr4,id_f390297e57d1,multimodal_df,daghar_standardized_balanced,rw_thigh,test,config_0,multimodal_perc_100,id_c2d68cc99d8f,har,evaluate,full_run,/workspaces/HIAAC-KR-Dev-Container/Minerva-Exps/benchmarks/experiments/paper_daghar_supervised_3runs_perlr_samples_down_seed_harcnn_34/logs/id_df4ad0af7b2a/final,582cc2d82e,/workspaces/HIAAC-KR-Dev-Container/Minerva-Exps/benchmarks/experiments/paper_daghar_supervised_3runs_perlr_samples_down_seed_harcnn_34/logs/id_df4ad0af7b2a/final/metrics_2025-09-15-06-17-582cc2d82e.yaml,/workspaces/HIAAC-KR-Dev-Container/Minerva-Exps/benchmarks/experiments/paper_daghar_supervised_3runs_perlr_samples_down_seed_harcnn_34/logs/id_df4ad0af7b2a/final/run_2025-09-15-06-17-582cc2d82e.yaml,0.27398204803466797,0.27398207783699036,0.17030037939548492,0.27398204803466797,0.142054483294487,0.27398204803466797
evaluate_harcnn,id_e0347dd257d5,id_b25d4ec923ac,completed,1,True,id_58b7ba40d9ba,supervised,harcnn,full_finetune_lr3,id_b1f5143574a1,multimodal_df,daghar_standardized_balanced,rw_waist,test,config_0,multimodal_perc_100,id_c2d68cc99d8f,har,evaluate,full_run,/workspaces/HIAAC-KR-Dev-Container/Minerva-Exps/benchmarks/experiments/paper_daghar_supervised_3runs_perlr_samples_down_seed_harcnn_34/logs/id_e0347dd257d5/final,1473e38978,/workspaces/HIAAC-KR-Dev-Container/Minerva-Exps/benchmarks/experiments/paper_daghar_supervised_3runs_perlr_samples_down_seed_harcnn_34/logs/id_e0347dd257d5/final/metrics_2025-09-15-06-18-1473e38978.yaml,/workspaces/HIAAC-KR-Dev-Container/Minerva-Exps/benchmarks/experiments/paper_daghar_supervised_3runs_perlr_samples_down_seed_harcnn_34/logs/id_e0347dd257d5/final/run_2025-09-15-06-18-1473e38978.yaml,0.7079475522041321,0.7079475522041321,0.7132477164268494,0.7079475522041321,0.7343974709510803,0.7079475522041321
evaluate_harcnn,id_e091a5693147,id_b6c2e3febe40,completed,1,True,id_6d037d42cfe2,supervised,harcnn,full_finetune_lr4,id_b1f5143574a1,multimodal_df,daghar_standardized_balanced,rw_waist,test,config_0,multimodal_perc_100,id_c2d68cc99d8f,har,evaluate,full_run,/workspaces/HIAAC-KR-Dev-Container/Minerva-Exps/benchmarks/experiments/paper_daghar_supervised_3runs_perlr_samples_down_seed_harcnn_34/logs/id_e091a5693147/final,15d97438b6,/workspaces/HIAAC-KR-Dev-Container/Minerva-Exps/benchmarks/experiments/paper_daghar_supervised_3runs_perlr_samples_down_seed_harcnn_34/logs/id_e091a5693147/final/metrics_2025-09-15-06-18-15d97438b6.yaml,/workspaces/HIAAC-KR-Dev-Container/Minerva-Exps/benchmarks/experiments/paper_daghar_supervised_3runs_perlr_samples_down_seed_harcnn_34/logs/id_e091a5693147/final/run_2025-09-15-06-18-15d97438b6.yaml,0.5169752836227417,0.5169752836227417,0.46157217025756836,0.5169752836227417,0.5492970943450928,0.5169753432273865
evaluate_harcnn,id_e3c4f8dd9b2f,id_e254abd88d0c,completed,1,True,id_58b7ba40d9ba,supervised,harcnn,full_finetune_lr3,id_f390297e57d1,multimodal_df,daghar_standardized_balanced,rw_thigh,test,config_0,multimodal_perc_100,id_c2d68cc99d8f,har,evaluate,full_run,/workspaces/HIAAC-KR-Dev-Container/Minerva-Exps/benchmarks/experiments/paper_daghar_supervised_3runs_perlr_samples_down_seed_harcnn_34/logs/id_e3c4f8dd9b2f/final,21b3344958,/workspaces/HIAAC-KR-Dev-Container/Minerva-Exps/benchmarks/experiments/paper_daghar_supervised_3runs_perlr_samples_down_seed_harcnn_34/logs/id_e3c4f8dd9b2f/final/metrics_2025-09-15-06-18-21b3344958.yaml,/workspaces/HIAAC-KR-Dev-Container/Minerva-Exps/benchmarks/experiments/paper_daghar_supervised_3runs_perlr_samples_down_seed_harcnn_34/logs/id_e3c4f8dd9b2f/final/run_2025-09-15-06-18-21b3344958.yaml,0.7236024737358093,0.7236025333404541,0.6979550123214722,0.7236024737358093,0.7825063467025757,0.7236025333404541
evaluate_harcnn,id_e7675516042a,id_9a71fc961c92,completed,1,True,id_58b7ba40d9ba,supervised,harcnn,full_finetune_lr3,id_f390297e57d1,multimodal_df,daghar_standardized_balanced,rw_thigh,test,config_0,multimodal_perc_100,id_c2d68cc99d8f,har,evaluate,full_run,/workspaces/HIAAC-KR-Dev-Container/Minerva-Exps/benchmarks/experiments/paper_daghar_supervised_3runs_perlr_samples_down_seed_harcnn_34/logs/id_e7675516042a/final,22ec652a2c,/workspaces/HIAAC-KR-Dev-Container/Minerva-Exps/benchmarks/experiments/paper_daghar_supervised_3runs_perlr_samples_down_seed_harcnn_34/logs/id_e7675516042a/final/metrics_2025-09-15-06-18-22ec652a2c.yaml,/workspaces/HIAAC-KR-Dev-Container/Minerva-Exps/benchmarks/experiments/paper_daghar_supervised_3runs_perlr_samples_down_seed_harcnn_34/logs/id_e7675516042a/final/run_2025-09-15-06-18-22ec652a2c.yaml,0.48343685269355774,0.48343685269355774,0.424774706363678,0.48343685269355774,0.4538644254207611,0.4834368824958801
evaluate_harcnn,id_e8ba01d7814d,id_399f164fdbf3,completed,1,True,id_6d037d42cfe2,supervised,harcnn,full_finetune_lr4,id_5365127f28e8,multimodal_df,daghar_standardized_balanced,kuhar,test,config_0,multimodal_perc_100,id_c2d68cc99d8f,har,evaluate,full_run,/workspaces/HIAAC-KR-Dev-Container/Minerva-Exps/benchmarks/experiments/paper_daghar_supervised_3runs_perlr_samples_down_seed_harcnn_34/logs/id_e8ba01d7814d/final,4812b185e3,/workspaces/HIAAC-KR-Dev-Container/Minerva-Exps/benchmarks/experiments/paper_daghar_supervised_3runs_perlr_samples_down_seed_harcnn_34/logs/id_e8ba01d7814d/final/metrics_2025-09-15-06-18-4812b185e3.yaml,/workspaces/HIAAC-KR-Dev-Container/Minerva-Exps/benchmarks/experiments/paper_daghar_supervised_3runs_perlr_samples_down_seed_harcnn_34/logs/id_e8ba01d7814d/final/run_2025-09-15-06-18-4812b185e3.yaml,0.6388888955116272,0.6388888955116272,0.5494595766067505,0.6388888955116272,0.574065625667572,0.6388888955116272
evaluate_harcnn,id_e7bf84296080,id_c5a35acc0226,completed,1,True,id_58b7ba40d9ba,supervised,harcnn,full_finetune_lr3,id_e7f63cc66b02,multimodal_df,daghar_standardized_balanced,motionsense,test,config_0,multimodal_perc_100,id_c2d68cc99d8f,har,evaluate,full_run,/workspaces/HIAAC-KR-Dev-Container/Minerva-Exps/benchmarks/experiments/paper_daghar_supervised_3runs_perlr_samples_down_seed_harcnn_34/logs/id_e7bf84296080/final,4304c3b30b,/workspaces/HIAAC-KR-Dev-Container/Minerva-Exps/benchmarks/experiments/paper_daghar_supervised_3runs_perlr_samples_down_seed_harcnn_34/logs/id_e7bf84296080/final/metrics_2025-09-15-06-18-4304c3b30b.yaml,/workspaces/HIAAC-KR-Dev-Container/Minerva-Exps/benchmarks/experiments/paper_daghar_supervised_3runs_perlr_samples_down_seed_harcnn_34/logs/id_e7bf84296080/final/run_2025-09-15-06-18-4304c3b30b.yaml,0.7730696797370911,0.7730696797370911,0.7230541110038757,0.7730696797370911,0.780770480632782,0.7730696797370911
evaluate_harcnn,id_e80f328f0e83,id_4fdd4d53b53d,completed,1,True,id_6d037d42cfe2,supervised,harcnn,full_finetune_lr4,id_14a6ecc69dec,multimodal_df,daghar_standardized_balanced,uci,test,config_0,multimodal_perc_100,id_c2d68cc99d8f,har,evaluate,full_run,/workspaces/HIAAC-KR-Dev-Container/Minerva-Exps/benchmarks/experiments/paper_daghar_supervised_3runs_perlr_samples_down_seed_harcnn_34/logs/id_e80f328f0e83/final,465a37b7cf,/workspaces/HIAAC-KR-Dev-Container/Minerva-Exps/benchmarks/experiments/paper_daghar_supervised_3runs_perlr_samples_down_seed_harcnn_34/logs/id_e80f328f0e83/final/metrics_2025-09-15-06-18-465a37b7cf.yaml,/workspaces/HIAAC-KR-Dev-Container/Minerva-Exps/benchmarks/experiments/paper_daghar_supervised_3runs_perlr_samples_down_seed_harcnn_34/logs/id_e80f328f0e83/final/run_2025-09-15-06-18-465a37b7cf.yaml,0.7884057760238647,0.7884057760238647,0.7835644483566284,0.7884057760238647,0.7925713062286377,0.7884057760238647
evaluate_harcnn,id_ea0ba40ef206,id_e541a42cd70e,completed,1,True,id_58b7ba40d9ba,supervised,harcnn,full_finetune_lr3,id_5365127f28e8,multimodal_df,daghar_standardized_balanced,kuhar,test,config_0,multimodal_perc_100,id_c2d68cc99d8f,har,evaluate,full_run,/workspaces/HIAAC-KR-Dev-Container/Minerva-Exps/benchmarks/experiments/paper_daghar_supervised_3runs_perlr_samples_down_seed_harcnn_34/logs/id_ea0ba40ef206/final,54f3ed6e0b,/workspaces/HIAAC-KR-Dev-Container/Minerva-Exps/benchmarks/experiments/paper_daghar_supervised_3runs_perlr_samples_down_seed_harcnn_34/logs/id_ea0ba40ef206/final/metrics_2025-09-15-06-18-54f3ed6e0b.yaml,/workspaces/HIAAC-KR-Dev-Container/Minerva-Exps/benchmarks/experiments/paper_daghar_supervised_3runs_perlr_samples_down_seed_harcnn_34/logs/id_ea0ba40ef206/final/run_2025-09-15-06-18-54f3ed6e0b.yaml,0.4722222089767456,0.4722222089767456,0.3317725360393524,0.4722222089767456,0.2716931104660034,0.472222238779068
evaluate_harcnn,id_e9a206d599d1,id_7a5badcb6d91,completed,1,True,id_6d037d42cfe2,supervised,harcnn,full_finetune_lr4,id_e7f63cc66b02,multimodal_df,daghar_standardized_balanced,motionsense,test,config_0,multimodal_perc_100,id_c2d68cc99d8f,har,evaluate,full_run,/workspaces/HIAAC-KR-Dev-Container/Minerva-Exps/benchmarks/experiments/paper_daghar_supervised_3runs_perlr_samples_down_seed_harcnn_34/logs/id_e9a206d599d1/final,522018045b,/workspaces/HIAAC-KR-Dev-Container/Minerva-Exps/benchmarks/experiments/paper_daghar_supervised_3runs_perlr_samples_down_seed_harcnn_34/logs/id_e9a206d599d1/final/metrics_2025-09-15-06-18-522018045b.yaml,/workspaces/HIAAC-KR-Dev-Container/Minerva-Exps/benchmarks/experiments/paper_daghar_supervised_3runs_perlr_samples_down_seed_harcnn_34/logs/id_e9a206d599d1/final/run_2025-09-15-06-18-522018045b.yaml,0.7165725231170654,0.7165725231170654,0.6569372415542603,0.7165725231170654,0.6551542282104492,0.7165725231170654
evaluate_harcnn,id_ea4b54d7f54d,id_a00893498d15,completed,1,True,id_58b7ba40d9ba,supervised,harcnn,full_finetune_lr3,id_14a6ecc69dec,multimodal_df,daghar_standardized_balanced,uci,test,config_0,multimodal_perc_100,id_c2d68cc99d8f,har,evaluate,full_run,/workspaces/HIAAC-KR-Dev-Container/Minerva-Exps/benchmarks/experiments/paper_daghar_supervised_3runs_perlr_samples_down_seed_harcnn_34/logs/id_ea4b54d7f54d/final,027e37d28a,/workspaces/HIAAC-KR-Dev-Container/Minerva-Exps/benchmarks/experiments/paper_daghar_supervised_3runs_perlr_samples_down_seed_harcnn_34/logs/id_ea4b54d7f54d/final/metrics_2025-09-15-06-19-027e37d28a.yaml,/workspaces/HIAAC-KR-Dev-Container/Minerva-Exps/benchmarks/experiments/paper_daghar_supervised_3runs_perlr_samples_down_seed_harcnn_34/logs/id_ea4b54d7f54d/final/run_2025-09-15-06-19-027e37d28a.yaml,0.7869565486907959,0.7869565486907959,0.7513504028320312,0.7869565486907959,0.7916698455810547,0.7869565486907959
evaluate_harcnn,id_e7f7962b9df5,id_3e97320f6202,completed,1,True,id_6d037d42cfe2,supervised,harcnn,full_finetune_lr4,id_b1f5143574a1,multimodal_df,daghar_standardized_balanced,rw_waist,test,config_0,multimodal_perc_100,id_c2d68cc99d8f,har,evaluate,full_run,/workspaces/HIAAC-KR-Dev-Container/Minerva-Exps/benchmarks/experiments/paper_daghar_supervised_3runs_perlr_samples_down_seed_harcnn_34/logs/id_e7f7962b9df5/final,449d79aa16,/workspaces/HIAAC-KR-Dev-Container/Minerva-Exps/benchmarks/experiments/paper_daghar_supervised_3runs_perlr_samples_down_seed_harcnn_34/logs/id_e7f7962b9df5/final/metrics_2025-09-15-06-18-449d79aa16.yaml,/workspaces/HIAAC-KR-Dev-Container/Minerva-Exps/benchmarks/experiments/paper_daghar_supervised_3runs_perlr_samples_down_seed_harcnn_34/logs/id_e7f7962b9df5/final/run_2025-09-15-06-18-449d79aa16.yaml,0.7345678806304932,0.7345678806304932,0.7291810512542725,0.7345678806304932,0.7615904211997986,0.7345678806304932
evaluate_harcnn,id_f0189fbda899,id_1ca1f5709f7c,completed,1,True,id_6d037d42cfe2,supervised,harcnn,full_finetune_lr4,id_e7f63cc66b02,multimodal_df,daghar_standardized_balanced,motionsense,test,config_0,multimodal_perc_100,id_c2d68cc99d8f,har,evaluate,full_run,/workspaces/HIAAC-KR-Dev-Container/Minerva-Exps/benchmarks/experiments/paper_daghar_supervised_3runs_perlr_samples_down_seed_harcnn_34/logs/id_f0189fbda899/final,08d36b9181,/workspaces/HIAAC-KR-Dev-Container/Minerva-Exps/benchmarks/experiments/paper_daghar_supervised_3runs_perlr_samples_down_seed_harcnn_34/logs/id_f0189fbda899/final/metrics_2025-09-15-06-19-08d36b9181.yaml,/workspaces/HIAAC-KR-Dev-Container/Minerva-Exps/benchmarks/experiments/paper_daghar_supervised_3runs_perlr_samples_down_seed_harcnn_34/logs/id_f0189fbda899/final/run_2025-09-15-06-19-08d36b9181.yaml,0.7975518107414246,0.7975518107414246,0.7534538507461548,0.7975518107414246,0.8270240426063538,0.7975518107414246
evaluate_harcnn,id_f0bb5dca88d5,id_fd4eae27ffdd,completed,1,True,id_58b7ba40d9ba,supervised,harcnn,full_finetune_lr3,id_e7f63cc66b02,multimodal_df,daghar_standardized_balanced,motionsense,test,config_0,multimodal_perc_100,id_c2d68cc99d8f,har,evaluate,full_run,/workspaces/HIAAC-KR-Dev-Container/Minerva-Exps/benchmarks/experiments/paper_daghar_supervised_3runs_perlr_samples_down_seed_harcnn_34/logs/id_f0bb5dca88d5/final,170f5facd2,/workspaces/HIAAC-KR-Dev-Container/Minerva-Exps/benchmarks/experiments/paper_daghar_supervised_3runs_perlr_samples_down_seed_harcnn_34/logs/id_f0bb5dca88d5/final/metrics_2025-09-15-06-19-170f5facd2.yaml,/workspaces/HIAAC-KR-Dev-Container/Minerva-Exps/benchmarks/experiments/paper_daghar_supervised_3runs_perlr_samples_down_seed_harcnn_34/logs/id_f0bb5dca88d5/final/run_2025-09-15-06-19-170f5facd2.yaml,0.7843691110610962,0.784369170665741,0.7294478416442871,0.7843691110610962,0.7047191858291626,0.7843691110610962
evaluate_harcnn,id_f1d61290e32c,id_bf2a29578b98,completed,1,True,id_58b7ba40d9ba,supervised,harcnn,full_finetune_lr3,id_5365127f28e8,multimodal_df,daghar_standardized_balanced,kuhar,test,config_0,multimodal_perc_100,id_c2d68cc99d8f,har,evaluate,full_run,/workspaces/HIAAC-KR-Dev-Container/Minerva-Exps/benchmarks/experiments/paper_daghar_supervised_3runs_perlr_samples_down_seed_harcnn_34/logs/id_f1d61290e32c/final,250f66db8f,/workspaces/HIAAC-KR-Dev-Container/Minerva-Exps/benchmarks/experiments/paper_daghar_supervised_3runs_perlr_samples_down_seed_harcnn_34/logs/id_f1d61290e32c/final/metrics_2025-09-15-06-19-250f66db8f.yaml,/workspaces/HIAAC-KR-Dev-Container/Minerva-Exps/benchmarks/experiments/paper_daghar_supervised_3runs_perlr_samples_down_seed_harcnn_34/logs/id_f1d61290e32c/final/run_2025-09-15-06-19-250f66db8f.yaml,0.4097222089767456,0.409722238779068,0.3200913667678833,0.4097222089767456,0.39832884073257446,0.409722238779068
evaluate_harcnn,id_eb6569839cdc,id_f959884715f0,completed,1,True,id_6d037d42cfe2,supervised,harcnn,full_finetune_lr4,id_2cb57fb4e55b,multimodal_df,daghar_standardized_balanced,wisdm,test,config_0,multimodal_perc_100,id_c2d68cc99d8f,har,evaluate,full_run,/workspaces/HIAAC-KR-Dev-Container/Minerva-Exps/benchmarks/experiments/paper_daghar_supervised_3runs_perlr_samples_down_seed_harcnn_34/logs/id_eb6569839cdc/final,047000a170,/workspaces/HIAAC-KR-Dev-Container/Minerva-Exps/benchmarks/experiments/paper_daghar_supervised_3runs_perlr_samples_down_seed_harcnn_34/logs/id_eb6569839cdc/final/metrics_2025-09-15-06-19-047000a170.yaml,/workspaces/HIAAC-KR-Dev-Container/Minerva-Exps/benchmarks/experiments/paper_daghar_supervised_3runs_perlr_samples_down_seed_harcnn_34/logs/id_eb6569839cdc/final/run_2025-09-15-06-19-047000a170.yaml,0.7473118305206299,0.7473118305206299,0.6892641186714172,0.7473118305206299,0.7824828028678894,0.7473118305206299
evaluate_harcnn,id_ecada794f57d,id_f856741504a9,completed,1,True,id_58b7ba40d9ba,supervised,harcnn,full_finetune_lr3,id_2cb57fb4e55b,multimodal_df,daghar_standardized_balanced,wisdm,test,config_0,multimodal_perc_100,id_c2d68cc99d8f,har,evaluate,full_run,/workspaces/HIAAC-KR-Dev-Container/Minerva-Exps/benchmarks/experiments/paper_daghar_supervised_3runs_perlr_samples_down_seed_harcnn_34/logs/id_ecada794f57d/final,07d36f96ae,/workspaces/HIAAC-KR-Dev-Container/Minerva-Exps/benchmarks/experiments/paper_daghar_supervised_3runs_perlr_samples_down_seed_harcnn_34/logs/id_ecada794f57d/final/metrics_2025-09-15-06-19-07d36f96ae.yaml,/workspaces/HIAAC-KR-Dev-Container/Minerva-Exps/benchmarks/experiments/paper_daghar_supervised_3runs_perlr_samples_down_seed_harcnn_34/logs/id_ecada794f57d/final/run_2025-09-15-06-19-07d36f96ae.yaml,0.6674346923828125,0.6674346923828125,0.5954261422157288,0.6674346923828125,0.7329993844032288,0.6674346923828125
evaluate_harcnn,id_ec3fc4071315,id_78a16c5a7201,completed,1,True,id_6d037d42cfe2,supervised,harcnn,full_finetune_lr4,id_f390297e57d1,multimodal_df,daghar_standardized_balanced,rw_thigh,test,config_0,multimodal_perc_100,id_c2d68cc99d8f,har,evaluate,full_run,/workspaces/HIAAC-KR-Dev-Container/Minerva-Exps/benchmarks/experiments/paper_daghar_supervised_3runs_perlr_samples_down_seed_harcnn_34/logs/id_ec3fc4071315/final,0571812b51,/workspaces/HIAAC-KR-Dev-Container/Minerva-Exps/benchmarks/experiments/paper_daghar_supervised_3runs_perlr_samples_down_seed_harcnn_34/logs/id_ec3fc4071315/final/metrics_2025-09-15-06-19-0571812b51.yaml,/workspaces/HIAAC-KR-Dev-Container/Minerva-Exps/benchmarks/experiments/paper_daghar_supervised_3runs_perlr_samples_down_seed_harcnn_34/logs/id_ec3fc4071315/final/run_2025-09-15-06-19-0571812b51.yaml,0.7422360181808472,0.7422360777854919,0.7387838959693909,0.7422360181808472,0.7778226733207703,0.7422360181808472
evaluate_harcnn,id_f037008dbd5b,id_f925ab547fbf,completed,1,True,id_6d037d42cfe2,supervised,harcnn,full_finetune_lr4,id_b1f5143574a1,multimodal_df,daghar_standardized_balanced,rw_waist,test,config_0,multimodal_perc_100,id_c2d68cc99d8f,har,evaluate,full_run,/workspaces/HIAAC-KR-Dev-Container/Minerva-Exps/benchmarks/experiments/paper_daghar_supervised_3runs_perlr_samples_down_seed_harcnn_34/logs/id_f037008dbd5b/final,09182ceb27,/workspaces/HIAAC-KR-Dev-Container/Minerva-Exps/benchmarks/experiments/paper_daghar_supervised_3runs_perlr_samples_down_seed_harcnn_34/logs/id_f037008dbd5b/final/metrics_2025-09-15-06-19-09182ceb27.yaml,/workspaces/HIAAC-KR-Dev-Container/Minerva-Exps/benchmarks/experiments/paper_daghar_supervised_3runs_perlr_samples_down_seed_harcnn_34/logs/id_f037008dbd5b/final/run_2025-09-15-06-19-09182ceb27.yaml,0.6778549551963806,0.6778549551963806,0.6557227373123169,0.6778549551963806,0.700009822845459,0.6778548955917358
evaluate_harcnn,id_f42e08470c6e,id_7a0cffc1dab4,completed,1,True,id_6d037d42cfe2,supervised,harcnn,full_finetune_lr4,id_14a6ecc69dec,multimodal_df,daghar_standardized_balanced,uci,test,config_0,multimodal_perc_100,id_c2d68cc99d8f,har,evaluate,full_run,/workspaces/HIAAC-KR-Dev-Container/Minerva-Exps/benchmarks/experiments/paper_daghar_supervised_3runs_perlr_samples_down_seed_harcnn_34/logs/id_f42e08470c6e/final,32994493b3,/workspaces/HIAAC-KR-Dev-Container/Minerva-Exps/benchmarks/experiments/paper_daghar_supervised_3runs_perlr_samples_down_seed_harcnn_34/logs/id_f42e08470c6e/final/metrics_2025-09-15-06-19-32994493b3.yaml,/workspaces/HIAAC-KR-Dev-Container/Minerva-Exps/benchmarks/experiments/paper_daghar_supervised_3runs_perlr_samples_down_seed_harcnn_34/logs/id_f42e08470c6e/final/run_2025-09-15-06-19-32994493b3.yaml,0.6217391490936279,0.6217390894889832,0.5970580577850342,0.6217391490936279,0.6211250424385071,0.6217391490936279
evaluate_harcnn,id_f4b4d76c6e3e,id_633a2bb0bc54,completed,1,True,id_58b7ba40d9ba,supervised,harcnn,full_finetune_lr3,id_5365127f28e8,multimodal_df,daghar_standardized_balanced,kuhar,test,config_0,multimodal_perc_100,id_c2d68cc99d8f,har,evaluate,full_run,/workspaces/HIAAC-KR-Dev-Container/Minerva-Exps/benchmarks/experiments/paper_daghar_supervised_3runs_perlr_samples_down_seed_harcnn_34/logs/id_f4b4d76c6e3e/final,404343010b,/workspaces/HIAAC-KR-Dev-Container/Minerva-Exps/benchmarks/experiments/paper_daghar_supervised_3runs_perlr_samples_down_seed_harcnn_34/logs/id_f4b4d76c6e3e/final/metrics_2025-09-15-06-19-404343010b.yaml,/workspaces/HIAAC-KR-Dev-Container/Minerva-Exps/benchmarks/experiments/paper_daghar_supervised_3runs_perlr_samples_down_seed_harcnn_34/logs/id_f4b4d76c6e3e/final/run_2025-09-15-06-19-404343010b.yaml,0.4027777910232544,0.4027777910232544,0.296541303396225,0.4027777910232544,0.24765950441360474,0.4027777910232544
evaluate_harcnn,id_f1290d94afa9,id_18a4e378ddbc,completed,1,True,id_6d037d42cfe2,supervised,harcnn,full_finetune_lr4,id_2cb57fb4e55b,multimodal_df,daghar_standardized_balanced,wisdm,test,config_0,multimodal_perc_100,id_c2d68cc99d8f,har,evaluate,full_run,/workspaces/HIAAC-KR-Dev-Container/Minerva-Exps/benchmarks/experiments/paper_daghar_supervised_3runs_perlr_samples_down_seed_harcnn_34/logs/id_f1290d94afa9/final,22d33ef8db,/workspaces/HIAAC-KR-Dev-Container/Minerva-Exps/benchmarks/experiments/paper_daghar_supervised_3runs_perlr_samples_down_seed_harcnn_34/logs/id_f1290d94afa9/final/metrics_2025-09-15-06-19-22d33ef8db.yaml,/workspaces/HIAAC-KR-Dev-Container/Minerva-Exps/benchmarks/experiments/paper_daghar_supervised_3runs_perlr_samples_down_seed_harcnn_34/logs/id_f1290d94afa9/final/run_2025-09-15-06-19-22d33ef8db.yaml,0.8621351718902588,0.8621352314949036,0.8619728684425354,0.8621351718902588,0.861873984336853,0.8621351718902588
evaluate_harcnn,id_f72fba94d4ca,id_b7a4445894a5,completed,1,True,id_6d037d42cfe2,supervised,harcnn,full_finetune_lr4,id_5365127f28e8,multimodal_df,daghar_standardized_balanced,kuhar,test,config_0,multimodal_perc_100,id_c2d68cc99d8f,har,evaluate,full_run,/workspaces/HIAAC-KR-Dev-Container/Minerva-Exps/benchmarks/experiments/paper_daghar_supervised_3runs_perlr_samples_down_seed_harcnn_34/logs/id_f72fba94d4ca/final,5060f3bc76,/workspaces/HIAAC-KR-Dev-Container/Minerva-Exps/benchmarks/experiments/paper_daghar_supervised_3runs_perlr_samples_down_seed_harcnn_34/logs/id_f72fba94d4ca/final/metrics_2025-09-15-06-19-5060f3bc76.yaml,/workspaces/HIAAC-KR-Dev-Container/Minerva-Exps/benchmarks/experiments/paper_daghar_supervised_3runs_perlr_samples_down_seed_harcnn_34/logs/id_f72fba94d4ca/final/run_2025-09-15-06-19-5060f3bc76.yaml,0.5902777910232544,0.5902777314186096,0.5205141305923462,0.5902777910232544,0.5308146476745605,0.5902777910232544
evaluate_harcnn,id_f50d1764db9a,id_cd1ebab23095,completed,1,True,id_6d037d42cfe2,supervised,harcnn,full_finetune_lr4,id_14a6ecc69dec,multimodal_df,daghar_standardized_balanced,uci,test,config_0,multimodal_perc_100,id_c2d68cc99d8f,har,evaluate,full_run,/workspaces/HIAAC-KR-Dev-Container/Minerva-Exps/benchmarks/experiments/paper_daghar_supervised_3runs_perlr_samples_down_seed_harcnn_34/logs/id_f50d1764db9a/final,47a59f63c5,/workspaces/HIAAC-KR-Dev-Container/Minerva-Exps/benchmarks/experiments/paper_daghar_supervised_3runs_perlr_samples_down_seed_harcnn_34/logs/id_f50d1764db9a/final/metrics_2025-09-15-06-19-47a59f63c5.yaml,/workspaces/HIAAC-KR-Dev-Container/Minerva-Exps/benchmarks/experiments/paper_daghar_supervised_3runs_perlr_samples_down_seed_harcnn_34/logs/id_f50d1764db9a/final/run_2025-09-15-06-19-47a59f63c5.yaml,0.7971014380455017,0.7971013784408569,0.7943454384803772,0.7971014380455017,0.8008396029472351,0.7971013784408569
evaluate_harcnn,id_fa36809c2855,id_40de46631411,completed,1,True,id_6d037d42cfe2,supervised,harcnn,full_finetune_lr4,id_5365127f28e8,multimodal_df,daghar_standardized_balanced,kuhar,test,config_0,multimodal_perc_100,id_c2d68cc99d8f,har,evaluate,full_run,/workspaces/HIAAC-KR-Dev-Container/Minerva-Exps/benchmarks/experiments/paper_daghar_supervised_3runs_perlr_samples_down_seed_harcnn_34/logs/id_fa36809c2855/final,57ff2188ea,/workspaces/HIAAC-KR-Dev-Container/Minerva-Exps/benchmarks/experiments/paper_daghar_supervised_3runs_perlr_samples_down_seed_harcnn_34/logs/id_fa36809c2855/final/metrics_2025-09-15-06-19-57ff2188ea.yaml,/workspaces/HIAAC-KR-Dev-Container/Minerva-Exps/benchmarks/experiments/paper_daghar_supervised_3runs_perlr_samples_down_seed_harcnn_34/logs/id_fa36809c2855/final/run_2025-09-15-06-19-57ff2188ea.yaml,0.6805555820465088,0.680555522441864,0.6230050921440125,0.6805555820465088,0.5958333611488342,0.6805555820465088
evaluate_harcnn,id_f48358535615,id_039317f55d83,completed,1,True,id_6d037d42cfe2,supervised,harcnn,full_finetune_lr4,id_2cb57fb4e55b,multimodal_df,daghar_standardized_balanced,wisdm,test,config_0,multimodal_perc_100,id_c2d68cc99d8f,har,evaluate,full_run,/workspaces/HIAAC-KR-Dev-Container/Minerva-Exps/benchmarks/experiments/paper_daghar_supervised_3runs_perlr_samples_down_seed_harcnn_34/logs/id_f48358535615/final,3943e9b6d5,/workspaces/HIAAC-KR-Dev-Container/Minerva-Exps/benchmarks/experiments/paper_daghar_supervised_3runs_perlr_samples_down_seed_harcnn_34/logs/id_f48358535615/final/metrics_2025-09-15-06-19-3943e9b6d5.yaml,/workspaces/HIAAC-KR-Dev-Container/Minerva-Exps/benchmarks/experiments/paper_daghar_supervised_3runs_perlr_samples_down_seed_harcnn_34/logs/id_f48358535615/final/run_2025-09-15-06-19-3943e9b6d5.yaml,0.738095223903656,0.738095223903656,0.7111393213272095,0.738095223903656,0.7429752349853516,0.7380951642990112
evaluate_harcnn,id_f4cae15f9133,id_fc916716974c,completed,1,True,id_6d037d42cfe2,supervised,harcnn,full_finetune_lr4,id_f390297e57d1,multimodal_df,daghar_standardized_balanced,rw_thigh,test,config_0,multimodal_perc_100,id_c2d68cc99d8f,har,evaluate,full_run,/workspaces/HIAAC-KR-Dev-Container/Minerva-Exps/benchmarks/experiments/paper_daghar_supervised_3runs_perlr_samples_down_seed_harcnn_34/logs/id_f4cae15f9133/final,469d9d6988,/workspaces/HIAAC-KR-Dev-Container/Minerva-Exps/benchmarks/experiments/paper_daghar_supervised_3runs_perlr_samples_down_seed_harcnn_34/logs/id_f4cae15f9133/final/metrics_2025-09-15-06-19-469d9d6988.yaml,/workspaces/HIAAC-KR-Dev-Container/Minerva-Exps/benchmarks/experiments/paper_daghar_supervised_3runs_perlr_samples_down_seed_harcnn_34/logs/id_f4cae15f9133/final/run_2025-09-15-06-19-469d9d6988.yaml,0.6418219208717346,0.6418219208717346,0.6434035301208496,0.6418219208717346,0.6680257320404053,0.6418219208717346
evaluate_harcnn,id_f70353566612,id_bcf667ab669a,completed,1,True,id_6d037d42cfe2,supervised,harcnn,full_finetune_lr4,id_b1f5143574a1,multimodal_df,daghar_standardized_balanced,rw_waist,test,config_0,multimodal_perc_100,id_c2d68cc99d8f,har,evaluate,full_run,/workspaces/HIAAC-KR-Dev-Container/Minerva-Exps/benchmarks/experiments/paper_daghar_supervised_3runs_perlr_samples_down_seed_harcnn_34/logs/id_f70353566612/final,4907203438,/workspaces/HIAAC-KR-Dev-Container/Minerva-Exps/benchmarks/experiments/paper_daghar_supervised_3runs_perlr_samples_down_seed_harcnn_34/logs/id_f70353566612/final/metrics_2025-09-15-06-19-4907203438.yaml,/workspaces/HIAAC-KR-Dev-Container/Minerva-Exps/benchmarks/experiments/paper_daghar_supervised_3runs_perlr_samples_down_seed_harcnn_34/logs/id_f70353566612/final/run_2025-09-15-06-19-4907203438.yaml,0.7067901492118835,0.7067901492118835,0.7150222659111023,0.7067901492118835,0.7368960976600647,0.7067900896072388
evaluate_harcnn,id_f9dcdf104352,id_f06808ebe291,completed,1,True,id_58b7ba40d9ba,supervised,harcnn,full_finetune_lr3,id_2cb57fb4e55b,multimodal_df,daghar_standardized_balanced,wisdm,test,config_0,multimodal_perc_100,id_c2d68cc99d8f,har,evaluate,full_run,/workspaces/HIAAC-KR-Dev-Container/Minerva-Exps/benchmarks/experiments/paper_daghar_supervised_3runs_perlr_samples_down_seed_harcnn_34/logs/id_f9dcdf104352/final,5545c7abfe,/workspaces/HIAAC-KR-Dev-Container/Minerva-Exps/benchmarks/experiments/paper_daghar_supervised_3runs_perlr_samples_down_seed_harcnn_34/logs/id_f9dcdf104352/final/metrics_2025-09-15-06-19-5545c7abfe.yaml,/workspaces/HIAAC-KR-Dev-Container/Minerva-Exps/benchmarks/experiments/paper_daghar_supervised_3runs_perlr_samples_down_seed_harcnn_34/logs/id_f9dcdf104352/final/run_2025-09-15-06-19-5545c7abfe.yaml,0.644777238368988,0.6447772979736328,0.5890687704086304,0.644777238368988,0.7985414266586304,0.644777238368988
evaluate_harcnn,id_fd859151dfd0,id_3da71cab5e6b,completed,1,True,id_58b7ba40d9ba,supervised,harcnn,full_finetune_lr3,id_14a6ecc69dec,multimodal_df,daghar_standardized_balanced,uci,test,config_0,multimodal_perc_100,id_c2d68cc99d8f,har,evaluate,full_run,/workspaces/HIAAC-KR-Dev-Container/Minerva-Exps/benchmarks/experiments/paper_daghar_supervised_3runs_perlr_samples_down_seed_harcnn_34/logs/id_fd859151dfd0/final,13d7f0e8a5,/workspaces/HIAAC-KR-Dev-Container/Minerva-Exps/benchmarks/experiments/paper_daghar_supervised_3runs_perlr_samples_down_seed_harcnn_34/logs/id_fd859151dfd0/final/metrics_2025-09-15-06-20-13d7f0e8a5.yaml,/workspaces/HIAAC-KR-Dev-Container/Minerva-Exps/benchmarks/experiments/paper_daghar_supervised_3runs_perlr_samples_down_seed_harcnn_34/logs/id_fd859151dfd0/final/run_2025-09-15-06-20-13d7f0e8a5.yaml,0.4942029118537903,0.4942029118537903,0.39597994089126587,0.4942029118537903,0.5446401834487915,0.4942029118537903
evaluate_harcnn,id_fdd2ba72292f,id_e17426cad592,completed,1,True,id_6d037d42cfe2,supervised,harcnn,full_finetune_lr4,id_e7f63cc66b02,multimodal_df,daghar_standardized_balanced,motionsense,test,config_0,multimodal_perc_100,id_c2d68cc99d8f,har,evaluate,full_run,/workspaces/HIAAC-KR-Dev-Container/Minerva-Exps/benchmarks/experiments/paper_daghar_supervised_3runs_perlr_samples_down_seed_harcnn_34/logs/id_fdd2ba72292f/final,19a38a7288,/workspaces/HIAAC-KR-Dev-Container/Minerva-Exps/benchmarks/experiments/paper_daghar_supervised_3runs_perlr_samples_down_seed_harcnn_34/logs/id_fdd2ba72292f/final/metrics_2025-09-15-06-20-19a38a7288.yaml,/workspaces/HIAAC-KR-Dev-Container/Minerva-Exps/benchmarks/experiments/paper_daghar_supervised_3runs_perlr_samples_down_seed_harcnn_34/logs/id_fdd2ba72292f/final/run_2025-09-15-06-20-19a38a7288.yaml,0.778719425201416,0.778719425201416,0.7746400237083435,0.778719425201416,0.789977490901947,0.7787193655967712
evaluate_harcnn,id_fc5c125ea6c8,id_6a20c3ab1622,completed,1,True,id_58b7ba40d9ba,supervised,harcnn,full_finetune_lr3,id_2cb57fb4e55b,multimodal_df,daghar_standardized_balanced,wisdm,test,config_0,multimodal_perc_100,id_c2d68cc99d8f,har,evaluate,full_run,/workspaces/HIAAC-KR-Dev-Container/Minerva-Exps/benchmarks/experiments/paper_daghar_supervised_3runs_perlr_samples_down_seed_harcnn_34/logs/id_fc5c125ea6c8/final,0546b5baec,/workspaces/HIAAC-KR-Dev-Container/Minerva-Exps/benchmarks/experiments/paper_daghar_supervised_3runs_perlr_samples_down_seed_harcnn_34/logs/id_fc5c125ea6c8/final/metrics_2025-09-15-06-20-0546b5baec.yaml,/workspaces/HIAAC-KR-Dev-Container/Minerva-Exps/benchmarks/experiments/paper_daghar_supervised_3runs_perlr_samples_down_seed_harcnn_34/logs/id_fc5c125ea6c8/final/run_2025-09-15-06-20-0546b5baec.yaml,0.7715053558349609,0.7715053558349609,0.7768216133117676,0.7715053558349609,0.7887341976165771,0.7715053558349609
evaluate_harcnn,id_fb3b0c4dfe08,id_a26842f39032,completed,1,True,id_6d037d42cfe2,supervised,harcnn,full_finetune_lr4,id_b1f5143574a1,multimodal_df,daghar_standardized_balanced,rw_waist,test,config_0,multimodal_perc_100,id_c2d68cc99d8f,har,evaluate,full_run,/workspaces/HIAAC-KR-Dev-Container/Minerva-Exps/benchmarks/experiments/paper_daghar_supervised_3runs_perlr_samples_down_seed_harcnn_34/logs/id_fb3b0c4dfe08/final,02ca322552,/workspaces/HIAAC-KR-Dev-Container/Minerva-Exps/benchmarks/experiments/paper_daghar_supervised_3runs_perlr_samples_down_seed_harcnn_34/logs/id_fb3b0c4dfe08/final/metrics_2025-09-15-06-20-02ca322552.yaml,/workspaces/HIAAC-KR-Dev-Container/Minerva-Exps/benchmarks/experiments/paper_daghar_supervised_3runs_perlr_samples_down_seed_harcnn_34/logs/id_fb3b0c4dfe08/final/run_2025-09-15-06-20-02ca322552.yaml,0.48726850748062134,0.4872685372829437,0.4781298339366913,0.48726850748062134,0.5324517488479614,0.4872685372829437
evaluate_harcnn,id_fd67221fafde,id_3a882b9da2f5,completed,1,True,id_6d037d42cfe2,supervised,harcnn,full_finetune_lr4,id_2cb57fb4e55b,multimodal_df,daghar_standardized_balanced,wisdm,test,config_0,multimodal_perc_100,id_c2d68cc99d8f,har,evaluate,full_run,/workspaces/HIAAC-KR-Dev-Container/Minerva-Exps/benchmarks/experiments/paper_daghar_supervised_3runs_perlr_samples_down_seed_harcnn_34/logs/id_fd67221fafde/final,07d5a9d36d,/workspaces/HIAAC-KR-Dev-Container/Minerva-Exps/benchmarks/experiments/paper_daghar_supervised_3runs_perlr_samples_down_seed_harcnn_34/logs/id_fd67221fafde/final/metrics_2025-09-15-06-20-07d5a9d36d.yaml,/workspaces/HIAAC-KR-Dev-Container/Minerva-Exps/benchmarks/experiments/paper_daghar_supervised_3runs_perlr_samples_down_seed_harcnn_34/logs/id_fd67221fafde/final/run_2025-09-15-06-20-07d5a9d36d.yaml,0.6397849321365356,0.6397849321365356,0.5704529285430908,0.6397849321365356,0.6806000471115112,0.6397849321365356
evaluate_harcnn,id_fe5483fd163f,id_9bca4ee47780,completed,1,True,id_58b7ba40d9ba,supervised,harcnn,full_finetune_lr3,id_14a6ecc69dec,multimodal_df,daghar_standardized_balanced,uci,test,config_0,multimodal_perc_100,id_c2d68cc99d8f,har,evaluate,full_run,/workspaces/HIAAC-KR-Dev-Container/Minerva-Exps/benchmarks/experiments/paper_daghar_supervised_3runs_perlr_samples_down_seed_harcnn_34/logs/id_fe5483fd163f/final,31c3e6405a,/workspaces/HIAAC-KR-Dev-Container/Minerva-Exps/benchmarks/experiments/paper_daghar_supervised_3runs_perlr_samples_down_seed_harcnn_34/logs/id_fe5483fd163f/final/metrics_2025-09-15-06-20-31c3e6405a.yaml,/workspaces/HIAAC-KR-Dev-Container/Minerva-Exps/benchmarks/experiments/paper_daghar_supervised_3runs_perlr_samples_down_seed_harcnn_34/logs/id_fe5483fd163f/final/run_2025-09-15-06-20-31c3e6405a.yaml,0.4898550808429718,0.4898551106452942,0.4302486181259155,0.4898550808429718,0.43895259499549866,0.4898550510406494
evaluate_harcnn,id_fe8510c1db76,id_1b07fc1b4782,completed,1,True,id_58b7ba40d9ba,supervised,harcnn,full_finetune_lr3,id_f390297e57d1,multimodal_df,daghar_standardized_balanced,rw_thigh,test,config_0,multimodal_perc_100,id_c2d68cc99d8f,har,evaluate,full_run,/workspaces/HIAAC-KR-Dev-Container/Minerva-Exps/benchmarks/experiments/paper_daghar_supervised_3runs_perlr_samples_down_seed_harcnn_34/logs/id_fe8510c1db76/final,3070b22d98,/workspaces/HIAAC-KR-Dev-Container/Minerva-Exps/benchmarks/experiments/paper_daghar_supervised_3runs_perlr_samples_down_seed_harcnn_34/logs/id_fe8510c1db76/final/metrics_2025-09-15-06-20-3070b22d98.yaml,/workspaces/HIAAC-KR-Dev-Container/Minerva-Exps/benchmarks/experiments/paper_daghar_supervised_3runs_perlr_samples_down_seed_harcnn_34/logs/id_fe8510c1db76/final/run_2025-09-15-06-20-3070b22d98.yaml,0.29399585723876953,0.29399582743644714,0.16336408257484436,0.29399585723876953,0.15000034868717194,0.29399585723876953
evaluate_harcnn,id_ff12b7c3f4d1,id_83b126803936,completed,1,True,id_58b7ba40d9ba,supervised,harcnn,full_finetune_lr3,id_f390297e57d1,multimodal_df,daghar_standardized_balanced,rw_thigh,test,config_0,multimodal_perc_100,id_c2d68cc99d8f,har,evaluate,full_run,/workspaces/HIAAC-KR-Dev-Container/Minerva-Exps/benchmarks/experiments/paper_daghar_supervised_3runs_perlr_samples_down_seed_harcnn_34/logs/id_ff12b7c3f4d1/final,33c55d5ad8,/workspaces/HIAAC-KR-Dev-Container/Minerva-Exps/benchmarks/experiments/paper_daghar_supervised_3runs_perlr_samples_down_seed_harcnn_34/logs/id_ff12b7c3f4d1/final/metrics_2025-09-15-06-20-33c55d5ad8.yaml,/workspaces/HIAAC-KR-Dev-Container/Minerva-Exps/benchmarks/experiments/paper_daghar_supervised_3runs_perlr_samples_down_seed_harcnn_34/logs/id_ff12b7c3f4d1/final/run_2025-09-15-06-20-33c55d5ad8.yaml,0.6570048332214355,0.6570048332214355,0.658316969871521,0.6570048332214355,0.7119522094726562,0.6570048332214355
train_harcnn,id_0713da65662a,,completed,0,False,id_205d675a6782,supervised,harcnn,full_finetune_lr1,id_e7af70720e13,multimodal_df,daghar_standardized_balanced,kuhar,train,config_0,multimodal_samples_050_3,id_7d268895569b,har,train,full_run,/workspaces/HIAAC-KR-Dev-Container/Minerva-Exps/benchmarks/experiments/paper_daghar_supervised_3runs_perlr_samples_down_seed_harcnn_125/logs/id_0713da65662a/final,,,,,,,,,
train_harcnn,id_013cd3ef4894,,completed,0,False,id_58a400b02098,supervised,harcnn,full_finetune_lr2,id_d9dc7844fd8b,multimodal_df,daghar_standardized_balanced,uci,train,config_0,multimodal_samples_050_2,id_7d268895569b,har,train,full_run,/workspaces/HIAAC-KR-Dev-Container/Minerva-Exps/benchmarks/experiments/paper_daghar_supervised_3runs_perlr_samples_down_seed_harcnn_125/logs/id_013cd3ef4894/final,,,,,,,,,
train_harcnn,id_067203c52d58,,completed,0,False,id_205d675a6782,supervised,harcnn,full_finetune_lr1,id_0637ba4f3b1a,multimodal_df,daghar_standardized_balanced,wisdm,train,config_0,multimodal_samples_001,id_7d268895569b,har,train,full_run,/workspaces/HIAAC-KR-Dev-Container/Minerva-Exps/benchmarks/experiments/paper_daghar_supervised_3runs_perlr_samples_down_seed_harcnn_125/logs/id_067203c52d58/final,,,,,,,,,
train_harcnn,id_0626cd567d6e,,completed,0,False,id_205d675a6782,supervised,harcnn,full_finetune_lr1,id_c1e743ebb0a8,multimodal_df,daghar_standardized_balanced,rw_thigh,train,config_0,multimodal_samples_005_3,id_7d268895569b,har,train,full_run,/workspaces/HIAAC-KR-Dev-Container/Minerva-Exps/benchmarks/experiments/paper_daghar_supervised_3runs_perlr_samples_down_seed_harcnn_125/logs/id_0626cd567d6e/final,,,,,,,,,
train_harcnn,id_081eba7175c5,,completed,0,False,id_74afc850e220,supervised,harcnn,full_finetune_lr5,id_5aed9d092412,multimodal_df,daghar_standardized_balanced,wisdm,train,config_0,multimodal_samples_050_3,id_7d268895569b,har,train,full_run,/workspaces/HIAAC-KR-Dev-Container/Minerva-Exps/benchmarks/experiments/paper_daghar_supervised_3runs_perlr_samples_down_seed_harcnn_125/logs/id_081eba7175c5/final,,,,,,,,,
train_harcnn,id_03a7302b51e1,,completed,0,False,id_74afc850e220,supervised,harcnn,full_finetune_lr5,id_dd4d18f1c7c4,multimodal_df,daghar_standardized_balanced,rw_thigh,train,config_0,multimodal_samples_025,id_7d268895569b,har,train,full_run,/workspaces/HIAAC-KR-Dev-Container/Minerva-Exps/benchmarks/experiments/paper_daghar_supervised_3runs_perlr_samples_down_seed_harcnn_125/logs/id_03a7302b51e1/final,,,,,,,,,
train_harcnn,id_079a544b4f31,,completed,0,False,id_74afc850e220,supervised,harcnn,full_finetune_lr5,id_650e37922e7e,multimodal_df,daghar_standardized_balanced,motionsense,train,config_0,multimodal_samples_025,id_7d268895569b,har,train,full_run,/workspaces/HIAAC-KR-Dev-Container/Minerva-Exps/benchmarks/experiments/paper_daghar_supervised_3runs_perlr_samples_down_seed_harcnn_125/logs/id_079a544b4f31/final,,,,,,,,,
train_harcnn,id_04dadfed94b1,,completed,0,False,id_205d675a6782,supervised,harcnn,full_finetune_lr1,id_c05d706619f3,multimodal_df,daghar_standardized_balanced,rw_thigh,train,config_0,multimodal_samples_010,id_7d268895569b,har,train,full_run,/workspaces/HIAAC-KR-Dev-Container/Minerva-Exps/benchmarks/experiments/paper_daghar_supervised_3runs_perlr_samples_down_seed_harcnn_125/logs/id_04dadfed94b1/final,,,,,,,,,
train_harcnn,id_08f93be2debc,,completed,0,False,id_58a400b02098,supervised,harcnn,full_finetune_lr2,id_8eaba78f5c3b,multimodal_df,daghar_standardized_balanced,kuhar,train,config_0,multimodal_samples_025_3,id_7d268895569b,har,train,full_run,/workspaces/HIAAC-KR-Dev-Container/Minerva-Exps/benchmarks/experiments/paper_daghar_supervised_3runs_perlr_samples_down_seed_harcnn_125/logs/id_08f93be2debc/final,,,,,,,,,
train_harcnn,id_094a460a87fe,,completed,0,False,id_58a400b02098,supervised,harcnn,full_finetune_lr2,id_2bd430b767f1,multimodal_df,daghar_standardized_balanced,motionsense,train,config_0,multimodal_samples_100_3,id_7d268895569b,har,train,full_run,/workspaces/HIAAC-KR-Dev-Container/Minerva-Exps/benchmarks/experiments/paper_daghar_supervised_3runs_perlr_samples_down_seed_harcnn_125/logs/id_094a460a87fe/final,,,,,,,,,
train_harcnn,id_088dc9aa733c,,completed,0,False,id_74afc850e220,supervised,harcnn,full_finetune_lr5,id_12164f3aad9d,multimodal_df,daghar_standardized_balanced,uci,train,config_0,multimodal_samples_100_2,id_7d268895569b,har,train,full_run,/workspaces/HIAAC-KR-Dev-Container/Minerva-Exps/benchmarks/experiments/paper_daghar_supervised_3runs_perlr_samples_down_seed_harcnn_125/logs/id_088dc9aa733c/final,,,,,,,,,
train_harcnn,id_0be1705e7ad3,,completed,0,False,id_58a400b02098,supervised,harcnn,full_finetune_lr2,id_8f0cce8978b6,multimodal_df,daghar_standardized_balanced,uci,train,config_0,multimodal_samples_050,id_7d268895569b,har,train,full_run,/workspaces/HIAAC-KR-Dev-Container/Minerva-Exps/benchmarks/experiments/paper_daghar_supervised_3runs_perlr_samples_down_seed_harcnn_125/logs/id_0be1705e7ad3/final,,,,,,,,,
train_harcnn,id_0ad16251ff1c,,completed,0,False,id_74afc850e220,supervised,harcnn,full_finetune_lr5,id_378e85dee41c,multimodal_df,daghar_standardized_balanced,rw_thigh,train,config_0,multimodal_samples_050,id_7d268895569b,har,train,full_run,/workspaces/HIAAC-KR-Dev-Container/Minerva-Exps/benchmarks/experiments/paper_daghar_supervised_3runs_perlr_samples_down_seed_harcnn_125/logs/id_0ad16251ff1c/final,,,,,,,,,
train_harcnn,id_0c5f353e4f62,,completed,0,False,id_74afc850e220,supervised,harcnn,full_finetune_lr5,id_091a3b529e49,multimodal_df,daghar_standardized_balanced,kuhar,train,config_0,multimodal_samples_005_3,id_7d268895569b,har,train,full_run,/workspaces/HIAAC-KR-Dev-Container/Minerva-Exps/benchmarks/experiments/paper_daghar_supervised_3runs_perlr_samples_down_seed_harcnn_125/logs/id_0c5f353e4f62/final,,,,,,,,,
train_harcnn,id_0b3e18861f6e,,completed,0,False,id_74afc850e220,supervised,harcnn,full_finetune_lr5,id_0637ba4f3b1a,multimodal_df,daghar_standardized_balanced,wisdm,train,config_0,multimodal_samples_001,id_7d268895569b,har,train,full_run,/workspaces/HIAAC-KR-Dev-Container/Minerva-Exps/benchmarks/experiments/paper_daghar_supervised_3runs_perlr_samples_down_seed_harcnn_125/logs/id_0b3e18861f6e/final,,,,,,,,,
train_harcnn,id_097d23abebdd,,completed,0,False,id_205d675a6782,supervised,harcnn,full_finetune_lr1,id_e959f1474a75,multimodal_df,daghar_standardized_balanced,wisdm,train,config_0,multimodal_perc_100,id_7d268895569b,har,train,full_run,/workspaces/HIAAC-KR-Dev-Container/Minerva-Exps/benchmarks/experiments/paper_daghar_supervised_3runs_perlr_samples_down_seed_harcnn_125/logs/id_097d23abebdd/final,,,,,,,,,
train_harcnn,id_0cea33620e06,,completed,0,False,id_205d675a6782,supervised,harcnn,full_finetune_lr1,id_083b8f815ed5,multimodal_df,daghar_standardized_balanced,uci,train,config_0,multimodal_samples_200,id_7d268895569b,har,train,full_run,/workspaces/HIAAC-KR-Dev-Container/Minerva-Exps/benchmarks/experiments/paper_daghar_supervised_3runs_perlr_samples_down_seed_harcnn_125/logs/id_0cea33620e06/final,,,,,,,,,
train_harcnn,id_0da4d58f0c7b,,completed,0,False,id_58a400b02098,supervised,harcnn,full_finetune_lr2,id_e0d8b057e9ae,multimodal_df,daghar_standardized_balanced,wisdm,train,config_0,multimodal_samples_200_2,id_7d268895569b,har,train,full_run,/workspaces/HIAAC-KR-Dev-Container/Minerva-Exps/benchmarks/experiments/paper_daghar_supervised_3runs_perlr_samples_down_seed_harcnn_125/logs/id_0da4d58f0c7b/final,,,,,,,,,
train_harcnn,id_0ec0dcfb2651,,completed,0,False,id_205d675a6782,supervised,harcnn,full_finetune_lr1,id_132ff3af6c3c,multimodal_df,daghar_standardized_balanced,uci,train,config_0,multimodal_samples_100_3,id_7d268895569b,har,train,full_run,/workspaces/HIAAC-KR-Dev-Container/Minerva-Exps/benchmarks/experiments/paper_daghar_supervised_3runs_perlr_samples_down_seed_harcnn_125/logs/id_0ec0dcfb2651/final,,,,,,,,,
train_harcnn,id_10fc29b9625f,,completed,0,False,id_74afc850e220,supervised,harcnn,full_finetune_lr5,id_e0ead58eab76,multimodal_df,daghar_standardized_balanced,kuhar,train,config_0,multimodal_samples_100_2,id_7d268895569b,har,train,full_run,/workspaces/HIAAC-KR-Dev-Container/Minerva-Exps/benchmarks/experiments/paper_daghar_supervised_3runs_perlr_samples_down_seed_harcnn_125/logs/id_10fc29b9625f/final,,,,,,,,,
train_harcnn,id_106087cf7941,,completed,0,False,id_205d675a6782,supervised,harcnn,full_finetune_lr1,id_1da0f49b378e,multimodal_df,daghar_standardized_balanced,uci,train,config_0,multimodal_samples_005_3,id_7d268895569b,har,train,full_run,/workspaces/HIAAC-KR-Dev-Container/Minerva-Exps/benchmarks/experiments/paper_daghar_supervised_3runs_perlr_samples_down_seed_harcnn_125/logs/id_106087cf7941/final,,,,,,,,,
train_harcnn,id_107a9ae34bbc,,completed,0,False,id_205d675a6782,supervised,harcnn,full_finetune_lr1,id_c6d3a26ce3a3,multimodal_df,daghar_standardized_balanced,uci,train,config_0,multimodal_samples_010_3,id_7d268895569b,har,train,full_run,/workspaces/HIAAC-KR-Dev-Container/Minerva-Exps/benchmarks/experiments/paper_daghar_supervised_3runs_perlr_samples_down_seed_harcnn_125/logs/id_107a9ae34bbc/final,,,,,,,,,
train_harcnn,id_0ec55233d259,,completed,0,False,id_74afc850e220,supervised,harcnn,full_finetune_lr5,id_5a4fe85324f7,multimodal_df,daghar_standardized_balanced,kuhar,train,config_0,multimodal_samples_001_3,id_7d268895569b,har,train,full_run,/workspaces/HIAAC-KR-Dev-Container/Minerva-Exps/benchmarks/experiments/paper_daghar_supervised_3runs_perlr_samples_down_seed_harcnn_125/logs/id_0ec55233d259/final,,,,,,,,,
train_harcnn,id_1013362f50d7,,completed,0,False,id_74afc850e220,supervised,harcnn,full_finetune_lr5,id_03f958408f87,multimodal_df,daghar_standardized_balanced,uci,train,config_0,multimodal_samples_010,id_7d268895569b,har,train,full_run,/workspaces/HIAAC-KR-Dev-Container/Minerva-Exps/benchmarks/experiments/paper_daghar_supervised_3runs_perlr_samples_down_seed_harcnn_125/logs/id_1013362f50d7/final,,,,,,,,,
train_harcnn,id_1424e8f5306e,,completed,0,False,id_58a400b02098,supervised,harcnn,full_finetune_lr2,id_68e2c218f19b,multimodal_df,daghar_standardized_balanced,rw_waist,train,config_0,multimodal_samples_050,id_7d268895569b,har,train,full_run,/workspaces/HIAAC-KR-Dev-Container/Minerva-Exps/benchmarks/experiments/paper_daghar_supervised_3runs_perlr_samples_down_seed_harcnn_125/logs/id_1424e8f5306e/final,,,,,,,,,
train_harcnn,id_1405c45b8463,,completed,0,False,id_74afc850e220,supervised,harcnn,full_finetune_lr5,id_e0d8b057e9ae,multimodal_df,daghar_standardized_balanced,wisdm,train,config_0,multimodal_samples_200_2,id_7d268895569b,har,train,full_run,/workspaces/HIAAC-KR-Dev-Container/Minerva-Exps/benchmarks/experiments/paper_daghar_supervised_3runs_perlr_samples_down_seed_harcnn_125/logs/id_1405c45b8463/final,,,,,,,,,
train_harcnn,id_148e0b74f591,,completed,0,False,id_58a400b02098,supervised,harcnn,full_finetune_lr2,id_cca20f21af92,multimodal_df,daghar_standardized_balanced,motionsense,train,config_0,multimodal_perc_100_3,id_7d268895569b,har,train,full_run,/workspaces/HIAAC-KR-Dev-Container/Minerva-Exps/benchmarks/experiments/paper_daghar_supervised_3runs_perlr_samples_down_seed_harcnn_125/logs/id_148e0b74f591/final,,,,,,,,,
train_harcnn,id_15978cbd7391,,completed,0,False,id_58a400b02098,supervised,harcnn,full_finetune_lr2,id_73b62c9f3e5a,multimodal_df,daghar_standardized_balanced,kuhar,train,config_0,multimodal_samples_005,id_7d268895569b,har,train,full_run,/workspaces/HIAAC-KR-Dev-Container/Minerva-Exps/benchmarks/experiments/paper_daghar_supervised_3runs_perlr_samples_down_seed_harcnn_125/logs/id_15978cbd7391/final,,,,,,,,,
train_harcnn,id_14d182d8f308,,completed,0,False,id_58a400b02098,supervised,harcnn,full_finetune_lr2,id_4cebd74418d5,multimodal_df,daghar_standardized_balanced,rw_thigh,train,config_0,multimodal_samples_025_2,id_7d268895569b,har,train,full_run,/workspaces/HIAAC-KR-Dev-Container/Minerva-Exps/benchmarks/experiments/paper_daghar_supervised_3runs_perlr_samples_down_seed_harcnn_125/logs/id_14d182d8f308/final,,,,,,,,,
train_harcnn,id_145863073810,,completed,0,False,id_74afc850e220,supervised,harcnn,full_finetune_lr5,id_e40d7f3591a5,multimodal_df,daghar_standardized_balanced,rw_thigh,train,config_0,multimodal_samples_010_3,id_7d268895569b,har,train,full_run,/workspaces/HIAAC-KR-Dev-Container/Minerva-Exps/benchmarks/experiments/paper_daghar_supervised_3runs_perlr_samples_down_seed_harcnn_125/logs/id_145863073810/final,,,,,,,,,
train_harcnn,id_1714d5b1c439,,completed,0,False,id_58a400b02098,supervised,harcnn,full_finetune_lr2,id_d05d4d1d48a9,multimodal_df,daghar_standardized_balanced,rw_thigh,train,config_0,multimodal_samples_200_2,id_7d268895569b,har,train,full_run,/workspaces/HIAAC-KR-Dev-Container/Minerva-Exps/benchmarks/experiments/paper_daghar_supervised_3runs_perlr_samples_down_seed_harcnn_125/logs/id_1714d5b1c439/final,,,,,,,,,
train_harcnn,id_15de8d702978,,completed,0,False,id_74afc850e220,supervised,harcnn,full_finetune_lr5,id_0f9a122d7cc5,multimodal_df,daghar_standardized_balanced,uci,train,config_0,multimodal_samples_025,id_7d268895569b,har,train,full_run,/workspaces/HIAAC-KR-Dev-Container/Minerva-Exps/benchmarks/experiments/paper_daghar_supervised_3runs_perlr_samples_down_seed_harcnn_125/logs/id_15de8d702978/final,,,,,,,,,
train_harcnn,id_15ebeafe5f00,,completed,0,False,id_58a400b02098,supervised,harcnn,full_finetune_lr2,id_2baf94349229,multimodal_df,daghar_standardized_balanced,rw_waist,train,config_0,multimodal_samples_025_3,id_7d268895569b,har,train,full_run,/workspaces/HIAAC-KR-Dev-Container/Minerva-Exps/benchmarks/experiments/paper_daghar_supervised_3runs_perlr_samples_down_seed_harcnn_125/logs/id_15ebeafe5f00/final,,,,,,,,,
train_harcnn,id_1616a95af0d9,,completed,0,False,id_58a400b02098,supervised,harcnn,full_finetune_lr2,id_c1e743ebb0a8,multimodal_df,daghar_standardized_balanced,rw_thigh,train,config_0,multimodal_samples_005_3,id_7d268895569b,har,train,full_run,/workspaces/HIAAC-KR-Dev-Container/Minerva-Exps/benchmarks/experiments/paper_daghar_supervised_3runs_perlr_samples_down_seed_harcnn_125/logs/id_1616a95af0d9/final,,,,,,,,,
train_harcnn,id_1ab574543ccc,,completed,0,False,id_58a400b02098,supervised,harcnn,full_finetune_lr2,id_0bda4f0f9489,multimodal_df,daghar_standardized_balanced,motionsense,train,config_0,multimodal_samples_005,id_7d268895569b,har,train,full_run,/workspaces/HIAAC-KR-Dev-Container/Minerva-Exps/benchmarks/experiments/paper_daghar_supervised_3runs_perlr_samples_down_seed_harcnn_125/logs/id_1ab574543ccc/final,,,,,,,,,
train_harcnn,id_19b1e6f51bb9,,completed,0,False,id_205d675a6782,supervised,harcnn,full_finetune_lr1,id_22326f4c2dcc,multimodal_df,daghar_standardized_balanced,wisdm,train,config_0,multimodal_samples_050,id_7d268895569b,har,train,full_run,/workspaces/HIAAC-KR-Dev-Container/Minerva-Exps/benchmarks/experiments/paper_daghar_supervised_3runs_perlr_samples_down_seed_harcnn_125/logs/id_19b1e6f51bb9/final,,,,,,,,,
train_harcnn,id_1b42b2b15ab3,,completed,0,False,id_205d675a6782,supervised,harcnn,full_finetune_lr1,id_a3717fe8cdbe,multimodal_df,daghar_standardized_balanced,wisdm,train,config_0,multimodal_samples_100,id_7d268895569b,har,train,full_run,/workspaces/HIAAC-KR-Dev-Container/Minerva-Exps/benchmarks/experiments/paper_daghar_supervised_3runs_perlr_samples_down_seed_harcnn_125/logs/id_1b42b2b15ab3/final,,,,,,,,,
train_harcnn,id_19839768db3f,,completed,0,False,id_74afc850e220,supervised,harcnn,full_finetune_lr5,id_ec9738c1ffd0,multimodal_df,daghar_standardized_balanced,rw_waist,train,config_0,multimodal_samples_100,id_7d268895569b,har,train,full_run,/workspaces/HIAAC-KR-Dev-Container/Minerva-Exps/benchmarks/experiments/paper_daghar_supervised_3runs_perlr_samples_down_seed_harcnn_125/logs/id_19839768db3f/final,,,,,,,,,
train_harcnn,id_189fd082209e,,completed,0,False,id_74afc850e220,supervised,harcnn,full_finetune_lr5,id_4987ed1d5bf0,multimodal_df,daghar_standardized_balanced,wisdm,train,config_0,multimodal_samples_025,id_7d268895569b,har,train,full_run,/workspaces/HIAAC-KR-Dev-Container/Minerva-Exps/benchmarks/experiments/paper_daghar_supervised_3runs_perlr_samples_down_seed_harcnn_125/logs/id_189fd082209e/final,,,,,,,,,
train_harcnn,id_19d177870fab,,completed,0,False,id_74afc850e220,supervised,harcnn,full_finetune_lr5,id_7b5861f76744,multimodal_df,daghar_standardized_balanced,rw_thigh,train,config_0,multimodal_samples_025_3,id_7d268895569b,har,train,full_run,/workspaces/HIAAC-KR-Dev-Container/Minerva-Exps/benchmarks/experiments/paper_daghar_supervised_3runs_perlr_samples_down_seed_harcnn_125/logs/id_19d177870fab/final,,,,,,,,,
train_harcnn,id_1b2a4f18bdd2,,completed,0,False,id_205d675a6782,supervised,harcnn,full_finetune_lr1,id_274082d5effd,multimodal_df,daghar_standardized_balanced,rw_waist,train,config_0,multimodal_samples_005,id_7d268895569b,har,train,full_run,/workspaces/HIAAC-KR-Dev-Container/Minerva-Exps/benchmarks/experiments/paper_daghar_supervised_3runs_perlr_samples_down_seed_harcnn_125/logs/id_1b2a4f18bdd2/final,,,,,,,,,
train_harcnn,id_1d969e0361f4,,completed,0,False,id_58a400b02098,supervised,harcnn,full_finetune_lr2,id_5a4fe85324f7,multimodal_df,daghar_standardized_balanced,kuhar,train,config_0,multimodal_samples_001_3,id_7d268895569b,har,train,full_run,/workspaces/HIAAC-KR-Dev-Container/Minerva-Exps/benchmarks/experiments/paper_daghar_supervised_3runs_perlr_samples_down_seed_harcnn_125/logs/id_1d969e0361f4/final,,,,,,,,,
train_harcnn,id_1bbc55301d7f,,completed,0,False,id_74afc850e220,supervised,harcnn,full_finetune_lr5,id_2d8c7a4e80db,multimodal_df,daghar_standardized_balanced,motionsense,train,config_0,multimodal_samples_050_3,id_7d268895569b,har,train,full_run,/workspaces/HIAAC-KR-Dev-Container/Minerva-Exps/benchmarks/experiments/paper_daghar_supervised_3runs_perlr_samples_down_seed_harcnn_125/logs/id_1bbc55301d7f/final,,,,,,,,,
train_harcnn,id_1d0e13159bc1,,completed,0,False,id_205d675a6782,supervised,harcnn,full_finetune_lr1,id_a5eb7bbd285a,multimodal_df,daghar_standardized_balanced,motionsense,train,config_0,multimodal_samples_050,id_7d268895569b,har,train,full_run,/workspaces/HIAAC-KR-Dev-Container/Minerva-Exps/benchmarks/experiments/paper_daghar_supervised_3runs_perlr_samples_down_seed_harcnn_125/logs/id_1d0e13159bc1/final,,,,,,,,,
train_harcnn,id_1be4c9efe5a0,,completed,0,False,id_58a400b02098,supervised,harcnn,full_finetune_lr2,id_ff2bb65ac9fe,multimodal_df,daghar_standardized_balanced,uci,train,config_0,multimodal_samples_010_2,id_7d268895569b,har,train,full_run,/workspaces/HIAAC-KR-Dev-Container/Minerva-Exps/benchmarks/experiments/paper_daghar_supervised_3runs_perlr_samples_down_seed_harcnn_125/logs/id_1be4c9efe5a0/final,,,,,,,,,
train_harcnn,id_1d9b4cc85864,,completed,0,False,id_205d675a6782,supervised,harcnn,full_finetune_lr1,id_d7d1a80f3236,multimodal_df,daghar_standardized_balanced,rw_thigh,train,config_0,multimodal_samples_200_3,id_7d268895569b,har,train,full_run,/workspaces/HIAAC-KR-Dev-Container/Minerva-Exps/benchmarks/experiments/paper_daghar_supervised_3runs_perlr_samples_down_seed_harcnn_125/logs/id_1d9b4cc85864/final,,,,,,,,,
train_harcnn,id_1e5cecd06fed,,completed,0,False,id_205d675a6782,supervised,harcnn,full_finetune_lr1,id_6dc44c345419,multimodal_df,daghar_standardized_balanced,rw_waist,train,config_0,multimodal_samples_025,id_7d268895569b,har,train,full_run,/workspaces/HIAAC-KR-Dev-Container/Minerva-Exps/benchmarks/experiments/paper_daghar_supervised_3runs_perlr_samples_down_seed_harcnn_125/logs/id_1e5cecd06fed/final,,,,,,,,,
train_harcnn,id_1c3831eb385c,,completed,0,False,id_74afc850e220,supervised,harcnn,full_finetune_lr5,id_d05d4d1d48a9,multimodal_df,daghar_standardized_balanced,rw_thigh,train,config_0,multimodal_samples_200_2,id_7d268895569b,har,train,full_run,/workspaces/HIAAC-KR-Dev-Container/Minerva-Exps/benchmarks/experiments/paper_daghar_supervised_3runs_perlr_samples_down_seed_harcnn_125/logs/id_1c3831eb385c/final,,,,,,,,,
train_harcnn,id_1fa42ed1fca3,,completed,0,False,id_58a400b02098,supervised,harcnn,full_finetune_lr2,id_dbf308c611cc,multimodal_df,daghar_standardized_balanced,motionsense,train,config_0,multimodal_samples_025_3,id_7d268895569b,har,train,full_run,/workspaces/HIAAC-KR-Dev-Container/Minerva-Exps/benchmarks/experiments/paper_daghar_supervised_3runs_perlr_samples_down_seed_harcnn_125/logs/id_1fa42ed1fca3/final,,,,,,,,,
train_harcnn,id_1f148acc38e5,,completed,0,False,id_205d675a6782,supervised,harcnn,full_finetune_lr1,id_63390b2e2f32,multimodal_df,daghar_standardized_balanced,wisdm,train,config_0,multimodal_samples_005_2,id_7d268895569b,har,train,full_run,/workspaces/HIAAC-KR-Dev-Container/Minerva-Exps/benchmarks/experiments/paper_daghar_supervised_3runs_perlr_samples_down_seed_harcnn_125/logs/id_1f148acc38e5/final,,,,,,,,,
train_harcnn,id_1fb8807cf157,,completed,0,False,id_74afc850e220,supervised,harcnn,full_finetune_lr5,id_cc98e906d375,multimodal_df,daghar_standardized_balanced,rw_thigh,train,config_0,multimodal_perc_100_2,id_7d268895569b,har,train,full_run,/workspaces/HIAAC-KR-Dev-Container/Minerva-Exps/benchmarks/experiments/paper_daghar_supervised_3runs_perlr_samples_down_seed_harcnn_125/logs/id_1fb8807cf157/final,,,,,,,,,
train_harcnn,id_20226b3e7680,,completed,0,False,id_205d675a6782,supervised,harcnn,full_finetune_lr1,id_3b2d9b9fd6c6,multimodal_df,daghar_standardized_balanced,kuhar,train,config_0,multimodal_samples_010_3,id_7d268895569b,har,train,full_run,/workspaces/HIAAC-KR-Dev-Container/Minerva-Exps/benchmarks/experiments/paper_daghar_supervised_3runs_perlr_samples_down_seed_harcnn_125/logs/id_20226b3e7680/final,,,,,,,,,
train_harcnn,id_2085b72f4f78,,completed,0,False,id_58a400b02098,supervised,harcnn,full_finetune_lr2,id_e0ead58eab76,multimodal_df,daghar_standardized_balanced,kuhar,train,config_0,multimodal_samples_100_2,id_7d268895569b,har,train,full_run,/workspaces/HIAAC-KR-Dev-Container/Minerva-Exps/benchmarks/experiments/paper_daghar_supervised_3runs_perlr_samples_down_seed_harcnn_125/logs/id_2085b72f4f78/final,,,,,,,,,
train_harcnn,id_1d1bc007e649,,completed,0,False,id_74afc850e220,supervised,harcnn,full_finetune_lr5,id_0ee270359c3b,multimodal_df,daghar_standardized_balanced,rw_waist,train,config_0,multimodal_perc_100,id_7d268895569b,har,train,full_run,/workspaces/HIAAC-KR-Dev-Container/Minerva-Exps/benchmarks/experiments/paper_daghar_supervised_3runs_perlr_samples_down_seed_harcnn_125/logs/id_1d1bc007e649/final,,,,,,,,,
train_harcnn,id_23586257a76d,,completed,0,False,id_205d675a6782,supervised,harcnn,full_finetune_lr1,id_53a73fa7e879,multimodal_df,daghar_standardized_balanced,wisdm,train,config_0,multimodal_samples_200_3,id_7d268895569b,har,train,full_run,/workspaces/HIAAC-KR-Dev-Container/Minerva-Exps/benchmarks/experiments/paper_daghar_supervised_3runs_perlr_samples_down_seed_harcnn_125/logs/id_23586257a76d/final,,,,,,,,,
train_harcnn,id_21ba2328f67a,,completed,0,False,id_74afc850e220,supervised,harcnn,full_finetune_lr5,id_e6ba45a9ddf9,multimodal_df,daghar_standardized_balanced,rw_thigh,train,config_0,multimodal_samples_100,id_7d268895569b,har,train,full_run,/workspaces/HIAAC-KR-Dev-Container/Minerva-Exps/benchmarks/experiments/paper_daghar_supervised_3runs_perlr_samples_down_seed_harcnn_125/logs/id_21ba2328f67a/final,,,,,,,,,
train_harcnn,id_210e8a2cca9f,,completed,0,False,id_74afc850e220,supervised,harcnn,full_finetune_lr5,id_d368449171f5,multimodal_df,daghar_standardized_balanced,rw_waist,train,config_0,multimodal_samples_050_2,id_7d268895569b,har,train,full_run,/workspaces/HIAAC-KR-Dev-Container/Minerva-Exps/benchmarks/experiments/paper_daghar_supervised_3runs_perlr_samples_down_seed_harcnn_125/logs/id_210e8a2cca9f/final,,,,,,,,,
train_harcnn,id_225444ba5383,,completed,0,False,id_58a400b02098,supervised,harcnn,full_finetune_lr2,id_c6b7ed4cb494,multimodal_df,daghar_standardized_balanced,rw_waist,train,config_0,multimodal_samples_200,id_7d268895569b,har,train,full_run,/workspaces/HIAAC-KR-Dev-Container/Minerva-Exps/benchmarks/experiments/paper_daghar_supervised_3runs_perlr_samples_down_seed_harcnn_125/logs/id_225444ba5383/final,,,,,,,,,
train_harcnn,id_23c969215844,,completed,0,False,id_74afc850e220,supervised,harcnn,full_finetune_lr5,id_5797b3b9b110,multimodal_df,daghar_standardized_balanced,kuhar,train,config_0,multimodal_samples_100_3,id_7d268895569b,har,train,full_run,/workspaces/HIAAC-KR-Dev-Container/Minerva-Exps/benchmarks/experiments/paper_daghar_supervised_3runs_perlr_samples_down_seed_harcnn_125/logs/id_23c969215844/final,,,,,,,,,
train_harcnn,id_2343144a5cc0,,completed,0,False,id_74afc850e220,supervised,harcnn,full_finetune_lr5,id_179104ace6c0,multimodal_df,daghar_standardized_balanced,kuhar,train,config_0,multimodal_samples_025_2,id_7d268895569b,har,train,full_run,/workspaces/HIAAC-KR-Dev-Container/Minerva-Exps/benchmarks/experiments/paper_daghar_supervised_3runs_perlr_samples_down_seed_harcnn_125/logs/id_2343144a5cc0/final,,,,,,,,,
train_harcnn,id_23e90f3f7e3b,,completed,0,False,id_205d675a6782,supervised,harcnn,full_finetune_lr1,id_d2bcc241477b,multimodal_df,daghar_standardized_balanced,uci,train,config_0,multimodal_samples_050_3,id_7d268895569b,har,train,full_run,/workspaces/HIAAC-KR-Dev-Container/Minerva-Exps/benchmarks/experiments/paper_daghar_supervised_3runs_perlr_samples_down_seed_harcnn_125/logs/id_23e90f3f7e3b/final,,,,,,,,,
train_harcnn,id_241ec0f53279,,completed,0,False,id_205d675a6782,supervised,harcnn,full_finetune_lr1,id_7c6176c62c39,multimodal_df,daghar_standardized_balanced,motionsense,train,config_0,multimodal_samples_001_2,id_7d268895569b,har,train,full_run,/workspaces/HIAAC-KR-Dev-Container/Minerva-Exps/benchmarks/experiments/paper_daghar_supervised_3runs_perlr_samples_down_seed_harcnn_125/logs/id_241ec0f53279/final,,,,,,,,,
train_harcnn,id_27c42b70958f,,completed,0,False,id_58a400b02098,supervised,harcnn,full_finetune_lr2,id_c348f76cba85,multimodal_df,daghar_standardized_balanced,kuhar,train,config_0,multimodal_samples_100,id_7d268895569b,har,train,full_run,/workspaces/HIAAC-KR-Dev-Container/Minerva-Exps/benchmarks/experiments/paper_daghar_supervised_3runs_perlr_samples_down_seed_harcnn_125/logs/id_27c42b70958f/final,,,,,,,,,
train_harcnn,id_254bcee07772,,completed,0,False,id_58a400b02098,supervised,harcnn,full_finetune_lr2,id_63390b2e2f32,multimodal_df,daghar_standardized_balanced,wisdm,train,config_0,multimodal_samples_005_2,id_7d268895569b,har,train,full_run,/workspaces/HIAAC-KR-Dev-Container/Minerva-Exps/benchmarks/experiments/paper_daghar_supervised_3runs_perlr_samples_down_seed_harcnn_125/logs/id_254bcee07772/final,,,,,,,,,
train_harcnn,id_25993880e84e,,completed,0,False,id_74afc850e220,supervised,harcnn,full_finetune_lr5,id_f9825c05d917,multimodal_df,daghar_standardized_balanced,rw_thigh,train,config_0,multimodal_perc_100_3,id_7d268895569b,har,train,full_run,/workspaces/HIAAC-KR-Dev-Container/Minerva-Exps/benchmarks/experiments/paper_daghar_supervised_3runs_perlr_samples_down_seed_harcnn_125/logs/id_25993880e84e/final,,,,,,,,,
train_harcnn,id_2577e784a106,,completed,0,False,id_74afc850e220,supervised,harcnn,full_finetune_lr5,id_083b8f815ed5,multimodal_df,daghar_standardized_balanced,uci,train,config_0,multimodal_samples_200,id_7d268895569b,har,train,full_run,/workspaces/HIAAC-KR-Dev-Container/Minerva-Exps/benchmarks/experiments/paper_daghar_supervised_3runs_perlr_samples_down_seed_harcnn_125/logs/id_2577e784a106/final,,,,,,,,,
train_harcnn,id_2b719b63de7f,,completed,0,False,id_205d675a6782,supervised,harcnn,full_finetune_lr1,id_a65f0a88ac4d,multimodal_df,daghar_standardized_balanced,uci,train,config_0,multimodal_samples_001_2,id_7d268895569b,har,train,full_run,/workspaces/HIAAC-KR-Dev-Container/Minerva-Exps/benchmarks/experiments/paper_daghar_supervised_3runs_perlr_samples_down_seed_harcnn_125/logs/id_2b719b63de7f/final,,,,,,,,,
train_harcnn,id_2b065685bf09,,completed,0,False,id_74afc850e220,supervised,harcnn,full_finetune_lr5,id_5ae71f56cac1,multimodal_df,daghar_standardized_balanced,kuhar,train,config_0,multimodal_perc_100_2,id_7d268895569b,har,train,full_run,/workspaces/HIAAC-KR-Dev-Container/Minerva-Exps/benchmarks/experiments/paper_daghar_supervised_3runs_perlr_samples_down_seed_harcnn_125/logs/id_2b065685bf09/final,,,,,,,,,
train_harcnn,id_25c1d2e6d636,,completed,0,False,id_74afc850e220,supervised,harcnn,full_finetune_lr5,id_8949c49a12d2,multimodal_df,daghar_standardized_balanced,uci,train,config_0,multimodal_samples_001,id_7d268895569b,har,train,full_run,/workspaces/HIAAC-KR-Dev-Container/Minerva-Exps/benchmarks/experiments/paper_daghar_supervised_3runs_perlr_samples_down_seed_harcnn_125/logs/id_25c1d2e6d636/final,,,,,,,,,
train_harcnn,id_2c2a23e60b01,,completed,0,False,id_58a400b02098,supervised,harcnn,full_finetune_lr2,id_5ae71f56cac1,multimodal_df,daghar_standardized_balanced,kuhar,train,config_0,multimodal_perc_100_2,id_7d268895569b,har,train,full_run,/workspaces/HIAAC-KR-Dev-Container/Minerva-Exps/benchmarks/experiments/paper_daghar_supervised_3runs_perlr_samples_down_seed_harcnn_125/logs/id_2c2a23e60b01/final,,,,,,,,,
train_harcnn,id_28639e5716b3,,completed,0,False,id_74afc850e220,supervised,harcnn,full_finetune_lr5,id_4a2aca339c33,multimodal_df,daghar_standardized_balanced,rw_waist,train,config_0,multimodal_samples_010,id_7d268895569b,har,train,full_run,/workspaces/HIAAC-KR-Dev-Container/Minerva-Exps/benchmarks/experiments/paper_daghar_supervised_3runs_perlr_samples_down_seed_harcnn_125/logs/id_28639e5716b3/final,,,,,,,,,
train_harcnn,id_2f3692ae725d,,completed,0,False,id_58a400b02098,supervised,harcnn,full_finetune_lr2,id_64a3cc41ecfe,multimodal_df,daghar_standardized_balanced,wisdm,train,config_0,multimodal_samples_001_2,id_7d268895569b,har,train,full_run,/workspaces/HIAAC-KR-Dev-Container/Minerva-Exps/benchmarks/experiments/paper_daghar_supervised_3runs_perlr_samples_down_seed_harcnn_125/logs/id_2f3692ae725d/final,,,,,,,,,
train_harcnn,id_2fe12a6bf12f,,completed,0,False,id_58a400b02098,supervised,harcnn,full_finetune_lr2,id_653f367090ba,multimodal_df,daghar_standardized_balanced,rw_waist,train,config_0,multimodal_samples_010_2,id_7d268895569b,har,train,full_run,/workspaces/HIAAC-KR-Dev-Container/Minerva-Exps/benchmarks/experiments/paper_daghar_supervised_3runs_perlr_samples_down_seed_harcnn_125/logs/id_2fe12a6bf12f/final,,,,,,,,,
train_harcnn,id_2ba9e5186529,,completed,0,False,id_58a400b02098,supervised,harcnn,full_finetune_lr2,id_a8b9fb2299ef,multimodal_df,daghar_standardized_balanced,wisdm,train,config_0,multimodal_samples_010_2,id_7d268895569b,har,train,full_run,/workspaces/HIAAC-KR-Dev-Container/Minerva-Exps/benchmarks/experiments/paper_daghar_supervised_3runs_perlr_samples_down_seed_harcnn_125/logs/id_2ba9e5186529/final,,,,,,,,,
train_harcnn,id_29df8492d011,,completed,0,False,id_74afc850e220,supervised,harcnn,full_finetune_lr5,id_a33ed4b5468e,multimodal_df,daghar_standardized_balanced,rw_thigh,train,config_0,multimodal_samples_005_2,id_7d268895569b,har,train,full_run,/workspaces/HIAAC-KR-Dev-Container/Minerva-Exps/benchmarks/experiments/paper_daghar_supervised_3runs_perlr_samples_down_seed_harcnn_125/logs/id_29df8492d011/final,,,,,,,,,
train_harcnn,id_2e5a0480a83d,,completed,0,False,id_205d675a6782,supervised,harcnn,full_finetune_lr1,id_2259a82d2cb2,multimodal_df,daghar_standardized_balanced,wisdm,train,config_0,multimodal_samples_025_3,id_7d268895569b,har,train,full_run,/workspaces/HIAAC-KR-Dev-Container/Minerva-Exps/benchmarks/experiments/paper_daghar_supervised_3runs_perlr_samples_down_seed_harcnn_125/logs/id_2e5a0480a83d/final,,,,,,,,,
train_harcnn,id_3062645546c3,,completed,0,False,id_58a400b02098,supervised,harcnn,full_finetune_lr2,id_45c2c4800f32,multimodal_df,daghar_standardized_balanced,kuhar,train,config_0,multimodal_samples_025,id_7d268895569b,har,train,full_run,/workspaces/HIAAC-KR-Dev-Container/Minerva-Exps/benchmarks/experiments/paper_daghar_supervised_3runs_perlr_samples_down_seed_harcnn_125/logs/id_3062645546c3/final,,,,,,,,,
train_harcnn,id_30a4b26b9328,,completed,0,False,id_205d675a6782,supervised,harcnn,full_finetune_lr1,id_e6ba45a9ddf9,multimodal_df,daghar_standardized_balanced,rw_thigh,train,config_0,multimodal_samples_100,id_7d268895569b,har,train,full_run,/workspaces/HIAAC-KR-Dev-Container/Minerva-Exps/benchmarks/experiments/paper_daghar_supervised_3runs_perlr_samples_down_seed_harcnn_125/logs/id_30a4b26b9328/final,,,,,,,,,
train_harcnn,id_3234f9017266,,completed,0,False,id_58a400b02098,supervised,harcnn,full_finetune_lr2,id_8f53e19d9d68,multimodal_df,daghar_standardized_balanced,rw_waist,train,config_0,multimodal_samples_200_2,id_7d268895569b,har,train,full_run,/workspaces/HIAAC-KR-Dev-Container/Minerva-Exps/benchmarks/experiments/paper_daghar_supervised_3runs_perlr_samples_down_seed_harcnn_125/logs/id_3234f9017266/final,,,,,,,,,
train_harcnn,id_2db9cb0de31d,,completed,0,False,id_74afc850e220,supervised,harcnn,full_finetune_lr5,id_b2e8ece61834,multimodal_df,daghar_standardized_balanced,wisdm,train,config_0,multimodal_perc_100_3,id_7d268895569b,har,train,full_run,/workspaces/HIAAC-KR-Dev-Container/Minerva-Exps/benchmarks/experiments/paper_daghar_supervised_3runs_perlr_samples_down_seed_harcnn_125/logs/id_2db9cb0de31d/final,,,,,,,,,
train_harcnn,id_328d29d31039,,completed,0,False,id_205d675a6782,supervised,harcnn,full_finetune_lr1,id_179104ace6c0,multimodal_df,daghar_standardized_balanced,kuhar,train,config_0,multimodal_samples_025_2,id_7d268895569b,har,train,full_run,/workspaces/HIAAC-KR-Dev-Container/Minerva-Exps/benchmarks/experiments/paper_daghar_supervised_3runs_perlr_samples_down_seed_harcnn_125/logs/id_328d29d31039/final,,,,,,,,,
train_harcnn,id_313da832062b,,completed,0,False,id_58a400b02098,supervised,harcnn,full_finetune_lr2,id_664d92a3ca56,multimodal_df,daghar_standardized_balanced,uci,train,config_0,multimodal_samples_200_3,id_7d268895569b,har,train,full_run,/workspaces/HIAAC-KR-Dev-Container/Minerva-Exps/benchmarks/experiments/paper_daghar_supervised_3runs_perlr_samples_down_seed_harcnn_125/logs/id_313da832062b/final,,,,,,,,,
train_harcnn,id_31107c0e2ada,,completed,0,False,id_205d675a6782,supervised,harcnn,full_finetune_lr1,id_a4bdc43c44df,multimodal_df,daghar_standardized_balanced,wisdm,train,config_0,multimodal_samples_010,id_7d268895569b,har,train,full_run,/workspaces/HIAAC-KR-Dev-Container/Minerva-Exps/benchmarks/experiments/paper_daghar_supervised_3runs_perlr_samples_down_seed_harcnn_125/logs/id_31107c0e2ada/final,,,,,,,,,
train_harcnn,id_322ca7fa9577,,completed,0,False,id_74afc850e220,supervised,harcnn,full_finetune_lr5,id_6dc44c345419,multimodal_df,daghar_standardized_balanced,rw_waist,train,config_0,multimodal_samples_025,id_7d268895569b,har,train,full_run,/workspaces/HIAAC-KR-Dev-Container/Minerva-Exps/benchmarks/experiments/paper_daghar_supervised_3runs_perlr_samples_down_seed_harcnn_125/logs/id_322ca7fa9577/final,,,,,,,,,
train_harcnn,id_3363e858b36e,,completed,0,False,id_205d675a6782,supervised,harcnn,full_finetune_lr1,id_c2e910dcdcec,multimodal_df,daghar_standardized_balanced,motionsense,train,config_0,multimodal_samples_010_2,id_7d268895569b,har,train,full_run,/workspaces/HIAAC-KR-Dev-Container/Minerva-Exps/benchmarks/experiments/paper_daghar_supervised_3runs_perlr_samples_down_seed_harcnn_125/logs/id_3363e858b36e/final,,,,,,,,,
train_harcnn,id_32fe4b5d7271,,completed,0,False,id_74afc850e220,supervised,harcnn,full_finetune_lr5,id_8f0cce8978b6,multimodal_df,daghar_standardized_balanced,uci,train,config_0,multimodal_samples_050,id_7d268895569b,har,train,full_run,/workspaces/HIAAC-KR-Dev-Container/Minerva-Exps/benchmarks/experiments/paper_daghar_supervised_3runs_perlr_samples_down_seed_harcnn_125/logs/id_32fe4b5d7271/final,,,,,,,,,
train_harcnn,id_339c7072935c,,completed,0,False,id_205d675a6782,supervised,harcnn,full_finetune_lr1,id_2b43c6cb6c29,multimodal_df,daghar_standardized_balanced,motionsense,train,config_0,multimodal_samples_001_3,id_7d268895569b,har,train,full_run,/workspaces/HIAAC-KR-Dev-Container/Minerva-Exps/benchmarks/experiments/paper_daghar_supervised_3runs_perlr_samples_down_seed_harcnn_125/logs/id_339c7072935c/final,,,,,,,,,
train_harcnn,id_39146a8348bd,,completed,0,False,id_205d675a6782,supervised,harcnn,full_finetune_lr1,id_ec9738c1ffd0,multimodal_df,daghar_standardized_balanced,rw_waist,train,config_0,multimodal_samples_100,id_7d268895569b,har,train,full_run,/workspaces/HIAAC-KR-Dev-Container/Minerva-Exps/benchmarks/experiments/paper_daghar_supervised_3runs_perlr_samples_down_seed_harcnn_125/logs/id_39146a8348bd/final,,,,,,,,,
train_harcnn,id_384313aca8a9,,completed,0,False,id_58a400b02098,supervised,harcnn,full_finetune_lr2,id_6dc44c345419,multimodal_df,daghar_standardized_balanced,rw_waist,train,config_0,multimodal_samples_025,id_7d268895569b,har,train,full_run,/workspaces/HIAAC-KR-Dev-Container/Minerva-Exps/benchmarks/experiments/paper_daghar_supervised_3runs_perlr_samples_down_seed_harcnn_125/logs/id_384313aca8a9/final,,,,,,,,,
train_harcnn,id_340de576d8e1,,completed,0,False,id_205d675a6782,supervised,harcnn,full_finetune_lr1,id_eb44f9c784ea,multimodal_df,daghar_standardized_balanced,rw_waist,train,config_0,multimodal_samples_005_2,id_7d268895569b,har,train,full_run,/workspaces/HIAAC-KR-Dev-Container/Minerva-Exps/benchmarks/experiments/paper_daghar_supervised_3runs_perlr_samples_down_seed_harcnn_125/logs/id_340de576d8e1/final,,,,,,,,,
train_harcnn,id_34342c180c83,,completed,0,False,id_74afc850e220,supervised,harcnn,full_finetune_lr5,id_d68570b59c0c,multimodal_df,daghar_standardized_balanced,motionsense,train,config_0,multimodal_samples_050_2,id_7d268895569b,har,train,full_run,/workspaces/HIAAC-KR-Dev-Container/Minerva-Exps/benchmarks/experiments/paper_daghar_supervised_3runs_perlr_samples_down_seed_harcnn_125/logs/id_34342c180c83/final,,,,,,,,,
train_harcnn,id_35880189abdf,,completed,0,False,id_205d675a6782,supervised,harcnn,full_finetune_lr1,id_0f9a122d7cc5,multimodal_df,daghar_standardized_balanced,uci,train,config_0,multimodal_samples_025,id_7d268895569b,har,train,full_run,/workspaces/HIAAC-KR-Dev-Container/Minerva-Exps/benchmarks/experiments/paper_daghar_supervised_3runs_perlr_samples_down_seed_harcnn_125/logs/id_35880189abdf/final,,,,,,,,,
train_harcnn,id_39902fe4f810,,completed,0,False,id_58a400b02098,supervised,harcnn,full_finetune_lr2,id_7df0892adc07,multimodal_df,daghar_standardized_balanced,rw_thigh,train,config_0,multimodal_samples_005,id_7d268895569b,har,train,full_run,/workspaces/HIAAC-KR-Dev-Container/Minerva-Exps/benchmarks/experiments/paper_daghar_supervised_3runs_perlr_samples_down_seed_harcnn_125/logs/id_39902fe4f810/final,,,,,,,,,
train_harcnn,id_3b51544b91be,,completed,0,False,id_205d675a6782,supervised,harcnn,full_finetune_lr1,id_8f53e19d9d68,multimodal_df,daghar_standardized_balanced,rw_waist,train,config_0,multimodal_samples_200_2,id_7d268895569b,har,train,full_run,/workspaces/HIAAC-KR-Dev-Container/Minerva-Exps/benchmarks/experiments/paper_daghar_supervised_3runs_perlr_samples_down_seed_harcnn_125/logs/id_3b51544b91be/final,,,,,,,,,
train_harcnn,id_391aa4f8585c,,completed,0,False,id_74afc850e220,supervised,harcnn,full_finetune_lr5,id_d55a47551268,multimodal_df,daghar_standardized_balanced,rw_thigh,train,config_0,multimodal_samples_100_2,id_7d268895569b,har,train,full_run,/workspaces/HIAAC-KR-Dev-Container/Minerva-Exps/benchmarks/experiments/paper_daghar_supervised_3runs_perlr_samples_down_seed_harcnn_125/logs/id_391aa4f8585c/final,,,,,,,,,
train_harcnn,id_3d8dea1567a2,,completed,0,False,id_58a400b02098,supervised,harcnn,full_finetune_lr2,id_f90ca44123d9,multimodal_df,daghar_standardized_balanced,kuhar,train,config_0,multimodal_samples_200_3,id_7d268895569b,har,train,full_run,/workspaces/HIAAC-KR-Dev-Container/Minerva-Exps/benchmarks/experiments/paper_daghar_supervised_3runs_perlr_samples_down_seed_harcnn_125/logs/id_3d8dea1567a2/final,,,,,,,,,
train_harcnn,id_3a7244b0234f,,completed,0,False,id_74afc850e220,supervised,harcnn,full_finetune_lr5,id_1a725c88d879,multimodal_df,daghar_standardized_balanced,wisdm,train,config_0,multimodal_samples_025_2,id_7d268895569b,har,train,full_run,/workspaces/HIAAC-KR-Dev-Container/Minerva-Exps/benchmarks/experiments/paper_daghar_supervised_3runs_perlr_samples_down_seed_harcnn_125/logs/id_3a7244b0234f/final,,,,,,,,,
train_harcnn,id_3d407df79045,,completed,0,False,id_58a400b02098,supervised,harcnn,full_finetune_lr2,id_515e0c3fbe05,multimodal_df,daghar_standardized_balanced,kuhar,train,config_0,multimodal_samples_200,id_7d268895569b,har,train,full_run,/workspaces/HIAAC-KR-Dev-Container/Minerva-Exps/benchmarks/experiments/paper_daghar_supervised_3runs_perlr_samples_down_seed_harcnn_125/logs/id_3d407df79045/final,,,,,,,,,
train_harcnn,id_3bb60bf7a4b9,,completed,0,False,id_74afc850e220,supervised,harcnn,full_finetune_lr5,id_cca20f21af92,multimodal_df,daghar_standardized_balanced,motionsense,train,config_0,multimodal_perc_100_3,id_7d268895569b,har,train,full_run,/workspaces/HIAAC-KR-Dev-Container/Minerva-Exps/benchmarks/experiments/paper_daghar_supervised_3runs_perlr_samples_down_seed_harcnn_125/logs/id_3bb60bf7a4b9/final,,,,,,,,,
train_harcnn,id_3b0b4e1ff7af,,completed,0,False,id_74afc850e220,supervised,harcnn,full_finetune_lr5,id_51abcd3eb4aa,multimodal_df,daghar_standardized_balanced,rw_thigh,train,config_0,multimodal_perc_100,id_7d268895569b,har,train,full_run,/workspaces/HIAAC-KR-Dev-Container/Minerva-Exps/benchmarks/experiments/paper_daghar_supervised_3runs_perlr_samples_down_seed_harcnn_125/logs/id_3b0b4e1ff7af/final,,,,,,,,,
train_harcnn,id_41b3298b52f9,,completed,0,False,id_58a400b02098,supervised,harcnn,full_finetune_lr2,id_f726969cec7e,multimodal_df,daghar_standardized_balanced,kuhar,train,config_0,multimodal_perc_100_3,id_7d268895569b,har,train,full_run,/workspaces/HIAAC-KR-Dev-Container/Minerva-Exps/benchmarks/experiments/paper_daghar_supervised_3runs_perlr_samples_down_seed_harcnn_125/logs/id_41b3298b52f9/final,,,,,,,,,
train_harcnn,id_42d507a91110,,completed,0,False,id_205d675a6782,supervised,harcnn,full_finetune_lr1,id_3b3b9b61dc95,multimodal_df,daghar_standardized_balanced,kuhar,train,config_0,multimodal_perc_100,id_7d268895569b,har,train,full_run,/workspaces/HIAAC-KR-Dev-Container/Minerva-Exps/benchmarks/experiments/paper_daghar_supervised_3runs_perlr_samples_down_seed_harcnn_125/logs/id_42d507a91110/final,,,,,,,,,
train_harcnn,id_3e78dd5b13d7,,completed,0,False,id_58a400b02098,supervised,harcnn,full_finetune_lr2,id_f9825c05d917,multimodal_df,daghar_standardized_balanced,rw_thigh,train,config_0,multimodal_perc_100_3,id_7d268895569b,har,train,full_run,/workspaces/HIAAC-KR-Dev-Container/Minerva-Exps/benchmarks/experiments/paper_daghar_supervised_3runs_perlr_samples_down_seed_harcnn_125/logs/id_3e78dd5b13d7/final,,,,,,,,,
train_harcnn,id_3fa285ed211e,,completed,0,False,id_74afc850e220,supervised,harcnn,full_finetune_lr5,id_a217c54dba62,multimodal_df,daghar_standardized_balanced,wisdm,train,config_0,multimodal_samples_200,id_7d268895569b,har,train,full_run,/workspaces/HIAAC-KR-Dev-Container/Minerva-Exps/benchmarks/experiments/paper_daghar_supervised_3runs_perlr_samples_down_seed_harcnn_125/logs/id_3fa285ed211e/final,,,,,,,,,
train_harcnn,id_41e7c2966754,,completed,0,False,id_58a400b02098,supervised,harcnn,full_finetune_lr2,id_5f141c49960f,multimodal_df,daghar_standardized_balanced,motionsense,train,config_0,multimodal_samples_005_2,id_7d268895569b,har,train,full_run,/workspaces/HIAAC-KR-Dev-Container/Minerva-Exps/benchmarks/experiments/paper_daghar_supervised_3runs_perlr_samples_down_seed_harcnn_125/logs/id_41e7c2966754/final,,,,,,,,,
train_harcnn,id_44983dbf4de3,,completed,0,False,id_205d675a6782,supervised,harcnn,full_finetune_lr1,id_d94ad4785d32,multimodal_df,daghar_standardized_balanced,kuhar,train,config_0,multimodal_samples_200_2,id_7d268895569b,har,train,full_run,/workspaces/HIAAC-KR-Dev-Container/Minerva-Exps/benchmarks/experiments/paper_daghar_supervised_3runs_perlr_samples_down_seed_harcnn_125/logs/id_44983dbf4de3/final,,,,,,,,,
train_harcnn,id_42fb3bbfea3d,,completed,0,False,id_74afc850e220,supervised,harcnn,full_finetune_lr5,id_64a3cc41ecfe,multimodal_df,daghar_standardized_balanced,wisdm,train,config_0,multimodal_samples_001_2,id_7d268895569b,har,train,full_run,/workspaces/HIAAC-KR-Dev-Container/Minerva-Exps/benchmarks/experiments/paper_daghar_supervised_3runs_perlr_samples_down_seed_harcnn_125/logs/id_42fb3bbfea3d/final,,,,,,,,,
train_harcnn,id_451e815a9c37,,completed,0,False,id_205d675a6782,supervised,harcnn,full_finetune_lr1,id_d4c695219794,multimodal_df,daghar_standardized_balanced,rw_waist,train,config_0,multimodal_samples_010_3,id_7d268895569b,har,train,full_run,/workspaces/HIAAC-KR-Dev-Container/Minerva-Exps/benchmarks/experiments/paper_daghar_supervised_3runs_perlr_samples_down_seed_harcnn_125/logs/id_451e815a9c37/final,,,,,,,,,
train_harcnn,id_45e6e1742609,,completed,0,False,id_205d675a6782,supervised,harcnn,full_finetune_lr1,id_fb5b4619ed71,multimodal_df,daghar_standardized_balanced,uci,train,config_0,multimodal_samples_005_2,id_7d268895569b,har,train,full_run,/workspaces/HIAAC-KR-Dev-Container/Minerva-Exps/benchmarks/experiments/paper_daghar_supervised_3runs_perlr_samples_down_seed_harcnn_125/logs/id_45e6e1742609/final,,,,,,,,,
train_harcnn,id_46af465a5cf2,,completed,0,False,id_58a400b02098,supervised,harcnn,full_finetune_lr2,id_2259a82d2cb2,multimodal_df,daghar_standardized_balanced,wisdm,train,config_0,multimodal_samples_025_3,id_7d268895569b,har,train,full_run,/workspaces/HIAAC-KR-Dev-Container/Minerva-Exps/benchmarks/experiments/paper_daghar_supervised_3runs_perlr_samples_down_seed_harcnn_125/logs/id_46af465a5cf2/final,,,,,,,,,
train_harcnn,id_45db37ab3018,,completed,0,False,id_205d675a6782,supervised,harcnn,full_finetune_lr1,id_7df0892adc07,multimodal_df,daghar_standardized_balanced,rw_thigh,train,config_0,multimodal_samples_005,id_7d268895569b,har,train,full_run,/workspaces/HIAAC-KR-Dev-Container/Minerva-Exps/benchmarks/experiments/paper_daghar_supervised_3runs_perlr_samples_down_seed_harcnn_125/logs/id_45db37ab3018/final,,,,,,,,,
train_harcnn,id_467c7040d8b6,,completed,0,False,id_74afc850e220,supervised,harcnn,full_finetune_lr5,id_f50c99792caa,multimodal_df,daghar_standardized_balanced,uci,train,config_0,multimodal_samples_001_3,id_7d268895569b,har,train,full_run,/workspaces/HIAAC-KR-Dev-Container/Minerva-Exps/benchmarks/experiments/paper_daghar_supervised_3runs_perlr_samples_down_seed_harcnn_125/logs/id_467c7040d8b6/final,,,,,,,,,
train_harcnn,id_46bbc6d826d6,,completed,0,False,id_58a400b02098,supervised,harcnn,full_finetune_lr2,id_b2e8ece61834,multimodal_df,daghar_standardized_balanced,wisdm,train,config_0,multimodal_perc_100_3,id_7d268895569b,har,train,full_run,/workspaces/HIAAC-KR-Dev-Container/Minerva-Exps/benchmarks/experiments/paper_daghar_supervised_3runs_perlr_samples_down_seed_harcnn_125/logs/id_46bbc6d826d6/final,,,,,,,,,
train_harcnn,id_4769e361bafb,,completed,0,False,id_205d675a6782,supervised,harcnn,full_finetune_lr1,id_f726969cec7e,multimodal_df,daghar_standardized_balanced,kuhar,train,config_0,multimodal_perc_100_3,id_7d268895569b,har,train,full_run,/workspaces/HIAAC-KR-Dev-Container/Minerva-Exps/benchmarks/experiments/paper_daghar_supervised_3runs_perlr_samples_down_seed_harcnn_125/logs/id_4769e361bafb/final,,,,,,,,,
train_harcnn,id_4adb16d87a48,,completed,0,False,id_205d675a6782,supervised,harcnn,full_finetune_lr1,id_4cebd74418d5,multimodal_df,daghar_standardized_balanced,rw_thigh,train,config_0,multimodal_samples_025_2,id_7d268895569b,har,train,full_run,/workspaces/HIAAC-KR-Dev-Container/Minerva-Exps/benchmarks/experiments/paper_daghar_supervised_3runs_perlr_samples_down_seed_harcnn_125/logs/id_4adb16d87a48/final,,,,,,,,,
train_harcnn,id_4922646fe2d5,,completed,0,False,id_58a400b02098,supervised,harcnn,full_finetune_lr2,id_53a73fa7e879,multimodal_df,daghar_standardized_balanced,wisdm,train,config_0,multimodal_samples_200_3,id_7d268895569b,har,train,full_run,/workspaces/HIAAC-KR-Dev-Container/Minerva-Exps/benchmarks/experiments/paper_daghar_supervised_3runs_perlr_samples_down_seed_harcnn_125/logs/id_4922646fe2d5/final,,,,,,,,,
train_harcnn,id_48ede1e6724e,,completed,0,False,id_74afc850e220,supervised,harcnn,full_finetune_lr5,id_52a5133aa345,multimodal_df,daghar_standardized_balanced,wisdm,train,config_0,multimodal_samples_100_3,id_7d268895569b,har,train,full_run,/workspaces/HIAAC-KR-Dev-Container/Minerva-Exps/benchmarks/experiments/paper_daghar_supervised_3runs_perlr_samples_down_seed_harcnn_125/logs/id_48ede1e6724e/final,,,,,,,,,
train_harcnn,id_4bc7e9ce720f,,completed,0,False,id_205d675a6782,supervised,harcnn,full_finetune_lr1,id_53060fc6227b,multimodal_df,daghar_standardized_balanced,uci,train,config_0,multimodal_perc_100_3,id_7d268895569b,har,train,full_run,/workspaces/HIAAC-KR-Dev-Container/Minerva-Exps/benchmarks/experiments/paper_daghar_supervised_3runs_perlr_samples_down_seed_harcnn_125/logs/id_4bc7e9ce720f/final,,,,,,,,,
train_harcnn,id_4d39faf2de12,,completed,0,False,id_205d675a6782,supervised,harcnn,full_finetune_lr1,id_d05d4d1d48a9,multimodal_df,daghar_standardized_balanced,rw_thigh,train,config_0,multimodal_samples_200_2,id_7d268895569b,har,train,full_run,/workspaces/HIAAC-KR-Dev-Container/Minerva-Exps/benchmarks/experiments/paper_daghar_supervised_3runs_perlr_samples_down_seed_harcnn_125/logs/id_4d39faf2de12/final,,,,,,,,,
train_harcnn,id_4cff33ca24cd,,completed,0,False,id_58a400b02098,supervised,harcnn,full_finetune_lr2,id_752bde3fdada,multimodal_df,daghar_standardized_balanced,kuhar,train,config_0,multimodal_samples_010,id_7d268895569b,har,train,full_run,/workspaces/HIAAC-KR-Dev-Container/Minerva-Exps/benchmarks/experiments/paper_daghar_supervised_3runs_perlr_samples_down_seed_harcnn_125/logs/id_4cff33ca24cd/final,,,,,,,,,
train_harcnn,id_4d4a294b2798,,completed,0,False,id_205d675a6782,supervised,harcnn,full_finetune_lr1,id_650e37922e7e,multimodal_df,daghar_standardized_balanced,motionsense,train,config_0,multimodal_samples_025,id_7d268895569b,har,train,full_run,/workspaces/HIAAC-KR-Dev-Container/Minerva-Exps/benchmarks/experiments/paper_daghar_supervised_3runs_perlr_samples_down_seed_harcnn_125/logs/id_4d4a294b2798/final,,,,,,,,,
train_harcnn,id_4b40dcdaacbe,,completed,0,False,id_74afc850e220,supervised,harcnn,full_finetune_lr5,id_98a30d23c42b,multimodal_df,daghar_standardized_balanced,rw_waist,train,config_0,multimodal_samples_001,id_7d268895569b,har,train,full_run,/workspaces/HIAAC-KR-Dev-Container/Minerva-Exps/benchmarks/experiments/paper_daghar_supervised_3runs_perlr_samples_down_seed_harcnn_125/logs/id_4b40dcdaacbe/final,,,,,,,,,
train_harcnn,id_4dd897586ffe,,completed,0,False,id_205d675a6782,supervised,harcnn,full_finetune_lr1,id_c22ef6d3a4dc,multimodal_df,daghar_standardized_balanced,motionsense,train,config_0,multimodal_samples_100_2,id_7d268895569b,har,train,full_run,/workspaces/HIAAC-KR-Dev-Container/Minerva-Exps/benchmarks/experiments/paper_daghar_supervised_3runs_perlr_samples_down_seed_harcnn_125/logs/id_4dd897586ffe/final,,,,,,,,,
train_harcnn,id_4d62c95816e9,,completed,0,False,id_74afc850e220,supervised,harcnn,full_finetune_lr5,id_94f746b04a62,multimodal_df,daghar_standardized_balanced,motionsense,train,config_0,multimodal_samples_200_2,id_7d268895569b,har,train,full_run,/workspaces/HIAAC-KR-Dev-Container/Minerva-Exps/benchmarks/experiments/paper_daghar_supervised_3runs_perlr_samples_down_seed_harcnn_125/logs/id_4d62c95816e9/final,,,,,,,,,
train_harcnn,id_5051da0207b9,,completed,0,False,id_58a400b02098,supervised,harcnn,full_finetune_lr2,id_eb44f9c784ea,multimodal_df,daghar_standardized_balanced,rw_waist,train,config_0,multimodal_samples_005_2,id_7d268895569b,har,train,full_run,/workspaces/HIAAC-KR-Dev-Container/Minerva-Exps/benchmarks/experiments/paper_daghar_supervised_3runs_perlr_samples_down_seed_harcnn_125/logs/id_5051da0207b9/final,,,,,,,,,
train_harcnn,id_4ecfd0959d6f,,completed,0,False,id_58a400b02098,supervised,harcnn,full_finetune_lr2,id_52a5133aa345,multimodal_df,daghar_standardized_balanced,wisdm,train,config_0,multimodal_samples_100_3,id_7d268895569b,har,train,full_run,/workspaces/HIAAC-KR-Dev-Container/Minerva-Exps/benchmarks/experiments/paper_daghar_supervised_3runs_perlr_samples_down_seed_harcnn_125/logs/id_4ecfd0959d6f/final,,,,,,,,,
train_harcnn,id_51a7262f4a0e,,completed,0,False,id_58a400b02098,supervised,harcnn,full_finetune_lr2,id_14b0f19aa3e3,multimodal_df,daghar_standardized_balanced,rw_waist,train,config_0,multimodal_samples_100_2,id_7d268895569b,har,train,full_run,/workspaces/HIAAC-KR-Dev-Container/Minerva-Exps/benchmarks/experiments/paper_daghar_supervised_3runs_perlr_samples_down_seed_harcnn_125/logs/id_51a7262f4a0e/final,,,,,,,,,
train_harcnn,id_4f9d686fad50,,completed,0,False,id_58a400b02098,supervised,harcnn,full_finetune_lr2,id_cc98e906d375,multimodal_df,daghar_standardized_balanced,rw_thigh,train,config_0,multimodal_perc_100_2,id_7d268895569b,har,train,full_run,/workspaces/HIAAC-KR-Dev-Container/Minerva-Exps/benchmarks/experiments/paper_daghar_supervised_3runs_perlr_samples_down_seed_harcnn_125/logs/id_4f9d686fad50/final,,,,,,,,,
train_harcnn,id_51bc9f37d345,,completed,0,False,id_205d675a6782,supervised,harcnn,full_finetune_lr1,id_01955da0dfc1,multimodal_df,daghar_standardized_balanced,wisdm,train,config_0,multimodal_samples_001_3,id_7d268895569b,har,train,full_run,/workspaces/HIAAC-KR-Dev-Container/Minerva-Exps/benchmarks/experiments/paper_daghar_supervised_3runs_perlr_samples_down_seed_harcnn_125/logs/id_51bc9f37d345/final,,,,,,,,,
train_harcnn,id_51c41ba51c13,,completed,0,False,id_205d675a6782,supervised,harcnn,full_finetune_lr1,id_aab211c92197,multimodal_df,daghar_standardized_balanced,rw_waist,train,config_0,multimodal_samples_005_3,id_7d268895569b,har,train,full_run,/workspaces/HIAAC-KR-Dev-Container/Minerva-Exps/benchmarks/experiments/paper_daghar_supervised_3runs_perlr_samples_down_seed_harcnn_125/logs/id_51c41ba51c13/final,,,,,,,,,
train_harcnn,id_5295c843f660,,completed,0,False,id_74afc850e220,supervised,harcnn,full_finetune_lr5,id_b2426d8d9cf0,multimodal_df,daghar_standardized_balanced,kuhar,train,config_0,multimodal_samples_001_2,id_7d268895569b,har,train,full_run,/workspaces/HIAAC-KR-Dev-Container/Minerva-Exps/benchmarks/experiments/paper_daghar_supervised_3runs_perlr_samples_down_seed_harcnn_125/logs/id_5295c843f660/final,,,,,,,,,
train_harcnn,id_52bbb7a929b5,,completed,0,False,id_58a400b02098,supervised,harcnn,full_finetune_lr2,id_fc6ba2357f31,multimodal_df,daghar_standardized_balanced,motionsense,train,config_0,multimodal_samples_100,id_7d268895569b,har,train,full_run,/workspaces/HIAAC-KR-Dev-Container/Minerva-Exps/benchmarks/experiments/paper_daghar_supervised_3runs_perlr_samples_down_seed_harcnn_125/logs/id_52bbb7a929b5/final,,,,,,,,,
train_harcnn,id_5449e7b0460e,,completed,0,False,id_58a400b02098,supervised,harcnn,full_finetune_lr2,id_274082d5effd,multimodal_df,daghar_standardized_balanced,rw_waist,train,config_0,multimodal_samples_005,id_7d268895569b,har,train,full_run,/workspaces/HIAAC-KR-Dev-Container/Minerva-Exps/benchmarks/experiments/paper_daghar_supervised_3runs_perlr_samples_down_seed_harcnn_125/logs/id_5449e7b0460e/final,,,,,,,,,
train_harcnn,id_536df1ae1269,,completed,0,False,id_205d675a6782,supervised,harcnn,full_finetune_lr1,id_664d92a3ca56,multimodal_df,daghar_standardized_balanced,uci,train,config_0,multimodal_samples_200_3,id_7d268895569b,har,train,full_run,/workspaces/HIAAC-KR-Dev-Container/Minerva-Exps/benchmarks/experiments/paper_daghar_supervised_3runs_perlr_samples_down_seed_harcnn_125/logs/id_536df1ae1269/final,,,,,,,,,
train_harcnn,id_545f88ce4f4c,,completed,0,False,id_58a400b02098,supervised,harcnn,full_finetune_lr2,id_aab211c92197,multimodal_df,daghar_standardized_balanced,rw_waist,train,config_0,multimodal_samples_005_3,id_7d268895569b,har,train,full_run,/workspaces/HIAAC-KR-Dev-Container/Minerva-Exps/benchmarks/experiments/paper_daghar_supervised_3runs_perlr_samples_down_seed_harcnn_125/logs/id_545f88ce4f4c/final,,,,,,,,,
train_harcnn,id_53f70e15fa7a,,completed,0,False,id_58a400b02098,supervised,harcnn,full_finetune_lr2,id_ec9738c1ffd0,multimodal_df,daghar_standardized_balanced,rw_waist,train,config_0,multimodal_samples_100,id_7d268895569b,har,train,full_run,/workspaces/HIAAC-KR-Dev-Container/Minerva-Exps/benchmarks/experiments/paper_daghar_supervised_3runs_perlr_samples_down_seed_harcnn_125/logs/id_53f70e15fa7a/final,,,,,,,,,
train_harcnn,id_5306c46afed7,,completed,0,False,id_74afc850e220,supervised,harcnn,full_finetune_lr5,id_c1e743ebb0a8,multimodal_df,daghar_standardized_balanced,rw_thigh,train,config_0,multimodal_samples_005_3,id_7d268895569b,har,train,full_run,/workspaces/HIAAC-KR-Dev-Container/Minerva-Exps/benchmarks/experiments/paper_daghar_supervised_3runs_perlr_samples_down_seed_harcnn_125/logs/id_5306c46afed7/final,,,,,,,,,
train_harcnn,id_550c8637b607,,completed,0,False,id_205d675a6782,supervised,harcnn,full_finetune_lr1,id_1e462792852c,multimodal_df,daghar_standardized_balanced,motionsense,train,config_0,multimodal_samples_200_3,id_7d268895569b,har,train,full_run,/workspaces/HIAAC-KR-Dev-Container/Minerva-Exps/benchmarks/experiments/paper_daghar_supervised_3runs_perlr_samples_down_seed_harcnn_125/logs/id_550c8637b607/final,,,,,,,,,
train_harcnn,id_5682d0191c53,,completed,0,False,id_58a400b02098,supervised,harcnn,full_finetune_lr2,id_9dd4c9a25077,multimodal_df,daghar_standardized_balanced,motionsense,train,config_0,multimodal_samples_200,id_7d268895569b,har,train,full_run,/workspaces/HIAAC-KR-Dev-Container/Minerva-Exps/benchmarks/experiments/paper_daghar_supervised_3runs_perlr_samples_down_seed_harcnn_125/logs/id_5682d0191c53/final,,,,,,,,,
train_harcnn,id_564cfa6e9d86,,completed,0,False,id_58a400b02098,supervised,harcnn,full_finetune_lr2,id_6350f6340249,multimodal_df,daghar_standardized_balanced,kuhar,train,config_0,multimodal_samples_005_2,id_7d268895569b,har,train,full_run,/workspaces/HIAAC-KR-Dev-Container/Minerva-Exps/benchmarks/experiments/paper_daghar_supervised_3runs_perlr_samples_down_seed_harcnn_125/logs/id_564cfa6e9d86/final,,,,,,,,,
train_harcnn,id_582d0a31efeb,,completed,0,False,id_205d675a6782,supervised,harcnn,full_finetune_lr1,id_b2e8ece61834,multimodal_df,daghar_standardized_balanced,wisdm,train,config_0,multimodal_perc_100_3,id_7d268895569b,har,train,full_run,/workspaces/HIAAC-KR-Dev-Container/Minerva-Exps/benchmarks/experiments/paper_daghar_supervised_3runs_perlr_samples_down_seed_harcnn_125/logs/id_582d0a31efeb/final,,,,,,,,,
train_harcnn,id_598dfe0515a5,,completed,0,False,id_205d675a6782,supervised,harcnn,full_finetune_lr1,id_73b62c9f3e5a,multimodal_df,daghar_standardized_balanced,kuhar,train,config_0,multimodal_samples_005,id_7d268895569b,har,train,full_run,/workspaces/HIAAC-KR-Dev-Container/Minerva-Exps/benchmarks/experiments/paper_daghar_supervised_3runs_perlr_samples_down_seed_harcnn_125/logs/id_598dfe0515a5/final,,,,,,,,,
train_harcnn,id_58fceb91e6fd,,completed,0,False,id_205d675a6782,supervised,harcnn,full_finetune_lr1,id_0ee270359c3b,multimodal_df,daghar_standardized_balanced,rw_waist,train,config_0,multimodal_perc_100,id_7d268895569b,har,train,full_run,/workspaces/HIAAC-KR-Dev-Container/Minerva-Exps/benchmarks/experiments/paper_daghar_supervised_3runs_perlr_samples_down_seed_harcnn_125/logs/id_58fceb91e6fd/final,,,,,,,,,
train_harcnn,id_5c039fa6a535,,completed,0,False,id_58a400b02098,supervised,harcnn,full_finetune_lr2,id_b54259b359ab,multimodal_df,daghar_standardized_balanced,rw_waist,train,config_0,multimodal_samples_001_3,id_7d268895569b,har,train,full_run,/workspaces/HIAAC-KR-Dev-Container/Minerva-Exps/benchmarks/experiments/paper_daghar_supervised_3runs_perlr_samples_down_seed_harcnn_125/logs/id_5c039fa6a535/final,,,,,,,,,
train_harcnn,id_5b2397296112,,completed,0,False,id_205d675a6782,supervised,harcnn,full_finetune_lr1,id_8eaba78f5c3b,multimodal_df,daghar_standardized_balanced,kuhar,train,config_0,multimodal_samples_025_3,id_7d268895569b,har,train,full_run,/workspaces/HIAAC-KR-Dev-Container/Minerva-Exps/benchmarks/experiments/paper_daghar_supervised_3runs_perlr_samples_down_seed_harcnn_125/logs/id_5b2397296112/final,,,,,,,,,
train_harcnn,id_5a419cf0be14,,completed,0,False,id_74afc850e220,supervised,harcnn,full_finetune_lr5,id_120bda9178a1,multimodal_df,daghar_standardized_balanced,wisdm,train,config_0,multimodal_samples_010_3,id_7d268895569b,har,train,full_run,/workspaces/HIAAC-KR-Dev-Container/Minerva-Exps/benchmarks/experiments/paper_daghar_supervised_3runs_perlr_samples_down_seed_harcnn_125/logs/id_5a419cf0be14/final,,,,,,,,,
train_harcnn,id_5a91c5b680f4,,completed,0,False,id_74afc850e220,supervised,harcnn,full_finetune_lr5,id_1bbf2a0cd7dc,multimodal_df,daghar_standardized_balanced,rw_waist,train,config_0,multimodal_samples_025_2,id_7d268895569b,har,train,full_run,/workspaces/HIAAC-KR-Dev-Container/Minerva-Exps/benchmarks/experiments/paper_daghar_supervised_3runs_perlr_samples_down_seed_harcnn_125/logs/id_5a91c5b680f4/final,,,,,,,,,
train_harcnn,id_5d70bc783fee,,completed,0,False,id_58a400b02098,supervised,harcnn,full_finetune_lr2,id_caa8f5feb10b,multimodal_df,daghar_standardized_balanced,kuhar,train,config_0,multimodal_samples_050,id_7d268895569b,har,train,full_run,/workspaces/HIAAC-KR-Dev-Container/Minerva-Exps/benchmarks/experiments/paper_daghar_supervised_3runs_perlr_samples_down_seed_harcnn_125/logs/id_5d70bc783fee/final,,,,,,,,,
train_harcnn,id_5cf201450e9b,,completed,0,False,id_205d675a6782,supervised,harcnn,full_finetune_lr1,id_f90ca44123d9,multimodal_df,daghar_standardized_balanced,kuhar,train,config_0,multimodal_samples_200_3,id_7d268895569b,har,train,full_run,/workspaces/HIAAC-KR-Dev-Container/Minerva-Exps/benchmarks/experiments/paper_daghar_supervised_3runs_perlr_samples_down_seed_harcnn_125/logs/id_5cf201450e9b/final,,,,,,,,,
train_harcnn,id_601512c0324d,,completed,0,False,id_58a400b02098,supervised,harcnn,full_finetune_lr2,id_3b2d9b9fd6c6,multimodal_df,daghar_standardized_balanced,kuhar,train,config_0,multimodal_samples_010_3,id_7d268895569b,har,train,full_run,/workspaces/HIAAC-KR-Dev-Container/Minerva-Exps/benchmarks/experiments/paper_daghar_supervised_3runs_perlr_samples_down_seed_harcnn_125/logs/id_601512c0324d/final,,,,,,,,,
train_harcnn,id_612188963771,,completed,0,False,id_74afc850e220,supervised,harcnn,full_finetune_lr5,id_515e0c3fbe05,multimodal_df,daghar_standardized_balanced,kuhar,train,config_0,multimodal_samples_200,id_7d268895569b,har,train,full_run,/workspaces/HIAAC-KR-Dev-Container/Minerva-Exps/benchmarks/experiments/paper_daghar_supervised_3runs_perlr_samples_down_seed_harcnn_125/logs/id_612188963771/final,,,,,,,,,
train_harcnn,id_5fd50b5da07a,,completed,0,False,id_74afc850e220,supervised,harcnn,full_finetune_lr5,id_664d92a3ca56,multimodal_df,daghar_standardized_balanced,uci,train,config_0,multimodal_samples_200_3,id_7d268895569b,har,train,full_run,/workspaces/HIAAC-KR-Dev-Container/Minerva-Exps/benchmarks/experiments/paper_daghar_supervised_3runs_perlr_samples_down_seed_harcnn_125/logs/id_5fd50b5da07a/final,,,,,,,,,
train_harcnn,id_602b32778fbf,,completed,0,False,id_205d675a6782,supervised,harcnn,full_finetune_lr1,id_58f0d08fff7e,multimodal_df,daghar_standardized_balanced,rw_thigh,train,config_0,multimodal_samples_050_3,id_7d268895569b,har,train,full_run,/workspaces/HIAAC-KR-Dev-Container/Minerva-Exps/benchmarks/experiments/paper_daghar_supervised_3runs_perlr_samples_down_seed_harcnn_125/logs/id_602b32778fbf/final,,,,,,,,,
train_harcnn,id_5b64db62de50,,completed,0,False,id_74afc850e220,supervised,harcnn,full_finetune_lr5,id_20dbdedc5e50,multimodal_df,daghar_standardized_balanced,rw_waist,train,config_0,multimodal_perc_100_3,id_7d268895569b,har,train,full_run,/workspaces/HIAAC-KR-Dev-Container/Minerva-Exps/benchmarks/experiments/paper_daghar_supervised_3runs_perlr_samples_down_seed_harcnn_125/logs/id_5b64db62de50/final,,,,,,,,,
train_harcnn,id_6035e1d6008b,,completed,0,False,id_58a400b02098,supervised,harcnn,full_finetune_lr2,id_42b645fb84f8,multimodal_df,daghar_standardized_balanced,uci,train,config_0,multimodal_samples_025_3,id_7d268895569b,har,train,full_run,/workspaces/HIAAC-KR-Dev-Container/Minerva-Exps/benchmarks/experiments/paper_daghar_supervised_3runs_perlr_samples_down_seed_harcnn_125/logs/id_6035e1d6008b/final,,,,,,,,,
train_harcnn,id_61389726451e,,completed,0,False,id_58a400b02098,supervised,harcnn,full_finetune_lr2,id_56baa66d670c,multimodal_df,daghar_standardized_balanced,uci,train,config_0,multimodal_samples_200_2,id_7d268895569b,har,train,full_run,/workspaces/HIAAC-KR-Dev-Container/Minerva-Exps/benchmarks/experiments/paper_daghar_supervised_3runs_perlr_samples_down_seed_harcnn_125/logs/id_61389726451e/final,,,,,,,,,
train_harcnn,id_6170276336fb,,completed,0,False,id_58a400b02098,supervised,harcnn,full_finetune_lr2,id_179104ace6c0,multimodal_df,daghar_standardized_balanced,kuhar,train,config_0,multimodal_samples_025_2,id_7d268895569b,har,train,full_run,/workspaces/HIAAC-KR-Dev-Container/Minerva-Exps/benchmarks/experiments/paper_daghar_supervised_3runs_perlr_samples_down_seed_harcnn_125/logs/id_6170276336fb/final,,,,,,,,,
train_harcnn,id_619ecc29c22f,,completed,0,False,id_58a400b02098,supervised,harcnn,full_finetune_lr2,id_5dfa1c7b49ec,multimodal_df,daghar_standardized_balanced,rw_thigh,train,config_0,multimodal_samples_200,id_7d268895569b,har,train,full_run,/workspaces/HIAAC-KR-Dev-Container/Minerva-Exps/benchmarks/experiments/paper_daghar_supervised_3runs_perlr_samples_down_seed_harcnn_125/logs/id_619ecc29c22f/final,,,,,,,,,
train_harcnn,id_6221dcea2667,,completed,0,False,id_205d675a6782,supervised,harcnn,full_finetune_lr1,id_3ca44ce6c400,multimodal_df,daghar_standardized_balanced,rw_thigh,train,config_0,multimodal_samples_050_2,id_7d268895569b,har,train,full_run,/workspaces/HIAAC-KR-Dev-Container/Minerva-Exps/benchmarks/experiments/paper_daghar_supervised_3runs_perlr_samples_down_seed_harcnn_125/logs/id_6221dcea2667/final,,,,,,,,,
train_harcnn,id_629e7cf20a76,,completed,0,False,id_74afc850e220,supervised,harcnn,full_finetune_lr5,id_c22ef6d3a4dc,multimodal_df,daghar_standardized_balanced,motionsense,train,config_0,multimodal_samples_100_2,id_7d268895569b,har,train,full_run,/workspaces/HIAAC-KR-Dev-Container/Minerva-Exps/benchmarks/experiments/paper_daghar_supervised_3runs_perlr_samples_down_seed_harcnn_125/logs/id_629e7cf20a76/final,,,,,,,,,
train_harcnn,id_62f805c27d40,,completed,0,False,id_74afc850e220,supervised,harcnn,full_finetune_lr5,id_68e2c218f19b,multimodal_df,daghar_standardized_balanced,rw_waist,train,config_0,multimodal_samples_050,id_7d268895569b,har,train,full_run,/workspaces/HIAAC-KR-Dev-Container/Minerva-Exps/benchmarks/experiments/paper_daghar_supervised_3runs_perlr_samples_down_seed_harcnn_125/logs/id_62f805c27d40/final,,,,,,,,,
train_harcnn,id_61d6c89f89d5,,completed,0,False,id_74afc850e220,supervised,harcnn,full_finetune_lr5,id_820f9528b139,multimodal_df,daghar_standardized_balanced,motionsense,train,config_0,multimodal_samples_010_3,id_7d268895569b,har,train,full_run,/workspaces/HIAAC-KR-Dev-Container/Minerva-Exps/benchmarks/experiments/paper_daghar_supervised_3runs_perlr_samples_down_seed_harcnn_125/logs/id_61d6c89f89d5/final,,,,,,,,,
train_harcnn,id_631b62ec528f,,completed,0,False,id_74afc850e220,supervised,harcnn,full_finetune_lr5,id_6db9002dfbf0,multimodal_df,daghar_standardized_balanced,uci,train,config_0,multimodal_samples_005,id_7d268895569b,har,train,full_run,/workspaces/HIAAC-KR-Dev-Container/Minerva-Exps/benchmarks/experiments/paper_daghar_supervised_3runs_perlr_samples_down_seed_harcnn_125/logs/id_631b62ec528f/final,,,,,,,,,
train_harcnn,id_644e91a3b7b4,,completed,0,False,id_74afc850e220,supervised,harcnn,full_finetune_lr5,id_56baa66d670c,multimodal_df,daghar_standardized_balanced,uci,train,config_0,multimodal_samples_200_2,id_7d268895569b,har,train,full_run,/workspaces/HIAAC-KR-Dev-Container/Minerva-Exps/benchmarks/experiments/paper_daghar_supervised_3runs_perlr_samples_down_seed_harcnn_125/logs/id_644e91a3b7b4/final,,,,,,,,,
train_harcnn,id_648e799b389a,,completed,0,False,id_58a400b02098,supervised,harcnn,full_finetune_lr2,id_132ff3af6c3c,multimodal_df,daghar_standardized_balanced,uci,train,config_0,multimodal_samples_100_3,id_7d268895569b,har,train,full_run,/workspaces/HIAAC-KR-Dev-Container/Minerva-Exps/benchmarks/experiments/paper_daghar_supervised_3runs_perlr_samples_down_seed_harcnn_125/logs/id_648e799b389a/final,,,,,,,,,
train_harcnn,id_66c4b00d5a6a,,completed,0,False,id_205d675a6782,supervised,harcnn,full_finetune_lr1,id_d9dc7844fd8b,multimodal_df,daghar_standardized_balanced,uci,train,config_0,multimodal_samples_050_2,id_7d268895569b,har,train,full_run,/workspaces/HIAAC-KR-Dev-Container/Minerva-Exps/benchmarks/experiments/paper_daghar_supervised_3runs_perlr_samples_down_seed_harcnn_125/logs/id_66c4b00d5a6a/final,,,,,,,,,
train_harcnn,id_6864bc7d6837,,completed,0,False,id_58a400b02098,supervised,harcnn,full_finetune_lr2,id_a5eb7bbd285a,multimodal_df,daghar_standardized_balanced,motionsense,train,config_0,multimodal_samples_050,id_7d268895569b,har,train,full_run,/workspaces/HIAAC-KR-Dev-Container/Minerva-Exps/benchmarks/experiments/paper_daghar_supervised_3runs_perlr_samples_down_seed_harcnn_125/logs/id_6864bc7d6837/final,,,,,,,,,
train_harcnn,id_69a82fdb1fd3,,completed,0,False,id_58a400b02098,supervised,harcnn,full_finetune_lr2,id_7aec5716a4be,multimodal_df,daghar_standardized_balanced,motionsense,train,config_0,multimodal_samples_025_2,id_7d268895569b,har,train,full_run,/workspaces/HIAAC-KR-Dev-Container/Minerva-Exps/benchmarks/experiments/paper_daghar_supervised_3runs_perlr_samples_down_seed_harcnn_125/logs/id_69a82fdb1fd3/final,,,,,,,,,
train_harcnn,id_69027880d6d1,,completed,0,False,id_74afc850e220,supervised,harcnn,full_finetune_lr5,id_7d8dbca109bf,multimodal_df,daghar_standardized_balanced,motionsense,train,config_0,multimodal_perc_100_2,id_7d268895569b,har,train,full_run,/workspaces/HIAAC-KR-Dev-Container/Minerva-Exps/benchmarks/experiments/paper_daghar_supervised_3runs_perlr_samples_down_seed_harcnn_125/logs/id_69027880d6d1/final,,,,,,,,,
train_harcnn,id_6a097ae156e1,,completed,0,False,id_58a400b02098,supervised,harcnn,full_finetune_lr2,id_7c6176c62c39,multimodal_df,daghar_standardized_balanced,motionsense,train,config_0,multimodal_samples_001_2,id_7d268895569b,har,train,full_run,/workspaces/HIAAC-KR-Dev-Container/Minerva-Exps/benchmarks/experiments/paper_daghar_supervised_3runs_perlr_samples_down_seed_harcnn_125/logs/id_6a097ae156e1/final,,,,,,,,,
train_harcnn,id_6b06079d959c,,completed,0,False,id_74afc850e220,supervised,harcnn,full_finetune_lr5,id_f726969cec7e,multimodal_df,daghar_standardized_balanced,kuhar,train,config_0,multimodal_perc_100_3,id_7d268895569b,har,train,full_run,/workspaces/HIAAC-KR-Dev-Container/Minerva-Exps/benchmarks/experiments/paper_daghar_supervised_3runs_perlr_samples_down_seed_harcnn_125/logs/id_6b06079d959c/final,,,,,,,,,
train_harcnn,id_6b64a594fce7,,completed,0,False,id_74afc850e220,supervised,harcnn,full_finetune_lr5,id_3b3b9b61dc95,multimodal_df,daghar_standardized_balanced,kuhar,train,config_0,multimodal_perc_100,id_7d268895569b,har,train,full_run,/workspaces/HIAAC-KR-Dev-Container/Minerva-Exps/benchmarks/experiments/paper_daghar_supervised_3runs_perlr_samples_down_seed_harcnn_125/logs/id_6b64a594fce7/final,,,,,,,,,
train_harcnn,id_6a19cdc462a1,,completed,0,False,id_74afc850e220,supervised,harcnn,full_finetune_lr5,id_ff2bb65ac9fe,multimodal_df,daghar_standardized_balanced,uci,train,config_0,multimodal_samples_010_2,id_7d268895569b,har,train,full_run,/workspaces/HIAAC-KR-Dev-Container/Minerva-Exps/benchmarks/experiments/paper_daghar_supervised_3runs_perlr_samples_down_seed_harcnn_125/logs/id_6a19cdc462a1/final,,,,,,,,,
train_harcnn,id_6a902644c28c,,completed,0,False,id_74afc850e220,supervised,harcnn,full_finetune_lr5,id_63390b2e2f32,multimodal_df,daghar_standardized_balanced,wisdm,train,config_0,multimodal_samples_005_2,id_7d268895569b,har,train,full_run,/workspaces/HIAAC-KR-Dev-Container/Minerva-Exps/benchmarks/experiments/paper_daghar_supervised_3runs_perlr_samples_down_seed_harcnn_125/logs/id_6a902644c28c/final,,,,,,,,,
train_harcnn,id_6c0cd40ed093,,completed,0,False,id_205d675a6782,supervised,harcnn,full_finetune_lr1,id_a217c54dba62,multimodal_df,daghar_standardized_balanced,wisdm,train,config_0,multimodal_samples_200,id_7d268895569b,har,train,full_run,/workspaces/HIAAC-KR-Dev-Container/Minerva-Exps/benchmarks/experiments/paper_daghar_supervised_3runs_perlr_samples_down_seed_harcnn_125/logs/id_6c0cd40ed093/final,,,,,,,,,
train_harcnn,id_6b21292d0352,,completed,0,False,id_74afc850e220,supervised,harcnn,full_finetune_lr5,id_a4bdc43c44df,multimodal_df,daghar_standardized_balanced,wisdm,train,config_0,multimodal_samples_010,id_7d268895569b,har,train,full_run,/workspaces/HIAAC-KR-Dev-Container/Minerva-Exps/benchmarks/experiments/paper_daghar_supervised_3runs_perlr_samples_down_seed_harcnn_125/logs/id_6b21292d0352/final,,,,,,,,,
train_harcnn,id_6bdeb63d9593,,completed,0,False,id_74afc850e220,supervised,harcnn,full_finetune_lr5,id_89d29379a762,multimodal_df,daghar_standardized_balanced,wisdm,train,config_0,multimodal_samples_050_2,id_7d268895569b,har,train,full_run,/workspaces/HIAAC-KR-Dev-Container/Minerva-Exps/benchmarks/experiments/paper_daghar_supervised_3runs_perlr_samples_down_seed_harcnn_125/logs/id_6bdeb63d9593/final,,,,,,,,,
train_harcnn,id_6c3ecd87f684,,completed,0,False,id_74afc850e220,supervised,harcnn,full_finetune_lr5,id_598014e6a5d3,multimodal_df,daghar_standardized_balanced,rw_thigh,train,config_0,multimodal_samples_100_3,id_7d268895569b,har,train,full_run,/workspaces/HIAAC-KR-Dev-Container/Minerva-Exps/benchmarks/experiments/paper_daghar_supervised_3runs_perlr_samples_down_seed_harcnn_125/logs/id_6c3ecd87f684/final,,,,,,,,,
train_harcnn,id_6ca3271ac6cb,,completed,0,False,id_58a400b02098,supervised,harcnn,full_finetune_lr2,id_6470a9337d8a,multimodal_df,daghar_standardized_balanced,rw_thigh,train,config_0,multimodal_samples_001,id_7d268895569b,har,train,full_run,/workspaces/HIAAC-KR-Dev-Container/Minerva-Exps/benchmarks/experiments/paper_daghar_supervised_3runs_perlr_samples_down_seed_harcnn_125/logs/id_6ca3271ac6cb/final,,,,,,,,,
train_harcnn,id_6d58286ee92a,,completed,0,False,id_205d675a6782,supervised,harcnn,full_finetune_lr1,id_b2426d8d9cf0,multimodal_df,daghar_standardized_balanced,kuhar,train,config_0,multimodal_samples_001_2,id_7d268895569b,har,train,full_run,/workspaces/HIAAC-KR-Dev-Container/Minerva-Exps/benchmarks/experiments/paper_daghar_supervised_3runs_perlr_samples_down_seed_harcnn_125/logs/id_6d58286ee92a/final,,,,,,,,,
train_harcnn,id_704c621d01d5,,completed,0,False,id_205d675a6782,supervised,harcnn,full_finetune_lr1,id_45c2c4800f32,multimodal_df,daghar_standardized_balanced,kuhar,train,config_0,multimodal_samples_025,id_7d268895569b,har,train,full_run,/workspaces/HIAAC-KR-Dev-Container/Minerva-Exps/benchmarks/experiments/paper_daghar_supervised_3runs_perlr_samples_down_seed_harcnn_125/logs/id_704c621d01d5/final,,,,,,,,,
train_harcnn,id_71afbcf9614c,,completed,0,False,id_58a400b02098,supervised,harcnn,full_finetune_lr2,id_01955da0dfc1,multimodal_df,daghar_standardized_balanced,wisdm,train,config_0,multimodal_samples_001_3,id_7d268895569b,har,train,full_run,/workspaces/HIAAC-KR-Dev-Container/Minerva-Exps/benchmarks/experiments/paper_daghar_supervised_3runs_perlr_samples_down_seed_harcnn_125/logs/id_71afbcf9614c/final,,,,,,,,,
train_harcnn,id_6ea1f0d8a944,,completed,0,False,id_58a400b02098,supervised,harcnn,full_finetune_lr2,id_2d8c7a4e80db,multimodal_df,daghar_standardized_balanced,motionsense,train,config_0,multimodal_samples_050_3,id_7d268895569b,har,train,full_run,/workspaces/HIAAC-KR-Dev-Container/Minerva-Exps/benchmarks/experiments/paper_daghar_supervised_3runs_perlr_samples_down_seed_harcnn_125/logs/id_6ea1f0d8a944/final,,,,,,,,,
train_harcnn,id_6d971f6b4369,,completed,0,False,id_74afc850e220,supervised,harcnn,full_finetune_lr5,id_fb5b4619ed71,multimodal_df,daghar_standardized_balanced,uci,train,config_0,multimodal_samples_005_2,id_7d268895569b,har,train,full_run,/workspaces/HIAAC-KR-Dev-Container/Minerva-Exps/benchmarks/experiments/paper_daghar_supervised_3runs_perlr_samples_down_seed_harcnn_125/logs/id_6d971f6b4369/final,,,,,,,,,
train_harcnn,id_7217d3904ba6,,completed,0,False,id_205d675a6782,supervised,harcnn,full_finetune_lr1,id_caa8f5feb10b,multimodal_df,daghar_standardized_balanced,kuhar,train,config_0,multimodal_samples_050,id_7d268895569b,har,train,full_run,/workspaces/HIAAC-KR-Dev-Container/Minerva-Exps/benchmarks/experiments/paper_daghar_supervised_3runs_perlr_samples_down_seed_harcnn_125/logs/id_7217d3904ba6/final,,,,,,,,,
train_harcnn,id_706abdeeda57,,completed,0,False,id_58a400b02098,supervised,harcnn,full_finetune_lr2,id_c761cbcc4f2c,multimodal_df,daghar_standardized_balanced,motionsense,train,config_0,multimodal_perc_100,id_7d268895569b,har,train,full_run,/workspaces/HIAAC-KR-Dev-Container/Minerva-Exps/benchmarks/experiments/paper_daghar_supervised_3runs_perlr_samples_down_seed_harcnn_125/logs/id_706abdeeda57/final,,,,,,,,,
train_harcnn,id_721456ad3e7b,,completed,0,False,id_58a400b02098,supervised,harcnn,full_finetune_lr2,id_598014e6a5d3,multimodal_df,daghar_standardized_balanced,rw_thigh,train,config_0,multimodal_samples_100_3,id_7d268895569b,har,train,full_run,/workspaces/HIAAC-KR-Dev-Container/Minerva-Exps/benchmarks/experiments/paper_daghar_supervised_3runs_perlr_samples_down_seed_harcnn_125/logs/id_721456ad3e7b/final,,,,,,,,,
train_harcnn,id_74c1c6eb1593,,completed,0,False,id_58a400b02098,supervised,harcnn,full_finetune_lr2,id_a274409d79b7,multimodal_df,daghar_standardized_balanced,uci,train,config_0,multimodal_perc_100_2,id_7d268895569b,har,train,full_run,/workspaces/HIAAC-KR-Dev-Container/Minerva-Exps/benchmarks/experiments/paper_daghar_supervised_3runs_perlr_samples_down_seed_harcnn_125/logs/id_74c1c6eb1593/final,,,,,,,,,
train_harcnn,id_759c90d2674f,,completed,0,False,id_58a400b02098,supervised,harcnn,full_finetune_lr2,id_0637ba4f3b1a,multimodal_df,daghar_standardized_balanced,wisdm,train,config_0,multimodal_samples_001,id_7d268895569b,har,train,full_run,/workspaces/HIAAC-KR-Dev-Container/Minerva-Exps/benchmarks/experiments/paper_daghar_supervised_3runs_perlr_samples_down_seed_harcnn_125/logs/id_759c90d2674f/final,,,,,,,,,
train_harcnn,id_75573fcf56e3,,completed,0,False,id_58a400b02098,supervised,harcnn,full_finetune_lr2,id_53060fc6227b,multimodal_df,daghar_standardized_balanced,uci,train,config_0,multimodal_perc_100_3,id_7d268895569b,har,train,full_run,/workspaces/HIAAC-KR-Dev-Container/Minerva-Exps/benchmarks/experiments/paper_daghar_supervised_3runs_perlr_samples_down_seed_harcnn_125/logs/id_75573fcf56e3/final,,,,,,,,,
train_harcnn,id_73726910e8c1,,completed,0,False,id_205d675a6782,supervised,harcnn,full_finetune_lr1,id_f9825c05d917,multimodal_df,daghar_standardized_balanced,rw_thigh,train,config_0,multimodal_perc_100_3,id_7d268895569b,har,train,full_run,/workspaces/HIAAC-KR-Dev-Container/Minerva-Exps/benchmarks/experiments/paper_daghar_supervised_3runs_perlr_samples_down_seed_harcnn_125/logs/id_73726910e8c1/final,,,,,,,,,
train_harcnn,id_74635804442b,,completed,0,False,id_58a400b02098,supervised,harcnn,full_finetune_lr2,id_3879140ea3fb,multimodal_df,daghar_standardized_balanced,rw_thigh,train,config_0,multimodal_samples_010_2,id_7d268895569b,har,train,full_run,/workspaces/HIAAC-KR-Dev-Container/Minerva-Exps/benchmarks/experiments/paper_daghar_supervised_3runs_perlr_samples_down_seed_harcnn_125/logs/id_74635804442b/final,,,,,,,,,
train_harcnn,id_78f4b0cb727d,,completed,0,False,id_58a400b02098,supervised,harcnn,full_finetune_lr2,id_e627a7ff3b82,multimodal_df,daghar_standardized_balanced,rw_waist,train,config_0,multimodal_samples_200_3,id_7d268895569b,har,train,full_run,/workspaces/HIAAC-KR-Dev-Container/Minerva-Exps/benchmarks/experiments/paper_daghar_supervised_3runs_perlr_samples_down_seed_harcnn_125/logs/id_78f4b0cb727d/final,,,,,,,,,
train_harcnn,id_77a68b8363c3,,completed,0,False,id_58a400b02098,supervised,harcnn,full_finetune_lr2,id_dd4d18f1c7c4,multimodal_df,daghar_standardized_balanced,rw_thigh,train,config_0,multimodal_samples_025,id_7d268895569b,har,train,full_run,/workspaces/HIAAC-KR-Dev-Container/Minerva-Exps/benchmarks/experiments/paper_daghar_supervised_3runs_perlr_samples_down_seed_harcnn_125/logs/id_77a68b8363c3/final,,,,,,,,,
train_harcnn,id_76cf2f1e41d2,,completed,0,False,id_74afc850e220,supervised,harcnn,full_finetune_lr5,id_cd8d01e2da59,multimodal_df,daghar_standardized_balanced,uci,train,config_0,multimodal_samples_025_2,id_7d268895569b,har,train,full_run,/workspaces/HIAAC-KR-Dev-Container/Minerva-Exps/benchmarks/experiments/paper_daghar_supervised_3runs_perlr_samples_down_seed_harcnn_125/logs/id_76cf2f1e41d2/final,,,,,,,,,
train_harcnn,id_77332306a7b8,,completed,0,False,id_205d675a6782,supervised,harcnn,full_finetune_lr1,id_6216214775b3,multimodal_df,daghar_standardized_balanced,rw_thigh,train,config_0,multimodal_samples_001_2,id_7d268895569b,har,train,full_run,/workspaces/HIAAC-KR-Dev-Container/Minerva-Exps/benchmarks/experiments/paper_daghar_supervised_3runs_perlr_samples_down_seed_harcnn_125/logs/id_77332306a7b8/final,,,,,,,,,
train_harcnn,id_77f2b38cd0a6,,completed,0,False,id_74afc850e220,supervised,harcnn,full_finetune_lr5,id_3b2d9b9fd6c6,multimodal_df,daghar_standardized_balanced,kuhar,train,config_0,multimodal_samples_010_3,id_7d268895569b,har,train,full_run,/workspaces/HIAAC-KR-Dev-Container/Minerva-Exps/benchmarks/experiments/paper_daghar_supervised_3runs_perlr_samples_down_seed_harcnn_125/logs/id_77f2b38cd0a6/final,,,,,,,,,
train_harcnn,id_7a211d185642,,completed,0,False,id_205d675a6782,supervised,harcnn,full_finetune_lr1,id_62ae1bbdbef0,multimodal_df,daghar_standardized_balanced,kuhar,train,config_0,multimodal_samples_001,id_7d268895569b,har,train,full_run,/workspaces/HIAAC-KR-Dev-Container/Minerva-Exps/benchmarks/experiments/paper_daghar_supervised_3runs_perlr_samples_down_seed_harcnn_125/logs/id_7a211d185642/final,,,,,,,,,
train_harcnn,id_791b72c1be56,,completed,0,False,id_205d675a6782,supervised,harcnn,full_finetune_lr1,id_515e0c3fbe05,multimodal_df,daghar_standardized_balanced,kuhar,train,config_0,multimodal_samples_200,id_7d268895569b,har,train,full_run,/workspaces/HIAAC-KR-Dev-Container/Minerva-Exps/benchmarks/experiments/paper_daghar_supervised_3runs_perlr_samples_down_seed_harcnn_125/logs/id_791b72c1be56/final,,,,,,,,,
train_harcnn,id_78f50488a43e,,completed,0,False,id_74afc850e220,supervised,harcnn,full_finetune_lr5,id_a3717fe8cdbe,multimodal_df,daghar_standardized_balanced,wisdm,train,config_0,multimodal_samples_100,id_7d268895569b,har,train,full_run,/workspaces/HIAAC-KR-Dev-Container/Minerva-Exps/benchmarks/experiments/paper_daghar_supervised_3runs_perlr_samples_down_seed_harcnn_125/logs/id_78f50488a43e/final,,,,,,,,,
train_harcnn,id_7a24e9efb3c8,,completed,0,False,id_58a400b02098,supervised,harcnn,full_finetune_lr2,id_58f0d08fff7e,multimodal_df,daghar_standardized_balanced,rw_thigh,train,config_0,multimodal_samples_050_3,id_7d268895569b,har,train,full_run,/workspaces/HIAAC-KR-Dev-Container/Minerva-Exps/benchmarks/experiments/paper_daghar_supervised_3runs_perlr_samples_down_seed_harcnn_125/logs/id_7a24e9efb3c8/final,,,,,,,,,
train_harcnn,id_7a23e870bad1,,completed,0,False,id_205d675a6782,supervised,harcnn,full_finetune_lr1,id_e5f35050bdc1,multimodal_df,daghar_standardized_balanced,wisdm,train,config_0,multimodal_samples_005_3,id_7d268895569b,har,train,full_run,/workspaces/HIAAC-KR-Dev-Container/Minerva-Exps/benchmarks/experiments/paper_daghar_supervised_3runs_perlr_samples_down_seed_harcnn_125/logs/id_7a23e870bad1/final,,,,,,,,,
train_harcnn,id_7acb7f1d41e2,,completed,0,False,id_205d675a6782,supervised,harcnn,full_finetune_lr1,id_de3c5e60bc0a,multimodal_df,daghar_standardized_balanced,motionsense,train,config_0,multimodal_samples_010,id_7d268895569b,har,train,full_run,/workspaces/HIAAC-KR-Dev-Container/Minerva-Exps/benchmarks/experiments/paper_daghar_supervised_3runs_perlr_samples_down_seed_harcnn_125/logs/id_7acb7f1d41e2/final,,,,,,,,,
train_harcnn,id_7ac25a9cb16c,,completed,0,False,id_74afc850e220,supervised,harcnn,full_finetune_lr5,id_6350f6340249,multimodal_df,daghar_standardized_balanced,kuhar,train,config_0,multimodal_samples_005_2,id_7d268895569b,har,train,full_run,/workspaces/HIAAC-KR-Dev-Container/Minerva-Exps/benchmarks/experiments/paper_daghar_supervised_3runs_perlr_samples_down_seed_harcnn_125/logs/id_7ac25a9cb16c/final,,,,,,,,,
train_harcnn,id_7c6a73a27c7c,,completed,0,False,id_58a400b02098,supervised,harcnn,full_finetune_lr2,id_3b3b9b61dc95,multimodal_df,daghar_standardized_balanced,kuhar,train,config_0,multimodal_perc_100,id_7d268895569b,har,train,full_run,/workspaces/HIAAC-KR-Dev-Container/Minerva-Exps/benchmarks/experiments/paper_daghar_supervised_3runs_perlr_samples_down_seed_harcnn_125/logs/id_7c6a73a27c7c/final,,,,,,,,,
train_harcnn,id_7b9ae68aa864,,completed,0,False,id_74afc850e220,supervised,harcnn,full_finetune_lr5,id_c38874ce2244,multimodal_df,daghar_standardized_balanced,rw_waist,train,config_0,multimodal_samples_100_3,id_7d268895569b,har,train,full_run,/workspaces/HIAAC-KR-Dev-Container/Minerva-Exps/benchmarks/experiments/paper_daghar_supervised_3runs_perlr_samples_down_seed_harcnn_125/logs/id_7b9ae68aa864/final,,,,,,,,,
train_harcnn,id_7d38b6be31dd,,completed,0,False,id_58a400b02098,supervised,harcnn,full_finetune_lr2,id_6216214775b3,multimodal_df,daghar_standardized_balanced,rw_thigh,train,config_0,multimodal_samples_001_2,id_7d268895569b,har,train,full_run,/workspaces/HIAAC-KR-Dev-Container/Minerva-Exps/benchmarks/experiments/paper_daghar_supervised_3runs_perlr_samples_down_seed_harcnn_125/logs/id_7d38b6be31dd/final,,,,,,,,,
train_harcnn,id_7d398bad4e55,,completed,0,False,id_205d675a6782,supervised,harcnn,full_finetune_lr1,id_e627a7ff3b82,multimodal_df,daghar_standardized_balanced,rw_waist,train,config_0,multimodal_samples_200_3,id_7d268895569b,har,train,full_run,/workspaces/HIAAC-KR-Dev-Container/Minerva-Exps/benchmarks/experiments/paper_daghar_supervised_3runs_perlr_samples_down_seed_harcnn_125/logs/id_7d398bad4e55/final,,,,,,,,,
train_harcnn,id_7cd7abcb0b37,,completed,0,False,id_74afc850e220,supervised,harcnn,full_finetune_lr5,id_a274409d79b7,multimodal_df,daghar_standardized_balanced,uci,train,config_0,multimodal_perc_100_2,id_7d268895569b,har,train,full_run,/workspaces/HIAAC-KR-Dev-Container/Minerva-Exps/benchmarks/experiments/paper_daghar_supervised_3runs_perlr_samples_down_seed_harcnn_125/logs/id_7cd7abcb0b37/final,,,,,,,,,
train_harcnn,id_7cf18cf95298,,completed,0,False,id_74afc850e220,supervised,harcnn,full_finetune_lr5,id_7c6176c62c39,multimodal_df,daghar_standardized_balanced,motionsense,train,config_0,multimodal_samples_001_2,id_7d268895569b,har,train,full_run,/workspaces/HIAAC-KR-Dev-Container/Minerva-Exps/benchmarks/experiments/paper_daghar_supervised_3runs_perlr_samples_down_seed_harcnn_125/logs/id_7cf18cf95298/final,,,,,,,,,
train_harcnn,id_8181dd4cc612,,completed,0,False,id_58a400b02098,supervised,harcnn,full_finetune_lr2,id_8949c49a12d2,multimodal_df,daghar_standardized_balanced,uci,train,config_0,multimodal_samples_001,id_7d268895569b,har,train,full_run,/workspaces/HIAAC-KR-Dev-Container/Minerva-Exps/benchmarks/experiments/paper_daghar_supervised_3runs_perlr_samples_down_seed_harcnn_125/logs/id_8181dd4cc612/final,,,,,,,,,
train_harcnn,id_7db6fdf22fdb,,completed,0,False,id_205d675a6782,supervised,harcnn,full_finetune_lr1,id_51abcd3eb4aa,multimodal_df,daghar_standardized_balanced,rw_thigh,train,config_0,multimodal_perc_100,id_7d268895569b,har,train,full_run,/workspaces/HIAAC-KR-Dev-Container/Minerva-Exps/benchmarks/experiments/paper_daghar_supervised_3runs_perlr_samples_down_seed_harcnn_125/logs/id_7db6fdf22fdb/final,,,,,,,,,
train_harcnn,id_807b97528126,,completed,0,False,id_205d675a6782,supervised,harcnn,full_finetune_lr1,id_89d29379a762,multimodal_df,daghar_standardized_balanced,wisdm,train,config_0,multimodal_samples_050_2,id_7d268895569b,har,train,full_run,/workspaces/HIAAC-KR-Dev-Container/Minerva-Exps/benchmarks/experiments/paper_daghar_supervised_3runs_perlr_samples_down_seed_harcnn_125/logs/id_807b97528126/final,,,,,,,,,
train_harcnn,id_7e3161bb8270,,completed,0,False,id_58a400b02098,supervised,harcnn,full_finetune_lr2,id_50b8183b88b4,multimodal_df,daghar_standardized_balanced,rw_waist,train,config_0,multimodal_samples_050_3,id_7d268895569b,har,train,full_run,/workspaces/HIAAC-KR-Dev-Container/Minerva-Exps/benchmarks/experiments/paper_daghar_supervised_3runs_perlr_samples_down_seed_harcnn_125/logs/id_7e3161bb8270/final,,,,,,,,,
train_harcnn,id_7f3f5316b7ee,,completed,0,False,id_74afc850e220,supervised,harcnn,full_finetune_lr5,id_22326f4c2dcc,multimodal_df,daghar_standardized_balanced,wisdm,train,config_0,multimodal_samples_050,id_7d268895569b,har,train,full_run,/workspaces/HIAAC-KR-Dev-Container/Minerva-Exps/benchmarks/experiments/paper_daghar_supervised_3runs_perlr_samples_down_seed_harcnn_125/logs/id_7f3f5316b7ee/final,,,,,,,,,
train_harcnn,id_82a6ad61a434,,completed,0,False,id_205d675a6782,supervised,harcnn,full_finetune_lr1,id_2bd430b767f1,multimodal_df,daghar_standardized_balanced,motionsense,train,config_0,multimodal_samples_100_3,id_7d268895569b,har,train,full_run,/workspaces/HIAAC-KR-Dev-Container/Minerva-Exps/benchmarks/experiments/paper_daghar_supervised_3runs_perlr_samples_down_seed_harcnn_125/logs/id_82a6ad61a434/final,,,,,,,,,
train_harcnn,id_837eaa61ec3b,,completed,0,False,id_58a400b02098,supervised,harcnn,full_finetune_lr2,id_a4bdc43c44df,multimodal_df,daghar_standardized_balanced,wisdm,train,config_0,multimodal_samples_010,id_7d268895569b,har,train,full_run,/workspaces/HIAAC-KR-Dev-Container/Minerva-Exps/benchmarks/experiments/paper_daghar_supervised_3runs_perlr_samples_down_seed_harcnn_125/logs/id_837eaa61ec3b/final,,,,,,,,,
train_harcnn,id_87143f36f3dc,,completed,0,False,id_58a400b02098,supervised,harcnn,full_finetune_lr2,id_b2426d8d9cf0,multimodal_df,daghar_standardized_balanced,kuhar,train,config_0,multimodal_samples_001_2,id_7d268895569b,har,train,full_run,/workspaces/HIAAC-KR-Dev-Container/Minerva-Exps/benchmarks/experiments/paper_daghar_supervised_3runs_perlr_samples_down_seed_harcnn_125/logs/id_87143f36f3dc/final,,,,,,,,,
train_harcnn,id_8203c74c2e3d,,completed,0,False,id_74afc850e220,supervised,harcnn,full_finetune_lr5,id_eb44f9c784ea,multimodal_df,daghar_standardized_balanced,rw_waist,train,config_0,multimodal_samples_005_2,id_7d268895569b,har,train,full_run,/workspaces/HIAAC-KR-Dev-Container/Minerva-Exps/benchmarks/experiments/paper_daghar_supervised_3runs_perlr_samples_down_seed_harcnn_125/logs/id_8203c74c2e3d/final,,,,,,,,,
train_harcnn,id_815320bc24ef,,completed,0,False,id_74afc850e220,supervised,harcnn,full_finetune_lr5,id_e6b257557292,multimodal_df,daghar_standardized_balanced,rw_waist,train,config_0,multimodal_perc_100_2,id_7d268895569b,har,train,full_run,/workspaces/HIAAC-KR-Dev-Container/Minerva-Exps/benchmarks/experiments/paper_daghar_supervised_3runs_perlr_samples_down_seed_harcnn_125/logs/id_815320bc24ef/final,,,,,,,,,
train_harcnn,id_82ef5998455c,,completed,0,False,id_205d675a6782,supervised,harcnn,full_finetune_lr1,id_b74337b9bf17,multimodal_df,daghar_standardized_balanced,rw_thigh,train,config_0,multimodal_samples_001_3,id_7d268895569b,har,train,full_run,/workspaces/HIAAC-KR-Dev-Container/Minerva-Exps/benchmarks/experiments/paper_daghar_supervised_3runs_perlr_samples_down_seed_harcnn_125/logs/id_82ef5998455c/final,,,,,,,,,
train_harcnn,id_86a7d7ff8739,,completed,0,False,id_205d675a6782,supervised,harcnn,full_finetune_lr1,id_7d8dbca109bf,multimodal_df,daghar_standardized_balanced,motionsense,train,config_0,multimodal_perc_100_2,id_7d268895569b,har,train,full_run,/workspaces/HIAAC-KR-Dev-Container/Minerva-Exps/benchmarks/experiments/paper_daghar_supervised_3runs_perlr_samples_down_seed_harcnn_125/logs/id_86a7d7ff8739/final,,,,,,,,,
train_harcnn,id_8391b8d8fdd0,,completed,0,False,id_74afc850e220,supervised,harcnn,full_finetune_lr5,id_a5eb7bbd285a,multimodal_df,daghar_standardized_balanced,motionsense,train,config_0,multimodal_samples_050,id_7d268895569b,har,train,full_run,/workspaces/HIAAC-KR-Dev-Container/Minerva-Exps/benchmarks/experiments/paper_daghar_supervised_3runs_perlr_samples_down_seed_harcnn_125/logs/id_8391b8d8fdd0/final,,,,,,,,,
train_harcnn,id_877c8003d204,,completed,0,False,id_58a400b02098,supervised,harcnn,full_finetune_lr2,id_89d29379a762,multimodal_df,daghar_standardized_balanced,wisdm,train,config_0,multimodal_samples_050_2,id_7d268895569b,har,train,full_run,/workspaces/HIAAC-KR-Dev-Container/Minerva-Exps/benchmarks/experiments/paper_daghar_supervised_3runs_perlr_samples_down_seed_harcnn_125/logs/id_877c8003d204/final,,,,,,,,,
train_harcnn,id_8667fe5f1494,,completed,0,False,id_74afc850e220,supervised,harcnn,full_finetune_lr5,id_7aec5716a4be,multimodal_df,daghar_standardized_balanced,motionsense,train,config_0,multimodal_samples_025_2,id_7d268895569b,har,train,full_run,/workspaces/HIAAC-KR-Dev-Container/Minerva-Exps/benchmarks/experiments/paper_daghar_supervised_3runs_perlr_samples_down_seed_harcnn_125/logs/id_8667fe5f1494/final,,,,,,,,,
train_harcnn,id_88d75ae21adc,,completed,0,False,id_58a400b02098,supervised,harcnn,full_finetune_lr2,id_f50c99792caa,multimodal_df,daghar_standardized_balanced,uci,train,config_0,multimodal_samples_001_3,id_7d268895569b,har,train,full_run,/workspaces/HIAAC-KR-Dev-Container/Minerva-Exps/benchmarks/experiments/paper_daghar_supervised_3runs_perlr_samples_down_seed_harcnn_125/logs/id_88d75ae21adc/final,,,,,,,,,
train_harcnn,id_8935dd4a802a,,completed,0,False,id_58a400b02098,supervised,harcnn,full_finetune_lr2,id_378e85dee41c,multimodal_df,daghar_standardized_balanced,rw_thigh,train,config_0,multimodal_samples_050,id_7d268895569b,har,train,full_run,/workspaces/HIAAC-KR-Dev-Container/Minerva-Exps/benchmarks/experiments/paper_daghar_supervised_3runs_perlr_samples_down_seed_harcnn_125/logs/id_8935dd4a802a/final,,,,,,,,,
train_harcnn,id_8868679a9907,,completed,0,False,id_205d675a6782,supervised,harcnn,full_finetune_lr1,id_52a5133aa345,multimodal_df,daghar_standardized_balanced,wisdm,train,config_0,multimodal_samples_100_3,id_7d268895569b,har,train,full_run,/workspaces/HIAAC-KR-Dev-Container/Minerva-Exps/benchmarks/experiments/paper_daghar_supervised_3runs_perlr_samples_down_seed_harcnn_125/logs/id_8868679a9907/final,,,,,,,,,
train_harcnn,id_8845a5624c4f,,completed,0,False,id_74afc850e220,supervised,harcnn,full_finetune_lr5,id_a65f0a88ac4d,multimodal_df,daghar_standardized_balanced,uci,train,config_0,multimodal_samples_001_2,id_7d268895569b,har,train,full_run,/workspaces/HIAAC-KR-Dev-Container/Minerva-Exps/benchmarks/experiments/paper_daghar_supervised_3runs_perlr_samples_down_seed_harcnn_125/logs/id_8845a5624c4f/final,,,,,,,,,
train_harcnn,id_8846bb5289ad,,completed,0,False,id_74afc850e220,supervised,harcnn,full_finetune_lr5,id_1da0f49b378e,multimodal_df,daghar_standardized_balanced,uci,train,config_0,multimodal_samples_005_3,id_7d268895569b,har,train,full_run,/workspaces/HIAAC-KR-Dev-Container/Minerva-Exps/benchmarks/experiments/paper_daghar_supervised_3runs_perlr_samples_down_seed_harcnn_125/logs/id_8846bb5289ad/final,,,,,,,,,
train_harcnn,id_8a4a050be4c3,,completed,0,False,id_205d675a6782,supervised,harcnn,full_finetune_lr1,id_cf1ed39f3ad3,multimodal_df,daghar_standardized_balanced,motionsense,train,config_0,multimodal_samples_001,id_7d268895569b,har,train,full_run,/workspaces/HIAAC-KR-Dev-Container/Minerva-Exps/benchmarks/experiments/paper_daghar_supervised_3runs_perlr_samples_down_seed_harcnn_125/logs/id_8a4a050be4c3/final,,,,,,,,,
train_harcnn,id_8c16b57c5751,,completed,0,False,id_205d675a6782,supervised,harcnn,full_finetune_lr1,id_2d8c7a4e80db,multimodal_df,daghar_standardized_balanced,motionsense,train,config_0,multimodal_samples_050_3,id_7d268895569b,har,train,full_run,/workspaces/HIAAC-KR-Dev-Container/Minerva-Exps/benchmarks/experiments/paper_daghar_supervised_3runs_perlr_samples_down_seed_harcnn_125/logs/id_8c16b57c5751/final,,,,,,,,,
train_harcnn,id_8a18d63d98ae,,completed,0,False,id_74afc850e220,supervised,harcnn,full_finetune_lr5,id_aab211c92197,multimodal_df,daghar_standardized_balanced,rw_waist,train,config_0,multimodal_samples_005_3,id_7d268895569b,har,train,full_run,/workspaces/HIAAC-KR-Dev-Container/Minerva-Exps/benchmarks/experiments/paper_daghar_supervised_3runs_perlr_samples_down_seed_harcnn_125/logs/id_8a18d63d98ae/final,,,,,,,,,
train_harcnn,id_8b6b3cb64cda,,completed,0,False,id_74afc850e220,supervised,harcnn,full_finetune_lr5,id_2b43c6cb6c29,multimodal_df,daghar_standardized_balanced,motionsense,train,config_0,multimodal_samples_001_3,id_7d268895569b,har,train,full_run,/workspaces/HIAAC-KR-Dev-Container/Minerva-Exps/benchmarks/experiments/paper_daghar_supervised_3runs_perlr_samples_down_seed_harcnn_125/logs/id_8b6b3cb64cda/final,,,,,,,,,
train_harcnn,id_8cf8dc833291,,completed,0,False,id_74afc850e220,supervised,harcnn,full_finetune_lr5,id_14b0f19aa3e3,multimodal_df,daghar_standardized_balanced,rw_waist,train,config_0,multimodal_samples_100_2,id_7d268895569b,har,train,full_run,/workspaces/HIAAC-KR-Dev-Container/Minerva-Exps/benchmarks/experiments/paper_daghar_supervised_3runs_perlr_samples_down_seed_harcnn_125/logs/id_8cf8dc833291/final,,,,,,,,,
train_harcnn,id_8d4684fa7291,,completed,0,False,id_205d675a6782,supervised,harcnn,full_finetune_lr1,id_a8b9fb2299ef,multimodal_df,daghar_standardized_balanced,wisdm,train,config_0,multimodal_samples_010_2,id_7d268895569b,har,train,full_run,/workspaces/HIAAC-KR-Dev-Container/Minerva-Exps/benchmarks/experiments/paper_daghar_supervised_3runs_perlr_samples_down_seed_harcnn_125/logs/id_8d4684fa7291/final,,,,,,,,,
train_harcnn,id_8f2a90d17561,,completed,0,False,id_58a400b02098,supervised,harcnn,full_finetune_lr2,id_120bda9178a1,multimodal_df,daghar_standardized_balanced,wisdm,train,config_0,multimodal_samples_010_3,id_7d268895569b,har,train,full_run,/workspaces/HIAAC-KR-Dev-Container/Minerva-Exps/benchmarks/experiments/paper_daghar_supervised_3runs_perlr_samples_down_seed_harcnn_125/logs/id_8f2a90d17561/final,,,,,,,,,
train_harcnn,id_8ee7e8da404b,,completed,0,False,id_205d675a6782,supervised,harcnn,full_finetune_lr1,id_752bde3fdada,multimodal_df,daghar_standardized_balanced,kuhar,train,config_0,multimodal_samples_010,id_7d268895569b,har,train,full_run,/workspaces/HIAAC-KR-Dev-Container/Minerva-Exps/benchmarks/experiments/paper_daghar_supervised_3runs_perlr_samples_down_seed_harcnn_125/logs/id_8ee7e8da404b/final,,,,,,,,,
train_harcnn,id_8f7ddc53c50d,,completed,0,False,id_58a400b02098,supervised,harcnn,full_finetune_lr2,id_d368449171f5,multimodal_df,daghar_standardized_balanced,rw_waist,train,config_0,multimodal_samples_050_2,id_7d268895569b,har,train,full_run,/workspaces/HIAAC-KR-Dev-Container/Minerva-Exps/benchmarks/experiments/paper_daghar_supervised_3runs_perlr_samples_down_seed_harcnn_125/logs/id_8f7ddc53c50d/final,,,,,,,,,
train_harcnn,id_91f9561b199a,,completed,0,False,id_58a400b02098,supervised,harcnn,full_finetune_lr2,id_2b43c6cb6c29,multimodal_df,daghar_standardized_balanced,motionsense,train,config_0,multimodal_samples_001_3,id_7d268895569b,har,train,full_run,/workspaces/HIAAC-KR-Dev-Container/Minerva-Exps/benchmarks/experiments/paper_daghar_supervised_3runs_perlr_samples_down_seed_harcnn_125/logs/id_91f9561b199a/final,,,,,,,,,
train_harcnn,id_8fabc4b724de,,completed,0,False,id_205d675a6782,supervised,harcnn,full_finetune_lr1,id_a50226a2e73f,multimodal_df,daghar_standardized_balanced,motionsense,train,config_0,multimodal_samples_005_3,id_7d268895569b,har,train,full_run,/workspaces/HIAAC-KR-Dev-Container/Minerva-Exps/benchmarks/experiments/paper_daghar_supervised_3runs_perlr_samples_down_seed_harcnn_125/logs/id_8fabc4b724de/final,,,,,,,,,
train_harcnn,id_902a41555df9,,completed,0,False,id_205d675a6782,supervised,harcnn,full_finetune_lr1,id_ff2bb65ac9fe,multimodal_df,daghar_standardized_balanced,uci,train,config_0,multimodal_samples_010_2,id_7d268895569b,har,train,full_run,/workspaces/HIAAC-KR-Dev-Container/Minerva-Exps/benchmarks/experiments/paper_daghar_supervised_3runs_perlr_samples_down_seed_harcnn_125/logs/id_902a41555df9/final,,,,,,,,,
train_harcnn,id_9384c07d2dda,,completed,0,False,id_205d675a6782,supervised,harcnn,full_finetune_lr1,id_fc6ba2357f31,multimodal_df,daghar_standardized_balanced,motionsense,train,config_0,multimodal_samples_100,id_7d268895569b,har,train,full_run,/workspaces/HIAAC-KR-Dev-Container/Minerva-Exps/benchmarks/experiments/paper_daghar_supervised_3runs_perlr_samples_down_seed_harcnn_125/logs/id_9384c07d2dda/final,,,,,,,,,
train_harcnn,id_9124df743f98,,completed,0,False,id_205d675a6782,supervised,harcnn,full_finetune_lr1,id_6db9002dfbf0,multimodal_df,daghar_standardized_balanced,uci,train,config_0,multimodal_samples_005,id_7d268895569b,har,train,full_run,/workspaces/HIAAC-KR-Dev-Container/Minerva-Exps/benchmarks/experiments/paper_daghar_supervised_3runs_perlr_samples_down_seed_harcnn_125/logs/id_9124df743f98/final,,,,,,,,,
train_harcnn,id_9407e86b0765,,completed,0,False,id_58a400b02098,supervised,harcnn,full_finetune_lr2,id_c22ef6d3a4dc,multimodal_df,daghar_standardized_balanced,motionsense,train,config_0,multimodal_samples_100_2,id_7d268895569b,har,train,full_run,/workspaces/HIAAC-KR-Dev-Container/Minerva-Exps/benchmarks/experiments/paper_daghar_supervised_3runs_perlr_samples_down_seed_harcnn_125/logs/id_9407e86b0765/final,,,,,,,,,
train_harcnn,id_95bf9b261bfc,,completed,0,False,id_58a400b02098,supervised,harcnn,full_finetune_lr2,id_cf1ed39f3ad3,multimodal_df,daghar_standardized_balanced,motionsense,train,config_0,multimodal_samples_001,id_7d268895569b,har,train,full_run,/workspaces/HIAAC-KR-Dev-Container/Minerva-Exps/benchmarks/experiments/paper_daghar_supervised_3runs_perlr_samples_down_seed_harcnn_125/logs/id_95bf9b261bfc/final,,,,,,,,,
train_harcnn,id_948972a5cc6b,,completed,0,False,id_205d675a6782,supervised,harcnn,full_finetune_lr1,id_e0d8b057e9ae,multimodal_df,daghar_standardized_balanced,wisdm,train,config_0,multimodal_samples_200_2,id_7d268895569b,har,train,full_run,/workspaces/HIAAC-KR-Dev-Container/Minerva-Exps/benchmarks/experiments/paper_daghar_supervised_3runs_perlr_samples_down_seed_harcnn_125/logs/id_948972a5cc6b/final,,,,,,,,,
train_harcnn,id_93aa42829c09,,completed,0,False,id_74afc850e220,supervised,harcnn,full_finetune_lr5,id_d9dc7844fd8b,multimodal_df,daghar_standardized_balanced,uci,train,config_0,multimodal_samples_050_2,id_7d268895569b,har,train,full_run,/workspaces/HIAAC-KR-Dev-Container/Minerva-Exps/benchmarks/experiments/paper_daghar_supervised_3runs_perlr_samples_down_seed_harcnn_125/logs/id_93aa42829c09/final,,,,,,,,,
train_harcnn,id_93b4d69f65ee,,completed,0,False,id_74afc850e220,supervised,harcnn,full_finetune_lr5,id_752bde3fdada,multimodal_df,daghar_standardized_balanced,kuhar,train,config_0,multimodal_samples_010,id_7d268895569b,har,train,full_run,/workspaces/HIAAC-KR-Dev-Container/Minerva-Exps/benchmarks/experiments/paper_daghar_supervised_3runs_perlr_samples_down_seed_harcnn_125/logs/id_93b4d69f65ee/final,,,,,,,,,
train_harcnn,id_942b3928e291,,completed,0,False,id_74afc850e220,supervised,harcnn,full_finetune_lr5,id_88b17060c225,multimodal_df,daghar_standardized_balanced,wisdm,train,config_0,multimodal_samples_100_2,id_7d268895569b,har,train,full_run,/workspaces/HIAAC-KR-Dev-Container/Minerva-Exps/benchmarks/experiments/paper_daghar_supervised_3runs_perlr_samples_down_seed_harcnn_125/logs/id_942b3928e291/final,,,,,,,,,
train_harcnn,id_97f8141e8daa,,completed,0,False,id_58a400b02098,supervised,harcnn,full_finetune_lr2,id_0ee270359c3b,multimodal_df,daghar_standardized_balanced,rw_waist,train,config_0,multimodal_perc_100,id_7d268895569b,har,train,full_run,/workspaces/HIAAC-KR-Dev-Container/Minerva-Exps/benchmarks/experiments/paper_daghar_supervised_3runs_perlr_samples_down_seed_harcnn_125/logs/id_97f8141e8daa/final,,,,,,,,,
train_harcnn,id_96f93c443964,,completed,0,False,id_74afc850e220,supervised,harcnn,full_finetune_lr5,id_2baf94349229,multimodal_df,daghar_standardized_balanced,rw_waist,train,config_0,multimodal_samples_025_3,id_7d268895569b,har,train,full_run,/workspaces/HIAAC-KR-Dev-Container/Minerva-Exps/benchmarks/experiments/paper_daghar_supervised_3runs_perlr_samples_down_seed_harcnn_125/logs/id_96f93c443964/final,,,,,,,,,
train_harcnn,id_9832e346a687,,completed,0,False,id_58a400b02098,supervised,harcnn,full_finetune_lr2,id_091a3b529e49,multimodal_df,daghar_standardized_balanced,kuhar,train,config_0,multimodal_samples_005_3,id_7d268895569b,har,train,full_run,/workspaces/HIAAC-KR-Dev-Container/Minerva-Exps/benchmarks/experiments/paper_daghar_supervised_3runs_perlr_samples_down_seed_harcnn_125/logs/id_9832e346a687/final,,,,,,,,,
train_harcnn,id_98320c27444b,,completed,0,False,id_74afc850e220,supervised,harcnn,full_finetune_lr5,id_caa8f5feb10b,multimodal_df,daghar_standardized_balanced,kuhar,train,config_0,multimodal_samples_050,id_7d268895569b,har,train,full_run,/workspaces/HIAAC-KR-Dev-Container/Minerva-Exps/benchmarks/experiments/paper_daghar_supervised_3runs_perlr_samples_down_seed_harcnn_125/logs/id_98320c27444b/final,,,,,,,,,
train_harcnn,id_9825b6df1ce7,,completed,0,False,id_74afc850e220,supervised,harcnn,full_finetune_lr5,id_132ff3af6c3c,multimodal_df,daghar_standardized_balanced,uci,train,config_0,multimodal_samples_100_3,id_7d268895569b,har,train,full_run,/workspaces/HIAAC-KR-Dev-Container/Minerva-Exps/benchmarks/experiments/paper_daghar_supervised_3runs_perlr_samples_down_seed_harcnn_125/logs/id_9825b6df1ce7/final,,,,,,,,,
train_harcnn,id_9a0c778dbe0e,,completed,0,False,id_205d675a6782,supervised,harcnn,full_finetune_lr1,id_9dd4c9a25077,multimodal_df,daghar_standardized_balanced,motionsense,train,config_0,multimodal_samples_200,id_7d268895569b,har,train,full_run,/workspaces/HIAAC-KR-Dev-Container/Minerva-Exps/benchmarks/experiments/paper_daghar_supervised_3runs_perlr_samples_down_seed_harcnn_125/logs/id_9a0c778dbe0e/final,,,,,,,,,
train_harcnn,id_9871fc12a116,,completed,0,False,id_58a400b02098,supervised,harcnn,full_finetune_lr2,id_de3c5e60bc0a,multimodal_df,daghar_standardized_balanced,motionsense,train,config_0,multimodal_samples_010,id_7d268895569b,har,train,full_run,/workspaces/HIAAC-KR-Dev-Container/Minerva-Exps/benchmarks/experiments/paper_daghar_supervised_3runs_perlr_samples_down_seed_harcnn_125/logs/id_9871fc12a116/final,,,,,,,,,
train_harcnn,id_9910a347f640,,completed,0,False,id_74afc850e220,supervised,harcnn,full_finetune_lr5,id_50b8183b88b4,multimodal_df,daghar_standardized_balanced,rw_waist,train,config_0,multimodal_samples_050_3,id_7d268895569b,har,train,full_run,/workspaces/HIAAC-KR-Dev-Container/Minerva-Exps/benchmarks/experiments/paper_daghar_supervised_3runs_perlr_samples_down_seed_harcnn_125/logs/id_9910a347f640/final,,,,,,,,,
train_harcnn,id_99c60ec5726c,,completed,0,False,id_58a400b02098,supervised,harcnn,full_finetune_lr2,id_d7d1a80f3236,multimodal_df,daghar_standardized_balanced,rw_thigh,train,config_0,multimodal_samples_200_3,id_7d268895569b,har,train,full_run,/workspaces/HIAAC-KR-Dev-Container/Minerva-Exps/benchmarks/experiments/paper_daghar_supervised_3runs_perlr_samples_down_seed_harcnn_125/logs/id_99c60ec5726c/final,,,,,,,,,
train_harcnn,id_9942f3d681aa,,completed,0,False,id_58a400b02098,supervised,harcnn,full_finetune_lr2,id_a217c54dba62,multimodal_df,daghar_standardized_balanced,wisdm,train,config_0,multimodal_samples_200,id_7d268895569b,har,train,full_run,/workspaces/HIAAC-KR-Dev-Container/Minerva-Exps/benchmarks/experiments/paper_daghar_supervised_3runs_perlr_samples_down_seed_harcnn_125/logs/id_9942f3d681aa/final,,,,,,,,,
train_harcnn,id_9bf77802c36f,,completed,0,False,id_205d675a6782,supervised,harcnn,full_finetune_lr1,id_5797b3b9b110,multimodal_df,daghar_standardized_balanced,kuhar,train,config_0,multimodal_samples_100_3,id_7d268895569b,har,train,full_run,/workspaces/HIAAC-KR-Dev-Container/Minerva-Exps/benchmarks/experiments/paper_daghar_supervised_3runs_perlr_samples_down_seed_harcnn_125/logs/id_9bf77802c36f/final,,,,,,,,,
train_harcnn,id_9ae1ccc32935,,completed,0,False,id_205d675a6782,supervised,harcnn,full_finetune_lr1,id_4987ed1d5bf0,multimodal_df,daghar_standardized_balanced,wisdm,train,config_0,multimodal_samples_025,id_7d268895569b,har,train,full_run,/workspaces/HIAAC-KR-Dev-Container/Minerva-Exps/benchmarks/experiments/paper_daghar_supervised_3runs_perlr_samples_down_seed_harcnn_125/logs/id_9ae1ccc32935/final,,,,,,,,,
train_harcnn,id_9b8510459c4b,,completed,0,False,id_74afc850e220,supervised,harcnn,full_finetune_lr5,id_c2e910dcdcec,multimodal_df,daghar_standardized_balanced,motionsense,train,config_0,multimodal_samples_010_2,id_7d268895569b,har,train,full_run,/workspaces/HIAAC-KR-Dev-Container/Minerva-Exps/benchmarks/experiments/paper_daghar_supervised_3runs_perlr_samples_down_seed_harcnn_125/logs/id_9b8510459c4b/final,,,,,,,,,
train_harcnn,id_9fc37dd9841e,,completed,0,False,id_205d675a6782,supervised,harcnn,full_finetune_lr1,id_56baa66d670c,multimodal_df,daghar_standardized_balanced,uci,train,config_0,multimodal_samples_200_2,id_7d268895569b,har,train,full_run,/workspaces/HIAAC-KR-Dev-Container/Minerva-Exps/benchmarks/experiments/paper_daghar_supervised_3runs_perlr_samples_down_seed_harcnn_125/logs/id_9fc37dd9841e/final,,,,,,,,,
train_harcnn,id_9e8b97d198ac,,completed,0,False,id_58a400b02098,supervised,harcnn,full_finetune_lr2,id_7b5861f76744,multimodal_df,daghar_standardized_balanced,rw_thigh,train,config_0,multimodal_samples_025_3,id_7d268895569b,har,train,full_run,/workspaces/HIAAC-KR-Dev-Container/Minerva-Exps/benchmarks/experiments/paper_daghar_supervised_3runs_perlr_samples_down_seed_harcnn_125/logs/id_9e8b97d198ac/final,,,,,,,,,
train_harcnn,id_9e1d05aa86c5,,completed,0,False,id_205d675a6782,supervised,harcnn,full_finetune_lr1,id_1bbf2a0cd7dc,multimodal_df,daghar_standardized_balanced,rw_waist,train,config_0,multimodal_samples_025_2,id_7d268895569b,har,train,full_run,/workspaces/HIAAC-KR-Dev-Container/Minerva-Exps/benchmarks/experiments/paper_daghar_supervised_3runs_perlr_samples_down_seed_harcnn_125/logs/id_9e1d05aa86c5/final,,,,,,,,,
train_harcnn,id_9d7672964c84,,completed,0,False,id_205d675a6782,supervised,harcnn,full_finetune_lr1,id_e40d7f3591a5,multimodal_df,daghar_standardized_balanced,rw_thigh,train,config_0,multimodal_samples_010_3,id_7d268895569b,har,train,full_run,/workspaces/HIAAC-KR-Dev-Container/Minerva-Exps/benchmarks/experiments/paper_daghar_supervised_3runs_perlr_samples_down_seed_harcnn_125/logs/id_9d7672964c84/final,,,,,,,,,
train_harcnn,id_9defdd4620a6,,completed,0,False,id_74afc850e220,supervised,harcnn,full_finetune_lr5,id_d7d1a80f3236,multimodal_df,daghar_standardized_balanced,rw_thigh,train,config_0,multimodal_samples_200_3,id_7d268895569b,har,train,full_run,/workspaces/HIAAC-KR-Dev-Container/Minerva-Exps/benchmarks/experiments/paper_daghar_supervised_3runs_perlr_samples_down_seed_harcnn_125/logs/id_9defdd4620a6/final,,,,,,,,,
train_harcnn,id_9ea4b8c0bc59,,completed,0,False,id_205d675a6782,supervised,harcnn,full_finetune_lr1,id_dc9780befec7,multimodal_df,daghar_standardized_balanced,uci,train,config_0,multimodal_perc_100,id_7d268895569b,har,train,full_run,/workspaces/HIAAC-KR-Dev-Container/Minerva-Exps/benchmarks/experiments/paper_daghar_supervised_3runs_perlr_samples_down_seed_harcnn_125/logs/id_9ea4b8c0bc59/final,,,,,,,,,
train_harcnn,id_a0de7e9c6ed1,,completed,0,False,id_74afc850e220,supervised,harcnn,full_finetune_lr5,id_5f141c49960f,multimodal_df,daghar_standardized_balanced,motionsense,train,config_0,multimodal_samples_005_2,id_7d268895569b,har,train,full_run,/workspaces/HIAAC-KR-Dev-Container/Minerva-Exps/benchmarks/experiments/paper_daghar_supervised_3runs_perlr_samples_down_seed_harcnn_125/logs/id_a0de7e9c6ed1/final,,,,,,,,,
train_harcnn,id_a10cb19364e0,,completed,0,False,id_58a400b02098,supervised,harcnn,full_finetune_lr2,id_51abcd3eb4aa,multimodal_df,daghar_standardized_balanced,rw_thigh,train,config_0,multimodal_perc_100,id_7d268895569b,har,train,full_run,/workspaces/HIAAC-KR-Dev-Container/Minerva-Exps/benchmarks/experiments/paper_daghar_supervised_3runs_perlr_samples_down_seed_harcnn_125/logs/id_a10cb19364e0/final,,,,,,,,,
train_harcnn,id_a4df7da6ad56,,completed,0,False,id_205d675a6782,supervised,harcnn,full_finetune_lr1,id_378e85dee41c,multimodal_df,daghar_standardized_balanced,rw_thigh,train,config_0,multimodal_samples_050,id_7d268895569b,har,train,full_run,/workspaces/HIAAC-KR-Dev-Container/Minerva-Exps/benchmarks/experiments/paper_daghar_supervised_3runs_perlr_samples_down_seed_harcnn_125/logs/id_a4df7da6ad56/final,,,,,,,,,
train_harcnn,id_a13587325930,,completed,0,False,id_205d675a6782,supervised,harcnn,full_finetune_lr1,id_a33ed4b5468e,multimodal_df,daghar_standardized_balanced,rw_thigh,train,config_0,multimodal_samples_005_2,id_7d268895569b,har,train,full_run,/workspaces/HIAAC-KR-Dev-Container/Minerva-Exps/benchmarks/experiments/paper_daghar_supervised_3runs_perlr_samples_down_seed_harcnn_125/logs/id_a13587325930/final,,,,,,,,,
train_harcnn,id_a3ca1ea29461,,completed,0,False,id_205d675a6782,supervised,harcnn,full_finetune_lr1,id_653f367090ba,multimodal_df,daghar_standardized_balanced,rw_waist,train,config_0,multimodal_samples_010_2,id_7d268895569b,har,train,full_run,/workspaces/HIAAC-KR-Dev-Container/Minerva-Exps/benchmarks/experiments/paper_daghar_supervised_3runs_perlr_samples_down_seed_harcnn_125/logs/id_a3ca1ea29461/final,,,,,,,,,
train_harcnn,id_a4f44c7988d3,,completed,0,False,id_205d675a6782,supervised,harcnn,full_finetune_lr1,id_14b0f19aa3e3,multimodal_df,daghar_standardized_balanced,rw_waist,train,config_0,multimodal_samples_100_2,id_7d268895569b,har,train,full_run,/workspaces/HIAAC-KR-Dev-Container/Minerva-Exps/benchmarks/experiments/paper_daghar_supervised_3runs_perlr_samples_down_seed_harcnn_125/logs/id_a4f44c7988d3/final,,,,,,,,,
train_harcnn,id_a69343614b27,,completed,0,False,id_205d675a6782,supervised,harcnn,full_finetune_lr1,id_a274409d79b7,multimodal_df,daghar_standardized_balanced,uci,train,config_0,multimodal_perc_100_2,id_7d268895569b,har,train,full_run,/workspaces/HIAAC-KR-Dev-Container/Minerva-Exps/benchmarks/experiments/paper_daghar_supervised_3runs_perlr_samples_down_seed_harcnn_125/logs/id_a69343614b27/final,,,,,,,,,
train_harcnn,id_a6b8b88a7f39,,completed,0,False,id_205d675a6782,supervised,harcnn,full_finetune_lr1,id_c8eedf2bd03f,multimodal_df,daghar_standardized_balanced,wisdm,train,config_0,multimodal_perc_100_2,id_7d268895569b,har,train,full_run,/workspaces/HIAAC-KR-Dev-Container/Minerva-Exps/benchmarks/experiments/paper_daghar_supervised_3runs_perlr_samples_down_seed_harcnn_125/logs/id_a6b8b88a7f39/final,,,,,,,,,
train_harcnn,id_a69a761bd75f,,completed,0,False,id_205d675a6782,supervised,harcnn,full_finetune_lr1,id_c348f76cba85,multimodal_df,daghar_standardized_balanced,kuhar,train,config_0,multimodal_samples_100,id_7d268895569b,har,train,full_run,/workspaces/HIAAC-KR-Dev-Container/Minerva-Exps/benchmarks/experiments/paper_daghar_supervised_3runs_perlr_samples_down_seed_harcnn_125/logs/id_a69a761bd75f/final,,,,,,,,,
train_harcnn,id_a776d0469dd5,,completed,0,False,id_205d675a6782,supervised,harcnn,full_finetune_lr1,id_64a3cc41ecfe,multimodal_df,daghar_standardized_balanced,wisdm,train,config_0,multimodal_samples_001_2,id_7d268895569b,har,train,full_run,/workspaces/HIAAC-KR-Dev-Container/Minerva-Exps/benchmarks/experiments/paper_daghar_supervised_3runs_perlr_samples_down_seed_harcnn_125/logs/id_a776d0469dd5/final,,,,,,,,,
train_harcnn,id_a38aa28a9057,,completed,0,False,id_74afc850e220,supervised,harcnn,full_finetune_lr5,id_c8eedf2bd03f,multimodal_df,daghar_standardized_balanced,wisdm,train,config_0,multimodal_perc_100_2,id_7d268895569b,har,train,full_run,/workspaces/HIAAC-KR-Dev-Container/Minerva-Exps/benchmarks/experiments/paper_daghar_supervised_3runs_perlr_samples_down_seed_harcnn_125/logs/id_a38aa28a9057/final,,,,,,,,,
train_harcnn,id_a83b734ebabb,,completed,0,False,id_58a400b02098,supervised,harcnn,full_finetune_lr2,id_e40d7f3591a5,multimodal_df,daghar_standardized_balanced,rw_thigh,train,config_0,multimodal_samples_010_3,id_7d268895569b,har,train,full_run,/workspaces/HIAAC-KR-Dev-Container/Minerva-Exps/benchmarks/experiments/paper_daghar_supervised_3runs_perlr_samples_down_seed_harcnn_125/logs/id_a83b734ebabb/final,,,,,,,,,
train_harcnn,id_a92bf2fd219f,,completed,0,False,id_74afc850e220,supervised,harcnn,full_finetune_lr5,id_1e462792852c,multimodal_df,daghar_standardized_balanced,motionsense,train,config_0,multimodal_samples_200_3,id_7d268895569b,har,train,full_run,/workspaces/HIAAC-KR-Dev-Container/Minerva-Exps/benchmarks/experiments/paper_daghar_supervised_3runs_perlr_samples_down_seed_harcnn_125/logs/id_a92bf2fd219f/final,,,,,,,,,
train_harcnn,id_aa7946fe4c7a,,completed,0,False,id_205d675a6782,supervised,harcnn,full_finetune_lr1,id_cd8d01e2da59,multimodal_df,daghar_standardized_balanced,uci,train,config_0,multimodal_samples_025_2,id_7d268895569b,har,train,full_run,/workspaces/HIAAC-KR-Dev-Container/Minerva-Exps/benchmarks/experiments/paper_daghar_supervised_3runs_perlr_samples_down_seed_harcnn_125/logs/id_aa7946fe4c7a/final,,,,,,,,,
train_harcnn,id_ab7c4d0945c1,,completed,0,False,id_205d675a6782,supervised,harcnn,full_finetune_lr1,id_c38874ce2244,multimodal_df,daghar_standardized_balanced,rw_waist,train,config_0,multimodal_samples_100_3,id_7d268895569b,har,train,full_run,/workspaces/HIAAC-KR-Dev-Container/Minerva-Exps/benchmarks/experiments/paper_daghar_supervised_3runs_perlr_samples_down_seed_harcnn_125/logs/id_ab7c4d0945c1/final,,,,,,,,,
train_harcnn,id_ae00e516ea10,,completed,0,False,id_58a400b02098,supervised,harcnn,full_finetune_lr2,id_47548eafb974,multimodal_df,daghar_standardized_balanced,wisdm,train,config_0,multimodal_samples_005,id_7d268895569b,har,train,full_run,/workspaces/HIAAC-KR-Dev-Container/Minerva-Exps/benchmarks/experiments/paper_daghar_supervised_3runs_perlr_samples_down_seed_harcnn_125/logs/id_ae00e516ea10/final,,,,,,,,,
train_harcnn,id_a97d5286c99a,,completed,0,False,id_58a400b02098,supervised,harcnn,full_finetune_lr2,id_20dbdedc5e50,multimodal_df,daghar_standardized_balanced,rw_waist,train,config_0,multimodal_perc_100_3,id_7d268895569b,har,train,full_run,/workspaces/HIAAC-KR-Dev-Container/Minerva-Exps/benchmarks/experiments/paper_daghar_supervised_3runs_perlr_samples_down_seed_harcnn_125/logs/id_a97d5286c99a/final,,,,,,,,,
train_harcnn,id_ad3159c994ad,,completed,0,False,id_205d675a6782,supervised,harcnn,full_finetune_lr1,id_598014e6a5d3,multimodal_df,daghar_standardized_balanced,rw_thigh,train,config_0,multimodal_samples_100_3,id_7d268895569b,har,train,full_run,/workspaces/HIAAC-KR-Dev-Container/Minerva-Exps/benchmarks/experiments/paper_daghar_supervised_3runs_perlr_samples_down_seed_harcnn_125/logs/id_ad3159c994ad/final,,,,,,,,,
train_harcnn,id_aac081e29982,,completed,0,False,id_74afc850e220,supervised,harcnn,full_finetune_lr5,id_fc6ba2357f31,multimodal_df,daghar_standardized_balanced,motionsense,train,config_0,multimodal_samples_100,id_7d268895569b,har,train,full_run,/workspaces/HIAAC-KR-Dev-Container/Minerva-Exps/benchmarks/experiments/paper_daghar_supervised_3runs_perlr_samples_down_seed_harcnn_125/logs/id_aac081e29982/final,,,,,,,,,
train_harcnn,id_afebcd60de3e,,completed,0,False,id_205d675a6782,supervised,harcnn,full_finetune_lr1,id_5ae71f56cac1,multimodal_df,daghar_standardized_balanced,kuhar,train,config_0,multimodal_perc_100_2,id_7d268895569b,har,train,full_run,/workspaces/HIAAC-KR-Dev-Container/Minerva-Exps/benchmarks/experiments/paper_daghar_supervised_3runs_perlr_samples_down_seed_harcnn_125/logs/id_afebcd60de3e/final,,,,,,,,,
train_harcnn,id_ae9fcb5fe4d3,,completed,0,False,id_74afc850e220,supervised,harcnn,full_finetune_lr5,id_e627a7ff3b82,multimodal_df,daghar_standardized_balanced,rw_waist,train,config_0,multimodal_samples_200_3,id_7d268895569b,har,train,full_run,/workspaces/HIAAC-KR-Dev-Container/Minerva-Exps/benchmarks/experiments/paper_daghar_supervised_3runs_perlr_samples_down_seed_harcnn_125/logs/id_ae9fcb5fe4d3/final,,,,,,,,,
train_harcnn,id_b1823b8d7309,,completed,0,False,id_58a400b02098,supervised,harcnn,full_finetune_lr2,id_94f746b04a62,multimodal_df,daghar_standardized_balanced,motionsense,train,config_0,multimodal_samples_200_2,id_7d268895569b,har,train,full_run,/workspaces/HIAAC-KR-Dev-Container/Minerva-Exps/benchmarks/experiments/paper_daghar_supervised_3runs_perlr_samples_down_seed_harcnn_125/logs/id_b1823b8d7309/final,,,,,,,,,
train_harcnn,id_b0e4cf4aa404,,completed,0,False,id_58a400b02098,supervised,harcnn,full_finetune_lr2,id_e6ba45a9ddf9,multimodal_df,daghar_standardized_balanced,rw_thigh,train,config_0,multimodal_samples_100,id_7d268895569b,har,train,full_run,/workspaces/HIAAC-KR-Dev-Container/Minerva-Exps/benchmarks/experiments/paper_daghar_supervised_3runs_perlr_samples_down_seed_harcnn_125/logs/id_b0e4cf4aa404/final,,,,,,,,,
train_harcnn,id_af487e983b54,,completed,0,False,id_74afc850e220,supervised,harcnn,full_finetune_lr5,id_53a73fa7e879,multimodal_df,daghar_standardized_balanced,wisdm,train,config_0,multimodal_samples_200_3,id_7d268895569b,har,train,full_run,/workspaces/HIAAC-KR-Dev-Container/Minerva-Exps/benchmarks/experiments/paper_daghar_supervised_3runs_perlr_samples_down_seed_harcnn_125/logs/id_af487e983b54/final,,,,,,,,,
train_harcnn,id_b104952f638f,,completed,0,False,id_74afc850e220,supervised,harcnn,full_finetune_lr5,id_65ee89aa2e13,multimodal_df,daghar_standardized_balanced,uci,train,config_0,multimodal_samples_100,id_7d268895569b,har,train,full_run,/workspaces/HIAAC-KR-Dev-Container/Minerva-Exps/benchmarks/experiments/paper_daghar_supervised_3runs_perlr_samples_down_seed_harcnn_125/logs/id_b104952f638f/final,,,,,,,,,
train_harcnn,id_af8c35c8a23a,,completed,0,False,id_74afc850e220,supervised,harcnn,full_finetune_lr5,id_8b5908afbf43,multimodal_df,daghar_standardized_balanced,rw_waist,train,config_0,multimodal_samples_001_2,id_7d268895569b,har,train,full_run,/workspaces/HIAAC-KR-Dev-Container/Minerva-Exps/benchmarks/experiments/paper_daghar_supervised_3runs_perlr_samples_down_seed_harcnn_125/logs/id_af8c35c8a23a/final,,,,,,,,,
train_harcnn,id_b1bc5ba14c85,,completed,0,False,id_58a400b02098,supervised,harcnn,full_finetune_lr2,id_e6b257557292,multimodal_df,daghar_standardized_balanced,rw_waist,train,config_0,multimodal_perc_100_2,id_7d268895569b,har,train,full_run,/workspaces/HIAAC-KR-Dev-Container/Minerva-Exps/benchmarks/experiments/paper_daghar_supervised_3runs_perlr_samples_down_seed_harcnn_125/logs/id_b1bc5ba14c85/final,,,,,,,,,
train_harcnn,id_b2e13fa9fe4f,,completed,0,False,id_58a400b02098,supervised,harcnn,full_finetune_lr2,id_d94ad4785d32,multimodal_df,daghar_standardized_balanced,kuhar,train,config_0,multimodal_samples_200_2,id_7d268895569b,har,train,full_run,/workspaces/HIAAC-KR-Dev-Container/Minerva-Exps/benchmarks/experiments/paper_daghar_supervised_3runs_perlr_samples_down_seed_harcnn_125/logs/id_b2e13fa9fe4f/final,,,,,,,,,
train_harcnn,id_b24b7a5881a2,,completed,0,False,id_58a400b02098,supervised,harcnn,full_finetune_lr2,id_c38874ce2244,multimodal_df,daghar_standardized_balanced,rw_waist,train,config_0,multimodal_samples_100_3,id_7d268895569b,har,train,full_run,/workspaces/HIAAC-KR-Dev-Container/Minerva-Exps/benchmarks/experiments/paper_daghar_supervised_3runs_perlr_samples_down_seed_harcnn_125/logs/id_b24b7a5881a2/final,,,,,,,,,
train_harcnn,id_b456b4d81608,,completed,0,False,id_58a400b02098,supervised,harcnn,full_finetune_lr2,id_8b5908afbf43,multimodal_df,daghar_standardized_balanced,rw_waist,train,config_0,multimodal_samples_001_2,id_7d268895569b,har,train,full_run,/workspaces/HIAAC-KR-Dev-Container/Minerva-Exps/benchmarks/experiments/paper_daghar_supervised_3runs_perlr_samples_down_seed_harcnn_125/logs/id_b456b4d81608/final,,,,,,,,,
train_harcnn,id_b29e3a4ec5ff,,completed,0,False,id_74afc850e220,supervised,harcnn,full_finetune_lr5,id_de3c5e60bc0a,multimodal_df,daghar_standardized_balanced,motionsense,train,config_0,multimodal_samples_010,id_7d268895569b,har,train,full_run,/workspaces/HIAAC-KR-Dev-Container/Minerva-Exps/benchmarks/experiments/paper_daghar_supervised_3runs_perlr_samples_down_seed_harcnn_125/logs/id_b29e3a4ec5ff/final,,,,,,,,,
train_harcnn,id_b410b1935b3b,,completed,0,False,id_58a400b02098,supervised,harcnn,full_finetune_lr2,id_7d8dbca109bf,multimodal_df,daghar_standardized_balanced,motionsense,train,config_0,multimodal_perc_100_2,id_7d268895569b,har,train,full_run,/workspaces/HIAAC-KR-Dev-Container/Minerva-Exps/benchmarks/experiments/paper_daghar_supervised_3runs_perlr_samples_down_seed_harcnn_125/logs/id_b410b1935b3b/final,,,,,,,,,
train_harcnn,id_b2ad569d32db,,completed,0,False,id_74afc850e220,supervised,harcnn,full_finetune_lr5,id_d2bcc241477b,multimodal_df,daghar_standardized_balanced,uci,train,config_0,multimodal_samples_050_3,id_7d268895569b,har,train,full_run,/workspaces/HIAAC-KR-Dev-Container/Minerva-Exps/benchmarks/experiments/paper_daghar_supervised_3runs_perlr_samples_down_seed_harcnn_125/logs/id_b2ad569d32db/final,,,,,,,,,
train_harcnn,id_b369a724a700,,completed,0,False,id_205d675a6782,supervised,harcnn,full_finetune_lr1,id_5aed9d092412,multimodal_df,daghar_standardized_balanced,wisdm,train,config_0,multimodal_samples_050_3,id_7d268895569b,har,train,full_run,/workspaces/HIAAC-KR-Dev-Container/Minerva-Exps/benchmarks/experiments/paper_daghar_supervised_3runs_perlr_samples_down_seed_harcnn_125/logs/id_b369a724a700/final,,,,,,,,,
train_harcnn,id_b2cff1606548,,completed,0,False,id_74afc850e220,supervised,harcnn,full_finetune_lr5,id_dbf308c611cc,multimodal_df,daghar_standardized_balanced,motionsense,train,config_0,multimodal_samples_025_3,id_7d268895569b,har,train,full_run,/workspaces/HIAAC-KR-Dev-Container/Minerva-Exps/benchmarks/experiments/paper_daghar_supervised_3runs_perlr_samples_down_seed_harcnn_125/logs/id_b2cff1606548/final,,,,,,,,,
train_harcnn,id_b4db4be1303a,,completed,0,False,id_58a400b02098,supervised,harcnn,full_finetune_lr2,id_c8eedf2bd03f,multimodal_df,daghar_standardized_balanced,wisdm,train,config_0,multimodal_perc_100_2,id_7d268895569b,har,train,full_run,/workspaces/HIAAC-KR-Dev-Container/Minerva-Exps/benchmarks/experiments/paper_daghar_supervised_3runs_perlr_samples_down_seed_harcnn_125/logs/id_b4db4be1303a/final,,,,,,,,,
train_harcnn,id_b306023135d5,,completed,0,False,id_74afc850e220,supervised,harcnn,full_finetune_lr5,id_274082d5effd,multimodal_df,daghar_standardized_balanced,rw_waist,train,config_0,multimodal_samples_005,id_7d268895569b,har,train,full_run,/workspaces/HIAAC-KR-Dev-Container/Minerva-Exps/benchmarks/experiments/paper_daghar_supervised_3runs_perlr_samples_down_seed_harcnn_125/logs/id_b306023135d5/final,,,,,,,,,
train_harcnn,id_b6a86400f75d,,completed,0,False,id_58a400b02098,supervised,harcnn,full_finetune_lr2,id_4987ed1d5bf0,multimodal_df,daghar_standardized_balanced,wisdm,train,config_0,multimodal_samples_025,id_7d268895569b,har,train,full_run,/workspaces/HIAAC-KR-Dev-Container/Minerva-Exps/benchmarks/experiments/paper_daghar_supervised_3runs_perlr_samples_down_seed_harcnn_125/logs/id_b6a86400f75d/final,,,,,,,,,
train_harcnn,id_b7855885c0a0,,completed,0,False,id_58a400b02098,supervised,harcnn,full_finetune_lr2,id_a3717fe8cdbe,multimodal_df,daghar_standardized_balanced,wisdm,train,config_0,multimodal_samples_100,id_7d268895569b,har,train,full_run,/workspaces/HIAAC-KR-Dev-Container/Minerva-Exps/benchmarks/experiments/paper_daghar_supervised_3runs_perlr_samples_down_seed_harcnn_125/logs/id_b7855885c0a0/final,,,,,,,,,
train_harcnn,id_b5a4e4d75006,,completed,0,False,id_205d675a6782,supervised,harcnn,full_finetune_lr1,id_5dfa1c7b49ec,multimodal_df,daghar_standardized_balanced,rw_thigh,train,config_0,multimodal_samples_200,id_7d268895569b,har,train,full_run,/workspaces/HIAAC-KR-Dev-Container/Minerva-Exps/benchmarks/experiments/paper_daghar_supervised_3runs_perlr_samples_down_seed_harcnn_125/logs/id_b5a4e4d75006/final,,,,,,,,,
train_harcnn,id_b7f8e5fa2514,,completed,0,False,id_74afc850e220,supervised,harcnn,full_finetune_lr5,id_55cd8c823098,multimodal_df,daghar_standardized_balanced,kuhar,train,config_0,multimodal_samples_050_2,id_7d268895569b,har,train,full_run,/workspaces/HIAAC-KR-Dev-Container/Minerva-Exps/benchmarks/experiments/paper_daghar_supervised_3runs_perlr_samples_down_seed_harcnn_125/logs/id_b7f8e5fa2514/final,,,,,,,,,
train_harcnn,id_b860d1c8dfc4,,completed,0,False,id_58a400b02098,supervised,harcnn,full_finetune_lr2,id_c05d706619f3,multimodal_df,daghar_standardized_balanced,rw_thigh,train,config_0,multimodal_samples_010,id_7d268895569b,har,train,full_run,/workspaces/HIAAC-KR-Dev-Container/Minerva-Exps/benchmarks/experiments/paper_daghar_supervised_3runs_perlr_samples_down_seed_harcnn_125/logs/id_b860d1c8dfc4/final,,,,,,,,,
train_harcnn,id_ba447a401230,,completed,0,False,id_58a400b02098,supervised,harcnn,full_finetune_lr2,id_5aed9d092412,multimodal_df,daghar_standardized_balanced,wisdm,train,config_0,multimodal_samples_050_3,id_7d268895569b,har,train,full_run,/workspaces/HIAAC-KR-Dev-Container/Minerva-Exps/benchmarks/experiments/paper_daghar_supervised_3runs_perlr_samples_down_seed_harcnn_125/logs/id_ba447a401230/final,,,,,,,,,
train_harcnn,id_bc025c6a582a,,completed,0,False,id_58a400b02098,supervised,harcnn,full_finetune_lr2,id_1da0f49b378e,multimodal_df,daghar_standardized_balanced,uci,train,config_0,multimodal_samples_005_3,id_7d268895569b,har,train,full_run,/workspaces/HIAAC-KR-Dev-Container/Minerva-Exps/benchmarks/experiments/paper_daghar_supervised_3runs_perlr_samples_down_seed_harcnn_125/logs/id_bc025c6a582a/final,,,,,,,,,
train_harcnn,id_b86b66da90a5,,completed,0,False,id_205d675a6782,supervised,harcnn,full_finetune_lr1,id_274e205b8ad8,multimodal_df,daghar_standardized_balanced,kuhar,train,config_0,multimodal_samples_010_2,id_7d268895569b,har,train,full_run,/workspaces/HIAAC-KR-Dev-Container/Minerva-Exps/benchmarks/experiments/paper_daghar_supervised_3runs_perlr_samples_down_seed_harcnn_125/logs/id_b86b66da90a5/final,,,,,,,,,
train_harcnn,id_b71ce1b01abc,,completed,0,False,id_74afc850e220,supervised,harcnn,full_finetune_lr5,id_e959f1474a75,multimodal_df,daghar_standardized_balanced,wisdm,train,config_0,multimodal_perc_100,id_7d268895569b,har,train,full_run,/workspaces/HIAAC-KR-Dev-Container/Minerva-Exps/benchmarks/experiments/paper_daghar_supervised_3runs_perlr_samples_down_seed_harcnn_125/logs/id_b71ce1b01abc/final,,,,,,,,,
train_harcnn,id_bbaaaa3952ae,,completed,0,False,id_58a400b02098,supervised,harcnn,full_finetune_lr2,id_1bbf2a0cd7dc,multimodal_df,daghar_standardized_balanced,rw_waist,train,config_0,multimodal_samples_025_2,id_7d268895569b,har,train,full_run,/workspaces/HIAAC-KR-Dev-Container/Minerva-Exps/benchmarks/experiments/paper_daghar_supervised_3runs_perlr_samples_down_seed_harcnn_125/logs/id_bbaaaa3952ae/final,,,,,,,,,
train_harcnn,id_bcc9eb4169e7,,completed,0,False,id_205d675a6782,supervised,harcnn,full_finetune_lr1,id_6350f6340249,multimodal_df,daghar_standardized_balanced,kuhar,train,config_0,multimodal_samples_005_2,id_7d268895569b,har,train,full_run,/workspaces/HIAAC-KR-Dev-Container/Minerva-Exps/benchmarks/experiments/paper_daghar_supervised_3runs_perlr_samples_down_seed_harcnn_125/logs/id_bcc9eb4169e7/final,,,,,,,,,
train_harcnn,id_bd3e7075979e,,completed,0,False,id_58a400b02098,supervised,harcnn,full_finetune_lr2,id_03f958408f87,multimodal_df,daghar_standardized_balanced,uci,train,config_0,multimodal_samples_010,id_7d268895569b,har,train,full_run,/workspaces/HIAAC-KR-Dev-Container/Minerva-Exps/benchmarks/experiments/paper_daghar_supervised_3runs_perlr_samples_down_seed_harcnn_125/logs/id_bd3e7075979e/final,,,,,,,,,
train_harcnn,id_bd954742431b,,completed,0,False,id_58a400b02098,supervised,harcnn,full_finetune_lr2,id_65ee89aa2e13,multimodal_df,daghar_standardized_balanced,uci,train,config_0,multimodal_samples_100,id_7d268895569b,har,train,full_run,/workspaces/HIAAC-KR-Dev-Container/Minerva-Exps/benchmarks/experiments/paper_daghar_supervised_3runs_perlr_samples_down_seed_harcnn_125/logs/id_bd954742431b/final,,,,,,,,,
train_harcnn,id_bf49a0ad374c,,completed,0,False,id_205d675a6782,supervised,harcnn,full_finetune_lr1,id_42b645fb84f8,multimodal_df,daghar_standardized_balanced,uci,train,config_0,multimodal_samples_025_3,id_7d268895569b,har,train,full_run,/workspaces/HIAAC-KR-Dev-Container/Minerva-Exps/benchmarks/experiments/paper_daghar_supervised_3runs_perlr_samples_down_seed_harcnn_125/logs/id_bf49a0ad374c/final,,,,,,,,,
train_harcnn,id_c2c440bf2411,,completed,0,False,id_74afc850e220,supervised,harcnn,full_finetune_lr5,id_c348f76cba85,multimodal_df,daghar_standardized_balanced,kuhar,train,config_0,multimodal_samples_100,id_7d268895569b,har,train,full_run,/workspaces/HIAAC-KR-Dev-Container/Minerva-Exps/benchmarks/experiments/paper_daghar_supervised_3runs_perlr_samples_down_seed_harcnn_125/logs/id_c2c440bf2411/final,,,,,,,,,
train_harcnn,id_bf9db061940d,,completed,0,False,id_58a400b02098,supervised,harcnn,full_finetune_lr2,id_820f9528b139,multimodal_df,daghar_standardized_balanced,motionsense,train,config_0,multimodal_samples_010_3,id_7d268895569b,har,train,full_run,/workspaces/HIAAC-KR-Dev-Container/Minerva-Exps/benchmarks/experiments/paper_daghar_supervised_3runs_perlr_samples_down_seed_harcnn_125/logs/id_bf9db061940d/final,,,,,,,,,
train_harcnn,id_bf63238d8128,,completed,0,False,id_74afc850e220,supervised,harcnn,full_finetune_lr5,id_c05d706619f3,multimodal_df,daghar_standardized_balanced,rw_thigh,train,config_0,multimodal_samples_010,id_7d268895569b,har,train,full_run,/workspaces/HIAAC-KR-Dev-Container/Minerva-Exps/benchmarks/experiments/paper_daghar_supervised_3runs_perlr_samples_down_seed_harcnn_125/logs/id_bf63238d8128/final,,,,,,,,,
train_harcnn,id_c20780f09284,,completed,0,False,id_74afc850e220,supervised,harcnn,full_finetune_lr5,id_b74337b9bf17,multimodal_df,daghar_standardized_balanced,rw_thigh,train,config_0,multimodal_samples_001_3,id_7d268895569b,har,train,full_run,/workspaces/HIAAC-KR-Dev-Container/Minerva-Exps/benchmarks/experiments/paper_daghar_supervised_3runs_perlr_samples_down_seed_harcnn_125/logs/id_c20780f09284/final,,,,,,,,,
train_harcnn,id_c3a8ad0480c3,,completed,0,False,id_74afc850e220,supervised,harcnn,full_finetune_lr5,id_3879140ea3fb,multimodal_df,daghar_standardized_balanced,rw_thigh,train,config_0,multimodal_samples_010_2,id_7d268895569b,har,train,full_run,/workspaces/HIAAC-KR-Dev-Container/Minerva-Exps/benchmarks/experiments/paper_daghar_supervised_3runs_perlr_samples_down_seed_harcnn_125/logs/id_c3a8ad0480c3/final,,,,,,,,,
train_harcnn,id_c3f702d83b98,,completed,0,False,id_58a400b02098,supervised,harcnn,full_finetune_lr2,id_cd8d01e2da59,multimodal_df,daghar_standardized_balanced,uci,train,config_0,multimodal_samples_025_2,id_7d268895569b,har,train,full_run,/workspaces/HIAAC-KR-Dev-Container/Minerva-Exps/benchmarks/experiments/paper_daghar_supervised_3runs_perlr_samples_down_seed_harcnn_125/logs/id_c3f702d83b98/final,,,,,,,,,
train_harcnn,id_c54e2751c961,,completed,0,False,id_205d675a6782,supervised,harcnn,full_finetune_lr1,id_8f0cce8978b6,multimodal_df,daghar_standardized_balanced,uci,train,config_0,multimodal_samples_050,id_7d268895569b,har,train,full_run,/workspaces/HIAAC-KR-Dev-Container/Minerva-Exps/benchmarks/experiments/paper_daghar_supervised_3runs_perlr_samples_down_seed_harcnn_125/logs/id_c54e2751c961/final,,,,,,,,,
train_harcnn,id_c46107245c1b,,completed,0,False,id_205d675a6782,supervised,harcnn,full_finetune_lr1,id_94f746b04a62,multimodal_df,daghar_standardized_balanced,motionsense,train,config_0,multimodal_samples_200_2,id_7d268895569b,har,train,full_run,/workspaces/HIAAC-KR-Dev-Container/Minerva-Exps/benchmarks/experiments/paper_daghar_supervised_3runs_perlr_samples_down_seed_harcnn_125/logs/id_c46107245c1b/final,,,,,,,,,
train_harcnn,id_c4a17c10b81e,,completed,0,False,id_74afc850e220,supervised,harcnn,full_finetune_lr5,id_e7af70720e13,multimodal_df,daghar_standardized_balanced,kuhar,train,config_0,multimodal_samples_050_3,id_7d268895569b,har,train,full_run,/workspaces/HIAAC-KR-Dev-Container/Minerva-Exps/benchmarks/experiments/paper_daghar_supervised_3runs_perlr_samples_down_seed_harcnn_125/logs/id_c4a17c10b81e/final,,,,,,,,,
train_harcnn,id_c5b1ae431786,,completed,0,False,id_205d675a6782,supervised,harcnn,full_finetune_lr1,id_20dbdedc5e50,multimodal_df,daghar_standardized_balanced,rw_waist,train,config_0,multimodal_perc_100_3,id_7d268895569b,har,train,full_run,/workspaces/HIAAC-KR-Dev-Container/Minerva-Exps/benchmarks/experiments/paper_daghar_supervised_3runs_perlr_samples_down_seed_harcnn_125/logs/id_c5b1ae431786/final,,,,,,,,,
train_harcnn,id_c50a409bfc3e,,completed,0,False,id_74afc850e220,supervised,harcnn,full_finetune_lr5,id_53060fc6227b,multimodal_df,daghar_standardized_balanced,uci,train,config_0,multimodal_perc_100_3,id_7d268895569b,har,train,full_run,/workspaces/HIAAC-KR-Dev-Container/Minerva-Exps/benchmarks/experiments/paper_daghar_supervised_3runs_perlr_samples_down_seed_harcnn_125/logs/id_c50a409bfc3e/final,,,,,,,,,
train_harcnn,id_c5d1d0195006,,completed,0,False,id_205d675a6782,supervised,harcnn,full_finetune_lr1,id_e6b257557292,multimodal_df,daghar_standardized_balanced,rw_waist,train,config_0,multimodal_perc_100_2,id_7d268895569b,har,train,full_run,/workspaces/HIAAC-KR-Dev-Container/Minerva-Exps/benchmarks/experiments/paper_daghar_supervised_3runs_perlr_samples_down_seed_harcnn_125/logs/id_c5d1d0195006/final,,,,,,,,,
train_harcnn,id_c7e29acd7f05,,completed,0,False,id_74afc850e220,supervised,harcnn,full_finetune_lr5,id_d94ad4785d32,multimodal_df,daghar_standardized_balanced,kuhar,train,config_0,multimodal_samples_200_2,id_7d268895569b,har,train,full_run,/workspaces/HIAAC-KR-Dev-Container/Minerva-Exps/benchmarks/experiments/paper_daghar_supervised_3runs_perlr_samples_down_seed_harcnn_125/logs/id_c7e29acd7f05/final,,,,,,,,,
train_harcnn,id_c6a5df3dac3c,,completed,0,False,id_205d675a6782,supervised,harcnn,full_finetune_lr1,id_8949c49a12d2,multimodal_df,daghar_standardized_balanced,uci,train,config_0,multimodal_samples_001,id_7d268895569b,har,train,full_run,/workspaces/HIAAC-KR-Dev-Container/Minerva-Exps/benchmarks/experiments/paper_daghar_supervised_3runs_perlr_samples_down_seed_harcnn_125/logs/id_c6a5df3dac3c/final,,,,,,,,,
train_harcnn,id_c6b6e73a88d6,,completed,0,False,id_58a400b02098,supervised,harcnn,full_finetune_lr2,id_1a725c88d879,multimodal_df,daghar_standardized_balanced,wisdm,train,config_0,multimodal_samples_025_2,id_7d268895569b,har,train,full_run,/workspaces/HIAAC-KR-Dev-Container/Minerva-Exps/benchmarks/experiments/paper_daghar_supervised_3runs_perlr_samples_down_seed_harcnn_125/logs/id_c6b6e73a88d6/final,,,,,,,,,
train_harcnn,id_c8db198d87e6,,completed,0,False,id_205d675a6782,supervised,harcnn,full_finetune_lr1,id_65ee89aa2e13,multimodal_df,daghar_standardized_balanced,uci,train,config_0,multimodal_samples_100,id_7d268895569b,har,train,full_run,/workspaces/HIAAC-KR-Dev-Container/Minerva-Exps/benchmarks/experiments/paper_daghar_supervised_3runs_perlr_samples_down_seed_harcnn_125/logs/id_c8db198d87e6/final,,,,,,,,,
train_harcnn,id_c7501fdefd0f,,completed,0,False,id_74afc850e220,supervised,harcnn,full_finetune_lr5,id_45c2c4800f32,multimodal_df,daghar_standardized_balanced,kuhar,train,config_0,multimodal_samples_025,id_7d268895569b,har,train,full_run,/workspaces/HIAAC-KR-Dev-Container/Minerva-Exps/benchmarks/experiments/paper_daghar_supervised_3runs_perlr_samples_down_seed_harcnn_125/logs/id_c7501fdefd0f/final,,,,,,,,,
train_harcnn,id_c93ed884a98d,,completed,0,False,id_205d675a6782,supervised,harcnn,full_finetune_lr1,id_d368449171f5,multimodal_df,daghar_standardized_balanced,rw_waist,train,config_0,multimodal_samples_050_2,id_7d268895569b,har,train,full_run,/workspaces/HIAAC-KR-Dev-Container/Minerva-Exps/benchmarks/experiments/paper_daghar_supervised_3runs_perlr_samples_down_seed_harcnn_125/logs/id_c93ed884a98d/final,,,,,,,,,
train_harcnn,id_ca58ec66ad87,,completed,0,False,id_205d675a6782,supervised,harcnn,full_finetune_lr1,id_7b5861f76744,multimodal_df,daghar_standardized_balanced,rw_thigh,train,config_0,multimodal_samples_025_3,id_7d268895569b,har,train,full_run,/workspaces/HIAAC-KR-Dev-Container/Minerva-Exps/benchmarks/experiments/paper_daghar_supervised_3runs_perlr_samples_down_seed_harcnn_125/logs/id_ca58ec66ad87/final,,,,,,,,,
train_harcnn,id_c850d47c072e,,completed,0,False,id_58a400b02098,supervised,harcnn,full_finetune_lr2,id_e959f1474a75,multimodal_df,daghar_standardized_balanced,wisdm,train,config_0,multimodal_perc_100,id_7d268895569b,har,train,full_run,/workspaces/HIAAC-KR-Dev-Container/Minerva-Exps/benchmarks/experiments/paper_daghar_supervised_3runs_perlr_samples_down_seed_harcnn_125/logs/id_c850d47c072e/final,,,,,,,,,
train_harcnn,id_cafb886b6c7d,,completed,0,False,id_58a400b02098,supervised,harcnn,full_finetune_lr2,id_d68570b59c0c,multimodal_df,daghar_standardized_balanced,motionsense,train,config_0,multimodal_samples_050_2,id_7d268895569b,har,train,full_run,/workspaces/HIAAC-KR-Dev-Container/Minerva-Exps/benchmarks/experiments/paper_daghar_supervised_3runs_perlr_samples_down_seed_harcnn_125/logs/id_cafb886b6c7d/final,,,,,,,,,
train_harcnn,id_ca46362acafd,,completed,0,False,id_58a400b02098,supervised,harcnn,full_finetune_lr2,id_12164f3aad9d,multimodal_df,daghar_standardized_balanced,uci,train,config_0,multimodal_samples_100_2,id_7d268895569b,har,train,full_run,/workspaces/HIAAC-KR-Dev-Container/Minerva-Exps/benchmarks/experiments/paper_daghar_supervised_3runs_perlr_samples_down_seed_harcnn_125/logs/id_ca46362acafd/final,,,,,,,,,
train_harcnn,id_c9e880eab122,,completed,0,False,id_74afc850e220,supervised,harcnn,full_finetune_lr5,id_a8b9fb2299ef,multimodal_df,daghar_standardized_balanced,wisdm,train,config_0,multimodal_samples_010_2,id_7d268895569b,har,train,full_run,/workspaces/HIAAC-KR-Dev-Container/Minerva-Exps/benchmarks/experiments/paper_daghar_supervised_3runs_perlr_samples_down_seed_harcnn_125/logs/id_c9e880eab122/final,,,,,,,,,
train_harcnn,id_cbe4c4c6b877,,completed,0,False,id_58a400b02098,supervised,harcnn,full_finetune_lr2,id_5797b3b9b110,multimodal_df,daghar_standardized_balanced,kuhar,train,config_0,multimodal_samples_100_3,id_7d268895569b,har,train,full_run,/workspaces/HIAAC-KR-Dev-Container/Minerva-Exps/benchmarks/experiments/paper_daghar_supervised_3runs_perlr_samples_down_seed_harcnn_125/logs/id_cbe4c4c6b877/final,,,,,,,,,
train_harcnn,id_ca98ce66c594,,completed,0,False,id_205d675a6782,supervised,harcnn,full_finetune_lr1,id_6470a9337d8a,multimodal_df,daghar_standardized_balanced,rw_thigh,train,config_0,multimodal_samples_001,id_7d268895569b,har,train,full_run,/workspaces/HIAAC-KR-Dev-Container/Minerva-Exps/benchmarks/experiments/paper_daghar_supervised_3runs_perlr_samples_down_seed_harcnn_125/logs/id_ca98ce66c594/final,,,,,,,,,
train_harcnn,id_cb9c5c66ee99,,completed,0,False,id_205d675a6782,supervised,harcnn,full_finetune_lr1,id_f50c99792caa,multimodal_df,daghar_standardized_balanced,uci,train,config_0,multimodal_samples_001_3,id_7d268895569b,har,train,full_run,/workspaces/HIAAC-KR-Dev-Container/Minerva-Exps/benchmarks/experiments/paper_daghar_supervised_3runs_perlr_samples_down_seed_harcnn_125/logs/id_cb9c5c66ee99/final,,,,,,,,,
train_harcnn,id_ce2f5f258ac1,,completed,0,False,id_58a400b02098,supervised,harcnn,full_finetune_lr2,id_dc9780befec7,multimodal_df,daghar_standardized_balanced,uci,train,config_0,multimodal_perc_100,id_7d268895569b,har,train,full_run,/workspaces/HIAAC-KR-Dev-Container/Minerva-Exps/benchmarks/experiments/paper_daghar_supervised_3runs_perlr_samples_down_seed_harcnn_125/logs/id_ce2f5f258ac1/final,,,,,,,,,
train_harcnn,id_cca15be1bdfd,,completed,0,False,id_74afc850e220,supervised,harcnn,full_finetune_lr5,id_58f0d08fff7e,multimodal_df,daghar_standardized_balanced,rw_thigh,train,config_0,multimodal_samples_050_3,id_7d268895569b,har,train,full_run,/workspaces/HIAAC-KR-Dev-Container/Minerva-Exps/benchmarks/experiments/paper_daghar_supervised_3runs_perlr_samples_down_seed_harcnn_125/logs/id_cca15be1bdfd/final,,,,,,,,,
train_harcnn,id_cef6302441b2,,completed,0,False,id_58a400b02098,supervised,harcnn,full_finetune_lr2,id_c2e910dcdcec,multimodal_df,daghar_standardized_balanced,motionsense,train,config_0,multimodal_samples_010_2,id_7d268895569b,har,train,full_run,/workspaces/HIAAC-KR-Dev-Container/Minerva-Exps/benchmarks/experiments/paper_daghar_supervised_3runs_perlr_samples_down_seed_harcnn_125/logs/id_cef6302441b2/final,,,,,,,,,
train_harcnn,id_ce4e7c17a0d0,,completed,0,False,id_58a400b02098,supervised,harcnn,full_finetune_lr2,id_98a30d23c42b,multimodal_df,daghar_standardized_balanced,rw_waist,train,config_0,multimodal_samples_001,id_7d268895569b,har,train,full_run,/workspaces/HIAAC-KR-Dev-Container/Minerva-Exps/benchmarks/experiments/paper_daghar_supervised_3runs_perlr_samples_down_seed_harcnn_125/logs/id_ce4e7c17a0d0/final,,,,,,,,,
train_harcnn,id_cdef46dda5f0,,completed,0,False,id_74afc850e220,supervised,harcnn,full_finetune_lr5,id_5dfa1c7b49ec,multimodal_df,daghar_standardized_balanced,rw_thigh,train,config_0,multimodal_samples_200,id_7d268895569b,har,train,full_run,/workspaces/HIAAC-KR-Dev-Container/Minerva-Exps/benchmarks/experiments/paper_daghar_supervised_3runs_perlr_samples_down_seed_harcnn_125/logs/id_cdef46dda5f0/final,,,,,,,,,
train_harcnn,id_ce388f60e238,,completed,0,False,id_205d675a6782,supervised,harcnn,full_finetune_lr1,id_8b5908afbf43,multimodal_df,daghar_standardized_balanced,rw_waist,train,config_0,multimodal_samples_001_2,id_7d268895569b,har,train,full_run,/workspaces/HIAAC-KR-Dev-Container/Minerva-Exps/benchmarks/experiments/paper_daghar_supervised_3runs_perlr_samples_down_seed_harcnn_125/logs/id_ce388f60e238/final,,,,,,,,,
train_harcnn,id_cf072183f66a,,completed,0,False,id_74afc850e220,supervised,harcnn,full_finetune_lr5,id_c6b7ed4cb494,multimodal_df,daghar_standardized_balanced,rw_waist,train,config_0,multimodal_samples_200,id_7d268895569b,har,train,full_run,/workspaces/HIAAC-KR-Dev-Container/Minerva-Exps/benchmarks/experiments/paper_daghar_supervised_3runs_perlr_samples_down_seed_harcnn_125/logs/id_cf072183f66a/final,,,,,,,,,
train_harcnn,id_cef8bf15f75f,,completed,0,False,id_74afc850e220,supervised,harcnn,full_finetune_lr5,id_dc9780befec7,multimodal_df,daghar_standardized_balanced,uci,train,config_0,multimodal_perc_100,id_7d268895569b,har,train,full_run,/workspaces/HIAAC-KR-Dev-Container/Minerva-Exps/benchmarks/experiments/paper_daghar_supervised_3runs_perlr_samples_down_seed_harcnn_125/logs/id_cef8bf15f75f/final,,,,,,,,,
train_harcnn,id_cf3f7a4556ef,,completed,0,False,id_58a400b02098,supervised,harcnn,full_finetune_lr2,id_fb5b4619ed71,multimodal_df,daghar_standardized_balanced,uci,train,config_0,multimodal_samples_005_2,id_7d268895569b,har,train,full_run,/workspaces/HIAAC-KR-Dev-Container/Minerva-Exps/benchmarks/experiments/paper_daghar_supervised_3runs_perlr_samples_down_seed_harcnn_125/logs/id_cf3f7a4556ef/final,,,,,,,,,
train_harcnn,id_d1494d863579,,completed,0,False,id_58a400b02098,supervised,harcnn,full_finetune_lr2,id_b74337b9bf17,multimodal_df,daghar_standardized_balanced,rw_thigh,train,config_0,multimodal_samples_001_3,id_7d268895569b,har,train,full_run,/workspaces/HIAAC-KR-Dev-Container/Minerva-Exps/benchmarks/experiments/paper_daghar_supervised_3runs_perlr_samples_down_seed_harcnn_125/logs/id_d1494d863579/final,,,,,,,,,
train_harcnn,id_cfc43591189a,,completed,0,False,id_58a400b02098,supervised,harcnn,full_finetune_lr2,id_62ae1bbdbef0,multimodal_df,daghar_standardized_balanced,kuhar,train,config_0,multimodal_samples_001,id_7d268895569b,har,train,full_run,/workspaces/HIAAC-KR-Dev-Container/Minerva-Exps/benchmarks/experiments/paper_daghar_supervised_3runs_perlr_samples_down_seed_harcnn_125/logs/id_cfc43591189a/final,,,,,,,,,
train_harcnn,id_d1c86c66d153,,completed,0,False,id_205d675a6782,supervised,harcnn,full_finetune_lr1,id_0bda4f0f9489,multimodal_df,daghar_standardized_balanced,motionsense,train,config_0,multimodal_samples_005,id_7d268895569b,har,train,full_run,/workspaces/HIAAC-KR-Dev-Container/Minerva-Exps/benchmarks/experiments/paper_daghar_supervised_3runs_perlr_samples_down_seed_harcnn_125/logs/id_d1c86c66d153/final,,,,,,,,,
train_harcnn,id_d1ef139fc873,,completed,0,False,id_74afc850e220,supervised,harcnn,full_finetune_lr5,id_8eaba78f5c3b,multimodal_df,daghar_standardized_balanced,kuhar,train,config_0,multimodal_samples_025_3,id_7d268895569b,har,train,full_run,/workspaces/HIAAC-KR-Dev-Container/Minerva-Exps/benchmarks/experiments/paper_daghar_supervised_3runs_perlr_samples_down_seed_harcnn_125/logs/id_d1ef139fc873/final,,,,,,,,,
train_harcnn,id_d31c8113b325,,completed,0,False,id_58a400b02098,supervised,harcnn,full_finetune_lr2,id_d2bcc241477b,multimodal_df,daghar_standardized_balanced,uci,train,config_0,multimodal_samples_050_3,id_7d268895569b,har,train,full_run,/workspaces/HIAAC-KR-Dev-Container/Minerva-Exps/benchmarks/experiments/paper_daghar_supervised_3runs_perlr_samples_down_seed_harcnn_125/logs/id_d31c8113b325/final,,,,,,,,,
train_harcnn,id_d1000ddac62a,,completed,0,False,id_74afc850e220,supervised,harcnn,full_finetune_lr5,id_653f367090ba,multimodal_df,daghar_standardized_balanced,rw_waist,train,config_0,multimodal_samples_010_2,id_7d268895569b,har,train,full_run,/workspaces/HIAAC-KR-Dev-Container/Minerva-Exps/benchmarks/experiments/paper_daghar_supervised_3runs_perlr_samples_down_seed_harcnn_125/logs/id_d1000ddac62a/final,,,,,,,,,
train_harcnn,id_d27e6ee188bb,,completed,0,False,id_74afc850e220,supervised,harcnn,full_finetune_lr5,id_a50226a2e73f,multimodal_df,daghar_standardized_balanced,motionsense,train,config_0,multimodal_samples_005_3,id_7d268895569b,har,train,full_run,/workspaces/HIAAC-KR-Dev-Container/Minerva-Exps/benchmarks/experiments/paper_daghar_supervised_3runs_perlr_samples_down_seed_harcnn_125/logs/id_d27e6ee188bb/final,,,,,,,,,
train_harcnn,id_d26250fec9b6,,completed,0,False,id_74afc850e220,supervised,harcnn,full_finetune_lr5,id_7df0892adc07,multimodal_df,daghar_standardized_balanced,rw_thigh,train,config_0,multimodal_samples_005,id_7d268895569b,har,train,full_run,/workspaces/HIAAC-KR-Dev-Container/Minerva-Exps/benchmarks/experiments/paper_daghar_supervised_3runs_perlr_samples_down_seed_harcnn_125/logs/id_d26250fec9b6/final,,,,,,,,,
train_harcnn,id_d44a2b1a32fb,,completed,0,False,id_58a400b02098,supervised,harcnn,full_finetune_lr2,id_1e462792852c,multimodal_df,daghar_standardized_balanced,motionsense,train,config_0,multimodal_samples_200_3,id_7d268895569b,har,train,full_run,/workspaces/HIAAC-KR-Dev-Container/Minerva-Exps/benchmarks/experiments/paper_daghar_supervised_3runs_perlr_samples_down_seed_harcnn_125/logs/id_d44a2b1a32fb/final,,,,,,,,,
train_harcnn,id_d47b850ce16c,,completed,0,False,id_205d675a6782,supervised,harcnn,full_finetune_lr1,id_dd4d18f1c7c4,multimodal_df,daghar_standardized_balanced,rw_thigh,train,config_0,multimodal_samples_025,id_7d268895569b,har,train,full_run,/workspaces/HIAAC-KR-Dev-Container/Minerva-Exps/benchmarks/experiments/paper_daghar_supervised_3runs_perlr_samples_down_seed_harcnn_125/logs/id_d47b850ce16c/final,,,,,,,,,
train_harcnn,id_d53e835ea792,,completed,0,False,id_58a400b02098,supervised,harcnn,full_finetune_lr2,id_88b17060c225,multimodal_df,daghar_standardized_balanced,wisdm,train,config_0,multimodal_samples_100_2,id_7d268895569b,har,train,full_run,/workspaces/HIAAC-KR-Dev-Container/Minerva-Exps/benchmarks/experiments/paper_daghar_supervised_3runs_perlr_samples_down_seed_harcnn_125/logs/id_d53e835ea792/final,,,,,,,,,
train_harcnn,id_d6877a32efc4,,completed,0,False,id_205d675a6782,supervised,harcnn,full_finetune_lr1,id_d55a47551268,multimodal_df,daghar_standardized_balanced,rw_thigh,train,config_0,multimodal_samples_100_2,id_7d268895569b,har,train,full_run,/workspaces/HIAAC-KR-Dev-Container/Minerva-Exps/benchmarks/experiments/paper_daghar_supervised_3runs_perlr_samples_down_seed_harcnn_125/logs/id_d6877a32efc4/final,,,,,,,,,
train_harcnn,id_d883d1f3256a,,completed,0,False,id_58a400b02098,supervised,harcnn,full_finetune_lr2,id_e5f35050bdc1,multimodal_df,daghar_standardized_balanced,wisdm,train,config_0,multimodal_samples_005_3,id_7d268895569b,har,train,full_run,/workspaces/HIAAC-KR-Dev-Container/Minerva-Exps/benchmarks/experiments/paper_daghar_supervised_3runs_perlr_samples_down_seed_harcnn_125/logs/id_d883d1f3256a/final,,,,,,,,,
train_harcnn,id_d4ac9672ae1b,,completed,0,False,id_74afc850e220,supervised,harcnn,full_finetune_lr5,id_42b645fb84f8,multimodal_df,daghar_standardized_balanced,uci,train,config_0,multimodal_samples_025_3,id_7d268895569b,har,train,full_run,/workspaces/HIAAC-KR-Dev-Container/Minerva-Exps/benchmarks/experiments/paper_daghar_supervised_3runs_perlr_samples_down_seed_harcnn_125/logs/id_d4ac9672ae1b/final,,,,,,,,,
train_harcnn,id_d68f1b09f6b3,,completed,0,False,id_205d675a6782,supervised,harcnn,full_finetune_lr1,id_7aec5716a4be,multimodal_df,daghar_standardized_balanced,motionsense,train,config_0,multimodal_samples_025_2,id_7d268895569b,har,train,full_run,/workspaces/HIAAC-KR-Dev-Container/Minerva-Exps/benchmarks/experiments/paper_daghar_supervised_3runs_perlr_samples_down_seed_harcnn_125/logs/id_d68f1b09f6b3/final,,,,,,,,,
train_harcnn,id_d559b83c32dd,,completed,0,False,id_58a400b02098,supervised,harcnn,full_finetune_lr2,id_083b8f815ed5,multimodal_df,daghar_standardized_balanced,uci,train,config_0,multimodal_samples_200,id_7d268895569b,har,train,full_run,/workspaces/HIAAC-KR-Dev-Container/Minerva-Exps/benchmarks/experiments/paper_daghar_supervised_3runs_perlr_samples_down_seed_harcnn_125/logs/id_d559b83c32dd/final,,,,,,,,,
train_harcnn,id_d5e4513a4181,,completed,0,False,id_74afc850e220,supervised,harcnn,full_finetune_lr5,id_73b62c9f3e5a,multimodal_df,daghar_standardized_balanced,kuhar,train,config_0,multimodal_samples_005,id_7d268895569b,har,train,full_run,/workspaces/HIAAC-KR-Dev-Container/Minerva-Exps/benchmarks/experiments/paper_daghar_supervised_3runs_perlr_samples_down_seed_harcnn_125/logs/id_d5e4513a4181/final,,,,,,,,,
train_harcnn,id_d8cb20906562,,completed,0,False,id_58a400b02098,supervised,harcnn,full_finetune_lr2,id_c6d3a26ce3a3,multimodal_df,daghar_standardized_balanced,uci,train,config_0,multimodal_samples_010_3,id_7d268895569b,har,train,full_run,/workspaces/HIAAC-KR-Dev-Container/Minerva-Exps/benchmarks/experiments/paper_daghar_supervised_3runs_perlr_samples_down_seed_harcnn_125/logs/id_d8cb20906562/final,,,,,,,,,
train_harcnn,id_dae944bd83d8,,completed,0,False,id_205d675a6782,supervised,harcnn,full_finetune_lr1,id_03f958408f87,multimodal_df,daghar_standardized_balanced,uci,train,config_0,multimodal_samples_010,id_7d268895569b,har,train,full_run,/workspaces/HIAAC-KR-Dev-Container/Minerva-Exps/benchmarks/experiments/paper_daghar_supervised_3runs_perlr_samples_down_seed_harcnn_125/logs/id_dae944bd83d8/final,,,,,,,,,
train_harcnn,id_dbcecb53071f,,completed,0,False,id_58a400b02098,supervised,harcnn,full_finetune_lr2,id_e7af70720e13,multimodal_df,daghar_standardized_balanced,kuhar,train,config_0,multimodal_samples_050_3,id_7d268895569b,har,train,full_run,/workspaces/HIAAC-KR-Dev-Container/Minerva-Exps/benchmarks/experiments/paper_daghar_supervised_3runs_perlr_samples_down_seed_harcnn_125/logs/id_dbcecb53071f/final,,,,,,,,,
train_harcnn,id_dbc2a102628d,,completed,0,False,id_205d675a6782,supervised,harcnn,full_finetune_lr1,id_12164f3aad9d,multimodal_df,daghar_standardized_balanced,uci,train,config_0,multimodal_samples_100_2,id_7d268895569b,har,train,full_run,/workspaces/HIAAC-KR-Dev-Container/Minerva-Exps/benchmarks/experiments/paper_daghar_supervised_3runs_perlr_samples_down_seed_harcnn_125/logs/id_dbc2a102628d/final,,,,,,,,,
train_harcnn,id_db4840aa7fbc,,completed,0,False,id_74afc850e220,supervised,harcnn,full_finetune_lr5,id_62ae1bbdbef0,multimodal_df,daghar_standardized_balanced,kuhar,train,config_0,multimodal_samples_001,id_7d268895569b,har,train,full_run,/workspaces/HIAAC-KR-Dev-Container/Minerva-Exps/benchmarks/experiments/paper_daghar_supervised_3runs_perlr_samples_down_seed_harcnn_125/logs/id_db4840aa7fbc/final,,,,,,,,,
train_harcnn,id_dcbd89eea333,,completed,0,False,id_205d675a6782,supervised,harcnn,full_finetune_lr1,id_2baf94349229,multimodal_df,daghar_standardized_balanced,rw_waist,train,config_0,multimodal_samples_025_3,id_7d268895569b,har,train,full_run,/workspaces/HIAAC-KR-Dev-Container/Minerva-Exps/benchmarks/experiments/paper_daghar_supervised_3runs_perlr_samples_down_seed_harcnn_125/logs/id_dcbd89eea333/final,,,,,,,,,
train_harcnn,id_dbe67621f762,,completed,0,False,id_205d675a6782,supervised,harcnn,full_finetune_lr1,id_820f9528b139,multimodal_df,daghar_standardized_balanced,motionsense,train,config_0,multimodal_samples_010_3,id_7d268895569b,har,train,full_run,/workspaces/HIAAC-KR-Dev-Container/Minerva-Exps/benchmarks/experiments/paper_daghar_supervised_3runs_perlr_samples_down_seed_harcnn_125/logs/id_dbe67621f762/final,,,,,,,,,
train_harcnn,id_db7ac2b0513e,,completed,0,False,id_74afc850e220,supervised,harcnn,full_finetune_lr5,id_d4c695219794,multimodal_df,daghar_standardized_balanced,rw_waist,train,config_0,multimodal_samples_010_3,id_7d268895569b,har,train,full_run,/workspaces/HIAAC-KR-Dev-Container/Minerva-Exps/benchmarks/experiments/paper_daghar_supervised_3runs_perlr_samples_down_seed_harcnn_125/logs/id_db7ac2b0513e/final,,,,,,,,,
train_harcnn,id_dcd901fdce0c,,completed,0,False,id_58a400b02098,supervised,harcnn,full_finetune_lr2,id_d4c695219794,multimodal_df,daghar_standardized_balanced,rw_waist,train,config_0,multimodal_samples_010_3,id_7d268895569b,har,train,full_run,/workspaces/HIAAC-KR-Dev-Container/Minerva-Exps/benchmarks/experiments/paper_daghar_supervised_3runs_perlr_samples_down_seed_harcnn_125/logs/id_dcd901fdce0c/final,,,,,,,,,
train_harcnn,id_e05f40085d75,,completed,0,False,id_58a400b02098,supervised,harcnn,full_finetune_lr2,id_650e37922e7e,multimodal_df,daghar_standardized_balanced,motionsense,train,config_0,multimodal_samples_025,id_7d268895569b,har,train,full_run,/workspaces/HIAAC-KR-Dev-Container/Minerva-Exps/benchmarks/experiments/paper_daghar_supervised_3runs_perlr_samples_down_seed_harcnn_125/logs/id_e05f40085d75/final,,,,,,,,,
train_harcnn,id_e06b7360907c,,completed,0,False,id_58a400b02098,supervised,harcnn,full_finetune_lr2,id_6db9002dfbf0,multimodal_df,daghar_standardized_balanced,uci,train,config_0,multimodal_samples_005,id_7d268895569b,har,train,full_run,/workspaces/HIAAC-KR-Dev-Container/Minerva-Exps/benchmarks/experiments/paper_daghar_supervised_3runs_perlr_samples_down_seed_harcnn_125/logs/id_e06b7360907c/final,,,,,,,,,
train_harcnn,id_de38dbd70552,,completed,0,False,id_205d675a6782,supervised,harcnn,full_finetune_lr1,id_4a2aca339c33,multimodal_df,daghar_standardized_balanced,rw_waist,train,config_0,multimodal_samples_010,id_7d268895569b,har,train,full_run,/workspaces/HIAAC-KR-Dev-Container/Minerva-Exps/benchmarks/experiments/paper_daghar_supervised_3runs_perlr_samples_down_seed_harcnn_125/logs/id_de38dbd70552/final,,,,,,,,,
train_harcnn,id_dd37a0629707,,completed,0,False,id_74afc850e220,supervised,harcnn,full_finetune_lr5,id_2259a82d2cb2,multimodal_df,daghar_standardized_balanced,wisdm,train,config_0,multimodal_samples_025_3,id_7d268895569b,har,train,full_run,/workspaces/HIAAC-KR-Dev-Container/Minerva-Exps/benchmarks/experiments/paper_daghar_supervised_3runs_perlr_samples_down_seed_harcnn_125/logs/id_dd37a0629707/final,,,,,,,,,
train_harcnn,id_e167bbb21ecd,,completed,0,False,id_205d675a6782,supervised,harcnn,full_finetune_lr1,id_5a4fe85324f7,multimodal_df,daghar_standardized_balanced,kuhar,train,config_0,multimodal_samples_001_3,id_7d268895569b,har,train,full_run,/workspaces/HIAAC-KR-Dev-Container/Minerva-Exps/benchmarks/experiments/paper_daghar_supervised_3runs_perlr_samples_down_seed_harcnn_125/logs/id_e167bbb21ecd/final,,,,,,,,,
train_harcnn,id_e45b0539d97d,,completed,0,False,id_58a400b02098,supervised,harcnn,full_finetune_lr2,id_a65f0a88ac4d,multimodal_df,daghar_standardized_balanced,uci,train,config_0,multimodal_samples_001_2,id_7d268895569b,har,train,full_run,/workspaces/HIAAC-KR-Dev-Container/Minerva-Exps/benchmarks/experiments/paper_daghar_supervised_3runs_perlr_samples_down_seed_harcnn_125/logs/id_e45b0539d97d/final,,,,,,,,,
train_harcnn,id_e14a5fa5336c,,completed,0,False,id_58a400b02098,supervised,harcnn,full_finetune_lr2,id_3ca44ce6c400,multimodal_df,daghar_standardized_balanced,rw_thigh,train,config_0,multimodal_samples_050_2,id_7d268895569b,har,train,full_run,/workspaces/HIAAC-KR-Dev-Container/Minerva-Exps/benchmarks/experiments/paper_daghar_supervised_3runs_perlr_samples_down_seed_harcnn_125/logs/id_e14a5fa5336c/final,,,,,,,,,
train_harcnn,id_dfb58720860f,,completed,0,False,id_74afc850e220,supervised,harcnn,full_finetune_lr5,id_6470a9337d8a,multimodal_df,daghar_standardized_balanced,rw_thigh,train,config_0,multimodal_samples_001,id_7d268895569b,har,train,full_run,/workspaces/HIAAC-KR-Dev-Container/Minerva-Exps/benchmarks/experiments/paper_daghar_supervised_3runs_perlr_samples_down_seed_harcnn_125/logs/id_dfb58720860f/final,,,,,,,,,
train_harcnn,id_e51de064fd24,,completed,0,False,id_205d675a6782,supervised,harcnn,full_finetune_lr1,id_88b17060c225,multimodal_df,daghar_standardized_balanced,wisdm,train,config_0,multimodal_samples_100_2,id_7d268895569b,har,train,full_run,/workspaces/HIAAC-KR-Dev-Container/Minerva-Exps/benchmarks/experiments/paper_daghar_supervised_3runs_perlr_samples_down_seed_harcnn_125/logs/id_e51de064fd24/final,,,,,,,,,
train_harcnn,id_e5ed0b0c1f72,,completed,0,False,id_74afc850e220,supervised,harcnn,full_finetune_lr5,id_f90ca44123d9,multimodal_df,daghar_standardized_balanced,kuhar,train,config_0,multimodal_samples_200_3,id_7d268895569b,har,train,full_run,/workspaces/HIAAC-KR-Dev-Container/Minerva-Exps/benchmarks/experiments/paper_daghar_supervised_3runs_perlr_samples_down_seed_harcnn_125/logs/id_e5ed0b0c1f72/final,,,,,,,,,
train_harcnn,id_e824ca74e39a,,completed,0,False,id_205d675a6782,supervised,harcnn,full_finetune_lr1,id_cc98e906d375,multimodal_df,daghar_standardized_balanced,rw_thigh,train,config_0,multimodal_perc_100_2,id_7d268895569b,har,train,full_run,/workspaces/HIAAC-KR-Dev-Container/Minerva-Exps/benchmarks/experiments/paper_daghar_supervised_3runs_perlr_samples_down_seed_harcnn_125/logs/id_e824ca74e39a/final,,,,,,,,,
train_harcnn,id_e87787477cf3,,completed,0,False,id_58a400b02098,supervised,harcnn,full_finetune_lr2,id_4a2aca339c33,multimodal_df,daghar_standardized_balanced,rw_waist,train,config_0,multimodal_samples_010,id_7d268895569b,har,train,full_run,/workspaces/HIAAC-KR-Dev-Container/Minerva-Exps/benchmarks/experiments/paper_daghar_supervised_3runs_perlr_samples_down_seed_harcnn_125/logs/id_e87787477cf3/final,,,,,,,,,
train_harcnn,id_e8677dd7651b,,completed,0,False,id_205d675a6782,supervised,harcnn,full_finetune_lr1,id_5f141c49960f,multimodal_df,daghar_standardized_balanced,motionsense,train,config_0,multimodal_samples_005_2,id_7d268895569b,har,train,full_run,/workspaces/HIAAC-KR-Dev-Container/Minerva-Exps/benchmarks/experiments/paper_daghar_supervised_3runs_perlr_samples_down_seed_harcnn_125/logs/id_e8677dd7651b/final,,,,,,,,,
train_harcnn,id_e9be2820ab9b,,completed,0,False,id_58a400b02098,supervised,harcnn,full_finetune_lr2,id_d55a47551268,multimodal_df,daghar_standardized_balanced,rw_thigh,train,config_0,multimodal_samples_100_2,id_7d268895569b,har,train,full_run,/workspaces/HIAAC-KR-Dev-Container/Minerva-Exps/benchmarks/experiments/paper_daghar_supervised_3runs_perlr_samples_down_seed_harcnn_125/logs/id_e9be2820ab9b/final,,,,,,,,,
train_harcnn,id_e7011d139573,,completed,0,False,id_58a400b02098,supervised,harcnn,full_finetune_lr2,id_274e205b8ad8,multimodal_df,daghar_standardized_balanced,kuhar,train,config_0,multimodal_samples_010_2,id_7d268895569b,har,train,full_run,/workspaces/HIAAC-KR-Dev-Container/Minerva-Exps/benchmarks/experiments/paper_daghar_supervised_3runs_perlr_samples_down_seed_harcnn_125/logs/id_e7011d139573/final,,,,,,,,,
train_harcnn,id_e54bd0b1aede,,completed,0,False,id_74afc850e220,supervised,harcnn,full_finetune_lr5,id_e5f35050bdc1,multimodal_df,daghar_standardized_balanced,wisdm,train,config_0,multimodal_samples_005_3,id_7d268895569b,har,train,full_run,/workspaces/HIAAC-KR-Dev-Container/Minerva-Exps/benchmarks/experiments/paper_daghar_supervised_3runs_perlr_samples_down_seed_harcnn_125/logs/id_e54bd0b1aede/final,,,,,,,,,
train_harcnn,id_e8d616bdd3c2,,completed,0,False,id_74afc850e220,supervised,harcnn,full_finetune_lr5,id_c6d3a26ce3a3,multimodal_df,daghar_standardized_balanced,uci,train,config_0,multimodal_samples_010_3,id_7d268895569b,har,train,full_run,/workspaces/HIAAC-KR-Dev-Container/Minerva-Exps/benchmarks/experiments/paper_daghar_supervised_3runs_perlr_samples_down_seed_harcnn_125/logs/id_e8d616bdd3c2/final,,,,,,,,,
train_harcnn,id_ec3f28070917,,completed,0,False,id_205d675a6782,supervised,harcnn,full_finetune_lr1,id_c6b7ed4cb494,multimodal_df,daghar_standardized_balanced,rw_waist,train,config_0,multimodal_samples_200,id_7d268895569b,har,train,full_run,/workspaces/HIAAC-KR-Dev-Container/Minerva-Exps/benchmarks/experiments/paper_daghar_supervised_3runs_perlr_samples_down_seed_harcnn_125/logs/id_ec3f28070917/final,,,,,,,,,
train_harcnn,id_e9f832d590cd,,completed,0,False,id_74afc850e220,supervised,harcnn,full_finetune_lr5,id_0bda4f0f9489,multimodal_df,daghar_standardized_balanced,motionsense,train,config_0,multimodal_samples_005,id_7d268895569b,har,train,full_run,/workspaces/HIAAC-KR-Dev-Container/Minerva-Exps/benchmarks/experiments/paper_daghar_supervised_3runs_perlr_samples_down_seed_harcnn_125/logs/id_e9f832d590cd/final,,,,,,,,,
train_harcnn,id_ead7be26dd2e,,completed,0,False,id_58a400b02098,supervised,harcnn,full_finetune_lr2,id_a50226a2e73f,multimodal_df,daghar_standardized_balanced,motionsense,train,config_0,multimodal_samples_005_3,id_7d268895569b,har,train,full_run,/workspaces/HIAAC-KR-Dev-Container/Minerva-Exps/benchmarks/experiments/paper_daghar_supervised_3runs_perlr_samples_down_seed_harcnn_125/logs/id_ead7be26dd2e/final,,,,,,,,,
train_harcnn,id_ec06846435f9,,completed,0,False,id_205d675a6782,supervised,harcnn,full_finetune_lr1,id_120bda9178a1,multimodal_df,daghar_standardized_balanced,wisdm,train,config_0,multimodal_samples_010_3,id_7d268895569b,har,train,full_run,/workspaces/HIAAC-KR-Dev-Container/Minerva-Exps/benchmarks/experiments/paper_daghar_supervised_3runs_perlr_samples_down_seed_harcnn_125/logs/id_ec06846435f9/final,,,,,,,,,
train_harcnn,id_e9fe56f6a15f,,completed,0,False,id_205d675a6782,supervised,harcnn,full_finetune_lr1,id_b54259b359ab,multimodal_df,daghar_standardized_balanced,rw_waist,train,config_0,multimodal_samples_001_3,id_7d268895569b,har,train,full_run,/workspaces/HIAAC-KR-Dev-Container/Minerva-Exps/benchmarks/experiments/paper_daghar_supervised_3runs_perlr_samples_down_seed_harcnn_125/logs/id_e9fe56f6a15f/final,,,,,,,,,
train_harcnn,id_ec93987cdbb7,,completed,0,False,id_205d675a6782,supervised,harcnn,full_finetune_lr1,id_c761cbcc4f2c,multimodal_df,daghar_standardized_balanced,motionsense,train,config_0,multimodal_perc_100,id_7d268895569b,har,train,full_run,/workspaces/HIAAC-KR-Dev-Container/Minerva-Exps/benchmarks/experiments/paper_daghar_supervised_3runs_perlr_samples_down_seed_harcnn_125/logs/id_ec93987cdbb7/final,,,,,,,,,
train_harcnn,id_ec1d0148aba6,,completed,0,False,id_74afc850e220,supervised,harcnn,full_finetune_lr5,id_b54259b359ab,multimodal_df,daghar_standardized_balanced,rw_waist,train,config_0,multimodal_samples_001_3,id_7d268895569b,har,train,full_run,/workspaces/HIAAC-KR-Dev-Container/Minerva-Exps/benchmarks/experiments/paper_daghar_supervised_3runs_perlr_samples_down_seed_harcnn_125/logs/id_ec1d0148aba6/final,,,,,,,,,
train_harcnn,id_ed4c0e8f3d79,,completed,0,False,id_74afc850e220,supervised,harcnn,full_finetune_lr5,id_cf1ed39f3ad3,multimodal_df,daghar_standardized_balanced,motionsense,train,config_0,multimodal_samples_001,id_7d268895569b,har,train,full_run,/workspaces/HIAAC-KR-Dev-Container/Minerva-Exps/benchmarks/experiments/paper_daghar_supervised_3runs_perlr_samples_down_seed_harcnn_125/logs/id_ed4c0e8f3d79/final,,,,,,,,,
train_harcnn,id_f23c461118a3,,completed,0,False,id_205d675a6782,supervised,harcnn,full_finetune_lr1,id_dbf308c611cc,multimodal_df,daghar_standardized_balanced,motionsense,train,config_0,multimodal_samples_025_3,id_7d268895569b,har,train,full_run,/workspaces/HIAAC-KR-Dev-Container/Minerva-Exps/benchmarks/experiments/paper_daghar_supervised_3runs_perlr_samples_down_seed_harcnn_125/logs/id_f23c461118a3/final,,,,,,,,,
train_harcnn,id_efbe24507c4b,,completed,0,False,id_58a400b02098,supervised,harcnn,full_finetune_lr2,id_0f9a122d7cc5,multimodal_df,daghar_standardized_balanced,uci,train,config_0,multimodal_samples_025,id_7d268895569b,har,train,full_run,/workspaces/HIAAC-KR-Dev-Container/Minerva-Exps/benchmarks/experiments/paper_daghar_supervised_3runs_perlr_samples_down_seed_harcnn_125/logs/id_efbe24507c4b/final,,,,,,,,,
train_harcnn,id_efdc1aacc093,,completed,0,False,id_74afc850e220,supervised,harcnn,full_finetune_lr5,id_c761cbcc4f2c,multimodal_df,daghar_standardized_balanced,motionsense,train,config_0,multimodal_perc_100,id_7d268895569b,har,train,full_run,/workspaces/HIAAC-KR-Dev-Container/Minerva-Exps/benchmarks/experiments/paper_daghar_supervised_3runs_perlr_samples_down_seed_harcnn_125/logs/id_efdc1aacc093/final,,,,,,,,,
train_harcnn,id_f194d254badf,,completed,0,False,id_58a400b02098,supervised,harcnn,full_finetune_lr2,id_a33ed4b5468e,multimodal_df,daghar_standardized_balanced,rw_thigh,train,config_0,multimodal_samples_005_2,id_7d268895569b,har,train,full_run,/workspaces/HIAAC-KR-Dev-Container/Minerva-Exps/benchmarks/experiments/paper_daghar_supervised_3runs_perlr_samples_down_seed_harcnn_125/logs/id_f194d254badf/final,,,,,,,,,
train_harcnn,id_f3cfffb56540,,completed,0,False,id_74afc850e220,supervised,harcnn,full_finetune_lr5,id_9dd4c9a25077,multimodal_df,daghar_standardized_balanced,motionsense,train,config_0,multimodal_samples_200,id_7d268895569b,har,train,full_run,/workspaces/HIAAC-KR-Dev-Container/Minerva-Exps/benchmarks/experiments/paper_daghar_supervised_3runs_perlr_samples_down_seed_harcnn_125/logs/id_f3cfffb56540/final,,,,,,,,,
train_harcnn,id_f455cef90be1,,completed,0,False,id_74afc850e220,supervised,harcnn,full_finetune_lr5,id_8f53e19d9d68,multimodal_df,daghar_standardized_balanced,rw_waist,train,config_0,multimodal_samples_200_2,id_7d268895569b,har,train,full_run,/workspaces/HIAAC-KR-Dev-Container/Minerva-Exps/benchmarks/experiments/paper_daghar_supervised_3runs_perlr_samples_down_seed_harcnn_125/logs/id_f455cef90be1/final,,,,,,,,,
train_harcnn,id_f6b866c1745a,,completed,0,False,id_205d675a6782,supervised,harcnn,full_finetune_lr1,id_d68570b59c0c,multimodal_df,daghar_standardized_balanced,motionsense,train,config_0,multimodal_samples_050_2,id_7d268895569b,har,train,full_run,/workspaces/HIAAC-KR-Dev-Container/Minerva-Exps/benchmarks/experiments/paper_daghar_supervised_3runs_perlr_samples_down_seed_harcnn_125/logs/id_f6b866c1745a/final,,,,,,,,,
train_harcnn,id_f54abe7e4516,,completed,0,False,id_205d675a6782,supervised,harcnn,full_finetune_lr1,id_cca20f21af92,multimodal_df,daghar_standardized_balanced,motionsense,train,config_0,multimodal_perc_100_3,id_7d268895569b,har,train,full_run,/workspaces/HIAAC-KR-Dev-Container/Minerva-Exps/benchmarks/experiments/paper_daghar_supervised_3runs_perlr_samples_down_seed_harcnn_125/logs/id_f54abe7e4516/final,,,,,,,,,
train_harcnn,id_f49c22688a20,,completed,0,False,id_205d675a6782,supervised,harcnn,full_finetune_lr1,id_47548eafb974,multimodal_df,daghar_standardized_balanced,wisdm,train,config_0,multimodal_samples_005,id_7d268895569b,har,train,full_run,/workspaces/HIAAC-KR-Dev-Container/Minerva-Exps/benchmarks/experiments/paper_daghar_supervised_3runs_perlr_samples_down_seed_harcnn_125/logs/id_f49c22688a20/final,,,,,,,,,
train_harcnn,id_f5dbe13ada82,,completed,0,False,id_74afc850e220,supervised,harcnn,full_finetune_lr5,id_01955da0dfc1,multimodal_df,daghar_standardized_balanced,wisdm,train,config_0,multimodal_samples_001_3,id_7d268895569b,har,train,full_run,/workspaces/HIAAC-KR-Dev-Container/Minerva-Exps/benchmarks/experiments/paper_daghar_supervised_3runs_perlr_samples_down_seed_harcnn_125/logs/id_f5dbe13ada82/final,,,,,,,,,
train_harcnn,id_f86019329408,,completed,0,False,id_205d675a6782,supervised,harcnn,full_finetune_lr1,id_1a725c88d879,multimodal_df,daghar_standardized_balanced,wisdm,train,config_0,multimodal_samples_025_2,id_7d268895569b,har,train,full_run,/workspaces/HIAAC-KR-Dev-Container/Minerva-Exps/benchmarks/experiments/paper_daghar_supervised_3runs_perlr_samples_down_seed_harcnn_125/logs/id_f86019329408/final,,,,,,,,,
train_harcnn,id_fb30c517a7b3,,completed,0,False,id_74afc850e220,supervised,harcnn,full_finetune_lr5,id_6216214775b3,multimodal_df,daghar_standardized_balanced,rw_thigh,train,config_0,multimodal_samples_001_2,id_7d268895569b,har,train,full_run,/workspaces/HIAAC-KR-Dev-Container/Minerva-Exps/benchmarks/experiments/paper_daghar_supervised_3runs_perlr_samples_down_seed_harcnn_125/logs/id_fb30c517a7b3/final,,,,,,,,,
train_harcnn,id_f73d7d96567d,,completed,0,False,id_74afc850e220,supervised,harcnn,full_finetune_lr5,id_47548eafb974,multimodal_df,daghar_standardized_balanced,wisdm,train,config_0,multimodal_samples_005,id_7d268895569b,har,train,full_run,/workspaces/HIAAC-KR-Dev-Container/Minerva-Exps/benchmarks/experiments/paper_daghar_supervised_3runs_perlr_samples_down_seed_harcnn_125/logs/id_f73d7d96567d/final,,,,,,,,,
train_harcnn,id_f8c23cfedf9b,,completed,0,False,id_74afc850e220,supervised,harcnn,full_finetune_lr5,id_2bd430b767f1,multimodal_df,daghar_standardized_balanced,motionsense,train,config_0,multimodal_samples_100_3,id_7d268895569b,har,train,full_run,/workspaces/HIAAC-KR-Dev-Container/Minerva-Exps/benchmarks/experiments/paper_daghar_supervised_3runs_perlr_samples_down_seed_harcnn_125/logs/id_f8c23cfedf9b/final,,,,,,,,,
train_harcnn,id_f8f77d01bf7b,,completed,0,False,id_205d675a6782,supervised,harcnn,full_finetune_lr1,id_50b8183b88b4,multimodal_df,daghar_standardized_balanced,rw_waist,train,config_0,multimodal_samples_050_3,id_7d268895569b,har,train,full_run,/workspaces/HIAAC-KR-Dev-Container/Minerva-Exps/benchmarks/experiments/paper_daghar_supervised_3runs_perlr_samples_down_seed_harcnn_125/logs/id_f8f77d01bf7b/final,,,,,,,,,
train_harcnn,id_fd075345eab3,,completed,0,False,id_58a400b02098,supervised,harcnn,full_finetune_lr2,id_55cd8c823098,multimodal_df,daghar_standardized_balanced,kuhar,train,config_0,multimodal_samples_050_2,id_7d268895569b,har,train,full_run,/workspaces/HIAAC-KR-Dev-Container/Minerva-Exps/benchmarks/experiments/paper_daghar_supervised_3runs_perlr_samples_down_seed_harcnn_125/logs/id_fd075345eab3/final,,,,,,,,,
train_harcnn,id_fa15225bf521,,completed,0,False,id_74afc850e220,supervised,harcnn,full_finetune_lr5,id_4cebd74418d5,multimodal_df,daghar_standardized_balanced,rw_thigh,train,config_0,multimodal_samples_025_2,id_7d268895569b,har,train,full_run,/workspaces/HIAAC-KR-Dev-Container/Minerva-Exps/benchmarks/experiments/paper_daghar_supervised_3runs_perlr_samples_down_seed_harcnn_125/logs/id_fa15225bf521/final,,,,,,,,,
train_harcnn,id_face8e8f8548,,completed,0,False,id_205d675a6782,supervised,harcnn,full_finetune_lr1,id_98a30d23c42b,multimodal_df,daghar_standardized_balanced,rw_waist,train,config_0,multimodal_samples_001,id_7d268895569b,har,train,full_run,/workspaces/HIAAC-KR-Dev-Container/Minerva-Exps/benchmarks/experiments/paper_daghar_supervised_3runs_perlr_samples_down_seed_harcnn_125/logs/id_face8e8f8548/final,,,,,,,,,
train_harcnn,id_fef758f3d6bb,,completed,0,False,id_58a400b02098,supervised,harcnn,full_finetune_lr2,id_22326f4c2dcc,multimodal_df,daghar_standardized_balanced,wisdm,train,config_0,multimodal_samples_050,id_7d268895569b,har,train,full_run,/workspaces/HIAAC-KR-Dev-Container/Minerva-Exps/benchmarks/experiments/paper_daghar_supervised_3runs_perlr_samples_down_seed_harcnn_125/logs/id_fef758f3d6bb/final,,,,,,,,,
train_harcnn,id_feaee39ae50c,,completed,0,False,id_205d675a6782,supervised,harcnn,full_finetune_lr1,id_55cd8c823098,multimodal_df,daghar_standardized_balanced,kuhar,train,config_0,multimodal_samples_050_2,id_7d268895569b,har,train,full_run,/workspaces/HIAAC-KR-Dev-Container/Minerva-Exps/benchmarks/experiments/paper_daghar_supervised_3runs_perlr_samples_down_seed_harcnn_125/logs/id_feaee39ae50c/final,,,,,,,,,
train_harcnn,id_fc83af87070e,,completed,0,False,id_74afc850e220,supervised,harcnn,full_finetune_lr5,id_274e205b8ad8,multimodal_df,daghar_standardized_balanced,kuhar,train,config_0,multimodal_samples_010_2,id_7d268895569b,har,train,full_run,/workspaces/HIAAC-KR-Dev-Container/Minerva-Exps/benchmarks/experiments/paper_daghar_supervised_3runs_perlr_samples_down_seed_harcnn_125/logs/id_fc83af87070e/final,,,,,,,,,
train_harcnn,id_fdb71107a7c0,,completed,0,False,id_205d675a6782,supervised,harcnn,full_finetune_lr1,id_091a3b529e49,multimodal_df,daghar_standardized_balanced,kuhar,train,config_0,multimodal_samples_005_3,id_7d268895569b,har,train,full_run,/workspaces/HIAAC-KR-Dev-Container/Minerva-Exps/benchmarks/experiments/paper_daghar_supervised_3runs_perlr_samples_down_seed_harcnn_125/logs/id_fdb71107a7c0/final,,,,,,,,,
train_harcnn,id_ff32f8f9a76b,,completed,0,False,id_205d675a6782,supervised,harcnn,full_finetune_lr1,id_e0ead58eab76,multimodal_df,daghar_standardized_balanced,kuhar,train,config_0,multimodal_samples_100_2,id_7d268895569b,har,train,full_run,/workspaces/HIAAC-KR-Dev-Container/Minerva-Exps/benchmarks/experiments/paper_daghar_supervised_3runs_perlr_samples_down_seed_harcnn_125/logs/id_ff32f8f9a76b/final,,,,,,,,,
train_harcnn,id_fe32beeb5376,,completed,0,False,id_74afc850e220,supervised,harcnn,full_finetune_lr5,id_3ca44ce6c400,multimodal_df,daghar_standardized_balanced,rw_thigh,train,config_0,multimodal_samples_050_2,id_7d268895569b,har,train,full_run,/workspaces/HIAAC-KR-Dev-Container/Minerva-Exps/benchmarks/experiments/paper_daghar_supervised_3runs_perlr_samples_down_seed_harcnn_125/logs/id_fe32beeb5376/final,,,,,,,,,
train_harcnn,id_ff838cba315e,,completed,0,False,id_205d675a6782,supervised,harcnn,full_finetune_lr1,id_68e2c218f19b,multimodal_df,daghar_standardized_balanced,rw_waist,train,config_0,multimodal_samples_050,id_7d268895569b,har,train,full_run,/workspaces/HIAAC-KR-Dev-Container/Minerva-Exps/benchmarks/experiments/paper_daghar_supervised_3runs_perlr_samples_down_seed_harcnn_125/logs/id_ff838cba315e/final,,,,,,,,,
train_harcnn,id_ffd437654a43,,completed,0,False,id_205d675a6782,supervised,harcnn,full_finetune_lr1,id_3879140ea3fb,multimodal_df,daghar_standardized_balanced,rw_thigh,train,config_0,multimodal_samples_010_2,id_7d268895569b,har,train,full_run,/workspaces/HIAAC-KR-Dev-Container/Minerva-Exps/benchmarks/experiments/paper_daghar_supervised_3runs_perlr_samples_down_seed_harcnn_125/logs/id_ffd437654a43/final,,,,,,,,,
evaluate_harcnn,id_07f9fbc9c36d,id_598dfe0515a5,completed,1,True,id_205d675a6782,supervised,harcnn,full_finetune_lr1,id_5365127f28e8,multimodal_df,daghar_standardized_balanced,kuhar,test,config_0,multimodal_perc_100,id_c2d68cc99d8f,har,evaluate,full_run,/workspaces/HIAAC-KR-Dev-Container/Minerva-Exps/benchmarks/experiments/paper_daghar_supervised_3runs_perlr_samples_down_seed_harcnn_125/logs/id_07f9fbc9c36d/final,21ec9e6e6d,/workspaces/HIAAC-KR-Dev-Container/Minerva-Exps/benchmarks/experiments/paper_daghar_supervised_3runs_perlr_samples_down_seed_harcnn_125/logs/id_07f9fbc9c36d/final/metrics_2025-09-15-12-13-21ec9e6e6d.yaml,/workspaces/HIAAC-KR-Dev-Container/Minerva-Exps/benchmarks/experiments/paper_daghar_supervised_3runs_perlr_samples_down_seed_harcnn_125/logs/id_07f9fbc9c36d/final/run_2025-09-15-12-13-21ec9e6e6d.yaml,0.2222222238779068,0.2222222238779068,0.14411936700344086,0.2222222238779068,0.11236423999071121,0.2222222089767456
evaluate_harcnn,id_033f016311a7,id_2577e784a106,completed,1,True,id_74afc850e220,supervised,harcnn,full_finetune_lr5,id_14a6ecc69dec,multimodal_df,daghar_standardized_balanced,uci,test,config_0,multimodal_perc_100,id_c2d68cc99d8f,har,evaluate,full_run,/workspaces/HIAAC-KR-Dev-Container/Minerva-Exps/benchmarks/experiments/paper_daghar_supervised_3runs_perlr_samples_down_seed_harcnn_125/logs/id_033f016311a7/final,20617466b8,/workspaces/HIAAC-KR-Dev-Container/Minerva-Exps/benchmarks/experiments/paper_daghar_supervised_3runs_perlr_samples_down_seed_harcnn_125/logs/id_033f016311a7/final/metrics_2025-09-15-12-13-20617466b8.yaml,/workspaces/HIAAC-KR-Dev-Container/Minerva-Exps/benchmarks/experiments/paper_daghar_supervised_3runs_perlr_samples_down_seed_harcnn_125/logs/id_033f016311a7/final/run_2025-09-15-12-13-20617466b8.yaml,0.7811594009399414,0.7811594009399414,0.7655314207077026,0.7811594009399414,0.7882773280143738,0.7811594009399414
evaluate_harcnn,id_04495e33e984,id_094a460a87fe,completed,1,True,id_58a400b02098,supervised,harcnn,full_finetune_lr2,id_e7f63cc66b02,multimodal_df,daghar_standardized_balanced,motionsense,test,config_0,multimodal_perc_100,id_c2d68cc99d8f,har,evaluate,full_run,/workspaces/HIAAC-KR-Dev-Container/Minerva-Exps/benchmarks/experiments/paper_daghar_supervised_3runs_perlr_samples_down_seed_harcnn_125/logs/id_04495e33e984/final,21402ead2e,/workspaces/HIAAC-KR-Dev-Container/Minerva-Exps/benchmarks/experiments/paper_daghar_supervised_3runs_perlr_samples_down_seed_harcnn_125/logs/id_04495e33e984/final/metrics_2025-09-15-12-13-21402ead2e.yaml,/workspaces/HIAAC-KR-Dev-Container/Minerva-Exps/benchmarks/experiments/paper_daghar_supervised_3runs_perlr_samples_down_seed_harcnn_125/logs/id_04495e33e984/final/run_2025-09-15-12-13-21402ead2e.yaml,0.7636534571647644,0.7636535167694092,0.7087813019752502,0.7636534571647644,0.6859452724456787,0.7636535167694092
evaluate_harcnn,id_03e307ccc2e5,id_b5a4e4d75006,completed,1,True,id_205d675a6782,supervised,harcnn,full_finetune_lr1,id_f390297e57d1,multimodal_df,daghar_standardized_balanced,rw_thigh,test,config_0,multimodal_perc_100,id_c2d68cc99d8f,har,evaluate,full_run,/workspaces/HIAAC-KR-Dev-Container/Minerva-Exps/benchmarks/experiments/paper_daghar_supervised_3runs_perlr_samples_down_seed_harcnn_125/logs/id_03e307ccc2e5/final,20cbc692d7,/workspaces/HIAAC-KR-Dev-Container/Minerva-Exps/benchmarks/experiments/paper_daghar_supervised_3runs_perlr_samples_down_seed_harcnn_125/logs/id_03e307ccc2e5/final/metrics_2025-09-15-12-13-20cbc692d7.yaml,/workspaces/HIAAC-KR-Dev-Container/Minerva-Exps/benchmarks/experiments/paper_daghar_supervised_3runs_perlr_samples_down_seed_harcnn_125/logs/id_03e307ccc2e5/final/run_2025-09-15-12-13-20cbc692d7.yaml,0.2950310707092285,0.2950310707092285,0.19853538274765015,0.2950310707092285,0.1985352337360382,0.2950310707092285
evaluate_harcnn,id_025a2c7a9232,id_0da4d58f0c7b,completed,1,True,id_58a400b02098,supervised,harcnn,full_finetune_lr2,id_2cb57fb4e55b,multimodal_df,daghar_standardized_balanced,wisdm,test,config_0,multimodal_perc_100,id_c2d68cc99d8f,har,evaluate,full_run,/workspaces/HIAAC-KR-Dev-Container/Minerva-Exps/benchmarks/experiments/paper_daghar_supervised_3runs_perlr_samples_down_seed_harcnn_125/logs/id_025a2c7a9232/final,21c85cf59b,/workspaces/HIAAC-KR-Dev-Container/Minerva-Exps/benchmarks/experiments/paper_daghar_supervised_3runs_perlr_samples_down_seed_harcnn_125/logs/id_025a2c7a9232/final/metrics_2025-09-15-12-13-21c85cf59b.yaml,/workspaces/HIAAC-KR-Dev-Container/Minerva-Exps/benchmarks/experiments/paper_daghar_supervised_3runs_perlr_samples_down_seed_harcnn_125/logs/id_025a2c7a9232/final/run_2025-09-15-12-13-21c85cf59b.yaml,0.7396313548088074,0.7396313548088074,0.6557494401931763,0.7396313548088074,0.6127156615257263,0.7396312952041626
evaluate_harcnn,id_02eacecc0887,id_225444ba5383,completed,1,True,id_58a400b02098,supervised,harcnn,full_finetune_lr2,id_b1f5143574a1,multimodal_df,daghar_standardized_balanced,rw_waist,test,config_0,multimodal_perc_100,id_c2d68cc99d8f,har,evaluate,full_run,/workspaces/HIAAC-KR-Dev-Container/Minerva-Exps/benchmarks/experiments/paper_daghar_supervised_3runs_perlr_samples_down_seed_harcnn_125/logs/id_02eacecc0887/final,204f44f212,/workspaces/HIAAC-KR-Dev-Container/Minerva-Exps/benchmarks/experiments/paper_daghar_supervised_3runs_perlr_samples_down_seed_harcnn_125/logs/id_02eacecc0887/final/metrics_2025-09-15-12-13-204f44f212.yaml,/workspaces/HIAAC-KR-Dev-Container/Minerva-Exps/benchmarks/experiments/paper_daghar_supervised_3runs_perlr_samples_down_seed_harcnn_125/logs/id_02eacecc0887/final/run_2025-09-15-12-13-204f44f212.yaml,0.6917438507080078,0.6917438507080078,0.6506268382072449,0.6917438507080078,0.6750099658966064,0.6917438507080078
evaluate_harcnn,id_065264fc0bfb,id_1405c45b8463,completed,1,True,id_74afc850e220,supervised,harcnn,full_finetune_lr5,id_2cb57fb4e55b,multimodal_df,daghar_standardized_balanced,wisdm,test,config_0,multimodal_perc_100,id_c2d68cc99d8f,har,evaluate,full_run,/workspaces/HIAAC-KR-Dev-Container/Minerva-Exps/benchmarks/experiments/paper_daghar_supervised_3runs_perlr_samples_down_seed_harcnn_125/logs/id_065264fc0bfb/final,2007fd0d08,/workspaces/HIAAC-KR-Dev-Container/Minerva-Exps/benchmarks/experiments/paper_daghar_supervised_3runs_perlr_samples_down_seed_harcnn_125/logs/id_065264fc0bfb/final/metrics_2025-09-15-12-13-2007fd0d08.yaml,/workspaces/HIAAC-KR-Dev-Container/Minerva-Exps/benchmarks/experiments/paper_daghar_supervised_3runs_perlr_samples_down_seed_harcnn_125/logs/id_065264fc0bfb/final/run_2025-09-15-12-13-2007fd0d08.yaml,0.7776497602462769,0.7776497602462769,0.7662721276283264,0.7776497602462769,0.7867904305458069,0.7776497602462769
evaluate_harcnn,id_0391d255cf46,id_8cf8dc833291,completed,1,True,id_74afc850e220,supervised,harcnn,full_finetune_lr5,id_b1f5143574a1,multimodal_df,daghar_standardized_balanced,rw_waist,test,config_0,multimodal_perc_100,id_c2d68cc99d8f,har,evaluate,full_run,/workspaces/HIAAC-KR-Dev-Container/Minerva-Exps/benchmarks/experiments/paper_daghar_supervised_3runs_perlr_samples_down_seed_harcnn_125/logs/id_0391d255cf46/final,21ce41e71b,/workspaces/HIAAC-KR-Dev-Container/Minerva-Exps/benchmarks/experiments/paper_daghar_supervised_3runs_perlr_samples_down_seed_harcnn_125/logs/id_0391d255cf46/final/metrics_2025-09-15-12-13-21ce41e71b.yaml,/workspaces/HIAAC-KR-Dev-Container/Minerva-Exps/benchmarks/experiments/paper_daghar_supervised_3runs_perlr_samples_down_seed_harcnn_125/logs/id_0391d255cf46/final/run_2025-09-15-12-13-21ce41e71b.yaml,0.6720678806304932,0.6720678806304932,0.6542767882347107,0.6720678806304932,0.7067148685455322,0.6720678806304932
evaluate_harcnn,id_08b504792873,id_ead7be26dd2e,completed,1,True,id_58a400b02098,supervised,harcnn,full_finetune_lr2,id_e7f63cc66b02,multimodal_df,daghar_standardized_balanced,motionsense,test,config_0,multimodal_perc_100,id_c2d68cc99d8f,har,evaluate,full_run,/workspaces/HIAAC-KR-Dev-Container/Minerva-Exps/benchmarks/experiments/paper_daghar_supervised_3runs_perlr_samples_down_seed_harcnn_125/logs/id_08b504792873/final,44e520461f,/workspaces/HIAAC-KR-Dev-Container/Minerva-Exps/benchmarks/experiments/paper_daghar_supervised_3runs_perlr_samples_down_seed_harcnn_125/logs/id_08b504792873/final/metrics_2025-09-15-12-13-44e520461f.yaml,/workspaces/HIAAC-KR-Dev-Container/Minerva-Exps/benchmarks/experiments/paper_daghar_supervised_3runs_perlr_samples_down_seed_harcnn_125/logs/id_08b504792873/final/run_2025-09-15-12-13-44e520461f.yaml,0.625235378742218,0.625235378742218,0.5838373303413391,0.625235378742218,0.656037449836731,0.6252354383468628
evaluate_harcnn,id_08a4a2cb48ef,id_8d4684fa7291,completed,1,True,id_205d675a6782,supervised,harcnn,full_finetune_lr1,id_2cb57fb4e55b,multimodal_df,daghar_standardized_balanced,wisdm,test,config_0,multimodal_perc_100,id_c2d68cc99d8f,har,evaluate,full_run,/workspaces/HIAAC-KR-Dev-Container/Minerva-Exps/benchmarks/experiments/paper_daghar_supervised_3runs_perlr_samples_down_seed_harcnn_125/logs/id_08a4a2cb48ef/final,40eb000d98,/workspaces/HIAAC-KR-Dev-Container/Minerva-Exps/benchmarks/experiments/paper_daghar_supervised_3runs_perlr_samples_down_seed_harcnn_125/logs/id_08a4a2cb48ef/final/metrics_2025-09-15-12-13-40eb000d98.yaml,/workspaces/HIAAC-KR-Dev-Container/Minerva-Exps/benchmarks/experiments/paper_daghar_supervised_3runs_perlr_samples_down_seed_harcnn_125/logs/id_08a4a2cb48ef/final/run_2025-09-15-12-13-40eb000d98.yaml,0.4685099720954895,0.4685099720954895,0.3547334671020508,0.4685099720954895,0.3300112187862396,0.4685099720954895
evaluate_harcnn,id_09834ac94f91,id_601512c0324d,completed,1,True,id_58a400b02098,supervised,harcnn,full_finetune_lr2,id_5365127f28e8,multimodal_df,daghar_standardized_balanced,kuhar,test,config_0,multimodal_perc_100,id_c2d68cc99d8f,har,evaluate,full_run,/workspaces/HIAAC-KR-Dev-Container/Minerva-Exps/benchmarks/experiments/paper_daghar_supervised_3runs_perlr_samples_down_seed_harcnn_125/logs/id_09834ac94f91/final,57822f8a26,/workspaces/HIAAC-KR-Dev-Container/Minerva-Exps/benchmarks/experiments/paper_daghar_supervised_3runs_perlr_samples_down_seed_harcnn_125/logs/id_09834ac94f91/final/metrics_2025-09-15-12-13-57822f8a26.yaml,/workspaces/HIAAC-KR-Dev-Container/Minerva-Exps/benchmarks/experiments/paper_daghar_supervised_3runs_perlr_samples_down_seed_harcnn_125/logs/id_09834ac94f91/final/run_2025-09-15-12-13-57822f8a26.yaml,0.5416666865348816,0.5416666865348816,0.47266003489494324,0.5416666865348816,0.44431421160697937,0.5416666269302368
evaluate_harcnn,id_090ffbcfb4f2,id_1ab574543ccc,completed,1,True,id_58a400b02098,supervised,harcnn,full_finetune_lr2,id_e7f63cc66b02,multimodal_df,daghar_standardized_balanced,motionsense,test,config_0,multimodal_perc_100,id_c2d68cc99d8f,har,evaluate,full_run,/workspaces/HIAAC-KR-Dev-Container/Minerva-Exps/benchmarks/experiments/paper_daghar_supervised_3runs_perlr_samples_down_seed_harcnn_125/logs/id_090ffbcfb4f2/final,488e126949,/workspaces/HIAAC-KR-Dev-Container/Minerva-Exps/benchmarks/experiments/paper_daghar_supervised_3runs_perlr_samples_down_seed_harcnn_125/logs/id_090ffbcfb4f2/final/metrics_2025-09-15-12-13-488e126949.yaml,/workspaces/HIAAC-KR-Dev-Container/Minerva-Exps/benchmarks/experiments/paper_daghar_supervised_3runs_perlr_samples_down_seed_harcnn_125/logs/id_090ffbcfb4f2/final/run_2025-09-15-12-13-488e126949.yaml,0.16854991018772125,0.16854991018772125,0.05247283726930618,0.16854991018772125,0.03615623712539673,0.16854991018772125
evaluate_harcnn,id_0a2d9c85c691,id_a69343614b27,completed,1,True,id_205d675a6782,supervised,harcnn,full_finetune_lr1,id_14a6ecc69dec,multimodal_df,daghar_standardized_balanced,uci,test,config_0,multimodal_perc_100,id_c2d68cc99d8f,har,evaluate,full_run,/workspaces/HIAAC-KR-Dev-Container/Minerva-Exps/benchmarks/experiments/paper_daghar_supervised_3runs_perlr_samples_down_seed_harcnn_125/logs/id_0a2d9c85c691/final,0363f6b0b3,/workspaces/HIAAC-KR-Dev-Container/Minerva-Exps/benchmarks/experiments/paper_daghar_supervised_3runs_perlr_samples_down_seed_harcnn_125/logs/id_0a2d9c85c691/final/metrics_2025-09-15-12-14-0363f6b0b3.yaml,/workspaces/HIAAC-KR-Dev-Container/Minerva-Exps/benchmarks/experiments/paper_daghar_supervised_3runs_perlr_samples_down_seed_harcnn_125/logs/id_0a2d9c85c691/final/run_2025-09-15-12-14-0363f6b0b3.yaml,0.3898550868034363,0.3898550868034363,0.2733843922615051,0.3898550868034363,0.24794721603393555,0.3898550868034363
evaluate_harcnn,id_0a36696b0b4a,id_dbcecb53071f,completed,1,True,id_58a400b02098,supervised,harcnn,full_finetune_lr2,id_5365127f28e8,multimodal_df,daghar_standardized_balanced,kuhar,test,config_0,multimodal_perc_100,id_c2d68cc99d8f,har,evaluate,full_run,/workspaces/HIAAC-KR-Dev-Container/Minerva-Exps/benchmarks/experiments/paper_daghar_supervised_3runs_perlr_samples_down_seed_harcnn_125/logs/id_0a36696b0b4a/final,0625e873fe,/workspaces/HIAAC-KR-Dev-Container/Minerva-Exps/benchmarks/experiments/paper_daghar_supervised_3runs_perlr_samples_down_seed_harcnn_125/logs/id_0a36696b0b4a/final/metrics_2025-09-15-12-14-0625e873fe.yaml,/workspaces/HIAAC-KR-Dev-Container/Minerva-Exps/benchmarks/experiments/paper_daghar_supervised_3runs_perlr_samples_down_seed_harcnn_125/logs/id_0a36696b0b4a/final/run_2025-09-15-12-14-0625e873fe.yaml,0.3333333432674408,0.3333333432674408,0.26195424795150757,0.3333333432674408,0.22285714745521545,0.3333333432674408
evaluate_harcnn,id_0b33a25ba57b,id_0c5f353e4f62,completed,1,True,id_74afc850e220,supervised,harcnn,full_finetune_lr5,id_5365127f28e8,multimodal_df,daghar_standardized_balanced,kuhar,test,config_0,multimodal_perc_100,id_c2d68cc99d8f,har,evaluate,full_run,/workspaces/HIAAC-KR-Dev-Container/Minerva-Exps/benchmarks/experiments/paper_daghar_supervised_3runs_perlr_samples_down_seed_harcnn_125/logs/id_0b33a25ba57b/final,09fe3a69ec,/workspaces/HIAAC-KR-Dev-Container/Minerva-Exps/benchmarks/experiments/paper_daghar_supervised_3runs_perlr_samples_down_seed_harcnn_125/logs/id_0b33a25ba57b/final/metrics_2025-09-15-12-14-09fe3a69ec.yaml,/workspaces/HIAAC-KR-Dev-Container/Minerva-Exps/benchmarks/experiments/paper_daghar_supervised_3runs_perlr_samples_down_seed_harcnn_125/logs/id_0b33a25ba57b/final/run_2025-09-15-12-14-09fe3a69ec.yaml,0.5763888955116272,0.5763888955116272,0.5078725218772888,0.5763888955116272,0.4903499484062195,0.5763888955116272
evaluate_harcnn,id_0b9960bfda2a,id_8ee7e8da404b,completed,1,True,id_205d675a6782,supervised,harcnn,full_finetune_lr1,id_5365127f28e8,multimodal_df,daghar_standardized_balanced,kuhar,test,config_0,multimodal_perc_100,id_c2d68cc99d8f,har,evaluate,full_run,/workspaces/HIAAC-KR-Dev-Container/Minerva-Exps/benchmarks/experiments/paper_daghar_supervised_3runs_perlr_samples_down_seed_harcnn_125/logs/id_0b9960bfda2a/final,11ab256d27,/workspaces/HIAAC-KR-Dev-Container/Minerva-Exps/benchmarks/experiments/paper_daghar_supervised_3runs_perlr_samples_down_seed_harcnn_125/logs/id_0b9960bfda2a/final/metrics_2025-09-15-12-14-11ab256d27.yaml,/workspaces/HIAAC-KR-Dev-Container/Minerva-Exps/benchmarks/experiments/paper_daghar_supervised_3runs_perlr_samples_down_seed_harcnn_125/logs/id_0b9960bfda2a/final/run_2025-09-15-12-14-11ab256d27.yaml,0.2361111044883728,0.2361111044883728,0.13596491515636444,0.2361111044883728,0.1354166567325592,0.2361111044883728
evaluate_harcnn,id_0b85e2bdcdbd,id_313da832062b,completed,1,True,id_58a400b02098,supervised,harcnn,full_finetune_lr2,id_14a6ecc69dec,multimodal_df,daghar_standardized_balanced,uci,test,config_0,multimodal_perc_100,id_c2d68cc99d8f,har,evaluate,full_run,/workspaces/HIAAC-KR-Dev-Container/Minerva-Exps/benchmarks/experiments/paper_daghar_supervised_3runs_perlr_samples_down_seed_harcnn_125/logs/id_0b85e2bdcdbd/final,11de40b308,/workspaces/HIAAC-KR-Dev-Container/Minerva-Exps/benchmarks/experiments/paper_daghar_supervised_3runs_perlr_samples_down_seed_harcnn_125/logs/id_0b85e2bdcdbd/final/metrics_2025-09-15-12-14-11de40b308.yaml,/workspaces/HIAAC-KR-Dev-Container/Minerva-Exps/benchmarks/experiments/paper_daghar_supervised_3runs_perlr_samples_down_seed_harcnn_125/logs/id_0b85e2bdcdbd/final/run_2025-09-15-12-14-11de40b308.yaml,0.7971014380455017,0.7971014380455017,0.732185959815979,0.7971014380455017,0.896026074886322,0.7971014976501465
evaluate_harcnn,id_0c38f2512db2,id_7ac25a9cb16c,completed,1,True,id_74afc850e220,supervised,harcnn,full_finetune_lr5,id_5365127f28e8,multimodal_df,daghar_standardized_balanced,kuhar,test,config_0,multimodal_perc_100,id_c2d68cc99d8f,har,evaluate,full_run,/workspaces/HIAAC-KR-Dev-Container/Minerva-Exps/benchmarks/experiments/paper_daghar_supervised_3runs_perlr_samples_down_seed_harcnn_125/logs/id_0c38f2512db2/final,1559a894d5,/workspaces/HIAAC-KR-Dev-Container/Minerva-Exps/benchmarks/experiments/paper_daghar_supervised_3runs_perlr_samples_down_seed_harcnn_125/logs/id_0c38f2512db2/final/metrics_2025-09-15-12-14-1559a894d5.yaml,/workspaces/HIAAC-KR-Dev-Container/Minerva-Exps/benchmarks/experiments/paper_daghar_supervised_3runs_perlr_samples_down_seed_harcnn_125/logs/id_0c38f2512db2/final/run_2025-09-15-12-14-1559a894d5.yaml,0.5555555820465088,0.555555522441864,0.4827767014503479,0.5555555820465088,0.5391472578048706,0.5555555820465088
evaluate_harcnn,id_0bb64219abfd,id_0cea33620e06,completed,1,True,id_205d675a6782,supervised,harcnn,full_finetune_lr1,id_14a6ecc69dec,multimodal_df,daghar_standardized_balanced,uci,test,config_0,multimodal_perc_100,id_c2d68cc99d8f,har,evaluate,full_run,/workspaces/HIAAC-KR-Dev-Container/Minerva-Exps/benchmarks/experiments/paper_daghar_supervised_3runs_perlr_samples_down_seed_harcnn_125/logs/id_0bb64219abfd/final,16c79463d6,/workspaces/HIAAC-KR-Dev-Container/Minerva-Exps/benchmarks/experiments/paper_daghar_supervised_3runs_perlr_samples_down_seed_harcnn_125/logs/id_0bb64219abfd/final/metrics_2025-09-15-12-14-16c79463d6.yaml,/workspaces/HIAAC-KR-Dev-Container/Minerva-Exps/benchmarks/experiments/paper_daghar_supervised_3runs_perlr_samples_down_seed_harcnn_125/logs/id_0bb64219abfd/final/run_2025-09-15-12-14-16c79463d6.yaml,0.3231883943080902,0.3231883943080902,0.22617924213409424,0.3231883943080902,0.24336978793144226,0.3231883943080902
evaluate_harcnn,id_0d835ca54f4a,id_704c621d01d5,completed,1,True,id_205d675a6782,supervised,harcnn,full_finetune_lr1,id_5365127f28e8,multimodal_df,daghar_standardized_balanced,kuhar,test,config_0,multimodal_perc_100,id_c2d68cc99d8f,har,evaluate,full_run,/workspaces/HIAAC-KR-Dev-Container/Minerva-Exps/benchmarks/experiments/paper_daghar_supervised_3runs_perlr_samples_down_seed_harcnn_125/logs/id_0d835ca54f4a/final,23d4a42db5,/workspaces/HIAAC-KR-Dev-Container/Minerva-Exps/benchmarks/experiments/paper_daghar_supervised_3runs_perlr_samples_down_seed_harcnn_125/logs/id_0d835ca54f4a/final/metrics_2025-09-15-12-14-23d4a42db5.yaml,/workspaces/HIAAC-KR-Dev-Container/Minerva-Exps/benchmarks/experiments/paper_daghar_supervised_3runs_perlr_samples_down_seed_harcnn_125/logs/id_0d835ca54f4a/final/run_2025-09-15-12-14-23d4a42db5.yaml,0.2638888955116272,0.2638888657093048,0.15446320176124573,0.2638888955116272,0.13450711965560913,0.2638888955116272
evaluate_harcnn,id_0c8615583f08,id_6a097ae156e1,completed,1,True,id_58a400b02098,supervised,harcnn,full_finetune_lr2,id_e7f63cc66b02,multimodal_df,daghar_standardized_balanced,motionsense,test,config_0,multimodal_perc_100,id_c2d68cc99d8f,har,evaluate,full_run,/workspaces/HIAAC-KR-Dev-Container/Minerva-Exps/benchmarks/experiments/paper_daghar_supervised_3runs_perlr_samples_down_seed_harcnn_125/logs/id_0c8615583f08/final,22fb64a697,/workspaces/HIAAC-KR-Dev-Container/Minerva-Exps/benchmarks/experiments/paper_daghar_supervised_3runs_perlr_samples_down_seed_harcnn_125/logs/id_0c8615583f08/final/metrics_2025-09-15-12-14-22fb64a697.yaml,/workspaces/HIAAC-KR-Dev-Container/Minerva-Exps/benchmarks/experiments/paper_daghar_supervised_3runs_perlr_samples_down_seed_harcnn_125/logs/id_0c8615583f08/final/run_2025-09-15-12-14-22fb64a697.yaml,0.48022598028182983,0.4802260100841522,0.46142062544822693,0.48022598028182983,0.453400582075119,0.4802260100841522
evaluate_harcnn,id_0efe36371fec,id_87143f36f3dc,completed,1,True,id_58a400b02098,supervised,harcnn,full_finetune_lr2,id_5365127f28e8,multimodal_df,daghar_standardized_balanced,kuhar,test,config_0,multimodal_perc_100,id_c2d68cc99d8f,har,evaluate,full_run,/workspaces/HIAAC-KR-Dev-Container/Minerva-Exps/benchmarks/experiments/paper_daghar_supervised_3runs_perlr_samples_down_seed_harcnn_125/logs/id_0efe36371fec/final,31f1cd180a,/workspaces/HIAAC-KR-Dev-Container/Minerva-Exps/benchmarks/experiments/paper_daghar_supervised_3runs_perlr_samples_down_seed_harcnn_125/logs/id_0efe36371fec/final/metrics_2025-09-15-12-14-31f1cd180a.yaml,/workspaces/HIAAC-KR-Dev-Container/Minerva-Exps/benchmarks/experiments/paper_daghar_supervised_3runs_perlr_samples_down_seed_harcnn_125/logs/id_0efe36371fec/final/run_2025-09-15-12-14-31f1cd180a.yaml,0.1666666716337204,0.1666666716337204,0.06666667014360428,0.1666666716337204,0.0416666679084301,0.1666666716337204
evaluate_harcnn,id_0f17cb9df430,id_4bc7e9ce720f,completed,1,True,id_205d675a6782,supervised,harcnn,full_finetune_lr1,id_14a6ecc69dec,multimodal_df,daghar_standardized_balanced,uci,test,config_0,multimodal_perc_100,id_c2d68cc99d8f,har,evaluate,full_run,/workspaces/HIAAC-KR-Dev-Container/Minerva-Exps/benchmarks/experiments/paper_daghar_supervised_3runs_perlr_samples_down_seed_harcnn_125/logs/id_0f17cb9df430/final,32ceac05e4,/workspaces/HIAAC-KR-Dev-Container/Minerva-Exps/benchmarks/experiments/paper_daghar_supervised_3runs_perlr_samples_down_seed_harcnn_125/logs/id_0f17cb9df430/final/metrics_2025-09-15-12-14-32ceac05e4.yaml,/workspaces/HIAAC-KR-Dev-Container/Minerva-Exps/benchmarks/experiments/paper_daghar_supervised_3runs_perlr_samples_down_seed_harcnn_125/logs/id_0f17cb9df430/final/run_2025-09-15-12-14-32ceac05e4.yaml,0.3753623068332672,0.3753623366355896,0.26559585332870483,0.3753623068332672,0.24739009141921997,0.3753623366355896
evaluate_harcnn,id_0a3ebaeda1c1,id_14d182d8f308,completed,1,True,id_58a400b02098,supervised,harcnn,full_finetune_lr2,id_f390297e57d1,multimodal_df,daghar_standardized_balanced,rw_thigh,test,config_0,multimodal_perc_100,id_c2d68cc99d8f,har,evaluate,full_run,/workspaces/HIAAC-KR-Dev-Container/Minerva-Exps/benchmarks/experiments/paper_daghar_supervised_3runs_perlr_samples_down_seed_harcnn_125/logs/id_0a3ebaeda1c1/final,085334a69b,/workspaces/HIAAC-KR-Dev-Container/Minerva-Exps/benchmarks/experiments/paper_daghar_supervised_3runs_perlr_samples_down_seed_harcnn_125/logs/id_0a3ebaeda1c1/final/metrics_2025-09-15-12-14-085334a69b.yaml,/workspaces/HIAAC-KR-Dev-Container/Minerva-Exps/benchmarks/experiments/paper_daghar_supervised_3runs_perlr_samples_down_seed_harcnn_125/logs/id_0a3ebaeda1c1/final/run_2025-09-15-12-14-085334a69b.yaml,0.5106970071792603,0.510697066783905,0.44395020604133606,0.5106970071792603,0.49850326776504517,0.5106970071792603
evaluate_harcnn,id_0fbf7b3d69ef,id_c6a5df3dac3c,completed,1,True,id_205d675a6782,supervised,harcnn,full_finetune_lr1,id_14a6ecc69dec,multimodal_df,daghar_standardized_balanced,uci,test,config_0,multimodal_perc_100,id_c2d68cc99d8f,har,evaluate,full_run,/workspaces/HIAAC-KR-Dev-Container/Minerva-Exps/benchmarks/experiments/paper_daghar_supervised_3runs_perlr_samples_down_seed_harcnn_125/logs/id_0fbf7b3d69ef/final,36a541000c,/workspaces/HIAAC-KR-Dev-Container/Minerva-Exps/benchmarks/experiments/paper_daghar_supervised_3runs_perlr_samples_down_seed_harcnn_125/logs/id_0fbf7b3d69ef/final/metrics_2025-09-15-12-14-36a541000c.yaml,/workspaces/HIAAC-KR-Dev-Container/Minerva-Exps/benchmarks/experiments/paper_daghar_supervised_3runs_perlr_samples_down_seed_harcnn_125/logs/id_0fbf7b3d69ef/final/run_2025-09-15-12-14-36a541000c.yaml,0.3898550868034363,0.3898550868034363,0.2733710706233978,0.3898550868034363,0.2460460513830185,0.3898550868034363
evaluate_harcnn,id_1535c37be93b,id_0ec55233d259,completed,1,True,id_74afc850e220,supervised,harcnn,full_finetune_lr5,id_5365127f28e8,multimodal_df,daghar_standardized_balanced,kuhar,test,config_0,multimodal_perc_100,id_c2d68cc99d8f,har,evaluate,full_run,/workspaces/HIAAC-KR-Dev-Container/Minerva-Exps/benchmarks/experiments/paper_daghar_supervised_3runs_perlr_samples_down_seed_harcnn_125/logs/id_1535c37be93b/final,47a2eea249,/workspaces/HIAAC-KR-Dev-Container/Minerva-Exps/benchmarks/experiments/paper_daghar_supervised_3runs_perlr_samples_down_seed_harcnn_125/logs/id_1535c37be93b/final/metrics_2025-09-15-12-14-47a2eea249.yaml,/workspaces/HIAAC-KR-Dev-Container/Minerva-Exps/benchmarks/experiments/paper_daghar_supervised_3runs_perlr_samples_down_seed_harcnn_125/logs/id_1535c37be93b/final/run_2025-09-15-12-14-47a2eea249.yaml,0.3958333432674408,0.3958333730697632,0.30507782101631165,0.3958333432674408,0.33149343729019165,0.3958333730697632
evaluate_harcnn,id_0e0a9baa5f31,id_c850d47c072e,completed,1,True,id_58a400b02098,supervised,harcnn,full_finetune_lr2,id_2cb57fb4e55b,multimodal_df,daghar_standardized_balanced,wisdm,test,config_0,multimodal_perc_100,id_c2d68cc99d8f,har,evaluate,full_run,/workspaces/HIAAC-KR-Dev-Container/Minerva-Exps/benchmarks/experiments/paper_daghar_supervised_3runs_perlr_samples_down_seed_harcnn_125/logs/id_0e0a9baa5f31/final,268a56bc59,/workspaces/HIAAC-KR-Dev-Container/Minerva-Exps/benchmarks/experiments/paper_daghar_supervised_3runs_perlr_samples_down_seed_harcnn_125/logs/id_0e0a9baa5f31/final/metrics_2025-09-15-12-14-268a56bc59.yaml,/workspaces/HIAAC-KR-Dev-Container/Minerva-Exps/benchmarks/experiments/paper_daghar_supervised_3runs_perlr_samples_down_seed_harcnn_125/logs/id_0e0a9baa5f31/final/run_2025-09-15-12-14-268a56bc59.yaml,0.7446236610412598,0.7446236610412598,0.6612095832824707,0.7446236610412598,0.6192519068717957,0.7446236610412598
evaluate_harcnn,id_1627ecf643d5,id_7217d3904ba6,completed,1,True,id_205d675a6782,supervised,harcnn,full_finetune_lr1,id_5365127f28e8,multimodal_df,daghar_standardized_balanced,kuhar,test,config_0,multimodal_perc_100,id_c2d68cc99d8f,har,evaluate,full_run,/workspaces/HIAAC-KR-Dev-Container/Minerva-Exps/benchmarks/experiments/paper_daghar_supervised_3runs_perlr_samples_down_seed_harcnn_125/logs/id_1627ecf643d5/final,51a8702a2f,/workspaces/HIAAC-KR-Dev-Container/Minerva-Exps/benchmarks/experiments/paper_daghar_supervised_3runs_perlr_samples_down_seed_harcnn_125/logs/id_1627ecf643d5/final/metrics_2025-09-15-12-14-51a8702a2f.yaml,/workspaces/HIAAC-KR-Dev-Container/Minerva-Exps/benchmarks/experiments/paper_daghar_supervised_3runs_perlr_samples_down_seed_harcnn_125/logs/id_1627ecf643d5/final/run_2025-09-15-12-14-51a8702a2f.yaml,0.2013888955116272,0.2013888955116272,0.125,0.2013888955116272,0.0920138880610466,0.2013888955116272
evaluate_harcnn,id_160903781b04,id_5295c843f660,completed,1,True,id_74afc850e220,supervised,harcnn,full_finetune_lr5,id_5365127f28e8,multimodal_df,daghar_standardized_balanced,kuhar,test,config_0,multimodal_perc_100,id_c2d68cc99d8f,har,evaluate,full_run,/workspaces/HIAAC-KR-Dev-Container/Minerva-Exps/benchmarks/experiments/paper_daghar_supervised_3runs_perlr_samples_down_seed_harcnn_125/logs/id_160903781b04/final,5169dcf59f,/workspaces/HIAAC-KR-Dev-Container/Minerva-Exps/benchmarks/experiments/paper_daghar_supervised_3runs_perlr_samples_down_seed_harcnn_125/logs/id_160903781b04/final/metrics_2025-09-15-12-14-5169dcf59f.yaml,/workspaces/HIAAC-KR-Dev-Container/Minerva-Exps/benchmarks/experiments/paper_daghar_supervised_3runs_perlr_samples_down_seed_harcnn_125/logs/id_160903781b04/final/run_2025-09-15-12-14-5169dcf59f.yaml,0.5138888955116272,0.5138888955116272,0.41862744092941284,0.5138888955116272,0.486030638217926,0.5138888955116272
evaluate_harcnn,id_0ed4daf4a77d,id_b24b7a5881a2,completed,1,True,id_58a400b02098,supervised,harcnn,full_finetune_lr2,id_b1f5143574a1,multimodal_df,daghar_standardized_balanced,rw_waist,test,config_0,multimodal_perc_100,id_c2d68cc99d8f,har,evaluate,full_run,/workspaces/HIAAC-KR-Dev-Container/Minerva-Exps/benchmarks/experiments/paper_daghar_supervised_3runs_perlr_samples_down_seed_harcnn_125/logs/id_0ed4daf4a77d/final,288c2af60b,/workspaces/HIAAC-KR-Dev-Container/Minerva-Exps/benchmarks/experiments/paper_daghar_supervised_3runs_perlr_samples_down_seed_harcnn_125/logs/id_0ed4daf4a77d/final/metrics_2025-09-15-12-14-288c2af60b.yaml,/workspaces/HIAAC-KR-Dev-Container/Minerva-Exps/benchmarks/experiments/paper_daghar_supervised_3runs_perlr_samples_down_seed_harcnn_125/logs/id_0ed4daf4a77d/final/run_2025-09-15-12-14-288c2af60b.yaml,0.676311731338501,0.676311731338501,0.6292843818664551,0.676311731338501,0.6473068594932556,0.676311731338501
evaluate_harcnn,id_136fba2d79e6,id_148e0b74f591,completed,1,True,id_58a400b02098,supervised,harcnn,full_finetune_lr2,id_e7f63cc66b02,multimodal_df,daghar_standardized_balanced,motionsense,test,config_0,multimodal_perc_100,id_c2d68cc99d8f,har,evaluate,full_run,/workspaces/HIAAC-KR-Dev-Container/Minerva-Exps/benchmarks/experiments/paper_daghar_supervised_3runs_perlr_samples_down_seed_harcnn_125/logs/id_136fba2d79e6/final,47aa07a782,/workspaces/HIAAC-KR-Dev-Container/Minerva-Exps/benchmarks/experiments/paper_daghar_supervised_3runs_perlr_samples_down_seed_harcnn_125/logs/id_136fba2d79e6/final/metrics_2025-09-15-12-14-47aa07a782.yaml,/workspaces/HIAAC-KR-Dev-Container/Minerva-Exps/benchmarks/experiments/paper_daghar_supervised_3runs_perlr_samples_down_seed_harcnn_125/logs/id_136fba2d79e6/final/run_2025-09-15-12-14-47aa07a782.yaml,0.790960431098938,0.7909604907035828,0.7396714687347412,0.790960431098938,0.8102853298187256,0.790960431098938
evaluate_harcnn,id_121c5082352d,id_ce4e7c17a0d0,completed,1,True,id_58a400b02098,supervised,harcnn,full_finetune_lr2,id_b1f5143574a1,multimodal_df,daghar_standardized_balanced,rw_waist,test,config_0,multimodal_perc_100,id_c2d68cc99d8f,har,evaluate,full_run,/workspaces/HIAAC-KR-Dev-Container/Minerva-Exps/benchmarks/experiments/paper_daghar_supervised_3runs_perlr_samples_down_seed_harcnn_125/logs/id_121c5082352d/final,39eda38190,/workspaces/HIAAC-KR-Dev-Container/Minerva-Exps/benchmarks/experiments/paper_daghar_supervised_3runs_perlr_samples_down_seed_harcnn_125/logs/id_121c5082352d/final/metrics_2025-09-15-12-14-39eda38190.yaml,/workspaces/HIAAC-KR-Dev-Container/Minerva-Exps/benchmarks/experiments/paper_daghar_supervised_3runs_perlr_samples_down_seed_harcnn_125/logs/id_121c5082352d/final/run_2025-09-15-12-14-39eda38190.yaml,0.47685185074806213,0.47685185074806213,0.41090404987335205,0.47685185074806213,0.3847716152667999,0.47685185074806213
evaluate_harcnn,id_1635afeadca8,id_b2cff1606548,completed,1,True,id_74afc850e220,supervised,harcnn,full_finetune_lr5,id_e7f63cc66b02,multimodal_df,daghar_standardized_balanced,motionsense,test,config_0,multimodal_perc_100,id_c2d68cc99d8f,har,evaluate,full_run,/workspaces/HIAAC-KR-Dev-Container/Minerva-Exps/benchmarks/experiments/paper_daghar_supervised_3runs_perlr_samples_down_seed_harcnn_125/logs/id_1635afeadca8/final,5596909fb8,/workspaces/HIAAC-KR-Dev-Container/Minerva-Exps/benchmarks/experiments/paper_daghar_supervised_3runs_perlr_samples_down_seed_harcnn_125/logs/id_1635afeadca8/final/metrics_2025-09-15-12-14-5596909fb8.yaml,/workspaces/HIAAC-KR-Dev-Container/Minerva-Exps/benchmarks/experiments/paper_daghar_supervised_3runs_perlr_samples_down_seed_harcnn_125/logs/id_1635afeadca8/final/run_2025-09-15-12-14-5596909fb8.yaml,0.721280574798584,0.7212806344032288,0.6942612528800964,0.721280574798584,0.7676268219947815,0.721280574798584
evaluate_harcnn,id_167fcf5c6b9c,id_e8d616bdd3c2,completed,1,True,id_74afc850e220,supervised,harcnn,full_finetune_lr5,id_14a6ecc69dec,multimodal_df,daghar_standardized_balanced,uci,test,config_0,multimodal_perc_100,id_c2d68cc99d8f,har,evaluate,full_run,/workspaces/HIAAC-KR-Dev-Container/Minerva-Exps/benchmarks/experiments/paper_daghar_supervised_3runs_perlr_samples_down_seed_harcnn_125/logs/id_167fcf5c6b9c/final,0577693593,/workspaces/HIAAC-KR-Dev-Container/Minerva-Exps/benchmarks/experiments/paper_daghar_supervised_3runs_perlr_samples_down_seed_harcnn_125/logs/id_167fcf5c6b9c/final/metrics_2025-09-15-12-15-0577693593.yaml,/workspaces/HIAAC-KR-Dev-Container/Minerva-Exps/benchmarks/experiments/paper_daghar_supervised_3runs_perlr_samples_down_seed_harcnn_125/logs/id_167fcf5c6b9c/final/run_2025-09-15-12-15-0577693593.yaml,0.6000000238418579,0.6000000238418579,0.53870689868927,0.6000000238418579,0.7179883122444153,0.5999999642372131
evaluate_harcnn,id_1895865bd7ba,id_1d969e0361f4,completed,1,True,id_58a400b02098,supervised,harcnn,full_finetune_lr2,id_5365127f28e8,multimodal_df,daghar_standardized_balanced,kuhar,test,config_0,multimodal_perc_100,id_c2d68cc99d8f,har,evaluate,full_run,/workspaces/HIAAC-KR-Dev-Container/Minerva-Exps/benchmarks/experiments/paper_daghar_supervised_3runs_perlr_samples_down_seed_harcnn_125/logs/id_1895865bd7ba/final,117d5843e0,/workspaces/HIAAC-KR-Dev-Container/Minerva-Exps/benchmarks/experiments/paper_daghar_supervised_3runs_perlr_samples_down_seed_harcnn_125/logs/id_1895865bd7ba/final/metrics_2025-09-15-12-15-117d5843e0.yaml,/workspaces/HIAAC-KR-Dev-Container/Minerva-Exps/benchmarks/experiments/paper_daghar_supervised_3runs_perlr_samples_down_seed_harcnn_125/logs/id_1895865bd7ba/final/run_2025-09-15-12-15-117d5843e0.yaml,0.3472222089767456,0.347222238779068,0.20388615131378174,0.3472222089767456,0.21014493703842163,0.347222238779068
evaluate_harcnn,id_17f9578a78a0,id_35880189abdf,completed,1,True,id_205d675a6782,supervised,harcnn,full_finetune_lr1,id_14a6ecc69dec,multimodal_df,daghar_standardized_balanced,uci,test,config_0,multimodal_perc_100,id_c2d68cc99d8f,har,evaluate,full_run,/workspaces/HIAAC-KR-Dev-Container/Minerva-Exps/benchmarks/experiments/paper_daghar_supervised_3runs_perlr_samples_down_seed_harcnn_125/logs/id_17f9578a78a0/final,10f7b6687a,/workspaces/HIAAC-KR-Dev-Container/Minerva-Exps/benchmarks/experiments/paper_daghar_supervised_3runs_perlr_samples_down_seed_harcnn_125/logs/id_17f9578a78a0/final/metrics_2025-09-15-12-15-10f7b6687a.yaml,/workspaces/HIAAC-KR-Dev-Container/Minerva-Exps/benchmarks/experiments/paper_daghar_supervised_3runs_perlr_samples_down_seed_harcnn_125/logs/id_17f9578a78a0/final/run_2025-09-15-12-15-10f7b6687a.yaml,0.31449276208877563,0.31449276208877563,0.21884971857070923,0.31449276208877563,0.24282020330429077,0.31449276208877563
evaluate_harcnn,id_1703bc40051f,id_ec93987cdbb7,completed,1,True,id_205d675a6782,supervised,harcnn,full_finetune_lr1,id_e7f63cc66b02,multimodal_df,daghar_standardized_balanced,motionsense,test,config_0,multimodal_perc_100,id_c2d68cc99d8f,har,evaluate,full_run,/workspaces/HIAAC-KR-Dev-Container/Minerva-Exps/benchmarks/experiments/paper_daghar_supervised_3runs_perlr_samples_down_seed_harcnn_125/logs/id_1703bc40051f/final,070d67897b,/workspaces/HIAAC-KR-Dev-Container/Minerva-Exps/benchmarks/experiments/paper_daghar_supervised_3runs_perlr_samples_down_seed_harcnn_125/logs/id_1703bc40051f/final/metrics_2025-09-15-12-15-070d67897b.yaml,/workspaces/HIAAC-KR-Dev-Container/Minerva-Exps/benchmarks/experiments/paper_daghar_supervised_3runs_perlr_samples_down_seed_harcnn_125/logs/id_1703bc40051f/final/run_2025-09-15-12-15-070d67897b.yaml,0.27306967973709106,0.27306967973709106,0.1822829246520996,0.27306967973709106,0.19775202870368958,0.27306967973709106
evaluate_harcnn,id_1a3a7f554e7c,id_e167bbb21ecd,completed,1,True,id_205d675a6782,supervised,harcnn,full_finetune_lr1,id_5365127f28e8,multimodal_df,daghar_standardized_balanced,kuhar,test,config_0,multimodal_perc_100,id_c2d68cc99d8f,har,evaluate,full_run,/workspaces/HIAAC-KR-Dev-Container/Minerva-Exps/benchmarks/experiments/paper_daghar_supervised_3runs_perlr_samples_down_seed_harcnn_125/logs/id_1a3a7f554e7c/final,1709a4f45c,/workspaces/HIAAC-KR-Dev-Container/Minerva-Exps/benchmarks/experiments/paper_daghar_supervised_3runs_perlr_samples_down_seed_harcnn_125/logs/id_1a3a7f554e7c/final/metrics_2025-09-15-12-15-1709a4f45c.yaml,/workspaces/HIAAC-KR-Dev-Container/Minerva-Exps/benchmarks/experiments/paper_daghar_supervised_3runs_perlr_samples_down_seed_harcnn_125/logs/id_1a3a7f554e7c/final/run_2025-09-15-12-15-1709a4f45c.yaml,0.3333333432674408,0.3333333432674408,0.17399267852306366,0.3333333432674408,0.1195286214351654,0.3333333432674408
evaluate_harcnn,id_173cf2193685,id_ed4c0e8f3d79,completed,1,True,id_74afc850e220,supervised,harcnn,full_finetune_lr5,id_e7f63cc66b02,multimodal_df,daghar_standardized_balanced,motionsense,test,config_0,multimodal_perc_100,id_c2d68cc99d8f,har,evaluate,full_run,/workspaces/HIAAC-KR-Dev-Container/Minerva-Exps/benchmarks/experiments/paper_daghar_supervised_3runs_perlr_samples_down_seed_harcnn_125/logs/id_173cf2193685/final,07a2189ab1,/workspaces/HIAAC-KR-Dev-Container/Minerva-Exps/benchmarks/experiments/paper_daghar_supervised_3runs_perlr_samples_down_seed_harcnn_125/logs/id_173cf2193685/final/metrics_2025-09-15-12-15-07a2189ab1.yaml,/workspaces/HIAAC-KR-Dev-Container/Minerva-Exps/benchmarks/experiments/paper_daghar_supervised_3runs_perlr_samples_down_seed_harcnn_125/logs/id_173cf2193685/final/run_2025-09-15-12-15-07a2189ab1.yaml,0.48399245738983154,0.48399248719215393,0.411711186170578,0.48399245738983154,0.40290480852127075,0.48399248719215393
evaluate_harcnn,id_1a81c7076d06,id_c46107245c1b,completed,1,True,id_205d675a6782,supervised,harcnn,full_finetune_lr1,id_e7f63cc66b02,multimodal_df,daghar_standardized_balanced,motionsense,test,config_0,multimodal_perc_100,id_c2d68cc99d8f,har,evaluate,full_run,/workspaces/HIAAC-KR-Dev-Container/Minerva-Exps/benchmarks/experiments/paper_daghar_supervised_3runs_perlr_samples_down_seed_harcnn_125/logs/id_1a81c7076d06/final,2110c2ee25,/workspaces/HIAAC-KR-Dev-Container/Minerva-Exps/benchmarks/experiments/paper_daghar_supervised_3runs_perlr_samples_down_seed_harcnn_125/logs/id_1a81c7076d06/final/metrics_2025-09-15-12-15-2110c2ee25.yaml,/workspaces/HIAAC-KR-Dev-Container/Minerva-Exps/benchmarks/experiments/paper_daghar_supervised_3runs_perlr_samples_down_seed_harcnn_125/logs/id_1a81c7076d06/final/run_2025-09-15-12-15-2110c2ee25.yaml,0.32862523198127747,0.32862523198127747,0.21957410871982574,0.32862523198127747,0.19981274008750916,0.32862523198127747
evaluate_harcnn,id_21c8da2752ca,id_dae944bd83d8,completed,1,True,id_205d675a6782,supervised,harcnn,full_finetune_lr1,id_14a6ecc69dec,multimodal_df,daghar_standardized_balanced,uci,test,config_0,multimodal_perc_100,id_c2d68cc99d8f,har,evaluate,full_run,/workspaces/HIAAC-KR-Dev-Container/Minerva-Exps/benchmarks/experiments/paper_daghar_supervised_3runs_perlr_samples_down_seed_harcnn_125/logs/id_21c8da2752ca/final,3434e857cf,/workspaces/HIAAC-KR-Dev-Container/Minerva-Exps/benchmarks/experiments/paper_daghar_supervised_3runs_perlr_samples_down_seed_harcnn_125/logs/id_21c8da2752ca/final/metrics_2025-09-15-12-15-3434e857cf.yaml,/workspaces/HIAAC-KR-Dev-Container/Minerva-Exps/benchmarks/experiments/paper_daghar_supervised_3runs_perlr_samples_down_seed_harcnn_125/logs/id_21c8da2752ca/final/run_2025-09-15-12-15-3434e857cf.yaml,0.34637680649757385,0.34637680649757385,0.24496611952781677,0.34637680649757385,0.2468590885400772,0.34637683629989624
evaluate_harcnn,id_16ed36f02a0e,id_bf63238d8128,completed,1,True,id_74afc850e220,supervised,harcnn,full_finetune_lr5,id_f390297e57d1,multimodal_df,daghar_standardized_balanced,rw_thigh,test,config_0,multimodal_perc_100,id_c2d68cc99d8f,har,evaluate,full_run,/workspaces/HIAAC-KR-Dev-Container/Minerva-Exps/benchmarks/experiments/paper_daghar_supervised_3runs_perlr_samples_down_seed_harcnn_125/logs/id_16ed36f02a0e/final,04acc5671b,/workspaces/HIAAC-KR-Dev-Container/Minerva-Exps/benchmarks/experiments/paper_daghar_supervised_3runs_perlr_samples_down_seed_harcnn_125/logs/id_16ed36f02a0e/final/metrics_2025-09-15-12-15-04acc5671b.yaml,/workspaces/HIAAC-KR-Dev-Container/Minerva-Exps/benchmarks/experiments/paper_daghar_supervised_3runs_perlr_samples_down_seed_harcnn_125/logs/id_16ed36f02a0e/final/run_2025-09-15-12-15-04acc5671b.yaml,0.49827468395233154,0.49827468395233154,0.4502982199192047,0.49827468395233154,0.4474342167377472,0.49827468395233154
evaluate_harcnn,id_212ce5c2c39e,id_7db6fdf22fdb,completed,1,True,id_205d675a6782,supervised,harcnn,full_finetune_lr1,id_f390297e57d1,multimodal_df,daghar_standardized_balanced,rw_thigh,test,config_0,multimodal_perc_100,id_c2d68cc99d8f,har,evaluate,full_run,/workspaces/HIAAC-KR-Dev-Container/Minerva-Exps/benchmarks/experiments/paper_daghar_supervised_3runs_perlr_samples_down_seed_harcnn_125/logs/id_212ce5c2c39e/final,294574b12b,/workspaces/HIAAC-KR-Dev-Container/Minerva-Exps/benchmarks/experiments/paper_daghar_supervised_3runs_perlr_samples_down_seed_harcnn_125/logs/id_212ce5c2c39e/final/metrics_2025-09-15-12-15-294574b12b.yaml,/workspaces/HIAAC-KR-Dev-Container/Minerva-Exps/benchmarks/experiments/paper_daghar_supervised_3runs_perlr_samples_down_seed_harcnn_125/logs/id_212ce5c2c39e/final/run_2025-09-15-12-15-294574b12b.yaml,0.25224292278289795,0.25224292278289795,0.16447554528713226,0.25224292278289795,0.1970440298318863,0.25224292278289795
evaluate_harcnn,id_1c61c062fd35,id_545f88ce4f4c,completed,1,True,id_58a400b02098,supervised,harcnn,full_finetune_lr2,id_b1f5143574a1,multimodal_df,daghar_standardized_balanced,rw_waist,test,config_0,multimodal_perc_100,id_c2d68cc99d8f,har,evaluate,full_run,/workspaces/HIAAC-KR-Dev-Container/Minerva-Exps/benchmarks/experiments/paper_daghar_supervised_3runs_perlr_samples_down_seed_harcnn_125/logs/id_1c61c062fd35/final,28c4d3f07f,/workspaces/HIAAC-KR-Dev-Container/Minerva-Exps/benchmarks/experiments/paper_daghar_supervised_3runs_perlr_samples_down_seed_harcnn_125/logs/id_1c61c062fd35/final/metrics_2025-09-15-12-15-28c4d3f07f.yaml,/workspaces/HIAAC-KR-Dev-Container/Minerva-Exps/benchmarks/experiments/paper_daghar_supervised_3runs_perlr_samples_down_seed_harcnn_125/logs/id_1c61c062fd35/final/run_2025-09-15-12-15-28c4d3f07f.yaml,0.16512346267700195,0.16512344777584076,0.05406506732106209,0.16512346267700195,0.032491859048604965,0.16512346267700195
evaluate_harcnn,id_1b7442ee9672,id_7d38b6be31dd,completed,1,True,id_58a400b02098,supervised,harcnn,full_finetune_lr2,id_f390297e57d1,multimodal_df,daghar_standardized_balanced,rw_thigh,test,config_0,multimodal_perc_100,id_c2d68cc99d8f,har,evaluate,full_run,/workspaces/HIAAC-KR-Dev-Container/Minerva-Exps/benchmarks/experiments/paper_daghar_supervised_3runs_perlr_samples_down_seed_harcnn_125/logs/id_1b7442ee9672/final,28522d393e,/workspaces/HIAAC-KR-Dev-Container/Minerva-Exps/benchmarks/experiments/paper_daghar_supervised_3runs_perlr_samples_down_seed_harcnn_125/logs/id_1b7442ee9672/final/metrics_2025-09-15-12-15-28522d393e.yaml,/workspaces/HIAAC-KR-Dev-Container/Minerva-Exps/benchmarks/experiments/paper_daghar_supervised_3runs_perlr_samples_down_seed_harcnn_125/logs/id_1b7442ee9672/final/run_2025-09-15-12-15-28522d393e.yaml,0.27467218041419983,0.27467218041419983,0.14589864015579224,0.27467218041419983,0.10572856664657593,0.27467218041419983
evaluate_harcnn,id_22d7a5502696,id_a92bf2fd219f,completed,1,True,id_74afc850e220,supervised,harcnn,full_finetune_lr5,id_e7f63cc66b02,multimodal_df,daghar_standardized_balanced,motionsense,test,config_0,multimodal_perc_100,id_c2d68cc99d8f,har,evaluate,full_run,/workspaces/HIAAC-KR-Dev-Container/Minerva-Exps/benchmarks/experiments/paper_daghar_supervised_3runs_perlr_samples_down_seed_harcnn_125/logs/id_22d7a5502696/final,5250b7f876,/workspaces/HIAAC-KR-Dev-Container/Minerva-Exps/benchmarks/experiments/paper_daghar_supervised_3runs_perlr_samples_down_seed_harcnn_125/logs/id_22d7a5502696/final/metrics_2025-09-15-12-15-5250b7f876.yaml,/workspaces/HIAAC-KR-Dev-Container/Minerva-Exps/benchmarks/experiments/paper_daghar_supervised_3runs_perlr_samples_down_seed_harcnn_125/logs/id_22d7a5502696/final/run_2025-09-15-12-15-5250b7f876.yaml,0.8305084705352783,0.8305084705352783,0.8174387812614441,0.8305084705352783,0.8582525253295898,0.8305084109306335
evaluate_harcnn,id_1f63373fc179,id_c3a8ad0480c3,completed,1,True,id_74afc850e220,supervised,harcnn,full_finetune_lr5,id_f390297e57d1,multimodal_df,daghar_standardized_balanced,rw_thigh,test,config_0,multimodal_perc_100,id_c2d68cc99d8f,har,evaluate,full_run,/workspaces/HIAAC-KR-Dev-Container/Minerva-Exps/benchmarks/experiments/paper_daghar_supervised_3runs_perlr_samples_down_seed_harcnn_125/logs/id_1f63373fc179/final,28a4a3721b,/workspaces/HIAAC-KR-Dev-Container/Minerva-Exps/benchmarks/experiments/paper_daghar_supervised_3runs_perlr_samples_down_seed_harcnn_125/logs/id_1f63373fc179/final/metrics_2025-09-15-12-15-28a4a3721b.yaml,/workspaces/HIAAC-KR-Dev-Container/Minerva-Exps/benchmarks/experiments/paper_daghar_supervised_3runs_perlr_samples_down_seed_harcnn_125/logs/id_1f63373fc179/final/run_2025-09-15-12-15-28a4a3721b.yaml,0.5017253160476685,0.5017253756523132,0.4722153842449188,0.5017253160476685,0.49508118629455566,0.5017253160476685
evaluate_harcnn,id_219f42c1ee4f,id_b306023135d5,completed,1,True,id_74afc850e220,supervised,harcnn,full_finetune_lr5,id_b1f5143574a1,multimodal_df,daghar_standardized_balanced,rw_waist,test,config_0,multimodal_perc_100,id_c2d68cc99d8f,har,evaluate,full_run,/workspaces/HIAAC-KR-Dev-Container/Minerva-Exps/benchmarks/experiments/paper_daghar_supervised_3runs_perlr_samples_down_seed_harcnn_125/logs/id_219f42c1ee4f/final,3274889380,/workspaces/HIAAC-KR-Dev-Container/Minerva-Exps/benchmarks/experiments/paper_daghar_supervised_3runs_perlr_samples_down_seed_harcnn_125/logs/id_219f42c1ee4f/final/metrics_2025-09-15-12-15-3274889380.yaml,/workspaces/HIAAC-KR-Dev-Container/Minerva-Exps/benchmarks/experiments/paper_daghar_supervised_3runs_perlr_samples_down_seed_harcnn_125/logs/id_219f42c1ee4f/final/run_2025-09-15-12-15-3274889380.yaml,0.4891975224018097,0.4891975224018097,0.3921794593334198,0.4891975224018097,0.4230615496635437,0.4891975522041321
evaluate_harcnn,id_2207fd54deb0,id_39902fe4f810,completed,1,True,id_58a400b02098,supervised,harcnn,full_finetune_lr2,id_f390297e57d1,multimodal_df,daghar_standardized_balanced,rw_thigh,test,config_0,multimodal_perc_100,id_c2d68cc99d8f,har,evaluate,full_run,/workspaces/HIAAC-KR-Dev-Container/Minerva-Exps/benchmarks/experiments/paper_daghar_supervised_3runs_perlr_samples_down_seed_harcnn_125/logs/id_2207fd54deb0/final,41ff3176b4,/workspaces/HIAAC-KR-Dev-Container/Minerva-Exps/benchmarks/experiments/paper_daghar_supervised_3runs_perlr_samples_down_seed_harcnn_125/logs/id_2207fd54deb0/final/metrics_2025-09-15-12-15-41ff3176b4.yaml,/workspaces/HIAAC-KR-Dev-Container/Minerva-Exps/benchmarks/experiments/paper_daghar_supervised_3runs_perlr_samples_down_seed_harcnn_125/logs/id_2207fd54deb0/final/run_2025-09-15-12-15-41ff3176b4.yaml,0.4672187566757202,0.4672187566757202,0.3924006521701813,0.4672187566757202,0.3656941056251526,0.4672187566757202
evaluate_harcnn,id_256304131c7b,id_feaee39ae50c,completed,1,True,id_205d675a6782,supervised,harcnn,full_finetune_lr1,id_5365127f28e8,multimodal_df,daghar_standardized_balanced,kuhar,test,config_0,multimodal_perc_100,id_c2d68cc99d8f,har,evaluate,full_run,/workspaces/HIAAC-KR-Dev-Container/Minerva-Exps/benchmarks/experiments/paper_daghar_supervised_3runs_perlr_samples_down_seed_harcnn_125/logs/id_256304131c7b/final,098452d841,/workspaces/HIAAC-KR-Dev-Container/Minerva-Exps/benchmarks/experiments/paper_daghar_supervised_3runs_perlr_samples_down_seed_harcnn_125/logs/id_256304131c7b/final/metrics_2025-09-15-12-16-098452d841.yaml,/workspaces/HIAAC-KR-Dev-Container/Minerva-Exps/benchmarks/experiments/paper_daghar_supervised_3runs_perlr_samples_down_seed_harcnn_125/logs/id_256304131c7b/final/run_2025-09-15-12-16-098452d841.yaml,0.2569444477558136,0.2569444477558136,0.1659831404685974,0.2569444477558136,0.1855311244726181,0.2569444477558136
evaluate_harcnn,id_247cfbe35241,id_15de8d702978,completed,1,True,id_74afc850e220,supervised,harcnn,full_finetune_lr5,id_14a6ecc69dec,multimodal_df,daghar_standardized_balanced,uci,test,config_0,multimodal_perc_100,id_c2d68cc99d8f,har,evaluate,full_run,/workspaces/HIAAC-KR-Dev-Container/Minerva-Exps/benchmarks/experiments/paper_daghar_supervised_3runs_perlr_samples_down_seed_harcnn_125/logs/id_247cfbe35241/final,053b5b97e8,/workspaces/HIAAC-KR-Dev-Container/Minerva-Exps/benchmarks/experiments/paper_daghar_supervised_3runs_perlr_samples_down_seed_harcnn_125/logs/id_247cfbe35241/final/metrics_2025-09-15-12-16-053b5b97e8.yaml,/workspaces/HIAAC-KR-Dev-Container/Minerva-Exps/benchmarks/experiments/paper_daghar_supervised_3runs_perlr_samples_down_seed_harcnn_125/logs/id_247cfbe35241/final/run_2025-09-15-12-16-053b5b97e8.yaml,0.6913043260574341,0.6913043260574341,0.6409872770309448,0.6913043260574341,0.6827352046966553,0.6913043260574341
evaluate_harcnn,id_2709fc3ab96f,id_cb9c5c66ee99,completed,1,True,id_205d675a6782,supervised,harcnn,full_finetune_lr1,id_14a6ecc69dec,multimodal_df,daghar_standardized_balanced,uci,test,config_0,multimodal_perc_100,id_c2d68cc99d8f,har,evaluate,full_run,/workspaces/HIAAC-KR-Dev-Container/Minerva-Exps/benchmarks/experiments/paper_daghar_supervised_3runs_perlr_samples_down_seed_harcnn_125/logs/id_2709fc3ab96f/final,152f1a2259,/workspaces/HIAAC-KR-Dev-Container/Minerva-Exps/benchmarks/experiments/paper_daghar_supervised_3runs_perlr_samples_down_seed_harcnn_125/logs/id_2709fc3ab96f/final/metrics_2025-09-15-12-16-152f1a2259.yaml,/workspaces/HIAAC-KR-Dev-Container/Minerva-Exps/benchmarks/experiments/paper_daghar_supervised_3runs_perlr_samples_down_seed_harcnn_125/logs/id_2709fc3ab96f/final/run_2025-09-15-12-16-152f1a2259.yaml,0.291304349899292,0.291304349899292,0.19707831740379333,0.291304349899292,0.23516716063022614,0.291304349899292
evaluate_harcnn,id_29ed67816330,id_6b06079d959c,completed,1,True,id_74afc850e220,supervised,harcnn,full_finetune_lr5,id_5365127f28e8,multimodal_df,daghar_standardized_balanced,kuhar,test,config_0,multimodal_perc_100,id_c2d68cc99d8f,har,evaluate,full_run,/workspaces/HIAAC-KR-Dev-Container/Minerva-Exps/benchmarks/experiments/paper_daghar_supervised_3runs_perlr_samples_down_seed_harcnn_125/logs/id_29ed67816330/final,207abdfb29,/workspaces/HIAAC-KR-Dev-Container/Minerva-Exps/benchmarks/experiments/paper_daghar_supervised_3runs_perlr_samples_down_seed_harcnn_125/logs/id_29ed67816330/final/metrics_2025-09-15-12-16-207abdfb29.yaml,/workspaces/HIAAC-KR-Dev-Container/Minerva-Exps/benchmarks/experiments/paper_daghar_supervised_3runs_perlr_samples_down_seed_harcnn_125/logs/id_29ed67816330/final/run_2025-09-15-12-16-207abdfb29.yaml,0.6666666865348816,0.6666666865348816,0.6064830422401428,0.6666666865348816,0.5864807367324829,0.6666666865348816
evaluate_harcnn,id_25bd0a77b25a,id_079a544b4f31,completed,1,True,id_74afc850e220,supervised,harcnn,full_finetune_lr5,id_e7f63cc66b02,multimodal_df,daghar_standardized_balanced,motionsense,test,config_0,multimodal_perc_100,id_c2d68cc99d8f,har,evaluate,full_run,/workspaces/HIAAC-KR-Dev-Container/Minerva-Exps/benchmarks/experiments/paper_daghar_supervised_3runs_perlr_samples_down_seed_harcnn_125/logs/id_25bd0a77b25a/final,11076976e5,/workspaces/HIAAC-KR-Dev-Container/Minerva-Exps/benchmarks/experiments/paper_daghar_supervised_3runs_perlr_samples_down_seed_harcnn_125/logs/id_25bd0a77b25a/final/metrics_2025-09-15-12-16-11076976e5.yaml,/workspaces/HIAAC-KR-Dev-Container/Minerva-Exps/benchmarks/experiments/paper_daghar_supervised_3runs_perlr_samples_down_seed_harcnn_125/logs/id_25bd0a77b25a/final/run_2025-09-15-12-16-11076976e5.yaml,0.6450093984603882,0.6450093388557434,0.595786452293396,0.6450093984603882,0.7250473499298096,0.6450093984603882
evaluate_harcnn,id_2d0c87ed289a,id_bcc9eb4169e7,completed,1,True,id_205d675a6782,supervised,harcnn,full_finetune_lr1,id_5365127f28e8,multimodal_df,daghar_standardized_balanced,kuhar,test,config_0,multimodal_perc_100,id_c2d68cc99d8f,har,evaluate,full_run,/workspaces/HIAAC-KR-Dev-Container/Minerva-Exps/benchmarks/experiments/paper_daghar_supervised_3runs_perlr_samples_down_seed_harcnn_125/logs/id_2d0c87ed289a/final,24248fb1df,/workspaces/HIAAC-KR-Dev-Container/Minerva-Exps/benchmarks/experiments/paper_daghar_supervised_3runs_perlr_samples_down_seed_harcnn_125/logs/id_2d0c87ed289a/final/metrics_2025-09-15-12-16-24248fb1df.yaml,/workspaces/HIAAC-KR-Dev-Container/Minerva-Exps/benchmarks/experiments/paper_daghar_supervised_3runs_perlr_samples_down_seed_harcnn_125/logs/id_2d0c87ed289a/final/run_2025-09-15-12-16-24248fb1df.yaml,0.2638888955116272,0.2638888657093048,0.153166264295578,0.2638888955116272,0.1308356672525406,0.2638888955116272
evaluate_harcnn,id_2436b7108549,id_0ad16251ff1c,completed,1,True,id_74afc850e220,supervised,harcnn,full_finetune_lr5,id_f390297e57d1,multimodal_df,daghar_standardized_balanced,rw_thigh,test,config_0,multimodal_perc_100,id_c2d68cc99d8f,har,evaluate,full_run,/workspaces/HIAAC-KR-Dev-Container/Minerva-Exps/benchmarks/experiments/paper_daghar_supervised_3runs_perlr_samples_down_seed_harcnn_125/logs/id_2436b7108549/final,54205c8595,/workspaces/HIAAC-KR-Dev-Container/Minerva-Exps/benchmarks/experiments/paper_daghar_supervised_3runs_perlr_samples_down_seed_harcnn_125/logs/id_2436b7108549/final/metrics_2025-09-15-12-15-54205c8595.yaml,/workspaces/HIAAC-KR-Dev-Container/Minerva-Exps/benchmarks/experiments/paper_daghar_supervised_3runs_perlr_samples_down_seed_harcnn_125/logs/id_2436b7108549/final/run_2025-09-15-12-15-54205c8595.yaml,0.5766045451164246,0.5766045451164246,0.5762634873390198,0.5766045451164246,0.6015357971191406,0.5766046047210693
evaluate_harcnn,id_2d2d612f0521,id_2b719b63de7f,completed,1,True,id_205d675a6782,supervised,harcnn,full_finetune_lr1,id_14a6ecc69dec,multimodal_df,daghar_standardized_balanced,uci,test,config_0,multimodal_perc_100,id_c2d68cc99d8f,har,evaluate,full_run,/workspaces/HIAAC-KR-Dev-Container/Minerva-Exps/benchmarks/experiments/paper_daghar_supervised_3runs_perlr_samples_down_seed_harcnn_125/logs/id_2d2d612f0521/final,2904feb3bc,/workspaces/HIAAC-KR-Dev-Container/Minerva-Exps/benchmarks/experiments/paper_daghar_supervised_3runs_perlr_samples_down_seed_harcnn_125/logs/id_2d2d612f0521/final/metrics_2025-09-15-12-16-2904feb3bc.yaml,/workspaces/HIAAC-KR-Dev-Container/Minerva-Exps/benchmarks/experiments/paper_daghar_supervised_3runs_perlr_samples_down_seed_harcnn_125/logs/id_2d2d612f0521/final/run_2025-09-15-12-16-2904feb3bc.yaml,0.20000000298023224,0.20000000298023224,0.06666667014360428,0.20000000298023224,0.03999999910593033,0.20000000298023224
evaluate_harcnn,id_2d24e707193f,id_34342c180c83,completed,1,True,id_74afc850e220,supervised,harcnn,full_finetune_lr5,id_e7f63cc66b02,multimodal_df,daghar_standardized_balanced,motionsense,test,config_0,multimodal_perc_100,id_c2d68cc99d8f,har,evaluate,full_run,/workspaces/HIAAC-KR-Dev-Container/Minerva-Exps/benchmarks/experiments/paper_daghar_supervised_3runs_perlr_samples_down_seed_harcnn_125/logs/id_2d24e707193f/final,258f781e89,/workspaces/HIAAC-KR-Dev-Container/Minerva-Exps/benchmarks/experiments/paper_daghar_supervised_3runs_perlr_samples_down_seed_harcnn_125/logs/id_2d24e707193f/final/metrics_2025-09-15-12-16-258f781e89.yaml,/workspaces/HIAAC-KR-Dev-Container/Minerva-Exps/benchmarks/experiments/paper_daghar_supervised_3runs_perlr_samples_down_seed_harcnn_125/logs/id_2d24e707193f/final/run_2025-09-15-12-16-258f781e89.yaml,0.764595091342926,0.7645950317382812,0.7295725345611572,0.764595091342926,0.812810480594635,0.764595091342926
evaluate_harcnn,id_295a820dd465,id_e9be2820ab9b,completed,1,True,id_58a400b02098,supervised,harcnn,full_finetune_lr2,id_f390297e57d1,multimodal_df,daghar_standardized_balanced,rw_thigh,test,config_0,multimodal_perc_100,id_c2d68cc99d8f,har,evaluate,full_run,/workspaces/HIAAC-KR-Dev-Container/Minerva-Exps/benchmarks/experiments/paper_daghar_supervised_3runs_perlr_samples_down_seed_harcnn_125/logs/id_295a820dd465/final,180473cf76,/workspaces/HIAAC-KR-Dev-Container/Minerva-Exps/benchmarks/experiments/paper_daghar_supervised_3runs_perlr_samples_down_seed_harcnn_125/logs/id_295a820dd465/final/metrics_2025-09-15-12-16-180473cf76.yaml,/workspaces/HIAAC-KR-Dev-Container/Minerva-Exps/benchmarks/experiments/paper_daghar_supervised_3runs_perlr_samples_down_seed_harcnn_125/logs/id_295a820dd465/final/run_2025-09-15-12-16-180473cf76.yaml,0.4599723815917969,0.4599723815917969,0.3349513113498688,0.4599723815917969,0.3236358165740967,0.4599723815917969
evaluate_harcnn,id_2d4e66df539d,id_6221dcea2667,completed,1,True,id_205d675a6782,supervised,harcnn,full_finetune_lr1,id_f390297e57d1,multimodal_df,daghar_standardized_balanced,rw_thigh,test,config_0,multimodal_perc_100,id_c2d68cc99d8f,har,evaluate,full_run,/workspaces/HIAAC-KR-Dev-Container/Minerva-Exps/benchmarks/experiments/paper_daghar_supervised_3runs_perlr_samples_down_seed_harcnn_125/logs/id_2d4e66df539d/final,33222c8b82,/workspaces/HIAAC-KR-Dev-Container/Minerva-Exps/benchmarks/experiments/paper_daghar_supervised_3runs_perlr_samples_down_seed_harcnn_125/logs/id_2d4e66df539d/final/metrics_2025-09-15-12-16-33222c8b82.yaml,/workspaces/HIAAC-KR-Dev-Container/Minerva-Exps/benchmarks/experiments/paper_daghar_supervised_3runs_perlr_samples_down_seed_harcnn_125/logs/id_2d4e66df539d/final/run_2025-09-15-12-16-33222c8b82.yaml,0.1666666716337204,0.1666666716337204,0.0476190485060215,0.1666666716337204,0.02777777798473835,0.1666666716337204
evaluate_harcnn,id_2f065cf6a9a4,id_25c1d2e6d636,completed,1,True,id_74afc850e220,supervised,harcnn,full_finetune_lr5,id_14a6ecc69dec,multimodal_df,daghar_standardized_balanced,uci,test,config_0,multimodal_perc_100,id_c2d68cc99d8f,har,evaluate,full_run,/workspaces/HIAAC-KR-Dev-Container/Minerva-Exps/benchmarks/experiments/paper_daghar_supervised_3runs_perlr_samples_down_seed_harcnn_125/logs/id_2f065cf6a9a4/final,435100add6,/workspaces/HIAAC-KR-Dev-Container/Minerva-Exps/benchmarks/experiments/paper_daghar_supervised_3runs_perlr_samples_down_seed_harcnn_125/logs/id_2f065cf6a9a4/final/metrics_2025-09-15-12-16-435100add6.yaml,/workspaces/HIAAC-KR-Dev-Container/Minerva-Exps/benchmarks/experiments/paper_daghar_supervised_3runs_perlr_samples_down_seed_harcnn_125/logs/id_2f065cf6a9a4/final/run_2025-09-15-12-16-435100add6.yaml,0.4840579628944397,0.4840579926967621,0.4121628403663635,0.4840579628944397,0.47965240478515625,0.4840579628944397
evaluate_harcnn,id_2fc3a4d0b477,id_2085b72f4f78,completed,1,True,id_58a400b02098,supervised,harcnn,full_finetune_lr2,id_5365127f28e8,multimodal_df,daghar_standardized_balanced,kuhar,test,config_0,multimodal_perc_100,id_c2d68cc99d8f,har,evaluate,full_run,/workspaces/HIAAC-KR-Dev-Container/Minerva-Exps/benchmarks/experiments/paper_daghar_supervised_3runs_perlr_samples_down_seed_harcnn_125/logs/id_2fc3a4d0b477/final,50b8e58609,/workspaces/HIAAC-KR-Dev-Container/Minerva-Exps/benchmarks/experiments/paper_daghar_supervised_3runs_perlr_samples_down_seed_harcnn_125/logs/id_2fc3a4d0b477/final/metrics_2025-09-15-12-16-50b8e58609.yaml,/workspaces/HIAAC-KR-Dev-Container/Minerva-Exps/benchmarks/experiments/paper_daghar_supervised_3runs_perlr_samples_down_seed_harcnn_125/logs/id_2fc3a4d0b477/final/run_2025-09-15-12-16-50b8e58609.yaml,0.5069444179534912,0.5069444179534912,0.40570878982543945,0.5069444179534912,0.34440988302230835,0.506944477558136
evaluate_harcnn,id_2e4fe2ed2be4,id_1b42b2b15ab3,completed,1,True,id_205d675a6782,supervised,harcnn,full_finetune_lr1,id_2cb57fb4e55b,multimodal_df,daghar_standardized_balanced,wisdm,test,config_0,multimodal_perc_100,id_c2d68cc99d8f,har,evaluate,full_run,/workspaces/HIAAC-KR-Dev-Container/Minerva-Exps/benchmarks/experiments/paper_daghar_supervised_3runs_perlr_samples_down_seed_harcnn_125/logs/id_2e4fe2ed2be4/final,36c3b4ae59,/workspaces/HIAAC-KR-Dev-Container/Minerva-Exps/benchmarks/experiments/paper_daghar_supervised_3runs_perlr_samples_down_seed_harcnn_125/logs/id_2e4fe2ed2be4/final/metrics_2025-09-15-12-16-36c3b4ae59.yaml,/workspaces/HIAAC-KR-Dev-Container/Minerva-Exps/benchmarks/experiments/paper_daghar_supervised_3runs_perlr_samples_down_seed_harcnn_125/logs/id_2e4fe2ed2be4/final/run_2025-09-15-12-16-36c3b4ae59.yaml,0.37288787961006165,0.37288784980773926,0.2756814658641815,0.37288787961006165,0.3212565779685974,0.37288784980773926
evaluate_harcnn,id_2d52e2c49877,id_0626cd567d6e,completed,1,True,id_205d675a6782,supervised,harcnn,full_finetune_lr1,id_f390297e57d1,multimodal_df,daghar_standardized_balanced,rw_thigh,test,config_0,multimodal_perc_100,id_c2d68cc99d8f,har,evaluate,full_run,/workspaces/HIAAC-KR-Dev-Container/Minerva-Exps/benchmarks/experiments/paper_daghar_supervised_3runs_perlr_samples_down_seed_harcnn_125/logs/id_2d52e2c49877/final,3655e9ab38,/workspaces/HIAAC-KR-Dev-Container/Minerva-Exps/benchmarks/experiments/paper_daghar_supervised_3runs_perlr_samples_down_seed_harcnn_125/logs/id_2d52e2c49877/final/metrics_2025-09-15-12-16-3655e9ab38.yaml,/workspaces/HIAAC-KR-Dev-Container/Minerva-Exps/benchmarks/experiments/paper_daghar_supervised_3runs_perlr_samples_down_seed_harcnn_125/logs/id_2d52e2c49877/final/run_2025-09-15-12-16-3655e9ab38.yaml,0.24637681245803833,0.24637681245803833,0.15886840224266052,0.24637681245803833,0.19617733359336853,0.24637681245803833
evaluate_harcnn,id_3042edfc0423,id_cbe4c4c6b877,completed,1,True,id_58a400b02098,supervised,harcnn,full_finetune_lr2,id_5365127f28e8,multimodal_df,daghar_standardized_balanced,kuhar,test,config_0,multimodal_perc_100,id_c2d68cc99d8f,har,evaluate,full_run,/workspaces/HIAAC-KR-Dev-Container/Minerva-Exps/benchmarks/experiments/paper_daghar_supervised_3runs_perlr_samples_down_seed_harcnn_125/logs/id_3042edfc0423/final,59aea3b0c2,/workspaces/HIAAC-KR-Dev-Container/Minerva-Exps/benchmarks/experiments/paper_daghar_supervised_3runs_perlr_samples_down_seed_harcnn_125/logs/id_3042edfc0423/final/metrics_2025-09-15-12-16-59aea3b0c2.yaml,/workspaces/HIAAC-KR-Dev-Container/Minerva-Exps/benchmarks/experiments/paper_daghar_supervised_3runs_perlr_samples_down_seed_harcnn_125/logs/id_3042edfc0423/final/run_2025-09-15-12-16-59aea3b0c2.yaml,0.4375,0.4374999701976776,0.34092438220977783,0.4375,0.32286325097084045,0.4375
evaluate_harcnn,id_2e560e3d1ee0,id_d1000ddac62a,completed,1,True,id_74afc850e220,supervised,harcnn,full_finetune_lr5,id_b1f5143574a1,multimodal_df,daghar_standardized_balanced,rw_waist,test,config_0,multimodal_perc_100,id_c2d68cc99d8f,har,evaluate,full_run,/workspaces/HIAAC-KR-Dev-Container/Minerva-Exps/benchmarks/experiments/paper_daghar_supervised_3runs_perlr_samples_down_seed_harcnn_125/logs/id_2e560e3d1ee0/final,387134f756,/workspaces/HIAAC-KR-Dev-Container/Minerva-Exps/benchmarks/experiments/paper_daghar_supervised_3runs_perlr_samples_down_seed_harcnn_125/logs/id_2e560e3d1ee0/final/metrics_2025-09-15-12-16-387134f756.yaml,/workspaces/HIAAC-KR-Dev-Container/Minerva-Exps/benchmarks/experiments/paper_daghar_supervised_3runs_perlr_samples_down_seed_harcnn_125/logs/id_2e560e3d1ee0/final/run_2025-09-15-12-16-387134f756.yaml,0.4992283880710602,0.4992283880710602,0.44451627135276794,0.4992283880710602,0.4892108142375946,0.4992283880710602
evaluate_harcnn,id_31996f83239c,id_9ea4b8c0bc59,completed,1,True,id_205d675a6782,supervised,harcnn,full_finetune_lr1,id_14a6ecc69dec,multimodal_df,daghar_standardized_balanced,uci,test,config_0,multimodal_perc_100,id_c2d68cc99d8f,har,evaluate,full_run,/workspaces/HIAAC-KR-Dev-Container/Minerva-Exps/benchmarks/experiments/paper_daghar_supervised_3runs_perlr_samples_down_seed_harcnn_125/logs/id_31996f83239c/final,04d905b036,/workspaces/HIAAC-KR-Dev-Container/Minerva-Exps/benchmarks/experiments/paper_daghar_supervised_3runs_perlr_samples_down_seed_harcnn_125/logs/id_31996f83239c/final/metrics_2025-09-15-12-17-04d905b036.yaml,/workspaces/HIAAC-KR-Dev-Container/Minerva-Exps/benchmarks/experiments/paper_daghar_supervised_3runs_perlr_samples_down_seed_harcnn_125/logs/id_31996f83239c/final/run_2025-09-15-12-17-04d905b036.yaml,0.39275363087654114,0.39275363087654114,0.2751271426677704,0.39275363087654114,0.24814775586128235,0.39275363087654114
evaluate_harcnn,id_3367be6c814c,id_d4ac9672ae1b,completed,1,True,id_74afc850e220,supervised,harcnn,full_finetune_lr5,id_14a6ecc69dec,multimodal_df,daghar_standardized_balanced,uci,test,config_0,multimodal_perc_100,id_c2d68cc99d8f,har,evaluate,full_run,/workspaces/HIAAC-KR-Dev-Container/Minerva-Exps/benchmarks/experiments/paper_daghar_supervised_3runs_perlr_samples_down_seed_harcnn_125/logs/id_3367be6c814c/final,0643699390,/workspaces/HIAAC-KR-Dev-Container/Minerva-Exps/benchmarks/experiments/paper_daghar_supervised_3runs_perlr_samples_down_seed_harcnn_125/logs/id_3367be6c814c/final/metrics_2025-09-15-12-17-0643699390.yaml,/workspaces/HIAAC-KR-Dev-Container/Minerva-Exps/benchmarks/experiments/paper_daghar_supervised_3runs_perlr_samples_down_seed_harcnn_125/logs/id_3367be6c814c/final/run_2025-09-15-12-17-0643699390.yaml,0.7202898263931274,0.7202898263931274,0.675385594367981,0.7202898263931274,0.7190943956375122,0.7202898859977722
evaluate_harcnn,id_33a8301582b9,id_8fabc4b724de,completed,1,True,id_205d675a6782,supervised,harcnn,full_finetune_lr1,id_e7f63cc66b02,multimodal_df,daghar_standardized_balanced,motionsense,test,config_0,multimodal_perc_100,id_c2d68cc99d8f,har,evaluate,full_run,/workspaces/HIAAC-KR-Dev-Container/Minerva-Exps/benchmarks/experiments/paper_daghar_supervised_3runs_perlr_samples_down_seed_harcnn_125/logs/id_33a8301582b9/final,11b0704f33,/workspaces/HIAAC-KR-Dev-Container/Minerva-Exps/benchmarks/experiments/paper_daghar_supervised_3runs_perlr_samples_down_seed_harcnn_125/logs/id_33a8301582b9/final/metrics_2025-09-15-12-17-11b0704f33.yaml,/workspaces/HIAAC-KR-Dev-Container/Minerva-Exps/benchmarks/experiments/paper_daghar_supervised_3runs_perlr_samples_down_seed_harcnn_125/logs/id_33a8301582b9/final/run_2025-09-15-12-17-11b0704f33.yaml,0.30320149660110474,0.3032015264034271,0.20403406023979187,0.30320149660110474,0.1988367885351181,0.30320149660110474
evaluate_harcnn,id_331539a97b5f,id_807b97528126,completed,1,True,id_205d675a6782,supervised,harcnn,full_finetune_lr1,id_2cb57fb4e55b,multimodal_df,daghar_standardized_balanced,wisdm,test,config_0,multimodal_perc_100,id_c2d68cc99d8f,har,evaluate,full_run,/workspaces/HIAAC-KR-Dev-Container/Minerva-Exps/benchmarks/experiments/paper_daghar_supervised_3runs_perlr_samples_down_seed_harcnn_125/logs/id_331539a97b5f/final,05450c88fe,/workspaces/HIAAC-KR-Dev-Container/Minerva-Exps/benchmarks/experiments/paper_daghar_supervised_3runs_perlr_samples_down_seed_harcnn_125/logs/id_331539a97b5f/final/metrics_2025-09-15-12-17-05450c88fe.yaml,/workspaces/HIAAC-KR-Dev-Container/Minerva-Exps/benchmarks/experiments/paper_daghar_supervised_3runs_perlr_samples_down_seed_harcnn_125/logs/id_331539a97b5f/final/run_2025-09-15-12-17-05450c88fe.yaml,0.4742703437805176,0.4742703437805176,0.3582276403903961,0.4742703437805176,0.3300986588001251,0.4742703437805176
evaluate_harcnn,id_30357e4cbf47,id_7b9ae68aa864,completed,1,True,id_74afc850e220,supervised,harcnn,full_finetune_lr5,id_b1f5143574a1,multimodal_df,daghar_standardized_balanced,rw_waist,test,config_0,multimodal_perc_100,id_c2d68cc99d8f,har,evaluate,full_run,/workspaces/HIAAC-KR-Dev-Container/Minerva-Exps/benchmarks/experiments/paper_daghar_supervised_3runs_perlr_samples_down_seed_harcnn_125/logs/id_30357e4cbf47/final,5110b46e33,/workspaces/HIAAC-KR-Dev-Container/Minerva-Exps/benchmarks/experiments/paper_daghar_supervised_3runs_perlr_samples_down_seed_harcnn_125/logs/id_30357e4cbf47/final/metrics_2025-09-15-12-16-5110b46e33.yaml,/workspaces/HIAAC-KR-Dev-Container/Minerva-Exps/benchmarks/experiments/paper_daghar_supervised_3runs_perlr_samples_down_seed_harcnn_125/logs/id_30357e4cbf47/final/run_2025-09-15-12-16-5110b46e33.yaml,0.6566358208656311,0.6566357612609863,0.6517208814620972,0.6566358208656311,0.6938890218734741,0.6566357612609863
evaluate_harcnn,id_35aa40eb6c32,id_74c1c6eb1593,completed,1,True,id_58a400b02098,supervised,harcnn,full_finetune_lr2,id_14a6ecc69dec,multimodal_df,daghar_standardized_balanced,uci,test,config_0,multimodal_perc_100,id_c2d68cc99d8f,har,evaluate,full_run,/workspaces/HIAAC-KR-Dev-Container/Minerva-Exps/benchmarks/experiments/paper_daghar_supervised_3runs_perlr_samples_down_seed_harcnn_125/logs/id_35aa40eb6c32/final,1299b00c82,/workspaces/HIAAC-KR-Dev-Container/Minerva-Exps/benchmarks/experiments/paper_daghar_supervised_3runs_perlr_samples_down_seed_harcnn_125/logs/id_35aa40eb6c32/final/metrics_2025-09-15-12-17-1299b00c82.yaml,/workspaces/HIAAC-KR-Dev-Container/Minerva-Exps/benchmarks/experiments/paper_daghar_supervised_3runs_perlr_samples_down_seed_harcnn_125/logs/id_35aa40eb6c32/final/run_2025-09-15-12-17-1299b00c82.yaml,0.7956521511077881,0.7956522107124329,0.7320677042007446,0.7956521511077881,0.8925052881240845,0.7956521511077881
evaluate_harcnn,id_35e9700bd5d2,id_e8677dd7651b,completed,1,True,id_205d675a6782,supervised,harcnn,full_finetune_lr1,id_e7f63cc66b02,multimodal_df,daghar_standardized_balanced,motionsense,test,config_0,multimodal_perc_100,id_c2d68cc99d8f,har,evaluate,full_run,/workspaces/HIAAC-KR-Dev-Container/Minerva-Exps/benchmarks/experiments/paper_daghar_supervised_3runs_perlr_samples_down_seed_harcnn_125/logs/id_35e9700bd5d2/final,14dd42b4cd,/workspaces/HIAAC-KR-Dev-Container/Minerva-Exps/benchmarks/experiments/paper_daghar_supervised_3runs_perlr_samples_down_seed_harcnn_125/logs/id_35e9700bd5d2/final/metrics_2025-09-15-12-17-14dd42b4cd.yaml,/workspaces/HIAAC-KR-Dev-Container/Minerva-Exps/benchmarks/experiments/paper_daghar_supervised_3runs_perlr_samples_down_seed_harcnn_125/logs/id_35e9700bd5d2/final/run_2025-09-15-12-17-14dd42b4cd.yaml,0.3305084705352783,0.3305084705352783,0.21980923414230347,0.3305084705352783,0.19806843996047974,0.3305084705352783
evaluate_harcnn,id_36b8f579be7f,id_1bbc55301d7f,completed,1,True,id_74afc850e220,supervised,harcnn,full_finetune_lr5,id_e7f63cc66b02,multimodal_df,daghar_standardized_balanced,motionsense,test,config_0,multimodal_perc_100,id_c2d68cc99d8f,har,evaluate,full_run,/workspaces/HIAAC-KR-Dev-Container/Minerva-Exps/benchmarks/experiments/paper_daghar_supervised_3runs_perlr_samples_down_seed_harcnn_125/logs/id_36b8f579be7f/final,222f8b72a5,/workspaces/HIAAC-KR-Dev-Container/Minerva-Exps/benchmarks/experiments/paper_daghar_supervised_3runs_perlr_samples_down_seed_harcnn_125/logs/id_36b8f579be7f/final/metrics_2025-09-15-12-17-222f8b72a5.yaml,/workspaces/HIAAC-KR-Dev-Container/Minerva-Exps/benchmarks/experiments/paper_daghar_supervised_3runs_perlr_samples_down_seed_harcnn_125/logs/id_36b8f579be7f/final/run_2025-09-15-12-17-222f8b72a5.yaml,0.7589454054832458,0.7589454054832458,0.745061457157135,0.7589454054832458,0.798681378364563,0.7589454054832458
evaluate_harcnn,id_3ad1214d4a53,id_bd954742431b,completed,1,True,id_58a400b02098,supervised,harcnn,full_finetune_lr2,id_14a6ecc69dec,multimodal_df,daghar_standardized_balanced,uci,test,config_0,multimodal_perc_100,id_c2d68cc99d8f,har,evaluate,full_run,/workspaces/HIAAC-KR-Dev-Container/Minerva-Exps/benchmarks/experiments/paper_daghar_supervised_3runs_perlr_samples_down_seed_harcnn_125/logs/id_3ad1214d4a53/final,3220ea94bb,/workspaces/HIAAC-KR-Dev-Container/Minerva-Exps/benchmarks/experiments/paper_daghar_supervised_3runs_perlr_samples_down_seed_harcnn_125/logs/id_3ad1214d4a53/final/metrics_2025-09-15-12-17-3220ea94bb.yaml,/workspaces/HIAAC-KR-Dev-Container/Minerva-Exps/benchmarks/experiments/paper_daghar_supervised_3runs_perlr_samples_down_seed_harcnn_125/logs/id_3ad1214d4a53/final/run_2025-09-15-12-17-3220ea94bb.yaml,0.7942029237747192,0.7942029237747192,0.7690961360931396,0.7942029237747192,0.8020330667495728,0.7942029237747192
evaluate_harcnn,id_373a56f41fca,id_6864bc7d6837,completed,1,True,id_58a400b02098,supervised,harcnn,full_finetune_lr2,id_e7f63cc66b02,multimodal_df,daghar_standardized_balanced,motionsense,test,config_0,multimodal_perc_100,id_c2d68cc99d8f,har,evaluate,full_run,/workspaces/HIAAC-KR-Dev-Container/Minerva-Exps/benchmarks/experiments/paper_daghar_supervised_3runs_perlr_samples_down_seed_harcnn_125/logs/id_373a56f41fca/final,328e71df72,/workspaces/HIAAC-KR-Dev-Container/Minerva-Exps/benchmarks/experiments/paper_daghar_supervised_3runs_perlr_samples_down_seed_harcnn_125/logs/id_373a56f41fca/final/metrics_2025-09-15-12-17-328e71df72.yaml,/workspaces/HIAAC-KR-Dev-Container/Minerva-Exps/benchmarks/experiments/paper_daghar_supervised_3runs_perlr_samples_down_seed_harcnn_125/logs/id_373a56f41fca/final/run_2025-09-15-12-17-328e71df72.yaml,0.6647834181785583,0.6647834181785583,0.6403099894523621,0.6647834181785583,0.705003559589386,0.6647834181785583
evaluate_harcnn,id_3b750a34e6ba,id_e9f832d590cd,completed,1,True,id_74afc850e220,supervised,harcnn,full_finetune_lr5,id_e7f63cc66b02,multimodal_df,daghar_standardized_balanced,motionsense,test,config_0,multimodal_perc_100,id_c2d68cc99d8f,har,evaluate,full_run,/workspaces/HIAAC-KR-Dev-Container/Minerva-Exps/benchmarks/experiments/paper_daghar_supervised_3runs_perlr_samples_down_seed_harcnn_125/logs/id_3b750a34e6ba/final,34f6c42081,/workspaces/HIAAC-KR-Dev-Container/Minerva-Exps/benchmarks/experiments/paper_daghar_supervised_3runs_perlr_samples_down_seed_harcnn_125/logs/id_3b750a34e6ba/final/metrics_2025-09-15-12-17-34f6c42081.yaml,/workspaces/HIAAC-KR-Dev-Container/Minerva-Exps/benchmarks/experiments/paper_daghar_supervised_3runs_perlr_samples_down_seed_harcnn_125/logs/id_3b750a34e6ba/final/run_2025-09-15-12-17-34f6c42081.yaml,0.5819209218025208,0.5819209218025208,0.5102759599685669,0.5819209218025208,0.5404685139656067,0.581920862197876
evaluate_harcnn,id_3c15e7266a84,id_7acb7f1d41e2,completed,1,True,id_205d675a6782,supervised,harcnn,full_finetune_lr1,id_e7f63cc66b02,multimodal_df,daghar_standardized_balanced,motionsense,test,config_0,multimodal_perc_100,id_c2d68cc99d8f,har,evaluate,full_run,/workspaces/HIAAC-KR-Dev-Container/Minerva-Exps/benchmarks/experiments/paper_daghar_supervised_3runs_perlr_samples_down_seed_harcnn_125/logs/id_3c15e7266a84/final,37f1aaeb6a,/workspaces/HIAAC-KR-Dev-Container/Minerva-Exps/benchmarks/experiments/paper_daghar_supervised_3runs_perlr_samples_down_seed_harcnn_125/logs/id_3c15e7266a84/final/metrics_2025-09-15-12-17-37f1aaeb6a.yaml,/workspaces/HIAAC-KR-Dev-Container/Minerva-Exps/benchmarks/experiments/paper_daghar_supervised_3runs_perlr_samples_down_seed_harcnn_125/logs/id_3c15e7266a84/final/run_2025-09-15-12-17-37f1aaeb6a.yaml,0.17137476801872253,0.17137475311756134,0.0570082813501358,0.17137476801872253,0.19460228085517883,0.17137476801872253
evaluate_harcnn,id_36f5e8872772,id_a13587325930,completed,1,True,id_205d675a6782,supervised,harcnn,full_finetune_lr1,id_f390297e57d1,multimodal_df,daghar_standardized_balanced,rw_thigh,test,config_0,multimodal_perc_100,id_c2d68cc99d8f,har,evaluate,full_run,/workspaces/HIAAC-KR-Dev-Container/Minerva-Exps/benchmarks/experiments/paper_daghar_supervised_3runs_perlr_samples_down_seed_harcnn_125/logs/id_36f5e8872772/final,2950f0c6b4,/workspaces/HIAAC-KR-Dev-Container/Minerva-Exps/benchmarks/experiments/paper_daghar_supervised_3runs_perlr_samples_down_seed_harcnn_125/logs/id_36f5e8872772/final/metrics_2025-09-15-12-17-2950f0c6b4.yaml,/workspaces/HIAAC-KR-Dev-Container/Minerva-Exps/benchmarks/experiments/paper_daghar_supervised_3runs_perlr_samples_down_seed_harcnn_125/logs/id_36f5e8872772/final/run_2025-09-15-12-17-2950f0c6b4.yaml,0.17494824528694153,0.17494823038578033,0.06375287473201752,0.17494824528694153,0.194686159491539,0.17494824528694153
evaluate_harcnn,id_3c82fee9c267,id_2343144a5cc0,completed,1,True,id_74afc850e220,supervised,harcnn,full_finetune_lr5,id_5365127f28e8,multimodal_df,daghar_standardized_balanced,kuhar,test,config_0,multimodal_perc_100,id_c2d68cc99d8f,har,evaluate,full_run,/workspaces/HIAAC-KR-Dev-Container/Minerva-Exps/benchmarks/experiments/paper_daghar_supervised_3runs_perlr_samples_down_seed_harcnn_125/logs/id_3c82fee9c267/final,478acf0ea1,/workspaces/HIAAC-KR-Dev-Container/Minerva-Exps/benchmarks/experiments/paper_daghar_supervised_3runs_perlr_samples_down_seed_harcnn_125/logs/id_3c82fee9c267/final/metrics_2025-09-15-12-17-478acf0ea1.yaml,/workspaces/HIAAC-KR-Dev-Container/Minerva-Exps/benchmarks/experiments/paper_daghar_supervised_3runs_perlr_samples_down_seed_harcnn_125/logs/id_3c82fee9c267/final/run_2025-09-15-12-17-478acf0ea1.yaml,0.6111111044883728,0.6111111044883728,0.5484932065010071,0.6111111044883728,0.52182537317276,0.6111111044883728
evaluate_harcnn,id_369205a69b6b,id_af8c35c8a23a,completed,1,True,id_74afc850e220,supervised,harcnn,full_finetune_lr5,id_b1f5143574a1,multimodal_df,daghar_standardized_balanced,rw_waist,test,config_0,multimodal_perc_100,id_c2d68cc99d8f,har,evaluate,full_run,/workspaces/HIAAC-KR-Dev-Container/Minerva-Exps/benchmarks/experiments/paper_daghar_supervised_3runs_perlr_samples_down_seed_harcnn_125/logs/id_369205a69b6b/final,2241375670,/workspaces/HIAAC-KR-Dev-Container/Minerva-Exps/benchmarks/experiments/paper_daghar_supervised_3runs_perlr_samples_down_seed_harcnn_125/logs/id_369205a69b6b/final/metrics_2025-09-15-12-17-2241375670.yaml,/workspaces/HIAAC-KR-Dev-Container/Minerva-Exps/benchmarks/experiments/paper_daghar_supervised_3runs_perlr_samples_down_seed_harcnn_125/logs/id_369205a69b6b/final/run_2025-09-15-12-17-2241375670.yaml,0.4413580298423767,0.4413580000400543,0.37877336144447327,0.4413580298423767,0.3845488131046295,0.4413580298423767
evaluate_harcnn,id_3b597f12aa9d,id_e87787477cf3,completed,1,True,id_58a400b02098,supervised,harcnn,full_finetune_lr2,id_b1f5143574a1,multimodal_df,daghar_standardized_balanced,rw_waist,test,config_0,multimodal_perc_100,id_c2d68cc99d8f,har,evaluate,full_run,/workspaces/HIAAC-KR-Dev-Container/Minerva-Exps/benchmarks/experiments/paper_daghar_supervised_3runs_perlr_samples_down_seed_harcnn_125/logs/id_3b597f12aa9d/final,3346ff5960,/workspaces/HIAAC-KR-Dev-Container/Minerva-Exps/benchmarks/experiments/paper_daghar_supervised_3runs_perlr_samples_down_seed_harcnn_125/logs/id_3b597f12aa9d/final/metrics_2025-09-15-12-17-3346ff5960.yaml,/workspaces/HIAAC-KR-Dev-Container/Minerva-Exps/benchmarks/experiments/paper_daghar_supervised_3runs_perlr_samples_down_seed_harcnn_125/logs/id_3b597f12aa9d/final/run_2025-09-15-12-17-3346ff5960.yaml,0.5640432238578796,0.5640432238578796,0.5198476314544678,0.5640432238578796,0.6333094835281372,0.5640431642532349
evaluate_harcnn,id_3d15da36a6ea,id_76cf2f1e41d2,completed,1,True,id_74afc850e220,supervised,harcnn,full_finetune_lr5,id_14a6ecc69dec,multimodal_df,daghar_standardized_balanced,uci,test,config_0,multimodal_perc_100,id_c2d68cc99d8f,har,evaluate,full_run,/workspaces/HIAAC-KR-Dev-Container/Minerva-Exps/benchmarks/experiments/paper_daghar_supervised_3runs_perlr_samples_down_seed_harcnn_125/logs/id_3d15da36a6ea/final,52bcbd59f6,/workspaces/HIAAC-KR-Dev-Container/Minerva-Exps/benchmarks/experiments/paper_daghar_supervised_3runs_perlr_samples_down_seed_harcnn_125/logs/id_3d15da36a6ea/final/metrics_2025-09-15-12-17-52bcbd59f6.yaml,/workspaces/HIAAC-KR-Dev-Container/Minerva-Exps/benchmarks/experiments/paper_daghar_supervised_3runs_perlr_samples_down_seed_harcnn_125/logs/id_3d15da36a6ea/final/run_2025-09-15-12-17-52bcbd59f6.yaml,0.7144927382469177,0.7144927382469177,0.6508132815361023,0.7144927382469177,0.6961179971694946,0.7144927978515625
evaluate_harcnn,id_3d4309d4e706,id_b104952f638f,completed,1,True,id_74afc850e220,supervised,harcnn,full_finetune_lr5,id_14a6ecc69dec,multimodal_df,daghar_standardized_balanced,uci,test,config_0,multimodal_perc_100,id_c2d68cc99d8f,har,evaluate,full_run,/workspaces/HIAAC-KR-Dev-Container/Minerva-Exps/benchmarks/experiments/paper_daghar_supervised_3runs_perlr_samples_down_seed_harcnn_125/logs/id_3d4309d4e706/final,00782a24a2,/workspaces/HIAAC-KR-Dev-Container/Minerva-Exps/benchmarks/experiments/paper_daghar_supervised_3runs_perlr_samples_down_seed_harcnn_125/logs/id_3d4309d4e706/final/metrics_2025-09-15-12-18-00782a24a2.yaml,/workspaces/HIAAC-KR-Dev-Container/Minerva-Exps/benchmarks/experiments/paper_daghar_supervised_3runs_perlr_samples_down_seed_harcnn_125/logs/id_3d4309d4e706/final/run_2025-09-15-12-18-00782a24a2.yaml,0.7840579748153687,0.7840579748153687,0.7399522066116333,0.7840579748153687,0.7810743451118469,0.7840579748153687
evaluate_harcnn,id_3dcceb6a477a,id_b369a724a700,completed,1,True,id_205d675a6782,supervised,harcnn,full_finetune_lr1,id_2cb57fb4e55b,multimodal_df,daghar_standardized_balanced,wisdm,test,config_0,multimodal_perc_100,id_c2d68cc99d8f,har,evaluate,full_run,/workspaces/HIAAC-KR-Dev-Container/Minerva-Exps/benchmarks/experiments/paper_daghar_supervised_3runs_perlr_samples_down_seed_harcnn_125/logs/id_3dcceb6a477a/final,002e439b8d,/workspaces/HIAAC-KR-Dev-Container/Minerva-Exps/benchmarks/experiments/paper_daghar_supervised_3runs_perlr_samples_down_seed_harcnn_125/logs/id_3dcceb6a477a/final/metrics_2025-09-15-12-18-002e439b8d.yaml,/workspaces/HIAAC-KR-Dev-Container/Minerva-Exps/benchmarks/experiments/paper_daghar_supervised_3runs_perlr_samples_down_seed_harcnn_125/logs/id_3dcceb6a477a/final/run_2025-09-15-12-18-002e439b8d.yaml,0.2507680356502533,0.2507680356502533,0.10159287601709366,0.2507680356502533,0.31254804134368896,0.2507680356502533
evaluate_harcnn,id_3e9b0ea7b0ef,id_4dd897586ffe,completed,1,True,id_205d675a6782,supervised,harcnn,full_finetune_lr1,id_e7f63cc66b02,multimodal_df,daghar_standardized_balanced,motionsense,test,config_0,multimodal_perc_100,id_c2d68cc99d8f,har,evaluate,full_run,/workspaces/HIAAC-KR-Dev-Container/Minerva-Exps/benchmarks/experiments/paper_daghar_supervised_3runs_perlr_samples_down_seed_harcnn_125/logs/id_3e9b0ea7b0ef/final,102a0784b0,/workspaces/HIAAC-KR-Dev-Container/Minerva-Exps/benchmarks/experiments/paper_daghar_supervised_3runs_perlr_samples_down_seed_harcnn_125/logs/id_3e9b0ea7b0ef/final/metrics_2025-09-15-12-18-102a0784b0.yaml,/workspaces/HIAAC-KR-Dev-Container/Minerva-Exps/benchmarks/experiments/paper_daghar_supervised_3runs_perlr_samples_down_seed_harcnn_125/logs/id_3e9b0ea7b0ef/final/run_2025-09-15-12-18-102a0784b0.yaml,0.25894537568092346,0.25894537568092346,0.17049691081047058,0.25894537568092346,0.19726833701133728,0.25894540548324585
evaluate_harcnn,id_3ee13e59b3c1,id_69a82fdb1fd3,completed,1,True,id_58a400b02098,supervised,harcnn,full_finetune_lr2,id_e7f63cc66b02,multimodal_df,daghar_standardized_balanced,motionsense,test,config_0,multimodal_perc_100,id_c2d68cc99d8f,har,evaluate,full_run,/workspaces/HIAAC-KR-Dev-Container/Minerva-Exps/benchmarks/experiments/paper_daghar_supervised_3runs_perlr_samples_down_seed_harcnn_125/logs/id_3ee13e59b3c1/final,10f2403692,/workspaces/HIAAC-KR-Dev-Container/Minerva-Exps/benchmarks/experiments/paper_daghar_supervised_3runs_perlr_samples_down_seed_harcnn_125/logs/id_3ee13e59b3c1/final/metrics_2025-09-15-12-18-10f2403692.yaml,/workspaces/HIAAC-KR-Dev-Container/Minerva-Exps/benchmarks/experiments/paper_daghar_supervised_3runs_perlr_samples_down_seed_harcnn_125/logs/id_3ee13e59b3c1/final/run_2025-09-15-12-18-10f2403692.yaml,0.6205273270606995,0.6205273270606995,0.521431565284729,0.6205273270606995,0.5571072101593018,0.6205273270606995
evaluate_harcnn,id_3d298de2600f,id_1424e8f5306e,completed,1,True,id_58a400b02098,supervised,harcnn,full_finetune_lr2,id_b1f5143574a1,multimodal_df,daghar_standardized_balanced,rw_waist,test,config_0,multimodal_perc_100,id_c2d68cc99d8f,har,evaluate,full_run,/workspaces/HIAAC-KR-Dev-Container/Minerva-Exps/benchmarks/experiments/paper_daghar_supervised_3runs_perlr_samples_down_seed_harcnn_125/logs/id_3d298de2600f/final,56a710e4fb,/workspaces/HIAAC-KR-Dev-Container/Minerva-Exps/benchmarks/experiments/paper_daghar_supervised_3runs_perlr_samples_down_seed_harcnn_125/logs/id_3d298de2600f/final/metrics_2025-09-15-12-17-56a710e4fb.yaml,/workspaces/HIAAC-KR-Dev-Container/Minerva-Exps/benchmarks/experiments/paper_daghar_supervised_3runs_perlr_samples_down_seed_harcnn_125/logs/id_3d298de2600f/final/run_2025-09-15-12-17-56a710e4fb.yaml,0.5648148059844971,0.5648148059844971,0.5092265009880066,0.5648148059844971,0.5734233260154724,0.5648148059844971
evaluate_harcnn,id_3df400291d40,id_e14a5fa5336c,completed,1,True,id_58a400b02098,supervised,harcnn,full_finetune_lr2,id_f390297e57d1,multimodal_df,daghar_standardized_balanced,rw_thigh,test,config_0,multimodal_perc_100,id_c2d68cc99d8f,har,evaluate,full_run,/workspaces/HIAAC-KR-Dev-Container/Minerva-Exps/benchmarks/experiments/paper_daghar_supervised_3runs_perlr_samples_down_seed_harcnn_125/logs/id_3df400291d40/final,04cc70c23c,/workspaces/HIAAC-KR-Dev-Container/Minerva-Exps/benchmarks/experiments/paper_daghar_supervised_3runs_perlr_samples_down_seed_harcnn_125/logs/id_3df400291d40/final/metrics_2025-09-15-12-18-04cc70c23c.yaml,/workspaces/HIAAC-KR-Dev-Container/Minerva-Exps/benchmarks/experiments/paper_daghar_supervised_3runs_perlr_samples_down_seed_harcnn_125/logs/id_3df400291d40/final/run_2025-09-15-12-18-04cc70c23c.yaml,0.5748792290687561,0.5748792290687561,0.5115941762924194,0.5748792290687561,0.51066654920578,0.5748792886734009
evaluate_harcnn,id_3eea479a5249,id_31107c0e2ada,completed,1,True,id_205d675a6782,supervised,harcnn,full_finetune_lr1,id_2cb57fb4e55b,multimodal_df,daghar_standardized_balanced,wisdm,test,config_0,multimodal_perc_100,id_c2d68cc99d8f,har,evaluate,full_run,/workspaces/HIAAC-KR-Dev-Container/Minerva-Exps/benchmarks/experiments/paper_daghar_supervised_3runs_perlr_samples_down_seed_harcnn_125/logs/id_3eea479a5249/final,1431f522d2,/workspaces/HIAAC-KR-Dev-Container/Minerva-Exps/benchmarks/experiments/paper_daghar_supervised_3runs_perlr_samples_down_seed_harcnn_125/logs/id_3eea479a5249/final/metrics_2025-09-15-12-18-1431f522d2.yaml,/workspaces/HIAAC-KR-Dev-Container/Minerva-Exps/benchmarks/experiments/paper_daghar_supervised_3runs_perlr_samples_down_seed_harcnn_125/logs/id_3eea479a5249/final/run_2025-09-15-12-18-1431f522d2.yaml,0.4047619104385376,0.4047619104385376,0.3130734860897064,0.4047619104385376,0.30555713176727295,0.4047619104385376
evaluate_harcnn,id_3dddb898e4c2,id_391aa4f8585c,completed,1,True,id_74afc850e220,supervised,harcnn,full_finetune_lr5,id_f390297e57d1,multimodal_df,daghar_standardized_balanced,rw_thigh,test,config_0,multimodal_perc_100,id_c2d68cc99d8f,har,evaluate,full_run,/workspaces/HIAAC-KR-Dev-Container/Minerva-Exps/benchmarks/experiments/paper_daghar_supervised_3runs_perlr_samples_down_seed_harcnn_125/logs/id_3dddb898e4c2/final,037afe32e4,/workspaces/HIAAC-KR-Dev-Container/Minerva-Exps/benchmarks/experiments/paper_daghar_supervised_3runs_perlr_samples_down_seed_harcnn_125/logs/id_3dddb898e4c2/final/metrics_2025-09-15-12-18-037afe32e4.yaml,/workspaces/HIAAC-KR-Dev-Container/Minerva-Exps/benchmarks/experiments/paper_daghar_supervised_3runs_perlr_samples_down_seed_harcnn_125/logs/id_3dddb898e4c2/final/run_2025-09-15-12-18-037afe32e4.yaml,0.7177363634109497,0.7177363038063049,0.7109119296073914,0.7177363634109497,0.7441944479942322,0.7177363634109497
evaluate_harcnn,id_409b867da8b7,id_013cd3ef4894,completed,1,True,id_58a400b02098,supervised,harcnn,full_finetune_lr2,id_14a6ecc69dec,multimodal_df,daghar_standardized_balanced,uci,test,config_0,multimodal_perc_100,id_c2d68cc99d8f,har,evaluate,full_run,/workspaces/HIAAC-KR-Dev-Container/Minerva-Exps/benchmarks/experiments/paper_daghar_supervised_3runs_perlr_samples_down_seed_harcnn_125/logs/id_409b867da8b7/final,34f8aebf93,/workspaces/HIAAC-KR-Dev-Container/Minerva-Exps/benchmarks/experiments/paper_daghar_supervised_3runs_perlr_samples_down_seed_harcnn_125/logs/id_409b867da8b7/final/metrics_2025-09-15-12-18-34f8aebf93.yaml,/workspaces/HIAAC-KR-Dev-Container/Minerva-Exps/benchmarks/experiments/paper_daghar_supervised_3runs_perlr_samples_down_seed_harcnn_125/logs/id_409b867da8b7/final/run_2025-09-15-12-18-34f8aebf93.yaml,0.7797101736068726,0.7797101736068726,0.7227382063865662,0.7797101736068726,0.821743905544281,0.7797101140022278
evaluate_harcnn,id_3f2e3665d915,id_6ea1f0d8a944,completed,1,True,id_58a400b02098,supervised,harcnn,full_finetune_lr2,id_e7f63cc66b02,multimodal_df,daghar_standardized_balanced,motionsense,test,config_0,multimodal_perc_100,id_c2d68cc99d8f,har,evaluate,full_run,/workspaces/HIAAC-KR-Dev-Container/Minerva-Exps/benchmarks/experiments/paper_daghar_supervised_3runs_perlr_samples_down_seed_harcnn_125/logs/id_3f2e3665d915/final,323288b724,/workspaces/HIAAC-KR-Dev-Container/Minerva-Exps/benchmarks/experiments/paper_daghar_supervised_3runs_perlr_samples_down_seed_harcnn_125/logs/id_3f2e3665d915/final/metrics_2025-09-15-12-18-323288b724.yaml,/workspaces/HIAAC-KR-Dev-Container/Minerva-Exps/benchmarks/experiments/paper_daghar_supervised_3runs_perlr_samples_down_seed_harcnn_125/logs/id_3f2e3665d915/final/run_2025-09-15-12-18-323288b724.yaml,0.6468926668167114,0.6468926668167114,0.5736865401268005,0.6468926668167114,0.7119191288948059,0.6468926668167114
evaluate_harcnn,id_414b65b0d5dd,id_32fe4b5d7271,completed,1,True,id_74afc850e220,supervised,harcnn,full_finetune_lr5,id_14a6ecc69dec,multimodal_df,daghar_standardized_balanced,uci,test,config_0,multimodal_perc_100,id_c2d68cc99d8f,har,evaluate,full_run,/workspaces/HIAAC-KR-Dev-Container/Minerva-Exps/benchmarks/experiments/paper_daghar_supervised_3runs_perlr_samples_down_seed_harcnn_125/logs/id_414b65b0d5dd/final,35bef36fe3,/workspaces/HIAAC-KR-Dev-Container/Minerva-Exps/benchmarks/experiments/paper_daghar_supervised_3runs_perlr_samples_down_seed_harcnn_125/logs/id_414b65b0d5dd/final/metrics_2025-09-15-12-18-35bef36fe3.yaml,/workspaces/HIAAC-KR-Dev-Container/Minerva-Exps/benchmarks/experiments/paper_daghar_supervised_3runs_perlr_samples_down_seed_harcnn_125/logs/id_414b65b0d5dd/final/run_2025-09-15-12-18-35bef36fe3.yaml,0.7246376872062683,0.7246376872062683,0.6764867901802063,0.7246376872062683,0.7445545196533203,0.7246376872062683
evaluate_harcnn,id_4358cc99459e,id_d31c8113b325,completed,1,True,id_58a400b02098,supervised,harcnn,full_finetune_lr2,id_14a6ecc69dec,multimodal_df,daghar_standardized_balanced,uci,test,config_0,multimodal_perc_100,id_c2d68cc99d8f,har,evaluate,full_run,/workspaces/HIAAC-KR-Dev-Container/Minerva-Exps/benchmarks/experiments/paper_daghar_supervised_3runs_perlr_samples_down_seed_harcnn_125/logs/id_4358cc99459e/final,48c587630f,/workspaces/HIAAC-KR-Dev-Container/Minerva-Exps/benchmarks/experiments/paper_daghar_supervised_3runs_perlr_samples_down_seed_harcnn_125/logs/id_4358cc99459e/final/metrics_2025-09-15-12-18-48c587630f.yaml,/workspaces/HIAAC-KR-Dev-Container/Minerva-Exps/benchmarks/experiments/paper_daghar_supervised_3runs_perlr_samples_down_seed_harcnn_125/logs/id_4358cc99459e/final/run_2025-09-15-12-18-48c587630f.yaml,0.7956521511077881,0.7956522107124329,0.7938214540481567,0.7956521511077881,0.7972589135169983,0.7956521511077881
evaluate_harcnn,id_3eeefa4f649d,id_189fd082209e,completed,1,True,id_74afc850e220,supervised,harcnn,full_finetune_lr5,id_2cb57fb4e55b,multimodal_df,daghar_standardized_balanced,wisdm,test,config_0,multimodal_perc_100,id_c2d68cc99d8f,har,evaluate,full_run,/workspaces/HIAAC-KR-Dev-Container/Minerva-Exps/benchmarks/experiments/paper_daghar_supervised_3runs_perlr_samples_down_seed_harcnn_125/logs/id_3eeefa4f649d/final,2205ec4349,/workspaces/HIAAC-KR-Dev-Container/Minerva-Exps/benchmarks/experiments/paper_daghar_supervised_3runs_perlr_samples_down_seed_harcnn_125/logs/id_3eeefa4f649d/final/metrics_2025-09-15-12-18-2205ec4349.yaml,/workspaces/HIAAC-KR-Dev-Container/Minerva-Exps/benchmarks/experiments/paper_daghar_supervised_3runs_perlr_samples_down_seed_harcnn_125/logs/id_3eeefa4f649d/final/run_2025-09-15-12-18-2205ec4349.yaml,0.7215821743011475,0.7215821743011475,0.6541804671287537,0.7215821743011475,0.665679931640625,0.7215821743011475
evaluate_harcnn,id_3f2994e68b31,id_e51de064fd24,completed,1,True,id_205d675a6782,supervised,harcnn,full_finetune_lr1,id_2cb57fb4e55b,multimodal_df,daghar_standardized_balanced,wisdm,test,config_0,multimodal_perc_100,id_c2d68cc99d8f,har,evaluate,full_run,/workspaces/HIAAC-KR-Dev-Container/Minerva-Exps/benchmarks/experiments/paper_daghar_supervised_3runs_perlr_samples_down_seed_harcnn_125/logs/id_3f2994e68b31/final,32f9cb534e,/workspaces/HIAAC-KR-Dev-Container/Minerva-Exps/benchmarks/experiments/paper_daghar_supervised_3runs_perlr_samples_down_seed_harcnn_125/logs/id_3f2994e68b31/final/metrics_2025-09-15-12-18-32f9cb534e.yaml,/workspaces/HIAAC-KR-Dev-Container/Minerva-Exps/benchmarks/experiments/paper_daghar_supervised_3runs_perlr_samples_down_seed_harcnn_125/logs/id_3f2994e68b31/final/run_2025-09-15-12-18-32f9cb534e.yaml,0.4431643486022949,0.4431643486022949,0.33553346991539,0.4431643486022949,0.3252243399620056,0.4431643486022949
evaluate_harcnn,id_447062061b62,id_42d507a91110,completed,1,True,id_205d675a6782,supervised,harcnn,full_finetune_lr1,id_5365127f28e8,multimodal_df,daghar_standardized_balanced,kuhar,test,config_0,multimodal_perc_100,id_c2d68cc99d8f,har,evaluate,full_run,/workspaces/HIAAC-KR-Dev-Container/Minerva-Exps/benchmarks/experiments/paper_daghar_supervised_3runs_perlr_samples_down_seed_harcnn_125/logs/id_447062061b62/final,541d17ac44,/workspaces/HIAAC-KR-Dev-Container/Minerva-Exps/benchmarks/experiments/paper_daghar_supervised_3runs_perlr_samples_down_seed_harcnn_125/logs/id_447062061b62/final/metrics_2025-09-15-12-18-541d17ac44.yaml,/workspaces/HIAAC-KR-Dev-Container/Minerva-Exps/benchmarks/experiments/paper_daghar_supervised_3runs_perlr_samples_down_seed_harcnn_125/logs/id_447062061b62/final/run_2025-09-15-12-18-541d17ac44.yaml,0.2708333432674408,0.2708333432674408,0.1634901762008667,0.2708333432674408,0.14642325043678284,0.2708333432674408
evaluate_harcnn,id_44852a78a985,id_e5ed0b0c1f72,completed,1,True,id_74afc850e220,supervised,harcnn,full_finetune_lr5,id_5365127f28e8,multimodal_df,daghar_standardized_balanced,kuhar,test,config_0,multimodal_perc_100,id_c2d68cc99d8f,har,evaluate,full_run,/workspaces/HIAAC-KR-Dev-Container/Minerva-Exps/benchmarks/experiments/paper_daghar_supervised_3runs_perlr_samples_down_seed_harcnn_125/logs/id_44852a78a985/final,579439766b,/workspaces/HIAAC-KR-Dev-Container/Minerva-Exps/benchmarks/experiments/paper_daghar_supervised_3runs_perlr_samples_down_seed_harcnn_125/logs/id_44852a78a985/final/metrics_2025-09-15-12-18-579439766b.yaml,/workspaces/HIAAC-KR-Dev-Container/Minerva-Exps/benchmarks/experiments/paper_daghar_supervised_3runs_perlr_samples_down_seed_harcnn_125/logs/id_44852a78a985/final/run_2025-09-15-12-18-579439766b.yaml,0.6458333134651184,0.6458333730697632,0.5847888588905334,0.6458333134651184,0.5684313774108887,0.6458333134651184
evaluate_harcnn,id_41ddb7356665,id_602b32778fbf,completed,1,True,id_205d675a6782,supervised,harcnn,full_finetune_lr1,id_f390297e57d1,multimodal_df,daghar_standardized_balanced,rw_thigh,test,config_0,multimodal_perc_100,id_c2d68cc99d8f,har,evaluate,full_run,/workspaces/HIAAC-KR-Dev-Container/Minerva-Exps/benchmarks/experiments/paper_daghar_supervised_3runs_perlr_samples_down_seed_harcnn_125/logs/id_41ddb7356665/final,460c034b61,/workspaces/HIAAC-KR-Dev-Container/Minerva-Exps/benchmarks/experiments/paper_daghar_supervised_3runs_perlr_samples_down_seed_harcnn_125/logs/id_41ddb7356665/final/metrics_2025-09-15-12-18-460c034b61.yaml,/workspaces/HIAAC-KR-Dev-Container/Minerva-Exps/benchmarks/experiments/paper_daghar_supervised_3runs_perlr_samples_down_seed_harcnn_125/logs/id_41ddb7356665/final/run_2025-09-15-12-18-460c034b61.yaml,0.17494824528694153,0.17494823038578033,0.06373858451843262,0.17494824528694153,0.19467641413211823,0.17494824528694153
evaluate_harcnn,id_4471cb054fb3,id_3363e858b36e,completed,1,True,id_205d675a6782,supervised,harcnn,full_finetune_lr1,id_e7f63cc66b02,multimodal_df,daghar_standardized_balanced,motionsense,test,config_0,multimodal_perc_100,id_c2d68cc99d8f,har,evaluate,full_run,/workspaces/HIAAC-KR-Dev-Container/Minerva-Exps/benchmarks/experiments/paper_daghar_supervised_3runs_perlr_samples_down_seed_harcnn_125/logs/id_4471cb054fb3/final,56382a8ed9,/workspaces/HIAAC-KR-Dev-Container/Minerva-Exps/benchmarks/experiments/paper_daghar_supervised_3runs_perlr_samples_down_seed_harcnn_125/logs/id_4471cb054fb3/final/metrics_2025-09-15-12-18-56382a8ed9.yaml,/workspaces/HIAAC-KR-Dev-Container/Minerva-Exps/benchmarks/experiments/paper_daghar_supervised_3runs_perlr_samples_down_seed_harcnn_125/logs/id_4471cb054fb3/final/run_2025-09-15-12-18-56382a8ed9.yaml,0.3305084705352783,0.3305084705352783,0.22064122557640076,0.3305084705352783,0.19988739490509033,0.3305084705352783
evaluate_harcnn,id_46500f03b864,id_7c6a73a27c7c,completed,1,True,id_58a400b02098,supervised,harcnn,full_finetune_lr2,id_5365127f28e8,multimodal_df,daghar_standardized_balanced,kuhar,test,config_0,multimodal_perc_100,id_c2d68cc99d8f,har,evaluate,full_run,/workspaces/HIAAC-KR-Dev-Container/Minerva-Exps/benchmarks/experiments/paper_daghar_supervised_3runs_perlr_samples_down_seed_harcnn_125/logs/id_46500f03b864/final,105280bbf0,/workspaces/HIAAC-KR-Dev-Container/Minerva-Exps/benchmarks/experiments/paper_daghar_supervised_3runs_perlr_samples_down_seed_harcnn_125/logs/id_46500f03b864/final/metrics_2025-09-15-12-19-105280bbf0.yaml,/workspaces/HIAAC-KR-Dev-Container/Minerva-Exps/benchmarks/experiments/paper_daghar_supervised_3runs_perlr_samples_down_seed_harcnn_125/logs/id_46500f03b864/final/run_2025-09-15-12-19-105280bbf0.yaml,0.3472222089767456,0.347222238779068,0.2369658201932907,0.3472222089767456,0.27290818095207214,0.3472222089767456
evaluate_harcnn,id_485c4ed35495,id_d1ef139fc873,completed,1,True,id_74afc850e220,supervised,harcnn,full_finetune_lr5,id_5365127f28e8,multimodal_df,daghar_standardized_balanced,kuhar,test,config_0,multimodal_perc_100,id_c2d68cc99d8f,har,evaluate,full_run,/workspaces/HIAAC-KR-Dev-Container/Minerva-Exps/benchmarks/experiments/paper_daghar_supervised_3runs_perlr_samples_down_seed_harcnn_125/logs/id_485c4ed35495/final,13af5a9b4f,/workspaces/HIAAC-KR-Dev-Container/Minerva-Exps/benchmarks/experiments/paper_daghar_supervised_3runs_perlr_samples_down_seed_harcnn_125/logs/id_485c4ed35495/final/metrics_2025-09-15-12-19-13af5a9b4f.yaml,/workspaces/HIAAC-KR-Dev-Container/Minerva-Exps/benchmarks/experiments/paper_daghar_supervised_3runs_perlr_samples_down_seed_harcnn_125/logs/id_485c4ed35495/final/run_2025-09-15-12-19-13af5a9b4f.yaml,0.7152777910232544,0.7152778506278992,0.6567460298538208,0.7152777910232544,0.6361110806465149,0.7152777910232544
evaluate_harcnn,id_46132adb6eed,id_902a41555df9,completed,1,True,id_205d675a6782,supervised,harcnn,full_finetune_lr1,id_14a6ecc69dec,multimodal_df,daghar_standardized_balanced,uci,test,config_0,multimodal_perc_100,id_c2d68cc99d8f,har,evaluate,full_run,/workspaces/HIAAC-KR-Dev-Container/Minerva-Exps/benchmarks/experiments/paper_daghar_supervised_3runs_perlr_samples_down_seed_harcnn_125/logs/id_46132adb6eed/final,10f663ed9d,/workspaces/HIAAC-KR-Dev-Container/Minerva-Exps/benchmarks/experiments/paper_daghar_supervised_3runs_perlr_samples_down_seed_harcnn_125/logs/id_46132adb6eed/final/metrics_2025-09-15-12-19-10f663ed9d.yaml,/workspaces/HIAAC-KR-Dev-Container/Minerva-Exps/benchmarks/experiments/paper_daghar_supervised_3runs_perlr_samples_down_seed_harcnn_125/logs/id_46132adb6eed/final/run_2025-09-15-12-19-10f663ed9d.yaml,0.3942028880119324,0.3942028880119324,0.27599066495895386,0.3942028880119324,0.24824824929237366,0.3942028880119324
evaluate_harcnn,id_43d389d82c54,id_942b3928e291,completed,1,True,id_74afc850e220,supervised,harcnn,full_finetune_lr5,id_2cb57fb4e55b,multimodal_df,daghar_standardized_balanced,wisdm,test,config_0,multimodal_perc_100,id_c2d68cc99d8f,har,evaluate,full_run,/workspaces/HIAAC-KR-Dev-Container/Minerva-Exps/benchmarks/experiments/paper_daghar_supervised_3runs_perlr_samples_down_seed_harcnn_125/logs/id_43d389d82c54/final,4952335756,/workspaces/HIAAC-KR-Dev-Container/Minerva-Exps/benchmarks/experiments/paper_daghar_supervised_3runs_perlr_samples_down_seed_harcnn_125/logs/id_43d389d82c54/final/metrics_2025-09-15-12-18-4952335756.yaml,/workspaces/HIAAC-KR-Dev-Container/Minerva-Exps/benchmarks/experiments/paper_daghar_supervised_3runs_perlr_samples_down_seed_harcnn_125/logs/id_43d389d82c54/final/run_2025-09-15-12-18-4952335756.yaml,0.7423195242881775,0.7423195242881775,0.6844305992126465,0.7423195242881775,0.768336296081543,0.7423194646835327
evaluate_harcnn,id_495c13d9a3af,id_d27e6ee188bb,completed,1,True,id_74afc850e220,supervised,harcnn,full_finetune_lr5,id_e7f63cc66b02,multimodal_df,daghar_standardized_balanced,motionsense,test,config_0,multimodal_perc_100,id_c2d68cc99d8f,har,evaluate,full_run,/workspaces/HIAAC-KR-Dev-Container/Minerva-Exps/benchmarks/experiments/paper_daghar_supervised_3runs_perlr_samples_down_seed_harcnn_125/logs/id_495c13d9a3af/final,14e76a287f,/workspaces/HIAAC-KR-Dev-Container/Minerva-Exps/benchmarks/experiments/paper_daghar_supervised_3runs_perlr_samples_down_seed_harcnn_125/logs/id_495c13d9a3af/final/metrics_2025-09-15-12-19-14e76a287f.yaml,/workspaces/HIAAC-KR-Dev-Container/Minerva-Exps/benchmarks/experiments/paper_daghar_supervised_3runs_perlr_samples_down_seed_harcnn_125/logs/id_495c13d9a3af/final/run_2025-09-15-12-19-14e76a287f.yaml,0.5630885362625122,0.5630885362625122,0.5032899379730225,0.5630885362625122,0.6738242506980896,0.5630884766578674
evaluate_harcnn,id_49725ca48d53,id_b1823b8d7309,completed,1,True,id_58a400b02098,supervised,harcnn,full_finetune_lr2,id_e7f63cc66b02,multimodal_df,daghar_standardized_balanced,motionsense,test,config_0,multimodal_perc_100,id_c2d68cc99d8f,har,evaluate,full_run,/workspaces/HIAAC-KR-Dev-Container/Minerva-Exps/benchmarks/experiments/paper_daghar_supervised_3runs_perlr_samples_down_seed_harcnn_125/logs/id_49725ca48d53/final,160cd9a9d7,/workspaces/HIAAC-KR-Dev-Container/Minerva-Exps/benchmarks/experiments/paper_daghar_supervised_3runs_perlr_samples_down_seed_harcnn_125/logs/id_49725ca48d53/final/metrics_2025-09-15-12-19-160cd9a9d7.yaml,/workspaces/HIAAC-KR-Dev-Container/Minerva-Exps/benchmarks/experiments/paper_daghar_supervised_3runs_perlr_samples_down_seed_harcnn_125/logs/id_49725ca48d53/final/run_2025-09-15-12-19-160cd9a9d7.yaml,0.4764595031738281,0.4764595031738281,0.34218961000442505,0.4764595031738281,0.2959660291671753,0.4764595031738281
evaluate_harcnn,id_499cc63118af,id_77f2b38cd0a6,completed,1,True,id_74afc850e220,supervised,harcnn,full_finetune_lr5,id_5365127f28e8,multimodal_df,daghar_standardized_balanced,kuhar,test,config_0,multimodal_perc_100,id_c2d68cc99d8f,har,evaluate,full_run,/workspaces/HIAAC-KR-Dev-Container/Minerva-Exps/benchmarks/experiments/paper_daghar_supervised_3runs_perlr_samples_down_seed_harcnn_125/logs/id_499cc63118af/final,293839e3b5,/workspaces/HIAAC-KR-Dev-Container/Minerva-Exps/benchmarks/experiments/paper_daghar_supervised_3runs_perlr_samples_down_seed_harcnn_125/logs/id_499cc63118af/final/metrics_2025-09-15-12-19-293839e3b5.yaml,/workspaces/HIAAC-KR-Dev-Container/Minerva-Exps/benchmarks/experiments/paper_daghar_supervised_3runs_perlr_samples_down_seed_harcnn_125/logs/id_499cc63118af/final/run_2025-09-15-12-19-293839e3b5.yaml,0.6111111044883728,0.6111111044883728,0.5238990783691406,0.6111111044883728,0.5915750861167908,0.6111111640930176
evaluate_harcnn,id_49aab79d2220,id_15978cbd7391,completed,1,True,id_58a400b02098,supervised,harcnn,full_finetune_lr2,id_5365127f28e8,multimodal_df,daghar_standardized_balanced,kuhar,test,config_0,multimodal_perc_100,id_c2d68cc99d8f,har,evaluate,full_run,/workspaces/HIAAC-KR-Dev-Container/Minerva-Exps/benchmarks/experiments/paper_daghar_supervised_3runs_perlr_samples_down_seed_harcnn_125/logs/id_49aab79d2220/final,3016b99534,/workspaces/HIAAC-KR-Dev-Container/Minerva-Exps/benchmarks/experiments/paper_daghar_supervised_3runs_perlr_samples_down_seed_harcnn_125/logs/id_49aab79d2220/final/metrics_2025-09-15-12-19-3016b99534.yaml,/workspaces/HIAAC-KR-Dev-Container/Minerva-Exps/benchmarks/experiments/paper_daghar_supervised_3runs_perlr_samples_down_seed_harcnn_125/logs/id_49aab79d2220/final/run_2025-09-15-12-19-3016b99534.yaml,0.5138888955116272,0.5138888955116272,0.4067276418209076,0.5138888955116272,0.5038548707962036,0.5138888955116272
evaluate_harcnn,id_45a04afadf8c,id_a10cb19364e0,completed,1,True,id_58a400b02098,supervised,harcnn,full_finetune_lr2,id_f390297e57d1,multimodal_df,daghar_standardized_balanced,rw_thigh,test,config_0,multimodal_perc_100,id_c2d68cc99d8f,har,evaluate,full_run,/workspaces/HIAAC-KR-Dev-Container/Minerva-Exps/benchmarks/experiments/paper_daghar_supervised_3runs_perlr_samples_down_seed_harcnn_125/logs/id_45a04afadf8c/final,08f813209f,/workspaces/HIAAC-KR-Dev-Container/Minerva-Exps/benchmarks/experiments/paper_daghar_supervised_3runs_perlr_samples_down_seed_harcnn_125/logs/id_45a04afadf8c/final/metrics_2025-09-15-12-19-08f813209f.yaml,/workspaces/HIAAC-KR-Dev-Container/Minerva-Exps/benchmarks/experiments/paper_daghar_supervised_3runs_perlr_samples_down_seed_harcnn_125/logs/id_45a04afadf8c/final/run_2025-09-15-12-19-08f813209f.yaml,0.6877156496047974,0.6877157092094421,0.6438701748847961,0.6877156496047974,0.6666651368141174,0.6877157092094421
evaluate_harcnn,id_46ab4102fe96,id_f194d254badf,completed,1,True,id_58a400b02098,supervised,harcnn,full_finetune_lr2,id_f390297e57d1,multimodal_df,daghar_standardized_balanced,rw_thigh,test,config_0,multimodal_perc_100,id_c2d68cc99d8f,har,evaluate,full_run,/workspaces/HIAAC-KR-Dev-Container/Minerva-Exps/benchmarks/experiments/paper_daghar_supervised_3runs_perlr_samples_down_seed_harcnn_125/logs/id_46ab4102fe96/final,103d35ef7b,/workspaces/HIAAC-KR-Dev-Container/Minerva-Exps/benchmarks/experiments/paper_daghar_supervised_3runs_perlr_samples_down_seed_harcnn_125/logs/id_46ab4102fe96/final/metrics_2025-09-15-12-19-103d35ef7b.yaml,/workspaces/HIAAC-KR-Dev-Container/Minerva-Exps/benchmarks/experiments/paper_daghar_supervised_3runs_perlr_samples_down_seed_harcnn_125/logs/id_46ab4102fe96/final/run_2025-09-15-12-19-103d35ef7b.yaml,0.4478951096534729,0.4478950798511505,0.4281379282474518,0.4478951096534729,0.44824108481407166,0.4478950798511505
evaluate_harcnn,id_49e10dfaa313,id_41e7c2966754,completed,1,True,id_58a400b02098,supervised,harcnn,full_finetune_lr2,id_e7f63cc66b02,multimodal_df,daghar_standardized_balanced,motionsense,test,config_0,multimodal_perc_100,id_c2d68cc99d8f,har,evaluate,full_run,/workspaces/HIAAC-KR-Dev-Container/Minerva-Exps/benchmarks/experiments/paper_daghar_supervised_3runs_perlr_samples_down_seed_harcnn_125/logs/id_49e10dfaa313/final,357fee48e6,/workspaces/HIAAC-KR-Dev-Container/Minerva-Exps/benchmarks/experiments/paper_daghar_supervised_3runs_perlr_samples_down_seed_harcnn_125/logs/id_49e10dfaa313/final/metrics_2025-09-15-12-19-357fee48e6.yaml,/workspaces/HIAAC-KR-Dev-Container/Minerva-Exps/benchmarks/experiments/paper_daghar_supervised_3runs_perlr_samples_down_seed_harcnn_125/logs/id_49e10dfaa313/final/run_2025-09-15-12-19-357fee48e6.yaml,0.639359712600708,0.639359712600708,0.6236981153488159,0.639359712600708,0.6515838503837585,0.6393597722053528
evaluate_harcnn,id_49f9446b86f9,id_91f9561b199a,completed,1,True,id_58a400b02098,supervised,harcnn,full_finetune_lr2,id_e7f63cc66b02,multimodal_df,daghar_standardized_balanced,motionsense,test,config_0,multimodal_perc_100,id_c2d68cc99d8f,har,evaluate,full_run,/workspaces/HIAAC-KR-Dev-Container/Minerva-Exps/benchmarks/experiments/paper_daghar_supervised_3runs_perlr_samples_down_seed_harcnn_125/logs/id_49f9446b86f9/final,3969859e02,/workspaces/HIAAC-KR-Dev-Container/Minerva-Exps/benchmarks/experiments/paper_daghar_supervised_3runs_perlr_samples_down_seed_harcnn_125/logs/id_49f9446b86f9/final/metrics_2025-09-15-12-19-3969859e02.yaml,/workspaces/HIAAC-KR-Dev-Container/Minerva-Exps/benchmarks/experiments/paper_daghar_supervised_3runs_perlr_samples_down_seed_harcnn_125/logs/id_49f9446b86f9/final/run_2025-09-15-12-19-3969859e02.yaml,0.30414313077926636,0.30414313077926636,0.1832728385925293,0.30414313077926636,0.14262288808822632,0.30414313077926636
evaluate_harcnn,id_49755b10b833,id_dd37a0629707,completed,1,True,id_74afc850e220,supervised,harcnn,full_finetune_lr5,id_2cb57fb4e55b,multimodal_df,daghar_standardized_balanced,wisdm,test,config_0,multimodal_perc_100,id_c2d68cc99d8f,har,evaluate,full_run,/workspaces/HIAAC-KR-Dev-Container/Minerva-Exps/benchmarks/experiments/paper_daghar_supervised_3runs_perlr_samples_down_seed_harcnn_125/logs/id_49755b10b833/final,263eaca5d8,/workspaces/HIAAC-KR-Dev-Container/Minerva-Exps/benchmarks/experiments/paper_daghar_supervised_3runs_perlr_samples_down_seed_harcnn_125/logs/id_49755b10b833/final/metrics_2025-09-15-12-19-263eaca5d8.yaml,/workspaces/HIAAC-KR-Dev-Container/Minerva-Exps/benchmarks/experiments/paper_daghar_supervised_3runs_perlr_samples_down_seed_harcnn_125/logs/id_49755b10b833/final/run_2025-09-15-12-19-263eaca5d8.yaml,0.6839478015899658,0.6839478015899658,0.6124160289764404,0.6839478015899658,0.6970546245574951,0.6839478015899658
evaluate_harcnn,id_4a547bbf85e5,id_4f9d686fad50,completed,1,True,id_58a400b02098,supervised,harcnn,full_finetune_lr2,id_f390297e57d1,multimodal_df,daghar_standardized_balanced,rw_thigh,test,config_0,multimodal_perc_100,id_c2d68cc99d8f,har,evaluate,full_run,/workspaces/HIAAC-KR-Dev-Container/Minerva-Exps/benchmarks/experiments/paper_daghar_supervised_3runs_perlr_samples_down_seed_harcnn_125/logs/id_4a547bbf85e5/final,395f63f9e2,/workspaces/HIAAC-KR-Dev-Container/Minerva-Exps/benchmarks/experiments/paper_daghar_supervised_3runs_perlr_samples_down_seed_harcnn_125/logs/id_4a547bbf85e5/final/metrics_2025-09-15-12-19-395f63f9e2.yaml,/workspaces/HIAAC-KR-Dev-Container/Minerva-Exps/benchmarks/experiments/paper_daghar_supervised_3runs_perlr_samples_down_seed_harcnn_125/logs/id_4a547bbf85e5/final/run_2025-09-15-12-19-395f63f9e2.yaml,0.7198067903518677,0.7198068499565125,0.7024130821228027,0.7198067903518677,0.7548577785491943,0.7198067307472229
evaluate_harcnn,id_4c1e7f4c8677,id_6c0cd40ed093,completed,1,True,id_205d675a6782,supervised,harcnn,full_finetune_lr1,id_2cb57fb4e55b,multimodal_df,daghar_standardized_balanced,wisdm,test,config_0,multimodal_perc_100,id_c2d68cc99d8f,har,evaluate,full_run,/workspaces/HIAAC-KR-Dev-Container/Minerva-Exps/benchmarks/experiments/paper_daghar_supervised_3runs_perlr_samples_down_seed_harcnn_125/logs/id_4c1e7f4c8677/final,52e0fc4005,/workspaces/HIAAC-KR-Dev-Container/Minerva-Exps/benchmarks/experiments/paper_daghar_supervised_3runs_perlr_samples_down_seed_harcnn_125/logs/id_4c1e7f4c8677/final/metrics_2025-09-15-12-19-52e0fc4005.yaml,/workspaces/HIAAC-KR-Dev-Container/Minerva-Exps/benchmarks/experiments/paper_daghar_supervised_3runs_perlr_samples_down_seed_harcnn_125/logs/id_4c1e7f4c8677/final/run_2025-09-15-12-19-52e0fc4005.yaml,0.4662058353424072,0.4662058353424072,0.3527257442474365,0.4662058353424072,0.3292534649372101,0.4662058353424072
evaluate_harcnn,id_4c84a145d6ef,id_3b51544b91be,completed,1,True,id_205d675a6782,supervised,harcnn,full_finetune_lr1,id_b1f5143574a1,multimodal_df,daghar_standardized_balanced,rw_waist,test,config_0,multimodal_perc_100,id_c2d68cc99d8f,har,evaluate,full_run,/workspaces/HIAAC-KR-Dev-Container/Minerva-Exps/benchmarks/experiments/paper_daghar_supervised_3runs_perlr_samples_down_seed_harcnn_125/logs/id_4c84a145d6ef/final,53146fee6a,/workspaces/HIAAC-KR-Dev-Container/Minerva-Exps/benchmarks/experiments/paper_daghar_supervised_3runs_perlr_samples_down_seed_harcnn_125/logs/id_4c84a145d6ef/final/metrics_2025-09-15-12-19-53146fee6a.yaml,/workspaces/HIAAC-KR-Dev-Container/Minerva-Exps/benchmarks/experiments/paper_daghar_supervised_3runs_perlr_samples_down_seed_harcnn_125/logs/id_4c84a145d6ef/final/run_2025-09-15-12-19-53146fee6a.yaml,0.2704475224018097,0.2704475224018097,0.17953136563301086,0.2704475224018097,0.1952725350856781,0.2704475522041321
evaluate_harcnn,id_4a86cf27d4db,id_3a7244b0234f,completed,1,True,id_74afc850e220,supervised,harcnn,full_finetune_lr5,id_2cb57fb4e55b,multimodal_df,daghar_standardized_balanced,wisdm,test,config_0,multimodal_perc_100,id_c2d68cc99d8f,har,evaluate,full_run,/workspaces/HIAAC-KR-Dev-Container/Minerva-Exps/benchmarks/experiments/paper_daghar_supervised_3runs_perlr_samples_down_seed_harcnn_125/logs/id_4a86cf27d4db/final,45567152ae,/workspaces/HIAAC-KR-Dev-Container/Minerva-Exps/benchmarks/experiments/paper_daghar_supervised_3runs_perlr_samples_down_seed_harcnn_125/logs/id_4a86cf27d4db/final/metrics_2025-09-15-12-19-45567152ae.yaml,/workspaces/HIAAC-KR-Dev-Container/Minerva-Exps/benchmarks/experiments/paper_daghar_supervised_3runs_perlr_samples_down_seed_harcnn_125/logs/id_4a86cf27d4db/final/run_2025-09-15-12-19-45567152ae.yaml,0.7515360713005066,0.7515361309051514,0.7412540316581726,0.7515360713005066,0.7656456232070923,0.7515360713005066
evaluate_harcnn,id_4dbc9447ef62,id_cef6302441b2,completed,1,True,id_58a400b02098,supervised,harcnn,full_finetune_lr2,id_e7f63cc66b02,multimodal_df,daghar_standardized_balanced,motionsense,test,config_0,multimodal_perc_100,id_c2d68cc99d8f,har,evaluate,full_run,/workspaces/HIAAC-KR-Dev-Container/Minerva-Exps/benchmarks/experiments/paper_daghar_supervised_3runs_perlr_samples_down_seed_harcnn_125/logs/id_4dbc9447ef62/final,0496c098c5,/workspaces/HIAAC-KR-Dev-Container/Minerva-Exps/benchmarks/experiments/paper_daghar_supervised_3runs_perlr_samples_down_seed_harcnn_125/logs/id_4dbc9447ef62/final/metrics_2025-09-15-12-20-0496c098c5.yaml,/workspaces/HIAAC-KR-Dev-Container/Minerva-Exps/benchmarks/experiments/paper_daghar_supervised_3runs_perlr_samples_down_seed_harcnn_125/logs/id_4dbc9447ef62/final/run_2025-09-15-12-20-0496c098c5.yaml,0.5913370847702026,0.5913371443748474,0.5684465169906616,0.5913370847702026,0.6317368745803833,0.5913370847702026
evaluate_harcnn,id_4bfcf115537f,id_b0e4cf4aa404,completed,1,True,id_58a400b02098,supervised,harcnn,full_finetune_lr2,id_f390297e57d1,multimodal_df,daghar_standardized_balanced,rw_thigh,test,config_0,multimodal_perc_100,id_c2d68cc99d8f,har,evaluate,full_run,/workspaces/HIAAC-KR-Dev-Container/Minerva-Exps/benchmarks/experiments/paper_daghar_supervised_3runs_perlr_samples_down_seed_harcnn_125/logs/id_4bfcf115537f/final,46bf7827f9,/workspaces/HIAAC-KR-Dev-Container/Minerva-Exps/benchmarks/experiments/paper_daghar_supervised_3runs_perlr_samples_down_seed_harcnn_125/logs/id_4bfcf115537f/final/metrics_2025-09-15-12-19-46bf7827f9.yaml,/workspaces/HIAAC-KR-Dev-Container/Minerva-Exps/benchmarks/experiments/paper_daghar_supervised_3runs_perlr_samples_down_seed_harcnn_125/logs/id_4bfcf115537f/final/run_2025-09-15-12-19-46bf7827f9.yaml,0.638026237487793,0.638026237487793,0.592739999294281,0.638026237487793,0.5841494202613831,0.638026237487793
evaluate_harcnn,id_4df79c6d165b,id_c5b1ae431786,completed,1,True,id_205d675a6782,supervised,harcnn,full_finetune_lr1,id_b1f5143574a1,multimodal_df,daghar_standardized_balanced,rw_waist,test,config_0,multimodal_perc_100,id_c2d68cc99d8f,har,evaluate,full_run,/workspaces/HIAAC-KR-Dev-Container/Minerva-Exps/benchmarks/experiments/paper_daghar_supervised_3runs_perlr_samples_down_seed_harcnn_125/logs/id_4df79c6d165b/final,11f0586f91,/workspaces/HIAAC-KR-Dev-Container/Minerva-Exps/benchmarks/experiments/paper_daghar_supervised_3runs_perlr_samples_down_seed_harcnn_125/logs/id_4df79c6d165b/final/metrics_2025-09-15-12-20-11f0586f91.yaml,/workspaces/HIAAC-KR-Dev-Container/Minerva-Exps/benchmarks/experiments/paper_daghar_supervised_3runs_perlr_samples_down_seed_harcnn_125/logs/id_4df79c6d165b/final/run_2025-09-15-12-20-11f0586f91.yaml,0.23186728358268738,0.23186726868152618,0.1443655788898468,0.23186728358268738,0.19651742279529572,0.23186728358268738
evaluate_harcnn,id_4f7f2b5efa07,id_7a211d185642,completed,1,True,id_205d675a6782,supervised,harcnn,full_finetune_lr1,id_5365127f28e8,multimodal_df,daghar_standardized_balanced,kuhar,test,config_0,multimodal_perc_100,id_c2d68cc99d8f,har,evaluate,full_run,/workspaces/HIAAC-KR-Dev-Container/Minerva-Exps/benchmarks/experiments/paper_daghar_supervised_3runs_perlr_samples_down_seed_harcnn_125/logs/id_4f7f2b5efa07/final,263fffe81c,/workspaces/HIAAC-KR-Dev-Container/Minerva-Exps/benchmarks/experiments/paper_daghar_supervised_3runs_perlr_samples_down_seed_harcnn_125/logs/id_4f7f2b5efa07/final/metrics_2025-09-15-12-20-263fffe81c.yaml,/workspaces/HIAAC-KR-Dev-Container/Minerva-Exps/benchmarks/experiments/paper_daghar_supervised_3runs_perlr_samples_down_seed_harcnn_125/logs/id_4f7f2b5efa07/final/run_2025-09-15-12-20-263fffe81c.yaml,0.2986111044883728,0.2986111342906952,0.1628103256225586,0.2986111044883728,0.11496599018573761,0.2986111044883728
evaluate_harcnn,id_5000fcc05e37,id_3062645546c3,completed,1,True,id_58a400b02098,supervised,harcnn,full_finetune_lr2,id_5365127f28e8,multimodal_df,daghar_standardized_balanced,kuhar,test,config_0,multimodal_perc_100,id_c2d68cc99d8f,har,evaluate,full_run,/workspaces/HIAAC-KR-Dev-Container/Minerva-Exps/benchmarks/experiments/paper_daghar_supervised_3runs_perlr_samples_down_seed_harcnn_125/logs/id_5000fcc05e37/final,27b784d1f2,/workspaces/HIAAC-KR-Dev-Container/Minerva-Exps/benchmarks/experiments/paper_daghar_supervised_3runs_perlr_samples_down_seed_harcnn_125/logs/id_5000fcc05e37/final/metrics_2025-09-15-12-20-27b784d1f2.yaml,/workspaces/HIAAC-KR-Dev-Container/Minerva-Exps/benchmarks/experiments/paper_daghar_supervised_3runs_perlr_samples_down_seed_harcnn_125/logs/id_5000fcc05e37/final/run_2025-09-15-12-20-27b784d1f2.yaml,0.2152777761220932,0.2152777761220932,0.15456341207027435,0.2152777761220932,0.12607023119926453,0.2152777761220932
evaluate_harcnn,id_4d728a854668,id_ec1d0148aba6,completed,1,True,id_74afc850e220,supervised,harcnn,full_finetune_lr5,id_b1f5143574a1,multimodal_df,daghar_standardized_balanced,rw_waist,test,config_0,multimodal_perc_100,id_c2d68cc99d8f,har,evaluate,full_run,/workspaces/HIAAC-KR-Dev-Container/Minerva-Exps/benchmarks/experiments/paper_daghar_supervised_3runs_perlr_samples_down_seed_harcnn_125/logs/id_4d728a854668/final,5883a1817f,/workspaces/HIAAC-KR-Dev-Container/Minerva-Exps/benchmarks/experiments/paper_daghar_supervised_3runs_perlr_samples_down_seed_harcnn_125/logs/id_4d728a854668/final/metrics_2025-09-15-12-19-5883a1817f.yaml,/workspaces/HIAAC-KR-Dev-Container/Minerva-Exps/benchmarks/experiments/paper_daghar_supervised_3runs_perlr_samples_down_seed_harcnn_125/logs/id_4d728a854668/final/run_2025-09-15-12-19-5883a1817f.yaml,0.485339492559433,0.485339492559433,0.4378981590270996,0.485339492559433,0.524892270565033,0.48533952236175537
evaluate_harcnn,id_4e2a5f4d835e,id_4d39faf2de12,completed,1,True,id_205d675a6782,supervised,harcnn,full_finetune_lr1,id_f390297e57d1,multimodal_df,daghar_standardized_balanced,rw_thigh,test,config_0,multimodal_perc_100,id_c2d68cc99d8f,har,evaluate,full_run,/workspaces/HIAAC-KR-Dev-Container/Minerva-Exps/benchmarks/experiments/paper_daghar_supervised_3runs_perlr_samples_down_seed_harcnn_125/logs/id_4e2a5f4d835e/final,23a54a72f2,/workspaces/HIAAC-KR-Dev-Container/Minerva-Exps/benchmarks/experiments/paper_daghar_supervised_3runs_perlr_samples_down_seed_harcnn_125/logs/id_4e2a5f4d835e/final/metrics_2025-09-15-12-20-23a54a72f2.yaml,/workspaces/HIAAC-KR-Dev-Container/Minerva-Exps/benchmarks/experiments/paper_daghar_supervised_3runs_perlr_samples_down_seed_harcnn_125/logs/id_4e2a5f4d835e/final/run_2025-09-15-12-20-23a54a72f2.yaml,0.25431331992149353,0.25431331992149353,0.16638366878032684,0.25431331992149353,0.19712448120117188,0.25431331992149353
evaluate_harcnn,id_50b233dc59c4,id_7d398bad4e55,completed,1,True,id_205d675a6782,supervised,harcnn,full_finetune_lr1,id_b1f5143574a1,multimodal_df,daghar_standardized_balanced,rw_waist,test,config_0,multimodal_perc_100,id_c2d68cc99d8f,har,evaluate,full_run,/workspaces/HIAAC-KR-Dev-Container/Minerva-Exps/benchmarks/experiments/paper_daghar_supervised_3runs_perlr_samples_down_seed_harcnn_125/logs/id_50b233dc59c4/final,28c25a0996,/workspaces/HIAAC-KR-Dev-Container/Minerva-Exps/benchmarks/experiments/paper_daghar_supervised_3runs_perlr_samples_down_seed_harcnn_125/logs/id_50b233dc59c4/final/metrics_2025-09-15-12-20-28c25a0996.yaml,/workspaces/HIAAC-KR-Dev-Container/Minerva-Exps/benchmarks/experiments/paper_daghar_supervised_3runs_perlr_samples_down_seed_harcnn_125/logs/id_50b233dc59c4/final/run_2025-09-15-12-20-28c25a0996.yaml,0.27276235818862915,0.27276232838630676,0.18203850090503693,0.27276235818862915,0.1977413296699524,0.27276235818862915
evaluate_harcnn,id_50d49810c09a,id_19839768db3f,completed,1,True,id_74afc850e220,supervised,harcnn,full_finetune_lr5,id_b1f5143574a1,multimodal_df,daghar_standardized_balanced,rw_waist,test,config_0,multimodal_perc_100,id_c2d68cc99d8f,har,evaluate,full_run,/workspaces/HIAAC-KR-Dev-Container/Minerva-Exps/benchmarks/experiments/paper_daghar_supervised_3runs_perlr_samples_down_seed_harcnn_125/logs/id_50d49810c09a/final,3049cc5866,/workspaces/HIAAC-KR-Dev-Container/Minerva-Exps/benchmarks/experiments/paper_daghar_supervised_3runs_perlr_samples_down_seed_harcnn_125/logs/id_50d49810c09a/final/metrics_2025-09-15-12-20-3049cc5866.yaml,/workspaces/HIAAC-KR-Dev-Container/Minerva-Exps/benchmarks/experiments/paper_daghar_supervised_3runs_perlr_samples_down_seed_harcnn_125/logs/id_50d49810c09a/final/run_2025-09-15-12-20-3049cc5866.yaml,0.6728395223617554,0.6728394627571106,0.6577474474906921,0.6728395223617554,0.698208212852478,0.6728395223617554
evaluate_harcnn,id_535accd94caa,id_1b2a4f18bdd2,completed,1,True,id_205d675a6782,supervised,harcnn,full_finetune_lr1,id_b1f5143574a1,multimodal_df,daghar_standardized_balanced,rw_waist,test,config_0,multimodal_perc_100,id_c2d68cc99d8f,har,evaluate,full_run,/workspaces/HIAAC-KR-Dev-Container/Minerva-Exps/benchmarks/experiments/paper_daghar_supervised_3runs_perlr_samples_down_seed_harcnn_125/logs/id_535accd94caa/final,492725a3eb,/workspaces/HIAAC-KR-Dev-Container/Minerva-Exps/benchmarks/experiments/paper_daghar_supervised_3runs_perlr_samples_down_seed_harcnn_125/logs/id_535accd94caa/final/metrics_2025-09-15-12-20-492725a3eb.yaml,/workspaces/HIAAC-KR-Dev-Container/Minerva-Exps/benchmarks/experiments/paper_daghar_supervised_3runs_perlr_samples_down_seed_harcnn_125/logs/id_535accd94caa/final/run_2025-09-15-12-20-492725a3eb.yaml,0.29745370149612427,0.29745370149612427,0.19043247401714325,0.29745370149612427,0.17343899607658386,0.29745370149612427
evaluate_harcnn,id_5416568e9181,id_dbc2a102628d,completed,1,True,id_205d675a6782,supervised,harcnn,full_finetune_lr1,id_14a6ecc69dec,multimodal_df,daghar_standardized_balanced,uci,test,config_0,multimodal_perc_100,id_c2d68cc99d8f,har,evaluate,full_run,/workspaces/HIAAC-KR-Dev-Container/Minerva-Exps/benchmarks/experiments/paper_daghar_supervised_3runs_perlr_samples_down_seed_harcnn_125/logs/id_5416568e9181/final,02628f2f4a,/workspaces/HIAAC-KR-Dev-Container/Minerva-Exps/benchmarks/experiments/paper_daghar_supervised_3runs_perlr_samples_down_seed_harcnn_125/logs/id_5416568e9181/final/metrics_2025-09-15-12-21-02628f2f4a.yaml,/workspaces/HIAAC-KR-Dev-Container/Minerva-Exps/benchmarks/experiments/paper_daghar_supervised_3runs_perlr_samples_down_seed_harcnn_125/logs/id_5416568e9181/final/run_2025-09-15-12-21-02628f2f4a.yaml,0.3550724685192108,0.3550724387168884,0.25111573934555054,0.3550724685192108,0.2453252077102661,0.3550724685192108
evaluate_harcnn,id_4eea5ca78af5,id_fb30c517a7b3,completed,1,True,id_74afc850e220,supervised,harcnn,full_finetune_lr5,id_f390297e57d1,multimodal_df,daghar_standardized_balanced,rw_thigh,test,config_0,multimodal_perc_100,id_c2d68cc99d8f,har,evaluate,full_run,/workspaces/HIAAC-KR-Dev-Container/Minerva-Exps/benchmarks/experiments/paper_daghar_supervised_3runs_perlr_samples_down_seed_harcnn_125/logs/id_4eea5ca78af5/final,277f105807,/workspaces/HIAAC-KR-Dev-Container/Minerva-Exps/benchmarks/experiments/paper_daghar_supervised_3runs_perlr_samples_down_seed_harcnn_125/logs/id_4eea5ca78af5/final/metrics_2025-09-15-12-20-277f105807.yaml,/workspaces/HIAAC-KR-Dev-Container/Minerva-Exps/benchmarks/experiments/paper_daghar_supervised_3runs_perlr_samples_down_seed_harcnn_125/logs/id_4eea5ca78af5/final/run_2025-09-15-12-20-277f105807.yaml,0.14872325956821442,0.14872325956821442,0.10378047823905945,0.14872325956821442,0.08065424114465714,0.14872325956821442
evaluate_harcnn,id_51683b716a2f,id_9910a347f640,completed,1,True,id_74afc850e220,supervised,harcnn,full_finetune_lr5,id_b1f5143574a1,multimodal_df,daghar_standardized_balanced,rw_waist,test,config_0,multimodal_perc_100,id_c2d68cc99d8f,har,evaluate,full_run,/workspaces/HIAAC-KR-Dev-Container/Minerva-Exps/benchmarks/experiments/paper_daghar_supervised_3runs_perlr_samples_down_seed_harcnn_125/logs/id_51683b716a2f/final,42c6f59eb7,/workspaces/HIAAC-KR-Dev-Container/Minerva-Exps/benchmarks/experiments/paper_daghar_supervised_3runs_perlr_samples_down_seed_harcnn_125/logs/id_51683b716a2f/final/metrics_2025-09-15-12-20-42c6f59eb7.yaml,/workspaces/HIAAC-KR-Dev-Container/Minerva-Exps/benchmarks/experiments/paper_daghar_supervised_3runs_perlr_samples_down_seed_harcnn_125/logs/id_51683b716a2f/final/run_2025-09-15-12-20-42c6f59eb7.yaml,0.5706018805503845,0.5706018209457397,0.5488606095314026,0.5706018805503845,0.6258987188339233,0.5706018209457397
evaluate_harcnn,id_52aec708f134,id_45db37ab3018,completed,1,True,id_205d675a6782,supervised,harcnn,full_finetune_lr1,id_f390297e57d1,multimodal_df,daghar_standardized_balanced,rw_thigh,test,config_0,multimodal_perc_100,id_c2d68cc99d8f,har,evaluate,full_run,/workspaces/HIAAC-KR-Dev-Container/Minerva-Exps/benchmarks/experiments/paper_daghar_supervised_3runs_perlr_samples_down_seed_harcnn_125/logs/id_52aec708f134/final,4293de2e9a,/workspaces/HIAAC-KR-Dev-Container/Minerva-Exps/benchmarks/experiments/paper_daghar_supervised_3runs_perlr_samples_down_seed_harcnn_125/logs/id_52aec708f134/final/metrics_2025-09-15-12-20-4293de2e9a.yaml,/workspaces/HIAAC-KR-Dev-Container/Minerva-Exps/benchmarks/experiments/paper_daghar_supervised_3runs_perlr_samples_down_seed_harcnn_125/logs/id_52aec708f134/final/run_2025-09-15-12-20-4293de2e9a.yaml,0.29848170280456543,0.29848170280456543,0.21463903784751892,0.29848170280456543,0.25467434525489807,0.29848170280456543
evaluate_harcnn,id_50f3d0bf9be1,id_42fb3bbfea3d,completed,1,True,id_74afc850e220,supervised,harcnn,full_finetune_lr5,id_2cb57fb4e55b,multimodal_df,daghar_standardized_balanced,wisdm,test,config_0,multimodal_perc_100,id_c2d68cc99d8f,har,evaluate,full_run,/workspaces/HIAAC-KR-Dev-Container/Minerva-Exps/benchmarks/experiments/paper_daghar_supervised_3runs_perlr_samples_down_seed_harcnn_125/logs/id_50f3d0bf9be1/final,3712f63787,/workspaces/HIAAC-KR-Dev-Container/Minerva-Exps/benchmarks/experiments/paper_daghar_supervised_3runs_perlr_samples_down_seed_harcnn_125/logs/id_50f3d0bf9be1/final/metrics_2025-09-15-12-20-3712f63787.yaml,/workspaces/HIAAC-KR-Dev-Container/Minerva-Exps/benchmarks/experiments/paper_daghar_supervised_3runs_perlr_samples_down_seed_harcnn_125/logs/id_50f3d0bf9be1/final/run_2025-09-15-12-20-3712f63787.yaml,0.35675883293151855,0.35675883293151855,0.2760534882545471,0.35675883293151855,0.2439369112253189,0.35675883293151855
evaluate_harcnn,id_569d710d232c,id_550c8637b607,completed,1,True,id_205d675a6782,supervised,harcnn,full_finetune_lr1,id_e7f63cc66b02,multimodal_df,daghar_standardized_balanced,motionsense,test,config_0,multimodal_perc_100,id_c2d68cc99d8f,har,evaluate,full_run,/workspaces/HIAAC-KR-Dev-Container/Minerva-Exps/benchmarks/experiments/paper_daghar_supervised_3runs_perlr_samples_down_seed_harcnn_125/logs/id_569d710d232c/final,2014d8dd02,/workspaces/HIAAC-KR-Dev-Container/Minerva-Exps/benchmarks/experiments/paper_daghar_supervised_3runs_perlr_samples_down_seed_harcnn_125/logs/id_569d710d232c/final/metrics_2025-09-15-12-21-2014d8dd02.yaml,/workspaces/HIAAC-KR-Dev-Container/Minerva-Exps/benchmarks/experiments/paper_daghar_supervised_3runs_perlr_samples_down_seed_harcnn_125/logs/id_569d710d232c/final/run_2025-09-15-12-21-2014d8dd02.yaml,0.3239171504974365,0.3239171504974365,0.21685902774333954,0.3239171504974365,0.1996275633573532,0.3239171504974365
evaluate_harcnn,id_57fcdc4d1db7,id_10fc29b9625f,completed,1,True,id_74afc850e220,supervised,harcnn,full_finetune_lr5,id_5365127f28e8,multimodal_df,daghar_standardized_balanced,kuhar,test,config_0,multimodal_perc_100,id_c2d68cc99d8f,har,evaluate,full_run,/workspaces/HIAAC-KR-Dev-Container/Minerva-Exps/benchmarks/experiments/paper_daghar_supervised_3runs_perlr_samples_down_seed_harcnn_125/logs/id_57fcdc4d1db7/final,27936d4e78,/workspaces/HIAAC-KR-Dev-Container/Minerva-Exps/benchmarks/experiments/paper_daghar_supervised_3runs_perlr_samples_down_seed_harcnn_125/logs/id_57fcdc4d1db7/final/metrics_2025-09-15-12-21-27936d4e78.yaml,/workspaces/HIAAC-KR-Dev-Container/Minerva-Exps/benchmarks/experiments/paper_daghar_supervised_3runs_perlr_samples_down_seed_harcnn_125/logs/id_57fcdc4d1db7/final/run_2025-09-15-12-21-27936d4e78.yaml,0.6527777910232544,0.6527777910232544,0.5915007591247559,0.6527777910232544,0.5709401369094849,0.6527777910232544
evaluate_harcnn,id_563494fa548e,id_51bc9f37d345,completed,1,True,id_205d675a6782,supervised,harcnn,full_finetune_lr1,id_2cb57fb4e55b,multimodal_df,daghar_standardized_balanced,wisdm,test,config_0,multimodal_perc_100,id_c2d68cc99d8f,har,evaluate,full_run,/workspaces/HIAAC-KR-Dev-Container/Minerva-Exps/benchmarks/experiments/paper_daghar_supervised_3runs_perlr_samples_down_seed_harcnn_125/logs/id_563494fa548e/final,17847407c4,/workspaces/HIAAC-KR-Dev-Container/Minerva-Exps/benchmarks/experiments/paper_daghar_supervised_3runs_perlr_samples_down_seed_harcnn_125/logs/id_563494fa548e/final/metrics_2025-09-15-12-21-17847407c4.yaml,/workspaces/HIAAC-KR-Dev-Container/Minerva-Exps/benchmarks/experiments/paper_daghar_supervised_3runs_perlr_samples_down_seed_harcnn_125/logs/id_563494fa548e/final/run_2025-09-15-12-21-17847407c4.yaml,0.25038403272628784,0.25038403272628784,0.10672642290592194,0.25038403272628784,0.06870030611753464,0.25038403272628784
evaluate_harcnn,id_5731350f9b69,id_d1c86c66d153,completed,1,True,id_205d675a6782,supervised,harcnn,full_finetune_lr1,id_e7f63cc66b02,multimodal_df,daghar_standardized_balanced,motionsense,test,config_0,multimodal_perc_100,id_c2d68cc99d8f,har,evaluate,full_run,/workspaces/HIAAC-KR-Dev-Container/Minerva-Exps/benchmarks/experiments/paper_daghar_supervised_3runs_perlr_samples_down_seed_harcnn_125/logs/id_5731350f9b69/final,242fd76579,/workspaces/HIAAC-KR-Dev-Container/Minerva-Exps/benchmarks/experiments/paper_daghar_supervised_3runs_perlr_samples_down_seed_harcnn_125/logs/id_5731350f9b69/final/metrics_2025-09-15-12-21-242fd76579.yaml,/workspaces/HIAAC-KR-Dev-Container/Minerva-Exps/benchmarks/experiments/paper_daghar_supervised_3runs_perlr_samples_down_seed_harcnn_125/logs/id_5731350f9b69/final/run_2025-09-15-12-21-242fd76579.yaml,0.2495291829109192,0.2495291829109192,0.16213035583496094,0.2495291829109192,0.19707904756069183,0.2495291829109192
evaluate_harcnn,id_539a610dc0c5,id_1fb8807cf157,completed,1,True,id_74afc850e220,supervised,harcnn,full_finetune_lr5,id_f390297e57d1,multimodal_df,daghar_standardized_balanced,rw_thigh,test,config_0,multimodal_perc_100,id_c2d68cc99d8f,har,evaluate,full_run,/workspaces/HIAAC-KR-Dev-Container/Minerva-Exps/benchmarks/experiments/paper_daghar_supervised_3runs_perlr_samples_down_seed_harcnn_125/logs/id_539a610dc0c5/final,5772cdae4c,/workspaces/HIAAC-KR-Dev-Container/Minerva-Exps/benchmarks/experiments/paper_daghar_supervised_3runs_perlr_samples_down_seed_harcnn_125/logs/id_539a610dc0c5/final/metrics_2025-09-15-12-20-5772cdae4c.yaml,/workspaces/HIAAC-KR-Dev-Container/Minerva-Exps/benchmarks/experiments/paper_daghar_supervised_3runs_perlr_samples_down_seed_harcnn_125/logs/id_539a610dc0c5/final/run_2025-09-15-12-20-5772cdae4c.yaml,0.693581759929657,0.693581759929657,0.6784170866012573,0.693581759929657,0.7414916753768921,0.693581759929657
evaluate_harcnn,id_54fcc1b0fd17,id_82ef5998455c,completed,1,True,id_205d675a6782,supervised,harcnn,full_finetune_lr1,id_f390297e57d1,multimodal_df,daghar_standardized_balanced,rw_thigh,test,config_0,multimodal_perc_100,id_c2d68cc99d8f,har,evaluate,full_run,/workspaces/HIAAC-KR-Dev-Container/Minerva-Exps/benchmarks/experiments/paper_daghar_supervised_3runs_perlr_samples_down_seed_harcnn_125/logs/id_54fcc1b0fd17/final,10b00eadbe,/workspaces/HIAAC-KR-Dev-Container/Minerva-Exps/benchmarks/experiments/paper_daghar_supervised_3runs_perlr_samples_down_seed_harcnn_125/logs/id_54fcc1b0fd17/final/metrics_2025-09-15-12-21-10b00eadbe.yaml,/workspaces/HIAAC-KR-Dev-Container/Minerva-Exps/benchmarks/experiments/paper_daghar_supervised_3runs_perlr_samples_down_seed_harcnn_125/logs/id_54fcc1b0fd17/final/run_2025-09-15-12-21-10b00eadbe.yaml,0.2936508059501648,0.2936507761478424,0.19742780923843384,0.2936508059501648,0.1980457454919815,0.2936508059501648
evaluate_harcnn,id_579b479bae7b,id_bd3e7075979e,completed,1,True,id_58a400b02098,supervised,harcnn,full_finetune_lr2,id_14a6ecc69dec,multimodal_df,daghar_standardized_balanced,uci,test,config_0,multimodal_perc_100,id_c2d68cc99d8f,har,evaluate,full_run,/workspaces/HIAAC-KR-Dev-Container/Minerva-Exps/benchmarks/experiments/paper_daghar_supervised_3runs_perlr_samples_down_seed_harcnn_125/logs/id_579b479bae7b/final,25027460f2,/workspaces/HIAAC-KR-Dev-Container/Minerva-Exps/benchmarks/experiments/paper_daghar_supervised_3runs_perlr_samples_down_seed_harcnn_125/logs/id_579b479bae7b/final/metrics_2025-09-15-12-21-25027460f2.yaml,/workspaces/HIAAC-KR-Dev-Container/Minerva-Exps/benchmarks/experiments/paper_daghar_supervised_3runs_perlr_samples_down_seed_harcnn_125/logs/id_579b479bae7b/final/run_2025-09-15-12-21-25027460f2.yaml,0.678260862827301,0.678260862827301,0.6091691255569458,0.678260862827301,0.5767923593521118,0.678260862827301
evaluate_harcnn,id_56e249c797ca,id_a776d0469dd5,completed,1,True,id_205d675a6782,supervised,harcnn,full_finetune_lr1,id_2cb57fb4e55b,multimodal_df,daghar_standardized_balanced,wisdm,test,config_0,multimodal_perc_100,id_c2d68cc99d8f,har,evaluate,full_run,/workspaces/HIAAC-KR-Dev-Container/Minerva-Exps/benchmarks/experiments/paper_daghar_supervised_3runs_perlr_samples_down_seed_harcnn_125/logs/id_56e249c797ca/final,21f2d69683,/workspaces/HIAAC-KR-Dev-Container/Minerva-Exps/benchmarks/experiments/paper_daghar_supervised_3runs_perlr_samples_down_seed_harcnn_125/logs/id_56e249c797ca/final/metrics_2025-09-15-12-21-21f2d69683.yaml,/workspaces/HIAAC-KR-Dev-Container/Minerva-Exps/benchmarks/experiments/paper_daghar_supervised_3runs_perlr_samples_down_seed_harcnn_125/logs/id_56e249c797ca/final/run_2025-09-15-12-21-21f2d69683.yaml,0.3341013789176941,0.3341013789176941,0.2330104261636734,0.3341013789176941,0.31387045979499817,0.3341013789176941
evaluate_harcnn,id_5c01a70eef86,id_107a9ae34bbc,completed,1,True,id_205d675a6782,supervised,harcnn,full_finetune_lr1,id_14a6ecc69dec,multimodal_df,daghar_standardized_balanced,uci,test,config_0,multimodal_perc_100,id_c2d68cc99d8f,har,evaluate,full_run,/workspaces/HIAAC-KR-Dev-Container/Minerva-Exps/benchmarks/experiments/paper_daghar_supervised_3runs_perlr_samples_down_seed_harcnn_125/logs/id_5c01a70eef86/final,45e5dee40e,/workspaces/HIAAC-KR-Dev-Container/Minerva-Exps/benchmarks/experiments/paper_daghar_supervised_3runs_perlr_samples_down_seed_harcnn_125/logs/id_5c01a70eef86/final/metrics_2025-09-15-12-21-45e5dee40e.yaml,/workspaces/HIAAC-KR-Dev-Container/Minerva-Exps/benchmarks/experiments/paper_daghar_supervised_3runs_perlr_samples_down_seed_harcnn_125/logs/id_5c01a70eef86/final/run_2025-09-15-12-21-45e5dee40e.yaml,0.32463768124580383,0.32463768124580383,0.22623738646507263,0.32463768124580383,0.23918189108371735,0.32463768124580383
evaluate_harcnn,id_5beec3942c62,id_75573fcf56e3,completed,1,True,id_58a400b02098,supervised,harcnn,full_finetune_lr2,id_14a6ecc69dec,multimodal_df,daghar_standardized_balanced,uci,test,config_0,multimodal_perc_100,id_c2d68cc99d8f,har,evaluate,full_run,/workspaces/HIAAC-KR-Dev-Container/Minerva-Exps/benchmarks/experiments/paper_daghar_supervised_3runs_perlr_samples_down_seed_harcnn_125/logs/id_5beec3942c62/final,448ce02775,/workspaces/HIAAC-KR-Dev-Container/Minerva-Exps/benchmarks/experiments/paper_daghar_supervised_3runs_perlr_samples_down_seed_harcnn_125/logs/id_5beec3942c62/final/metrics_2025-09-15-12-21-448ce02775.yaml,/workspaces/HIAAC-KR-Dev-Container/Minerva-Exps/benchmarks/experiments/paper_daghar_supervised_3runs_perlr_samples_down_seed_harcnn_125/logs/id_5beec3942c62/final/run_2025-09-15-12-21-448ce02775.yaml,0.8101449012756348,0.8101449012756348,0.7799237966537476,0.8101449012756348,0.8332597613334656,0.8101449608802795
evaluate_harcnn,id_59434daae568,id_ad3159c994ad,completed,1,True,id_205d675a6782,supervised,harcnn,full_finetune_lr1,id_f390297e57d1,multimodal_df,daghar_standardized_balanced,rw_thigh,test,config_0,multimodal_perc_100,id_c2d68cc99d8f,har,evaluate,full_run,/workspaces/HIAAC-KR-Dev-Container/Minerva-Exps/benchmarks/experiments/paper_daghar_supervised_3runs_perlr_samples_down_seed_harcnn_125/logs/id_59434daae568/final,438110bd06,/workspaces/HIAAC-KR-Dev-Container/Minerva-Exps/benchmarks/experiments/paper_daghar_supervised_3runs_perlr_samples_down_seed_harcnn_125/logs/id_59434daae568/final/metrics_2025-09-15-12-21-438110bd06.yaml,/workspaces/HIAAC-KR-Dev-Container/Minerva-Exps/benchmarks/experiments/paper_daghar_supervised_3runs_perlr_samples_down_seed_harcnn_125/logs/id_59434daae568/final/run_2025-09-15-12-21-438110bd06.yaml,0.29537612199783325,0.29537612199783325,0.19877316057682037,0.29537612199783325,0.1985478550195694,0.29537612199783325
evaluate_harcnn,id_5a96579cc66b,id_ff838cba315e,completed,1,True,id_205d675a6782,supervised,harcnn,full_finetune_lr1,id_b1f5143574a1,multimodal_df,daghar_standardized_balanced,rw_waist,test,config_0,multimodal_perc_100,id_c2d68cc99d8f,har,evaluate,full_run,/workspaces/HIAAC-KR-Dev-Container/Minerva-Exps/benchmarks/experiments/paper_daghar_supervised_3runs_perlr_samples_down_seed_harcnn_125/logs/id_5a96579cc66b/final,449bcccaeb,/workspaces/HIAAC-KR-Dev-Container/Minerva-Exps/benchmarks/experiments/paper_daghar_supervised_3runs_perlr_samples_down_seed_harcnn_125/logs/id_5a96579cc66b/final/metrics_2025-09-15-12-21-449bcccaeb.yaml,/workspaces/HIAAC-KR-Dev-Container/Minerva-Exps/benchmarks/experiments/paper_daghar_supervised_3runs_perlr_samples_down_seed_harcnn_125/logs/id_5a96579cc66b/final/run_2025-09-15-12-21-449bcccaeb.yaml,0.27932098507881165,0.27932098507881165,0.18683452904224396,0.27932098507881165,0.1968781054019928,0.27932098507881165
evaluate_harcnn,id_580314949887,id_face8e8f8548,completed,1,True,id_205d675a6782,supervised,harcnn,full_finetune_lr1,id_b1f5143574a1,multimodal_df,daghar_standardized_balanced,rw_waist,test,config_0,multimodal_perc_100,id_c2d68cc99d8f,har,evaluate,full_run,/workspaces/HIAAC-KR-Dev-Container/Minerva-Exps/benchmarks/experiments/paper_daghar_supervised_3runs_perlr_samples_down_seed_harcnn_125/logs/id_580314949887/final,42ed95e86e,/workspaces/HIAAC-KR-Dev-Container/Minerva-Exps/benchmarks/experiments/paper_daghar_supervised_3runs_perlr_samples_down_seed_harcnn_125/logs/id_580314949887/final/metrics_2025-09-15-12-21-42ed95e86e.yaml,/workspaces/HIAAC-KR-Dev-Container/Minerva-Exps/benchmarks/experiments/paper_daghar_supervised_3runs_perlr_samples_down_seed_harcnn_125/logs/id_580314949887/final/run_2025-09-15-12-21-42ed95e86e.yaml,0.27584877610206604,0.27584877610206604,0.1845417320728302,0.27584877610206604,0.1941867172718048,0.27584877610206604
evaluate_harcnn,id_58bc14b9ab24,id_b6a86400f75d,completed,1,True,id_58a400b02098,supervised,harcnn,full_finetune_lr2,id_2cb57fb4e55b,multimodal_df,daghar_standardized_balanced,wisdm,test,config_0,multimodal_perc_100,id_c2d68cc99d8f,har,evaluate,full_run,/workspaces/HIAAC-KR-Dev-Container/Minerva-Exps/benchmarks/experiments/paper_daghar_supervised_3runs_perlr_samples_down_seed_harcnn_125/logs/id_58bc14b9ab24/final,4442def0ce,/workspaces/HIAAC-KR-Dev-Container/Minerva-Exps/benchmarks/experiments/paper_daghar_supervised_3runs_perlr_samples_down_seed_harcnn_125/logs/id_58bc14b9ab24/final/metrics_2025-09-15-12-21-4442def0ce.yaml,/workspaces/HIAAC-KR-Dev-Container/Minerva-Exps/benchmarks/experiments/paper_daghar_supervised_3runs_perlr_samples_down_seed_harcnn_125/logs/id_58bc14b9ab24/final/run_2025-09-15-12-21-4442def0ce.yaml,0.7181259393692017,0.7181259393692017,0.6347708702087402,0.7181259393692017,0.5940301418304443,0.7181259393692017
evaluate_harcnn,id_5c6636636dfd,id_8f2a90d17561,completed,1,True,id_58a400b02098,supervised,harcnn,full_finetune_lr2,id_2cb57fb4e55b,multimodal_df,daghar_standardized_balanced,wisdm,test,config_0,multimodal_perc_100,id_c2d68cc99d8f,har,evaluate,full_run,/workspaces/HIAAC-KR-Dev-Container/Minerva-Exps/benchmarks/experiments/paper_daghar_supervised_3runs_perlr_samples_down_seed_harcnn_125/logs/id_5c6636636dfd/final,463acb26e2,/workspaces/HIAAC-KR-Dev-Container/Minerva-Exps/benchmarks/experiments/paper_daghar_supervised_3runs_perlr_samples_down_seed_harcnn_125/logs/id_5c6636636dfd/final/metrics_2025-09-15-12-21-463acb26e2.yaml,/workspaces/HIAAC-KR-Dev-Container/Minerva-Exps/benchmarks/experiments/paper_daghar_supervised_3runs_perlr_samples_down_seed_harcnn_125/logs/id_5c6636636dfd/final/run_2025-09-15-12-21-463acb26e2.yaml,0.6455453038215637,0.6455453038215637,0.5699131488800049,0.6455453038215637,0.6343935132026672,0.6455453038215637
evaluate_harcnn,id_5cf6dc47276a,id_dcbd89eea333,completed,1,True,id_205d675a6782,supervised,harcnn,full_finetune_lr1,id_b1f5143574a1,multimodal_df,daghar_standardized_balanced,rw_waist,test,config_0,multimodal_perc_100,id_c2d68cc99d8f,har,evaluate,full_run,/workspaces/HIAAC-KR-Dev-Container/Minerva-Exps/benchmarks/experiments/paper_daghar_supervised_3runs_perlr_samples_down_seed_harcnn_125/logs/id_5cf6dc47276a/final,54934ef9c6,/workspaces/HIAAC-KR-Dev-Container/Minerva-Exps/benchmarks/experiments/paper_daghar_supervised_3runs_perlr_samples_down_seed_harcnn_125/logs/id_5cf6dc47276a/final/metrics_2025-09-15-12-21-54934ef9c6.yaml,/workspaces/HIAAC-KR-Dev-Container/Minerva-Exps/benchmarks/experiments/paper_daghar_supervised_3runs_perlr_samples_down_seed_harcnn_125/logs/id_5cf6dc47276a/final/run_2025-09-15-12-21-54934ef9c6.yaml,0.2739197611808777,0.2739197313785553,0.1830328404903412,0.2739197611808777,0.1978355050086975,0.2739197611808777
evaluate_harcnn,id_5dc5fbb19ecc,id_ce388f60e238,completed,1,True,id_205d675a6782,supervised,harcnn,full_finetune_lr1,id_b1f5143574a1,multimodal_df,daghar_standardized_balanced,rw_waist,test,config_0,multimodal_perc_100,id_c2d68cc99d8f,har,evaluate,full_run,/workspaces/HIAAC-KR-Dev-Container/Minerva-Exps/benchmarks/experiments/paper_daghar_supervised_3runs_perlr_samples_down_seed_harcnn_125/logs/id_5dc5fbb19ecc/final,06a9ab5730,/workspaces/HIAAC-KR-Dev-Container/Minerva-Exps/benchmarks/experiments/paper_daghar_supervised_3runs_perlr_samples_down_seed_harcnn_125/logs/id_5dc5fbb19ecc/final/metrics_2025-09-15-12-22-06a9ab5730.yaml,/workspaces/HIAAC-KR-Dev-Container/Minerva-Exps/benchmarks/experiments/paper_daghar_supervised_3runs_perlr_samples_down_seed_harcnn_125/logs/id_5dc5fbb19ecc/final/run_2025-09-15-12-22-06a9ab5730.yaml,0.29976850748062134,0.2997685372829437,0.18323351442813873,0.29976850748062134,0.1548731029033661,0.29976850748062134
evaluate_harcnn,id_5e723eab366e,id_c4a17c10b81e,completed,1,True,id_74afc850e220,supervised,harcnn,full_finetune_lr5,id_5365127f28e8,multimodal_df,daghar_standardized_balanced,kuhar,test,config_0,multimodal_perc_100,id_c2d68cc99d8f,har,evaluate,full_run,/workspaces/HIAAC-KR-Dev-Container/Minerva-Exps/benchmarks/experiments/paper_daghar_supervised_3runs_perlr_samples_down_seed_harcnn_125/logs/id_5e723eab366e/final,22b7e5eb5f,/workspaces/HIAAC-KR-Dev-Container/Minerva-Exps/benchmarks/experiments/paper_daghar_supervised_3runs_perlr_samples_down_seed_harcnn_125/logs/id_5e723eab366e/final/metrics_2025-09-15-12-22-22b7e5eb5f.yaml,/workspaces/HIAAC-KR-Dev-Container/Minerva-Exps/benchmarks/experiments/paper_daghar_supervised_3runs_perlr_samples_down_seed_harcnn_125/logs/id_5e723eab366e/final/run_2025-09-15-12-22-22b7e5eb5f.yaml,0.6805555820465088,0.6805555820465088,0.6158406734466553,0.6805555820465088,0.5984126925468445,0.6805555820465088
evaluate_harcnn,id_5e358a7e91bd,id_f86019329408,completed,1,True,id_205d675a6782,supervised,harcnn,full_finetune_lr1,id_2cb57fb4e55b,multimodal_df,daghar_standardized_balanced,wisdm,test,config_0,multimodal_perc_100,id_c2d68cc99d8f,har,evaluate,full_run,/workspaces/HIAAC-KR-Dev-Container/Minerva-Exps/benchmarks/experiments/paper_daghar_supervised_3runs_perlr_samples_down_seed_harcnn_125/logs/id_5e358a7e91bd/final,151074f992,/workspaces/HIAAC-KR-Dev-Container/Minerva-Exps/benchmarks/experiments/paper_daghar_supervised_3runs_perlr_samples_down_seed_harcnn_125/logs/id_5e358a7e91bd/final/metrics_2025-09-15-12-22-151074f992.yaml,/workspaces/HIAAC-KR-Dev-Container/Minerva-Exps/benchmarks/experiments/paper_daghar_supervised_3runs_perlr_samples_down_seed_harcnn_125/logs/id_5e358a7e91bd/final/run_2025-09-15-12-22-151074f992.yaml,0.44854071736335754,0.44854068756103516,0.34009847044944763,0.44854071736335754,0.3275749385356903,0.44854068756103516
evaluate_harcnn,id_5ddbd2d415c5,id_a3ca1ea29461,completed,1,True,id_205d675a6782,supervised,harcnn,full_finetune_lr1,id_b1f5143574a1,multimodal_df,daghar_standardized_balanced,rw_waist,test,config_0,multimodal_perc_100,id_c2d68cc99d8f,har,evaluate,full_run,/workspaces/HIAAC-KR-Dev-Container/Minerva-Exps/benchmarks/experiments/paper_daghar_supervised_3runs_perlr_samples_down_seed_harcnn_125/logs/id_5ddbd2d415c5/final,1134328098,/workspaces/HIAAC-KR-Dev-Container/Minerva-Exps/benchmarks/experiments/paper_daghar_supervised_3runs_perlr_samples_down_seed_harcnn_125/logs/id_5ddbd2d415c5/final/metrics_2025-09-15-12-22-1134328098.yaml,/workspaces/HIAAC-KR-Dev-Container/Minerva-Exps/benchmarks/experiments/paper_daghar_supervised_3runs_perlr_samples_down_seed_harcnn_125/logs/id_5ddbd2d415c5/final/run_2025-09-15-12-22-1134328098.yaml,0.2631172835826874,0.2631172835826874,0.1742127686738968,0.2631172835826874,0.19748859107494354,0.2631172835826874
evaluate_harcnn,id_5de5e3e7293b,id_39146a8348bd,completed,1,True,id_205d675a6782,supervised,harcnn,full_finetune_lr1,id_b1f5143574a1,multimodal_df,daghar_standardized_balanced,rw_waist,test,config_0,multimodal_perc_100,id_c2d68cc99d8f,har,evaluate,full_run,/workspaces/HIAAC-KR-Dev-Container/Minerva-Exps/benchmarks/experiments/paper_daghar_supervised_3runs_perlr_samples_down_seed_harcnn_125/logs/id_5de5e3e7293b/final,120b34c95d,/workspaces/HIAAC-KR-Dev-Container/Minerva-Exps/benchmarks/experiments/paper_daghar_supervised_3runs_perlr_samples_down_seed_harcnn_125/logs/id_5de5e3e7293b/final/metrics_2025-09-15-12-22-120b34c95d.yaml,/workspaces/HIAAC-KR-Dev-Container/Minerva-Exps/benchmarks/experiments/paper_daghar_supervised_3runs_perlr_samples_down_seed_harcnn_125/logs/id_5de5e3e7293b/final/run_2025-09-15-12-22-120b34c95d.yaml,0.26234567165374756,0.26234567165374756,0.17312271893024445,0.26234567165374756,0.19607628881931305,0.26234567165374756
evaluate_harcnn,id_5dc014cf62b8,id_2ba9e5186529,completed,1,True,id_58a400b02098,supervised,harcnn,full_finetune_lr2,id_2cb57fb4e55b,multimodal_df,daghar_standardized_balanced,wisdm,test,config_0,multimodal_perc_100,id_c2d68cc99d8f,har,evaluate,full_run,/workspaces/HIAAC-KR-Dev-Container/Minerva-Exps/benchmarks/experiments/paper_daghar_supervised_3runs_perlr_samples_down_seed_harcnn_125/logs/id_5dc014cf62b8/final,05be061d8b,/workspaces/HIAAC-KR-Dev-Container/Minerva-Exps/benchmarks/experiments/paper_daghar_supervised_3runs_perlr_samples_down_seed_harcnn_125/logs/id_5dc014cf62b8/final/metrics_2025-09-15-12-22-05be061d8b.yaml,/workspaces/HIAAC-KR-Dev-Container/Minerva-Exps/benchmarks/experiments/paper_daghar_supervised_3runs_perlr_samples_down_seed_harcnn_125/logs/id_5dc014cf62b8/final/run_2025-09-15-12-22-05be061d8b.yaml,0.7342550158500671,0.7342550158500671,0.6667593717575073,0.7342550158500671,0.7006718516349792,0.7342550158500671
evaluate_harcnn,id_5f284ebe3bda,id_0be1705e7ad3,completed,1,True,id_58a400b02098,supervised,harcnn,full_finetune_lr2,id_14a6ecc69dec,multimodal_df,daghar_standardized_balanced,uci,test,config_0,multimodal_perc_100,id_c2d68cc99d8f,har,evaluate,full_run,/workspaces/HIAAC-KR-Dev-Container/Minerva-Exps/benchmarks/experiments/paper_daghar_supervised_3runs_perlr_samples_down_seed_harcnn_125/logs/id_5f284ebe3bda/final,280e6d07d3,/workspaces/HIAAC-KR-Dev-Container/Minerva-Exps/benchmarks/experiments/paper_daghar_supervised_3runs_perlr_samples_down_seed_harcnn_125/logs/id_5f284ebe3bda/final/metrics_2025-09-15-12-22-280e6d07d3.yaml,/workspaces/HIAAC-KR-Dev-Container/Minerva-Exps/benchmarks/experiments/paper_daghar_supervised_3runs_perlr_samples_down_seed_harcnn_125/logs/id_5f284ebe3bda/final/run_2025-09-15-12-22-280e6d07d3.yaml,0.7652173638343811,0.7652174234390259,0.7005071640014648,0.7652173638343811,0.864743709564209,0.7652174234390259
evaluate_harcnn,id_5fa0a98d8b50,id_2c2a23e60b01,completed,1,True,id_58a400b02098,supervised,harcnn,full_finetune_lr2,id_5365127f28e8,multimodal_df,daghar_standardized_balanced,kuhar,test,config_0,multimodal_perc_100,id_c2d68cc99d8f,har,evaluate,full_run,/workspaces/HIAAC-KR-Dev-Container/Minerva-Exps/benchmarks/experiments/paper_daghar_supervised_3runs_perlr_samples_down_seed_harcnn_125/logs/id_5fa0a98d8b50/final,3923f2f6e9,/workspaces/HIAAC-KR-Dev-Container/Minerva-Exps/benchmarks/experiments/paper_daghar_supervised_3runs_perlr_samples_down_seed_harcnn_125/logs/id_5fa0a98d8b50/final/metrics_2025-09-15-12-22-3923f2f6e9.yaml,/workspaces/HIAAC-KR-Dev-Container/Minerva-Exps/benchmarks/experiments/paper_daghar_supervised_3runs_perlr_samples_down_seed_harcnn_125/logs/id_5fa0a98d8b50/final/run_2025-09-15-12-22-3923f2f6e9.yaml,0.5763888955116272,0.5763888955116272,0.4653629660606384,0.5763888955116272,0.39669156074523926,0.576388955116272
evaluate_harcnn,id_61995f2bcd34,id_564cfa6e9d86,completed,1,True,id_58a400b02098,supervised,harcnn,full_finetune_lr2,id_5365127f28e8,multimodal_df,daghar_standardized_balanced,kuhar,test,config_0,multimodal_perc_100,id_c2d68cc99d8f,har,evaluate,full_run,/workspaces/HIAAC-KR-Dev-Container/Minerva-Exps/benchmarks/experiments/paper_daghar_supervised_3runs_perlr_samples_down_seed_harcnn_125/logs/id_61995f2bcd34/final,43ee1f6243,/workspaces/HIAAC-KR-Dev-Container/Minerva-Exps/benchmarks/experiments/paper_daghar_supervised_3runs_perlr_samples_down_seed_harcnn_125/logs/id_61995f2bcd34/final/metrics_2025-09-15-12-22-43ee1f6243.yaml,/workspaces/HIAAC-KR-Dev-Container/Minerva-Exps/benchmarks/experiments/paper_daghar_supervised_3runs_perlr_samples_down_seed_harcnn_125/logs/id_61995f2bcd34/final/run_2025-09-15-12-22-43ee1f6243.yaml,0.5694444179534912,0.5694444179534912,0.4929239749908447,0.5694444179534912,0.5233044624328613,0.5694444179534912
evaluate_harcnn,id_5f836bffa2af,id_8667fe5f1494,completed,1,True,id_74afc850e220,supervised,harcnn,full_finetune_lr5,id_e7f63cc66b02,multimodal_df,daghar_standardized_balanced,motionsense,test,config_0,multimodal_perc_100,id_c2d68cc99d8f,har,evaluate,full_run,/workspaces/HIAAC-KR-Dev-Container/Minerva-Exps/benchmarks/experiments/paper_daghar_supervised_3runs_perlr_samples_down_seed_harcnn_125/logs/id_5f836bffa2af/final,34db4ea7c7,/workspaces/HIAAC-KR-Dev-Container/Minerva-Exps/benchmarks/experiments/paper_daghar_supervised_3runs_perlr_samples_down_seed_harcnn_125/logs/id_5f836bffa2af/final/metrics_2025-09-15-12-22-34db4ea7c7.yaml,/workspaces/HIAAC-KR-Dev-Container/Minerva-Exps/benchmarks/experiments/paper_daghar_supervised_3runs_perlr_samples_down_seed_harcnn_125/logs/id_5f836bffa2af/final/run_2025-09-15-12-22-34db4ea7c7.yaml,0.6836158037185669,0.6836158633232117,0.6285912394523621,0.6836158037185669,0.6437016129493713,0.6836158633232117
evaluate_harcnn,id_61d29a2c3a13,id_ff32f8f9a76b,completed,1,True,id_205d675a6782,supervised,harcnn,full_finetune_lr1,id_5365127f28e8,multimodal_df,daghar_standardized_balanced,kuhar,test,config_0,multimodal_perc_100,id_c2d68cc99d8f,har,evaluate,full_run,/workspaces/HIAAC-KR-Dev-Container/Minerva-Exps/benchmarks/experiments/paper_daghar_supervised_3runs_perlr_samples_down_seed_harcnn_125/logs/id_61d29a2c3a13/final,4864bf2153,/workspaces/HIAAC-KR-Dev-Container/Minerva-Exps/benchmarks/experiments/paper_daghar_supervised_3runs_perlr_samples_down_seed_harcnn_125/logs/id_61d29a2c3a13/final/metrics_2025-09-15-12-22-4864bf2153.yaml,/workspaces/HIAAC-KR-Dev-Container/Minerva-Exps/benchmarks/experiments/paper_daghar_supervised_3runs_perlr_samples_down_seed_harcnn_125/logs/id_61d29a2c3a13/final/run_2025-09-15-12-22-4864bf2153.yaml,0.2638888955116272,0.2638888657093048,0.15624380111694336,0.2638888955116272,0.1388474851846695,0.2638888955116272
evaluate_harcnn,id_5f074fdc350c,id_48ede1e6724e,completed,1,True,id_74afc850e220,supervised,harcnn,full_finetune_lr5,id_2cb57fb4e55b,multimodal_df,daghar_standardized_balanced,wisdm,test,config_0,multimodal_perc_100,id_c2d68cc99d8f,har,evaluate,full_run,/workspaces/HIAAC-KR-Dev-Container/Minerva-Exps/benchmarks/experiments/paper_daghar_supervised_3runs_perlr_samples_down_seed_harcnn_125/logs/id_5f074fdc350c/final,25c1060253,/workspaces/HIAAC-KR-Dev-Container/Minerva-Exps/benchmarks/experiments/paper_daghar_supervised_3runs_perlr_samples_down_seed_harcnn_125/logs/id_5f074fdc350c/final/metrics_2025-09-15-12-22-25c1060253.yaml,/workspaces/HIAAC-KR-Dev-Container/Minerva-Exps/benchmarks/experiments/paper_daghar_supervised_3runs_perlr_samples_down_seed_harcnn_125/logs/id_5f074fdc350c/final/run_2025-09-15-12-22-25c1060253.yaml,0.7895545363426208,0.7895545363426208,0.7889790534973145,0.7895545363426208,0.7890663743019104,0.7895545363426208
evaluate_harcnn,id_5fac6c8d4c66,id_f8f77d01bf7b,completed,1,True,id_205d675a6782,supervised,harcnn,full_finetune_lr1,id_b1f5143574a1,multimodal_df,daghar_standardized_balanced,rw_waist,test,config_0,multimodal_perc_100,id_c2d68cc99d8f,har,evaluate,full_run,/workspaces/HIAAC-KR-Dev-Container/Minerva-Exps/benchmarks/experiments/paper_daghar_supervised_3runs_perlr_samples_down_seed_harcnn_125/logs/id_5fac6c8d4c66/final,42a5ba1163,/workspaces/HIAAC-KR-Dev-Container/Minerva-Exps/benchmarks/experiments/paper_daghar_supervised_3runs_perlr_samples_down_seed_harcnn_125/logs/id_5fac6c8d4c66/final/metrics_2025-09-15-12-22-42a5ba1163.yaml,/workspaces/HIAAC-KR-Dev-Container/Minerva-Exps/benchmarks/experiments/paper_daghar_supervised_3runs_perlr_samples_down_seed_harcnn_125/logs/id_5fac6c8d4c66/final/run_2025-09-15-12-22-42a5ba1163.yaml,0.28703704476356506,0.28703704476356506,0.1927584707736969,0.28703704476356506,0.19328832626342773,0.28703704476356506
evaluate_harcnn,id_6335044f4c37,id_afebcd60de3e,completed,1,True,id_205d675a6782,supervised,harcnn,full_finetune_lr1,id_5365127f28e8,multimodal_df,daghar_standardized_balanced,kuhar,test,config_0,multimodal_perc_100,id_c2d68cc99d8f,har,evaluate,full_run,/workspaces/HIAAC-KR-Dev-Container/Minerva-Exps/benchmarks/experiments/paper_daghar_supervised_3runs_perlr_samples_down_seed_harcnn_125/logs/id_6335044f4c37/final,03c9e807bd,/workspaces/HIAAC-KR-Dev-Container/Minerva-Exps/benchmarks/experiments/paper_daghar_supervised_3runs_perlr_samples_down_seed_harcnn_125/logs/id_6335044f4c37/final/metrics_2025-09-15-12-23-03c9e807bd.yaml,/workspaces/HIAAC-KR-Dev-Container/Minerva-Exps/benchmarks/experiments/paper_daghar_supervised_3runs_perlr_samples_down_seed_harcnn_125/logs/id_6335044f4c37/final/run_2025-09-15-12-23-03c9e807bd.yaml,0.25,0.25,0.16239316761493683,0.25,0.19696970283985138,0.25
evaluate_harcnn,id_61a3f01b4ffe,id_b4db4be1303a,completed,1,True,id_58a400b02098,supervised,harcnn,full_finetune_lr2,id_2cb57fb4e55b,multimodal_df,daghar_standardized_balanced,wisdm,test,config_0,multimodal_perc_100,id_c2d68cc99d8f,har,evaluate,full_run,/workspaces/HIAAC-KR-Dev-Container/Minerva-Exps/benchmarks/experiments/paper_daghar_supervised_3runs_perlr_samples_down_seed_harcnn_125/logs/id_61a3f01b4ffe/final,457d59942e,/workspaces/HIAAC-KR-Dev-Container/Minerva-Exps/benchmarks/experiments/paper_daghar_supervised_3runs_perlr_samples_down_seed_harcnn_125/logs/id_61a3f01b4ffe/final/metrics_2025-09-15-12-22-457d59942e.yaml,/workspaces/HIAAC-KR-Dev-Container/Minerva-Exps/benchmarks/experiments/paper_daghar_supervised_3runs_perlr_samples_down_seed_harcnn_125/logs/id_61a3f01b4ffe/final/run_2025-09-15-12-22-457d59942e.yaml,0.746927797794342,0.746927797794342,0.6633041501045227,0.746927797794342,0.6210015416145325,0.746927797794342
evaluate_harcnn,id_622966e3849e,id_61d6c89f89d5,completed,1,True,id_74afc850e220,supervised,harcnn,full_finetune_lr5,id_e7f63cc66b02,multimodal_df,daghar_standardized_balanced,motionsense,test,config_0,multimodal_perc_100,id_c2d68cc99d8f,har,evaluate,full_run,/workspaces/HIAAC-KR-Dev-Container/Minerva-Exps/benchmarks/experiments/paper_daghar_supervised_3runs_perlr_samples_down_seed_harcnn_125/logs/id_622966e3849e/final,0070ccb79e,/workspaces/HIAAC-KR-Dev-Container/Minerva-Exps/benchmarks/experiments/paper_daghar_supervised_3runs_perlr_samples_down_seed_harcnn_125/logs/id_622966e3849e/final/metrics_2025-09-15-12-23-0070ccb79e.yaml,/workspaces/HIAAC-KR-Dev-Container/Minerva-Exps/benchmarks/experiments/paper_daghar_supervised_3runs_perlr_samples_down_seed_harcnn_125/logs/id_622966e3849e/final/run_2025-09-15-12-23-0070ccb79e.yaml,0.6440678238868713,0.6440677642822266,0.577262282371521,0.6440678238868713,0.5815870761871338,0.6440677642822266
evaluate_harcnn,id_605c7f897b9a,id_21ba2328f67a,completed,1,True,id_74afc850e220,supervised,harcnn,full_finetune_lr5,id_f390297e57d1,multimodal_df,daghar_standardized_balanced,rw_thigh,test,config_0,multimodal_perc_100,id_c2d68cc99d8f,har,evaluate,full_run,/workspaces/HIAAC-KR-Dev-Container/Minerva-Exps/benchmarks/experiments/paper_daghar_supervised_3runs_perlr_samples_down_seed_harcnn_125/logs/id_605c7f897b9a/final,4263477193,/workspaces/HIAAC-KR-Dev-Container/Minerva-Exps/benchmarks/experiments/paper_daghar_supervised_3runs_perlr_samples_down_seed_harcnn_125/logs/id_605c7f897b9a/final/metrics_2025-09-15-12-22-4263477193.yaml,/workspaces/HIAAC-KR-Dev-Container/Minerva-Exps/benchmarks/experiments/paper_daghar_supervised_3runs_perlr_samples_down_seed_harcnn_125/logs/id_605c7f897b9a/final/run_2025-09-15-12-22-4263477193.yaml,0.6928916573524475,0.6928916573524475,0.6773561835289001,0.6928916573524475,0.7445091009140015,0.6928916573524475
evaluate_harcnn,id_63367ebb14d3,id_4d4a294b2798,completed,1,True,id_205d675a6782,supervised,harcnn,full_finetune_lr1,id_e7f63cc66b02,multimodal_df,daghar_standardized_balanced,motionsense,test,config_0,multimodal_perc_100,id_c2d68cc99d8f,har,evaluate,full_run,/workspaces/HIAAC-KR-Dev-Container/Minerva-Exps/benchmarks/experiments/paper_daghar_supervised_3runs_perlr_samples_down_seed_harcnn_125/logs/id_63367ebb14d3/final,08efa86c8f,/workspaces/HIAAC-KR-Dev-Container/Minerva-Exps/benchmarks/experiments/paper_daghar_supervised_3runs_perlr_samples_down_seed_harcnn_125/logs/id_63367ebb14d3/final/metrics_2025-09-15-12-23-08efa86c8f.yaml,/workspaces/HIAAC-KR-Dev-Container/Minerva-Exps/benchmarks/experiments/paper_daghar_supervised_3runs_perlr_samples_down_seed_harcnn_125/logs/id_63367ebb14d3/final/run_2025-09-15-12-23-08efa86c8f.yaml,0.312617689371109,0.312617689371109,0.2100505381822586,0.312617689371109,0.19919148087501526,0.3126177191734314
evaluate_harcnn,id_641405e49ab4,id_6035e1d6008b,completed,1,True,id_58a400b02098,supervised,harcnn,full_finetune_lr2,id_14a6ecc69dec,multimodal_df,daghar_standardized_balanced,uci,test,config_0,multimodal_perc_100,id_c2d68cc99d8f,har,evaluate,full_run,/workspaces/HIAAC-KR-Dev-Container/Minerva-Exps/benchmarks/experiments/paper_daghar_supervised_3runs_perlr_samples_down_seed_harcnn_125/logs/id_641405e49ab4/final,14695100fe,/workspaces/HIAAC-KR-Dev-Container/Minerva-Exps/benchmarks/experiments/paper_daghar_supervised_3runs_perlr_samples_down_seed_harcnn_125/logs/id_641405e49ab4/final/metrics_2025-09-15-12-23-14695100fe.yaml,/workspaces/HIAAC-KR-Dev-Container/Minerva-Exps/benchmarks/experiments/paper_daghar_supervised_3runs_perlr_samples_down_seed_harcnn_125/logs/id_641405e49ab4/final/run_2025-09-15-12-23-14695100fe.yaml,0.7855072617530823,0.7855072617530823,0.7501368522644043,0.7855072617530823,0.8153881430625916,0.7855072617530823
evaluate_harcnn,id_643226fe3f6f,id_6170276336fb,completed,1,True,id_58a400b02098,supervised,harcnn,full_finetune_lr2,id_5365127f28e8,multimodal_df,daghar_standardized_balanced,kuhar,test,config_0,multimodal_perc_100,id_c2d68cc99d8f,har,evaluate,full_run,/workspaces/HIAAC-KR-Dev-Container/Minerva-Exps/benchmarks/experiments/paper_daghar_supervised_3runs_perlr_samples_down_seed_harcnn_125/logs/id_643226fe3f6f/final,2460aeb05f,/workspaces/HIAAC-KR-Dev-Container/Minerva-Exps/benchmarks/experiments/paper_daghar_supervised_3runs_perlr_samples_down_seed_harcnn_125/logs/id_643226fe3f6f/final/metrics_2025-09-15-12-23-2460aeb05f.yaml,/workspaces/HIAAC-KR-Dev-Container/Minerva-Exps/benchmarks/experiments/paper_daghar_supervised_3runs_perlr_samples_down_seed_harcnn_125/logs/id_643226fe3f6f/final/run_2025-09-15-12-23-2460aeb05f.yaml,0.4722222089767456,0.4722222089767456,0.3830065429210663,0.4722222089767456,0.3306770622730255,0.472222238779068
evaluate_harcnn,id_61dc273cd427,id_3b0b4e1ff7af,completed,1,True,id_74afc850e220,supervised,harcnn,full_finetune_lr5,id_f390297e57d1,multimodal_df,daghar_standardized_balanced,rw_thigh,test,config_0,multimodal_perc_100,id_c2d68cc99d8f,har,evaluate,full_run,/workspaces/HIAAC-KR-Dev-Container/Minerva-Exps/benchmarks/experiments/paper_daghar_supervised_3runs_perlr_samples_down_seed_harcnn_125/logs/id_61dc273cd427/final,55ee5d1239,/workspaces/HIAAC-KR-Dev-Container/Minerva-Exps/benchmarks/experiments/paper_daghar_supervised_3runs_perlr_samples_down_seed_harcnn_125/logs/id_61dc273cd427/final/metrics_2025-09-15-12-22-55ee5d1239.yaml,/workspaces/HIAAC-KR-Dev-Container/Minerva-Exps/benchmarks/experiments/paper_daghar_supervised_3runs_perlr_samples_down_seed_harcnn_125/logs/id_61dc273cd427/final/run_2025-09-15-12-22-55ee5d1239.yaml,0.7439613342285156,0.7439613342285156,0.7367098331451416,0.7439613342285156,0.7808547616004944,0.7439613342285156
evaluate_harcnn,id_621b3c7ec98b,id_1c3831eb385c,completed,1,True,id_74afc850e220,supervised,harcnn,full_finetune_lr5,id_f390297e57d1,multimodal_df,daghar_standardized_balanced,rw_thigh,test,config_0,multimodal_perc_100,id_c2d68cc99d8f,har,evaluate,full_run,/workspaces/HIAAC-KR-Dev-Container/Minerva-Exps/benchmarks/experiments/paper_daghar_supervised_3runs_perlr_samples_down_seed_harcnn_125/logs/id_621b3c7ec98b/final,00131c183d,/workspaces/HIAAC-KR-Dev-Container/Minerva-Exps/benchmarks/experiments/paper_daghar_supervised_3runs_perlr_samples_down_seed_harcnn_125/logs/id_621b3c7ec98b/final/metrics_2025-09-15-12-23-00131c183d.yaml,/workspaces/HIAAC-KR-Dev-Container/Minerva-Exps/benchmarks/experiments/paper_daghar_supervised_3runs_perlr_samples_down_seed_harcnn_125/logs/id_621b3c7ec98b/final/run_2025-09-15-12-23-00131c183d.yaml,0.7439613342285156,0.7439613342285156,0.7393391728401184,0.7439613342285156,0.7761066555976868,0.7439613938331604
evaluate_harcnn,id_655fec08d076,id_ce2f5f258ac1,completed,1,True,id_58a400b02098,supervised,harcnn,full_finetune_lr2,id_14a6ecc69dec,multimodal_df,daghar_standardized_balanced,uci,test,config_0,multimodal_perc_100,id_c2d68cc99d8f,har,evaluate,full_run,/workspaces/HIAAC-KR-Dev-Container/Minerva-Exps/benchmarks/experiments/paper_daghar_supervised_3runs_perlr_samples_down_seed_harcnn_125/logs/id_655fec08d076/final,25c896e0fe,/workspaces/HIAAC-KR-Dev-Container/Minerva-Exps/benchmarks/experiments/paper_daghar_supervised_3runs_perlr_samples_down_seed_harcnn_125/logs/id_655fec08d076/final/metrics_2025-09-15-12-23-25c896e0fe.yaml,/workspaces/HIAAC-KR-Dev-Container/Minerva-Exps/benchmarks/experiments/paper_daghar_supervised_3runs_perlr_samples_down_seed_harcnn_125/logs/id_655fec08d076/final/run_2025-09-15-12-23-25c896e0fe.yaml,0.8246376514434814,0.8246377110481262,0.8026086091995239,0.8246376514434814,0.8520078659057617,0.8246376514434814
evaluate_harcnn,id_65d59f9f921c,id_f6b866c1745a,completed,1,True,id_205d675a6782,supervised,harcnn,full_finetune_lr1,id_e7f63cc66b02,multimodal_df,daghar_standardized_balanced,motionsense,test,config_0,multimodal_perc_100,id_c2d68cc99d8f,har,evaluate,full_run,/workspaces/HIAAC-KR-Dev-Container/Minerva-Exps/benchmarks/experiments/paper_daghar_supervised_3runs_perlr_samples_down_seed_harcnn_125/logs/id_65d59f9f921c/final,307685ef71,/workspaces/HIAAC-KR-Dev-Container/Minerva-Exps/benchmarks/experiments/paper_daghar_supervised_3runs_perlr_samples_down_seed_harcnn_125/logs/id_65d59f9f921c/final/metrics_2025-09-15-12-23-307685ef71.yaml,/workspaces/HIAAC-KR-Dev-Container/Minerva-Exps/benchmarks/experiments/paper_daghar_supervised_3runs_perlr_samples_down_seed_harcnn_125/logs/id_65d59f9f921c/final/run_2025-09-15-12-23-307685ef71.yaml,0.2947269380092621,0.2947269380092621,0.1983739584684372,0.2947269380092621,0.19855856895446777,0.2947269380092621
evaluate_harcnn,id_641eeaa09149,id_30a4b26b9328,completed,1,True,id_205d675a6782,supervised,harcnn,full_finetune_lr1,id_f390297e57d1,multimodal_df,daghar_standardized_balanced,rw_thigh,test,config_0,multimodal_perc_100,id_c2d68cc99d8f,har,evaluate,full_run,/workspaces/HIAAC-KR-Dev-Container/Minerva-Exps/benchmarks/experiments/paper_daghar_supervised_3runs_perlr_samples_down_seed_harcnn_125/logs/id_641eeaa09149/final,19f68130cb,/workspaces/HIAAC-KR-Dev-Container/Minerva-Exps/benchmarks/experiments/paper_daghar_supervised_3runs_perlr_samples_down_seed_harcnn_125/logs/id_641eeaa09149/final/metrics_2025-09-15-12-23-19f68130cb.yaml,/workspaces/HIAAC-KR-Dev-Container/Minerva-Exps/benchmarks/experiments/paper_daghar_supervised_3runs_perlr_samples_down_seed_harcnn_125/logs/id_641eeaa09149/final/run_2025-09-15-12-23-19f68130cb.yaml,0.29744651913642883,0.29744651913642883,0.19950537383556366,0.29744651913642883,0.19656823575496674,0.29744651913642883
evaluate_harcnn,id_666bea5b2db1,id_08f93be2debc,completed,1,True,id_58a400b02098,supervised,harcnn,full_finetune_lr2,id_5365127f28e8,multimodal_df,daghar_standardized_balanced,kuhar,test,config_0,multimodal_perc_100,id_c2d68cc99d8f,har,evaluate,full_run,/workspaces/HIAAC-KR-Dev-Container/Minerva-Exps/benchmarks/experiments/paper_daghar_supervised_3runs_perlr_samples_down_seed_harcnn_125/logs/id_666bea5b2db1/final,420ee918b1,/workspaces/HIAAC-KR-Dev-Container/Minerva-Exps/benchmarks/experiments/paper_daghar_supervised_3runs_perlr_samples_down_seed_harcnn_125/logs/id_666bea5b2db1/final/metrics_2025-09-15-12-23-420ee918b1.yaml,/workspaces/HIAAC-KR-Dev-Container/Minerva-Exps/benchmarks/experiments/paper_daghar_supervised_3runs_perlr_samples_down_seed_harcnn_125/logs/id_666bea5b2db1/final/run_2025-09-15-12-23-420ee918b1.yaml,0.5208333134651184,0.5208333134651184,0.40511050820350647,0.5208333134651184,0.4992896020412445,0.5208333134651184
evaluate_harcnn,id_665651804044,id_8391b8d8fdd0,completed,1,True,id_74afc850e220,supervised,harcnn,full_finetune_lr5,id_e7f63cc66b02,multimodal_df,daghar_standardized_balanced,motionsense,test,config_0,multimodal_perc_100,id_c2d68cc99d8f,har,evaluate,full_run,/workspaces/HIAAC-KR-Dev-Container/Minerva-Exps/benchmarks/experiments/paper_daghar_supervised_3runs_perlr_samples_down_seed_harcnn_125/logs/id_665651804044/final,40a75afb4b,/workspaces/HIAAC-KR-Dev-Container/Minerva-Exps/benchmarks/experiments/paper_daghar_supervised_3runs_perlr_samples_down_seed_harcnn_125/logs/id_665651804044/final/metrics_2025-09-15-12-23-40a75afb4b.yaml,/workspaces/HIAAC-KR-Dev-Container/Minerva-Exps/benchmarks/experiments/paper_daghar_supervised_3runs_perlr_samples_down_seed_harcnn_125/logs/id_665651804044/final/run_2025-09-15-12-23-40a75afb4b.yaml,0.7457627058029175,0.7457626461982727,0.7206416726112366,0.7457627058029175,0.7872606515884399,0.7457627058029175
evaluate_harcnn,id_65f3a38fe3e1,id_51c41ba51c13,completed,1,True,id_205d675a6782,supervised,harcnn,full_finetune_lr1,id_b1f5143574a1,multimodal_df,daghar_standardized_balanced,rw_waist,test,config_0,multimodal_perc_100,id_c2d68cc99d8f,har,evaluate,full_run,/workspaces/HIAAC-KR-Dev-Container/Minerva-Exps/benchmarks/experiments/paper_daghar_supervised_3runs_perlr_samples_down_seed_harcnn_125/logs/id_65f3a38fe3e1/final,336c3c9500,/workspaces/HIAAC-KR-Dev-Container/Minerva-Exps/benchmarks/experiments/paper_daghar_supervised_3runs_perlr_samples_down_seed_harcnn_125/logs/id_65f3a38fe3e1/final/metrics_2025-09-15-12-23-336c3c9500.yaml,/workspaces/HIAAC-KR-Dev-Container/Minerva-Exps/benchmarks/experiments/paper_daghar_supervised_3runs_perlr_samples_down_seed_harcnn_125/logs/id_65f3a38fe3e1/final/run_2025-09-15-12-23-336c3c9500.yaml,0.2982253134250641,0.2982253134250641,0.19523155689239502,0.2982253134250641,0.18404652178287506,0.2982253134250641
evaluate_harcnn,id_67ff51f374ab,id_dbe67621f762,completed,1,True,id_205d675a6782,supervised,harcnn,full_finetune_lr1,id_e7f63cc66b02,multimodal_df,daghar_standardized_balanced,motionsense,test,config_0,multimodal_perc_100,id_c2d68cc99d8f,har,evaluate,full_run,/workspaces/HIAAC-KR-Dev-Container/Minerva-Exps/benchmarks/experiments/paper_daghar_supervised_3runs_perlr_samples_down_seed_harcnn_125/logs/id_67ff51f374ab/final,465a43db3e,/workspaces/HIAAC-KR-Dev-Container/Minerva-Exps/benchmarks/experiments/paper_daghar_supervised_3runs_perlr_samples_down_seed_harcnn_125/logs/id_67ff51f374ab/final/metrics_2025-09-15-12-23-465a43db3e.yaml,/workspaces/HIAAC-KR-Dev-Container/Minerva-Exps/benchmarks/experiments/paper_daghar_supervised_3runs_perlr_samples_down_seed_harcnn_125/logs/id_67ff51f374ab/final/run_2025-09-15-12-23-465a43db3e.yaml,0.3013182580471039,0.3013182580471039,0.20389316976070404,0.3013182580471039,0.19955407083034515,0.30131828784942627
evaluate_harcnn,id_67c9d162b29d,id_d68f1b09f6b3,completed,1,True,id_205d675a6782,supervised,harcnn,full_finetune_lr1,id_e7f63cc66b02,multimodal_df,daghar_standardized_balanced,motionsense,test,config_0,multimodal_perc_100,id_c2d68cc99d8f,har,evaluate,full_run,/workspaces/HIAAC-KR-Dev-Container/Minerva-Exps/benchmarks/experiments/paper_daghar_supervised_3runs_perlr_samples_down_seed_harcnn_125/logs/id_67c9d162b29d/final,46750629ff,/workspaces/HIAAC-KR-Dev-Container/Minerva-Exps/benchmarks/experiments/paper_daghar_supervised_3runs_perlr_samples_down_seed_harcnn_125/logs/id_67c9d162b29d/final/metrics_2025-09-15-12-23-46750629ff.yaml,/workspaces/HIAAC-KR-Dev-Container/Minerva-Exps/benchmarks/experiments/paper_daghar_supervised_3runs_perlr_samples_down_seed_harcnn_125/logs/id_67c9d162b29d/final/run_2025-09-15-12-23-46750629ff.yaml,0.32203391194343567,0.32203391194343567,0.21580472588539124,0.32203391194343567,0.1995907723903656,0.32203391194343567
evaluate_harcnn,id_663bf588f77a,id_d53e835ea792,completed,1,True,id_58a400b02098,supervised,harcnn,full_finetune_lr2,id_2cb57fb4e55b,multimodal_df,daghar_standardized_balanced,wisdm,test,config_0,multimodal_perc_100,id_c2d68cc99d8f,har,evaluate,full_run,/workspaces/HIAAC-KR-Dev-Container/Minerva-Exps/benchmarks/experiments/paper_daghar_supervised_3runs_perlr_samples_down_seed_harcnn_125/logs/id_663bf588f77a/final,3418524a2a,/workspaces/HIAAC-KR-Dev-Container/Minerva-Exps/benchmarks/experiments/paper_daghar_supervised_3runs_perlr_samples_down_seed_harcnn_125/logs/id_663bf588f77a/final/metrics_2025-09-15-12-23-3418524a2a.yaml,/workspaces/HIAAC-KR-Dev-Container/Minerva-Exps/benchmarks/experiments/paper_daghar_supervised_3runs_perlr_samples_down_seed_harcnn_125/logs/id_663bf588f77a/final/run_2025-09-15-12-23-3418524a2a.yaml,0.738095223903656,0.7380952835083008,0.6620450615882874,0.738095223903656,0.6863897442817688,0.7380952835083008
evaluate_harcnn,id_6816b545dd7e,id_e9fe56f6a15f,completed,1,True,id_205d675a6782,supervised,harcnn,full_finetune_lr1,id_b1f5143574a1,multimodal_df,daghar_standardized_balanced,rw_waist,test,config_0,multimodal_perc_100,id_c2d68cc99d8f,har,evaluate,full_run,/workspaces/HIAAC-KR-Dev-Container/Minerva-Exps/benchmarks/experiments/paper_daghar_supervised_3runs_perlr_samples_down_seed_harcnn_125/logs/id_6816b545dd7e/final,53e7c64f30,/workspaces/HIAAC-KR-Dev-Container/Minerva-Exps/benchmarks/experiments/paper_daghar_supervised_3runs_perlr_samples_down_seed_harcnn_125/logs/id_6816b545dd7e/final/metrics_2025-09-15-12-23-53e7c64f30.yaml,/workspaces/HIAAC-KR-Dev-Container/Minerva-Exps/benchmarks/experiments/paper_daghar_supervised_3runs_perlr_samples_down_seed_harcnn_125/logs/id_6816b545dd7e/final/run_2025-09-15-12-23-53e7c64f30.yaml,0.297839492559433,0.297839492559433,0.19709327816963196,0.297839492559433,0.18931639194488525,0.29783952236175537
evaluate_harcnn,id_6ab7cbda9913,id_bf49a0ad374c,completed,1,True,id_205d675a6782,supervised,harcnn,full_finetune_lr1,id_14a6ecc69dec,multimodal_df,daghar_standardized_balanced,uci,test,config_0,multimodal_perc_100,id_c2d68cc99d8f,har,evaluate,full_run,/workspaces/HIAAC-KR-Dev-Container/Minerva-Exps/benchmarks/experiments/paper_daghar_supervised_3runs_perlr_samples_down_seed_harcnn_125/logs/id_6ab7cbda9913/final,06051e8b71,/workspaces/HIAAC-KR-Dev-Container/Minerva-Exps/benchmarks/experiments/paper_daghar_supervised_3runs_perlr_samples_down_seed_harcnn_125/logs/id_6ab7cbda9913/final/metrics_2025-09-15-12-24-06051e8b71.yaml,/workspaces/HIAAC-KR-Dev-Container/Minerva-Exps/benchmarks/experiments/paper_daghar_supervised_3runs_perlr_samples_down_seed_harcnn_125/logs/id_6ab7cbda9913/final/run_2025-09-15-12-24-06051e8b71.yaml,0.36231884360313416,0.36231884360313416,0.25640279054641724,0.36231884360313416,0.24783362448215485,0.36231884360313416
evaluate_harcnn,id_6bf016b1e611,id_b86b66da90a5,completed,1,True,id_205d675a6782,supervised,harcnn,full_finetune_lr1,id_5365127f28e8,multimodal_df,daghar_standardized_balanced,kuhar,test,config_0,multimodal_perc_100,id_c2d68cc99d8f,har,evaluate,full_run,/workspaces/HIAAC-KR-Dev-Container/Minerva-Exps/benchmarks/experiments/paper_daghar_supervised_3runs_perlr_samples_down_seed_harcnn_125/logs/id_6bf016b1e611/final,1441bf4e30,/workspaces/HIAAC-KR-Dev-Container/Minerva-Exps/benchmarks/experiments/paper_daghar_supervised_3runs_perlr_samples_down_seed_harcnn_125/logs/id_6bf016b1e611/final/metrics_2025-09-15-12-24-1441bf4e30.yaml,/workspaces/HIAAC-KR-Dev-Container/Minerva-Exps/benchmarks/experiments/paper_daghar_supervised_3runs_perlr_samples_down_seed_harcnn_125/logs/id_6bf016b1e611/final/run_2025-09-15-12-24-1441bf4e30.yaml,0.3333333432674408,0.3333333432674408,0.19393940269947052,0.3333333432674408,0.14814814925193787,0.3333333432674408
evaluate_harcnn,id_6b19dd5d249c,id_339c7072935c,completed,1,True,id_205d675a6782,supervised,harcnn,full_finetune_lr1,id_e7f63cc66b02,multimodal_df,daghar_standardized_balanced,motionsense,test,config_0,multimodal_perc_100,id_c2d68cc99d8f,har,evaluate,full_run,/workspaces/HIAAC-KR-Dev-Container/Minerva-Exps/benchmarks/experiments/paper_daghar_supervised_3runs_perlr_samples_down_seed_harcnn_125/logs/id_6b19dd5d249c/final,0845a8a710,/workspaces/HIAAC-KR-Dev-Container/Minerva-Exps/benchmarks/experiments/paper_daghar_supervised_3runs_perlr_samples_down_seed_harcnn_125/logs/id_6b19dd5d249c/final/metrics_2025-09-15-12-24-0845a8a710.yaml,/workspaces/HIAAC-KR-Dev-Container/Minerva-Exps/benchmarks/experiments/paper_daghar_supervised_3runs_perlr_samples_down_seed_harcnn_125/logs/id_6b19dd5d249c/final/run_2025-09-15-12-24-0845a8a710.yaml,0.3295668661594391,0.3295668661594391,0.21974362432956696,0.3295668661594391,0.19896697998046875,0.3295668661594391
evaluate_harcnn,id_688c4ed764e1,id_8868679a9907,completed,1,True,id_205d675a6782,supervised,harcnn,full_finetune_lr1,id_2cb57fb4e55b,multimodal_df,daghar_standardized_balanced,wisdm,test,config_0,multimodal_perc_100,id_c2d68cc99d8f,har,evaluate,full_run,/workspaces/HIAAC-KR-Dev-Container/Minerva-Exps/benchmarks/experiments/paper_daghar_supervised_3runs_perlr_samples_down_seed_harcnn_125/logs/id_688c4ed764e1/final,056e6a6d10,/workspaces/HIAAC-KR-Dev-Container/Minerva-Exps/benchmarks/experiments/paper_daghar_supervised_3runs_perlr_samples_down_seed_harcnn_125/logs/id_688c4ed764e1/final/metrics_2025-09-15-12-24-056e6a6d10.yaml,/workspaces/HIAAC-KR-Dev-Container/Minerva-Exps/benchmarks/experiments/paper_daghar_supervised_3runs_perlr_samples_down_seed_harcnn_125/logs/id_688c4ed764e1/final/run_2025-09-15-12-24-056e6a6d10.yaml,0.4719662070274353,0.4719662070274353,0.3566786050796509,0.4719662070274353,0.32974714040756226,0.4719662070274353
evaluate_harcnn,id_686edde1e9db,id_b7855885c0a0,completed,1,True,id_58a400b02098,supervised,harcnn,full_finetune_lr2,id_2cb57fb4e55b,multimodal_df,daghar_standardized_balanced,wisdm,test,config_0,multimodal_perc_100,id_c2d68cc99d8f,har,evaluate,full_run,/workspaces/HIAAC-KR-Dev-Container/Minerva-Exps/benchmarks/experiments/paper_daghar_supervised_3runs_perlr_samples_down_seed_harcnn_125/logs/id_686edde1e9db/final,59bef03ce5,/workspaces/HIAAC-KR-Dev-Container/Minerva-Exps/benchmarks/experiments/paper_daghar_supervised_3runs_perlr_samples_down_seed_harcnn_125/logs/id_686edde1e9db/final/metrics_2025-09-15-12-23-59bef03ce5.yaml,/workspaces/HIAAC-KR-Dev-Container/Minerva-Exps/benchmarks/experiments/paper_daghar_supervised_3runs_perlr_samples_down_seed_harcnn_125/logs/id_686edde1e9db/final/run_2025-09-15-12-23-59bef03ce5.yaml,0.6954684853553772,0.695468544960022,0.621573269367218,0.6954684853553772,0.596365213394165,0.6954684853553772
evaluate_harcnn,id_68633821dc63,id_b71ce1b01abc,completed,1,True,id_74afc850e220,supervised,harcnn,full_finetune_lr5,id_2cb57fb4e55b,multimodal_df,daghar_standardized_balanced,wisdm,test,config_0,multimodal_perc_100,id_c2d68cc99d8f,har,evaluate,full_run,/workspaces/HIAAC-KR-Dev-Container/Minerva-Exps/benchmarks/experiments/paper_daghar_supervised_3runs_perlr_samples_down_seed_harcnn_125/logs/id_68633821dc63/final,561aa31651,/workspaces/HIAAC-KR-Dev-Container/Minerva-Exps/benchmarks/experiments/paper_daghar_supervised_3runs_perlr_samples_down_seed_harcnn_125/logs/id_68633821dc63/final/metrics_2025-09-15-12-23-561aa31651.yaml,/workspaces/HIAAC-KR-Dev-Container/Minerva-Exps/benchmarks/experiments/paper_daghar_supervised_3runs_perlr_samples_down_seed_harcnn_125/logs/id_68633821dc63/final/run_2025-09-15-12-23-561aa31651.yaml,0.8102918863296509,0.8102918863296509,0.804510772228241,0.8102918863296509,0.8192220330238342,0.8102918863296509
evaluate_harcnn,id_6c10a0667776,id_d47b850ce16c,completed,1,True,id_205d675a6782,supervised,harcnn,full_finetune_lr1,id_f390297e57d1,multimodal_df,daghar_standardized_balanced,rw_thigh,test,config_0,multimodal_perc_100,id_c2d68cc99d8f,har,evaluate,full_run,/workspaces/HIAAC-KR-Dev-Container/Minerva-Exps/benchmarks/experiments/paper_daghar_supervised_3runs_perlr_samples_down_seed_harcnn_125/logs/id_6c10a0667776/final,2428eeed6d,/workspaces/HIAAC-KR-Dev-Container/Minerva-Exps/benchmarks/experiments/paper_daghar_supervised_3runs_perlr_samples_down_seed_harcnn_125/logs/id_6c10a0667776/final/metrics_2025-09-15-12-24-2428eeed6d.yaml,/workspaces/HIAAC-KR-Dev-Container/Minerva-Exps/benchmarks/experiments/paper_daghar_supervised_3runs_perlr_samples_down_seed_harcnn_125/logs/id_6c10a0667776/final/run_2025-09-15-12-24-2428eeed6d.yaml,0.2926155924797058,0.2926155924797058,0.1968568116426468,0.2926155924797058,0.19844716787338257,0.2926155924797058
evaluate_harcnn,id_6b989f8ac441,id_ae9fcb5fe4d3,completed,1,True,id_74afc850e220,supervised,harcnn,full_finetune_lr5,id_b1f5143574a1,multimodal_df,daghar_standardized_balanced,rw_waist,test,config_0,multimodal_perc_100,id_c2d68cc99d8f,har,evaluate,full_run,/workspaces/HIAAC-KR-Dev-Container/Minerva-Exps/benchmarks/experiments/paper_daghar_supervised_3runs_perlr_samples_down_seed_harcnn_125/logs/id_6b989f8ac441/final,09b4956e65,/workspaces/HIAAC-KR-Dev-Container/Minerva-Exps/benchmarks/experiments/paper_daghar_supervised_3runs_perlr_samples_down_seed_harcnn_125/logs/id_6b989f8ac441/final/metrics_2025-09-15-12-24-09b4956e65.yaml,/workspaces/HIAAC-KR-Dev-Container/Minerva-Exps/benchmarks/experiments/paper_daghar_supervised_3runs_perlr_samples_down_seed_harcnn_125/logs/id_6b989f8ac441/final/run_2025-09-15-12-24-09b4956e65.yaml,0.7110339403152466,0.7110339999198914,0.699256181716919,0.7110339403152466,0.7478684186935425,0.7110339403152466
evaluate_harcnn,id_6eb79a615c85,id_106087cf7941,completed,1,True,id_205d675a6782,supervised,harcnn,full_finetune_lr1,id_14a6ecc69dec,multimodal_df,daghar_standardized_balanced,uci,test,config_0,multimodal_perc_100,id_c2d68cc99d8f,har,evaluate,full_run,/workspaces/HIAAC-KR-Dev-Container/Minerva-Exps/benchmarks/experiments/paper_daghar_supervised_3runs_perlr_samples_down_seed_harcnn_125/logs/id_6eb79a615c85/final,34479a1834,/workspaces/HIAAC-KR-Dev-Container/Minerva-Exps/benchmarks/experiments/paper_daghar_supervised_3runs_perlr_samples_down_seed_harcnn_125/logs/id_6eb79a615c85/final/metrics_2025-09-15-12-24-34479a1834.yaml,/workspaces/HIAAC-KR-Dev-Container/Minerva-Exps/benchmarks/experiments/paper_daghar_supervised_3runs_perlr_samples_down_seed_harcnn_125/logs/id_6eb79a615c85/final/run_2025-09-15-12-24-34479a1834.yaml,0.30000001192092896,0.30000001192092896,0.2055155336856842,0.30000001192092896,0.2416589856147766,0.30000001192092896
evaluate_harcnn,id_6f3f9cd55dee,id_c8db198d87e6,completed,1,True,id_205d675a6782,supervised,harcnn,full_finetune_lr1,id_14a6ecc69dec,multimodal_df,daghar_standardized_balanced,uci,test,config_0,multimodal_perc_100,id_c2d68cc99d8f,har,evaluate,full_run,/workspaces/HIAAC-KR-Dev-Container/Minerva-Exps/benchmarks/experiments/paper_daghar_supervised_3runs_perlr_samples_down_seed_harcnn_125/logs/id_6f3f9cd55dee/final,369837db20,/workspaces/HIAAC-KR-Dev-Container/Minerva-Exps/benchmarks/experiments/paper_daghar_supervised_3runs_perlr_samples_down_seed_harcnn_125/logs/id_6f3f9cd55dee/final/metrics_2025-09-15-12-24-369837db20.yaml,/workspaces/HIAAC-KR-Dev-Container/Minerva-Exps/benchmarks/experiments/paper_daghar_supervised_3runs_perlr_samples_down_seed_harcnn_125/logs/id_6f3f9cd55dee/final/run_2025-09-15-12-24-369837db20.yaml,0.343478262424469,0.343478262424469,0.24103304743766785,0.343478262424469,0.2410564124584198,0.343478262424469
evaluate_harcnn,id_6d32711fa5c5,id_b860d1c8dfc4,completed,1,True,id_58a400b02098,supervised,harcnn,full_finetune_lr2,id_f390297e57d1,multimodal_df,daghar_standardized_balanced,rw_thigh,test,config_0,multimodal_perc_100,id_c2d68cc99d8f,har,evaluate,full_run,/workspaces/HIAAC-KR-Dev-Container/Minerva-Exps/benchmarks/experiments/paper_daghar_supervised_3runs_perlr_samples_down_seed_harcnn_125/logs/id_6d32711fa5c5/final,25163ba5f4,/workspaces/HIAAC-KR-Dev-Container/Minerva-Exps/benchmarks/experiments/paper_daghar_supervised_3runs_perlr_samples_down_seed_harcnn_125/logs/id_6d32711fa5c5/final/metrics_2025-09-15-12-24-25163ba5f4.yaml,/workspaces/HIAAC-KR-Dev-Container/Minerva-Exps/benchmarks/experiments/paper_daghar_supervised_3runs_perlr_samples_down_seed_harcnn_125/logs/id_6d32711fa5c5/final/run_2025-09-15-12-24-25163ba5f4.yaml,0.545548677444458,0.5455486178398132,0.48671868443489075,0.545548677444458,0.5030894875526428,0.5455486178398132
evaluate_harcnn,id_6e650c0f63f0,id_9d7672964c84,completed,1,True,id_205d675a6782,supervised,harcnn,full_finetune_lr1,id_f390297e57d1,multimodal_df,daghar_standardized_balanced,rw_thigh,test,config_0,multimodal_perc_100,id_c2d68cc99d8f,har,evaluate,full_run,/workspaces/HIAAC-KR-Dev-Container/Minerva-Exps/benchmarks/experiments/paper_daghar_supervised_3runs_perlr_samples_down_seed_harcnn_125/logs/id_6e650c0f63f0/final,31df6b49a9,/workspaces/HIAAC-KR-Dev-Container/Minerva-Exps/benchmarks/experiments/paper_daghar_supervised_3runs_perlr_samples_down_seed_harcnn_125/logs/id_6e650c0f63f0/final/metrics_2025-09-15-12-24-31df6b49a9.yaml,/workspaces/HIAAC-KR-Dev-Container/Minerva-Exps/benchmarks/experiments/paper_daghar_supervised_3runs_perlr_samples_down_seed_harcnn_125/logs/id_6e650c0f63f0/final/run_2025-09-15-12-24-31df6b49a9.yaml,0.29779157042503357,0.29779157042503357,0.2001200169324875,0.29779157042503357,0.1977892816066742,0.29779160022735596
evaluate_harcnn,id_7071e95d39b5,id_23e90f3f7e3b,completed,1,True,id_205d675a6782,supervised,harcnn,full_finetune_lr1,id_14a6ecc69dec,multimodal_df,daghar_standardized_balanced,uci,test,config_0,multimodal_perc_100,id_c2d68cc99d8f,har,evaluate,full_run,/workspaces/HIAAC-KR-Dev-Container/Minerva-Exps/benchmarks/experiments/paper_daghar_supervised_3runs_perlr_samples_down_seed_harcnn_125/logs/id_7071e95d39b5/final,5552b3cdeb,/workspaces/HIAAC-KR-Dev-Container/Minerva-Exps/benchmarks/experiments/paper_daghar_supervised_3runs_perlr_samples_down_seed_harcnn_125/logs/id_7071e95d39b5/final/metrics_2025-09-15-12-24-5552b3cdeb.yaml,/workspaces/HIAAC-KR-Dev-Container/Minerva-Exps/benchmarks/experiments/paper_daghar_supervised_3runs_perlr_samples_down_seed_harcnn_125/logs/id_7071e95d39b5/final/run_2025-09-15-12-24-5552b3cdeb.yaml,0.33478260040283203,0.33478260040283203,0.2355491816997528,0.33478260040283203,0.2441810667514801,0.33478260040283203
evaluate_harcnn,id_6fd0ccc1504a,id_1d0e13159bc1,completed,1,True,id_205d675a6782,supervised,harcnn,full_finetune_lr1,id_e7f63cc66b02,multimodal_df,daghar_standardized_balanced,motionsense,test,config_0,multimodal_perc_100,id_c2d68cc99d8f,har,evaluate,full_run,/workspaces/HIAAC-KR-Dev-Container/Minerva-Exps/benchmarks/experiments/paper_daghar_supervised_3runs_perlr_samples_down_seed_harcnn_125/logs/id_6fd0ccc1504a/final,5264581891,/workspaces/HIAAC-KR-Dev-Container/Minerva-Exps/benchmarks/experiments/paper_daghar_supervised_3runs_perlr_samples_down_seed_harcnn_125/logs/id_6fd0ccc1504a/final/metrics_2025-09-15-12-24-5264581891.yaml,/workspaces/HIAAC-KR-Dev-Container/Minerva-Exps/benchmarks/experiments/paper_daghar_supervised_3runs_perlr_samples_down_seed_harcnn_125/logs/id_6fd0ccc1504a/final/run_2025-09-15-12-24-5264581891.yaml,0.31073445081710815,0.31073448061943054,0.20887327194213867,0.31073445081710815,0.1991199254989624,0.31073445081710815
evaluate_harcnn,id_6e20a7ecfcbd,id_cca15be1bdfd,completed,1,True,id_74afc850e220,supervised,harcnn,full_finetune_lr5,id_f390297e57d1,multimodal_df,daghar_standardized_balanced,rw_thigh,test,config_0,multimodal_perc_100,id_c2d68cc99d8f,har,evaluate,full_run,/workspaces/HIAAC-KR-Dev-Container/Minerva-Exps/benchmarks/experiments/paper_daghar_supervised_3runs_perlr_samples_down_seed_harcnn_125/logs/id_6e20a7ecfcbd/final,30bc78012b,/workspaces/HIAAC-KR-Dev-Container/Minerva-Exps/benchmarks/experiments/paper_daghar_supervised_3runs_perlr_samples_down_seed_harcnn_125/logs/id_6e20a7ecfcbd/final/metrics_2025-09-15-12-24-30bc78012b.yaml,/workspaces/HIAAC-KR-Dev-Container/Minerva-Exps/benchmarks/experiments/paper_daghar_supervised_3runs_perlr_samples_down_seed_harcnn_125/logs/id_6e20a7ecfcbd/final/run_2025-09-15-12-24-30bc78012b.yaml,0.5659075379371643,0.5659075379371643,0.5358436107635498,0.5659075379371643,0.5975878834724426,0.5659074783325195
evaluate_harcnn,id_6f5992953b9a,id_8203c74c2e3d,completed,1,True,id_74afc850e220,supervised,harcnn,full_finetune_lr5,id_b1f5143574a1,multimodal_df,daghar_standardized_balanced,rw_waist,test,config_0,multimodal_perc_100,id_c2d68cc99d8f,har,evaluate,full_run,/workspaces/HIAAC-KR-Dev-Container/Minerva-Exps/benchmarks/experiments/paper_daghar_supervised_3runs_perlr_samples_down_seed_harcnn_125/logs/id_6f5992953b9a/final,37120fde42,/workspaces/HIAAC-KR-Dev-Container/Minerva-Exps/benchmarks/experiments/paper_daghar_supervised_3runs_perlr_samples_down_seed_harcnn_125/logs/id_6f5992953b9a/final/metrics_2025-09-15-12-24-37120fde42.yaml,/workspaces/HIAAC-KR-Dev-Container/Minerva-Exps/benchmarks/experiments/paper_daghar_supervised_3runs_perlr_samples_down_seed_harcnn_125/logs/id_6f5992953b9a/final/run_2025-09-15-12-24-37120fde42.yaml,0.3993055522441864,0.3993054926395416,0.3438383638858795,0.3993055522441864,0.3575020432472229,0.3993055820465088
evaluate_harcnn,id_719466ddb6a4,id_8a4a050be4c3,completed,1,True,id_205d675a6782,supervised,harcnn,full_finetune_lr1,id_e7f63cc66b02,multimodal_df,daghar_standardized_balanced,motionsense,test,config_0,multimodal_perc_100,id_c2d68cc99d8f,har,evaluate,full_run,/workspaces/HIAAC-KR-Dev-Container/Minerva-Exps/benchmarks/experiments/paper_daghar_supervised_3runs_perlr_samples_down_seed_harcnn_125/logs/id_719466ddb6a4/final,07c44b90da,/workspaces/HIAAC-KR-Dev-Container/Minerva-Exps/benchmarks/experiments/paper_daghar_supervised_3runs_perlr_samples_down_seed_harcnn_125/logs/id_719466ddb6a4/final/metrics_2025-09-15-12-25-07c44b90da.yaml,/workspaces/HIAAC-KR-Dev-Container/Minerva-Exps/benchmarks/experiments/paper_daghar_supervised_3runs_perlr_samples_down_seed_harcnn_125/logs/id_719466ddb6a4/final/run_2025-09-15-12-25-07c44b90da.yaml,0.26271185278892517,0.26271185278892517,0.17416876554489136,0.26271185278892517,0.19768664240837097,0.26271188259124756
evaluate_harcnn,id_6f68ac185605,id_721456ad3e7b,completed,1,True,id_58a400b02098,supervised,harcnn,full_finetune_lr2,id_f390297e57d1,multimodal_df,daghar_standardized_balanced,rw_thigh,test,config_0,multimodal_perc_100,id_c2d68cc99d8f,har,evaluate,full_run,/workspaces/HIAAC-KR-Dev-Container/Minerva-Exps/benchmarks/experiments/paper_daghar_supervised_3runs_perlr_samples_down_seed_harcnn_125/logs/id_6f68ac185605/final,5145ee1754,/workspaces/HIAAC-KR-Dev-Container/Minerva-Exps/benchmarks/experiments/paper_daghar_supervised_3runs_perlr_samples_down_seed_harcnn_125/logs/id_6f68ac185605/final/metrics_2025-09-15-12-24-5145ee1754.yaml,/workspaces/HIAAC-KR-Dev-Container/Minerva-Exps/benchmarks/experiments/paper_daghar_supervised_3runs_perlr_samples_down_seed_harcnn_125/logs/id_6f68ac185605/final/run_2025-09-15-12-24-5145ee1754.yaml,0.6725327968597412,0.6725327968597412,0.6275972723960876,0.6725327968597412,0.6309662461280823,0.6725327968597412
evaluate_harcnn,id_71f746708559,id_9124df743f98,completed,1,True,id_205d675a6782,supervised,harcnn,full_finetune_lr1,id_14a6ecc69dec,multimodal_df,daghar_standardized_balanced,uci,test,config_0,multimodal_perc_100,id_c2d68cc99d8f,har,evaluate,full_run,/workspaces/HIAAC-KR-Dev-Container/Minerva-Exps/benchmarks/experiments/paper_daghar_supervised_3runs_perlr_samples_down_seed_harcnn_125/logs/id_71f746708559/final,16115514b0,/workspaces/HIAAC-KR-Dev-Container/Minerva-Exps/benchmarks/experiments/paper_daghar_supervised_3runs_perlr_samples_down_seed_harcnn_125/logs/id_71f746708559/final/metrics_2025-09-15-12-25-16115514b0.yaml,/workspaces/HIAAC-KR-Dev-Container/Minerva-Exps/benchmarks/experiments/paper_daghar_supervised_3runs_perlr_samples_down_seed_harcnn_125/logs/id_71f746708559/final/run_2025-09-15-12-25-16115514b0.yaml,0.3855072557926178,0.3855072557926178,0.2711847424507141,0.3855072557926178,0.24800077080726624,0.3855072557926178
evaluate_harcnn,id_6ffb0f439fc6,id_6b21292d0352,completed,1,True,id_74afc850e220,supervised,harcnn,full_finetune_lr5,id_2cb57fb4e55b,multimodal_df,daghar_standardized_balanced,wisdm,test,config_0,multimodal_perc_100,id_c2d68cc99d8f,har,evaluate,full_run,/workspaces/HIAAC-KR-Dev-Container/Minerva-Exps/benchmarks/experiments/paper_daghar_supervised_3runs_perlr_samples_down_seed_harcnn_125/logs/id_6ffb0f439fc6/final,547b780ead,/workspaces/HIAAC-KR-Dev-Container/Minerva-Exps/benchmarks/experiments/paper_daghar_supervised_3runs_perlr_samples_down_seed_harcnn_125/logs/id_6ffb0f439fc6/final/metrics_2025-09-15-12-24-547b780ead.yaml,/workspaces/HIAAC-KR-Dev-Container/Minerva-Exps/benchmarks/experiments/paper_daghar_supervised_3runs_perlr_samples_down_seed_harcnn_125/logs/id_6ffb0f439fc6/final/run_2025-09-15-12-24-547b780ead.yaml,0.7135176658630371,0.7135176658630371,0.6319938898086548,0.7135176658630371,0.5940640568733215,0.7135176658630371
evaluate_harcnn,id_717c2061d009,id_fef758f3d6bb,completed,1,True,id_58a400b02098,supervised,harcnn,full_finetune_lr2,id_2cb57fb4e55b,multimodal_df,daghar_standardized_balanced,wisdm,test,config_0,multimodal_perc_100,id_c2d68cc99d8f,har,evaluate,full_run,/workspaces/HIAAC-KR-Dev-Container/Minerva-Exps/benchmarks/experiments/paper_daghar_supervised_3runs_perlr_samples_down_seed_harcnn_125/logs/id_717c2061d009/final,069f100505,/workspaces/HIAAC-KR-Dev-Container/Minerva-Exps/benchmarks/experiments/paper_daghar_supervised_3runs_perlr_samples_down_seed_harcnn_125/logs/id_717c2061d009/final/metrics_2025-09-15-12-25-069f100505.yaml,/workspaces/HIAAC-KR-Dev-Container/Minerva-Exps/benchmarks/experiments/paper_daghar_supervised_3runs_perlr_samples_down_seed_harcnn_125/logs/id_717c2061d009/final/run_2025-09-15-12-25-069f100505.yaml,0.7004608511924744,0.7004607915878296,0.627875804901123,0.7004608511924744,0.6067439317703247,0.7004607915878296
evaluate_harcnn,id_7336ce5899f1,id_5d70bc783fee,completed,1,True,id_58a400b02098,supervised,harcnn,full_finetune_lr2,id_5365127f28e8,multimodal_df,daghar_standardized_balanced,kuhar,test,config_0,multimodal_perc_100,id_c2d68cc99d8f,har,evaluate,full_run,/workspaces/HIAAC-KR-Dev-Container/Minerva-Exps/benchmarks/experiments/paper_daghar_supervised_3runs_perlr_samples_down_seed_harcnn_125/logs/id_7336ce5899f1/final,28a0ef6c5b,/workspaces/HIAAC-KR-Dev-Container/Minerva-Exps/benchmarks/experiments/paper_daghar_supervised_3runs_perlr_samples_down_seed_harcnn_125/logs/id_7336ce5899f1/final/metrics_2025-09-15-12-25-28a0ef6c5b.yaml,/workspaces/HIAAC-KR-Dev-Container/Minerva-Exps/benchmarks/experiments/paper_daghar_supervised_3runs_perlr_samples_down_seed_harcnn_125/logs/id_7336ce5899f1/final/run_2025-09-15-12-25-28a0ef6c5b.yaml,0.5486111044883728,0.5486111044883728,0.4650552272796631,0.5486111044883728,0.5760912895202637,0.5486111044883728
evaluate_harcnn,id_7307b4c53189,id_8c16b57c5751,completed,1,True,id_205d675a6782,supervised,harcnn,full_finetune_lr1,id_e7f63cc66b02,multimodal_df,daghar_standardized_balanced,motionsense,test,config_0,multimodal_perc_100,id_c2d68cc99d8f,har,evaluate,full_run,/workspaces/HIAAC-KR-Dev-Container/Minerva-Exps/benchmarks/experiments/paper_daghar_supervised_3runs_perlr_samples_down_seed_harcnn_125/logs/id_7307b4c53189/final,26c6205015,/workspaces/HIAAC-KR-Dev-Container/Minerva-Exps/benchmarks/experiments/paper_daghar_supervised_3runs_perlr_samples_down_seed_harcnn_125/logs/id_7307b4c53189/final/metrics_2025-09-15-12-25-26c6205015.yaml,/workspaces/HIAAC-KR-Dev-Container/Minerva-Exps/benchmarks/experiments/paper_daghar_supervised_3runs_perlr_samples_down_seed_harcnn_125/logs/id_7307b4c53189/final/run_2025-09-15-12-25-26c6205015.yaml,0.2806026339530945,0.2806026339530945,0.1881195604801178,0.2806026339530945,0.19801630079746246,0.2806026339530945
evaluate_harcnn,id_74a030d7216a,id_644e91a3b7b4,completed,1,True,id_74afc850e220,supervised,harcnn,full_finetune_lr5,id_14a6ecc69dec,multimodal_df,daghar_standardized_balanced,uci,test,config_0,multimodal_perc_100,id_c2d68cc99d8f,har,evaluate,full_run,/workspaces/HIAAC-KR-Dev-Container/Minerva-Exps/benchmarks/experiments/paper_daghar_supervised_3runs_perlr_samples_down_seed_harcnn_125/logs/id_74a030d7216a/final,33c0aac300,/workspaces/HIAAC-KR-Dev-Container/Minerva-Exps/benchmarks/experiments/paper_daghar_supervised_3runs_perlr_samples_down_seed_harcnn_125/logs/id_74a030d7216a/final/metrics_2025-09-15-12-25-33c0aac300.yaml,/workspaces/HIAAC-KR-Dev-Container/Minerva-Exps/benchmarks/experiments/paper_daghar_supervised_3runs_perlr_samples_down_seed_harcnn_125/logs/id_74a030d7216a/final/run_2025-09-15-12-25-33c0aac300.yaml,0.7724637389183044,0.7724637389183044,0.7383185625076294,0.7724637389183044,0.7800865769386292,0.7724637985229492
evaluate_harcnn,id_726e7241019f,id_081eba7175c5,completed,1,True,id_74afc850e220,supervised,harcnn,full_finetune_lr5,id_2cb57fb4e55b,multimodal_df,daghar_standardized_balanced,wisdm,test,config_0,multimodal_perc_100,id_c2d68cc99d8f,har,evaluate,full_run,/workspaces/HIAAC-KR-Dev-Container/Minerva-Exps/benchmarks/experiments/paper_daghar_supervised_3runs_perlr_samples_down_seed_harcnn_125/logs/id_726e7241019f/final,169c9892ed,/workspaces/HIAAC-KR-Dev-Container/Minerva-Exps/benchmarks/experiments/paper_daghar_supervised_3runs_perlr_samples_down_seed_harcnn_125/logs/id_726e7241019f/final/metrics_2025-09-15-12-25-169c9892ed.yaml,/workspaces/HIAAC-KR-Dev-Container/Minerva-Exps/benchmarks/experiments/paper_daghar_supervised_3runs_perlr_samples_down_seed_harcnn_125/logs/id_726e7241019f/final/run_2025-09-15-12-25-169c9892ed.yaml,0.7288786768913269,0.7288786172866821,0.6571142077445984,0.7288786768913269,0.6510347723960876,0.7288786172866821
evaluate_harcnn,id_766cdd2b8cdc,id_1013362f50d7,completed,1,True,id_74afc850e220,supervised,harcnn,full_finetune_lr5,id_14a6ecc69dec,multimodal_df,daghar_standardized_balanced,uci,test,config_0,multimodal_perc_100,id_c2d68cc99d8f,har,evaluate,full_run,/workspaces/HIAAC-KR-Dev-Container/Minerva-Exps/benchmarks/experiments/paper_daghar_supervised_3runs_perlr_samples_down_seed_harcnn_125/logs/id_766cdd2b8cdc/final,36e12e75f4,/workspaces/HIAAC-KR-Dev-Container/Minerva-Exps/benchmarks/experiments/paper_daghar_supervised_3runs_perlr_samples_down_seed_harcnn_125/logs/id_766cdd2b8cdc/final/metrics_2025-09-15-12-25-36e12e75f4.yaml,/workspaces/HIAAC-KR-Dev-Container/Minerva-Exps/benchmarks/experiments/paper_daghar_supervised_3runs_perlr_samples_down_seed_harcnn_125/logs/id_766cdd2b8cdc/final/run_2025-09-15-12-25-36e12e75f4.yaml,0.6028985381126404,0.6028985977172852,0.5362924933433533,0.6028985381126404,0.5109089612960815,0.6028985381126404
evaluate_harcnn,id_795bfd4bd4e1,id_c7e29acd7f05,completed,1,True,id_74afc850e220,supervised,harcnn,full_finetune_lr5,id_5365127f28e8,multimodal_df,daghar_standardized_balanced,kuhar,test,config_0,multimodal_perc_100,id_c2d68cc99d8f,har,evaluate,full_run,/workspaces/HIAAC-KR-Dev-Container/Minerva-Exps/benchmarks/experiments/paper_daghar_supervised_3runs_perlr_samples_down_seed_harcnn_125/logs/id_795bfd4bd4e1/final,4930463c4c,/workspaces/HIAAC-KR-Dev-Container/Minerva-Exps/benchmarks/experiments/paper_daghar_supervised_3runs_perlr_samples_down_seed_harcnn_125/logs/id_795bfd4bd4e1/final/metrics_2025-09-15-12-25-4930463c4c.yaml,/workspaces/HIAAC-KR-Dev-Container/Minerva-Exps/benchmarks/experiments/paper_daghar_supervised_3runs_perlr_samples_down_seed_harcnn_125/logs/id_795bfd4bd4e1/final/run_2025-09-15-12-25-4930463c4c.yaml,0.7222222089767456,0.7222221493721008,0.6612938046455383,0.7222222089767456,0.6445617079734802,0.7222222685813904
evaluate_harcnn,id_76d47f1c00df,id_9407e86b0765,completed,1,True,id_58a400b02098,supervised,harcnn,full_finetune_lr2,id_e7f63cc66b02,multimodal_df,daghar_standardized_balanced,motionsense,test,config_0,multimodal_perc_100,id_c2d68cc99d8f,har,evaluate,full_run,/workspaces/HIAAC-KR-Dev-Container/Minerva-Exps/benchmarks/experiments/paper_daghar_supervised_3runs_perlr_samples_down_seed_harcnn_125/logs/id_76d47f1c00df/final,41016511cf,/workspaces/HIAAC-KR-Dev-Container/Minerva-Exps/benchmarks/experiments/paper_daghar_supervised_3runs_perlr_samples_down_seed_harcnn_125/logs/id_76d47f1c00df/final/metrics_2025-09-15-12-25-41016511cf.yaml,/workspaces/HIAAC-KR-Dev-Container/Minerva-Exps/benchmarks/experiments/paper_daghar_supervised_3runs_perlr_samples_down_seed_harcnn_125/logs/id_76d47f1c00df/final/run_2025-09-15-12-25-41016511cf.yaml,0.5555555820465088,0.555555522441864,0.45030343532562256,0.5555555820465088,0.4006217122077942,0.5555555820465088
evaluate_harcnn,id_72338f7c2f0e,id_dfb58720860f,completed,1,True,id_74afc850e220,supervised,harcnn,full_finetune_lr5,id_f390297e57d1,multimodal_df,daghar_standardized_balanced,rw_thigh,test,config_0,multimodal_perc_100,id_c2d68cc99d8f,har,evaluate,full_run,/workspaces/HIAAC-KR-Dev-Container/Minerva-Exps/benchmarks/experiments/paper_daghar_supervised_3runs_perlr_samples_down_seed_harcnn_125/logs/id_72338f7c2f0e/final,1619da9f9d,/workspaces/HIAAC-KR-Dev-Container/Minerva-Exps/benchmarks/experiments/paper_daghar_supervised_3runs_perlr_samples_down_seed_harcnn_125/logs/id_72338f7c2f0e/final/metrics_2025-09-15-12-25-1619da9f9d.yaml,/workspaces/HIAAC-KR-Dev-Container/Minerva-Exps/benchmarks/experiments/paper_daghar_supervised_3runs_perlr_samples_down_seed_harcnn_125/logs/id_72338f7c2f0e/final/run_2025-09-15-12-25-1619da9f9d.yaml,0.42891648411750793,0.42891648411750793,0.3727913796901703,0.42891648411750793,0.46300870180130005,0.4289165139198303
evaluate_harcnn,id_78d394d295bd,id_86a7d7ff8739,completed,1,True,id_205d675a6782,supervised,harcnn,full_finetune_lr1,id_e7f63cc66b02,multimodal_df,daghar_standardized_balanced,motionsense,test,config_0,multimodal_perc_100,id_c2d68cc99d8f,har,evaluate,full_run,/workspaces/HIAAC-KR-Dev-Container/Minerva-Exps/benchmarks/experiments/paper_daghar_supervised_3runs_perlr_samples_down_seed_harcnn_125/logs/id_78d394d295bd/final,44f14a5855,/workspaces/HIAAC-KR-Dev-Container/Minerva-Exps/benchmarks/experiments/paper_daghar_supervised_3runs_perlr_samples_down_seed_harcnn_125/logs/id_78d394d295bd/final/metrics_2025-09-15-12-25-44f14a5855.yaml,/workspaces/HIAAC-KR-Dev-Container/Minerva-Exps/benchmarks/experiments/paper_daghar_supervised_3runs_perlr_samples_down_seed_harcnn_125/logs/id_78d394d295bd/final/run_2025-09-15-12-25-44f14a5855.yaml,0.29661017656326294,0.29661014676094055,0.19961939752101898,0.29661017656326294,0.19859308004379272,0.29661017656326294
evaluate_harcnn,id_7a0c68058cc6,id_791b72c1be56,completed,1,True,id_205d675a6782,supervised,harcnn,full_finetune_lr1,id_5365127f28e8,multimodal_df,daghar_standardized_balanced,kuhar,test,config_0,multimodal_perc_100,id_c2d68cc99d8f,har,evaluate,full_run,/workspaces/HIAAC-KR-Dev-Container/Minerva-Exps/benchmarks/experiments/paper_daghar_supervised_3runs_perlr_samples_down_seed_harcnn_125/logs/id_7a0c68058cc6/final,59ce3fb8ef,/workspaces/HIAAC-KR-Dev-Container/Minerva-Exps/benchmarks/experiments/paper_daghar_supervised_3runs_perlr_samples_down_seed_harcnn_125/logs/id_7a0c68058cc6/final/metrics_2025-09-15-12-25-59ce3fb8ef.yaml,/workspaces/HIAAC-KR-Dev-Container/Minerva-Exps/benchmarks/experiments/paper_daghar_supervised_3runs_perlr_samples_down_seed_harcnn_125/logs/id_7a0c68058cc6/final/run_2025-09-15-12-25-59ce3fb8ef.yaml,0.2916666567325592,0.2916666567325592,0.19394798576831818,0.2916666567325592,0.1695156693458557,0.2916666567325592
evaluate_harcnn,id_77db41b6d129,id_5c039fa6a535,completed,1,True,id_58a400b02098,supervised,harcnn,full_finetune_lr2,id_b1f5143574a1,multimodal_df,daghar_standardized_balanced,rw_waist,test,config_0,multimodal_perc_100,id_c2d68cc99d8f,har,evaluate,full_run,/workspaces/HIAAC-KR-Dev-Container/Minerva-Exps/benchmarks/experiments/paper_daghar_supervised_3runs_perlr_samples_down_seed_harcnn_125/logs/id_77db41b6d129/final,4461a40bac,/workspaces/HIAAC-KR-Dev-Container/Minerva-Exps/benchmarks/experiments/paper_daghar_supervised_3runs_perlr_samples_down_seed_harcnn_125/logs/id_77db41b6d129/final/metrics_2025-09-15-12-25-4461a40bac.yaml,/workspaces/HIAAC-KR-Dev-Container/Minerva-Exps/benchmarks/experiments/paper_daghar_supervised_3runs_perlr_samples_down_seed_harcnn_125/logs/id_77db41b6d129/final/run_2025-09-15-12-25-4461a40bac.yaml,0.14081789553165436,0.14081789553165436,0.06016553193330765,0.14081789553165436,0.03835419937968254,0.14081789553165436
evaluate_harcnn,id_7b3477c65c2f,id_bc025c6a582a,completed,1,True,id_58a400b02098,supervised,harcnn,full_finetune_lr2,id_14a6ecc69dec,multimodal_df,daghar_standardized_balanced,uci,test,config_0,multimodal_perc_100,id_c2d68cc99d8f,har,evaluate,full_run,/workspaces/HIAAC-KR-Dev-Container/Minerva-Exps/benchmarks/experiments/paper_daghar_supervised_3runs_perlr_samples_down_seed_harcnn_125/logs/id_7b3477c65c2f/final,05cf58111b,/workspaces/HIAAC-KR-Dev-Container/Minerva-Exps/benchmarks/experiments/paper_daghar_supervised_3runs_perlr_samples_down_seed_harcnn_125/logs/id_7b3477c65c2f/final/metrics_2025-09-15-12-26-05cf58111b.yaml,/workspaces/HIAAC-KR-Dev-Container/Minerva-Exps/benchmarks/experiments/paper_daghar_supervised_3runs_perlr_samples_down_seed_harcnn_125/logs/id_7b3477c65c2f/final/run_2025-09-15-12-26-05cf58111b.yaml,0.552173912525177,0.552173912525177,0.46965351700782776,0.552173912525177,0.4312552213668823,0.5521739721298218
evaluate_harcnn,id_7babdd99e100,id_8181dd4cc612,completed,1,True,id_58a400b02098,supervised,harcnn,full_finetune_lr2,id_14a6ecc69dec,multimodal_df,daghar_standardized_balanced,uci,test,config_0,multimodal_perc_100,id_c2d68cc99d8f,har,evaluate,full_run,/workspaces/HIAAC-KR-Dev-Container/Minerva-Exps/benchmarks/experiments/paper_daghar_supervised_3runs_perlr_samples_down_seed_harcnn_125/logs/id_7babdd99e100/final,0671562577,/workspaces/HIAAC-KR-Dev-Container/Minerva-Exps/benchmarks/experiments/paper_daghar_supervised_3runs_perlr_samples_down_seed_harcnn_125/logs/id_7babdd99e100/final/metrics_2025-09-15-12-26-0671562577.yaml,/workspaces/HIAAC-KR-Dev-Container/Minerva-Exps/benchmarks/experiments/paper_daghar_supervised_3runs_perlr_samples_down_seed_harcnn_125/logs/id_7babdd99e100/final/run_2025-09-15-12-26-0671562577.yaml,0.373913049697876,0.373913049697876,0.2210080623626709,0.373913049697876,0.16133002936840057,0.373913049697876
evaluate_harcnn,id_79c16a7a732c,id_582d0a31efeb,completed,1,True,id_205d675a6782,supervised,harcnn,full_finetune_lr1,id_2cb57fb4e55b,multimodal_df,daghar_standardized_balanced,wisdm,test,config_0,multimodal_perc_100,id_c2d68cc99d8f,har,evaluate,full_run,/workspaces/HIAAC-KR-Dev-Container/Minerva-Exps/benchmarks/experiments/paper_daghar_supervised_3runs_perlr_samples_down_seed_harcnn_125/logs/id_79c16a7a732c/final,54ee36564f,/workspaces/HIAAC-KR-Dev-Container/Minerva-Exps/benchmarks/experiments/paper_daghar_supervised_3runs_perlr_samples_down_seed_harcnn_125/logs/id_79c16a7a732c/final/metrics_2025-09-15-12-25-54ee36564f.yaml,/workspaces/HIAAC-KR-Dev-Container/Minerva-Exps/benchmarks/experiments/paper_daghar_supervised_3runs_perlr_samples_down_seed_harcnn_125/logs/id_79c16a7a732c/final/run_2025-09-15-12-25-54ee36564f.yaml,0.44162827730178833,0.44162827730178833,0.33506691455841064,0.44162827730178833,0.3268083333969116,0.44162827730178833
evaluate_harcnn,id_7d7073f9dd6c,id_241ec0f53279,completed,1,True,id_205d675a6782,supervised,harcnn,full_finetune_lr1,id_e7f63cc66b02,multimodal_df,daghar_standardized_balanced,motionsense,test,config_0,multimodal_perc_100,id_c2d68cc99d8f,har,evaluate,full_run,/workspaces/HIAAC-KR-Dev-Container/Minerva-Exps/benchmarks/experiments/paper_daghar_supervised_3runs_perlr_samples_down_seed_harcnn_125/logs/id_7d7073f9dd6c/final,09ab159730,/workspaces/HIAAC-KR-Dev-Container/Minerva-Exps/benchmarks/experiments/paper_daghar_supervised_3runs_perlr_samples_down_seed_harcnn_125/logs/id_7d7073f9dd6c/final/metrics_2025-09-15-12-26-09ab159730.yaml,/workspaces/HIAAC-KR-Dev-Container/Minerva-Exps/benchmarks/experiments/paper_daghar_supervised_3runs_perlr_samples_down_seed_harcnn_125/logs/id_7d7073f9dd6c/final/run_2025-09-15-12-26-09ab159730.yaml,0.3239171504974365,0.3239171504974365,0.21685902774333954,0.3239171504974365,0.1996275633573532,0.3239171504974365
evaluate_harcnn,id_7a2d54e3c38f,id_837eaa61ec3b,completed,1,True,id_58a400b02098,supervised,harcnn,full_finetune_lr2,id_2cb57fb4e55b,multimodal_df,daghar_standardized_balanced,wisdm,test,config_0,multimodal_perc_100,id_c2d68cc99d8f,har,evaluate,full_run,/workspaces/HIAAC-KR-Dev-Container/Minerva-Exps/benchmarks/experiments/paper_daghar_supervised_3runs_perlr_samples_down_seed_harcnn_125/logs/id_7a2d54e3c38f/final,5956e83fa8,/workspaces/HIAAC-KR-Dev-Container/Minerva-Exps/benchmarks/experiments/paper_daghar_supervised_3runs_perlr_samples_down_seed_harcnn_125/logs/id_7a2d54e3c38f/final/metrics_2025-09-15-12-25-5956e83fa8.yaml,/workspaces/HIAAC-KR-Dev-Container/Minerva-Exps/benchmarks/experiments/paper_daghar_supervised_3runs_perlr_samples_down_seed_harcnn_125/logs/id_7a2d54e3c38f/final/run_2025-09-15-12-25-5956e83fa8.yaml,0.25,0.25,0.12709878385066986,0.25,0.085209421813488,0.25
evaluate_harcnn,id_7d8ce4727914,id_de38dbd70552,completed,1,True,id_205d675a6782,supervised,harcnn,full_finetune_lr1,id_b1f5143574a1,multimodal_df,daghar_standardized_balanced,rw_waist,test,config_0,multimodal_perc_100,id_c2d68cc99d8f,har,evaluate,full_run,/workspaces/HIAAC-KR-Dev-Container/Minerva-Exps/benchmarks/experiments/paper_daghar_supervised_3runs_perlr_samples_down_seed_harcnn_125/logs/id_7d8ce4727914/final,1613b870db,/workspaces/HIAAC-KR-Dev-Container/Minerva-Exps/benchmarks/experiments/paper_daghar_supervised_3runs_perlr_samples_down_seed_harcnn_125/logs/id_7d8ce4727914/final/metrics_2025-09-15-12-26-1613b870db.yaml,/workspaces/HIAAC-KR-Dev-Container/Minerva-Exps/benchmarks/experiments/paper_daghar_supervised_3runs_perlr_samples_down_seed_harcnn_125/logs/id_7d8ce4727914/final/run_2025-09-15-12-26-1613b870db.yaml,0.24845679104328156,0.24845679104328156,0.16097639501094818,0.24845679104328156,0.1969442218542099,0.24845680594444275
evaluate_harcnn,id_7c2bfc219f5b,id_5449e7b0460e,completed,1,True,id_58a400b02098,supervised,harcnn,full_finetune_lr2,id_b1f5143574a1,multimodal_df,daghar_standardized_balanced,rw_waist,test,config_0,multimodal_perc_100,id_c2d68cc99d8f,har,evaluate,full_run,/workspaces/HIAAC-KR-Dev-Container/Minerva-Exps/benchmarks/experiments/paper_daghar_supervised_3runs_perlr_samples_down_seed_harcnn_125/logs/id_7c2bfc219f5b/final,06e358a23a,/workspaces/HIAAC-KR-Dev-Container/Minerva-Exps/benchmarks/experiments/paper_daghar_supervised_3runs_perlr_samples_down_seed_harcnn_125/logs/id_7c2bfc219f5b/final/metrics_2025-09-15-12-26-06e358a23a.yaml,/workspaces/HIAAC-KR-Dev-Container/Minerva-Exps/benchmarks/experiments/paper_daghar_supervised_3runs_perlr_samples_down_seed_harcnn_125/logs/id_7c2bfc219f5b/final/run_2025-09-15-12-26-06e358a23a.yaml,0.26929011940956116,0.26929011940956116,0.15543898940086365,0.26929011940956116,0.1280551552772522,0.26929014921188354
evaluate_harcnn,id_7f765e818d55,id_706abdeeda57,completed,1,True,id_58a400b02098,supervised,harcnn,full_finetune_lr2,id_e7f63cc66b02,multimodal_df,daghar_standardized_balanced,motionsense,test,config_0,multimodal_perc_100,id_c2d68cc99d8f,har,evaluate,full_run,/workspaces/HIAAC-KR-Dev-Container/Minerva-Exps/benchmarks/experiments/paper_daghar_supervised_3runs_perlr_samples_down_seed_harcnn_125/logs/id_7f765e818d55/final,2839e6809d,/workspaces/HIAAC-KR-Dev-Container/Minerva-Exps/benchmarks/experiments/paper_daghar_supervised_3runs_perlr_samples_down_seed_harcnn_125/logs/id_7f765e818d55/final/metrics_2025-09-15-12-26-2839e6809d.yaml,/workspaces/HIAAC-KR-Dev-Container/Minerva-Exps/benchmarks/experiments/paper_daghar_supervised_3runs_perlr_samples_down_seed_harcnn_125/logs/id_7f765e818d55/final/run_2025-09-15-12-26-2839e6809d.yaml,0.7919020652770996,0.7919020652770996,0.7495265007019043,0.7919020652770996,0.829113781452179,0.7919020652770996
evaluate_harcnn,id_7fcb67a906da,id_088dc9aa733c,completed,1,True,id_74afc850e220,supervised,harcnn,full_finetune_lr5,id_14a6ecc69dec,multimodal_df,daghar_standardized_balanced,uci,test,config_0,multimodal_perc_100,id_c2d68cc99d8f,har,evaluate,full_run,/workspaces/HIAAC-KR-Dev-Container/Minerva-Exps/benchmarks/experiments/paper_daghar_supervised_3runs_perlr_samples_down_seed_harcnn_125/logs/id_7fcb67a906da/final,3301809bf6,/workspaces/HIAAC-KR-Dev-Container/Minerva-Exps/benchmarks/experiments/paper_daghar_supervised_3runs_perlr_samples_down_seed_harcnn_125/logs/id_7fcb67a906da/final/metrics_2025-09-15-12-26-3301809bf6.yaml,/workspaces/HIAAC-KR-Dev-Container/Minerva-Exps/benchmarks/experiments/paper_daghar_supervised_3runs_perlr_samples_down_seed_harcnn_125/logs/id_7fcb67a906da/final/run_2025-09-15-12-26-3301809bf6.yaml,0.7710145115852356,0.7710145115852356,0.7627853155136108,0.7710145115852356,0.7772459983825684,0.7710145115852356
evaluate_harcnn,id_7d9e52bd1a26,id_ec3f28070917,completed,1,True,id_205d675a6782,supervised,harcnn,full_finetune_lr1,id_b1f5143574a1,multimodal_df,daghar_standardized_balanced,rw_waist,test,config_0,multimodal_perc_100,id_c2d68cc99d8f,har,evaluate,full_run,/workspaces/HIAAC-KR-Dev-Container/Minerva-Exps/benchmarks/experiments/paper_daghar_supervised_3runs_perlr_samples_down_seed_harcnn_125/logs/id_7d9e52bd1a26/final,2665232f47,/workspaces/HIAAC-KR-Dev-Container/Minerva-Exps/benchmarks/experiments/paper_daghar_supervised_3runs_perlr_samples_down_seed_harcnn_125/logs/id_7d9e52bd1a26/final/metrics_2025-09-15-12-26-2665232f47.yaml,/workspaces/HIAAC-KR-Dev-Container/Minerva-Exps/benchmarks/experiments/paper_daghar_supervised_3runs_perlr_samples_down_seed_harcnn_125/logs/id_7d9e52bd1a26/final/run_2025-09-15-12-26-2665232f47.yaml,0.2256944477558136,0.2256944328546524,0.13733622431755066,0.2256944477558136,0.19618695974349976,0.2256944477558136
evaluate_harcnn,id_809db3ed5165,id_e05f40085d75,completed,1,True,id_58a400b02098,supervised,harcnn,full_finetune_lr2,id_e7f63cc66b02,multimodal_df,daghar_standardized_balanced,motionsense,test,config_0,multimodal_perc_100,id_c2d68cc99d8f,har,evaluate,full_run,/workspaces/HIAAC-KR-Dev-Container/Minerva-Exps/benchmarks/experiments/paper_daghar_supervised_3runs_perlr_samples_down_seed_harcnn_125/logs/id_809db3ed5165/final,4340f937ce,/workspaces/HIAAC-KR-Dev-Container/Minerva-Exps/benchmarks/experiments/paper_daghar_supervised_3runs_perlr_samples_down_seed_harcnn_125/logs/id_809db3ed5165/final/metrics_2025-09-15-12-26-4340f937ce.yaml,/workspaces/HIAAC-KR-Dev-Container/Minerva-Exps/benchmarks/experiments/paper_daghar_supervised_3runs_perlr_samples_down_seed_harcnn_125/logs/id_809db3ed5165/final/run_2025-09-15-12-26-4340f937ce.yaml,0.508474588394165,0.508474588394165,0.3895094394683838,0.508474588394165,0.4825884699821472,0.508474588394165
evaluate_harcnn,id_7f1d8ba3fef4,id_15ebeafe5f00,completed,1,True,id_58a400b02098,supervised,harcnn,full_finetune_lr2,id_b1f5143574a1,multimodal_df,daghar_standardized_balanced,rw_waist,test,config_0,multimodal_perc_100,id_c2d68cc99d8f,har,evaluate,full_run,/workspaces/HIAAC-KR-Dev-Container/Minerva-Exps/benchmarks/experiments/paper_daghar_supervised_3runs_perlr_samples_down_seed_harcnn_125/logs/id_7f1d8ba3fef4/final,277e41f43a,/workspaces/HIAAC-KR-Dev-Container/Minerva-Exps/benchmarks/experiments/paper_daghar_supervised_3runs_perlr_samples_down_seed_harcnn_125/logs/id_7f1d8ba3fef4/final/metrics_2025-09-15-12-26-277e41f43a.yaml,/workspaces/HIAAC-KR-Dev-Container/Minerva-Exps/benchmarks/experiments/paper_daghar_supervised_3runs_perlr_samples_down_seed_harcnn_125/logs/id_7f1d8ba3fef4/final/run_2025-09-15-12-26-277e41f43a.yaml,0.2750771641731262,0.2750771641731262,0.21684139966964722,0.2750771641731262,0.22374796867370605,0.2750771641731262
evaluate_harcnn,id_7dd2038c9f20,id_2db9cb0de31d,completed,1,True,id_74afc850e220,supervised,harcnn,full_finetune_lr5,id_2cb57fb4e55b,multimodal_df,daghar_standardized_balanced,wisdm,test,config_0,multimodal_perc_100,id_c2d68cc99d8f,har,evaluate,full_run,/workspaces/HIAAC-KR-Dev-Container/Minerva-Exps/benchmarks/experiments/paper_daghar_supervised_3runs_perlr_samples_down_seed_harcnn_125/logs/id_7dd2038c9f20/final,260d24acbf,/workspaces/HIAAC-KR-Dev-Container/Minerva-Exps/benchmarks/experiments/paper_daghar_supervised_3runs_perlr_samples_down_seed_harcnn_125/logs/id_7dd2038c9f20/final/metrics_2025-09-15-12-26-260d24acbf.yaml,/workspaces/HIAAC-KR-Dev-Container/Minerva-Exps/benchmarks/experiments/paper_daghar_supervised_3runs_perlr_samples_down_seed_harcnn_125/logs/id_7dd2038c9f20/final/run_2025-09-15-12-26-260d24acbf.yaml,0.8225806355476379,0.8225805759429932,0.8177187442779541,0.8225806355476379,0.8316384553909302,0.8225806951522827
evaluate_harcnn,id_8336b68c167c,id_fc83af87070e,completed,1,True,id_74afc850e220,supervised,harcnn,full_finetune_lr5,id_5365127f28e8,multimodal_df,daghar_standardized_balanced,kuhar,test,config_0,multimodal_perc_100,id_c2d68cc99d8f,har,evaluate,full_run,/workspaces/HIAAC-KR-Dev-Container/Minerva-Exps/benchmarks/experiments/paper_daghar_supervised_3runs_perlr_samples_down_seed_harcnn_125/logs/id_8336b68c167c/final,57b142532d,/workspaces/HIAAC-KR-Dev-Container/Minerva-Exps/benchmarks/experiments/paper_daghar_supervised_3runs_perlr_samples_down_seed_harcnn_125/logs/id_8336b68c167c/final/metrics_2025-09-15-12-26-57b142532d.yaml,/workspaces/HIAAC-KR-Dev-Container/Minerva-Exps/benchmarks/experiments/paper_daghar_supervised_3runs_perlr_samples_down_seed_harcnn_125/logs/id_8336b68c167c/final/run_2025-09-15-12-26-57b142532d.yaml,0.5833333134651184,0.5833333134651184,0.5047779083251953,0.5833333134651184,0.5039682388305664,0.5833333730697632
evaluate_harcnn,id_833514d42713,id_aa7946fe4c7a,completed,1,True,id_205d675a6782,supervised,harcnn,full_finetune_lr1,id_14a6ecc69dec,multimodal_df,daghar_standardized_balanced,uci,test,config_0,multimodal_perc_100,id_c2d68cc99d8f,har,evaluate,full_run,/workspaces/HIAAC-KR-Dev-Container/Minerva-Exps/benchmarks/experiments/paper_daghar_supervised_3runs_perlr_samples_down_seed_harcnn_125/logs/id_833514d42713/final,5451e8c8d8,/workspaces/HIAAC-KR-Dev-Container/Minerva-Exps/benchmarks/experiments/paper_daghar_supervised_3runs_perlr_samples_down_seed_harcnn_125/logs/id_833514d42713/final/metrics_2025-09-15-12-26-5451e8c8d8.yaml,/workspaces/HIAAC-KR-Dev-Container/Minerva-Exps/benchmarks/experiments/paper_daghar_supervised_3runs_perlr_samples_down_seed_harcnn_125/logs/id_833514d42713/final/run_2025-09-15-12-26-5451e8c8d8.yaml,0.38695651292800903,0.38695651292800903,0.27162039279937744,0.38695651292800903,0.2477472424507141,0.38695651292800903
evaluate_harcnn,id_8063e31a676e,id_f455cef90be1,completed,1,True,id_74afc850e220,supervised,harcnn,full_finetune_lr5,id_b1f5143574a1,multimodal_df,daghar_standardized_balanced,rw_waist,test,config_0,multimodal_perc_100,id_c2d68cc99d8f,har,evaluate,full_run,/workspaces/HIAAC-KR-Dev-Container/Minerva-Exps/benchmarks/experiments/paper_daghar_supervised_3runs_perlr_samples_down_seed_harcnn_125/logs/id_8063e31a676e/final,39dd59d5a0,/workspaces/HIAAC-KR-Dev-Container/Minerva-Exps/benchmarks/experiments/paper_daghar_supervised_3runs_perlr_samples_down_seed_harcnn_125/logs/id_8063e31a676e/final/metrics_2025-09-15-12-26-39dd59d5a0.yaml,/workspaces/HIAAC-KR-Dev-Container/Minerva-Exps/benchmarks/experiments/paper_daghar_supervised_3runs_perlr_samples_down_seed_harcnn_125/logs/id_8063e31a676e/final/run_2025-09-15-12-26-39dd59d5a0.yaml,0.7071759104728699,0.7071759104728699,0.6999180316925049,0.7071759104728699,0.7436763644218445,0.7071759700775146
evaluate_harcnn,id_80e9ae7df915,id_3234f9017266,completed,1,True,id_58a400b02098,supervised,harcnn,full_finetune_lr2,id_b1f5143574a1,multimodal_df,daghar_standardized_balanced,rw_waist,test,config_0,multimodal_perc_100,id_c2d68cc99d8f,har,evaluate,full_run,/workspaces/HIAAC-KR-Dev-Container/Minerva-Exps/benchmarks/experiments/paper_daghar_supervised_3runs_perlr_samples_down_seed_harcnn_125/logs/id_80e9ae7df915/final,45ee830f51,/workspaces/HIAAC-KR-Dev-Container/Minerva-Exps/benchmarks/experiments/paper_daghar_supervised_3runs_perlr_samples_down_seed_harcnn_125/logs/id_80e9ae7df915/final/metrics_2025-09-15-12-26-45ee830f51.yaml,/workspaces/HIAAC-KR-Dev-Container/Minerva-Exps/benchmarks/experiments/paper_daghar_supervised_3runs_perlr_samples_down_seed_harcnn_125/logs/id_80e9ae7df915/final/run_2025-09-15-12-26-45ee830f51.yaml,0.7241512537002563,0.7241511940956116,0.6937337517738342,0.7241512537002563,0.7443172931671143,0.7241512537002563
evaluate_harcnn,id_8375db5c21ed,id_9871fc12a116,completed,1,True,id_58a400b02098,supervised,harcnn,full_finetune_lr2,id_e7f63cc66b02,multimodal_df,daghar_standardized_balanced,motionsense,test,config_0,multimodal_perc_100,id_c2d68cc99d8f,har,evaluate,full_run,/workspaces/HIAAC-KR-Dev-Container/Minerva-Exps/benchmarks/experiments/paper_daghar_supervised_3runs_perlr_samples_down_seed_harcnn_125/logs/id_8375db5c21ed/final,06a833043f,/workspaces/HIAAC-KR-Dev-Container/Minerva-Exps/benchmarks/experiments/paper_daghar_supervised_3runs_perlr_samples_down_seed_harcnn_125/logs/id_8375db5c21ed/final/metrics_2025-09-15-12-27-06a833043f.yaml,/workspaces/HIAAC-KR-Dev-Container/Minerva-Exps/benchmarks/experiments/paper_daghar_supervised_3runs_perlr_samples_down_seed_harcnn_125/logs/id_8375db5c21ed/final/run_2025-09-15-12-27-06a833043f.yaml,0.598870038986206,0.598870038986206,0.5348988175392151,0.598870038986206,0.5995341539382935,0.5988700985908508
evaluate_harcnn,id_8525dfce5f06,id_45e6e1742609,completed,1,True,id_205d675a6782,supervised,harcnn,full_finetune_lr1,id_14a6ecc69dec,multimodal_df,daghar_standardized_balanced,uci,test,config_0,multimodal_perc_100,id_c2d68cc99d8f,har,evaluate,full_run,/workspaces/HIAAC-KR-Dev-Container/Minerva-Exps/benchmarks/experiments/paper_daghar_supervised_3runs_perlr_samples_down_seed_harcnn_125/logs/id_8525dfce5f06/final,12e93daffe,/workspaces/HIAAC-KR-Dev-Container/Minerva-Exps/benchmarks/experiments/paper_daghar_supervised_3runs_perlr_samples_down_seed_harcnn_125/logs/id_8525dfce5f06/final/metrics_2025-09-15-12-27-12e93daffe.yaml,/workspaces/HIAAC-KR-Dev-Container/Minerva-Exps/benchmarks/experiments/paper_daghar_supervised_3runs_perlr_samples_down_seed_harcnn_125/logs/id_8525dfce5f06/final/run_2025-09-15-12-27-12e93daffe.yaml,0.2550724744796753,0.2550724446773529,0.1669234037399292,0.2550724744796753,0.1793442666530609,0.2550724446773529
evaluate_harcnn,id_819526240eff,id_62f805c27d40,completed,1,True,id_74afc850e220,supervised,harcnn,full_finetune_lr5,id_b1f5143574a1,multimodal_df,daghar_standardized_balanced,rw_waist,test,config_0,multimodal_perc_100,id_c2d68cc99d8f,har,evaluate,full_run,/workspaces/HIAAC-KR-Dev-Container/Minerva-Exps/benchmarks/experiments/paper_daghar_supervised_3runs_perlr_samples_down_seed_harcnn_125/logs/id_819526240eff/final,5344c8709f,/workspaces/HIAAC-KR-Dev-Container/Minerva-Exps/benchmarks/experiments/paper_daghar_supervised_3runs_perlr_samples_down_seed_harcnn_125/logs/id_819526240eff/final/metrics_2025-09-15-12-26-5344c8709f.yaml,/workspaces/HIAAC-KR-Dev-Container/Minerva-Exps/benchmarks/experiments/paper_daghar_supervised_3runs_perlr_samples_down_seed_harcnn_125/logs/id_819526240eff/final/run_2025-09-15-12-26-5344c8709f.yaml,0.6022376418113708,0.6022376418113708,0.5492198467254639,0.6022376418113708,0.6575016975402832,0.6022376418113708
evaluate_harcnn,id_880869074fa3,id_631b62ec528f,completed,1,True,id_74afc850e220,supervised,harcnn,full_finetune_lr5,id_14a6ecc69dec,multimodal_df,daghar_standardized_balanced,uci,test,config_0,multimodal_perc_100,id_c2d68cc99d8f,har,evaluate,full_run,/workspaces/HIAAC-KR-Dev-Container/Minerva-Exps/benchmarks/experiments/paper_daghar_supervised_3runs_perlr_samples_down_seed_harcnn_125/logs/id_880869074fa3/final,22486f4bd4,/workspaces/HIAAC-KR-Dev-Container/Minerva-Exps/benchmarks/experiments/paper_daghar_supervised_3runs_perlr_samples_down_seed_harcnn_125/logs/id_880869074fa3/final/metrics_2025-09-15-12-27-22486f4bd4.yaml,/workspaces/HIAAC-KR-Dev-Container/Minerva-Exps/benchmarks/experiments/paper_daghar_supervised_3runs_perlr_samples_down_seed_harcnn_125/logs/id_880869074fa3/final/run_2025-09-15-12-27-22486f4bd4.yaml,0.5768116116523743,0.5768115520477295,0.5027178525924683,0.5768116116523743,0.4762701988220215,0.5768116116523743
evaluate_harcnn,id_84ed56ec7389,id_dcd901fdce0c,completed,1,True,id_58a400b02098,supervised,harcnn,full_finetune_lr2,id_b1f5143574a1,multimodal_df,daghar_standardized_balanced,rw_waist,test,config_0,multimodal_perc_100,id_c2d68cc99d8f,har,evaluate,full_run,/workspaces/HIAAC-KR-Dev-Container/Minerva-Exps/benchmarks/experiments/paper_daghar_supervised_3runs_perlr_samples_down_seed_harcnn_125/logs/id_84ed56ec7389/final,0830d8385f,/workspaces/HIAAC-KR-Dev-Container/Minerva-Exps/benchmarks/experiments/paper_daghar_supervised_3runs_perlr_samples_down_seed_harcnn_125/logs/id_84ed56ec7389/final/metrics_2025-09-15-12-27-0830d8385f.yaml,/workspaces/HIAAC-KR-Dev-Container/Minerva-Exps/benchmarks/experiments/paper_daghar_supervised_3runs_perlr_samples_down_seed_harcnn_125/logs/id_84ed56ec7389/final/run_2025-09-15-12-27-0830d8385f.yaml,0.6126543283462524,0.6126542687416077,0.5918949246406555,0.6126543283462524,0.6517555713653564,0.6126543283462524
evaluate_harcnn,id_842b6625755f,id_9e8b97d198ac,completed,1,True,id_58a400b02098,supervised,harcnn,full_finetune_lr2,id_f390297e57d1,multimodal_df,daghar_standardized_balanced,rw_thigh,test,config_0,multimodal_perc_100,id_c2d68cc99d8f,har,evaluate,full_run,/workspaces/HIAAC-KR-Dev-Container/Minerva-Exps/benchmarks/experiments/paper_daghar_supervised_3runs_perlr_samples_down_seed_harcnn_125/logs/id_842b6625755f/final,0722fe72c2,/workspaces/HIAAC-KR-Dev-Container/Minerva-Exps/benchmarks/experiments/paper_daghar_supervised_3runs_perlr_samples_down_seed_harcnn_125/logs/id_842b6625755f/final/metrics_2025-09-15-12-27-0722fe72c2.yaml,/workspaces/HIAAC-KR-Dev-Container/Minerva-Exps/benchmarks/experiments/paper_daghar_supervised_3runs_perlr_samples_down_seed_harcnn_125/logs/id_842b6625755f/final/run_2025-09-15-12-27-0722fe72c2.yaml,0.4692891538143158,0.4692891538143158,0.3501378297805786,0.4692891538143158,0.47657299041748047,0.46928921341896057
evaluate_harcnn,id_898f7fd935a4,id_e7011d139573,completed,1,True,id_58a400b02098,supervised,harcnn,full_finetune_lr2,id_5365127f28e8,multimodal_df,daghar_standardized_balanced,kuhar,test,config_0,multimodal_perc_100,id_c2d68cc99d8f,har,evaluate,full_run,/workspaces/HIAAC-KR-Dev-Container/Minerva-Exps/benchmarks/experiments/paper_daghar_supervised_3runs_perlr_samples_down_seed_harcnn_125/logs/id_898f7fd935a4/final,373baf2456,/workspaces/HIAAC-KR-Dev-Container/Minerva-Exps/benchmarks/experiments/paper_daghar_supervised_3runs_perlr_samples_down_seed_harcnn_125/logs/id_898f7fd935a4/final/metrics_2025-09-15-12-27-373baf2456.yaml,/workspaces/HIAAC-KR-Dev-Container/Minerva-Exps/benchmarks/experiments/paper_daghar_supervised_3runs_perlr_samples_down_seed_harcnn_125/logs/id_898f7fd935a4/final/run_2025-09-15-12-27-373baf2456.yaml,0.3611111044883728,0.3611110746860504,0.23232322931289673,0.3611111044883728,0.2480158805847168,0.3611111044883728
evaluate_harcnn,id_888bc374ea75,id_9825b6df1ce7,completed,1,True,id_74afc850e220,supervised,harcnn,full_finetune_lr5,id_14a6ecc69dec,multimodal_df,daghar_standardized_balanced,uci,test,config_0,multimodal_perc_100,id_c2d68cc99d8f,har,evaluate,full_run,/workspaces/HIAAC-KR-Dev-Container/Minerva-Exps/benchmarks/experiments/paper_daghar_supervised_3runs_perlr_samples_down_seed_harcnn_125/logs/id_888bc374ea75/final,3289e12807,/workspaces/HIAAC-KR-Dev-Container/Minerva-Exps/benchmarks/experiments/paper_daghar_supervised_3runs_perlr_samples_down_seed_harcnn_125/logs/id_888bc374ea75/final/metrics_2025-09-15-12-27-3289e12807.yaml,/workspaces/HIAAC-KR-Dev-Container/Minerva-Exps/benchmarks/experiments/paper_daghar_supervised_3runs_perlr_samples_down_seed_harcnn_125/logs/id_888bc374ea75/final/run_2025-09-15-12-27-3289e12807.yaml,0.7971014380455017,0.7971014976501465,0.7664059400558472,0.7971014380455017,0.8104305267333984,0.7971014976501465
evaluate_harcnn,id_88fa07a5f556,id_e45b0539d97d,completed,1,True,id_58a400b02098,supervised,harcnn,full_finetune_lr2,id_14a6ecc69dec,multimodal_df,daghar_standardized_balanced,uci,test,config_0,multimodal_perc_100,id_c2d68cc99d8f,har,evaluate,full_run,/workspaces/HIAAC-KR-Dev-Container/Minerva-Exps/benchmarks/experiments/paper_daghar_supervised_3runs_perlr_samples_down_seed_harcnn_125/logs/id_88fa07a5f556/final,3310855a80,/workspaces/HIAAC-KR-Dev-Container/Minerva-Exps/benchmarks/experiments/paper_daghar_supervised_3runs_perlr_samples_down_seed_harcnn_125/logs/id_88fa07a5f556/final/metrics_2025-09-15-12-27-3310855a80.yaml,/workspaces/HIAAC-KR-Dev-Container/Minerva-Exps/benchmarks/experiments/paper_daghar_supervised_3runs_perlr_samples_down_seed_harcnn_125/logs/id_88fa07a5f556/final/run_2025-09-15-12-27-3310855a80.yaml,0.3811594247817993,0.3811594247817993,0.22403846681118011,0.3811594247817993,0.1622200310230255,0.3811594247817993
evaluate_harcnn,id_876f1b8320db,id_af487e983b54,completed,1,True,id_74afc850e220,supervised,harcnn,full_finetune_lr5,id_2cb57fb4e55b,multimodal_df,daghar_standardized_balanced,wisdm,test,config_0,multimodal_perc_100,id_c2d68cc99d8f,har,evaluate,full_run,/workspaces/HIAAC-KR-Dev-Container/Minerva-Exps/benchmarks/experiments/paper_daghar_supervised_3runs_perlr_samples_down_seed_harcnn_125/logs/id_876f1b8320db/final,136a9780f9,/workspaces/HIAAC-KR-Dev-Container/Minerva-Exps/benchmarks/experiments/paper_daghar_supervised_3runs_perlr_samples_down_seed_harcnn_125/logs/id_876f1b8320db/final/metrics_2025-09-15-12-27-136a9780f9.yaml,/workspaces/HIAAC-KR-Dev-Container/Minerva-Exps/benchmarks/experiments/paper_daghar_supervised_3runs_perlr_samples_down_seed_harcnn_125/logs/id_876f1b8320db/final/run_2025-09-15-12-27-136a9780f9.yaml,0.7446236610412598,0.7446236610412598,0.6663340330123901,0.7446236610412598,0.7360512614250183,0.7446236610412598
evaluate_harcnn,id_89d54d9cf823,id_3d407df79045,completed,1,True,id_58a400b02098,supervised,harcnn,full_finetune_lr2,id_5365127f28e8,multimodal_df,daghar_standardized_balanced,kuhar,test,config_0,multimodal_perc_100,id_c2d68cc99d8f,har,evaluate,full_run,/workspaces/HIAAC-KR-Dev-Container/Minerva-Exps/benchmarks/experiments/paper_daghar_supervised_3runs_perlr_samples_down_seed_harcnn_125/logs/id_89d54d9cf823/final,46aa3140c2,/workspaces/HIAAC-KR-Dev-Container/Minerva-Exps/benchmarks/experiments/paper_daghar_supervised_3runs_perlr_samples_down_seed_harcnn_125/logs/id_89d54d9cf823/final/metrics_2025-09-15-12-27-46aa3140c2.yaml,/workspaces/HIAAC-KR-Dev-Container/Minerva-Exps/benchmarks/experiments/paper_daghar_supervised_3runs_perlr_samples_down_seed_harcnn_125/logs/id_89d54d9cf823/final/run_2025-09-15-12-27-46aa3140c2.yaml,0.3541666567325592,0.3541666567325592,0.23332300782203674,0.3541666567325592,0.27738094329833984,0.3541666865348816
evaluate_harcnn,id_88777e624f1a,id_f73d7d96567d,completed,1,True,id_74afc850e220,supervised,harcnn,full_finetune_lr5,id_2cb57fb4e55b,multimodal_df,daghar_standardized_balanced,wisdm,test,config_0,multimodal_perc_100,id_c2d68cc99d8f,har,evaluate,full_run,/workspaces/HIAAC-KR-Dev-Container/Minerva-Exps/benchmarks/experiments/paper_daghar_supervised_3runs_perlr_samples_down_seed_harcnn_125/logs/id_88777e624f1a/final,2674a44e5f,/workspaces/HIAAC-KR-Dev-Container/Minerva-Exps/benchmarks/experiments/paper_daghar_supervised_3runs_perlr_samples_down_seed_harcnn_125/logs/id_88777e624f1a/final/metrics_2025-09-15-12-27-2674a44e5f.yaml,/workspaces/HIAAC-KR-Dev-Container/Minerva-Exps/benchmarks/experiments/paper_daghar_supervised_3runs_perlr_samples_down_seed_harcnn_125/logs/id_88777e624f1a/final/run_2025-09-15-12-27-2674a44e5f.yaml,0.6977726817131042,0.6977726817131042,0.6192047595977783,0.6977726817131042,0.5889848470687866,0.6977726221084595
evaluate_harcnn,id_8b11a6a99816,id_66c4b00d5a6a,completed,1,True,id_205d675a6782,supervised,harcnn,full_finetune_lr1,id_14a6ecc69dec,multimodal_df,daghar_standardized_balanced,uci,test,config_0,multimodal_perc_100,id_c2d68cc99d8f,har,evaluate,full_run,/workspaces/HIAAC-KR-Dev-Container/Minerva-Exps/benchmarks/experiments/paper_daghar_supervised_3runs_perlr_samples_down_seed_harcnn_125/logs/id_8b11a6a99816/final,5341948951,/workspaces/HIAAC-KR-Dev-Container/Minerva-Exps/benchmarks/experiments/paper_daghar_supervised_3runs_perlr_samples_down_seed_harcnn_125/logs/id_8b11a6a99816/final/metrics_2025-09-15-12-27-5341948951.yaml,/workspaces/HIAAC-KR-Dev-Container/Minerva-Exps/benchmarks/experiments/paper_daghar_supervised_3runs_perlr_samples_down_seed_harcnn_125/logs/id_8b11a6a99816/final/run_2025-09-15-12-27-5341948951.yaml,0.260869562625885,0.260869562625885,0.16446734964847565,0.260869562625885,0.2432601898908615,0.260869562625885
evaluate_harcnn,id_8baefa8bae7b,id_23586257a76d,completed,1,True,id_205d675a6782,supervised,harcnn,full_finetune_lr1,id_2cb57fb4e55b,multimodal_df,daghar_standardized_balanced,wisdm,test,config_0,multimodal_perc_100,id_c2d68cc99d8f,har,evaluate,full_run,/workspaces/HIAAC-KR-Dev-Container/Minerva-Exps/benchmarks/experiments/paper_daghar_supervised_3runs_perlr_samples_down_seed_harcnn_125/logs/id_8baefa8bae7b/final,5334585d33,/workspaces/HIAAC-KR-Dev-Container/Minerva-Exps/benchmarks/experiments/paper_daghar_supervised_3runs_perlr_samples_down_seed_harcnn_125/logs/id_8baefa8bae7b/final/metrics_2025-09-15-12-27-5334585d33.yaml,/workspaces/HIAAC-KR-Dev-Container/Minerva-Exps/benchmarks/experiments/paper_daghar_supervised_3runs_perlr_samples_down_seed_harcnn_125/logs/id_8baefa8bae7b/final/run_2025-09-15-12-27-5334585d33.yaml,0.35253456234931946,0.35253456234931946,0.2543605864048004,0.35253456234931946,0.319640576839447,0.35253456234931946
evaluate_harcnn,id_8bc4bfe0e7cd,id_7cf18cf95298,completed,1,True,id_74afc850e220,supervised,harcnn,full_finetune_lr5,id_e7f63cc66b02,multimodal_df,daghar_standardized_balanced,motionsense,test,config_0,multimodal_perc_100,id_c2d68cc99d8f,har,evaluate,full_run,/workspaces/HIAAC-KR-Dev-Container/Minerva-Exps/benchmarks/experiments/paper_daghar_supervised_3runs_perlr_samples_down_seed_harcnn_125/logs/id_8bc4bfe0e7cd/final,54ff369a07,/workspaces/HIAAC-KR-Dev-Container/Minerva-Exps/benchmarks/experiments/paper_daghar_supervised_3runs_perlr_samples_down_seed_harcnn_125/logs/id_8bc4bfe0e7cd/final/metrics_2025-09-15-12-27-54ff369a07.yaml,/workspaces/HIAAC-KR-Dev-Container/Minerva-Exps/benchmarks/experiments/paper_daghar_supervised_3runs_perlr_samples_down_seed_harcnn_125/logs/id_8bc4bfe0e7cd/final/run_2025-09-15-12-27-54ff369a07.yaml,0.4755178987979889,0.4755178987979889,0.43304353952407837,0.4755178987979889,0.4445279538631439,0.4755179286003113
evaluate_harcnn,id_8c056ead919c,id_b410b1935b3b,completed,1,True,id_58a400b02098,supervised,harcnn,full_finetune_lr2,id_e7f63cc66b02,multimodal_df,daghar_standardized_balanced,motionsense,test,config_0,multimodal_perc_100,id_c2d68cc99d8f,har,evaluate,full_run,/workspaces/HIAAC-KR-Dev-Container/Minerva-Exps/benchmarks/experiments/paper_daghar_supervised_3runs_perlr_samples_down_seed_harcnn_125/logs/id_8c056ead919c/final,0256050c88,/workspaces/HIAAC-KR-Dev-Container/Minerva-Exps/benchmarks/experiments/paper_daghar_supervised_3runs_perlr_samples_down_seed_harcnn_125/logs/id_8c056ead919c/final/metrics_2025-09-15-12-28-0256050c88.yaml,/workspaces/HIAAC-KR-Dev-Container/Minerva-Exps/benchmarks/experiments/paper_daghar_supervised_3runs_perlr_samples_down_seed_harcnn_125/logs/id_8c056ead919c/final/run_2025-09-15-12-28-0256050c88.yaml,0.7881355881690979,0.7881355881690979,0.736310601234436,0.7881355881690979,0.8320331573486328,0.7881355881690979
evaluate_harcnn,id_89e93b6e9160,id_96f93c443964,completed,1,True,id_74afc850e220,supervised,harcnn,full_finetune_lr5,id_b1f5143574a1,multimodal_df,daghar_standardized_balanced,rw_waist,test,config_0,multimodal_perc_100,id_c2d68cc99d8f,har,evaluate,full_run,/workspaces/HIAAC-KR-Dev-Container/Minerva-Exps/benchmarks/experiments/paper_daghar_supervised_3runs_perlr_samples_down_seed_harcnn_125/logs/id_89e93b6e9160/final,481bfbee1a,/workspaces/HIAAC-KR-Dev-Container/Minerva-Exps/benchmarks/experiments/paper_daghar_supervised_3runs_perlr_samples_down_seed_harcnn_125/logs/id_89e93b6e9160/final/metrics_2025-09-15-12-27-481bfbee1a.yaml,/workspaces/HIAAC-KR-Dev-Container/Minerva-Exps/benchmarks/experiments/paper_daghar_supervised_3runs_perlr_samples_down_seed_harcnn_125/logs/id_89e93b6e9160/final/run_2025-09-15-12-27-481bfbee1a.yaml,0.5949074029922485,0.5949074625968933,0.5771149396896362,0.5949074029922485,0.6448848247528076,0.5949074029922485
evaluate_harcnn,id_8beba736bea1,id_4adb16d87a48,completed,1,True,id_205d675a6782,supervised,harcnn,full_finetune_lr1,id_f390297e57d1,multimodal_df,daghar_standardized_balanced,rw_thigh,test,config_0,multimodal_perc_100,id_c2d68cc99d8f,har,evaluate,full_run,/workspaces/HIAAC-KR-Dev-Container/Minerva-Exps/benchmarks/experiments/paper_daghar_supervised_3runs_perlr_samples_down_seed_harcnn_125/logs/id_8beba736bea1/final,56fb7b490c,/workspaces/HIAAC-KR-Dev-Container/Minerva-Exps/benchmarks/experiments/paper_daghar_supervised_3runs_perlr_samples_down_seed_harcnn_125/logs/id_8beba736bea1/final/metrics_2025-09-15-12-27-56fb7b490c.yaml,/workspaces/HIAAC-KR-Dev-Container/Minerva-Exps/benchmarks/experiments/paper_daghar_supervised_3runs_perlr_samples_down_seed_harcnn_125/logs/id_8beba736bea1/final/run_2025-09-15-12-27-56fb7b490c.yaml,0.26708075404167175,0.26708075404167175,0.17756180465221405,0.26708075404167175,0.19764012098312378,0.26708075404167175
evaluate_harcnn,id_8a7fe6fec496,id_8a18d63d98ae,completed,1,True,id_74afc850e220,supervised,harcnn,full_finetune_lr5,id_b1f5143574a1,multimodal_df,daghar_standardized_balanced,rw_waist,test,config_0,multimodal_perc_100,id_c2d68cc99d8f,har,evaluate,full_run,/workspaces/HIAAC-KR-Dev-Container/Minerva-Exps/benchmarks/experiments/paper_daghar_supervised_3runs_perlr_samples_down_seed_harcnn_125/logs/id_8a7fe6fec496/final,49e173b97b,/workspaces/HIAAC-KR-Dev-Container/Minerva-Exps/benchmarks/experiments/paper_daghar_supervised_3runs_perlr_samples_down_seed_harcnn_125/logs/id_8a7fe6fec496/final/metrics_2025-09-15-12-27-49e173b97b.yaml,/workspaces/HIAAC-KR-Dev-Container/Minerva-Exps/benchmarks/experiments/paper_daghar_supervised_3runs_perlr_samples_down_seed_harcnn_125/logs/id_8a7fe6fec496/final/run_2025-09-15-12-27-49e173b97b.yaml,0.5551697611808777,0.5551697611808777,0.5059821009635925,0.5551697611808777,0.5210906863212585,0.5551697611808777
evaluate_harcnn,id_8efce8f0d24f,id_2b065685bf09,completed,1,True,id_74afc850e220,supervised,harcnn,full_finetune_lr5,id_5365127f28e8,multimodal_df,daghar_standardized_balanced,kuhar,test,config_0,multimodal_perc_100,id_c2d68cc99d8f,har,evaluate,full_run,/workspaces/HIAAC-KR-Dev-Container/Minerva-Exps/benchmarks/experiments/paper_daghar_supervised_3runs_perlr_samples_down_seed_harcnn_125/logs/id_8efce8f0d24f/final,2176258894,/workspaces/HIAAC-KR-Dev-Container/Minerva-Exps/benchmarks/experiments/paper_daghar_supervised_3runs_perlr_samples_down_seed_harcnn_125/logs/id_8efce8f0d24f/final/metrics_2025-09-15-12-28-2176258894.yaml,/workspaces/HIAAC-KR-Dev-Container/Minerva-Exps/benchmarks/experiments/paper_daghar_supervised_3runs_perlr_samples_down_seed_harcnn_125/logs/id_8efce8f0d24f/final/run_2025-09-15-12-28-2176258894.yaml,0.7013888955116272,0.7013888359069824,0.6404061913490295,0.7013888955116272,0.6256062984466553,0.7013888955116272
evaluate_harcnn,id_8c8efc1e7dcb,id_e824ca74e39a,completed,1,True,id_205d675a6782,supervised,harcnn,full_finetune_lr1,id_f390297e57d1,multimodal_df,daghar_standardized_balanced,rw_thigh,test,config_0,multimodal_perc_100,id_c2d68cc99d8f,har,evaluate,full_run,/workspaces/HIAAC-KR-Dev-Container/Minerva-Exps/benchmarks/experiments/paper_daghar_supervised_3runs_perlr_samples_down_seed_harcnn_125/logs/id_8c8efc1e7dcb/final,13f4500fd1,/workspaces/HIAAC-KR-Dev-Container/Minerva-Exps/benchmarks/experiments/paper_daghar_supervised_3runs_perlr_samples_down_seed_harcnn_125/logs/id_8c8efc1e7dcb/final/metrics_2025-09-15-12-28-13f4500fd1.yaml,/workspaces/HIAAC-KR-Dev-Container/Minerva-Exps/benchmarks/experiments/paper_daghar_supervised_3runs_perlr_samples_down_seed_harcnn_125/logs/id_8c8efc1e7dcb/final/run_2025-09-15-12-28-13f4500fd1.yaml,0.26570048928260803,0.26570048928260803,0.1762954443693161,0.26570048928260803,0.19750958681106567,0.26570048928260803
evaluate_harcnn,id_9057f1c4f6e2,id_cafb886b6c7d,completed,1,True,id_58a400b02098,supervised,harcnn,full_finetune_lr2,id_e7f63cc66b02,multimodal_df,daghar_standardized_balanced,motionsense,test,config_0,multimodal_perc_100,id_c2d68cc99d8f,har,evaluate,full_run,/workspaces/HIAAC-KR-Dev-Container/Minerva-Exps/benchmarks/experiments/paper_daghar_supervised_3runs_perlr_samples_down_seed_harcnn_125/logs/id_9057f1c4f6e2/final,2653df7f5a,/workspaces/HIAAC-KR-Dev-Container/Minerva-Exps/benchmarks/experiments/paper_daghar_supervised_3runs_perlr_samples_down_seed_harcnn_125/logs/id_9057f1c4f6e2/final/metrics_2025-09-15-12-28-2653df7f5a.yaml,/workspaces/HIAAC-KR-Dev-Container/Minerva-Exps/benchmarks/experiments/paper_daghar_supervised_3runs_perlr_samples_down_seed_harcnn_125/logs/id_9057f1c4f6e2/final/run_2025-09-15-12-28-2653df7f5a.yaml,0.4613935947418213,0.4613935947418213,0.333423376083374,0.4613935947418213,0.28825443983078003,0.4613935947418213
evaluate_harcnn,id_906a8d5d6c10,id_7cd7abcb0b37,completed,1,True,id_74afc850e220,supervised,harcnn,full_finetune_lr5,id_14a6ecc69dec,multimodal_df,daghar_standardized_balanced,uci,test,config_0,multimodal_perc_100,id_c2d68cc99d8f,har,evaluate,full_run,/workspaces/HIAAC-KR-Dev-Container/Minerva-Exps/benchmarks/experiments/paper_daghar_supervised_3runs_perlr_samples_down_seed_harcnn_125/logs/id_906a8d5d6c10/final,31abbb61a7,/workspaces/HIAAC-KR-Dev-Container/Minerva-Exps/benchmarks/experiments/paper_daghar_supervised_3runs_perlr_samples_down_seed_harcnn_125/logs/id_906a8d5d6c10/final/metrics_2025-09-15-12-28-31abbb61a7.yaml,/workspaces/HIAAC-KR-Dev-Container/Minerva-Exps/benchmarks/experiments/paper_daghar_supervised_3runs_perlr_samples_down_seed_harcnn_125/logs/id_906a8d5d6c10/final/run_2025-09-15-12-28-31abbb61a7.yaml,0.8086956739425659,0.8086956143379211,0.8045958280563354,0.8086956739425659,0.8159241080284119,0.8086956739425659
evaluate_harcnn,id_8c81e5763de2,id_03a7302b51e1,completed,1,True,id_74afc850e220,supervised,harcnn,full_finetune_lr5,id_f390297e57d1,multimodal_df,daghar_standardized_balanced,rw_thigh,test,config_0,multimodal_perc_100,id_c2d68cc99d8f,har,evaluate,full_run,/workspaces/HIAAC-KR-Dev-Container/Minerva-Exps/benchmarks/experiments/paper_daghar_supervised_3runs_perlr_samples_down_seed_harcnn_125/logs/id_8c81e5763de2/final,13789454ff,/workspaces/HIAAC-KR-Dev-Container/Minerva-Exps/benchmarks/experiments/paper_daghar_supervised_3runs_perlr_samples_down_seed_harcnn_125/logs/id_8c81e5763de2/final/metrics_2025-09-15-12-28-13789454ff.yaml,/workspaces/HIAAC-KR-Dev-Container/Minerva-Exps/benchmarks/experiments/paper_daghar_supervised_3runs_perlr_samples_down_seed_harcnn_125/logs/id_8c81e5763de2/final/run_2025-09-15-12-28-13789454ff.yaml,0.5441684126853943,0.5441684126853943,0.518369734287262,0.5441684126853943,0.5873710513114929,0.5441684126853943
evaluate_harcnn,id_8da61a26a90b,id_815320bc24ef,completed,1,True,id_74afc850e220,supervised,harcnn,full_finetune_lr5,id_b1f5143574a1,multimodal_df,daghar_standardized_balanced,rw_waist,test,config_0,multimodal_perc_100,id_c2d68cc99d8f,har,evaluate,full_run,/workspaces/HIAAC-KR-Dev-Container/Minerva-Exps/benchmarks/experiments/paper_daghar_supervised_3runs_perlr_samples_down_seed_harcnn_125/logs/id_8da61a26a90b/final,21932bc664,/workspaces/HIAAC-KR-Dev-Container/Minerva-Exps/benchmarks/experiments/paper_daghar_supervised_3runs_perlr_samples_down_seed_harcnn_125/logs/id_8da61a26a90b/final/metrics_2025-09-15-12-28-21932bc664.yaml,/workspaces/HIAAC-KR-Dev-Container/Minerva-Exps/benchmarks/experiments/paper_daghar_supervised_3runs_perlr_samples_down_seed_harcnn_125/logs/id_8da61a26a90b/final/run_2025-09-15-12-28-21932bc664.yaml,0.7152777910232544,0.7152777314186096,0.7174909114837646,0.7152777910232544,0.7424231767654419,0.7152777910232544
evaluate_harcnn,id_94a54922b9e9,id_cef8bf15f75f,completed,1,True,id_74afc850e220,supervised,harcnn,full_finetune_lr5,id_14a6ecc69dec,multimodal_df,daghar_standardized_balanced,uci,test,config_0,multimodal_perc_100,id_c2d68cc99d8f,har,evaluate,full_run,/workspaces/HIAAC-KR-Dev-Container/Minerva-Exps/benchmarks/experiments/paper_daghar_supervised_3runs_perlr_samples_down_seed_harcnn_125/logs/id_94a54922b9e9/final,48b1bb6bfd,/workspaces/HIAAC-KR-Dev-Container/Minerva-Exps/benchmarks/experiments/paper_daghar_supervised_3runs_perlr_samples_down_seed_harcnn_125/logs/id_94a54922b9e9/final/metrics_2025-09-15-12-28-48b1bb6bfd.yaml,/workspaces/HIAAC-KR-Dev-Container/Minerva-Exps/benchmarks/experiments/paper_daghar_supervised_3runs_perlr_samples_down_seed_harcnn_125/logs/id_94a54922b9e9/final/run_2025-09-15-12-28-48b1bb6bfd.yaml,0.7971014380455017,0.7971013784408569,0.7903211116790771,0.7971014380455017,0.8058854937553406,0.7971014380455017
evaluate_harcnn,id_9306987258d3,id_451e815a9c37,completed,1,True,id_205d675a6782,supervised,harcnn,full_finetune_lr1,id_b1f5143574a1,multimodal_df,daghar_standardized_balanced,rw_waist,test,config_0,multimodal_perc_100,id_c2d68cc99d8f,har,evaluate,full_run,/workspaces/HIAAC-KR-Dev-Container/Minerva-Exps/benchmarks/experiments/paper_daghar_supervised_3runs_perlr_samples_down_seed_harcnn_125/logs/id_9306987258d3/final,35564f180b,/workspaces/HIAAC-KR-Dev-Container/Minerva-Exps/benchmarks/experiments/paper_daghar_supervised_3runs_perlr_samples_down_seed_harcnn_125/logs/id_9306987258d3/final/metrics_2025-09-15-12-28-35564f180b.yaml,/workspaces/HIAAC-KR-Dev-Container/Minerva-Exps/benchmarks/experiments/paper_daghar_supervised_3runs_perlr_samples_down_seed_harcnn_125/logs/id_9306987258d3/final/run_2025-09-15-12-28-35564f180b.yaml,0.25887346267700195,0.25887346267700195,0.17041735351085663,0.25887346267700195,0.19611866772174835,0.25887346267700195
evaluate_harcnn,id_971dc43eeac0,id_9384c07d2dda,completed,1,True,id_205d675a6782,supervised,harcnn,full_finetune_lr1,id_e7f63cc66b02,multimodal_df,daghar_standardized_balanced,motionsense,test,config_0,multimodal_perc_100,id_c2d68cc99d8f,har,evaluate,full_run,/workspaces/HIAAC-KR-Dev-Container/Minerva-Exps/benchmarks/experiments/paper_daghar_supervised_3runs_perlr_samples_down_seed_harcnn_125/logs/id_971dc43eeac0/final,527e5949f7,/workspaces/HIAAC-KR-Dev-Container/Minerva-Exps/benchmarks/experiments/paper_daghar_supervised_3runs_perlr_samples_down_seed_harcnn_125/logs/id_971dc43eeac0/final/metrics_2025-09-15-12-28-527e5949f7.yaml,/workspaces/HIAAC-KR-Dev-Container/Minerva-Exps/benchmarks/experiments/paper_daghar_supervised_3runs_perlr_samples_down_seed_harcnn_125/logs/id_971dc43eeac0/final/run_2025-09-15-12-28-527e5949f7.yaml,0.30037665367126465,0.30037665367126465,0.20221246778964996,0.30037665367126465,0.1987667828798294,0.30037665367126465
evaluate_harcnn,id_94e8827d4e57,id_77332306a7b8,completed,1,True,id_205d675a6782,supervised,harcnn,full_finetune_lr1,id_f390297e57d1,multimodal_df,daghar_standardized_balanced,rw_thigh,test,config_0,multimodal_perc_100,id_c2d68cc99d8f,har,evaluate,full_run,/workspaces/HIAAC-KR-Dev-Container/Minerva-Exps/benchmarks/experiments/paper_daghar_supervised_3runs_perlr_samples_down_seed_harcnn_125/logs/id_94e8827d4e57/final,50f10965df,/workspaces/HIAAC-KR-Dev-Container/Minerva-Exps/benchmarks/experiments/paper_daghar_supervised_3runs_perlr_samples_down_seed_harcnn_125/logs/id_94e8827d4e57/final/metrics_2025-09-15-12-28-50f10965df.yaml,/workspaces/HIAAC-KR-Dev-Container/Minerva-Exps/benchmarks/experiments/paper_daghar_supervised_3runs_perlr_samples_down_seed_harcnn_125/logs/id_94e8827d4e57/final/run_2025-09-15-12-28-50f10965df.yaml,0.1721877157688141,0.17218773066997528,0.06181108579039574,0.1721877157688141,0.1537371277809143,0.1721877157688141
evaluate_harcnn,id_92f27986beb4,id_5a419cf0be14,completed,1,True,id_74afc850e220,supervised,harcnn,full_finetune_lr5,id_2cb57fb4e55b,multimodal_df,daghar_standardized_balanced,wisdm,test,config_0,multimodal_perc_100,id_c2d68cc99d8f,har,evaluate,full_run,/workspaces/HIAAC-KR-Dev-Container/Minerva-Exps/benchmarks/experiments/paper_daghar_supervised_3runs_perlr_samples_down_seed_harcnn_125/logs/id_92f27986beb4/final,3222ff2465,/workspaces/HIAAC-KR-Dev-Container/Minerva-Exps/benchmarks/experiments/paper_daghar_supervised_3runs_perlr_samples_down_seed_harcnn_125/logs/id_92f27986beb4/final/metrics_2025-09-15-12-28-3222ff2465.yaml,/workspaces/HIAAC-KR-Dev-Container/Minerva-Exps/benchmarks/experiments/paper_daghar_supervised_3runs_perlr_samples_down_seed_harcnn_125/logs/id_92f27986beb4/final/run_2025-09-15-12-28-3222ff2465.yaml,0.6912442445755005,0.6912442445755005,0.6176211833953857,0.6912442445755005,0.5966730117797852,0.6912442445755005
evaluate_harcnn,id_9406dae5fc8f,id_77a68b8363c3,completed,1,True,id_58a400b02098,supervised,harcnn,full_finetune_lr2,id_f390297e57d1,multimodal_df,daghar_standardized_balanced,rw_thigh,test,config_0,multimodal_perc_100,id_c2d68cc99d8f,har,evaluate,full_run,/workspaces/HIAAC-KR-Dev-Container/Minerva-Exps/benchmarks/experiments/paper_daghar_supervised_3runs_perlr_samples_down_seed_harcnn_125/logs/id_9406dae5fc8f/final,38a8b49884,/workspaces/HIAAC-KR-Dev-Container/Minerva-Exps/benchmarks/experiments/paper_daghar_supervised_3runs_perlr_samples_down_seed_harcnn_125/logs/id_9406dae5fc8f/final/metrics_2025-09-15-12-28-38a8b49884.yaml,/workspaces/HIAAC-KR-Dev-Container/Minerva-Exps/benchmarks/experiments/paper_daghar_supervised_3runs_perlr_samples_down_seed_harcnn_125/logs/id_9406dae5fc8f/final/run_2025-09-15-12-28-38a8b49884.yaml,0.593512773513794,0.5935128331184387,0.5559597015380859,0.593512773513794,0.571621298789978,0.5935128331184387
evaluate_harcnn,id_97c92a58a433,id_8845a5624c4f,completed,1,True,id_74afc850e220,supervised,harcnn,full_finetune_lr5,id_14a6ecc69dec,multimodal_df,daghar_standardized_balanced,uci,test,config_0,multimodal_perc_100,id_c2d68cc99d8f,har,evaluate,full_run,/workspaces/HIAAC-KR-Dev-Container/Minerva-Exps/benchmarks/experiments/paper_daghar_supervised_3runs_perlr_samples_down_seed_harcnn_125/logs/id_97c92a58a433/final,08485c897e,/workspaces/HIAAC-KR-Dev-Container/Minerva-Exps/benchmarks/experiments/paper_daghar_supervised_3runs_perlr_samples_down_seed_harcnn_125/logs/id_97c92a58a433/final/metrics_2025-09-15-12-29-08485c897e.yaml,/workspaces/HIAAC-KR-Dev-Container/Minerva-Exps/benchmarks/experiments/paper_daghar_supervised_3runs_perlr_samples_down_seed_harcnn_125/logs/id_97c92a58a433/final/run_2025-09-15-12-29-08485c897e.yaml,0.46086955070495605,0.46086955070495605,0.42661160230636597,0.46086955070495605,0.5011570453643799,0.46086955070495605
evaluate_harcnn,id_9792e7da10ab,id_d883d1f3256a,completed,1,True,id_58a400b02098,supervised,harcnn,full_finetune_lr2,id_2cb57fb4e55b,multimodal_df,daghar_standardized_balanced,wisdm,test,config_0,multimodal_perc_100,id_c2d68cc99d8f,har,evaluate,full_run,/workspaces/HIAAC-KR-Dev-Container/Minerva-Exps/benchmarks/experiments/paper_daghar_supervised_3runs_perlr_samples_down_seed_harcnn_125/logs/id_9792e7da10ab/final,0348522ac6,/workspaces/HIAAC-KR-Dev-Container/Minerva-Exps/benchmarks/experiments/paper_daghar_supervised_3runs_perlr_samples_down_seed_harcnn_125/logs/id_9792e7da10ab/final/metrics_2025-09-15-12-29-0348522ac6.yaml,/workspaces/HIAAC-KR-Dev-Container/Minerva-Exps/benchmarks/experiments/paper_daghar_supervised_3runs_perlr_samples_down_seed_harcnn_125/logs/id_9792e7da10ab/final/run_2025-09-15-12-29-0348522ac6.yaml,0.2753456234931946,0.2753456234931946,0.14488908648490906,0.2753456234931946,0.13184517621994019,0.2753456234931946
evaluate_harcnn,id_9b4d091b39a7,id_8846bb5289ad,completed,1,True,id_74afc850e220,supervised,harcnn,full_finetune_lr5,id_14a6ecc69dec,multimodal_df,daghar_standardized_balanced,uci,test,config_0,multimodal_perc_100,id_c2d68cc99d8f,har,evaluate,full_run,/workspaces/HIAAC-KR-Dev-Container/Minerva-Exps/benchmarks/experiments/paper_daghar_supervised_3runs_perlr_samples_down_seed_harcnn_125/logs/id_9b4d091b39a7/final,225efcd9ec,/workspaces/HIAAC-KR-Dev-Container/Minerva-Exps/benchmarks/experiments/paper_daghar_supervised_3runs_perlr_samples_down_seed_harcnn_125/logs/id_9b4d091b39a7/final/metrics_2025-09-15-12-29-225efcd9ec.yaml,/workspaces/HIAAC-KR-Dev-Container/Minerva-Exps/benchmarks/experiments/paper_daghar_supervised_3runs_perlr_samples_down_seed_harcnn_125/logs/id_9b4d091b39a7/final/run_2025-09-15-12-29-225efcd9ec.yaml,0.5289855003356934,0.5289855003356934,0.4571119546890259,0.5289855003356934,0.4389230012893677,0.5289855599403381
evaluate_harcnn,id_97f9cc36be78,id_1714d5b1c439,completed,1,True,id_58a400b02098,supervised,harcnn,full_finetune_lr2,id_f390297e57d1,multimodal_df,daghar_standardized_balanced,rw_thigh,test,config_0,multimodal_perc_100,id_c2d68cc99d8f,har,evaluate,full_run,/workspaces/HIAAC-KR-Dev-Container/Minerva-Exps/benchmarks/experiments/paper_daghar_supervised_3runs_perlr_samples_down_seed_harcnn_125/logs/id_97f9cc36be78/final,084faf1725,/workspaces/HIAAC-KR-Dev-Container/Minerva-Exps/benchmarks/experiments/paper_daghar_supervised_3runs_perlr_samples_down_seed_harcnn_125/logs/id_97f9cc36be78/final/metrics_2025-09-15-12-29-084faf1725.yaml,/workspaces/HIAAC-KR-Dev-Container/Minerva-Exps/benchmarks/experiments/paper_daghar_supervised_3runs_perlr_samples_down_seed_harcnn_125/logs/id_97f9cc36be78/final/run_2025-09-15-12-29-084faf1725.yaml,0.6853002309799194,0.6853001713752747,0.6398515701293945,0.6853002309799194,0.6527773141860962,0.6853001713752747
evaluate_harcnn,id_975a297b2876,id_19d177870fab,completed,1,True,id_74afc850e220,supervised,harcnn,full_finetune_lr5,id_f390297e57d1,multimodal_df,daghar_standardized_balanced,rw_thigh,test,config_0,multimodal_perc_100,id_c2d68cc99d8f,har,evaluate,full_run,/workspaces/HIAAC-KR-Dev-Container/Minerva-Exps/benchmarks/experiments/paper_daghar_supervised_3runs_perlr_samples_down_seed_harcnn_125/logs/id_975a297b2876/final,0183cd3cde,/workspaces/HIAAC-KR-Dev-Container/Minerva-Exps/benchmarks/experiments/paper_daghar_supervised_3runs_perlr_samples_down_seed_harcnn_125/logs/id_975a297b2876/final/metrics_2025-09-15-12-29-0183cd3cde.yaml,/workspaces/HIAAC-KR-Dev-Container/Minerva-Exps/benchmarks/experiments/paper_daghar_supervised_3runs_perlr_samples_down_seed_harcnn_125/logs/id_975a297b2876/final/run_2025-09-15-12-29-0183cd3cde.yaml,0.5341615080833435,0.5341615080833435,0.5042553544044495,0.5341615080833435,0.5633140802383423,0.5341615080833435
evaluate_harcnn,id_98538730affd,id_d1494d863579,completed,1,True,id_58a400b02098,supervised,harcnn,full_finetune_lr2,id_f390297e57d1,multimodal_df,daghar_standardized_balanced,rw_thigh,test,config_0,multimodal_perc_100,id_c2d68cc99d8f,har,evaluate,full_run,/workspaces/HIAAC-KR-Dev-Container/Minerva-Exps/benchmarks/experiments/paper_daghar_supervised_3runs_perlr_samples_down_seed_harcnn_125/logs/id_98538730affd/final,15636d451a,/workspaces/HIAAC-KR-Dev-Container/Minerva-Exps/benchmarks/experiments/paper_daghar_supervised_3runs_perlr_samples_down_seed_harcnn_125/logs/id_98538730affd/final/metrics_2025-09-15-12-29-15636d451a.yaml,/workspaces/HIAAC-KR-Dev-Container/Minerva-Exps/benchmarks/experiments/paper_daghar_supervised_3runs_perlr_samples_down_seed_harcnn_125/logs/id_98538730affd/final/run_2025-09-15-12-29-15636d451a.yaml,0.43823325634002686,0.43823325634002686,0.3824310004711151,0.43823325634002686,0.3704548478126526,0.43823328614234924
evaluate_harcnn,id_9a67afd27688,id_71afbcf9614c,completed,1,True,id_58a400b02098,supervised,harcnn,full_finetune_lr2,id_2cb57fb4e55b,multimodal_df,daghar_standardized_balanced,wisdm,test,config_0,multimodal_perc_100,id_c2d68cc99d8f,har,evaluate,full_run,/workspaces/HIAAC-KR-Dev-Container/Minerva-Exps/benchmarks/experiments/paper_daghar_supervised_3runs_perlr_samples_down_seed_harcnn_125/logs/id_9a67afd27688/final,205dca52f4,/workspaces/HIAAC-KR-Dev-Container/Minerva-Exps/benchmarks/experiments/paper_daghar_supervised_3runs_perlr_samples_down_seed_harcnn_125/logs/id_9a67afd27688/final/metrics_2025-09-15-12-29-205dca52f4.yaml,/workspaces/HIAAC-KR-Dev-Container/Minerva-Exps/benchmarks/experiments/paper_daghar_supervised_3runs_perlr_samples_down_seed_harcnn_125/logs/id_9a67afd27688/final/run_2025-09-15-12-29-205dca52f4.yaml,0.4020737409591675,0.4020737409591675,0.2793477177619934,0.4020737409591675,0.30825576186180115,0.4020737409591675
evaluate_harcnn,id_9a21084838c4,id_b456b4d81608,completed,1,True,id_58a400b02098,supervised,harcnn,full_finetune_lr2,id_b1f5143574a1,multimodal_df,daghar_standardized_balanced,rw_waist,test,config_0,multimodal_perc_100,id_c2d68cc99d8f,har,evaluate,full_run,/workspaces/HIAAC-KR-Dev-Container/Minerva-Exps/benchmarks/experiments/paper_daghar_supervised_3runs_perlr_samples_down_seed_harcnn_125/logs/id_9a21084838c4/final,20fc2bad8e,/workspaces/HIAAC-KR-Dev-Container/Minerva-Exps/benchmarks/experiments/paper_daghar_supervised_3runs_perlr_samples_down_seed_harcnn_125/logs/id_9a21084838c4/final/metrics_2025-09-15-12-29-20fc2bad8e.yaml,/workspaces/HIAAC-KR-Dev-Container/Minerva-Exps/benchmarks/experiments/paper_daghar_supervised_3runs_perlr_samples_down_seed_harcnn_125/logs/id_9a21084838c4/final/run_2025-09-15-12-29-20fc2bad8e.yaml,0.2326388955116272,0.232638880610466,0.13240307569503784,0.2326388955116272,0.09737604111433029,0.2326388955116272
evaluate_harcnn,id_9e0090883fa7,id_9832e346a687,completed,1,True,id_58a400b02098,supervised,harcnn,full_finetune_lr2,id_5365127f28e8,multimodal_df,daghar_standardized_balanced,kuhar,test,config_0,multimodal_perc_100,id_c2d68cc99d8f,har,evaluate,full_run,/workspaces/HIAAC-KR-Dev-Container/Minerva-Exps/benchmarks/experiments/paper_daghar_supervised_3runs_perlr_samples_down_seed_harcnn_125/logs/id_9e0090883fa7/final,52034c0439,/workspaces/HIAAC-KR-Dev-Container/Minerva-Exps/benchmarks/experiments/paper_daghar_supervised_3runs_perlr_samples_down_seed_harcnn_125/logs/id_9e0090883fa7/final/metrics_2025-09-15-12-29-52034c0439.yaml,/workspaces/HIAAC-KR-Dev-Container/Minerva-Exps/benchmarks/experiments/paper_daghar_supervised_3runs_perlr_samples_down_seed_harcnn_125/logs/id_9e0090883fa7/final/run_2025-09-15-12-29-52034c0439.yaml,0.5069444179534912,0.506944477558136,0.42723071575164795,0.5069444179534912,0.42897680401802063,0.506944477558136
evaluate_harcnn,id_9cceeabf6b77,id_a4f44c7988d3,completed,1,True,id_205d675a6782,supervised,harcnn,full_finetune_lr1,id_b1f5143574a1,multimodal_df,daghar_standardized_balanced,rw_waist,test,config_0,multimodal_perc_100,id_c2d68cc99d8f,har,evaluate,full_run,/workspaces/HIAAC-KR-Dev-Container/Minerva-Exps/benchmarks/experiments/paper_daghar_supervised_3runs_perlr_samples_down_seed_harcnn_125/logs/id_9cceeabf6b77/final,424f82d5d5,/workspaces/HIAAC-KR-Dev-Container/Minerva-Exps/benchmarks/experiments/paper_daghar_supervised_3runs_perlr_samples_down_seed_harcnn_125/logs/id_9cceeabf6b77/final/metrics_2025-09-15-12-29-424f82d5d5.yaml,/workspaces/HIAAC-KR-Dev-Container/Minerva-Exps/benchmarks/experiments/paper_daghar_supervised_3runs_perlr_samples_down_seed_harcnn_125/logs/id_9cceeabf6b77/final/run_2025-09-15-12-29-424f82d5d5.yaml,0.2542438209056854,0.2542438209056854,0.16635943949222565,0.2542438209056854,0.19714930653572083,0.2542438507080078
evaluate_harcnn,id_9e20438361b4,id_41b3298b52f9,completed,1,True,id_58a400b02098,supervised,harcnn,full_finetune_lr2,id_5365127f28e8,multimodal_df,daghar_standardized_balanced,kuhar,test,config_0,multimodal_perc_100,id_c2d68cc99d8f,har,evaluate,full_run,/workspaces/HIAAC-KR-Dev-Container/Minerva-Exps/benchmarks/experiments/paper_daghar_supervised_3runs_perlr_samples_down_seed_harcnn_125/logs/id_9e20438361b4/final,58ea2ee8f6,/workspaces/HIAAC-KR-Dev-Container/Minerva-Exps/benchmarks/experiments/paper_daghar_supervised_3runs_perlr_samples_down_seed_harcnn_125/logs/id_9e20438361b4/final/metrics_2025-09-15-12-29-58ea2ee8f6.yaml,/workspaces/HIAAC-KR-Dev-Container/Minerva-Exps/benchmarks/experiments/paper_daghar_supervised_3runs_perlr_samples_down_seed_harcnn_125/logs/id_9e20438361b4/final/run_2025-09-15-12-29-58ea2ee8f6.yaml,0.5902777910232544,0.5902777910232544,0.4858640432357788,0.5902777910232544,0.4329620599746704,0.5902777910232544
evaluate_harcnn,id_9ca37003858c,id_db7ac2b0513e,completed,1,True,id_74afc850e220,supervised,harcnn,full_finetune_lr5,id_b1f5143574a1,multimodal_df,daghar_standardized_balanced,rw_waist,test,config_0,multimodal_perc_100,id_c2d68cc99d8f,har,evaluate,full_run,/workspaces/HIAAC-KR-Dev-Container/Minerva-Exps/benchmarks/experiments/paper_daghar_supervised_3runs_perlr_samples_down_seed_harcnn_125/logs/id_9ca37003858c/final,317f59f2ca,/workspaces/HIAAC-KR-Dev-Container/Minerva-Exps/benchmarks/experiments/paper_daghar_supervised_3runs_perlr_samples_down_seed_harcnn_125/logs/id_9ca37003858c/final/metrics_2025-09-15-12-29-317f59f2ca.yaml,/workspaces/HIAAC-KR-Dev-Container/Minerva-Exps/benchmarks/experiments/paper_daghar_supervised_3runs_perlr_samples_down_seed_harcnn_125/logs/id_9ca37003858c/final/run_2025-09-15-12-29-317f59f2ca.yaml,0.5335648059844971,0.5335648059844971,0.4807741641998291,0.5335648059844971,0.5019803047180176,0.5335648059844971
evaluate_harcnn,id_9e625e18e5ce,id_1be4c9efe5a0,completed,1,True,id_58a400b02098,supervised,harcnn,full_finetune_lr2,id_14a6ecc69dec,multimodal_df,daghar_standardized_balanced,uci,test,config_0,multimodal_perc_100,id_c2d68cc99d8f,har,evaluate,full_run,/workspaces/HIAAC-KR-Dev-Container/Minerva-Exps/benchmarks/experiments/paper_daghar_supervised_3runs_perlr_samples_down_seed_harcnn_125/logs/id_9e625e18e5ce/final,00c14dc658,/workspaces/HIAAC-KR-Dev-Container/Minerva-Exps/benchmarks/experiments/paper_daghar_supervised_3runs_perlr_samples_down_seed_harcnn_125/logs/id_9e625e18e5ce/final/metrics_2025-09-15-12-30-00c14dc658.yaml,/workspaces/HIAAC-KR-Dev-Container/Minerva-Exps/benchmarks/experiments/paper_daghar_supervised_3runs_perlr_samples_down_seed_harcnn_125/logs/id_9e625e18e5ce/final/run_2025-09-15-12-30-00c14dc658.yaml,0.7434782385826111,0.7434782981872559,0.7101364135742188,0.7434782385826111,0.7531404495239258,0.7434782981872559
evaluate_harcnn,id_9d0866db775e,id_759c90d2674f,completed,1,True,id_58a400b02098,supervised,harcnn,full_finetune_lr2,id_2cb57fb4e55b,multimodal_df,daghar_standardized_balanced,wisdm,test,config_0,multimodal_perc_100,id_c2d68cc99d8f,har,evaluate,full_run,/workspaces/HIAAC-KR-Dev-Container/Minerva-Exps/benchmarks/experiments/paper_daghar_supervised_3runs_perlr_samples_down_seed_harcnn_125/logs/id_9d0866db775e/final,44140aca63,/workspaces/HIAAC-KR-Dev-Container/Minerva-Exps/benchmarks/experiments/paper_daghar_supervised_3runs_perlr_samples_down_seed_harcnn_125/logs/id_9d0866db775e/final/metrics_2025-09-15-12-29-44140aca63.yaml,/workspaces/HIAAC-KR-Dev-Container/Minerva-Exps/benchmarks/experiments/paper_daghar_supervised_3runs_perlr_samples_down_seed_harcnn_125/logs/id_9d0866db775e/final/run_2025-09-15-12-29-44140aca63.yaml,0.37711212038993835,0.37711215019226074,0.24684752523899078,0.37711212038993835,0.19430020451545715,0.37711215019226074
evaluate_harcnn,id_9f4878525140,id_4cff33ca24cd,completed,1,True,id_58a400b02098,supervised,harcnn,full_finetune_lr2,id_5365127f28e8,multimodal_df,daghar_standardized_balanced,kuhar,test,config_0,multimodal_perc_100,id_c2d68cc99d8f,har,evaluate,full_run,/workspaces/HIAAC-KR-Dev-Container/Minerva-Exps/benchmarks/experiments/paper_daghar_supervised_3runs_perlr_samples_down_seed_harcnn_125/logs/id_9f4878525140/final,08ad61bf61,/workspaces/HIAAC-KR-Dev-Container/Minerva-Exps/benchmarks/experiments/paper_daghar_supervised_3runs_perlr_samples_down_seed_harcnn_125/logs/id_9f4878525140/final/metrics_2025-09-15-12-30-08ad61bf61.yaml,/workspaces/HIAAC-KR-Dev-Container/Minerva-Exps/benchmarks/experiments/paper_daghar_supervised_3runs_perlr_samples_down_seed_harcnn_125/logs/id_9f4878525140/final/run_2025-09-15-12-30-08ad61bf61.yaml,0.4652777910232544,0.465277761220932,0.3469446003437042,0.4652777910232544,0.29745548963546753,0.465277761220932
evaluate_harcnn,id_9d21fca0dbcb,id_b1bc5ba14c85,completed,1,True,id_58a400b02098,supervised,harcnn,full_finetune_lr2,id_b1f5143574a1,multimodal_df,daghar_standardized_balanced,rw_waist,test,config_0,multimodal_perc_100,id_c2d68cc99d8f,har,evaluate,full_run,/workspaces/HIAAC-KR-Dev-Container/Minerva-Exps/benchmarks/experiments/paper_daghar_supervised_3runs_perlr_samples_down_seed_harcnn_125/logs/id_9d21fca0dbcb/final,513b368cdd,/workspaces/HIAAC-KR-Dev-Container/Minerva-Exps/benchmarks/experiments/paper_daghar_supervised_3runs_perlr_samples_down_seed_harcnn_125/logs/id_9d21fca0dbcb/final/metrics_2025-09-15-12-29-513b368cdd.yaml,/workspaces/HIAAC-KR-Dev-Container/Minerva-Exps/benchmarks/experiments/paper_daghar_supervised_3runs_perlr_samples_down_seed_harcnn_125/logs/id_9d21fca0dbcb/final/run_2025-09-15-12-29-513b368cdd.yaml,0.7148919701576233,0.7148919701576233,0.7086275219917297,0.7148919701576233,0.7390453815460205,0.7148919701576233
evaluate_harcnn,id_9f4f6eb55597,id_a0de7e9c6ed1,completed,1,True,id_74afc850e220,supervised,harcnn,full_finetune_lr5,id_e7f63cc66b02,multimodal_df,daghar_standardized_balanced,motionsense,test,config_0,multimodal_perc_100,id_c2d68cc99d8f,har,evaluate,full_run,/workspaces/HIAAC-KR-Dev-Container/Minerva-Exps/benchmarks/experiments/paper_daghar_supervised_3runs_perlr_samples_down_seed_harcnn_125/logs/id_9f4f6eb55597/final,09ced18627,/workspaces/HIAAC-KR-Dev-Container/Minerva-Exps/benchmarks/experiments/paper_daghar_supervised_3runs_perlr_samples_down_seed_harcnn_125/logs/id_9f4f6eb55597/final/metrics_2025-09-15-12-30-09ced18627.yaml,/workspaces/HIAAC-KR-Dev-Container/Minerva-Exps/benchmarks/experiments/paper_daghar_supervised_3runs_perlr_samples_down_seed_harcnn_125/logs/id_9f4f6eb55597/final/run_2025-09-15-12-30-09ced18627.yaml,0.5913370847702026,0.5913371443748474,0.5380715131759644,0.5913370847702026,0.593617856502533,0.5913370847702026
evaluate_harcnn,id_a2118ff59f2a,id_648e799b389a,completed,1,True,id_58a400b02098,supervised,harcnn,full_finetune_lr2,id_14a6ecc69dec,multimodal_df,daghar_standardized_balanced,uci,test,config_0,multimodal_perc_100,id_c2d68cc99d8f,har,evaluate,full_run,/workspaces/HIAAC-KR-Dev-Container/Minerva-Exps/benchmarks/experiments/paper_daghar_supervised_3runs_perlr_samples_down_seed_harcnn_125/logs/id_a2118ff59f2a/final,18189cb99e,/workspaces/HIAAC-KR-Dev-Container/Minerva-Exps/benchmarks/experiments/paper_daghar_supervised_3runs_perlr_samples_down_seed_harcnn_125/logs/id_a2118ff59f2a/final/metrics_2025-09-15-12-30-18189cb99e.yaml,/workspaces/HIAAC-KR-Dev-Container/Minerva-Exps/benchmarks/experiments/paper_daghar_supervised_3runs_perlr_samples_down_seed_harcnn_125/logs/id_a2118ff59f2a/final/run_2025-09-15-12-30-18189cb99e.yaml,0.7942029237747192,0.7942029237747192,0.7306063175201416,0.7942029237747192,0.89119952917099,0.7942028641700745
evaluate_harcnn,id_9f44806f7079,id_ae00e516ea10,completed,1,True,id_58a400b02098,supervised,harcnn,full_finetune_lr2,id_2cb57fb4e55b,multimodal_df,daghar_standardized_balanced,wisdm,test,config_0,multimodal_perc_100,id_c2d68cc99d8f,har,evaluate,full_run,/workspaces/HIAAC-KR-Dev-Container/Minerva-Exps/benchmarks/experiments/paper_daghar_supervised_3runs_perlr_samples_down_seed_harcnn_125/logs/id_9f44806f7079/final,001332303e,/workspaces/HIAAC-KR-Dev-Container/Minerva-Exps/benchmarks/experiments/paper_daghar_supervised_3runs_perlr_samples_down_seed_harcnn_125/logs/id_9f44806f7079/final/metrics_2025-09-15-12-30-001332303e.yaml,/workspaces/HIAAC-KR-Dev-Container/Minerva-Exps/benchmarks/experiments/paper_daghar_supervised_3runs_perlr_samples_down_seed_harcnn_125/logs/id_9f44806f7079/final/run_2025-09-15-12-30-001332303e.yaml,0.36251920461654663,0.36251920461654663,0.2482442557811737,0.36251920461654663,0.23483863472938538,0.36251920461654663
evaluate_harcnn,id_a4c6d521fc13,id_3d8dea1567a2,completed,1,True,id_58a400b02098,supervised,harcnn,full_finetune_lr2,id_5365127f28e8,multimodal_df,daghar_standardized_balanced,kuhar,test,config_0,multimodal_perc_100,id_c2d68cc99d8f,har,evaluate,full_run,/workspaces/HIAAC-KR-Dev-Container/Minerva-Exps/benchmarks/experiments/paper_daghar_supervised_3runs_perlr_samples_down_seed_harcnn_125/logs/id_a4c6d521fc13/final,243b1a507f,/workspaces/HIAAC-KR-Dev-Container/Minerva-Exps/benchmarks/experiments/paper_daghar_supervised_3runs_perlr_samples_down_seed_harcnn_125/logs/id_a4c6d521fc13/final/metrics_2025-09-15-12-30-243b1a507f.yaml,/workspaces/HIAAC-KR-Dev-Container/Minerva-Exps/benchmarks/experiments/paper_daghar_supervised_3runs_perlr_samples_down_seed_harcnn_125/logs/id_a4c6d521fc13/final/run_2025-09-15-12-30-243b1a507f.yaml,0.5763888955116272,0.5763888955116272,0.5095680952072144,0.5763888955116272,0.5138944983482361,0.5763888955116272
evaluate_harcnn,id_a3fd14405e9d,id_efdc1aacc093,completed,1,True,id_74afc850e220,supervised,harcnn,full_finetune_lr5,id_e7f63cc66b02,multimodal_df,daghar_standardized_balanced,motionsense,test,config_0,multimodal_perc_100,id_c2d68cc99d8f,har,evaluate,full_run,/workspaces/HIAAC-KR-Dev-Container/Minerva-Exps/benchmarks/experiments/paper_daghar_supervised_3runs_perlr_samples_down_seed_harcnn_125/logs/id_a3fd14405e9d/final,2181b8980b,/workspaces/HIAAC-KR-Dev-Container/Minerva-Exps/benchmarks/experiments/paper_daghar_supervised_3runs_perlr_samples_down_seed_harcnn_125/logs/id_a3fd14405e9d/final/metrics_2025-09-15-12-30-2181b8980b.yaml,/workspaces/HIAAC-KR-Dev-Container/Minerva-Exps/benchmarks/experiments/paper_daghar_supervised_3runs_perlr_samples_down_seed_harcnn_125/logs/id_a3fd14405e9d/final/run_2025-09-15-12-30-2181b8980b.yaml,0.8389830589294434,0.8389830589294434,0.8299650549888611,0.8389830589294434,0.8663290739059448,0.8389830589294434
evaluate_harcnn,id_a0d2df417023,id_948972a5cc6b,completed,1,True,id_205d675a6782,supervised,harcnn,full_finetune_lr1,id_2cb57fb4e55b,multimodal_df,daghar_standardized_balanced,wisdm,test,config_0,multimodal_perc_100,id_c2d68cc99d8f,har,evaluate,full_run,/workspaces/HIAAC-KR-Dev-Container/Minerva-Exps/benchmarks/experiments/paper_daghar_supervised_3runs_perlr_samples_down_seed_harcnn_125/logs/id_a0d2df417023/final,15ec3eea6a,/workspaces/HIAAC-KR-Dev-Container/Minerva-Exps/benchmarks/experiments/paper_daghar_supervised_3runs_perlr_samples_down_seed_harcnn_125/logs/id_a0d2df417023/final/metrics_2025-09-15-12-30-15ec3eea6a.yaml,/workspaces/HIAAC-KR-Dev-Container/Minerva-Exps/benchmarks/experiments/paper_daghar_supervised_3runs_perlr_samples_down_seed_harcnn_125/logs/id_a0d2df417023/final/run_2025-09-15-12-30-15ec3eea6a.yaml,0.4404761791229248,0.4404761791229248,0.3342423439025879,0.4404761791229248,0.3267318308353424,0.4404761791229248
evaluate_harcnn,id_a7e51f632af4,id_fdb71107a7c0,completed,1,True,id_205d675a6782,supervised,harcnn,full_finetune_lr1,id_5365127f28e8,multimodal_df,daghar_standardized_balanced,kuhar,test,config_0,multimodal_perc_100,id_c2d68cc99d8f,har,evaluate,full_run,/workspaces/HIAAC-KR-Dev-Container/Minerva-Exps/benchmarks/experiments/paper_daghar_supervised_3runs_perlr_samples_down_seed_harcnn_125/logs/id_a7e51f632af4/final,400eb533d8,/workspaces/HIAAC-KR-Dev-Container/Minerva-Exps/benchmarks/experiments/paper_daghar_supervised_3runs_perlr_samples_down_seed_harcnn_125/logs/id_a7e51f632af4/final/metrics_2025-09-15-12-30-400eb533d8.yaml,/workspaces/HIAAC-KR-Dev-Container/Minerva-Exps/benchmarks/experiments/paper_daghar_supervised_3runs_perlr_samples_down_seed_harcnn_125/logs/id_a7e51f632af4/final/run_2025-09-15-12-30-400eb533d8.yaml,0.3055555522441864,0.3055555522441864,0.18071183562278748,0.3055555522441864,0.13700918853282928,0.3055555522441864
evaluate_harcnn,id_a802b0cee98f,id_9bf77802c36f,completed,1,True,id_205d675a6782,supervised,harcnn,full_finetune_lr1,id_5365127f28e8,multimodal_df,daghar_standardized_balanced,kuhar,test,config_0,multimodal_perc_100,id_c2d68cc99d8f,har,evaluate,full_run,/workspaces/HIAAC-KR-Dev-Container/Minerva-Exps/benchmarks/experiments/paper_daghar_supervised_3runs_perlr_samples_down_seed_harcnn_125/logs/id_a802b0cee98f/final,4116afda96,/workspaces/HIAAC-KR-Dev-Container/Minerva-Exps/benchmarks/experiments/paper_daghar_supervised_3runs_perlr_samples_down_seed_harcnn_125/logs/id_a802b0cee98f/final/metrics_2025-09-15-12-30-4116afda96.yaml,/workspaces/HIAAC-KR-Dev-Container/Minerva-Exps/benchmarks/experiments/paper_daghar_supervised_3runs_perlr_samples_down_seed_harcnn_125/logs/id_a802b0cee98f/final/run_2025-09-15-12-30-4116afda96.yaml,0.2291666716337204,0.2291666716337204,0.13666969537734985,0.2291666716337204,0.16643883287906647,0.2291666716337204
evaluate_harcnn,id_a595448cc38e,id_384313aca8a9,completed,1,True,id_58a400b02098,supervised,harcnn,full_finetune_lr2,id_b1f5143574a1,multimodal_df,daghar_standardized_balanced,rw_waist,test,config_0,multimodal_perc_100,id_c2d68cc99d8f,har,evaluate,full_run,/workspaces/HIAAC-KR-Dev-Container/Minerva-Exps/benchmarks/experiments/paper_daghar_supervised_3runs_perlr_samples_down_seed_harcnn_125/logs/id_a595448cc38e/final,25e791a5e6,/workspaces/HIAAC-KR-Dev-Container/Minerva-Exps/benchmarks/experiments/paper_daghar_supervised_3runs_perlr_samples_down_seed_harcnn_125/logs/id_a595448cc38e/final/metrics_2025-09-15-12-30-25e791a5e6.yaml,/workspaces/HIAAC-KR-Dev-Container/Minerva-Exps/benchmarks/experiments/paper_daghar_supervised_3runs_perlr_samples_down_seed_harcnn_125/logs/id_a595448cc38e/final/run_2025-09-15-12-30-25e791a5e6.yaml,0.5655864477157593,0.5655863881111145,0.48190176486968994,0.5655864477157593,0.6100817322731018,0.5655863881111145
evaluate_harcnn,id_a9498f877682,id_f3cfffb56540,completed,1,True,id_74afc850e220,supervised,harcnn,full_finetune_lr5,id_e7f63cc66b02,multimodal_df,daghar_standardized_balanced,motionsense,test,config_0,multimodal_perc_100,id_c2d68cc99d8f,har,evaluate,full_run,/workspaces/HIAAC-KR-Dev-Container/Minerva-Exps/benchmarks/experiments/paper_daghar_supervised_3runs_perlr_samples_down_seed_harcnn_125/logs/id_a9498f877682/final,46901ebc2a,/workspaces/HIAAC-KR-Dev-Container/Minerva-Exps/benchmarks/experiments/paper_daghar_supervised_3runs_perlr_samples_down_seed_harcnn_125/logs/id_a9498f877682/final/metrics_2025-09-15-12-30-46901ebc2a.yaml,/workspaces/HIAAC-KR-Dev-Container/Minerva-Exps/benchmarks/experiments/paper_daghar_supervised_3runs_perlr_samples_down_seed_harcnn_125/logs/id_a9498f877682/final/run_2025-09-15-12-30-46901ebc2a.yaml,0.8088512420654297,0.8088512420654297,0.7934314608573914,0.8088512420654297,0.843300461769104,0.8088511824607849
evaluate_harcnn,id_aa2d3c95bc5a,id_6a19cdc462a1,completed,1,True,id_74afc850e220,supervised,harcnn,full_finetune_lr5,id_14a6ecc69dec,multimodal_df,daghar_standardized_balanced,uci,test,config_0,multimodal_perc_100,id_c2d68cc99d8f,har,evaluate,full_run,/workspaces/HIAAC-KR-Dev-Container/Minerva-Exps/benchmarks/experiments/paper_daghar_supervised_3runs_perlr_samples_down_seed_harcnn_125/logs/id_aa2d3c95bc5a/final,5052b8fa6c,/workspaces/HIAAC-KR-Dev-Container/Minerva-Exps/benchmarks/experiments/paper_daghar_supervised_3runs_perlr_samples_down_seed_harcnn_125/logs/id_aa2d3c95bc5a/final/metrics_2025-09-15-12-30-5052b8fa6c.yaml,/workspaces/HIAAC-KR-Dev-Container/Minerva-Exps/benchmarks/experiments/paper_daghar_supervised_3runs_perlr_samples_down_seed_harcnn_125/logs/id_aa2d3c95bc5a/final/run_2025-09-15-12-30-5052b8fa6c.yaml,0.6173912882804871,0.6173912882804871,0.5551525950431824,0.6173912882804871,0.5313758850097656,0.6173912882804871
evaluate_harcnn,id_a7300271dc59,id_04dadfed94b1,completed,1,True,id_205d675a6782,supervised,harcnn,full_finetune_lr1,id_f390297e57d1,multimodal_df,daghar_standardized_balanced,rw_thigh,test,config_0,multimodal_perc_100,id_c2d68cc99d8f,har,evaluate,full_run,/workspaces/HIAAC-KR-Dev-Container/Minerva-Exps/benchmarks/experiments/paper_daghar_supervised_3runs_perlr_samples_down_seed_harcnn_125/logs/id_a7300271dc59/final,3857f76547,/workspaces/HIAAC-KR-Dev-Container/Minerva-Exps/benchmarks/experiments/paper_daghar_supervised_3runs_perlr_samples_down_seed_harcnn_125/logs/id_a7300271dc59/final/metrics_2025-09-15-12-30-3857f76547.yaml,/workspaces/HIAAC-KR-Dev-Container/Minerva-Exps/benchmarks/experiments/paper_daghar_supervised_3runs_perlr_samples_down_seed_harcnn_125/logs/id_a7300271dc59/final/run_2025-09-15-12-30-3857f76547.yaml,0.2688060700893402,0.2688060700893402,0.1781400442123413,0.2688060700893402,0.19490736722946167,0.2688060700893402
evaluate_harcnn,id_a6d422e3773d,id_2fe12a6bf12f,completed,1,True,id_58a400b02098,supervised,harcnn,full_finetune_lr2,id_b1f5143574a1,multimodal_df,daghar_standardized_balanced,rw_waist,test,config_0,multimodal_perc_100,id_c2d68cc99d8f,har,evaluate,full_run,/workspaces/HIAAC-KR-Dev-Container/Minerva-Exps/benchmarks/experiments/paper_daghar_supervised_3runs_perlr_samples_down_seed_harcnn_125/logs/id_a6d422e3773d/final,3578d35d4b,/workspaces/HIAAC-KR-Dev-Container/Minerva-Exps/benchmarks/experiments/paper_daghar_supervised_3runs_perlr_samples_down_seed_harcnn_125/logs/id_a6d422e3773d/final/metrics_2025-09-15-12-30-3578d35d4b.yaml,/workspaces/HIAAC-KR-Dev-Container/Minerva-Exps/benchmarks/experiments/paper_daghar_supervised_3runs_perlr_samples_down_seed_harcnn_125/logs/id_a6d422e3773d/final/run_2025-09-15-12-30-3578d35d4b.yaml,0.1666666716337204,0.1666666716337204,0.04965517297387123,0.1666666716337204,0.029173418879508972,0.1666666716337204
evaluate_harcnn,id_acfbaf7d321d,id_44983dbf4de3,completed,1,True,id_205d675a6782,supervised,harcnn,full_finetune_lr1,id_5365127f28e8,multimodal_df,daghar_standardized_balanced,kuhar,test,config_0,multimodal_perc_100,id_c2d68cc99d8f,har,evaluate,full_run,/workspaces/HIAAC-KR-Dev-Container/Minerva-Exps/benchmarks/experiments/paper_daghar_supervised_3runs_perlr_samples_down_seed_harcnn_125/logs/id_acfbaf7d321d/final,048a32a46e,/workspaces/HIAAC-KR-Dev-Container/Minerva-Exps/benchmarks/experiments/paper_daghar_supervised_3runs_perlr_samples_down_seed_harcnn_125/logs/id_acfbaf7d321d/final/metrics_2025-09-15-12-31-048a32a46e.yaml,/workspaces/HIAAC-KR-Dev-Container/Minerva-Exps/benchmarks/experiments/paper_daghar_supervised_3runs_perlr_samples_down_seed_harcnn_125/logs/id_acfbaf7d321d/final/run_2025-09-15-12-31-048a32a46e.yaml,0.3263888955116272,0.3263888657093048,0.2022080421447754,0.3263888955116272,0.166966512799263,0.3263888955116272
evaluate_harcnn,id_a5bc54ff31c9,id_c20780f09284,completed,1,True,id_74afc850e220,supervised,harcnn,full_finetune_lr5,id_f390297e57d1,multimodal_df,daghar_standardized_balanced,rw_thigh,test,config_0,multimodal_perc_100,id_c2d68cc99d8f,har,evaluate,full_run,/workspaces/HIAAC-KR-Dev-Container/Minerva-Exps/benchmarks/experiments/paper_daghar_supervised_3runs_perlr_samples_down_seed_harcnn_125/logs/id_a5bc54ff31c9/final,3279607b05,/workspaces/HIAAC-KR-Dev-Container/Minerva-Exps/benchmarks/experiments/paper_daghar_supervised_3runs_perlr_samples_down_seed_harcnn_125/logs/id_a5bc54ff31c9/final/metrics_2025-09-15-12-30-3279607b05.yaml,/workspaces/HIAAC-KR-Dev-Container/Minerva-Exps/benchmarks/experiments/paper_daghar_supervised_3runs_perlr_samples_down_seed_harcnn_125/logs/id_a5bc54ff31c9/final/run_2025-09-15-12-30-3279607b05.yaml,0.43823325634002686,0.43823325634002686,0.3678217828273773,0.43823325634002686,0.3635217547416687,0.43823325634002686
evaluate_harcnn,id_aee27d482dc0,id_536df1ae1269,completed,1,True,id_205d675a6782,supervised,harcnn,full_finetune_lr1,id_14a6ecc69dec,multimodal_df,daghar_standardized_balanced,uci,test,config_0,multimodal_perc_100,id_c2d68cc99d8f,har,evaluate,full_run,/workspaces/HIAAC-KR-Dev-Container/Minerva-Exps/benchmarks/experiments/paper_daghar_supervised_3runs_perlr_samples_down_seed_harcnn_125/logs/id_aee27d482dc0/final,113bfb23af,/workspaces/HIAAC-KR-Dev-Container/Minerva-Exps/benchmarks/experiments/paper_daghar_supervised_3runs_perlr_samples_down_seed_harcnn_125/logs/id_aee27d482dc0/final/metrics_2025-09-15-12-31-113bfb23af.yaml,/workspaces/HIAAC-KR-Dev-Container/Minerva-Exps/benchmarks/experiments/paper_daghar_supervised_3runs_perlr_samples_down_seed_harcnn_125/logs/id_aee27d482dc0/final/run_2025-09-15-12-31-113bfb23af.yaml,0.20000000298023224,0.20000000298023224,0.06666667014360428,0.20000000298023224,0.03999999910593033,0.20000000298023224
evaluate_harcnn,id_ac26d6bd02e1,id_78f4b0cb727d,completed,1,True,id_58a400b02098,supervised,harcnn,full_finetune_lr2,id_b1f5143574a1,multimodal_df,daghar_standardized_balanced,rw_waist,test,config_0,multimodal_perc_100,id_c2d68cc99d8f,har,evaluate,full_run,/workspaces/HIAAC-KR-Dev-Container/Minerva-Exps/benchmarks/experiments/paper_daghar_supervised_3runs_perlr_samples_down_seed_harcnn_125/logs/id_ac26d6bd02e1/final,59aeafafa4,/workspaces/HIAAC-KR-Dev-Container/Minerva-Exps/benchmarks/experiments/paper_daghar_supervised_3runs_perlr_samples_down_seed_harcnn_125/logs/id_ac26d6bd02e1/final/metrics_2025-09-15-12-30-59aeafafa4.yaml,/workspaces/HIAAC-KR-Dev-Container/Minerva-Exps/benchmarks/experiments/paper_daghar_supervised_3runs_perlr_samples_down_seed_harcnn_125/logs/id_ac26d6bd02e1/final/run_2025-09-15-12-30-59aeafafa4.yaml,0.6172839403152466,0.6172839999198914,0.5639294385910034,0.6172839403152466,0.5635470151901245,0.6172839403152466
evaluate_harcnn,id_afca29cfc3c6,id_e06b7360907c,completed,1,True,id_58a400b02098,supervised,harcnn,full_finetune_lr2,id_14a6ecc69dec,multimodal_df,daghar_standardized_balanced,uci,test,config_0,multimodal_perc_100,id_c2d68cc99d8f,har,evaluate,full_run,/workspaces/HIAAC-KR-Dev-Container/Minerva-Exps/benchmarks/experiments/paper_daghar_supervised_3runs_perlr_samples_down_seed_harcnn_125/logs/id_afca29cfc3c6/final,21b9309b84,/workspaces/HIAAC-KR-Dev-Container/Minerva-Exps/benchmarks/experiments/paper_daghar_supervised_3runs_perlr_samples_down_seed_harcnn_125/logs/id_afca29cfc3c6/final/metrics_2025-09-15-12-31-21b9309b84.yaml,/workspaces/HIAAC-KR-Dev-Container/Minerva-Exps/benchmarks/experiments/paper_daghar_supervised_3runs_perlr_samples_down_seed_harcnn_125/logs/id_afca29cfc3c6/final/run_2025-09-15-12-31-21b9309b84.yaml,0.6797101497650146,0.6797101497650146,0.6684902906417847,0.6797101497650146,0.6797606348991394,0.6797101497650146
evaluate_harcnn,id_afbd244e906a,id_4d62c95816e9,completed,1,True,id_74afc850e220,supervised,harcnn,full_finetune_lr5,id_e7f63cc66b02,multimodal_df,daghar_standardized_balanced,motionsense,test,config_0,multimodal_perc_100,id_c2d68cc99d8f,har,evaluate,full_run,/workspaces/HIAAC-KR-Dev-Container/Minerva-Exps/benchmarks/experiments/paper_daghar_supervised_3runs_perlr_samples_down_seed_harcnn_125/logs/id_afbd244e906a/final,1678ec8f59,/workspaces/HIAAC-KR-Dev-Container/Minerva-Exps/benchmarks/experiments/paper_daghar_supervised_3runs_perlr_samples_down_seed_harcnn_125/logs/id_afbd244e906a/final/metrics_2025-09-15-12-31-1678ec8f59.yaml,/workspaces/HIAAC-KR-Dev-Container/Minerva-Exps/benchmarks/experiments/paper_daghar_supervised_3runs_perlr_samples_down_seed_harcnn_125/logs/id_afbd244e906a/final/run_2025-09-15-12-31-1678ec8f59.yaml,0.8097928166389465,0.8097928166389465,0.8035319447517395,0.8097928166389465,0.8374662399291992,0.8097928762435913
evaluate_harcnn,id_aaa25c8e7a8d,id_6a902644c28c,completed,1,True,id_74afc850e220,supervised,harcnn,full_finetune_lr5,id_2cb57fb4e55b,multimodal_df,daghar_standardized_balanced,wisdm,test,config_0,multimodal_perc_100,id_c2d68cc99d8f,har,evaluate,full_run,/workspaces/HIAAC-KR-Dev-Container/Minerva-Exps/benchmarks/experiments/paper_daghar_supervised_3runs_perlr_samples_down_seed_harcnn_125/logs/id_aaa25c8e7a8d/final,55ef62bf13,/workspaces/HIAAC-KR-Dev-Container/Minerva-Exps/benchmarks/experiments/paper_daghar_supervised_3runs_perlr_samples_down_seed_harcnn_125/logs/id_aaa25c8e7a8d/final/metrics_2025-09-15-12-30-55ef62bf13.yaml,/workspaces/HIAAC-KR-Dev-Container/Minerva-Exps/benchmarks/experiments/paper_daghar_supervised_3runs_perlr_samples_down_seed_harcnn_125/logs/id_aaa25c8e7a8d/final/run_2025-09-15-12-30-55ef62bf13.yaml,0.6290322542190552,0.6290322542190552,0.5570743083953857,0.6290322542190552,0.5476855039596558,0.6290322542190552
evaluate_harcnn,id_aebaf702dc60,id_9942f3d681aa,completed,1,True,id_58a400b02098,supervised,harcnn,full_finetune_lr2,id_2cb57fb4e55b,multimodal_df,daghar_standardized_balanced,wisdm,test,config_0,multimodal_perc_100,id_c2d68cc99d8f,har,evaluate,full_run,/workspaces/HIAAC-KR-Dev-Container/Minerva-Exps/benchmarks/experiments/paper_daghar_supervised_3runs_perlr_samples_down_seed_harcnn_125/logs/id_aebaf702dc60/final,11f32ebae3,/workspaces/HIAAC-KR-Dev-Container/Minerva-Exps/benchmarks/experiments/paper_daghar_supervised_3runs_perlr_samples_down_seed_harcnn_125/logs/id_aebaf702dc60/final/metrics_2025-09-15-12-31-11f32ebae3.yaml,/workspaces/HIAAC-KR-Dev-Container/Minerva-Exps/benchmarks/experiments/paper_daghar_supervised_3runs_perlr_samples_down_seed_harcnn_125/logs/id_aebaf702dc60/final/run_2025-09-15-12-31-11f32ebae3.yaml,0.7450076937675476,0.7450076937675476,0.6636623740196228,0.7450076937675476,0.6830974221229553,0.7450076341629028
evaluate_harcnn,id_af9f3e4676b2,id_ba447a401230,completed,1,True,id_58a400b02098,supervised,harcnn,full_finetune_lr2,id_2cb57fb4e55b,multimodal_df,daghar_standardized_balanced,wisdm,test,config_0,multimodal_perc_100,id_c2d68cc99d8f,har,evaluate,full_run,/workspaces/HIAAC-KR-Dev-Container/Minerva-Exps/benchmarks/experiments/paper_daghar_supervised_3runs_perlr_samples_down_seed_harcnn_125/logs/id_af9f3e4676b2/final,14cf919d13,/workspaces/HIAAC-KR-Dev-Container/Minerva-Exps/benchmarks/experiments/paper_daghar_supervised_3runs_perlr_samples_down_seed_harcnn_125/logs/id_af9f3e4676b2/final/metrics_2025-09-15-12-31-14cf919d13.yaml,/workspaces/HIAAC-KR-Dev-Container/Minerva-Exps/benchmarks/experiments/paper_daghar_supervised_3runs_perlr_samples_down_seed_harcnn_125/logs/id_af9f3e4676b2/final/run_2025-09-15-12-31-14cf919d13.yaml,0.722734272480011,0.722734272480011,0.6461285352706909,0.722734272480011,0.7130839228630066,0.722734272480011
evaluate_harcnn,id_b23e66b10294,id_db4840aa7fbc,completed,1,True,id_74afc850e220,supervised,harcnn,full_finetune_lr5,id_5365127f28e8,multimodal_df,daghar_standardized_balanced,kuhar,test,config_0,multimodal_perc_100,id_c2d68cc99d8f,har,evaluate,full_run,/workspaces/HIAAC-KR-Dev-Container/Minerva-Exps/benchmarks/experiments/paper_daghar_supervised_3runs_perlr_samples_down_seed_harcnn_125/logs/id_b23e66b10294/final,41a9e4270a,/workspaces/HIAAC-KR-Dev-Container/Minerva-Exps/benchmarks/experiments/paper_daghar_supervised_3runs_perlr_samples_down_seed_harcnn_125/logs/id_b23e66b10294/final/metrics_2025-09-15-12-31-41a9e4270a.yaml,/workspaces/HIAAC-KR-Dev-Container/Minerva-Exps/benchmarks/experiments/paper_daghar_supervised_3runs_perlr_samples_down_seed_harcnn_125/logs/id_b23e66b10294/final/run_2025-09-15-12-31-41a9e4270a.yaml,0.4305555522441864,0.4305555820465088,0.33589035272598267,0.4305555522441864,0.330791711807251,0.4305555820465088
evaluate_harcnn,id_b072031bf805,id_46bbc6d826d6,completed,1,True,id_58a400b02098,supervised,harcnn,full_finetune_lr2,id_2cb57fb4e55b,multimodal_df,daghar_standardized_balanced,wisdm,test,config_0,multimodal_perc_100,id_c2d68cc99d8f,har,evaluate,full_run,/workspaces/HIAAC-KR-Dev-Container/Minerva-Exps/benchmarks/experiments/paper_daghar_supervised_3runs_perlr_samples_down_seed_harcnn_125/logs/id_b072031bf805/final,21d4881fab,/workspaces/HIAAC-KR-Dev-Container/Minerva-Exps/benchmarks/experiments/paper_daghar_supervised_3runs_perlr_samples_down_seed_harcnn_125/logs/id_b072031bf805/final/metrics_2025-09-15-12-31-21d4881fab.yaml,/workspaces/HIAAC-KR-Dev-Container/Minerva-Exps/benchmarks/experiments/paper_daghar_supervised_3runs_perlr_samples_down_seed_harcnn_125/logs/id_b072031bf805/final/run_2025-09-15-12-31-21d4881fab.yaml,0.7480798959732056,0.7480798959732056,0.6784294843673706,0.7480798959732056,0.7583775520324707,0.7480798959732056
evaluate_harcnn,id_b507b541536b,id_ca46362acafd,completed,1,True,id_58a400b02098,supervised,harcnn,full_finetune_lr2,id_14a6ecc69dec,multimodal_df,daghar_standardized_balanced,uci,test,config_0,multimodal_perc_100,id_c2d68cc99d8f,har,evaluate,full_run,/workspaces/HIAAC-KR-Dev-Container/Minerva-Exps/benchmarks/experiments/paper_daghar_supervised_3runs_perlr_samples_down_seed_harcnn_125/logs/id_b507b541536b/final,50faaf8efa,/workspaces/HIAAC-KR-Dev-Container/Minerva-Exps/benchmarks/experiments/paper_daghar_supervised_3runs_perlr_samples_down_seed_harcnn_125/logs/id_b507b541536b/final/metrics_2025-09-15-12-31-50faaf8efa.yaml,/workspaces/HIAAC-KR-Dev-Container/Minerva-Exps/benchmarks/experiments/paper_daghar_supervised_3runs_perlr_samples_down_seed_harcnn_125/logs/id_b507b541536b/final/run_2025-09-15-12-31-50faaf8efa.yaml,0.7927536368370056,0.7927536368370056,0.7261841297149658,0.7927536368370056,0.692452073097229,0.7927536964416504
evaluate_harcnn,id_b563304be4b3,id_cfc43591189a,completed,1,True,id_58a400b02098,supervised,harcnn,full_finetune_lr2,id_5365127f28e8,multimodal_df,daghar_standardized_balanced,kuhar,test,config_0,multimodal_perc_100,id_c2d68cc99d8f,har,evaluate,full_run,/workspaces/HIAAC-KR-Dev-Container/Minerva-Exps/benchmarks/experiments/paper_daghar_supervised_3runs_perlr_samples_down_seed_harcnn_125/logs/id_b563304be4b3/final,578e38fab2,/workspaces/HIAAC-KR-Dev-Container/Minerva-Exps/benchmarks/experiments/paper_daghar_supervised_3runs_perlr_samples_down_seed_harcnn_125/logs/id_b563304be4b3/final/metrics_2025-09-15-12-31-578e38fab2.yaml,/workspaces/HIAAC-KR-Dev-Container/Minerva-Exps/benchmarks/experiments/paper_daghar_supervised_3runs_perlr_samples_down_seed_harcnn_125/logs/id_b563304be4b3/final/run_2025-09-15-12-31-578e38fab2.yaml,0.5347222089767456,0.5347222089767456,0.4309297204017639,0.5347222089767456,0.39139434695243835,0.5347222089767456
evaluate_harcnn,id_b3fa81986801,id_c93ed884a98d,completed,1,True,id_205d675a6782,supervised,harcnn,full_finetune_lr1,id_b1f5143574a1,multimodal_df,daghar_standardized_balanced,rw_waist,test,config_0,multimodal_perc_100,id_c2d68cc99d8f,har,evaluate,full_run,/workspaces/HIAAC-KR-Dev-Container/Minerva-Exps/benchmarks/experiments/paper_daghar_supervised_3runs_perlr_samples_down_seed_harcnn_125/logs/id_b3fa81986801/final,434806ff0f,/workspaces/HIAAC-KR-Dev-Container/Minerva-Exps/benchmarks/experiments/paper_daghar_supervised_3runs_perlr_samples_down_seed_harcnn_125/logs/id_b3fa81986801/final/metrics_2025-09-15-12-31-434806ff0f.yaml,/workspaces/HIAAC-KR-Dev-Container/Minerva-Exps/benchmarks/experiments/paper_daghar_supervised_3runs_perlr_samples_down_seed_harcnn_125/logs/id_b3fa81986801/final/run_2025-09-15-12-31-434806ff0f.yaml,0.24768517911434174,0.24768519401550293,0.1594737023115158,0.24768517911434174,0.19309373199939728,0.24768519401550293
evaluate_harcnn,id_b077910772e3,id_4b40dcdaacbe,completed,1,True,id_74afc850e220,supervised,harcnn,full_finetune_lr5,id_b1f5143574a1,multimodal_df,daghar_standardized_balanced,rw_waist,test,config_0,multimodal_perc_100,id_c2d68cc99d8f,har,evaluate,full_run,/workspaces/HIAAC-KR-Dev-Container/Minerva-Exps/benchmarks/experiments/paper_daghar_supervised_3runs_perlr_samples_down_seed_harcnn_125/logs/id_b077910772e3/final,30edf29140,/workspaces/HIAAC-KR-Dev-Container/Minerva-Exps/benchmarks/experiments/paper_daghar_supervised_3runs_perlr_samples_down_seed_harcnn_125/logs/id_b077910772e3/final/metrics_2025-09-15-12-31-30edf29140.yaml,/workspaces/HIAAC-KR-Dev-Container/Minerva-Exps/benchmarks/experiments/paper_daghar_supervised_3runs_perlr_samples_down_seed_harcnn_125/logs/id_b077910772e3/final/run_2025-09-15-12-31-30edf29140.yaml,0.49459877610206604,0.49459874629974365,0.40061813592910767,0.49459877610206604,0.39055532217025757,0.49459874629974365
evaluate_harcnn,id_b47bdc009f18,id_9ae1ccc32935,completed,1,True,id_205d675a6782,supervised,harcnn,full_finetune_lr1,id_2cb57fb4e55b,multimodal_df,daghar_standardized_balanced,wisdm,test,config_0,multimodal_perc_100,id_c2d68cc99d8f,har,evaluate,full_run,/workspaces/HIAAC-KR-Dev-Container/Minerva-Exps/benchmarks/experiments/paper_daghar_supervised_3runs_perlr_samples_down_seed_harcnn_125/logs/id_b47bdc009f18/final,44c99bf21e,/workspaces/HIAAC-KR-Dev-Container/Minerva-Exps/benchmarks/experiments/paper_daghar_supervised_3runs_perlr_samples_down_seed_harcnn_125/logs/id_b47bdc009f18/final/metrics_2025-09-15-12-31-44c99bf21e.yaml,/workspaces/HIAAC-KR-Dev-Container/Minerva-Exps/benchmarks/experiments/paper_daghar_supervised_3runs_perlr_samples_down_seed_harcnn_125/logs/id_b47bdc009f18/final/run_2025-09-15-12-31-44c99bf21e.yaml,0.44508448243141174,0.44508448243141174,0.337501585483551,0.44508448243141174,0.3271937966346741,0.44508448243141174
evaluate_harcnn,id_b14120f1a64e,id_6c3ecd87f684,completed,1,True,id_74afc850e220,supervised,harcnn,full_finetune_lr5,id_f390297e57d1,multimodal_df,daghar_standardized_balanced,rw_thigh,test,config_0,multimodal_perc_100,id_c2d68cc99d8f,har,evaluate,full_run,/workspaces/HIAAC-KR-Dev-Container/Minerva-Exps/benchmarks/experiments/paper_daghar_supervised_3runs_perlr_samples_down_seed_harcnn_125/logs/id_b14120f1a64e/final,40d707f100,/workspaces/HIAAC-KR-Dev-Container/Minerva-Exps/benchmarks/experiments/paper_daghar_supervised_3runs_perlr_samples_down_seed_harcnn_125/logs/id_b14120f1a64e/final/metrics_2025-09-15-12-31-40d707f100.yaml,/workspaces/HIAAC-KR-Dev-Container/Minerva-Exps/benchmarks/experiments/paper_daghar_supervised_3runs_perlr_samples_down_seed_harcnn_125/logs/id_b14120f1a64e/final/run_2025-09-15-12-31-40d707f100.yaml,0.7080745100975037,0.7080745697021484,0.7103656530380249,0.7080745100975037,0.7253985404968262,0.7080745100975037
evaluate_harcnn,id_b6dd74c00542,id_5cf201450e9b,completed,1,True,id_205d675a6782,supervised,harcnn,full_finetune_lr1,id_5365127f28e8,multimodal_df,daghar_standardized_balanced,kuhar,test,config_0,multimodal_perc_100,id_c2d68cc99d8f,har,evaluate,full_run,/workspaces/HIAAC-KR-Dev-Container/Minerva-Exps/benchmarks/experiments/paper_daghar_supervised_3runs_perlr_samples_down_seed_harcnn_125/logs/id_b6dd74c00542/final,133df3f6b5,/workspaces/HIAAC-KR-Dev-Container/Minerva-Exps/benchmarks/experiments/paper_daghar_supervised_3runs_perlr_samples_down_seed_harcnn_125/logs/id_b6dd74c00542/final/metrics_2025-09-15-12-32-133df3f6b5.yaml,/workspaces/HIAAC-KR-Dev-Container/Minerva-Exps/benchmarks/experiments/paper_daghar_supervised_3runs_perlr_samples_down_seed_harcnn_125/logs/id_b6dd74c00542/final/run_2025-09-15-12-32-133df3f6b5.yaml,0.3125,0.3125,0.20696844160556793,0.3125,0.1918777972459793,0.3125
evaluate_harcnn,id_b5d739d20d75,id_467c7040d8b6,completed,1,True,id_74afc850e220,supervised,harcnn,full_finetune_lr5,id_14a6ecc69dec,multimodal_df,daghar_standardized_balanced,uci,test,config_0,multimodal_perc_100,id_c2d68cc99d8f,har,evaluate,full_run,/workspaces/HIAAC-KR-Dev-Container/Minerva-Exps/benchmarks/experiments/paper_daghar_supervised_3runs_perlr_samples_down_seed_harcnn_125/logs/id_b5d739d20d75/final,11a91e1ffe,/workspaces/HIAAC-KR-Dev-Container/Minerva-Exps/benchmarks/experiments/paper_daghar_supervised_3runs_perlr_samples_down_seed_harcnn_125/logs/id_b5d739d20d75/final/metrics_2025-09-15-12-32-11a91e1ffe.yaml,/workspaces/HIAAC-KR-Dev-Container/Minerva-Exps/benchmarks/experiments/paper_daghar_supervised_3runs_perlr_samples_down_seed_harcnn_125/logs/id_b5d739d20d75/final/run_2025-09-15-12-32-11a91e1ffe.yaml,0.43043479323387146,0.43043479323387146,0.360653817653656,0.43043479323387146,0.32842063903808594,0.4304347634315491
evaluate_harcnn,id_b7655ee56d98,id_c3f702d83b98,completed,1,True,id_58a400b02098,supervised,harcnn,full_finetune_lr2,id_14a6ecc69dec,multimodal_df,daghar_standardized_balanced,uci,test,config_0,multimodal_perc_100,id_c2d68cc99d8f,har,evaluate,full_run,/workspaces/HIAAC-KR-Dev-Container/Minerva-Exps/benchmarks/experiments/paper_daghar_supervised_3runs_perlr_samples_down_seed_harcnn_125/logs/id_b7655ee56d98/final,14c7f4e2f9,/workspaces/HIAAC-KR-Dev-Container/Minerva-Exps/benchmarks/experiments/paper_daghar_supervised_3runs_perlr_samples_down_seed_harcnn_125/logs/id_b7655ee56d98/final/metrics_2025-09-15-12-32-14c7f4e2f9.yaml,/workspaces/HIAAC-KR-Dev-Container/Minerva-Exps/benchmarks/experiments/paper_daghar_supervised_3runs_perlr_samples_down_seed_harcnn_125/logs/id_b7655ee56d98/final/run_2025-09-15-12-32-14c7f4e2f9.yaml,0.7623188495635986,0.7623187899589539,0.6952096223831177,0.7623188495635986,0.6615011096000671,0.7623188495635986
evaluate_harcnn,id_b51216b9642f,id_210e8a2cca9f,completed,1,True,id_74afc850e220,supervised,harcnn,full_finetune_lr5,id_b1f5143574a1,multimodal_df,daghar_standardized_balanced,rw_waist,test,config_0,multimodal_perc_100,id_c2d68cc99d8f,har,evaluate,full_run,/workspaces/HIAAC-KR-Dev-Container/Minerva-Exps/benchmarks/experiments/paper_daghar_supervised_3runs_perlr_samples_down_seed_harcnn_125/logs/id_b51216b9642f/final,539df4ec16,/workspaces/HIAAC-KR-Dev-Container/Minerva-Exps/benchmarks/experiments/paper_daghar_supervised_3runs_perlr_samples_down_seed_harcnn_125/logs/id_b51216b9642f/final/metrics_2025-09-15-12-31-539df4ec16.yaml,/workspaces/HIAAC-KR-Dev-Container/Minerva-Exps/benchmarks/experiments/paper_daghar_supervised_3runs_perlr_samples_down_seed_harcnn_125/logs/id_b51216b9642f/final/run_2025-09-15-12-31-539df4ec16.yaml,0.6122685074806213,0.6122685074806213,0.5909761190414429,0.6122685074806213,0.6681413054466248,0.6122685074806213
evaluate_harcnn,id_b5cb4091e778,id_74635804442b,completed,1,True,id_58a400b02098,supervised,harcnn,full_finetune_lr2,id_f390297e57d1,multimodal_df,daghar_standardized_balanced,rw_thigh,test,config_0,multimodal_perc_100,id_c2d68cc99d8f,har,evaluate,full_run,/workspaces/HIAAC-KR-Dev-Container/Minerva-Exps/benchmarks/experiments/paper_daghar_supervised_3runs_perlr_samples_down_seed_harcnn_125/logs/id_b5cb4091e778/final,593aed905f,/workspaces/HIAAC-KR-Dev-Container/Minerva-Exps/benchmarks/experiments/paper_daghar_supervised_3runs_perlr_samples_down_seed_harcnn_125/logs/id_b5cb4091e778/final/metrics_2025-09-15-12-31-593aed905f.yaml,/workspaces/HIAAC-KR-Dev-Container/Minerva-Exps/benchmarks/experiments/paper_daghar_supervised_3runs_perlr_samples_down_seed_harcnn_125/logs/id_b5cb4091e778/final/run_2025-09-15-12-31-593aed905f.yaml,0.5383023023605347,0.5383022427558899,0.49377721548080444,0.5383023023605347,0.49511972069740295,0.5383023023605347
evaluate_harcnn,id_b87c6ff22a81,id_c5d1d0195006,completed,1,True,id_205d675a6782,supervised,harcnn,full_finetune_lr1,id_b1f5143574a1,multimodal_df,daghar_standardized_balanced,rw_waist,test,config_0,multimodal_perc_100,id_c2d68cc99d8f,har,evaluate,full_run,/workspaces/HIAAC-KR-Dev-Container/Minerva-Exps/benchmarks/experiments/paper_daghar_supervised_3runs_perlr_samples_down_seed_harcnn_125/logs/id_b87c6ff22a81/final,19db1252bd,/workspaces/HIAAC-KR-Dev-Container/Minerva-Exps/benchmarks/experiments/paper_daghar_supervised_3runs_perlr_samples_down_seed_harcnn_125/logs/id_b87c6ff22a81/final/metrics_2025-09-15-12-32-19db1252bd.yaml,/workspaces/HIAAC-KR-Dev-Container/Minerva-Exps/benchmarks/experiments/paper_daghar_supervised_3runs_perlr_samples_down_seed_harcnn_125/logs/id_b87c6ff22a81/final/run_2025-09-15-12-32-19db1252bd.yaml,0.2364969104528427,0.2364969253540039,0.1490737795829773,0.2364969104528427,0.1965298056602478,0.2364969253540039
evaluate_harcnn,id_bd12926b82a7,id_d5e4513a4181,completed,1,True,id_74afc850e220,supervised,harcnn,full_finetune_lr5,id_5365127f28e8,multimodal_df,daghar_standardized_balanced,kuhar,test,config_0,multimodal_perc_100,id_c2d68cc99d8f,har,evaluate,full_run,/workspaces/HIAAC-KR-Dev-Container/Minerva-Exps/benchmarks/experiments/paper_daghar_supervised_3runs_perlr_samples_down_seed_harcnn_125/logs/id_bd12926b82a7/final,416d093242,/workspaces/HIAAC-KR-Dev-Container/Minerva-Exps/benchmarks/experiments/paper_daghar_supervised_3runs_perlr_samples_down_seed_harcnn_125/logs/id_bd12926b82a7/final/metrics_2025-09-15-12-32-416d093242.yaml,/workspaces/HIAAC-KR-Dev-Container/Minerva-Exps/benchmarks/experiments/paper_daghar_supervised_3runs_perlr_samples_down_seed_harcnn_125/logs/id_bd12926b82a7/final/run_2025-09-15-12-32-416d093242.yaml,0.4652777910232544,0.4652777910232544,0.397108256816864,0.4652777910232544,0.37259572744369507,0.465277761220932
evaluate_harcnn,id_bb13f31665c2,id_82a6ad61a434,completed,1,True,id_205d675a6782,supervised,harcnn,full_finetune_lr1,id_e7f63cc66b02,multimodal_df,daghar_standardized_balanced,motionsense,test,config_0,multimodal_perc_100,id_c2d68cc99d8f,har,evaluate,full_run,/workspaces/HIAAC-KR-Dev-Container/Minerva-Exps/benchmarks/experiments/paper_daghar_supervised_3runs_perlr_samples_down_seed_harcnn_125/logs/id_bb13f31665c2/final,36f79cfcfa,/workspaces/HIAAC-KR-Dev-Container/Minerva-Exps/benchmarks/experiments/paper_daghar_supervised_3runs_perlr_samples_down_seed_harcnn_125/logs/id_bb13f31665c2/final/metrics_2025-09-15-12-32-36f79cfcfa.yaml,/workspaces/HIAAC-KR-Dev-Container/Minerva-Exps/benchmarks/experiments/paper_daghar_supervised_3runs_perlr_samples_down_seed_harcnn_125/logs/id_bb13f31665c2/final/run_2025-09-15-12-32-36f79cfcfa.yaml,0.3229755163192749,0.3229755163192749,0.2163589894771576,0.3229755163192749,0.1996275633573532,0.3229755163192749
evaluate_harcnn,id_b8a5efef1e18,id_ec06846435f9,completed,1,True,id_205d675a6782,supervised,harcnn,full_finetune_lr1,id_2cb57fb4e55b,multimodal_df,daghar_standardized_balanced,wisdm,test,config_0,multimodal_perc_100,id_c2d68cc99d8f,har,evaluate,full_run,/workspaces/HIAAC-KR-Dev-Container/Minerva-Exps/benchmarks/experiments/paper_daghar_supervised_3runs_perlr_samples_down_seed_harcnn_125/logs/id_b8a5efef1e18/final,28fdb45ae4,/workspaces/HIAAC-KR-Dev-Container/Minerva-Exps/benchmarks/experiments/paper_daghar_supervised_3runs_perlr_samples_down_seed_harcnn_125/logs/id_b8a5efef1e18/final/metrics_2025-09-15-12-32-28fdb45ae4.yaml,/workspaces/HIAAC-KR-Dev-Container/Minerva-Exps/benchmarks/experiments/paper_daghar_supervised_3runs_perlr_samples_down_seed_harcnn_125/logs/id_b8a5efef1e18/final/run_2025-09-15-12-32-28fdb45ae4.yaml,0.36866360902786255,0.36866360902786255,0.27520811557769775,0.36866360902786255,0.2854072153568268,0.36866360902786255
evaluate_harcnn,id_b7f7ee70c692,id_322ca7fa9577,completed,1,True,id_74afc850e220,supervised,harcnn,full_finetune_lr5,id_b1f5143574a1,multimodal_df,daghar_standardized_balanced,rw_waist,test,config_0,multimodal_perc_100,id_c2d68cc99d8f,har,evaluate,full_run,/workspaces/HIAAC-KR-Dev-Container/Minerva-Exps/benchmarks/experiments/paper_daghar_supervised_3runs_perlr_samples_down_seed_harcnn_125/logs/id_b7f7ee70c692/final,1812271452,/workspaces/HIAAC-KR-Dev-Container/Minerva-Exps/benchmarks/experiments/paper_daghar_supervised_3runs_perlr_samples_down_seed_harcnn_125/logs/id_b7f7ee70c692/final/metrics_2025-09-15-12-32-1812271452.yaml,/workspaces/HIAAC-KR-Dev-Container/Minerva-Exps/benchmarks/experiments/paper_daghar_supervised_3runs_perlr_samples_down_seed_harcnn_125/logs/id_b7f7ee70c692/final/run_2025-09-15-12-32-1812271452.yaml,0.49537035822868347,0.49537038803100586,0.41871047019958496,0.49537035822868347,0.4888022243976593,0.49537038803100586
evaluate_harcnn,id_b9d45feb1231,id_7a23e870bad1,completed,1,True,id_205d675a6782,supervised,harcnn,full_finetune_lr1,id_2cb57fb4e55b,multimodal_df,daghar_standardized_balanced,wisdm,test,config_0,multimodal_perc_100,id_c2d68cc99d8f,har,evaluate,full_run,/workspaces/HIAAC-KR-Dev-Container/Minerva-Exps/benchmarks/experiments/paper_daghar_supervised_3runs_perlr_samples_down_seed_harcnn_125/logs/id_b9d45feb1231/final,29a3d76c79,/workspaces/HIAAC-KR-Dev-Container/Minerva-Exps/benchmarks/experiments/paper_daghar_supervised_3runs_perlr_samples_down_seed_harcnn_125/logs/id_b9d45feb1231/final/metrics_2025-09-15-12-32-29a3d76c79.yaml,/workspaces/HIAAC-KR-Dev-Container/Minerva-Exps/benchmarks/experiments/paper_daghar_supervised_3runs_perlr_samples_down_seed_harcnn_125/logs/id_b9d45feb1231/final/run_2025-09-15-12-32-29a3d76c79.yaml,0.3894009292125702,0.3894009292125702,0.2926212549209595,0.3894009292125702,0.33512210845947266,0.3894009292125702
evaluate_harcnn,id_bbd09d7f843b,id_8b6b3cb64cda,completed,1,True,id_74afc850e220,supervised,harcnn,full_finetune_lr5,id_e7f63cc66b02,multimodal_df,daghar_standardized_balanced,motionsense,test,config_0,multimodal_perc_100,id_c2d68cc99d8f,har,evaluate,full_run,/workspaces/HIAAC-KR-Dev-Container/Minerva-Exps/benchmarks/experiments/paper_daghar_supervised_3runs_perlr_samples_down_seed_harcnn_125/logs/id_bbd09d7f843b/final,351a0a5bb4,/workspaces/HIAAC-KR-Dev-Container/Minerva-Exps/benchmarks/experiments/paper_daghar_supervised_3runs_perlr_samples_down_seed_harcnn_125/logs/id_bbd09d7f843b/final/metrics_2025-09-15-12-32-351a0a5bb4.yaml,/workspaces/HIAAC-KR-Dev-Container/Minerva-Exps/benchmarks/experiments/paper_daghar_supervised_3runs_perlr_samples_down_seed_harcnn_125/logs/id_bbd09d7f843b/final/run_2025-09-15-12-32-351a0a5bb4.yaml,0.5244821310043335,0.5244820713996887,0.4505697786808014,0.5244821310043335,0.4447205066680908,0.5244821310043335
evaluate_harcnn,id_bb7fff52dd82,id_5051da0207b9,completed,1,True,id_58a400b02098,supervised,harcnn,full_finetune_lr2,id_b1f5143574a1,multimodal_df,daghar_standardized_balanced,rw_waist,test,config_0,multimodal_perc_100,id_c2d68cc99d8f,har,evaluate,full_run,/workspaces/HIAAC-KR-Dev-Container/Minerva-Exps/benchmarks/experiments/paper_daghar_supervised_3runs_perlr_samples_down_seed_harcnn_125/logs/id_bb7fff52dd82/final,3550633c39,/workspaces/HIAAC-KR-Dev-Container/Minerva-Exps/benchmarks/experiments/paper_daghar_supervised_3runs_perlr_samples_down_seed_harcnn_125/logs/id_bb7fff52dd82/final/metrics_2025-09-15-12-32-3550633c39.yaml,/workspaces/HIAAC-KR-Dev-Container/Minerva-Exps/benchmarks/experiments/paper_daghar_supervised_3runs_perlr_samples_down_seed_harcnn_125/logs/id_bb7fff52dd82/final/run_2025-09-15-12-32-3550633c39.yaml,0.1666666716337204,0.1666666716337204,0.0476190485060215,0.1666666716337204,0.02777777798473835,0.1666666716337204
evaluate_harcnn,id_be1ecfb36944,id_b2e13fa9fe4f,completed,1,True,id_58a400b02098,supervised,harcnn,full_finetune_lr2,id_5365127f28e8,multimodal_df,daghar_standardized_balanced,kuhar,test,config_0,multimodal_perc_100,id_c2d68cc99d8f,har,evaluate,full_run,/workspaces/HIAAC-KR-Dev-Container/Minerva-Exps/benchmarks/experiments/paper_daghar_supervised_3runs_perlr_samples_down_seed_harcnn_125/logs/id_be1ecfb36944/final,5889ac6b2a,/workspaces/HIAAC-KR-Dev-Container/Minerva-Exps/benchmarks/experiments/paper_daghar_supervised_3runs_perlr_samples_down_seed_harcnn_125/logs/id_be1ecfb36944/final/metrics_2025-09-15-12-32-5889ac6b2a.yaml,/workspaces/HIAAC-KR-Dev-Container/Minerva-Exps/benchmarks/experiments/paper_daghar_supervised_3runs_perlr_samples_down_seed_harcnn_125/logs/id_be1ecfb36944/final/run_2025-09-15-12-32-5889ac6b2a.yaml,0.4861111044883728,0.4861111342906952,0.37406018376350403,0.4861111044883728,0.32399266958236694,0.4861111044883728
evaluate_harcnn,id_c1130710ce84,id_a69a761bd75f,completed,1,True,id_205d675a6782,supervised,harcnn,full_finetune_lr1,id_5365127f28e8,multimodal_df,daghar_standardized_balanced,kuhar,test,config_0,multimodal_perc_100,id_c2d68cc99d8f,har,evaluate,full_run,/workspaces/HIAAC-KR-Dev-Container/Minerva-Exps/benchmarks/experiments/paper_daghar_supervised_3runs_perlr_samples_down_seed_harcnn_125/logs/id_c1130710ce84/final,030a35bf9f,/workspaces/HIAAC-KR-Dev-Container/Minerva-Exps/benchmarks/experiments/paper_daghar_supervised_3runs_perlr_samples_down_seed_harcnn_125/logs/id_c1130710ce84/final/metrics_2025-09-15-12-33-030a35bf9f.yaml,/workspaces/HIAAC-KR-Dev-Container/Minerva-Exps/benchmarks/experiments/paper_daghar_supervised_3runs_perlr_samples_down_seed_harcnn_125/logs/id_c1130710ce84/final/run_2025-09-15-12-33-030a35bf9f.yaml,0.3333333432674408,0.3333333432674408,0.20611916482448578,0.3333333432674408,0.16842105984687805,0.3333333432674408
evaluate_harcnn,id_c06b2fdfdb40,id_f8c23cfedf9b,completed,1,True,id_74afc850e220,supervised,harcnn,full_finetune_lr5,id_e7f63cc66b02,multimodal_df,daghar_standardized_balanced,motionsense,test,config_0,multimodal_perc_100,id_c2d68cc99d8f,har,evaluate,full_run,/workspaces/HIAAC-KR-Dev-Container/Minerva-Exps/benchmarks/experiments/paper_daghar_supervised_3runs_perlr_samples_down_seed_harcnn_125/logs/id_c06b2fdfdb40/final,0291f42eae,/workspaces/HIAAC-KR-Dev-Container/Minerva-Exps/benchmarks/experiments/paper_daghar_supervised_3runs_perlr_samples_down_seed_harcnn_125/logs/id_c06b2fdfdb40/final/metrics_2025-09-15-12-33-0291f42eae.yaml,/workspaces/HIAAC-KR-Dev-Container/Minerva-Exps/benchmarks/experiments/paper_daghar_supervised_3runs_perlr_samples_down_seed_harcnn_125/logs/id_c06b2fdfdb40/final/run_2025-09-15-12-33-0291f42eae.yaml,0.805084764957428,0.805084764957428,0.8039028644561768,0.805084764957428,0.814826488494873,0.805084764957428
evaluate_harcnn,id_c19c30f78a8d,id_f54abe7e4516,completed,1,True,id_205d675a6782,supervised,harcnn,full_finetune_lr1,id_e7f63cc66b02,multimodal_df,daghar_standardized_balanced,motionsense,test,config_0,multimodal_perc_100,id_c2d68cc99d8f,har,evaluate,full_run,/workspaces/HIAAC-KR-Dev-Container/Minerva-Exps/benchmarks/experiments/paper_daghar_supervised_3runs_perlr_samples_down_seed_harcnn_125/logs/id_c19c30f78a8d/final,144f8b827c,/workspaces/HIAAC-KR-Dev-Container/Minerva-Exps/benchmarks/experiments/paper_daghar_supervised_3runs_perlr_samples_down_seed_harcnn_125/logs/id_c19c30f78a8d/final/metrics_2025-09-15-12-33-144f8b827c.yaml,/workspaces/HIAAC-KR-Dev-Container/Minerva-Exps/benchmarks/experiments/paper_daghar_supervised_3runs_perlr_samples_down_seed_harcnn_125/logs/id_c19c30f78a8d/final/run_2025-09-15-12-33-144f8b827c.yaml,0.26836156845092773,0.26836156845092773,0.17848201096057892,0.26836156845092773,0.19758909940719604,0.26836156845092773
evaluate_harcnn,id_bd687af640b5,id_29df8492d011,completed,1,True,id_74afc850e220,supervised,harcnn,full_finetune_lr5,id_f390297e57d1,multimodal_df,daghar_standardized_balanced,rw_thigh,test,config_0,multimodal_perc_100,id_c2d68cc99d8f,har,evaluate,full_run,/workspaces/HIAAC-KR-Dev-Container/Minerva-Exps/benchmarks/experiments/paper_daghar_supervised_3runs_perlr_samples_down_seed_harcnn_125/logs/id_bd687af640b5/final,45a67c1a3c,/workspaces/HIAAC-KR-Dev-Container/Minerva-Exps/benchmarks/experiments/paper_daghar_supervised_3runs_perlr_samples_down_seed_harcnn_125/logs/id_bd687af640b5/final/metrics_2025-09-15-12-32-45a67c1a3c.yaml,/workspaces/HIAAC-KR-Dev-Container/Minerva-Exps/benchmarks/experiments/paper_daghar_supervised_3runs_perlr_samples_down_seed_harcnn_125/logs/id_bd687af640b5/final/run_2025-09-15-12-32-45a67c1a3c.yaml,0.4220151901245117,0.4220151901245117,0.3690090775489807,0.4220151901245117,0.4206084609031677,0.4220151901245117
evaluate_harcnn,id_bfcf207621cf,id_1d1bc007e649,completed,1,True,id_74afc850e220,supervised,harcnn,full_finetune_lr5,id_b1f5143574a1,multimodal_df,daghar_standardized_balanced,rw_waist,test,config_0,multimodal_perc_100,id_c2d68cc99d8f,har,evaluate,full_run,/workspaces/HIAAC-KR-Dev-Container/Minerva-Exps/benchmarks/experiments/paper_daghar_supervised_3runs_perlr_samples_down_seed_harcnn_125/logs/id_bfcf207621cf/final,00ee3caafa,/workspaces/HIAAC-KR-Dev-Container/Minerva-Exps/benchmarks/experiments/paper_daghar_supervised_3runs_perlr_samples_down_seed_harcnn_125/logs/id_bfcf207621cf/final/metrics_2025-09-15-12-33-00ee3caafa.yaml,/workspaces/HIAAC-KR-Dev-Container/Minerva-Exps/benchmarks/experiments/paper_daghar_supervised_3runs_perlr_samples_down_seed_harcnn_125/logs/id_bfcf207621cf/final/run_2025-09-15-12-33-00ee3caafa.yaml,0.7226080298423767,0.7226080298423767,0.7213411331176758,0.7226080298423767,0.7565491795539856,0.7226080298423767
evaluate_harcnn,id_c28b2f0e062d,id_b7f8e5fa2514,completed,1,True,id_74afc850e220,supervised,harcnn,full_finetune_lr5,id_5365127f28e8,multimodal_df,daghar_standardized_balanced,kuhar,test,config_0,multimodal_perc_100,id_c2d68cc99d8f,har,evaluate,full_run,/workspaces/HIAAC-KR-Dev-Container/Minerva-Exps/benchmarks/experiments/paper_daghar_supervised_3runs_perlr_samples_down_seed_harcnn_125/logs/id_c28b2f0e062d/final,2708d5f358,/workspaces/HIAAC-KR-Dev-Container/Minerva-Exps/benchmarks/experiments/paper_daghar_supervised_3runs_perlr_samples_down_seed_harcnn_125/logs/id_c28b2f0e062d/final/metrics_2025-09-15-12-33-2708d5f358.yaml,/workspaces/HIAAC-KR-Dev-Container/Minerva-Exps/benchmarks/experiments/paper_daghar_supervised_3runs_perlr_samples_down_seed_harcnn_125/logs/id_c28b2f0e062d/final/run_2025-09-15-12-33-2708d5f358.yaml,0.7013888955116272,0.7013888359069824,0.6394320130348206,0.7013888955116272,0.6281855702400208,0.701388955116272
evaluate_harcnn,id_bf03274667bf,id_5a91c5b680f4,completed,1,True,id_74afc850e220,supervised,harcnn,full_finetune_lr5,id_b1f5143574a1,multimodal_df,daghar_standardized_balanced,rw_waist,test,config_0,multimodal_perc_100,id_c2d68cc99d8f,har,evaluate,full_run,/workspaces/HIAAC-KR-Dev-Container/Minerva-Exps/benchmarks/experiments/paper_daghar_supervised_3runs_perlr_samples_down_seed_harcnn_125/logs/id_bf03274667bf/final,00c9bd71c6,/workspaces/HIAAC-KR-Dev-Container/Minerva-Exps/benchmarks/experiments/paper_daghar_supervised_3runs_perlr_samples_down_seed_harcnn_125/logs/id_bf03274667bf/final/metrics_2025-09-15-12-33-00c9bd71c6.yaml,/workspaces/HIAAC-KR-Dev-Container/Minerva-Exps/benchmarks/experiments/paper_daghar_supervised_3runs_perlr_samples_down_seed_harcnn_125/logs/id_bf03274667bf/final/run_2025-09-15-12-33-00c9bd71c6.yaml,0.5084876418113708,0.5084876418113708,0.4633108675479889,0.5084876418113708,0.5726671814918518,0.5084877014160156
evaluate_harcnn,id_c0c1aaaf7f34,id_6bdeb63d9593,completed,1,True,id_74afc850e220,supervised,harcnn,full_finetune_lr5,id_2cb57fb4e55b,multimodal_df,daghar_standardized_balanced,wisdm,test,config_0,multimodal_perc_100,id_c2d68cc99d8f,har,evaluate,full_run,/workspaces/HIAAC-KR-Dev-Container/Minerva-Exps/benchmarks/experiments/paper_daghar_supervised_3runs_perlr_samples_down_seed_harcnn_125/logs/id_c0c1aaaf7f34/final,023eb852d5,/workspaces/HIAAC-KR-Dev-Container/Minerva-Exps/benchmarks/experiments/paper_daghar_supervised_3runs_perlr_samples_down_seed_harcnn_125/logs/id_c0c1aaaf7f34/final/metrics_2025-09-15-12-33-023eb852d5.yaml,/workspaces/HIAAC-KR-Dev-Container/Minerva-Exps/benchmarks/experiments/paper_daghar_supervised_3runs_perlr_samples_down_seed_harcnn_125/logs/id_c0c1aaaf7f34/final/run_2025-09-15-12-33-023eb852d5.yaml,0.735023021697998,0.735023021697998,0.6544896960258484,0.735023021697998,0.7187187671661377,0.735023021697998
evaluate_harcnn,id_c1a79a5ea727,id_067203c52d58,completed,1,True,id_205d675a6782,supervised,harcnn,full_finetune_lr1,id_2cb57fb4e55b,multimodal_df,daghar_standardized_balanced,wisdm,test,config_0,multimodal_perc_100,id_c2d68cc99d8f,har,evaluate,full_run,/workspaces/HIAAC-KR-Dev-Container/Minerva-Exps/benchmarks/experiments/paper_daghar_supervised_3runs_perlr_samples_down_seed_harcnn_125/logs/id_c1a79a5ea727/final,154e8005ac,/workspaces/HIAAC-KR-Dev-Container/Minerva-Exps/benchmarks/experiments/paper_daghar_supervised_3runs_perlr_samples_down_seed_harcnn_125/logs/id_c1a79a5ea727/final/metrics_2025-09-15-12-33-154e8005ac.yaml,/workspaces/HIAAC-KR-Dev-Container/Minerva-Exps/benchmarks/experiments/paper_daghar_supervised_3runs_perlr_samples_down_seed_harcnn_125/logs/id_c1a79a5ea727/final/run_2025-09-15-12-33-154e8005ac.yaml,0.43855607509613037,0.43855607509613037,0.3327885866165161,0.43855607509613037,0.3265436291694641,0.43855607509613037
evaluate_harcnn,id_c1ee1a0c6574,id_4ecfd0959d6f,completed,1,True,id_58a400b02098,supervised,harcnn,full_finetune_lr2,id_2cb57fb4e55b,multimodal_df,daghar_standardized_balanced,wisdm,test,config_0,multimodal_perc_100,id_c2d68cc99d8f,har,evaluate,full_run,/workspaces/HIAAC-KR-Dev-Container/Minerva-Exps/benchmarks/experiments/paper_daghar_supervised_3runs_perlr_samples_down_seed_harcnn_125/logs/id_c1ee1a0c6574/final,201d4f8af5,/workspaces/HIAAC-KR-Dev-Container/Minerva-Exps/benchmarks/experiments/paper_daghar_supervised_3runs_perlr_samples_down_seed_harcnn_125/logs/id_c1ee1a0c6574/final/metrics_2025-09-15-12-33-201d4f8af5.yaml,/workspaces/HIAAC-KR-Dev-Container/Minerva-Exps/benchmarks/experiments/paper_daghar_supervised_3runs_perlr_samples_down_seed_harcnn_125/logs/id_c1ee1a0c6574/final/run_2025-09-15-12-33-201d4f8af5.yaml,0.7430875301361084,0.7430875897407532,0.66136234998703,0.7430875301361084,0.7672543525695801,0.7430875301361084
evaluate_harcnn,id_c7da526a392a,id_69027880d6d1,completed,1,True,id_74afc850e220,supervised,harcnn,full_finetune_lr5,id_e7f63cc66b02,multimodal_df,daghar_standardized_balanced,motionsense,test,config_0,multimodal_perc_100,id_c2d68cc99d8f,har,evaluate,full_run,/workspaces/HIAAC-KR-Dev-Container/Minerva-Exps/benchmarks/experiments/paper_daghar_supervised_3runs_perlr_samples_down_seed_harcnn_125/logs/id_c7da526a392a/final,468dd85476,/workspaces/HIAAC-KR-Dev-Container/Minerva-Exps/benchmarks/experiments/paper_daghar_supervised_3runs_perlr_samples_down_seed_harcnn_125/logs/id_c7da526a392a/final/metrics_2025-09-15-12-33-468dd85476.yaml,/workspaces/HIAAC-KR-Dev-Container/Minerva-Exps/benchmarks/experiments/paper_daghar_supervised_3runs_perlr_samples_down_seed_harcnn_125/logs/id_c7da526a392a/final/run_2025-09-15-12-33-468dd85476.yaml,0.7806026339530945,0.7806026339530945,0.7548698782920837,0.7806026339530945,0.8256865739822388,0.7806026339530945
evaluate_harcnn,id_c6afc058c0ce,id_8f7ddc53c50d,completed,1,True,id_58a400b02098,supervised,harcnn,full_finetune_lr2,id_b1f5143574a1,multimodal_df,daghar_standardized_balanced,rw_waist,test,config_0,multimodal_perc_100,id_c2d68cc99d8f,har,evaluate,full_run,/workspaces/HIAAC-KR-Dev-Container/Minerva-Exps/benchmarks/experiments/paper_daghar_supervised_3runs_perlr_samples_down_seed_harcnn_125/logs/id_c6afc058c0ce/final,367ffb4ef0,/workspaces/HIAAC-KR-Dev-Container/Minerva-Exps/benchmarks/experiments/paper_daghar_supervised_3runs_perlr_samples_down_seed_harcnn_125/logs/id_c6afc058c0ce/final/metrics_2025-09-15-12-33-367ffb4ef0.yaml,/workspaces/HIAAC-KR-Dev-Container/Minerva-Exps/benchmarks/experiments/paper_daghar_supervised_3runs_perlr_samples_down_seed_harcnn_125/logs/id_c6afc058c0ce/final/run_2025-09-15-12-33-367ffb4ef0.yaml,0.6431326866149902,0.643132746219635,0.5949926376342773,0.6431326866149902,0.6164159774780273,0.643132746219635
evaluate_harcnn,id_c66cd6341c04,id_99c60ec5726c,completed,1,True,id_58a400b02098,supervised,harcnn,full_finetune_lr2,id_f390297e57d1,multimodal_df,daghar_standardized_balanced,rw_thigh,test,config_0,multimodal_perc_100,id_c2d68cc99d8f,har,evaluate,full_run,/workspaces/HIAAC-KR-Dev-Container/Minerva-Exps/benchmarks/experiments/paper_daghar_supervised_3runs_perlr_samples_down_seed_harcnn_125/logs/id_c66cd6341c04/final,3512937bc9,/workspaces/HIAAC-KR-Dev-Container/Minerva-Exps/benchmarks/experiments/paper_daghar_supervised_3runs_perlr_samples_down_seed_harcnn_125/logs/id_c66cd6341c04/final/metrics_2025-09-15-12-33-3512937bc9.yaml,/workspaces/HIAAC-KR-Dev-Container/Minerva-Exps/benchmarks/experiments/paper_daghar_supervised_3runs_perlr_samples_down_seed_harcnn_125/logs/id_c66cd6341c04/final/run_2025-09-15-12-33-3512937bc9.yaml,0.5431331992149353,0.5431331992149353,0.4752722382545471,0.5431331992149353,0.5466745495796204,0.5431331992149353
evaluate_harcnn,id_c72f1473503d,id_bbaaaa3952ae,completed,1,True,id_58a400b02098,supervised,harcnn,full_finetune_lr2,id_b1f5143574a1,multimodal_df,daghar_standardized_balanced,rw_waist,test,config_0,multimodal_perc_100,id_c2d68cc99d8f,har,evaluate,full_run,/workspaces/HIAAC-KR-Dev-Container/Minerva-Exps/benchmarks/experiments/paper_daghar_supervised_3runs_perlr_samples_down_seed_harcnn_125/logs/id_c72f1473503d/final,4300635ba7,/workspaces/HIAAC-KR-Dev-Container/Minerva-Exps/benchmarks/experiments/paper_daghar_supervised_3runs_perlr_samples_down_seed_harcnn_125/logs/id_c72f1473503d/final/metrics_2025-09-15-12-33-4300635ba7.yaml,/workspaces/HIAAC-KR-Dev-Container/Minerva-Exps/benchmarks/experiments/paper_daghar_supervised_3runs_perlr_samples_down_seed_harcnn_125/logs/id_c72f1473503d/final/run_2025-09-15-12-33-4300635ba7.yaml,0.5987654328346252,0.5987654328346252,0.5549510717391968,0.5987654328346252,0.5738186836242676,0.5987654328346252
evaluate_harcnn,id_c6e85e89406d,id_3fa285ed211e,completed,1,True,id_74afc850e220,supervised,harcnn,full_finetune_lr5,id_2cb57fb4e55b,multimodal_df,daghar_standardized_balanced,wisdm,test,config_0,multimodal_perc_100,id_c2d68cc99d8f,har,evaluate,full_run,/workspaces/HIAAC-KR-Dev-Container/Minerva-Exps/benchmarks/experiments/paper_daghar_supervised_3runs_perlr_samples_down_seed_harcnn_125/logs/id_c6e85e89406d/final,40786740f5,/workspaces/HIAAC-KR-Dev-Container/Minerva-Exps/benchmarks/experiments/paper_daghar_supervised_3runs_perlr_samples_down_seed_harcnn_125/logs/id_c6e85e89406d/final/metrics_2025-09-15-12-33-40786740f5.yaml,/workspaces/HIAAC-KR-Dev-Container/Minerva-Exps/benchmarks/experiments/paper_daghar_supervised_3runs_perlr_samples_down_seed_harcnn_125/logs/id_c6e85e89406d/final/run_2025-09-15-12-33-40786740f5.yaml,0.7910906076431274,0.7910906672477722,0.7908404469490051,0.7910906076431274,0.7916470766067505,0.7910906076431274
evaluate_harcnn,id_c8b61493f9b5,id_4922646fe2d5,completed,1,True,id_58a400b02098,supervised,harcnn,full_finetune_lr2,id_2cb57fb4e55b,multimodal_df,daghar_standardized_balanced,wisdm,test,config_0,multimodal_perc_100,id_c2d68cc99d8f,har,evaluate,full_run,/workspaces/HIAAC-KR-Dev-Container/Minerva-Exps/benchmarks/experiments/paper_daghar_supervised_3runs_perlr_samples_down_seed_harcnn_125/logs/id_c8b61493f9b5/final,50ef9a0a9b,/workspaces/HIAAC-KR-Dev-Container/Minerva-Exps/benchmarks/experiments/paper_daghar_supervised_3runs_perlr_samples_down_seed_harcnn_125/logs/id_c8b61493f9b5/final/metrics_2025-09-15-12-33-50ef9a0a9b.yaml,/workspaces/HIAAC-KR-Dev-Container/Minerva-Exps/benchmarks/experiments/paper_daghar_supervised_3runs_perlr_samples_down_seed_harcnn_125/logs/id_c8b61493f9b5/final/run_2025-09-15-12-33-50ef9a0a9b.yaml,0.7442396283149719,0.7442396283149719,0.6606159806251526,0.7442396283149719,0.618301272392273,0.7442396283149719
evaluate_harcnn,id_c7aa4e111f8a,id_fe32beeb5376,completed,1,True,id_74afc850e220,supervised,harcnn,full_finetune_lr5,id_f390297e57d1,multimodal_df,daghar_standardized_balanced,rw_thigh,test,config_0,multimodal_perc_100,id_c2d68cc99d8f,har,evaluate,full_run,/workspaces/HIAAC-KR-Dev-Container/Minerva-Exps/benchmarks/experiments/paper_daghar_supervised_3runs_perlr_samples_down_seed_harcnn_125/logs/id_c7aa4e111f8a/final,444ec88067,/workspaces/HIAAC-KR-Dev-Container/Minerva-Exps/benchmarks/experiments/paper_daghar_supervised_3runs_perlr_samples_down_seed_harcnn_125/logs/id_c7aa4e111f8a/final/metrics_2025-09-15-12-33-444ec88067.yaml,/workspaces/HIAAC-KR-Dev-Container/Minerva-Exps/benchmarks/experiments/paper_daghar_supervised_3runs_perlr_samples_down_seed_harcnn_125/logs/id_c7aa4e111f8a/final/run_2025-09-15-12-33-444ec88067.yaml,0.5897170305252075,0.5897170305252075,0.5725855827331543,0.5897170305252075,0.6282851696014404,0.5897170305252075
evaluate_harcnn,id_c8c3119a1129,id_46af465a5cf2,completed,1,True,id_58a400b02098,supervised,harcnn,full_finetune_lr2,id_2cb57fb4e55b,multimodal_df,daghar_standardized_balanced,wisdm,test,config_0,multimodal_perc_100,id_c2d68cc99d8f,har,evaluate,full_run,/workspaces/HIAAC-KR-Dev-Container/Minerva-Exps/benchmarks/experiments/paper_daghar_supervised_3runs_perlr_samples_down_seed_harcnn_125/logs/id_c8c3119a1129/final,59098d1c2d,/workspaces/HIAAC-KR-Dev-Container/Minerva-Exps/benchmarks/experiments/paper_daghar_supervised_3runs_perlr_samples_down_seed_harcnn_125/logs/id_c8c3119a1129/final/metrics_2025-09-15-12-33-59098d1c2d.yaml,/workspaces/HIAAC-KR-Dev-Container/Minerva-Exps/benchmarks/experiments/paper_daghar_supervised_3runs_perlr_samples_down_seed_harcnn_125/logs/id_c8c3119a1129/final/run_2025-09-15-12-33-59098d1c2d.yaml,0.7112135291099548,0.7112134695053101,0.6373440027236938,0.7112135291099548,0.6113587617874146,0.7112135291099548
evaluate_harcnn,id_cec3c31c2fb6,id_23c969215844,completed,1,True,id_74afc850e220,supervised,harcnn,full_finetune_lr5,id_5365127f28e8,multimodal_df,daghar_standardized_balanced,kuhar,test,config_0,multimodal_perc_100,id_c2d68cc99d8f,har,evaluate,full_run,/workspaces/HIAAC-KR-Dev-Container/Minerva-Exps/benchmarks/experiments/paper_daghar_supervised_3runs_perlr_samples_down_seed_harcnn_125/logs/id_cec3c31c2fb6/final,22ede63d74,/workspaces/HIAAC-KR-Dev-Container/Minerva-Exps/benchmarks/experiments/paper_daghar_supervised_3runs_perlr_samples_down_seed_harcnn_125/logs/id_cec3c31c2fb6/final/metrics_2025-09-15-12-34-22ede63d74.yaml,/workspaces/HIAAC-KR-Dev-Container/Minerva-Exps/benchmarks/experiments/paper_daghar_supervised_3runs_perlr_samples_down_seed_harcnn_125/logs/id_cec3c31c2fb6/final/run_2025-09-15-12-34-22ede63d74.yaml,0.6388888955116272,0.6388888955116272,0.5567833781242371,0.6388888955116272,0.587221622467041,0.638888955116272
evaluate_harcnn,id_ce364f41d9cb,id_bf9db061940d,completed,1,True,id_58a400b02098,supervised,harcnn,full_finetune_lr2,id_e7f63cc66b02,multimodal_df,daghar_standardized_balanced,motionsense,test,config_0,multimodal_perc_100,id_c2d68cc99d8f,har,evaluate,full_run,/workspaces/HIAAC-KR-Dev-Container/Minerva-Exps/benchmarks/experiments/paper_daghar_supervised_3runs_perlr_samples_down_seed_harcnn_125/logs/id_ce364f41d9cb/final,1540992e2d,/workspaces/HIAAC-KR-Dev-Container/Minerva-Exps/benchmarks/experiments/paper_daghar_supervised_3runs_perlr_samples_down_seed_harcnn_125/logs/id_ce364f41d9cb/final/metrics_2025-09-15-12-34-1540992e2d.yaml,/workspaces/HIAAC-KR-Dev-Container/Minerva-Exps/benchmarks/experiments/paper_daghar_supervised_3runs_perlr_samples_down_seed_harcnn_125/logs/id_ce364f41d9cb/final/run_2025-09-15-12-34-1540992e2d.yaml,0.5753295421600342,0.575329601764679,0.5115659236907959,0.5753295421600342,0.49495232105255127,0.5753295421600342
evaluate_harcnn,id_cfb74a85de83,id_c7501fdefd0f,completed,1,True,id_74afc850e220,supervised,harcnn,full_finetune_lr5,id_5365127f28e8,multimodal_df,daghar_standardized_balanced,kuhar,test,config_0,multimodal_perc_100,id_c2d68cc99d8f,har,evaluate,full_run,/workspaces/HIAAC-KR-Dev-Container/Minerva-Exps/benchmarks/experiments/paper_daghar_supervised_3runs_perlr_samples_down_seed_harcnn_125/logs/id_cfb74a85de83/final,246fc1682e,/workspaces/HIAAC-KR-Dev-Container/Minerva-Exps/benchmarks/experiments/paper_daghar_supervised_3runs_perlr_samples_down_seed_harcnn_125/logs/id_cfb74a85de83/final/metrics_2025-09-15-12-34-246fc1682e.yaml,/workspaces/HIAAC-KR-Dev-Container/Minerva-Exps/benchmarks/experiments/paper_daghar_supervised_3runs_perlr_samples_down_seed_harcnn_125/logs/id_cfb74a85de83/final/run_2025-09-15-12-34-246fc1682e.yaml,0.5902777910232544,0.5902777910232544,0.509213924407959,0.5902777910232544,0.5085710883140564,0.5902777910232544
evaluate_harcnn,id_cb6eb0ac2cc6,id_19b1e6f51bb9,completed,1,True,id_205d675a6782,supervised,harcnn,full_finetune_lr1,id_2cb57fb4e55b,multimodal_df,daghar_standardized_balanced,wisdm,test,config_0,multimodal_perc_100,id_c2d68cc99d8f,har,evaluate,full_run,/workspaces/HIAAC-KR-Dev-Container/Minerva-Exps/benchmarks/experiments/paper_daghar_supervised_3runs_perlr_samples_down_seed_harcnn_125/logs/id_cb6eb0ac2cc6/final,11c4c039f5,/workspaces/HIAAC-KR-Dev-Container/Minerva-Exps/benchmarks/experiments/paper_daghar_supervised_3runs_perlr_samples_down_seed_harcnn_125/logs/id_cb6eb0ac2cc6/final/metrics_2025-09-15-12-34-11c4c039f5.yaml,/workspaces/HIAAC-KR-Dev-Container/Minerva-Exps/benchmarks/experiments/paper_daghar_supervised_3runs_perlr_samples_down_seed_harcnn_125/logs/id_cb6eb0ac2cc6/final/run_2025-09-15-12-34-11c4c039f5.yaml,0.25,0.25,0.10000000149011612,0.25,0.0625,0.25
evaluate_harcnn,id_d0ad21be461b,id_98320c27444b,completed,1,True,id_74afc850e220,supervised,harcnn,full_finetune_lr5,id_5365127f28e8,multimodal_df,daghar_standardized_balanced,kuhar,test,config_0,multimodal_perc_100,id_c2d68cc99d8f,har,evaluate,full_run,/workspaces/HIAAC-KR-Dev-Container/Minerva-Exps/benchmarks/experiments/paper_daghar_supervised_3runs_perlr_samples_down_seed_harcnn_125/logs/id_d0ad21be461b/final,29da5a825f,/workspaces/HIAAC-KR-Dev-Container/Minerva-Exps/benchmarks/experiments/paper_daghar_supervised_3runs_perlr_samples_down_seed_harcnn_125/logs/id_d0ad21be461b/final/metrics_2025-09-15-12-34-29da5a825f.yaml,/workspaces/HIAAC-KR-Dev-Container/Minerva-Exps/benchmarks/experiments/paper_daghar_supervised_3runs_perlr_samples_down_seed_harcnn_125/logs/id_d0ad21be461b/final/run_2025-09-15-12-34-29da5a825f.yaml,0.625,0.625,0.5648656487464905,0.625,0.5514881014823914,0.625
evaluate_harcnn,id_ce752ea8786c,id_cf072183f66a,completed,1,True,id_74afc850e220,supervised,harcnn,full_finetune_lr5,id_b1f5143574a1,multimodal_df,daghar_standardized_balanced,rw_waist,test,config_0,multimodal_perc_100,id_c2d68cc99d8f,har,evaluate,full_run,/workspaces/HIAAC-KR-Dev-Container/Minerva-Exps/benchmarks/experiments/paper_daghar_supervised_3runs_perlr_samples_down_seed_harcnn_125/logs/id_ce752ea8786c/final,1919078429,/workspaces/HIAAC-KR-Dev-Container/Minerva-Exps/benchmarks/experiments/paper_daghar_supervised_3runs_perlr_samples_down_seed_harcnn_125/logs/id_ce752ea8786c/final/metrics_2025-09-15-12-34-1919078429.yaml,/workspaces/HIAAC-KR-Dev-Container/Minerva-Exps/benchmarks/experiments/paper_daghar_supervised_3runs_perlr_samples_down_seed_harcnn_125/logs/id_ce752ea8786c/final/run_2025-09-15-12-34-1919078429.yaml,0.7102623581886292,0.7102623581886292,0.71147620677948,0.7102623581886292,0.7383698225021362,0.7102622985839844
evaluate_harcnn,id_d15dc7433872,id_1e5cecd06fed,completed,1,True,id_205d675a6782,supervised,harcnn,full_finetune_lr1,id_b1f5143574a1,multimodal_df,daghar_standardized_balanced,rw_waist,test,config_0,multimodal_perc_100,id_c2d68cc99d8f,har,evaluate,full_run,/workspaces/HIAAC-KR-Dev-Container/Minerva-Exps/benchmarks/experiments/paper_daghar_supervised_3runs_perlr_samples_down_seed_harcnn_125/logs/id_d15dc7433872/final,376f6da591,/workspaces/HIAAC-KR-Dev-Container/Minerva-Exps/benchmarks/experiments/paper_daghar_supervised_3runs_perlr_samples_down_seed_harcnn_125/logs/id_d15dc7433872/final/metrics_2025-09-15-12-34-376f6da591.yaml,/workspaces/HIAAC-KR-Dev-Container/Minerva-Exps/benchmarks/experiments/paper_daghar_supervised_3runs_perlr_samples_down_seed_harcnn_125/logs/id_d15dc7433872/final/run_2025-09-15-12-34-376f6da591.yaml,0.28356480598449707,0.28356480598449707,0.19052532315254211,0.28356480598449707,0.3637329339981079,0.28356483578681946
evaluate_harcnn,id_d65aafae344c,id_88d75ae21adc,completed,1,True,id_58a400b02098,supervised,harcnn,full_finetune_lr2,id_14a6ecc69dec,multimodal_df,daghar_standardized_balanced,uci,test,config_0,multimodal_perc_100,id_c2d68cc99d8f,har,evaluate,full_run,/workspaces/HIAAC-KR-Dev-Container/Minerva-Exps/benchmarks/experiments/paper_daghar_supervised_3runs_perlr_samples_down_seed_harcnn_125/logs/id_d65aafae344c/final,4518af1a17,/workspaces/HIAAC-KR-Dev-Container/Minerva-Exps/benchmarks/experiments/paper_daghar_supervised_3runs_perlr_samples_down_seed_harcnn_125/logs/id_d65aafae344c/final/metrics_2025-09-15-12-34-4518af1a17.yaml,/workspaces/HIAAC-KR-Dev-Container/Minerva-Exps/benchmarks/experiments/paper_daghar_supervised_3runs_perlr_samples_down_seed_harcnn_125/logs/id_d65aafae344c/final/run_2025-09-15-12-34-4518af1a17.yaml,0.30000001192092896,0.30000001192092896,0.2121189534664154,0.30000001192092896,0.2649655044078827,0.30000001192092896
evaluate_harcnn,id_d6547f61f3e8,id_629e7cf20a76,completed,1,True,id_74afc850e220,supervised,harcnn,full_finetune_lr5,id_e7f63cc66b02,multimodal_df,daghar_standardized_balanced,motionsense,test,config_0,multimodal_perc_100,id_c2d68cc99d8f,har,evaluate,full_run,/workspaces/HIAAC-KR-Dev-Container/Minerva-Exps/benchmarks/experiments/paper_daghar_supervised_3runs_perlr_samples_down_seed_harcnn_125/logs/id_d6547f61f3e8/final,425d86ce70,/workspaces/HIAAC-KR-Dev-Container/Minerva-Exps/benchmarks/experiments/paper_daghar_supervised_3runs_perlr_samples_down_seed_harcnn_125/logs/id_d6547f61f3e8/final/metrics_2025-09-15-12-34-425d86ce70.yaml,/workspaces/HIAAC-KR-Dev-Container/Minerva-Exps/benchmarks/experiments/paper_daghar_supervised_3runs_perlr_samples_down_seed_harcnn_125/logs/id_d6547f61f3e8/final/run_2025-09-15-12-34-425d86ce70.yaml,0.8135592937469482,0.8135592937469482,0.8085644245147705,0.8135592937469482,0.8270791172981262,0.8135592937469482
evaluate_harcnn,id_d102a03d38d7,id_3e78dd5b13d7,completed,1,True,id_58a400b02098,supervised,harcnn,full_finetune_lr2,id_f390297e57d1,multimodal_df,daghar_standardized_balanced,rw_thigh,test,config_0,multimodal_perc_100,id_c2d68cc99d8f,har,evaluate,full_run,/workspaces/HIAAC-KR-Dev-Container/Minerva-Exps/benchmarks/experiments/paper_daghar_supervised_3runs_perlr_samples_down_seed_harcnn_125/logs/id_d102a03d38d7/final,30d0234f76,/workspaces/HIAAC-KR-Dev-Container/Minerva-Exps/benchmarks/experiments/paper_daghar_supervised_3runs_perlr_samples_down_seed_harcnn_125/logs/id_d102a03d38d7/final/metrics_2025-09-15-12-34-30d0234f76.yaml,/workspaces/HIAAC-KR-Dev-Container/Minerva-Exps/benchmarks/experiments/paper_daghar_supervised_3runs_perlr_samples_down_seed_harcnn_125/logs/id_d102a03d38d7/final/run_2025-09-15-12-34-30d0234f76.yaml,0.7035886645317078,0.7035886645317078,0.6602561473846436,0.7035886645317078,0.6684969067573547,0.7035887241363525
evaluate_harcnn,id_d20e5f8e58d4,id_2f3692ae725d,completed,1,True,id_58a400b02098,supervised,harcnn,full_finetune_lr2,id_2cb57fb4e55b,multimodal_df,daghar_standardized_balanced,wisdm,test,config_0,multimodal_perc_100,id_c2d68cc99d8f,har,evaluate,full_run,/workspaces/HIAAC-KR-Dev-Container/Minerva-Exps/benchmarks/experiments/paper_daghar_supervised_3runs_perlr_samples_down_seed_harcnn_125/logs/id_d20e5f8e58d4/final,39deb95be9,/workspaces/HIAAC-KR-Dev-Container/Minerva-Exps/benchmarks/experiments/paper_daghar_supervised_3runs_perlr_samples_down_seed_harcnn_125/logs/id_d20e5f8e58d4/final/metrics_2025-09-15-12-34-39deb95be9.yaml,/workspaces/HIAAC-KR-Dev-Container/Minerva-Exps/benchmarks/experiments/paper_daghar_supervised_3runs_perlr_samples_down_seed_harcnn_125/logs/id_d20e5f8e58d4/final/run_2025-09-15-12-34-39deb95be9.yaml,0.33448541164398193,0.33448541164398193,0.21115010976791382,0.33448541164398193,0.17573758959770203,0.33448541164398193
evaluate_harcnn,id_d209bb3b5412,id_a83b734ebabb,completed,1,True,id_58a400b02098,supervised,harcnn,full_finetune_lr2,id_f390297e57d1,multimodal_df,daghar_standardized_balanced,rw_thigh,test,config_0,multimodal_perc_100,id_c2d68cc99d8f,har,evaluate,full_run,/workspaces/HIAAC-KR-Dev-Container/Minerva-Exps/benchmarks/experiments/paper_daghar_supervised_3runs_perlr_samples_down_seed_harcnn_125/logs/id_d209bb3b5412/final,38d8e950f6,/workspaces/HIAAC-KR-Dev-Container/Minerva-Exps/benchmarks/experiments/paper_daghar_supervised_3runs_perlr_samples_down_seed_harcnn_125/logs/id_d209bb3b5412/final/metrics_2025-09-15-12-34-38d8e950f6.yaml,/workspaces/HIAAC-KR-Dev-Container/Minerva-Exps/benchmarks/experiments/paper_daghar_supervised_3runs_perlr_samples_down_seed_harcnn_125/logs/id_d209bb3b5412/final/run_2025-09-15-12-34-38d8e950f6.yaml,0.5106970071792603,0.510697066783905,0.44227904081344604,0.5106970071792603,0.45787397027015686,0.510697066783905
evaluate_harcnn,id_d784028e5cd1,id_6b64a594fce7,completed,1,True,id_74afc850e220,supervised,harcnn,full_finetune_lr5,id_5365127f28e8,multimodal_df,daghar_standardized_balanced,kuhar,test,config_0,multimodal_perc_100,id_c2d68cc99d8f,har,evaluate,full_run,/workspaces/HIAAC-KR-Dev-Container/Minerva-Exps/benchmarks/experiments/paper_daghar_supervised_3runs_perlr_samples_down_seed_harcnn_125/logs/id_d784028e5cd1/final,045836880d,/workspaces/HIAAC-KR-Dev-Container/Minerva-Exps/benchmarks/experiments/paper_daghar_supervised_3runs_perlr_samples_down_seed_harcnn_125/logs/id_d784028e5cd1/final/metrics_2025-09-15-12-35-045836880d.yaml,/workspaces/HIAAC-KR-Dev-Container/Minerva-Exps/benchmarks/experiments/paper_daghar_supervised_3runs_perlr_samples_down_seed_harcnn_125/logs/id_d784028e5cd1/final/run_2025-09-15-12-35-045836880d.yaml,0.6458333134651184,0.6458333134651184,0.5561621785163879,0.6458333134651184,0.5849206447601318,0.6458333730697632
evaluate_harcnn,id_d33064524227,id_51a7262f4a0e,completed,1,True,id_58a400b02098,supervised,harcnn,full_finetune_lr2,id_b1f5143574a1,multimodal_df,daghar_standardized_balanced,rw_waist,test,config_0,multimodal_perc_100,id_c2d68cc99d8f,har,evaluate,full_run,/workspaces/HIAAC-KR-Dev-Container/Minerva-Exps/benchmarks/experiments/paper_daghar_supervised_3runs_perlr_samples_down_seed_harcnn_125/logs/id_d33064524227/final,41de0110cf,/workspaces/HIAAC-KR-Dev-Container/Minerva-Exps/benchmarks/experiments/paper_daghar_supervised_3runs_perlr_samples_down_seed_harcnn_125/logs/id_d33064524227/final/metrics_2025-09-15-12-34-41de0110cf.yaml,/workspaces/HIAAC-KR-Dev-Container/Minerva-Exps/benchmarks/experiments/paper_daghar_supervised_3runs_perlr_samples_down_seed_harcnn_125/logs/id_d33064524227/final/run_2025-09-15-12-34-41de0110cf.yaml,0.3020833432674408,0.3020833432674408,0.20760522782802582,0.3020833432674408,0.3366016745567322,0.3020833134651184
evaluate_harcnn,id_d6c67a30a380,id_f49c22688a20,completed,1,True,id_205d675a6782,supervised,harcnn,full_finetune_lr1,id_2cb57fb4e55b,multimodal_df,daghar_standardized_balanced,wisdm,test,config_0,multimodal_perc_100,id_c2d68cc99d8f,har,evaluate,full_run,/workspaces/HIAAC-KR-Dev-Container/Minerva-Exps/benchmarks/experiments/paper_daghar_supervised_3runs_perlr_samples_down_seed_harcnn_125/logs/id_d6c67a30a380/final,02f4bee3ea,/workspaces/HIAAC-KR-Dev-Container/Minerva-Exps/benchmarks/experiments/paper_daghar_supervised_3runs_perlr_samples_down_seed_harcnn_125/logs/id_d6c67a30a380/final/metrics_2025-09-15-12-35-02f4bee3ea.yaml,/workspaces/HIAAC-KR-Dev-Container/Minerva-Exps/benchmarks/experiments/paper_daghar_supervised_3runs_perlr_samples_down_seed_harcnn_125/logs/id_d6c67a30a380/final/run_2025-09-15-12-35-02f4bee3ea.yaml,0.46658986806869507,0.46658986806869507,0.35336896777153015,0.46658986806869507,0.32683348655700684,0.46658986806869507
evaluate_harcnn,id_d7c55ca9c5f7,id_52bbb7a929b5,completed,1,True,id_58a400b02098,supervised,harcnn,full_finetune_lr2,id_e7f63cc66b02,multimodal_df,daghar_standardized_balanced,motionsense,test,config_0,multimodal_perc_100,id_c2d68cc99d8f,har,evaluate,full_run,/workspaces/HIAAC-KR-Dev-Container/Minerva-Exps/benchmarks/experiments/paper_daghar_supervised_3runs_perlr_samples_down_seed_harcnn_125/logs/id_d7c55ca9c5f7/final,07ff95a418,/workspaces/HIAAC-KR-Dev-Container/Minerva-Exps/benchmarks/experiments/paper_daghar_supervised_3runs_perlr_samples_down_seed_harcnn_125/logs/id_d7c55ca9c5f7/final/metrics_2025-09-15-12-35-07ff95a418.yaml,/workspaces/HIAAC-KR-Dev-Container/Minerva-Exps/benchmarks/experiments/paper_daghar_supervised_3runs_perlr_samples_down_seed_harcnn_125/logs/id_d7c55ca9c5f7/final/run_2025-09-15-12-35-07ff95a418.yaml,0.778719425201416,0.778719425201416,0.7231084108352661,0.778719425201416,0.6985769867897034,0.778719425201416
evaluate_harcnn,id_d7dd4da4f398,id_097d23abebdd,completed,1,True,id_205d675a6782,supervised,harcnn,full_finetune_lr1,id_2cb57fb4e55b,multimodal_df,daghar_standardized_balanced,wisdm,test,config_0,multimodal_perc_100,id_c2d68cc99d8f,har,evaluate,full_run,/workspaces/HIAAC-KR-Dev-Container/Minerva-Exps/benchmarks/experiments/paper_daghar_supervised_3runs_perlr_samples_down_seed_harcnn_125/logs/id_d7dd4da4f398/final,08a509b53f,/workspaces/HIAAC-KR-Dev-Container/Minerva-Exps/benchmarks/experiments/paper_daghar_supervised_3runs_perlr_samples_down_seed_harcnn_125/logs/id_d7dd4da4f398/final/metrics_2025-09-15-12-35-08a509b53f.yaml,/workspaces/HIAAC-KR-Dev-Container/Minerva-Exps/benchmarks/experiments/paper_daghar_supervised_3runs_perlr_samples_down_seed_harcnn_125/logs/id_d7dd4da4f398/final/run_2025-09-15-12-35-08a509b53f.yaml,0.25,0.25,0.10000000149011612,0.25,0.0625,0.25
evaluate_harcnn,id_d9db3728b576,id_93b4d69f65ee,completed,1,True,id_74afc850e220,supervised,harcnn,full_finetune_lr5,id_5365127f28e8,multimodal_df,daghar_standardized_balanced,kuhar,test,config_0,multimodal_perc_100,id_c2d68cc99d8f,har,evaluate,full_run,/workspaces/HIAAC-KR-Dev-Container/Minerva-Exps/benchmarks/experiments/paper_daghar_supervised_3runs_perlr_samples_down_seed_harcnn_125/logs/id_d9db3728b576/final,19d047e391,/workspaces/HIAAC-KR-Dev-Container/Minerva-Exps/benchmarks/experiments/paper_daghar_supervised_3runs_perlr_samples_down_seed_harcnn_125/logs/id_d9db3728b576/final/metrics_2025-09-15-12-35-19d047e391.yaml,/workspaces/HIAAC-KR-Dev-Container/Minerva-Exps/benchmarks/experiments/paper_daghar_supervised_3runs_perlr_samples_down_seed_harcnn_125/logs/id_d9db3728b576/final/run_2025-09-15-12-35-19d047e391.yaml,0.5277777910232544,0.5277777314186096,0.4452303349971771,0.5277777910232544,0.4696311950683594,0.5277777910232544
evaluate_harcnn,id_d877b56da872,id_b29e3a4ec5ff,completed,1,True,id_74afc850e220,supervised,harcnn,full_finetune_lr5,id_e7f63cc66b02,multimodal_df,daghar_standardized_balanced,motionsense,test,config_0,multimodal_perc_100,id_c2d68cc99d8f,har,evaluate,full_run,/workspaces/HIAAC-KR-Dev-Container/Minerva-Exps/benchmarks/experiments/paper_daghar_supervised_3runs_perlr_samples_down_seed_harcnn_125/logs/id_d877b56da872/final,14a3e22d1b,/workspaces/HIAAC-KR-Dev-Container/Minerva-Exps/benchmarks/experiments/paper_daghar_supervised_3runs_perlr_samples_down_seed_harcnn_125/logs/id_d877b56da872/final/metrics_2025-09-15-12-35-14a3e22d1b.yaml,/workspaces/HIAAC-KR-Dev-Container/Minerva-Exps/benchmarks/experiments/paper_daghar_supervised_3runs_perlr_samples_down_seed_harcnn_125/logs/id_d877b56da872/final/run_2025-09-15-12-35-14a3e22d1b.yaml,0.5677965879440308,0.5677966475486755,0.49733567237854004,0.5677965879440308,0.5152364373207092,0.5677965879440308
evaluate_harcnn,id_da09d44946cb,id_9e1d05aa86c5,completed,1,True,id_205d675a6782,supervised,harcnn,full_finetune_lr1,id_b1f5143574a1,multimodal_df,daghar_standardized_balanced,rw_waist,test,config_0,multimodal_perc_100,id_c2d68cc99d8f,har,evaluate,full_run,/workspaces/HIAAC-KR-Dev-Container/Minerva-Exps/benchmarks/experiments/paper_daghar_supervised_3runs_perlr_samples_down_seed_harcnn_125/logs/id_da09d44946cb/final,21d748b15e,/workspaces/HIAAC-KR-Dev-Container/Minerva-Exps/benchmarks/experiments/paper_daghar_supervised_3runs_perlr_samples_down_seed_harcnn_125/logs/id_da09d44946cb/final/metrics_2025-09-15-12-35-21d748b15e.yaml,/workspaces/HIAAC-KR-Dev-Container/Minerva-Exps/benchmarks/experiments/paper_daghar_supervised_3runs_perlr_samples_down_seed_harcnn_125/logs/id_da09d44946cb/final/run_2025-09-15-12-35-21d748b15e.yaml,0.2820216119289398,0.2820216119289398,0.19237372279167175,0.2820216119289398,0.21936215460300446,0.2820216119289398
evaluate_harcnn,id_daa31e96c28b,id_93aa42829c09,completed,1,True,id_74afc850e220,supervised,harcnn,full_finetune_lr5,id_14a6ecc69dec,multimodal_df,daghar_standardized_balanced,uci,test,config_0,multimodal_perc_100,id_c2d68cc99d8f,har,evaluate,full_run,/workspaces/HIAAC-KR-Dev-Container/Minerva-Exps/benchmarks/experiments/paper_daghar_supervised_3runs_perlr_samples_down_seed_harcnn_125/logs/id_daa31e96c28b/final,326228ddcb,/workspaces/HIAAC-KR-Dev-Container/Minerva-Exps/benchmarks/experiments/paper_daghar_supervised_3runs_perlr_samples_down_seed_harcnn_125/logs/id_daa31e96c28b/final/metrics_2025-09-15-12-35-326228ddcb.yaml,/workspaces/HIAAC-KR-Dev-Container/Minerva-Exps/benchmarks/experiments/paper_daghar_supervised_3runs_perlr_samples_down_seed_harcnn_125/logs/id_daa31e96c28b/final/run_2025-09-15-12-35-326228ddcb.yaml,0.7405797243118286,0.7405797243118286,0.6804661154747009,0.7405797243118286,0.6811408996582031,0.7405797243118286
evaluate_harcnn,id_db0e8554c610,id_c54e2751c961,completed,1,True,id_205d675a6782,supervised,harcnn,full_finetune_lr1,id_14a6ecc69dec,multimodal_df,daghar_standardized_balanced,uci,test,config_0,multimodal_perc_100,id_c2d68cc99d8f,har,evaluate,full_run,/workspaces/HIAAC-KR-Dev-Container/Minerva-Exps/benchmarks/experiments/paper_daghar_supervised_3runs_perlr_samples_down_seed_harcnn_125/logs/id_db0e8554c610/final,36f45684d2,/workspaces/HIAAC-KR-Dev-Container/Minerva-Exps/benchmarks/experiments/paper_daghar_supervised_3runs_perlr_samples_down_seed_harcnn_125/logs/id_db0e8554c610/final/metrics_2025-09-15-12-35-36f45684d2.yaml,/workspaces/HIAAC-KR-Dev-Container/Minerva-Exps/benchmarks/experiments/paper_daghar_supervised_3runs_perlr_samples_down_seed_harcnn_125/logs/id_db0e8554c610/final/run_2025-09-15-12-35-36f45684d2.yaml,0.3536231815814972,0.3536232113838196,0.25006523728370667,0.3536231815814972,0.24334119260311127,0.3536231815814972
evaluate_harcnn,id_da7b1119703f,id_619ecc29c22f,completed,1,True,id_58a400b02098,supervised,harcnn,full_finetune_lr2,id_f390297e57d1,multimodal_df,daghar_standardized_balanced,rw_thigh,test,config_0,multimodal_perc_100,id_c2d68cc99d8f,har,evaluate,full_run,/workspaces/HIAAC-KR-Dev-Container/Minerva-Exps/benchmarks/experiments/paper_daghar_supervised_3runs_perlr_samples_down_seed_harcnn_125/logs/id_da7b1119703f/final,212207bd01,/workspaces/HIAAC-KR-Dev-Container/Minerva-Exps/benchmarks/experiments/paper_daghar_supervised_3runs_perlr_samples_down_seed_harcnn_125/logs/id_da7b1119703f/final/metrics_2025-09-15-12-35-212207bd01.yaml,/workspaces/HIAAC-KR-Dev-Container/Minerva-Exps/benchmarks/experiments/paper_daghar_supervised_3runs_perlr_samples_down_seed_harcnn_125/logs/id_da7b1119703f/final/run_2025-09-15-12-35-212207bd01.yaml,0.6839199662208557,0.6839199662208557,0.641055703163147,0.6839199662208557,0.6671127080917358,0.6839199066162109
evaluate_harcnn,id_d9e7d47ff266,id_7a24e9efb3c8,completed,1,True,id_58a400b02098,supervised,harcnn,full_finetune_lr2,id_f390297e57d1,multimodal_df,daghar_standardized_balanced,rw_thigh,test,config_0,multimodal_perc_100,id_c2d68cc99d8f,har,evaluate,full_run,/workspaces/HIAAC-KR-Dev-Container/Minerva-Exps/benchmarks/experiments/paper_daghar_supervised_3runs_perlr_samples_down_seed_harcnn_125/logs/id_d9e7d47ff266/final,20b9e4b186,/workspaces/HIAAC-KR-Dev-Container/Minerva-Exps/benchmarks/experiments/paper_daghar_supervised_3runs_perlr_samples_down_seed_harcnn_125/logs/id_d9e7d47ff266/final/metrics_2025-09-15-12-35-20b9e4b186.yaml,/workspaces/HIAAC-KR-Dev-Container/Minerva-Exps/benchmarks/experiments/paper_daghar_supervised_3runs_perlr_samples_down_seed_harcnn_125/logs/id_d9e7d47ff266/final/run_2025-09-15-12-35-20b9e4b186.yaml,0.6687370538711548,0.66873699426651,0.6358272433280945,0.6687370538711548,0.7086743712425232,0.6687370538711548
evaluate_harcnn,id_db479d98d07f,id_6d971f6b4369,completed,1,True,id_74afc850e220,supervised,harcnn,full_finetune_lr5,id_14a6ecc69dec,multimodal_df,daghar_standardized_balanced,uci,test,config_0,multimodal_perc_100,id_c2d68cc99d8f,har,evaluate,full_run,/workspaces/HIAAC-KR-Dev-Container/Minerva-Exps/benchmarks/experiments/paper_daghar_supervised_3runs_perlr_samples_down_seed_harcnn_125/logs/id_db479d98d07f/final,473da850f7,/workspaces/HIAAC-KR-Dev-Container/Minerva-Exps/benchmarks/experiments/paper_daghar_supervised_3runs_perlr_samples_down_seed_harcnn_125/logs/id_db479d98d07f/final/metrics_2025-09-15-12-35-473da850f7.yaml,/workspaces/HIAAC-KR-Dev-Container/Minerva-Exps/benchmarks/experiments/paper_daghar_supervised_3runs_perlr_samples_down_seed_harcnn_125/logs/id_db479d98d07f/final/run_2025-09-15-12-35-473da850f7.yaml,0.5565217137336731,0.5565217733383179,0.5224279165267944,0.5565217137336731,0.5636685490608215,0.5565217733383179
evaluate_harcnn,id_da93601a89e7,id_a38aa28a9057,completed,1,True,id_74afc850e220,supervised,harcnn,full_finetune_lr5,id_2cb57fb4e55b,multimodal_df,daghar_standardized_balanced,wisdm,test,config_0,multimodal_perc_100,id_c2d68cc99d8f,har,evaluate,full_run,/workspaces/HIAAC-KR-Dev-Container/Minerva-Exps/benchmarks/experiments/paper_daghar_supervised_3runs_perlr_samples_down_seed_harcnn_125/logs/id_da93601a89e7/final,30973aaa82,/workspaces/HIAAC-KR-Dev-Container/Minerva-Exps/benchmarks/experiments/paper_daghar_supervised_3runs_perlr_samples_down_seed_harcnn_125/logs/id_da93601a89e7/final/metrics_2025-09-15-12-35-30973aaa82.yaml,/workspaces/HIAAC-KR-Dev-Container/Minerva-Exps/benchmarks/experiments/paper_daghar_supervised_3runs_perlr_samples_down_seed_harcnn_125/logs/id_da93601a89e7/final/run_2025-09-15-12-35-30973aaa82.yaml,0.8268049359321594,0.8268049359321594,0.8261816501617432,0.8268049359321594,0.8283004760742188,0.8268049359321594
evaluate_harcnn,id_dad230387ee9,id_8935dd4a802a,completed,1,True,id_58a400b02098,supervised,harcnn,full_finetune_lr2,id_f390297e57d1,multimodal_df,daghar_standardized_balanced,rw_thigh,test,config_0,multimodal_perc_100,id_c2d68cc99d8f,har,evaluate,full_run,/workspaces/HIAAC-KR-Dev-Container/Minerva-Exps/benchmarks/experiments/paper_daghar_supervised_3runs_perlr_samples_down_seed_harcnn_125/logs/id_dad230387ee9/final,343552222f,/workspaces/HIAAC-KR-Dev-Container/Minerva-Exps/benchmarks/experiments/paper_daghar_supervised_3runs_perlr_samples_down_seed_harcnn_125/logs/id_dad230387ee9/final/metrics_2025-09-15-12-35-343552222f.yaml,/workspaces/HIAAC-KR-Dev-Container/Minerva-Exps/benchmarks/experiments/paper_daghar_supervised_3runs_perlr_samples_down_seed_harcnn_125/logs/id_dad230387ee9/final/run_2025-09-15-12-35-343552222f.yaml,0.46756383776664734,0.46756383776664734,0.36141231656074524,0.46756383776664734,0.44807231426239014,0.46756380796432495
evaluate_harcnn,id_dbd05b40a004,id_9a0c778dbe0e,completed,1,True,id_205d675a6782,supervised,harcnn,full_finetune_lr1,id_e7f63cc66b02,multimodal_df,daghar_standardized_balanced,motionsense,test,config_0,multimodal_perc_100,id_c2d68cc99d8f,har,evaluate,full_run,/workspaces/HIAAC-KR-Dev-Container/Minerva-Exps/benchmarks/experiments/paper_daghar_supervised_3runs_perlr_samples_down_seed_harcnn_125/logs/id_dbd05b40a004/final,5314631611,/workspaces/HIAAC-KR-Dev-Container/Minerva-Exps/benchmarks/experiments/paper_daghar_supervised_3runs_perlr_samples_down_seed_harcnn_125/logs/id_dbd05b40a004/final/metrics_2025-09-15-12-35-5314631611.yaml,/workspaces/HIAAC-KR-Dev-Container/Minerva-Exps/benchmarks/experiments/paper_daghar_supervised_3runs_perlr_samples_down_seed_harcnn_125/logs/id_dbd05b40a004/final/run_2025-09-15-12-35-5314631611.yaml,0.32862523198127747,0.32862523198127747,0.21957410871982574,0.32862523198127747,0.19981274008750916,0.32862523198127747
evaluate_harcnn,id_db3689c81478,id_254bcee07772,completed,1,True,id_58a400b02098,supervised,harcnn,full_finetune_lr2,id_2cb57fb4e55b,multimodal_df,daghar_standardized_balanced,wisdm,test,config_0,multimodal_perc_100,id_c2d68cc99d8f,har,evaluate,full_run,/workspaces/HIAAC-KR-Dev-Container/Minerva-Exps/benchmarks/experiments/paper_daghar_supervised_3runs_perlr_samples_down_seed_harcnn_125/logs/id_db3689c81478/final,41d71f38a3,/workspaces/HIAAC-KR-Dev-Container/Minerva-Exps/benchmarks/experiments/paper_daghar_supervised_3runs_perlr_samples_down_seed_harcnn_125/logs/id_db3689c81478/final/metrics_2025-09-15-12-35-41d71f38a3.yaml,/workspaces/HIAAC-KR-Dev-Container/Minerva-Exps/benchmarks/experiments/paper_daghar_supervised_3runs_perlr_samples_down_seed_harcnn_125/logs/id_db3689c81478/final/run_2025-09-15-12-35-41d71f38a3.yaml,0.6317204236984253,0.6317204236984253,0.5707475543022156,0.6317204236984253,0.6558519005775452,0.6317204236984253
evaluate_harcnn,id_dceccca8ad64,id_d559b83c32dd,completed,1,True,id_58a400b02098,supervised,harcnn,full_finetune_lr2,id_14a6ecc69dec,multimodal_df,daghar_standardized_balanced,uci,test,config_0,multimodal_perc_100,id_c2d68cc99d8f,har,evaluate,full_run,/workspaces/HIAAC-KR-Dev-Container/Minerva-Exps/benchmarks/experiments/paper_daghar_supervised_3runs_perlr_samples_down_seed_harcnn_125/logs/id_dceccca8ad64/final,040f831fbf,/workspaces/HIAAC-KR-Dev-Container/Minerva-Exps/benchmarks/experiments/paper_daghar_supervised_3runs_perlr_samples_down_seed_harcnn_125/logs/id_dceccca8ad64/final/metrics_2025-09-15-12-36-040f831fbf.yaml,/workspaces/HIAAC-KR-Dev-Container/Minerva-Exps/benchmarks/experiments/paper_daghar_supervised_3runs_perlr_samples_down_seed_harcnn_125/logs/id_dceccca8ad64/final/run_2025-09-15-12-36-040f831fbf.yaml,0.7942029237747192,0.7942029237747192,0.727536141872406,0.7942029237747192,0.6942443251609802,0.7942029237747192
evaluate_harcnn,id_dde38252e493,id_cf3f7a4556ef,completed,1,True,id_58a400b02098,supervised,harcnn,full_finetune_lr2,id_14a6ecc69dec,multimodal_df,daghar_standardized_balanced,uci,test,config_0,multimodal_perc_100,id_c2d68cc99d8f,har,evaluate,full_run,/workspaces/HIAAC-KR-Dev-Container/Minerva-Exps/benchmarks/experiments/paper_daghar_supervised_3runs_perlr_samples_down_seed_harcnn_125/logs/id_dde38252e493/final,16f0faa64c,/workspaces/HIAAC-KR-Dev-Container/Minerva-Exps/benchmarks/experiments/paper_daghar_supervised_3runs_perlr_samples_down_seed_harcnn_125/logs/id_dde38252e493/final/metrics_2025-09-15-12-36-16f0faa64c.yaml,/workspaces/HIAAC-KR-Dev-Container/Minerva-Exps/benchmarks/experiments/paper_daghar_supervised_3runs_perlr_samples_down_seed_harcnn_125/logs/id_dde38252e493/final/run_2025-09-15-12-36-16f0faa64c.yaml,0.4072463810443878,0.4072464108467102,0.3408010005950928,0.4072463810443878,0.3444878160953522,0.40724635124206543
evaluate_harcnn,id_de2f1e36c3a7,id_328d29d31039,completed,1,True,id_205d675a6782,supervised,harcnn,full_finetune_lr1,id_5365127f28e8,multimodal_df,daghar_standardized_balanced,kuhar,test,config_0,multimodal_perc_100,id_c2d68cc99d8f,har,evaluate,full_run,/workspaces/HIAAC-KR-Dev-Container/Minerva-Exps/benchmarks/experiments/paper_daghar_supervised_3runs_perlr_samples_down_seed_harcnn_125/logs/id_de2f1e36c3a7/final,21f8538bd3,/workspaces/HIAAC-KR-Dev-Container/Minerva-Exps/benchmarks/experiments/paper_daghar_supervised_3runs_perlr_samples_down_seed_harcnn_125/logs/id_de2f1e36c3a7/final/metrics_2025-09-15-12-36-21f8538bd3.yaml,/workspaces/HIAAC-KR-Dev-Container/Minerva-Exps/benchmarks/experiments/paper_daghar_supervised_3runs_perlr_samples_down_seed_harcnn_125/logs/id_de2f1e36c3a7/final/run_2025-09-15-12-36-21f8538bd3.yaml,0.25,0.25,0.1597210019826889,0.25,0.18438051640987396,0.25
evaluate_harcnn,id_dd748a4ac9c8,id_ffd437654a43,completed,1,True,id_205d675a6782,supervised,harcnn,full_finetune_lr1,id_f390297e57d1,multimodal_df,daghar_standardized_balanced,rw_thigh,test,config_0,multimodal_perc_100,id_c2d68cc99d8f,har,evaluate,full_run,/workspaces/HIAAC-KR-Dev-Container/Minerva-Exps/benchmarks/experiments/paper_daghar_supervised_3runs_perlr_samples_down_seed_harcnn_125/logs/id_dd748a4ac9c8/final,10266c0b4e,/workspaces/HIAAC-KR-Dev-Container/Minerva-Exps/benchmarks/experiments/paper_daghar_supervised_3runs_perlr_samples_down_seed_harcnn_125/logs/id_dd748a4ac9c8/final/metrics_2025-09-15-12-36-10266c0b4e.yaml,/workspaces/HIAAC-KR-Dev-Container/Minerva-Exps/benchmarks/experiments/paper_daghar_supervised_3runs_perlr_samples_down_seed_harcnn_125/logs/id_dd748a4ac9c8/final/run_2025-09-15-12-36-10266c0b4e.yaml,0.27846792340278625,0.27846792340278625,0.18649500608444214,0.27846792340278625,0.19794094562530518,0.27846792340278625
evaluate_harcnn,id_dbfaaa59289d,id_145863073810,completed,1,True,id_74afc850e220,supervised,harcnn,full_finetune_lr5,id_f390297e57d1,multimodal_df,daghar_standardized_balanced,rw_thigh,test,config_0,multimodal_perc_100,id_c2d68cc99d8f,har,evaluate,full_run,/workspaces/HIAAC-KR-Dev-Container/Minerva-Exps/benchmarks/experiments/paper_daghar_supervised_3runs_perlr_samples_down_seed_harcnn_125/logs/id_dbfaaa59289d/final,5790700ae0,/workspaces/HIAAC-KR-Dev-Container/Minerva-Exps/benchmarks/experiments/paper_daghar_supervised_3runs_perlr_samples_down_seed_harcnn_125/logs/id_dbfaaa59289d/final/metrics_2025-09-15-12-35-5790700ae0.yaml,/workspaces/HIAAC-KR-Dev-Container/Minerva-Exps/benchmarks/experiments/paper_daghar_supervised_3runs_perlr_samples_down_seed_harcnn_125/logs/id_dbfaaa59289d/final/run_2025-09-15-12-35-5790700ae0.yaml,0.4906832277774811,0.4906832277774811,0.48883485794067383,0.4906832277774811,0.5157215595245361,0.4906832277774811
evaluate_harcnn,id_dca1052cc20e,id_f5dbe13ada82,completed,1,True,id_74afc850e220,supervised,harcnn,full_finetune_lr5,id_2cb57fb4e55b,multimodal_df,daghar_standardized_balanced,wisdm,test,config_0,multimodal_perc_100,id_c2d68cc99d8f,har,evaluate,full_run,/workspaces/HIAAC-KR-Dev-Container/Minerva-Exps/benchmarks/experiments/paper_daghar_supervised_3runs_perlr_samples_down_seed_harcnn_125/logs/id_dca1052cc20e/final,024d31e676,/workspaces/HIAAC-KR-Dev-Container/Minerva-Exps/benchmarks/experiments/paper_daghar_supervised_3runs_perlr_samples_down_seed_harcnn_125/logs/id_dca1052cc20e/final/metrics_2025-09-15-12-36-024d31e676.yaml,/workspaces/HIAAC-KR-Dev-Container/Minerva-Exps/benchmarks/experiments/paper_daghar_supervised_3runs_perlr_samples_down_seed_harcnn_125/logs/id_dca1052cc20e/final/run_2025-09-15-12-36-024d31e676.yaml,0.31758832931518555,0.31758832931518555,0.2281002551317215,0.31758832931518555,0.19656358659267426,0.31758832931518555
evaluate_harcnn,id_dd4103740a4d,id_cdef46dda5f0,completed,1,True,id_74afc850e220,supervised,harcnn,full_finetune_lr5,id_f390297e57d1,multimodal_df,daghar_standardized_balanced,rw_thigh,test,config_0,multimodal_perc_100,id_c2d68cc99d8f,har,evaluate,full_run,/workspaces/HIAAC-KR-Dev-Container/Minerva-Exps/benchmarks/experiments/paper_daghar_supervised_3runs_perlr_samples_down_seed_harcnn_125/logs/id_dd4103740a4d/final,09da49ada0,/workspaces/HIAAC-KR-Dev-Container/Minerva-Exps/benchmarks/experiments/paper_daghar_supervised_3runs_perlr_samples_down_seed_harcnn_125/logs/id_dd4103740a4d/final/metrics_2025-09-15-12-36-09da49ada0.yaml,/workspaces/HIAAC-KR-Dev-Container/Minerva-Exps/benchmarks/experiments/paper_daghar_supervised_3runs_perlr_samples_down_seed_harcnn_125/logs/id_dd4103740a4d/final/run_2025-09-15-12-36-09da49ada0.yaml,0.6987577676773071,0.6987577080726624,0.7047324180603027,0.6987577676773071,0.721927285194397,0.6987577676773071
evaluate_harcnn,id_deec37dc199b,id_61389726451e,completed,1,True,id_58a400b02098,supervised,harcnn,full_finetune_lr2,id_14a6ecc69dec,multimodal_df,daghar_standardized_balanced,uci,test,config_0,multimodal_perc_100,id_c2d68cc99d8f,har,evaluate,full_run,/workspaces/HIAAC-KR-Dev-Container/Minerva-Exps/benchmarks/experiments/paper_daghar_supervised_3runs_perlr_samples_down_seed_harcnn_125/logs/id_deec37dc199b/final,3704357c67,/workspaces/HIAAC-KR-Dev-Container/Minerva-Exps/benchmarks/experiments/paper_daghar_supervised_3runs_perlr_samples_down_seed_harcnn_125/logs/id_deec37dc199b/final/metrics_2025-09-15-12-36-3704357c67.yaml,/workspaces/HIAAC-KR-Dev-Container/Minerva-Exps/benchmarks/experiments/paper_daghar_supervised_3runs_perlr_samples_down_seed_harcnn_125/logs/id_deec37dc199b/final/run_2025-09-15-12-36-3704357c67.yaml,0.7956521511077881,0.7956522107124329,0.7301887273788452,0.7956521511077881,0.6967560052871704,0.7956522107124329
evaluate_harcnn,id_de10b4650029,id_58fceb91e6fd,completed,1,True,id_205d675a6782,supervised,harcnn,full_finetune_lr1,id_b1f5143574a1,multimodal_df,daghar_standardized_balanced,rw_waist,test,config_0,multimodal_perc_100,id_c2d68cc99d8f,har,evaluate,full_run,/workspaces/HIAAC-KR-Dev-Container/Minerva-Exps/benchmarks/experiments/paper_daghar_supervised_3runs_perlr_samples_down_seed_harcnn_125/logs/id_de10b4650029/final,20a593fd5c,/workspaces/HIAAC-KR-Dev-Container/Minerva-Exps/benchmarks/experiments/paper_daghar_supervised_3runs_perlr_samples_down_seed_harcnn_125/logs/id_de10b4650029/final/metrics_2025-09-15-12-36-20a593fd5c.yaml,/workspaces/HIAAC-KR-Dev-Container/Minerva-Exps/benchmarks/experiments/paper_daghar_supervised_3runs_perlr_samples_down_seed_harcnn_125/logs/id_de10b4650029/final/run_2025-09-15-12-36-20a593fd5c.yaml,0.25154322385787964,0.25154319405555725,0.16395817697048187,0.25154322385787964,0.19711065292358398,0.25154322385787964
evaluate_harcnn,id_dea4f0856304,id_ab7c4d0945c1,completed,1,True,id_205d675a6782,supervised,harcnn,full_finetune_lr1,id_b1f5143574a1,multimodal_df,daghar_standardized_balanced,rw_waist,test,config_0,multimodal_perc_100,id_c2d68cc99d8f,har,evaluate,full_run,/workspaces/HIAAC-KR-Dev-Container/Minerva-Exps/benchmarks/experiments/paper_daghar_supervised_3runs_perlr_samples_down_seed_harcnn_125/logs/id_dea4f0856304/final,257c3c9215,/workspaces/HIAAC-KR-Dev-Container/Minerva-Exps/benchmarks/experiments/paper_daghar_supervised_3runs_perlr_samples_down_seed_harcnn_125/logs/id_dea4f0856304/final/metrics_2025-09-15-12-36-257c3c9215.yaml,/workspaces/HIAAC-KR-Dev-Container/Minerva-Exps/benchmarks/experiments/paper_daghar_supervised_3runs_perlr_samples_down_seed_harcnn_125/logs/id_dea4f0856304/final/run_2025-09-15-12-36-257c3c9215.yaml,0.24421297013759613,0.24421297013759613,0.1568547487258911,0.24421297013759613,0.19677959382534027,0.24421297013759613
evaluate_harcnn,id_df80adc1c1e8,id_612188963771,completed,1,True,id_74afc850e220,supervised,harcnn,full_finetune_lr5,id_5365127f28e8,multimodal_df,daghar_standardized_balanced,kuhar,test,config_0,multimodal_perc_100,id_c2d68cc99d8f,har,evaluate,full_run,/workspaces/HIAAC-KR-Dev-Container/Minerva-Exps/benchmarks/experiments/paper_daghar_supervised_3runs_perlr_samples_down_seed_harcnn_125/logs/id_df80adc1c1e8/final,4586ad4fec,/workspaces/HIAAC-KR-Dev-Container/Minerva-Exps/benchmarks/experiments/paper_daghar_supervised_3runs_perlr_samples_down_seed_harcnn_125/logs/id_df80adc1c1e8/final/metrics_2025-09-15-12-36-4586ad4fec.yaml,/workspaces/HIAAC-KR-Dev-Container/Minerva-Exps/benchmarks/experiments/paper_daghar_supervised_3runs_perlr_samples_down_seed_harcnn_125/logs/id_df80adc1c1e8/final/run_2025-09-15-12-36-4586ad4fec.yaml,0.6875,0.6875,0.6218721866607666,0.6875,0.6266626119613647,0.6875
evaluate_harcnn,id_e2b51fdd126e,id_0ec0dcfb2651,completed,1,True,id_205d675a6782,supervised,harcnn,full_finetune_lr1,id_14a6ecc69dec,multimodal_df,daghar_standardized_balanced,uci,test,config_0,multimodal_perc_100,id_c2d68cc99d8f,har,evaluate,full_run,/workspaces/HIAAC-KR-Dev-Container/Minerva-Exps/benchmarks/experiments/paper_daghar_supervised_3runs_perlr_samples_down_seed_harcnn_125/logs/id_e2b51fdd126e/final,55649d634e,/workspaces/HIAAC-KR-Dev-Container/Minerva-Exps/benchmarks/experiments/paper_daghar_supervised_3runs_perlr_samples_down_seed_harcnn_125/logs/id_e2b51fdd126e/final/metrics_2025-09-15-12-36-55649d634e.yaml,/workspaces/HIAAC-KR-Dev-Container/Minerva-Exps/benchmarks/experiments/paper_daghar_supervised_3runs_perlr_samples_down_seed_harcnn_125/logs/id_e2b51fdd126e/final/run_2025-09-15-12-36-55649d634e.yaml,0.3797101378440857,0.3797101378440857,0.2675631046295166,0.3797101378440857,0.2475978434085846,0.3797101378440857
evaluate_harcnn,id_deeb65b75d85,id_d26250fec9b6,completed,1,True,id_74afc850e220,supervised,harcnn,full_finetune_lr5,id_f390297e57d1,multimodal_df,daghar_standardized_balanced,rw_thigh,test,config_0,multimodal_perc_100,id_c2d68cc99d8f,har,evaluate,full_run,/workspaces/HIAAC-KR-Dev-Container/Minerva-Exps/benchmarks/experiments/paper_daghar_supervised_3runs_perlr_samples_down_seed_harcnn_125/logs/id_deeb65b75d85/final,36ebc70d6d,/workspaces/HIAAC-KR-Dev-Container/Minerva-Exps/benchmarks/experiments/paper_daghar_supervised_3runs_perlr_samples_down_seed_harcnn_125/logs/id_deeb65b75d85/final/metrics_2025-09-15-12-36-36ebc70d6d.yaml,/workspaces/HIAAC-KR-Dev-Container/Minerva-Exps/benchmarks/experiments/paper_daghar_supervised_3runs_perlr_samples_down_seed_harcnn_125/logs/id_deeb65b75d85/final/run_2025-09-15-12-36-36ebc70d6d.yaml,0.465148389339447,0.46514835953712463,0.40194982290267944,0.465148389339447,0.4022936224937439,0.465148389339447
evaluate_harcnn,id_e088b62f961f,id_a4df7da6ad56,completed,1,True,id_205d675a6782,supervised,harcnn,full_finetune_lr1,id_f390297e57d1,multimodal_df,daghar_standardized_balanced,rw_thigh,test,config_0,multimodal_perc_100,id_c2d68cc99d8f,har,evaluate,full_run,/workspaces/HIAAC-KR-Dev-Container/Minerva-Exps/benchmarks/experiments/paper_daghar_supervised_3runs_perlr_samples_down_seed_harcnn_125/logs/id_e088b62f961f/final,50a4f932c4,/workspaces/HIAAC-KR-Dev-Container/Minerva-Exps/benchmarks/experiments/paper_daghar_supervised_3runs_perlr_samples_down_seed_harcnn_125/logs/id_e088b62f961f/final/metrics_2025-09-15-12-36-50a4f932c4.yaml,/workspaces/HIAAC-KR-Dev-Container/Minerva-Exps/benchmarks/experiments/paper_daghar_supervised_3runs_perlr_samples_down_seed_harcnn_125/logs/id_e088b62f961f/final/run_2025-09-15-12-36-50a4f932c4.yaml,0.2950310707092285,0.2950310707092285,0.19853538274765015,0.2950310707092285,0.1985352337360382,0.2950310707092285
evaluate_harcnn,id_e002a8e93101,id_28639e5716b3,completed,1,True,id_74afc850e220,supervised,harcnn,full_finetune_lr5,id_b1f5143574a1,multimodal_df,daghar_standardized_balanced,rw_waist,test,config_0,multimodal_perc_100,id_c2d68cc99d8f,har,evaluate,full_run,/workspaces/HIAAC-KR-Dev-Container/Minerva-Exps/benchmarks/experiments/paper_daghar_supervised_3runs_perlr_samples_down_seed_harcnn_125/logs/id_e002a8e93101/final,48be0b26ca,/workspaces/HIAAC-KR-Dev-Container/Minerva-Exps/benchmarks/experiments/paper_daghar_supervised_3runs_perlr_samples_down_seed_harcnn_125/logs/id_e002a8e93101/final/metrics_2025-09-15-12-36-48be0b26ca.yaml,/workspaces/HIAAC-KR-Dev-Container/Minerva-Exps/benchmarks/experiments/paper_daghar_supervised_3runs_perlr_samples_down_seed_harcnn_125/logs/id_e002a8e93101/final/run_2025-09-15-12-36-48be0b26ca.yaml,0.43981480598449707,0.43981480598449707,0.3695014715194702,0.43981480598449707,0.4287260174751282,0.43981483578681946
evaluate_harcnn,id_e6f83492a5b5,id_d8cb20906562,completed,1,True,id_58a400b02098,supervised,harcnn,full_finetune_lr2,id_14a6ecc69dec,multimodal_df,daghar_standardized_balanced,uci,test,config_0,multimodal_perc_100,id_c2d68cc99d8f,har,evaluate,full_run,/workspaces/HIAAC-KR-Dev-Container/Minerva-Exps/benchmarks/experiments/paper_daghar_supervised_3runs_perlr_samples_down_seed_harcnn_125/logs/id_e6f83492a5b5/final,14b9352601,/workspaces/HIAAC-KR-Dev-Container/Minerva-Exps/benchmarks/experiments/paper_daghar_supervised_3runs_perlr_samples_down_seed_harcnn_125/logs/id_e6f83492a5b5/final/metrics_2025-09-15-12-37-14b9352601.yaml,/workspaces/HIAAC-KR-Dev-Container/Minerva-Exps/benchmarks/experiments/paper_daghar_supervised_3runs_perlr_samples_down_seed_harcnn_125/logs/id_e6f83492a5b5/final/run_2025-09-15-12-37-14b9352601.yaml,0.6507246494293213,0.6507245898246765,0.6335618495941162,0.6507246494293213,0.6494681239128113,0.6507246494293213
evaluate_harcnn,id_e3d2509e86c8,id_97f8141e8daa,completed,1,True,id_58a400b02098,supervised,harcnn,full_finetune_lr2,id_b1f5143574a1,multimodal_df,daghar_standardized_balanced,rw_waist,test,config_0,multimodal_perc_100,id_c2d68cc99d8f,har,evaluate,full_run,/workspaces/HIAAC-KR-Dev-Container/Minerva-Exps/benchmarks/experiments/paper_daghar_supervised_3runs_perlr_samples_down_seed_harcnn_125/logs/id_e3d2509e86c8/final,5868d32d77,/workspaces/HIAAC-KR-Dev-Container/Minerva-Exps/benchmarks/experiments/paper_daghar_supervised_3runs_perlr_samples_down_seed_harcnn_125/logs/id_e3d2509e86c8/final/metrics_2025-09-15-12-36-5868d32d77.yaml,/workspaces/HIAAC-KR-Dev-Container/Minerva-Exps/benchmarks/experiments/paper_daghar_supervised_3runs_perlr_samples_down_seed_harcnn_125/logs/id_e3d2509e86c8/final/run_2025-09-15-12-36-5868d32d77.yaml,0.43634259700775146,0.43634259700775146,0.31216758489608765,0.43634259700775146,0.2916441559791565,0.43634259700775146
evaluate_harcnn,id_e3d4e8be55ca,id_6ca3271ac6cb,completed,1,True,id_58a400b02098,supervised,harcnn,full_finetune_lr2,id_f390297e57d1,multimodal_df,daghar_standardized_balanced,rw_thigh,test,config_0,multimodal_perc_100,id_c2d68cc99d8f,har,evaluate,full_run,/workspaces/HIAAC-KR-Dev-Container/Minerva-Exps/benchmarks/experiments/paper_daghar_supervised_3runs_perlr_samples_down_seed_harcnn_125/logs/id_e3d4e8be55ca/final,58919a4285,/workspaces/HIAAC-KR-Dev-Container/Minerva-Exps/benchmarks/experiments/paper_daghar_supervised_3runs_perlr_samples_down_seed_harcnn_125/logs/id_e3d4e8be55ca/final/metrics_2025-09-15-12-36-58919a4285.yaml,/workspaces/HIAAC-KR-Dev-Container/Minerva-Exps/benchmarks/experiments/paper_daghar_supervised_3runs_perlr_samples_down_seed_harcnn_125/logs/id_e3d4e8be55ca/final/run_2025-09-15-12-36-58919a4285.yaml,0.4192546606063843,0.4192546606063843,0.3897060751914978,0.4192546606063843,0.41035881638526917,0.4192546606063843
evaluate_harcnn,id_e47f67f17701,id_9defdd4620a6,completed,1,True,id_74afc850e220,supervised,harcnn,full_finetune_lr5,id_f390297e57d1,multimodal_df,daghar_standardized_balanced,rw_thigh,test,config_0,multimodal_perc_100,id_c2d68cc99d8f,har,evaluate,full_run,/workspaces/HIAAC-KR-Dev-Container/Minerva-Exps/benchmarks/experiments/paper_daghar_supervised_3runs_perlr_samples_down_seed_harcnn_125/logs/id_e47f67f17701/final,59f178d34b,/workspaces/HIAAC-KR-Dev-Container/Minerva-Exps/benchmarks/experiments/paper_daghar_supervised_3runs_perlr_samples_down_seed_harcnn_125/logs/id_e47f67f17701/final/metrics_2025-09-15-12-36-59f178d34b.yaml,/workspaces/HIAAC-KR-Dev-Container/Minerva-Exps/benchmarks/experiments/paper_daghar_supervised_3runs_perlr_samples_down_seed_harcnn_125/logs/id_e47f67f17701/final/run_2025-09-15-12-36-59f178d34b.yaml,0.7456867098808289,0.7456867098808289,0.7442561984062195,0.7456867098808289,0.7716275453567505,0.7456866502761841
evaluate_harcnn,id_e6df31e404de,id_78f50488a43e,completed,1,True,id_74afc850e220,supervised,harcnn,full_finetune_lr5,id_2cb57fb4e55b,multimodal_df,daghar_standardized_balanced,wisdm,test,config_0,multimodal_perc_100,id_c2d68cc99d8f,har,evaluate,full_run,/workspaces/HIAAC-KR-Dev-Container/Minerva-Exps/benchmarks/experiments/paper_daghar_supervised_3runs_perlr_samples_down_seed_harcnn_125/logs/id_e6df31e404de/final,0276146b2f,/workspaces/HIAAC-KR-Dev-Container/Minerva-Exps/benchmarks/experiments/paper_daghar_supervised_3runs_perlr_samples_down_seed_harcnn_125/logs/id_e6df31e404de/final/metrics_2025-09-15-12-37-0276146b2f.yaml,/workspaces/HIAAC-KR-Dev-Container/Minerva-Exps/benchmarks/experiments/paper_daghar_supervised_3runs_perlr_samples_down_seed_harcnn_125/logs/id_e6df31e404de/final/run_2025-09-15-12-37-0276146b2f.yaml,0.7465437650680542,0.746543824672699,0.6986579895019531,0.7465437650680542,0.7544673085212708,0.7465437650680542
evaluate_harcnn,id_e7afad54f47d,id_f23c461118a3,completed,1,True,id_205d675a6782,supervised,harcnn,full_finetune_lr1,id_e7f63cc66b02,multimodal_df,daghar_standardized_balanced,motionsense,test,config_0,multimodal_perc_100,id_c2d68cc99d8f,har,evaluate,full_run,/workspaces/HIAAC-KR-Dev-Container/Minerva-Exps/benchmarks/experiments/paper_daghar_supervised_3runs_perlr_samples_down_seed_harcnn_125/logs/id_e7afad54f47d/final,27fad2b851,/workspaces/HIAAC-KR-Dev-Container/Minerva-Exps/benchmarks/experiments/paper_daghar_supervised_3runs_perlr_samples_down_seed_harcnn_125/logs/id_e7afad54f47d/final/metrics_2025-09-15-12-37-27fad2b851.yaml,/workspaces/HIAAC-KR-Dev-Container/Minerva-Exps/benchmarks/experiments/paper_daghar_supervised_3runs_perlr_samples_down_seed_harcnn_125/logs/id_e7afad54f47d/final/run_2025-09-15-12-37-27fad2b851.yaml,0.3097928464412689,0.3097928464412689,0.2080666571855545,0.3097928464412689,0.19675827026367188,0.3097928464412689
evaluate_harcnn,id_e8a5464a3892,id_0713da65662a,completed,1,True,id_205d675a6782,supervised,harcnn,full_finetune_lr1,id_5365127f28e8,multimodal_df,daghar_standardized_balanced,kuhar,test,config_0,multimodal_perc_100,id_c2d68cc99d8f,har,evaluate,full_run,/workspaces/HIAAC-KR-Dev-Container/Minerva-Exps/benchmarks/experiments/paper_daghar_supervised_3runs_perlr_samples_down_seed_harcnn_125/logs/id_e8a5464a3892/final,38561cf0dd,/workspaces/HIAAC-KR-Dev-Container/Minerva-Exps/benchmarks/experiments/paper_daghar_supervised_3runs_perlr_samples_down_seed_harcnn_125/logs/id_e8a5464a3892/final/metrics_2025-09-15-12-37-38561cf0dd.yaml,/workspaces/HIAAC-KR-Dev-Container/Minerva-Exps/benchmarks/experiments/paper_daghar_supervised_3runs_perlr_samples_down_seed_harcnn_125/logs/id_e8a5464a3892/final/run_2025-09-15-12-37-38561cf0dd.yaml,0.3333333432674408,0.3333333432674408,0.195743590593338,0.3333333432674408,0.15098296105861664,0.3333333432674408
evaluate_harcnn,id_eabc81b44fa2,id_9fc37dd9841e,completed,1,True,id_205d675a6782,supervised,harcnn,full_finetune_lr1,id_14a6ecc69dec,multimodal_df,daghar_standardized_balanced,uci,test,config_0,multimodal_perc_100,id_c2d68cc99d8f,har,evaluate,full_run,/workspaces/HIAAC-KR-Dev-Container/Minerva-Exps/benchmarks/experiments/paper_daghar_supervised_3runs_perlr_samples_down_seed_harcnn_125/logs/id_eabc81b44fa2/final,46a4b97949,/workspaces/HIAAC-KR-Dev-Container/Minerva-Exps/benchmarks/experiments/paper_daghar_supervised_3runs_perlr_samples_down_seed_harcnn_125/logs/id_eabc81b44fa2/final/metrics_2025-09-15-12-37-46a4b97949.yaml,/workspaces/HIAAC-KR-Dev-Container/Minerva-Exps/benchmarks/experiments/paper_daghar_supervised_3runs_perlr_samples_down_seed_harcnn_125/logs/id_eabc81b44fa2/final/run_2025-09-15-12-37-46a4b97949.yaml,0.395652174949646,0.395652174949646,0.27684909105300903,0.395652174949646,0.2483488917350769,0.395652174949646
evaluate_harcnn,id_e9896ca2478d,id_b2ad569d32db,completed,1,True,id_74afc850e220,supervised,harcnn,full_finetune_lr5,id_14a6ecc69dec,multimodal_df,daghar_standardized_balanced,uci,test,config_0,multimodal_perc_100,id_c2d68cc99d8f,har,evaluate,full_run,/workspaces/HIAAC-KR-Dev-Container/Minerva-Exps/benchmarks/experiments/paper_daghar_supervised_3runs_perlr_samples_down_seed_harcnn_125/logs/id_e9896ca2478d/final,459ac22eb0,/workspaces/HIAAC-KR-Dev-Container/Minerva-Exps/benchmarks/experiments/paper_daghar_supervised_3runs_perlr_samples_down_seed_harcnn_125/logs/id_e9896ca2478d/final/metrics_2025-09-15-12-37-459ac22eb0.yaml,/workspaces/HIAAC-KR-Dev-Container/Minerva-Exps/benchmarks/experiments/paper_daghar_supervised_3runs_perlr_samples_down_seed_harcnn_125/logs/id_e9896ca2478d/final/run_2025-09-15-12-37-459ac22eb0.yaml,0.7739130258560181,0.7739130258560181,0.7291370630264282,0.7739130258560181,0.8045961260795593,0.7739131450653076
evaluate_harcnn,id_e71b7dae318e,id_c9e880eab122,completed,1,True,id_74afc850e220,supervised,harcnn,full_finetune_lr5,id_2cb57fb4e55b,multimodal_df,daghar_standardized_balanced,wisdm,test,config_0,multimodal_perc_100,id_c2d68cc99d8f,har,evaluate,full_run,/workspaces/HIAAC-KR-Dev-Container/Minerva-Exps/benchmarks/experiments/paper_daghar_supervised_3runs_perlr_samples_down_seed_harcnn_125/logs/id_e71b7dae318e/final,27c9dcfa39,/workspaces/HIAAC-KR-Dev-Container/Minerva-Exps/benchmarks/experiments/paper_daghar_supervised_3runs_perlr_samples_down_seed_harcnn_125/logs/id_e71b7dae318e/final/metrics_2025-09-15-12-37-27c9dcfa39.yaml,/workspaces/HIAAC-KR-Dev-Container/Minerva-Exps/benchmarks/experiments/paper_daghar_supervised_3runs_perlr_samples_down_seed_harcnn_125/logs/id_e71b7dae318e/final/run_2025-09-15-12-37-27c9dcfa39.yaml,0.6405529975891113,0.6405529975891113,0.5670482516288757,0.6405529975891113,0.5526171326637268,0.6405529975891113
evaluate_harcnn,id_e82db8d18f04,id_ca98ce66c594,completed,1,True,id_205d675a6782,supervised,harcnn,full_finetune_lr1,id_f390297e57d1,multimodal_df,daghar_standardized_balanced,rw_thigh,test,config_0,multimodal_perc_100,id_c2d68cc99d8f,har,evaluate,full_run,/workspaces/HIAAC-KR-Dev-Container/Minerva-Exps/benchmarks/experiments/paper_daghar_supervised_3runs_perlr_samples_down_seed_harcnn_125/logs/id_e82db8d18f04/final,344e18ccf7,/workspaces/HIAAC-KR-Dev-Container/Minerva-Exps/benchmarks/experiments/paper_daghar_supervised_3runs_perlr_samples_down_seed_harcnn_125/logs/id_e82db8d18f04/final/metrics_2025-09-15-12-37-344e18ccf7.yaml,/workspaces/HIAAC-KR-Dev-Container/Minerva-Exps/benchmarks/experiments/paper_daghar_supervised_3runs_perlr_samples_down_seed_harcnn_125/logs/id_e82db8d18f04/final/run_2025-09-15-12-37-344e18ccf7.yaml,0.27398204803466797,0.27398204803466797,0.18259964883327484,0.27398204803466797,0.19625169038772583,0.27398204803466797
evaluate_harcnn,id_e7cc9bbabc8f,id_25993880e84e,completed,1,True,id_74afc850e220,supervised,harcnn,full_finetune_lr5,id_f390297e57d1,multimodal_df,daghar_standardized_balanced,rw_thigh,test,config_0,multimodal_perc_100,id_c2d68cc99d8f,har,evaluate,full_run,/workspaces/HIAAC-KR-Dev-Container/Minerva-Exps/benchmarks/experiments/paper_daghar_supervised_3runs_perlr_samples_down_seed_harcnn_125/logs/id_e7cc9bbabc8f/final,33c8c6fa9a,/workspaces/HIAAC-KR-Dev-Container/Minerva-Exps/benchmarks/experiments/paper_daghar_supervised_3runs_perlr_samples_down_seed_harcnn_125/logs/id_e7cc9bbabc8f/final/metrics_2025-09-15-12-37-33c8c6fa9a.yaml,/workspaces/HIAAC-KR-Dev-Container/Minerva-Exps/benchmarks/experiments/paper_daghar_supervised_3runs_perlr_samples_down_seed_harcnn_125/logs/id_e7cc9bbabc8f/final/run_2025-09-15-12-37-33c8c6fa9a.yaml,0.7191166281700134,0.7191166281700134,0.7093298435211182,0.7191166281700134,0.7526268362998962,0.7191165685653687
evaluate_harcnn,id_ec36d7f0e7de,id_4769e361bafb,completed,1,True,id_205d675a6782,supervised,harcnn,full_finetune_lr1,id_5365127f28e8,multimodal_df,daghar_standardized_balanced,kuhar,test,config_0,multimodal_perc_100,id_c2d68cc99d8f,har,evaluate,full_run,/workspaces/HIAAC-KR-Dev-Container/Minerva-Exps/benchmarks/experiments/paper_daghar_supervised_3runs_perlr_samples_down_seed_harcnn_125/logs/id_ec36d7f0e7de/final,0515083eed,/workspaces/HIAAC-KR-Dev-Container/Minerva-Exps/benchmarks/experiments/paper_daghar_supervised_3runs_perlr_samples_down_seed_harcnn_125/logs/id_ec36d7f0e7de/final/metrics_2025-09-15-12-38-0515083eed.yaml,/workspaces/HIAAC-KR-Dev-Container/Minerva-Exps/benchmarks/experiments/paper_daghar_supervised_3runs_perlr_samples_down_seed_harcnn_125/logs/id_ec36d7f0e7de/final/run_2025-09-15-12-38-0515083eed.yaml,0.2569444477558136,0.2569444477558136,0.1659831404685974,0.2569444477558136,0.1855311244726181,0.2569444477558136
evaluate_harcnn,id_e8c94ea211be,id_53f70e15fa7a,completed,1,True,id_58a400b02098,supervised,harcnn,full_finetune_lr2,id_b1f5143574a1,multimodal_df,daghar_standardized_balanced,rw_waist,test,config_0,multimodal_perc_100,id_c2d68cc99d8f,har,evaluate,full_run,/workspaces/HIAAC-KR-Dev-Container/Minerva-Exps/benchmarks/experiments/paper_daghar_supervised_3runs_perlr_samples_down_seed_harcnn_125/logs/id_e8c94ea211be/final,41a67df3c4,/workspaces/HIAAC-KR-Dev-Container/Minerva-Exps/benchmarks/experiments/paper_daghar_supervised_3runs_perlr_samples_down_seed_harcnn_125/logs/id_e8c94ea211be/final/metrics_2025-09-15-12-37-41a67df3c4.yaml,/workspaces/HIAAC-KR-Dev-Container/Minerva-Exps/benchmarks/experiments/paper_daghar_supervised_3runs_perlr_samples_down_seed_harcnn_125/logs/id_e8c94ea211be/final/run_2025-09-15-12-37-41a67df3c4.yaml,0.5590277910232544,0.5590277314186096,0.517505407333374,0.5590277910232544,0.539103627204895,0.5590277910232544
evaluate_harcnn,id_eb640ebe1009,id_2e5a0480a83d,completed,1,True,id_205d675a6782,supervised,harcnn,full_finetune_lr1,id_2cb57fb4e55b,multimodal_df,daghar_standardized_balanced,wisdm,test,config_0,multimodal_perc_100,id_c2d68cc99d8f,har,evaluate,full_run,/workspaces/HIAAC-KR-Dev-Container/Minerva-Exps/benchmarks/experiments/paper_daghar_supervised_3runs_perlr_samples_down_seed_harcnn_125/logs/id_eb640ebe1009/final,48c063cd11,/workspaces/HIAAC-KR-Dev-Container/Minerva-Exps/benchmarks/experiments/paper_daghar_supervised_3runs_perlr_samples_down_seed_harcnn_125/logs/id_eb640ebe1009/final/metrics_2025-09-15-12-37-48c063cd11.yaml,/workspaces/HIAAC-KR-Dev-Container/Minerva-Exps/benchmarks/experiments/paper_daghar_supervised_3runs_perlr_samples_down_seed_harcnn_125/logs/id_eb640ebe1009/final/run_2025-09-15-12-37-48c063cd11.yaml,0.4523809552192688,0.4523809552192688,0.34294402599334717,0.4523809552192688,0.3279980719089508,0.4523809552192688
evaluate_harcnn,id_ecedf5c35a2e,id_20226b3e7680,completed,1,True,id_205d675a6782,supervised,harcnn,full_finetune_lr1,id_5365127f28e8,multimodal_df,daghar_standardized_balanced,kuhar,test,config_0,multimodal_perc_100,id_c2d68cc99d8f,har,evaluate,full_run,/workspaces/HIAAC-KR-Dev-Container/Minerva-Exps/benchmarks/experiments/paper_daghar_supervised_3runs_perlr_samples_down_seed_harcnn_125/logs/id_ecedf5c35a2e/final,13c2687ce9,/workspaces/HIAAC-KR-Dev-Container/Minerva-Exps/benchmarks/experiments/paper_daghar_supervised_3runs_perlr_samples_down_seed_harcnn_125/logs/id_ecedf5c35a2e/final/metrics_2025-09-15-12-38-13c2687ce9.yaml,/workspaces/HIAAC-KR-Dev-Container/Minerva-Exps/benchmarks/experiments/paper_daghar_supervised_3runs_perlr_samples_down_seed_harcnn_125/logs/id_ecedf5c35a2e/final/run_2025-09-15-12-38-13c2687ce9.yaml,0.2638888955116272,0.2638888657093048,0.1468864530324936,0.2638888955116272,0.11781609058380127,0.2638888955116272
evaluate_harcnn,id_ec096c186760,id_3bb60bf7a4b9,completed,1,True,id_74afc850e220,supervised,harcnn,full_finetune_lr5,id_e7f63cc66b02,multimodal_df,daghar_standardized_balanced,motionsense,test,config_0,multimodal_perc_100,id_c2d68cc99d8f,har,evaluate,full_run,/workspaces/HIAAC-KR-Dev-Container/Minerva-Exps/benchmarks/experiments/paper_daghar_supervised_3runs_perlr_samples_down_seed_harcnn_125/logs/id_ec096c186760/final,04e79c1c9c,/workspaces/HIAAC-KR-Dev-Container/Minerva-Exps/benchmarks/experiments/paper_daghar_supervised_3runs_perlr_samples_down_seed_harcnn_125/logs/id_ec096c186760/final/metrics_2025-09-15-12-38-04e79c1c9c.yaml,/workspaces/HIAAC-KR-Dev-Container/Minerva-Exps/benchmarks/experiments/paper_daghar_supervised_3runs_perlr_samples_down_seed_harcnn_125/logs/id_ec096c186760/final/run_2025-09-15-12-38-04e79c1c9c.yaml,0.8032014966011047,0.8032014966011047,0.7786640524864197,0.8032014966011047,0.8422572612762451,0.8032014966011047
evaluate_harcnn,id_f004324712b3,id_c2c440bf2411,completed,1,True,id_74afc850e220,supervised,harcnn,full_finetune_lr5,id_5365127f28e8,multimodal_df,daghar_standardized_balanced,kuhar,test,config_0,multimodal_perc_100,id_c2d68cc99d8f,har,evaluate,full_run,/workspaces/HIAAC-KR-Dev-Container/Minerva-Exps/benchmarks/experiments/paper_daghar_supervised_3runs_perlr_samples_down_seed_harcnn_125/logs/id_f004324712b3/final,2303b289b4,/workspaces/HIAAC-KR-Dev-Container/Minerva-Exps/benchmarks/experiments/paper_daghar_supervised_3runs_perlr_samples_down_seed_harcnn_125/logs/id_f004324712b3/final/metrics_2025-09-15-12-38-2303b289b4.yaml,/workspaces/HIAAC-KR-Dev-Container/Minerva-Exps/benchmarks/experiments/paper_daghar_supervised_3runs_perlr_samples_down_seed_harcnn_125/logs/id_f004324712b3/final/run_2025-09-15-12-38-2303b289b4.yaml,0.6388888955116272,0.6388888955116272,0.5684865713119507,0.6388888955116272,0.5649850368499756,0.6388888955116272
evaluate_harcnn,id_ebfbb7d70ca2,id_e54bd0b1aede,completed,1,True,id_74afc850e220,supervised,harcnn,full_finetune_lr5,id_2cb57fb4e55b,multimodal_df,daghar_standardized_balanced,wisdm,test,config_0,multimodal_perc_100,id_c2d68cc99d8f,har,evaluate,full_run,/workspaces/HIAAC-KR-Dev-Container/Minerva-Exps/benchmarks/experiments/paper_daghar_supervised_3runs_perlr_samples_down_seed_harcnn_125/logs/id_ebfbb7d70ca2/final,54facc6899,/workspaces/HIAAC-KR-Dev-Container/Minerva-Exps/benchmarks/experiments/paper_daghar_supervised_3runs_perlr_samples_down_seed_harcnn_125/logs/id_ebfbb7d70ca2/final/metrics_2025-09-15-12-37-54facc6899.yaml,/workspaces/HIAAC-KR-Dev-Container/Minerva-Exps/benchmarks/experiments/paper_daghar_supervised_3runs_perlr_samples_down_seed_harcnn_125/logs/id_ebfbb7d70ca2/final/run_2025-09-15-12-37-54facc6899.yaml,0.683563768863678,0.683563768863678,0.6096553802490234,0.683563768863678,0.5916481018066406,0.6835637092590332
evaluate_harcnn,id_ed620ed41686,id_d44a2b1a32fb,completed,1,True,id_58a400b02098,supervised,harcnn,full_finetune_lr2,id_e7f63cc66b02,multimodal_df,daghar_standardized_balanced,motionsense,test,config_0,multimodal_perc_100,id_c2d68cc99d8f,har,evaluate,full_run,/workspaces/HIAAC-KR-Dev-Container/Minerva-Exps/benchmarks/experiments/paper_daghar_supervised_3runs_perlr_samples_down_seed_harcnn_125/logs/id_ed620ed41686/final,2152e38a3b,/workspaces/HIAAC-KR-Dev-Container/Minerva-Exps/benchmarks/experiments/paper_daghar_supervised_3runs_perlr_samples_down_seed_harcnn_125/logs/id_ed620ed41686/final/metrics_2025-09-15-12-38-2152e38a3b.yaml,/workspaces/HIAAC-KR-Dev-Container/Minerva-Exps/benchmarks/experiments/paper_daghar_supervised_3runs_perlr_samples_down_seed_harcnn_125/logs/id_ed620ed41686/final/run_2025-09-15-12-38-2152e38a3b.yaml,0.7862523794174194,0.7862524390220642,0.7301818132400513,0.7862523794174194,0.7049674987792969,0.7862523794174194
evaluate_harcnn,id_f0834d04dd13,id_c50a409bfc3e,completed,1,True,id_74afc850e220,supervised,harcnn,full_finetune_lr5,id_14a6ecc69dec,multimodal_df,daghar_standardized_balanced,uci,test,config_0,multimodal_perc_100,id_c2d68cc99d8f,har,evaluate,full_run,/workspaces/HIAAC-KR-Dev-Container/Minerva-Exps/benchmarks/experiments/paper_daghar_supervised_3runs_perlr_samples_down_seed_harcnn_125/logs/id_f0834d04dd13/final,3098c0bce7,/workspaces/HIAAC-KR-Dev-Container/Minerva-Exps/benchmarks/experiments/paper_daghar_supervised_3runs_perlr_samples_down_seed_harcnn_125/logs/id_f0834d04dd13/final/metrics_2025-09-15-12-38-3098c0bce7.yaml,/workspaces/HIAAC-KR-Dev-Container/Minerva-Exps/benchmarks/experiments/paper_daghar_supervised_3runs_perlr_samples_down_seed_harcnn_125/logs/id_f0834d04dd13/final/run_2025-09-15-12-38-3098c0bce7.yaml,0.813043475151062,0.8130434155464172,0.8000519871711731,0.813043475151062,0.8247219920158386,0.813043475151062
evaluate_harcnn,id_ee29bdfc9124,id_c6b6e73a88d6,completed,1,True,id_58a400b02098,supervised,harcnn,full_finetune_lr2,id_2cb57fb4e55b,multimodal_df,daghar_standardized_balanced,wisdm,test,config_0,multimodal_perc_100,id_c2d68cc99d8f,har,evaluate,full_run,/workspaces/HIAAC-KR-Dev-Container/Minerva-Exps/benchmarks/experiments/paper_daghar_supervised_3runs_perlr_samples_down_seed_harcnn_125/logs/id_ee29bdfc9124/final,2162ffd5e6,/workspaces/HIAAC-KR-Dev-Container/Minerva-Exps/benchmarks/experiments/paper_daghar_supervised_3runs_perlr_samples_down_seed_harcnn_125/logs/id_ee29bdfc9124/final/metrics_2025-09-15-12-38-2162ffd5e6.yaml,/workspaces/HIAAC-KR-Dev-Container/Minerva-Exps/benchmarks/experiments/paper_daghar_supervised_3runs_perlr_samples_down_seed_harcnn_125/logs/id_ee29bdfc9124/final/run_2025-09-15-12-38-2162ffd5e6.yaml,0.7023809552192688,0.7023809552192688,0.6232209205627441,0.7023809552192688,0.5892935991287231,0.7023809552192688
evaluate_harcnn,id_f3048cda535c,id_27c42b70958f,completed,1,True,id_58a400b02098,supervised,harcnn,full_finetune_lr2,id_5365127f28e8,multimodal_df,daghar_standardized_balanced,kuhar,test,config_0,multimodal_perc_100,id_c2d68cc99d8f,har,evaluate,full_run,/workspaces/HIAAC-KR-Dev-Container/Minerva-Exps/benchmarks/experiments/paper_daghar_supervised_3runs_perlr_samples_down_seed_harcnn_125/logs/id_f3048cda535c/final,458564042f,/workspaces/HIAAC-KR-Dev-Container/Minerva-Exps/benchmarks/experiments/paper_daghar_supervised_3runs_perlr_samples_down_seed_harcnn_125/logs/id_f3048cda535c/final/metrics_2025-09-15-12-38-458564042f.yaml,/workspaces/HIAAC-KR-Dev-Container/Minerva-Exps/benchmarks/experiments/paper_daghar_supervised_3runs_perlr_samples_down_seed_harcnn_125/logs/id_f3048cda535c/final/run_2025-09-15-12-38-458564042f.yaml,0.5347222089767456,0.5347222089767456,0.42371150851249695,0.5347222089767456,0.376436710357666,0.5347222089767456
evaluate_harcnn,id_f23356a4903b,id_1fa42ed1fca3,completed,1,True,id_58a400b02098,supervised,harcnn,full_finetune_lr2,id_e7f63cc66b02,multimodal_df,daghar_standardized_balanced,motionsense,test,config_0,multimodal_perc_100,id_c2d68cc99d8f,har,evaluate,full_run,/workspaces/HIAAC-KR-Dev-Container/Minerva-Exps/benchmarks/experiments/paper_daghar_supervised_3runs_perlr_samples_down_seed_harcnn_125/logs/id_f23356a4903b/final,39492d5f8f,/workspaces/HIAAC-KR-Dev-Container/Minerva-Exps/benchmarks/experiments/paper_daghar_supervised_3runs_perlr_samples_down_seed_harcnn_125/logs/id_f23356a4903b/final/metrics_2025-09-15-12-38-39492d5f8f.yaml,/workspaces/HIAAC-KR-Dev-Container/Minerva-Exps/benchmarks/experiments/paper_daghar_supervised_3runs_perlr_samples_down_seed_harcnn_125/logs/id_f23356a4903b/final/run_2025-09-15-12-38-39492d5f8f.yaml,0.6261770129203796,0.6261770129203796,0.5681135654449463,0.6261770129203796,0.6136847138404846,0.6261770129203796
evaluate_harcnn,id_f1cba286ed8f,id_5682d0191c53,completed,1,True,id_58a400b02098,supervised,harcnn,full_finetune_lr2,id_e7f63cc66b02,multimodal_df,daghar_standardized_balanced,motionsense,test,config_0,multimodal_perc_100,id_c2d68cc99d8f,har,evaluate,full_run,/workspaces/HIAAC-KR-Dev-Container/Minerva-Exps/benchmarks/experiments/paper_daghar_supervised_3runs_perlr_samples_down_seed_harcnn_125/logs/id_f1cba286ed8f/final,39a65e391e,/workspaces/HIAAC-KR-Dev-Container/Minerva-Exps/benchmarks/experiments/paper_daghar_supervised_3runs_perlr_samples_down_seed_harcnn_125/logs/id_f1cba286ed8f/final/metrics_2025-09-15-12-38-39a65e391e.yaml,/workspaces/HIAAC-KR-Dev-Container/Minerva-Exps/benchmarks/experiments/paper_daghar_supervised_3runs_perlr_samples_down_seed_harcnn_125/logs/id_f1cba286ed8f/final/run_2025-09-15-12-38-39a65e391e.yaml,0.7984933853149414,0.7984933853149414,0.7459795475006104,0.7984933853149414,0.7230234146118164,0.7984933853149414
evaluate_harcnn,id_eebd619856f8,id_7f3f5316b7ee,completed,1,True,id_74afc850e220,supervised,harcnn,full_finetune_lr5,id_2cb57fb4e55b,multimodal_df,daghar_standardized_balanced,wisdm,test,config_0,multimodal_perc_100,id_c2d68cc99d8f,har,evaluate,full_run,/workspaces/HIAAC-KR-Dev-Container/Minerva-Exps/benchmarks/experiments/paper_daghar_supervised_3runs_perlr_samples_down_seed_harcnn_125/logs/id_eebd619856f8/final,233ec88d43,/workspaces/HIAAC-KR-Dev-Container/Minerva-Exps/benchmarks/experiments/paper_daghar_supervised_3runs_perlr_samples_down_seed_harcnn_125/logs/id_eebd619856f8/final/metrics_2025-09-15-12-38-233ec88d43.yaml,/workspaces/HIAAC-KR-Dev-Container/Minerva-Exps/benchmarks/experiments/paper_daghar_supervised_3runs_perlr_samples_down_seed_harcnn_125/logs/id_eebd619856f8/final/run_2025-09-15-12-38-233ec88d43.yaml,0.735023021697998,0.735023021697998,0.6847540140151978,0.735023021697998,0.7291440963745117,0.735023021697998
evaluate_harcnn,id_ef03bcba0035,id_5306c46afed7,completed,1,True,id_74afc850e220,supervised,harcnn,full_finetune_lr5,id_f390297e57d1,multimodal_df,daghar_standardized_balanced,rw_thigh,test,config_0,multimodal_perc_100,id_c2d68cc99d8f,har,evaluate,full_run,/workspaces/HIAAC-KR-Dev-Container/Minerva-Exps/benchmarks/experiments/paper_daghar_supervised_3runs_perlr_samples_down_seed_harcnn_125/logs/id_ef03bcba0035/final,236124b67f,/workspaces/HIAAC-KR-Dev-Container/Minerva-Exps/benchmarks/experiments/paper_daghar_supervised_3runs_perlr_samples_down_seed_harcnn_125/logs/id_ef03bcba0035/final/metrics_2025-09-15-12-38-236124b67f.yaml,/workspaces/HIAAC-KR-Dev-Container/Minerva-Exps/benchmarks/experiments/paper_daghar_supervised_3runs_perlr_samples_down_seed_harcnn_125/logs/id_ef03bcba0035/final/run_2025-09-15-12-38-236124b67f.yaml,0.4458247125148773,0.4458247125148773,0.407974511384964,0.4458247125148773,0.4243898391723633,0.4458247125148773
evaluate_harcnn,id_f06db1f55bd3,id_0b3e18861f6e,completed,1,True,id_74afc850e220,supervised,harcnn,full_finetune_lr5,id_2cb57fb4e55b,multimodal_df,daghar_standardized_balanced,wisdm,test,config_0,multimodal_perc_100,id_c2d68cc99d8f,har,evaluate,full_run,/workspaces/HIAAC-KR-Dev-Container/Minerva-Exps/benchmarks/experiments/paper_daghar_supervised_3runs_perlr_samples_down_seed_harcnn_125/logs/id_f06db1f55bd3/final,30014ce529,/workspaces/HIAAC-KR-Dev-Container/Minerva-Exps/benchmarks/experiments/paper_daghar_supervised_3runs_perlr_samples_down_seed_harcnn_125/logs/id_f06db1f55bd3/final/metrics_2025-09-15-12-38-30014ce529.yaml,/workspaces/HIAAC-KR-Dev-Container/Minerva-Exps/benchmarks/experiments/paper_daghar_supervised_3runs_perlr_samples_down_seed_harcnn_125/logs/id_f06db1f55bd3/final/run_2025-09-15-12-38-30014ce529.yaml,0.5733487010002136,0.5733487010002136,0.4745533764362335,0.5733487010002136,0.5451777577400208,0.5733487010002136
evaluate_harcnn,id_f554392d0d2d,id_efbe24507c4b,completed,1,True,id_58a400b02098,supervised,harcnn,full_finetune_lr2,id_14a6ecc69dec,multimodal_df,daghar_standardized_balanced,uci,test,config_0,multimodal_perc_100,id_c2d68cc99d8f,har,evaluate,full_run,/workspaces/HIAAC-KR-Dev-Container/Minerva-Exps/benchmarks/experiments/paper_daghar_supervised_3runs_perlr_samples_down_seed_harcnn_125/logs/id_f554392d0d2d/final,0454544b8b,/workspaces/HIAAC-KR-Dev-Container/Minerva-Exps/benchmarks/experiments/paper_daghar_supervised_3runs_perlr_samples_down_seed_harcnn_125/logs/id_f554392d0d2d/final/metrics_2025-09-15-12-39-0454544b8b.yaml,/workspaces/HIAAC-KR-Dev-Container/Minerva-Exps/benchmarks/experiments/paper_daghar_supervised_3runs_perlr_samples_down_seed_harcnn_125/logs/id_f554392d0d2d/final/run_2025-09-15-12-39-0454544b8b.yaml,0.760869562625885,0.760869562625885,0.7265037298202515,0.760869562625885,0.766242504119873,0.7608696222305298
evaluate_harcnn,id_f40fa5a70e0c,id_9b8510459c4b,completed,1,True,id_74afc850e220,supervised,harcnn,full_finetune_lr5,id_e7f63cc66b02,multimodal_df,daghar_standardized_balanced,motionsense,test,config_0,multimodal_perc_100,id_c2d68cc99d8f,har,evaluate,full_run,/workspaces/HIAAC-KR-Dev-Container/Minerva-Exps/benchmarks/experiments/paper_daghar_supervised_3runs_perlr_samples_down_seed_harcnn_125/logs/id_f40fa5a70e0c/final,02bb7085aa,/workspaces/HIAAC-KR-Dev-Container/Minerva-Exps/benchmarks/experiments/paper_daghar_supervised_3runs_perlr_samples_down_seed_harcnn_125/logs/id_f40fa5a70e0c/final/metrics_2025-09-15-12-39-02bb7085aa.yaml,/workspaces/HIAAC-KR-Dev-Container/Minerva-Exps/benchmarks/experiments/paper_daghar_supervised_3runs_perlr_samples_down_seed_harcnn_125/logs/id_f40fa5a70e0c/final/run_2025-09-15-12-39-02bb7085aa.yaml,0.639359712600708,0.639359712600708,0.5803209543228149,0.639359712600708,0.6424360871315002,0.639359712600708
evaluate_harcnn,id_f35110eb7d54,id_877c8003d204,completed,1,True,id_58a400b02098,supervised,harcnn,full_finetune_lr2,id_2cb57fb4e55b,multimodal_df,daghar_standardized_balanced,wisdm,test,config_0,multimodal_perc_100,id_c2d68cc99d8f,har,evaluate,full_run,/workspaces/HIAAC-KR-Dev-Container/Minerva-Exps/benchmarks/experiments/paper_daghar_supervised_3runs_perlr_samples_down_seed_harcnn_125/logs/id_f35110eb7d54/final,5104b5befe,/workspaces/HIAAC-KR-Dev-Container/Minerva-Exps/benchmarks/experiments/paper_daghar_supervised_3runs_perlr_samples_down_seed_harcnn_125/logs/id_f35110eb7d54/final/metrics_2025-09-15-12-38-5104b5befe.yaml,/workspaces/HIAAC-KR-Dev-Container/Minerva-Exps/benchmarks/experiments/paper_daghar_supervised_3runs_perlr_samples_down_seed_harcnn_125/logs/id_f35110eb7d54/final/run_2025-09-15-12-38-5104b5befe.yaml,0.7223502397537231,0.7223502397537231,0.6447809934616089,0.7223502397537231,0.744331955909729,0.7223502397537231
evaluate_harcnn,id_f5173c328f99,id_1f148acc38e5,completed,1,True,id_205d675a6782,supervised,harcnn,full_finetune_lr1,id_2cb57fb4e55b,multimodal_df,daghar_standardized_balanced,wisdm,test,config_0,multimodal_perc_100,id_c2d68cc99d8f,har,evaluate,full_run,/workspaces/HIAAC-KR-Dev-Container/Minerva-Exps/benchmarks/experiments/paper_daghar_supervised_3runs_perlr_samples_down_seed_harcnn_125/logs/id_f5173c328f99/final,033874ba0d,/workspaces/HIAAC-KR-Dev-Container/Minerva-Exps/benchmarks/experiments/paper_daghar_supervised_3runs_perlr_samples_down_seed_harcnn_125/logs/id_f5173c328f99/final/metrics_2025-09-15-12-39-033874ba0d.yaml,/workspaces/HIAAC-KR-Dev-Container/Minerva-Exps/benchmarks/experiments/paper_daghar_supervised_3runs_perlr_samples_down_seed_harcnn_125/logs/id_f5173c328f99/final/run_2025-09-15-12-39-033874ba0d.yaml,0.3556067645549774,0.3556067645549774,0.2575927972793579,0.3556067645549774,0.31900399923324585,0.3556067645549774
evaluate_harcnn,id_f69732dc8fbe,id_73726910e8c1,completed,1,True,id_205d675a6782,supervised,harcnn,full_finetune_lr1,id_f390297e57d1,multimodal_df,daghar_standardized_balanced,rw_thigh,test,config_0,multimodal_perc_100,id_c2d68cc99d8f,har,evaluate,full_run,/workspaces/HIAAC-KR-Dev-Container/Minerva-Exps/benchmarks/experiments/paper_daghar_supervised_3runs_perlr_samples_down_seed_harcnn_125/logs/id_f69732dc8fbe/final,12a24f50b6,/workspaces/HIAAC-KR-Dev-Container/Minerva-Exps/benchmarks/experiments/paper_daghar_supervised_3runs_perlr_samples_down_seed_harcnn_125/logs/id_f69732dc8fbe/final/metrics_2025-09-15-12-39-12a24f50b6.yaml,/workspaces/HIAAC-KR-Dev-Container/Minerva-Exps/benchmarks/experiments/paper_daghar_supervised_3runs_perlr_samples_down_seed_harcnn_125/logs/id_f69732dc8fbe/final/run_2025-09-15-12-39-12a24f50b6.yaml,0.2808833718299866,0.2808833718299866,0.18833152949810028,0.2808833718299866,0.19802623987197876,0.2808833718299866
evaluate_harcnn,id_f63cfb3859bf,id_1d9b4cc85864,completed,1,True,id_205d675a6782,supervised,harcnn,full_finetune_lr1,id_f390297e57d1,multimodal_df,daghar_standardized_balanced,rw_thigh,test,config_0,multimodal_perc_100,id_c2d68cc99d8f,har,evaluate,full_run,/workspaces/HIAAC-KR-Dev-Container/Minerva-Exps/benchmarks/experiments/paper_daghar_supervised_3runs_perlr_samples_down_seed_harcnn_125/logs/id_f63cfb3859bf/final,07b8f97f8b,/workspaces/HIAAC-KR-Dev-Container/Minerva-Exps/benchmarks/experiments/paper_daghar_supervised_3runs_perlr_samples_down_seed_harcnn_125/logs/id_f63cfb3859bf/final/metrics_2025-09-15-12-39-07b8f97f8b.yaml,/workspaces/HIAAC-KR-Dev-Container/Minerva-Exps/benchmarks/experiments/paper_daghar_supervised_3runs_perlr_samples_down_seed_harcnn_125/logs/id_f63cfb3859bf/final/run_2025-09-15-12-39-07b8f97f8b.yaml,0.28605934977531433,0.28605934977531433,0.19217121601104736,0.28605934977531433,0.19821056723594666,0.28605934977531433
evaluate_harcnn,id_f4040844fcc1,id_1616a95af0d9,completed,1,True,id_58a400b02098,supervised,harcnn,full_finetune_lr2,id_f390297e57d1,multimodal_df,daghar_standardized_balanced,rw_thigh,test,config_0,multimodal_perc_100,id_c2d68cc99d8f,har,evaluate,full_run,/workspaces/HIAAC-KR-Dev-Container/Minerva-Exps/benchmarks/experiments/paper_daghar_supervised_3runs_perlr_samples_down_seed_harcnn_125/logs/id_f4040844fcc1/final,595e1af74d,/workspaces/HIAAC-KR-Dev-Container/Minerva-Exps/benchmarks/experiments/paper_daghar_supervised_3runs_perlr_samples_down_seed_harcnn_125/logs/id_f4040844fcc1/final/metrics_2025-09-15-12-38-595e1af74d.yaml,/workspaces/HIAAC-KR-Dev-Container/Minerva-Exps/benchmarks/experiments/paper_daghar_supervised_3runs_perlr_samples_down_seed_harcnn_125/logs/id_f4040844fcc1/final/run_2025-09-15-12-38-595e1af74d.yaml,0.5058661103248596,0.5058661103248596,0.4269196391105652,0.5058661103248596,0.4357868432998657,0.5058661103248596
evaluate_harcnn,id_f97121577d52,id_6d58286ee92a,completed,1,True,id_205d675a6782,supervised,harcnn,full_finetune_lr1,id_5365127f28e8,multimodal_df,daghar_standardized_balanced,kuhar,test,config_0,multimodal_perc_100,id_c2d68cc99d8f,har,evaluate,full_run,/workspaces/HIAAC-KR-Dev-Container/Minerva-Exps/benchmarks/experiments/paper_daghar_supervised_3runs_perlr_samples_down_seed_harcnn_125/logs/id_f97121577d52/final,297a2bcb3c,/workspaces/HIAAC-KR-Dev-Container/Minerva-Exps/benchmarks/experiments/paper_daghar_supervised_3runs_perlr_samples_down_seed_harcnn_125/logs/id_f97121577d52/final/metrics_2025-09-15-12-39-297a2bcb3c.yaml,/workspaces/HIAAC-KR-Dev-Container/Minerva-Exps/benchmarks/experiments/paper_daghar_supervised_3runs_perlr_samples_down_seed_harcnn_125/logs/id_f97121577d52/final/run_2025-09-15-12-39-297a2bcb3c.yaml,0.1875,0.1875,0.11622730642557144,0.1875,0.08524884283542633,0.1875
evaluate_harcnn,id_f798416a2490,id_95bf9b261bfc,completed,1,True,id_58a400b02098,supervised,harcnn,full_finetune_lr2,id_e7f63cc66b02,multimodal_df,daghar_standardized_balanced,motionsense,test,config_0,multimodal_perc_100,id_c2d68cc99d8f,har,evaluate,full_run,/workspaces/HIAAC-KR-Dev-Container/Minerva-Exps/benchmarks/experiments/paper_daghar_supervised_3runs_perlr_samples_down_seed_harcnn_125/logs/id_f798416a2490/final,242bca5b51,/workspaces/HIAAC-KR-Dev-Container/Minerva-Exps/benchmarks/experiments/paper_daghar_supervised_3runs_perlr_samples_down_seed_harcnn_125/logs/id_f798416a2490/final/metrics_2025-09-15-12-39-242bca5b51.yaml,/workspaces/HIAAC-KR-Dev-Container/Minerva-Exps/benchmarks/experiments/paper_daghar_supervised_3runs_perlr_samples_down_seed_harcnn_125/logs/id_f798416a2490/final/run_2025-09-15-12-39-242bca5b51.yaml,0.3116760849952698,0.3116760849952698,0.17815037071704865,0.3116760849952698,0.136174738407135,0.3116760849952698
evaluate_harcnn,id_f9ef9500dd56,id_5fd50b5da07a,completed,1,True,id_74afc850e220,supervised,harcnn,full_finetune_lr5,id_14a6ecc69dec,multimodal_df,daghar_standardized_balanced,uci,test,config_0,multimodal_perc_100,id_c2d68cc99d8f,har,evaluate,full_run,/workspaces/HIAAC-KR-Dev-Container/Minerva-Exps/benchmarks/experiments/paper_daghar_supervised_3runs_perlr_samples_down_seed_harcnn_125/logs/id_f9ef9500dd56/final,3112e8d234,/workspaces/HIAAC-KR-Dev-Container/Minerva-Exps/benchmarks/experiments/paper_daghar_supervised_3runs_perlr_samples_down_seed_harcnn_125/logs/id_f9ef9500dd56/final/metrics_2025-09-15-12-39-3112e8d234.yaml,/workspaces/HIAAC-KR-Dev-Container/Minerva-Exps/benchmarks/experiments/paper_daghar_supervised_3runs_perlr_samples_down_seed_harcnn_125/logs/id_f9ef9500dd56/final/run_2025-09-15-12-39-3112e8d234.yaml,0.7971014380455017,0.7971014380455017,0.7798963785171509,0.7971014380455017,0.8009415864944458,0.7971014976501465
evaluate_harcnn,id_fb9971122402,id_fd075345eab3,completed,1,True,id_58a400b02098,supervised,harcnn,full_finetune_lr2,id_5365127f28e8,multimodal_df,daghar_standardized_balanced,kuhar,test,config_0,multimodal_perc_100,id_c2d68cc99d8f,har,evaluate,full_run,/workspaces/HIAAC-KR-Dev-Container/Minerva-Exps/benchmarks/experiments/paper_daghar_supervised_3runs_perlr_samples_down_seed_harcnn_125/logs/id_fb9971122402/final,4207f10835,/workspaces/HIAAC-KR-Dev-Container/Minerva-Exps/benchmarks/experiments/paper_daghar_supervised_3runs_perlr_samples_down_seed_harcnn_125/logs/id_fb9971122402/final/metrics_2025-09-15-12-39-4207f10835.yaml,/workspaces/HIAAC-KR-Dev-Container/Minerva-Exps/benchmarks/experiments/paper_daghar_supervised_3runs_perlr_samples_down_seed_harcnn_125/logs/id_fb9971122402/final/run_2025-09-15-12-39-4207f10835.yaml,0.5833333134651184,0.5833333134651184,0.46953263878822327,0.5833333134651184,0.4056818187236786,0.5833333134651184
evaluate_harcnn,id_f6fb7ae4d99e,id_a97d5286c99a,completed,1,True,id_58a400b02098,supervised,harcnn,full_finetune_lr2,id_b1f5143574a1,multimodal_df,daghar_standardized_balanced,rw_waist,test,config_0,multimodal_perc_100,id_c2d68cc99d8f,har,evaluate,full_run,/workspaces/HIAAC-KR-Dev-Container/Minerva-Exps/benchmarks/experiments/paper_daghar_supervised_3runs_perlr_samples_down_seed_harcnn_125/logs/id_f6fb7ae4d99e/final,20e4a4e042,/workspaces/HIAAC-KR-Dev-Container/Minerva-Exps/benchmarks/experiments/paper_daghar_supervised_3runs_perlr_samples_down_seed_harcnn_125/logs/id_f6fb7ae4d99e/final/metrics_2025-09-15-12-39-20e4a4e042.yaml,/workspaces/HIAAC-KR-Dev-Container/Minerva-Exps/benchmarks/experiments/paper_daghar_supervised_3runs_perlr_samples_down_seed_harcnn_125/logs/id_f6fb7ae4d99e/final/run_2025-09-15-12-39-20e4a4e042.yaml,0.5555555820465088,0.5555555820465088,0.4882226884365082,0.5555555820465088,0.5034560561180115,0.5555555820465088
evaluate_harcnn,id_f9fdaa216059,id_d6877a32efc4,completed,1,True,id_205d675a6782,supervised,harcnn,full_finetune_lr1,id_f390297e57d1,multimodal_df,daghar_standardized_balanced,rw_thigh,test,config_0,multimodal_perc_100,id_c2d68cc99d8f,har,evaluate,full_run,/workspaces/HIAAC-KR-Dev-Container/Minerva-Exps/benchmarks/experiments/paper_daghar_supervised_3runs_perlr_samples_down_seed_harcnn_125/logs/id_f9fdaa216059/final,364e254de3,/workspaces/HIAAC-KR-Dev-Container/Minerva-Exps/benchmarks/experiments/paper_daghar_supervised_3runs_perlr_samples_down_seed_harcnn_125/logs/id_f9fdaa216059/final/metrics_2025-09-15-12-39-364e254de3.yaml,/workspaces/HIAAC-KR-Dev-Container/Minerva-Exps/benchmarks/experiments/paper_daghar_supervised_3runs_perlr_samples_down_seed_harcnn_125/logs/id_f9fdaa216059/final/run_2025-09-15-12-39-364e254de3.yaml,0.29744651913642883,0.29744651913642883,0.2002071738243103,0.29744651913642883,0.1986364871263504,0.29744651913642883
evaluate_harcnn,id_fa207dd764ee,id_7e3161bb8270,completed,1,True,id_58a400b02098,supervised,harcnn,full_finetune_lr2,id_b1f5143574a1,multimodal_df,daghar_standardized_balanced,rw_waist,test,config_0,multimodal_perc_100,id_c2d68cc99d8f,har,evaluate,full_run,/workspaces/HIAAC-KR-Dev-Container/Minerva-Exps/benchmarks/experiments/paper_daghar_supervised_3runs_perlr_samples_down_seed_harcnn_125/logs/id_fa207dd764ee/final,41ceb02aee,/workspaces/HIAAC-KR-Dev-Container/Minerva-Exps/benchmarks/experiments/paper_daghar_supervised_3runs_perlr_samples_down_seed_harcnn_125/logs/id_fa207dd764ee/final/metrics_2025-09-15-12-39-41ceb02aee.yaml,/workspaces/HIAAC-KR-Dev-Container/Minerva-Exps/benchmarks/experiments/paper_daghar_supervised_3runs_perlr_samples_down_seed_harcnn_125/logs/id_fa207dd764ee/final/run_2025-09-15-12-39-41ceb02aee.yaml,0.5381944179534912,0.5381944179534912,0.45506638288497925,0.5381944179534912,0.5467949509620667,0.538194477558136
evaluate_harcnn,id_fcd78d9ed5f3,id_ca58ec66ad87,completed,1,True,id_205d675a6782,supervised,harcnn,full_finetune_lr1,id_f390297e57d1,multimodal_df,daghar_standardized_balanced,rw_thigh,test,config_0,multimodal_perc_100,id_c2d68cc99d8f,har,evaluate,full_run,/workspaces/HIAAC-KR-Dev-Container/Minerva-Exps/benchmarks/experiments/paper_daghar_supervised_3runs_perlr_samples_down_seed_harcnn_125/logs/id_fcd78d9ed5f3/final,50a0cfe0a9,/workspaces/HIAAC-KR-Dev-Container/Minerva-Exps/benchmarks/experiments/paper_daghar_supervised_3runs_perlr_samples_down_seed_harcnn_125/logs/id_fcd78d9ed5f3/final/metrics_2025-09-15-12-39-50a0cfe0a9.yaml,/workspaces/HIAAC-KR-Dev-Container/Minerva-Exps/benchmarks/experiments/paper_daghar_supervised_3runs_perlr_samples_down_seed_harcnn_125/logs/id_fcd78d9ed5f3/final/run_2025-09-15-12-39-50a0cfe0a9.yaml,0.2995169162750244,0.2995169162750244,0.2008308321237564,0.2995169162750244,0.1966271996498108,0.2995169162750244
evaluate_harcnn,id_fe3714bbce14,id_a6b8b88a7f39,completed,1,True,id_205d675a6782,supervised,harcnn,full_finetune_lr1,id_2cb57fb4e55b,multimodal_df,daghar_standardized_balanced,wisdm,test,config_0,multimodal_perc_100,id_c2d68cc99d8f,har,evaluate,full_run,/workspaces/HIAAC-KR-Dev-Container/Minerva-Exps/benchmarks/experiments/paper_daghar_supervised_3runs_perlr_samples_down_seed_harcnn_125/logs/id_fe3714bbce14/final,594ad34ef0,/workspaces/HIAAC-KR-Dev-Container/Minerva-Exps/benchmarks/experiments/paper_daghar_supervised_3runs_perlr_samples_down_seed_harcnn_125/logs/id_fe3714bbce14/final/metrics_2025-09-15-12-39-594ad34ef0.yaml,/workspaces/HIAAC-KR-Dev-Container/Minerva-Exps/benchmarks/experiments/paper_daghar_supervised_3runs_perlr_samples_down_seed_harcnn_125/logs/id_fe3714bbce14/final/run_2025-09-15-12-39-594ad34ef0.yaml,0.45353302359580994,0.45353302359580994,0.3436896800994873,0.45353302359580994,0.3280385732650757,0.45353302359580994
evaluate_harcnn,id_ff2a7b571d5a,id_aac081e29982,completed,1,True,id_74afc850e220,supervised,harcnn,full_finetune_lr5,id_e7f63cc66b02,multimodal_df,daghar_standardized_balanced,motionsense,test,config_0,multimodal_perc_100,id_c2d68cc99d8f,har,evaluate,full_run,/workspaces/HIAAC-KR-Dev-Container/Minerva-Exps/benchmarks/experiments/paper_daghar_supervised_3runs_perlr_samples_down_seed_harcnn_125/logs/id_ff2a7b571d5a/final,01244f187c,/workspaces/HIAAC-KR-Dev-Container/Minerva-Exps/benchmarks/experiments/paper_daghar_supervised_3runs_perlr_samples_down_seed_harcnn_125/logs/id_ff2a7b571d5a/final/metrics_2025-09-15-12-40-01244f187c.yaml,/workspaces/HIAAC-KR-Dev-Container/Minerva-Exps/benchmarks/experiments/paper_daghar_supervised_3runs_perlr_samples_down_seed_harcnn_125/logs/id_ff2a7b571d5a/final/run_2025-09-15-12-40-01244f187c.yaml,0.7627118825912476,0.7627118229866028,0.7371921539306641,0.7627118825912476,0.8064640760421753,0.7627118825912476
evaluate_harcnn,id_ff5b095427f2,id_5b2397296112,completed,1,True,id_205d675a6782,supervised,harcnn,full_finetune_lr1,id_5365127f28e8,multimodal_df,daghar_standardized_balanced,kuhar,test,config_0,multimodal_perc_100,id_c2d68cc99d8f,har,evaluate,full_run,/workspaces/HIAAC-KR-Dev-Container/Minerva-Exps/benchmarks/experiments/paper_daghar_supervised_3runs_perlr_samples_down_seed_harcnn_125/logs/id_ff5b095427f2/final,1224d374a0,/workspaces/HIAAC-KR-Dev-Container/Minerva-Exps/benchmarks/experiments/paper_daghar_supervised_3runs_perlr_samples_down_seed_harcnn_125/logs/id_ff5b095427f2/final/metrics_2025-09-15-12-40-1224d374a0.yaml,/workspaces/HIAAC-KR-Dev-Container/Minerva-Exps/benchmarks/experiments/paper_daghar_supervised_3runs_perlr_samples_down_seed_harcnn_125/logs/id_ff5b095427f2/final/run_2025-09-15-12-40-1224d374a0.yaml,0.2638888955116272,0.2638888657093048,0.15446320176124573,0.2638888955116272,0.13450711965560913,0.2638888955116272
evaluate_harcnn,id_fbf4e7465c22,id_5b64db62de50,completed,1,True,id_74afc850e220,supervised,harcnn,full_finetune_lr5,id_b1f5143574a1,multimodal_df,daghar_standardized_balanced,rw_waist,test,config_0,multimodal_perc_100,id_c2d68cc99d8f,har,evaluate,full_run,/workspaces/HIAAC-KR-Dev-Container/Minerva-Exps/benchmarks/experiments/paper_daghar_supervised_3runs_perlr_samples_down_seed_harcnn_125/logs/id_fbf4e7465c22/final,474cae92f2,/workspaces/HIAAC-KR-Dev-Container/Minerva-Exps/benchmarks/experiments/paper_daghar_supervised_3runs_perlr_samples_down_seed_harcnn_125/logs/id_fbf4e7465c22/final/metrics_2025-09-15-12-39-474cae92f2.yaml,/workspaces/HIAAC-KR-Dev-Container/Minerva-Exps/benchmarks/experiments/paper_daghar_supervised_3runs_perlr_samples_down_seed_harcnn_125/logs/id_fbf4e7465c22/final/run_2025-09-15-12-39-474cae92f2.yaml,0.6755401492118835,0.6755401492118835,0.6797550320625305,0.6755401492118835,0.7186030745506287,0.6755401492118835
evaluate_harcnn,id_fbb42f6b145d,id_fa15225bf521,completed,1,True,id_74afc850e220,supervised,harcnn,full_finetune_lr5,id_f390297e57d1,multimodal_df,daghar_standardized_balanced,rw_thigh,test,config_0,multimodal_perc_100,id_c2d68cc99d8f,har,evaluate,full_run,/workspaces/HIAAC-KR-Dev-Container/Minerva-Exps/benchmarks/experiments/paper_daghar_supervised_3runs_perlr_samples_down_seed_harcnn_125/logs/id_fbb42f6b145d/final,42498e3481,/workspaces/HIAAC-KR-Dev-Container/Minerva-Exps/benchmarks/experiments/paper_daghar_supervised_3runs_perlr_samples_down_seed_harcnn_125/logs/id_fbb42f6b145d/final/metrics_2025-09-15-12-39-42498e3481.yaml,/workspaces/HIAAC-KR-Dev-Container/Minerva-Exps/benchmarks/experiments/paper_daghar_supervised_3runs_perlr_samples_down_seed_harcnn_125/logs/id_fbb42f6b145d/final/run_2025-09-15-12-39-42498e3481.yaml,0.5734989643096924,0.5734989643096924,0.5458402037620544,0.5734989643096924,0.5928103923797607,0.5734989643096924
evaluate_harcnn,id_fdb54aed5ab9,id_340de576d8e1,completed,1,True,id_205d675a6782,supervised,harcnn,full_finetune_lr1,id_b1f5143574a1,multimodal_df,daghar_standardized_balanced,rw_waist,test,config_0,multimodal_perc_100,id_c2d68cc99d8f,har,evaluate,full_run,/workspaces/HIAAC-KR-Dev-Container/Minerva-Exps/benchmarks/experiments/paper_daghar_supervised_3runs_perlr_samples_down_seed_harcnn_125/logs/id_fdb54aed5ab9/final,525a7b598d,/workspaces/HIAAC-KR-Dev-Container/Minerva-Exps/benchmarks/experiments/paper_daghar_supervised_3runs_perlr_samples_down_seed_harcnn_125/logs/id_fdb54aed5ab9/final/metrics_2025-09-15-12-39-525a7b598d.yaml,/workspaces/HIAAC-KR-Dev-Container/Minerva-Exps/benchmarks/experiments/paper_daghar_supervised_3runs_perlr_samples_down_seed_harcnn_125/logs/id_fdb54aed5ab9/final/run_2025-09-15-12-39-525a7b598d.yaml,0.29745370149612427,0.29745370149612427,0.19308790564537048,0.29745370149612427,0.1797884851694107,0.29745370149612427
