backbone,tsk_pretext,d_pretext,head_pred,ft_strategy,tsk_target,d_target,frac_dtarget,metric_target,metric
CNN-PFF,TNC,KH,MLP,Freeze,HAR,KH,200.0,accuracy,0.25
CNN-PFF,TNC,RW-Waist,MLP,Full Finetune,HAR,RW-Waist,1000.0,accuracy,0.7222222089767456
CNN-PFF,TNC,MS,MLP,Freeze,HAR,MS,100.0,accuracy,0.8032014966011047
CNN-PFF,TNC,UCI,MLP,Freeze,HAR,UCI,100.0,accuracy,0.7710145115852356
CNN-PFF,TNC,WISDM,MLP,Freeze,HAR,WISDM,200.0,accuracy,0.7442396283149719
IMU Transformer,TNC,WISDM,MLP,Freeze,HAR,WISDM,5.0,accuracy,0.6874039769172668
CNN-PFF,TNC,RW-Waist,MLP,Freeze,HAR,RW-Waist,50.0,accuracy,0.6959876418113708
IMU Transformer,TNC,RW-Waist,MLP,Full Finetune,HAR,RW-Waist,200.0,accuracy,0.6890432238578796
CNN-PFF,TNC,RW-Waist,MLP,Full Finetune,HAR,RW-Waist,50.0,accuracy,0.7125771641731262
IMU Transformer,TNC,RW-Waist,MLP,Freeze,HAR,RW-Waist,100.0,accuracy,0.5208333134651184
CNN-PFF,TNC,WISDM,MLP,Freeze,HAR,WISDM,25.0,accuracy,0.6639785170555115
CNN-PFF,TNC,MS,MLP,Freeze,HAR,MS,50.0,accuracy,0.6911487579345703
CNN-PFF,TNC,UCI,MLP,Full Finetune,HAR,UCI,5.0,accuracy,0.591304361820221
IMU Transformer,TNC,MS,MLP,Freeze,HAR,MS,200.0,accuracy,0.639359712600708
CNN-PFF,TNC,WISDM,MLP,Freeze,HAR,WISDM,10.0,accuracy,0.5856375098228455
IMU Transformer,TNC,MS,MLP,Freeze,HAR,MS,25.0,accuracy,0.5386064052581787
CNN-PFF,TNC,UCI,MLP,Full Finetune,HAR,UCI,10.0,accuracy,0.665217399597168
IMU Transformer,TNC,MS,MLP,Freeze,HAR,MS,5.0,accuracy,0.4915254116058349
CNN-PFF,TNC,MS,MLP,Freeze,HAR,MS,1000.0,accuracy,0.8615819215774536
CNN-PFF,TNC,RW-Thigh,MLP,Freeze,HAR,RW-Thigh,200.0,accuracy,0.636991024017334
IMU Transformer,TNC,RW-Thigh,MLP,Freeze,HAR,RW-Thigh,10.0,accuracy,0.3954451382160187
IMU Transformer,TNC,KH,MLP,Full Finetune,HAR,KH,50.0,accuracy,0.5972222089767456
CNN-PFF,TNC,MS,MLP,Freeze,HAR,MS,200.0,accuracy,0.8408662676811218
IMU Transformer,TNC,MS,MLP,Full Finetune,HAR,MS,1.0,accuracy,0.4679849445819855
CNN-PFF,TNC,UCI,MLP,Freeze,HAR,UCI,200.0,accuracy,0.7956521511077881
IMU Transformer,TNC,UCI,MLP,Freeze,HAR,UCI,100.0,accuracy,0.5449275374412537
IMU Transformer,TNC,KH,MLP,Freeze,HAR,KH,200.0,accuracy,0.5694444179534912
IMU Transformer,TNC,RW-Waist,MLP,Full Finetune,HAR,RW-Waist,10.0,accuracy,0.5516975522041321
IMU Transformer,TNC,RW-Thigh,MLP,Full Finetune,HAR,RW-Thigh,10.0,accuracy,0.5396825671195984
IMU Transformer,TNC,KH,MLP,Full Finetune,HAR,KH,1.0,accuracy,0.5069444179534912
CNN-PFF,TNC,KH,MLP,Freeze,HAR,KH,1000.0,accuracy,0.3680555522441864
IMU Transformer,TNC,WISDM,MLP,Freeze,HAR,WISDM,1000.0,accuracy,0.7162058353424072
CNN-PFF,TNC,WISDM,MLP,Full Finetune,HAR,WISDM,1.0,accuracy,0.5433948040008545
CNN-PFF,TNC,KH,MLP,Full Finetune,HAR,KH,50.0,accuracy,0.2083333283662796
CNN-PFF,TNC,MS,MLP,Freeze,HAR,MS,25.0,accuracy,0.6459510326385498
CNN-PFF,TNC,UCI,MLP,Freeze,HAR,UCI,25.0,accuracy,0.6942028999328613
CNN-PFF,TNC,KH,MLP,Full Finetune,HAR,KH,1.0,accuracy,0.1666666716337204
IMU Transformer,TNC,RW-Waist,MLP,Freeze,HAR,RW-Waist,10.0,accuracy,0.511188268661499
IMU Transformer,TNC,MS,MLP,Freeze,HAR,MS,1000.0,accuracy,0.6412429213523865
IMU Transformer,TNC,KH,MLP,Freeze,HAR,KH,1000.0,accuracy,0.5833333134651184
IMU Transformer,TNC,RW-Thigh,MLP,Full Finetune,HAR,RW-Thigh,1.0,accuracy,0.4071773588657379
IMU Transformer,TNC,MS,MLP,Full Finetune,HAR,MS,25.0,accuracy,0.6666666865348816
IMU Transformer,TNC,RW-Waist,MLP,Freeze,HAR,RW-Waist,25.0,accuracy,0.5038580298423767
CNN-PFF,TNC,KH,MLP,Freeze,HAR,KH,5.0,accuracy,0.1944444477558136
CNN-PFF,TNC,WISDM,MLP,Full Finetune,HAR,WISDM,10.0,accuracy,0.7000768184661865
IMU Transformer,TNC,WISDM,MLP,Freeze,HAR,WISDM,50.0,accuracy,0.6632104516029358
IMU Transformer,TNC,WISDM,MLP,Full Finetune,HAR,WISDM,5.0,accuracy,0.5963901877403259
CNN-PFF,TNC,WISDM,MLP,Full Finetune,HAR,WISDM,1000.0,accuracy,0.8517665266990662
IMU Transformer,TNC,WISDM,MLP,Freeze,HAR,WISDM,100.0,accuracy,0.6897081136703491
IMU Transformer,TNC,KH,MLP,Full Finetune,HAR,KH,10.0,accuracy,0.5972222089767456
IMU Transformer,TNC,KH,MLP,Full Finetune,HAR,KH,1000.0,accuracy,0.5694444179534912
CNN-PFF,TNC,RW-Thigh,MLP,Full Finetune,HAR,RW-Thigh,100.0,accuracy,0.7460317611694336
IMU Transformer,TNC,RW-Waist,MLP,Full Finetune,HAR,RW-Waist,1.0,accuracy,0.2361111044883728
IMU Transformer,TNC,UCI,MLP,Freeze,HAR,UCI,25.0,accuracy,0.5318840742111206
CNN-PFF,TNC,RW-Waist,MLP,Freeze,HAR,RW-Waist,25.0,accuracy,0.6697530746459961
CNN-PFF,TNC,MS,MLP,Freeze,HAR,MS,10.0,accuracy,0.4453860521316528
CNN-PFF,TNC,WISDM,MLP,Freeze,HAR,WISDM,5.0,accuracy,0.5825653076171875
CNN-PFF,TNC,KH,MLP,Freeze,HAR,KH,50.0,accuracy,0.4236111044883728
IMU Transformer,TNC,UCI,MLP,Full Finetune,HAR,UCI,50.0,accuracy,0.7884057760238647
IMU Transformer,TNC,RW-Thigh,MLP,Freeze,HAR,RW-Thigh,200.0,accuracy,0.5855762362480164
IMU Transformer,TNC,RW-Thigh,MLP,Full Finetune,HAR,RW-Thigh,50.0,accuracy,0.5569358468055725
CNN-PFF,TNC,RW-Waist,MLP,Full Finetune,HAR,RW-Waist,5.0,accuracy,0.6222993731498718
IMU Transformer,TNC,RW-Waist,MLP,Freeze,HAR,RW-Waist,1000.0,accuracy,0.5636574029922485
IMU Transformer,TNC,RW-Waist,MLP,Full Finetune,HAR,RW-Waist,5.0,accuracy,0.5084876418113708
IMU Transformer,TNC,RW-Thigh,MLP,Full Finetune,HAR,RW-Thigh,100.0,accuracy,0.5979986190795898
CNN-PFF,TNC,MS,MLP,Full Finetune,HAR,MS,1000.0,accuracy,0.8483992218971252
CNN-PFF,TNC,RW-Waist,MLP,Freeze,HAR,RW-Waist,10.0,accuracy,0.4367283880710602
CNN-PFF,TNC,RW-Waist,MLP,Freeze,HAR,RW-Waist,1000.0,accuracy,0.751928985118866
IMU Transformer,TNC,UCI,MLP,Full Finetune,HAR,UCI,1.0,accuracy,0.5159420371055603
IMU Transformer,TNC,MS,MLP,Freeze,HAR,MS,50.0,accuracy,0.5602636337280273
CNN-PFF,TNC,UCI,MLP,Full Finetune,HAR,UCI,200.0,accuracy,0.8115941882133484
IMU Transformer,TNC,KH,MLP,Freeze,HAR,KH,10.0,accuracy,0.4930555522441864
CNN-PFF,TNC,RW-Waist,MLP,Freeze,HAR,RW-Waist,100.0,accuracy,0.7241512537002563
IMU Transformer,TNC,WISDM,MLP,Freeze,HAR,WISDM,200.0,accuracy,0.735023021697998
IMU Transformer,TNC,WISDM,MLP,Freeze,HAR,WISDM,1.0,accuracy,0.5042242407798767
CNN-PFF,TNC,WISDM,MLP,Freeze,HAR,WISDM,100.0,accuracy,0.7476958632469177
CNN-PFF,TNC,KH,MLP,Freeze,HAR,KH,1.0,accuracy,0.4166666567325592
IMU Transformer,TNC,MS,MLP,Full Finetune,HAR,MS,50.0,accuracy,0.700564980506897
IMU Transformer,TNC,UCI,MLP,Full Finetune,HAR,UCI,5.0,accuracy,0.7130434513092041
CNN-PFF,TNC,RW-Waist,MLP,Full Finetune,HAR,RW-Waist,100.0,accuracy,0.6801697611808777
CNN-PFF,TNC,MS,MLP,Full Finetune,HAR,MS,50.0,accuracy,0.8305084705352783
CNN-PFF,TNC,RW-Waist,MLP,Full Finetune,HAR,RW-Waist,10.0,accuracy,0.626928985118866
IMU Transformer,TNC,RW-Waist,MLP,Freeze,HAR,RW-Waist,200.0,accuracy,0.5462962985038757
IMU Transformer,TNC,RW-Waist,MLP,Freeze,HAR,RW-Waist,50.0,accuracy,0.5189043283462524
IMU Transformer,TNC,MS,MLP,Freeze,HAR,MS,1.0,accuracy,0.5094162225723267
CNN-PFF,TNC,RW-Thigh,MLP,Full Finetune,HAR,RW-Thigh,1.0,accuracy,0.3650793731212616
CNN-PFF,TNC,RW-Thigh,MLP,Freeze,HAR,RW-Thigh,25.0,accuracy,0.545548677444458
IMU Transformer,TNC,KH,MLP,Freeze,HAR,KH,50.0,accuracy,0.4930555522441864
CNN-PFF,TNC,MS,MLP,Full Finetune,HAR,MS,1.0,accuracy,0.3323917090892792
IMU Transformer,TNC,UCI,MLP,Freeze,HAR,UCI,1000.0,accuracy,0.5985507369041443
CNN-PFF,TNC,KH,MLP,Freeze,HAR,KH,100.0,accuracy,0.3888888955116272
IMU Transformer,TNC,WISDM,MLP,Full Finetune,HAR,WISDM,1.0,accuracy,0.5491551756858826
CNN-PFF,TNC,MS,MLP,Full Finetune,HAR,MS,5.0,accuracy,0.5160075426101685
CNN-PFF,TNC,WISDM,MLP,Full Finetune,HAR,WISDM,100.0,accuracy,0.7853302359580994
IMU Transformer,TNC,RW-Waist,MLP,Full Finetune,HAR,RW-Waist,25.0,accuracy,0.5875771641731262
CNN-PFF,TNC,RW-Thigh,MLP,Freeze,HAR,RW-Thigh,1000.0,accuracy,0.7084196209907532
CNN-PFF,TNC,WISDM,MLP,Freeze,HAR,WISDM,50.0,accuracy,0.7319508194923401
IMU Transformer,TNC,UCI,MLP,Freeze,HAR,UCI,5.0,accuracy,0.3913043439388275
CNN-PFF,TNC,RW-Waist,MLP,Full Finetune,HAR,RW-Waist,25.0,accuracy,0.6898148059844971
IMU Transformer,TNC,KH,MLP,Full Finetune,HAR,KH,100.0,accuracy,0.625
CNN-PFF,TNC,MS,MLP,Full Finetune,HAR,MS,25.0,accuracy,0.7777777910232544
CNN-PFF,TNC,UCI,MLP,Freeze,HAR,UCI,1000.0,accuracy,0.813043475151062
CNN-PFF,TNC,RW-Waist,MLP,Full Finetune,HAR,RW-Waist,1.0,accuracy,0.167438268661499
IMU Transformer,TNC,RW-Thigh,MLP,Freeze,HAR,RW-Thigh,1.0,accuracy,0.3236714899539947
CNN-PFF,TNC,MS,MLP,Full Finetune,HAR,MS,100.0,accuracy,0.8305084705352783
CNN-PFF,TNC,MS,MLP,Full Finetune,HAR,MS,10.0,accuracy,0.5790960192680359
IMU Transformer,TNC,RW-Thigh,MLP,Freeze,HAR,RW-Thigh,5.0,accuracy,0.4730848968029022
CNN-PFF,TNC,RW-Waist,MLP,Freeze,HAR,RW-Waist,1.0,accuracy,0.375
IMU Transformer,TNC,MS,MLP,Full Finetune,HAR,MS,5.0,accuracy,0.6431261897087097
IMU Transformer,TNC,UCI,MLP,Full Finetune,HAR,UCI,100.0,accuracy,0.8318840861320496
IMU Transformer,TNC,MS,MLP,Full Finetune,HAR,MS,200.0,accuracy,0.7203390002250671
IMU Transformer,TNC,UCI,MLP,Freeze,HAR,UCI,10.0,accuracy,0.5347825884819031
CNN-PFF,TNC,RW-Thigh,MLP,Full Finetune,HAR,RW-Thigh,10.0,accuracy,0.5089716911315918
IMU Transformer,TNC,KH,MLP,Freeze,HAR,KH,5.0,accuracy,0.4513888955116272
IMU Transformer,TNC,WISDM,MLP,Full Finetune,HAR,WISDM,200.0,accuracy,0.7177419066429138
CNN-PFF,TNC,WISDM,MLP,Full Finetune,HAR,WISDM,25.0,accuracy,0.7461597323417664
CNN-PFF,TNC,MS,MLP,Full Finetune,HAR,MS,200.0,accuracy,0.852165699005127
IMU Transformer,TNC,WISDM,MLP,Freeze,HAR,WISDM,25.0,accuracy,0.6201996803283691
IMU Transformer,TNC,UCI,MLP,Freeze,HAR,UCI,1.0,accuracy,0.1753623187541961
IMU Transformer,TNC,MS,MLP,Full Finetune,HAR,MS,1000.0,accuracy,0.7551789283752441
IMU Transformer,TNC,UCI,MLP,Freeze,HAR,UCI,200.0,accuracy,0.6231883764266968
IMU Transformer,TNC,KH,MLP,Freeze,HAR,KH,1.0,accuracy,0.2083333283662796
CNN-PFF,TNC,MS,MLP,Freeze,HAR,MS,5.0,accuracy,0.3239171504974365
CNN-PFF,TNC,UCI,MLP,Full Finetune,HAR,UCI,100.0,accuracy,0.8202898502349854
IMU Transformer,TNC,RW-Thigh,MLP,Full Finetune,HAR,RW-Thigh,25.0,accuracy,0.6363009214401245
IMU Transformer,TNC,WISDM,MLP,Full Finetune,HAR,WISDM,100.0,accuracy,0.6778033971786499
CNN-PFF,TNC,KH,MLP,Full Finetune,HAR,KH,200.0,accuracy,0.4236111044883728
IMU Transformer,TNC,MS,MLP,Full Finetune,HAR,MS,100.0,accuracy,0.6638417840003967
CNN-PFF,TNC,WISDM,MLP,Freeze,HAR,WISDM,1.0,accuracy,0.5545315146446228
IMU Transformer,TNC,UCI,MLP,Freeze,HAR,UCI,50.0,accuracy,0.5782608985900879
CNN-PFF,TNC,UCI,MLP,Freeze,HAR,UCI,1.0,accuracy,0.2710144817829132
CNN-PFF,TNC,KH,MLP,Freeze,HAR,KH,10.0,accuracy,0.1875
CNN-PFF,TNC,KH,MLP,Full Finetune,HAR,KH,5.0,accuracy,0.2083333283662796
CNN-PFF,TNC,RW-Thigh,MLP,Freeze,HAR,RW-Thigh,50.0,accuracy,0.5634920597076416
CNN-PFF,TNC,RW-Thigh,MLP,Freeze,HAR,RW-Thigh,1.0,accuracy,0.19427190721035
IMU Transformer,TNC,WISDM,MLP,Full Finetune,HAR,WISDM,25.0,accuracy,0.7407833933830261
CNN-PFF,TNC,MS,MLP,Freeze,HAR,MS,1.0,accuracy,0.4331450164318084
CNN-PFF,TNC,WISDM,MLP,Full Finetune,HAR,WISDM,50.0,accuracy,0.7764977216720581
IMU Transformer,TNC,RW-Thigh,MLP,Full Finetune,HAR,RW-Thigh,200.0,accuracy,0.5966183543205261
CNN-PFF,TNC,RW-Thigh,MLP,Freeze,HAR,RW-Thigh,100.0,accuracy,0.6770186424255371
CNN-PFF,TNC,KH,MLP,Full Finetune,HAR,KH,10.0,accuracy,0.2013888955116272
IMU Transformer,TNC,KH,MLP,Freeze,HAR,KH,25.0,accuracy,0.4930555522441864
CNN-PFF,TNC,UCI,MLP,Full Finetune,HAR,UCI,1.0,accuracy,0.4144927561283111
IMU Transformer,TNC,WISDM,MLP,Freeze,HAR,WISDM,10.0,accuracy,0.602150559425354
IMU Transformer,TNC,MS,MLP,Full Finetune,HAR,MS,10.0,accuracy,0.6224105358123779
CNN-PFF,TNC,UCI,MLP,Freeze,HAR,UCI,50.0,accuracy,0.7507246136665344
IMU Transformer,TNC,UCI,MLP,Full Finetune,HAR,UCI,1000.0,accuracy,0.8014492988586426
IMU Transformer,TNC,RW-Thigh,MLP,Freeze,HAR,RW-Thigh,1000.0,accuracy,0.5524499416351318
CNN-PFF,TNC,RW-Thigh,MLP,Freeze,HAR,RW-Thigh,10.0,accuracy,0.4399586021900177
CNN-PFF,TNC,RW-Thigh,MLP,Full Finetune,HAR,RW-Thigh,1000.0,accuracy,0.760869562625885
CNN-PFF,TNC,KH,MLP,Freeze,HAR,KH,25.0,accuracy,0.5625
IMU Transformer,TNC,UCI,MLP,Full Finetune,HAR,UCI,10.0,accuracy,0.6898550987243652
IMU Transformer,TNC,RW-Waist,MLP,Freeze,HAR,RW-Waist,5.0,accuracy,0.4953703582286834
CNN-PFF,TNC,RW-Waist,MLP,Freeze,HAR,RW-Waist,5.0,accuracy,0.4394290149211883
CNN-PFF,TNC,UCI,MLP,Full Finetune,HAR,UCI,25.0,accuracy,0.7942029237747192
IMU Transformer,TNC,UCI,MLP,Full Finetune,HAR,UCI,25.0,accuracy,0.7594202756881714
CNN-PFF,TNC,UCI,MLP,Full Finetune,HAR,UCI,1000.0,accuracy,0.9101449251174928
IMU Transformer,TNC,UCI,MLP,Full Finetune,HAR,UCI,200.0,accuracy,0.8057971000671387
IMU Transformer,TNC,MS,MLP,Freeze,HAR,MS,100.0,accuracy,0.6403013467788696
CNN-PFF,TNC,UCI,MLP,Freeze,HAR,UCI,10.0,accuracy,0.3753623068332672
CNN-PFF,TNC,WISDM,MLP,Full Finetune,HAR,WISDM,5.0,accuracy,0.6424731016159058
IMU Transformer,TNC,RW-Thigh,MLP,Freeze,HAR,RW-Thigh,50.0,accuracy,0.512077271938324
CNN-PFF,TNC,WISDM,MLP,Full Finetune,HAR,WISDM,200.0,accuracy,0.7926267385482788
IMU Transformer,TNC,KH,MLP,Full Finetune,HAR,KH,5.0,accuracy,0.5833333134651184
CNN-PFF,TNC,UCI,MLP,Freeze,HAR,UCI,5.0,accuracy,0.469565212726593
IMU Transformer,TNC,RW-Waist,MLP,Full Finetune,HAR,RW-Waist,1000.0,accuracy,0.6643518805503845
IMU Transformer,TNC,WISDM,MLP,Full Finetune,HAR,WISDM,10.0,accuracy,0.6578341126441956
IMU Transformer,TNC,RW-Waist,MLP,Full Finetune,HAR,RW-Waist,100.0,accuracy,0.5941358208656311
CNN-PFF,TNC,WISDM,MLP,Freeze,HAR,WISDM,1000.0,accuracy,0.7526881694793701
IMU Transformer,TNC,KH,MLP,Full Finetune,HAR,KH,200.0,accuracy,0.6319444179534912
IMU Transformer,TNC,KH,MLP,Freeze,HAR,KH,100.0,accuracy,0.5555555820465088
CNN-PFF,TNC,RW-Thigh,MLP,Full Finetune,HAR,RW-Thigh,25.0,accuracy,0.6356107592582703
CNN-PFF,TNC,KH,MLP,Full Finetune,HAR,KH,25.0,accuracy,0.6527777910232544
CNN-PFF,TNC,RW-Thigh,MLP,Full Finetune,HAR,RW-Thigh,50.0,accuracy,0.726017951965332
CNN-PFF,TNC,KH,MLP,Full Finetune,HAR,KH,1000.0,accuracy,0.5486111044883728
IMU Transformer,TNC,RW-Thigh,MLP,Freeze,HAR,RW-Thigh,25.0,accuracy,0.4616977274417877
IMU Transformer,TNC,RW-Waist,MLP,Freeze,HAR,RW-Waist,1.0,accuracy,0.5115740895271301
CNN-PFF,TNC,RW-Thigh,MLP,Full Finetune,HAR,RW-Thigh,200.0,accuracy,0.7584540843963623
CNN-PFF,TNC,RW-Thigh,MLP,Full Finetune,HAR,RW-Thigh,5.0,accuracy,0.4378882050514221
CNN-PFF,TNC,KH,MLP,Full Finetune,HAR,KH,100.0,accuracy,0.4166666567325592
IMU Transformer,TNC,WISDM,MLP,Full Finetune,HAR,WISDM,50.0,accuracy,0.7281106114387512
CNN-PFF,TNC,RW-Waist,MLP,Full Finetune,HAR,RW-Waist,200.0,accuracy,0.7280092835426331
IMU Transformer,TNC,RW-Thigh,MLP,Freeze,HAR,RW-Thigh,100.0,accuracy,0.5797101259231567
CNN-PFF,TNC,UCI,MLP,Full Finetune,HAR,UCI,50.0,accuracy,0.7724637389183044
IMU Transformer,TNC,KH,MLP,Full Finetune,HAR,KH,25.0,accuracy,0.4930555522441864
IMU Transformer,TNC,WISDM,MLP,Full Finetune,HAR,WISDM,1000.0,accuracy,0.7784178256988525
IMU Transformer,TNC,MS,MLP,Freeze,HAR,MS,10.0,accuracy,0.4642184674739837
IMU Transformer,TNC,RW-Waist,MLP,Full Finetune,HAR,RW-Waist,50.0,accuracy,0.5451388955116272
IMU Transformer,TNC,RW-Thigh,MLP,Full Finetune,HAR,RW-Thigh,1000.0,accuracy,0.6180124282836914
CNN-PFF,TNC,RW-Waist,MLP,Freeze,HAR,RW-Waist,200.0,accuracy,0.7025462985038757
IMU Transformer,TNC,RW-Thigh,MLP,Full Finetune,HAR,RW-Thigh,5.0,accuracy,0.5193236470222473
CNN-PFF,TNC,RW-Thigh,MLP,Freeze,HAR,RW-Thigh,5.0,accuracy,0.2926155924797058
TS2Vec Encoder,TNC,UCI,MLP,Freeze,HAR,UCI,1000.0,accuracy,0.7840579748153687
TS2Vec Encoder,TNC,UCI,MLP,Freeze,HAR,UCI,10.0,accuracy,0.7217391133308411
TS2Vec Encoder,TNC,UCI,MLP,Freeze,HAR,UCI,5.0,accuracy,0.6521739363670349
TS2Vec Encoder,TNC,MS,MLP,Full Finetune,HAR,MS,5.0,accuracy,0.3455743789672851
TS2Vec Encoder,TNC,MS,MLP,Freeze,HAR,MS,25.0,accuracy,0.6139359474182129
TS2Vec Encoder,TNC,UCI,MLP,Full Finetune,HAR,UCI,10.0,accuracy,0.7188405990600586
TS2Vec Encoder,TNC,UCI,MLP,Full Finetune,HAR,UCI,100.0,accuracy,0.7985507249832153
TS2Vec Encoder,TNC,UCI,MLP,Freeze,HAR,UCI,25.0,accuracy,0.760869562625885
TS2Vec Encoder,TNC,KH,MLP,Freeze,HAR,KH,5.0,accuracy,0.5555555820465088
TS2Vec Encoder,TNC,KH,MLP,Full Finetune,HAR,KH,10.0,accuracy,0.5763888955116272
TS2Vec Encoder,TNC,RW-Waist,MLP,Freeze,HAR,RW-Waist,50.0,accuracy,0.6199845671653748
TS2Vec Encoder,TNC,RW-Waist,MLP,Full Finetune,HAR,RW-Waist,50.0,accuracy,0.6990740895271301
TS2Vec Encoder,TNC,RW-Thigh,MLP,Freeze,HAR,RW-Thigh,200.0,accuracy,0.5973085165023804
TS2Vec Encoder,TNC,KH,MLP,Full Finetune,HAR,KH,200.0,accuracy,0.7083333134651184
TS2Vec Encoder,TNC,KH,MLP,Freeze,HAR,KH,1.0,accuracy,0.4166666567325592
TS2Vec Encoder,TNC,UCI,MLP,Freeze,HAR,UCI,50.0,accuracy,0.760869562625885
TS2Vec Encoder,TNC,WISDM,MLP,Freeze,HAR,WISDM,100.0,accuracy,0.6351766586303711
TS2Vec Encoder,TNC,RW-Thigh,MLP,Full Finetune,HAR,RW-Thigh,1.0,accuracy,0.2705313861370086
TS2Vec Encoder,TNC,MS,MLP,Freeze,HAR,MS,100.0,accuracy,0.7080979347229004
TS2Vec Encoder,TNC,RW-Waist,MLP,Full Finetune,HAR,RW-Waist,10.0,accuracy,0.4861111044883728
TS2Vec Encoder,TNC,KH,MLP,Freeze,HAR,KH,10.0,accuracy,0.1875
TS2Vec Encoder,TNC,RW-Waist,MLP,Freeze,HAR,RW-Waist,5.0,accuracy,0.5189043283462524
TS2Vec Encoder,TNC,WISDM,MLP,Freeze,HAR,WISDM,200.0,accuracy,0.6651305556297302
TS2Vec Encoder,TNC,RW-Thigh,MLP,Freeze,HAR,RW-Thigh,50.0,accuracy,0.5769495964050293
TS2Vec Encoder,TNC,RW-Thigh,MLP,Full Finetune,HAR,RW-Thigh,100.0,accuracy,0.703243613243103
TS2Vec Encoder,TNC,MS,MLP,Freeze,HAR,MS,1.0,accuracy,0.4124293923377991
TS2Vec Encoder,TNC,WISDM,MLP,Freeze,HAR,WISDM,10.0,accuracy,0.620583713054657
TS2Vec Encoder,TNC,WISDM,MLP,Freeze,HAR,WISDM,25.0,accuracy,0.7415514588356018
TS2Vec Encoder,TNC,RW-Waist,MLP,Freeze,HAR,RW-Waist,10.0,accuracy,0.4992283880710602
TS2Vec Encoder,TNC,KH,MLP,Freeze,HAR,KH,200.0,accuracy,0.6458333134651184
TS2Vec Encoder,TNC,KH,MLP,Freeze,HAR,KH,25.0,accuracy,0.5972222089767456
TS2Vec Encoder,TNC,UCI,MLP,Full Finetune,HAR,UCI,5.0,accuracy,0.6826087236404419
TS2Vec Encoder,TNC,KH,MLP,Full Finetune,HAR,KH,100.0,accuracy,0.6388888955116272
TS2Vec Encoder,TNC,WISDM,MLP,Freeze,HAR,WISDM,1000.0,accuracy,0.7726574540138245
TS2Vec Encoder,TNC,RW-Thigh,MLP,Freeze,HAR,RW-Thigh,1.0,accuracy,0.2884747982025146
TS2Vec Encoder,TNC,RW-Thigh,MLP,Full Finetune,HAR,RW-Thigh,1000.0,accuracy,0.7850241661071777
TS2Vec Encoder,TNC,RW-Waist,MLP,Freeze,HAR,RW-Waist,1.0,accuracy,0.303626537322998
TS2Vec Encoder,TNC,UCI,MLP,Freeze,HAR,UCI,1.0,accuracy,0.5130434632301331
TS2Vec Encoder,TNC,WISDM,MLP,Full Finetune,HAR,WISDM,10.0,accuracy,0.7438555955886841
TS2Vec Encoder,TNC,RW-Waist,MLP,Freeze,HAR,RW-Waist,25.0,accuracy,0.6265432238578796
TS2Vec Encoder,TNC,MS,MLP,Full Finetune,HAR,MS,50.0,accuracy,0.7250470519065857
TS2Vec Encoder,TNC,MS,MLP,Freeze,HAR,MS,50.0,accuracy,0.6610169410705566
TS2Vec Encoder,TNC,WISDM,MLP,Full Finetune,HAR,WISDM,50.0,accuracy,0.786098301410675
TS2Vec Encoder,TNC,WISDM,MLP,Full Finetune,HAR,WISDM,200.0,accuracy,0.8102918863296509
TS2Vec Encoder,TNC,UCI,MLP,Full Finetune,HAR,UCI,1000.0,accuracy,0.947826087474823
TS2Vec Encoder,TNC,RW-Waist,MLP,Full Finetune,HAR,RW-Waist,100.0,accuracy,0.6516203880310059
TS2Vec Encoder,TNC,RW-Thigh,MLP,Full Finetune,HAR,RW-Thigh,200.0,accuracy,0.6877156496047974
TS2Vec Encoder,TNC,WISDM,MLP,Full Finetune,HAR,WISDM,1.0,accuracy,0.5503072142601013
TS2Vec Encoder,TNC,WISDM,MLP,Full Finetune,HAR,WISDM,100.0,accuracy,0.8091397881507874
TS2Vec Encoder,TNC,KH,MLP,Freeze,HAR,KH,50.0,accuracy,0.6527777910232544
TS2Vec Encoder,TNC,RW-Waist,MLP,Full Finetune,HAR,RW-Waist,1000.0,accuracy,0.8159722089767456
TS2Vec Encoder,TNC,WISDM,MLP,Full Finetune,HAR,WISDM,5.0,accuracy,0.7231183052062988
TS2Vec Encoder,TNC,RW-Thigh,MLP,Full Finetune,HAR,RW-Thigh,5.0,accuracy,0.4378882050514221
TS2Vec Encoder,TNC,MS,MLP,Freeze,HAR,MS,10.0,accuracy,0.3333333432674408
TS2Vec Encoder,TNC,KH,MLP,Full Finetune,HAR,KH,5.0,accuracy,0.5416666865348816
TS2Vec Encoder,TNC,WISDM,MLP,Freeze,HAR,WISDM,5.0,accuracy,0.5745007395744324
TS2Vec Encoder,TNC,MS,MLP,Freeze,HAR,MS,200.0,accuracy,0.7052730917930603
TS2Vec Encoder,TNC,MS,MLP,Freeze,HAR,MS,1000.0,accuracy,0.7401130199432373
TS2Vec Encoder,TNC,MS,MLP,Full Finetune,HAR,MS,1.0,accuracy,0.3041431307792663
TS2Vec Encoder,TNC,KH,MLP,Freeze,HAR,KH,100.0,accuracy,0.6805555820465088
TS2Vec Encoder,TNC,UCI,MLP,Full Finetune,HAR,UCI,25.0,accuracy,0.7449275255203247
TS2Vec Encoder,TNC,RW-Thigh,MLP,Full Finetune,HAR,RW-Thigh,10.0,accuracy,0.5848861336708069
TS2Vec Encoder,TNC,RW-Thigh,MLP,Freeze,HAR,RW-Thigh,5.0,accuracy,0.420634925365448
TS2Vec Encoder,TNC,RW-Waist,MLP,Full Finetune,HAR,RW-Waist,5.0,accuracy,0.6087962985038757
TS2Vec Encoder,TNC,UCI,MLP,Freeze,HAR,UCI,100.0,accuracy,0.7739130258560181
TS2Vec Encoder,TNC,KH,MLP,Full Finetune,HAR,KH,1.0,accuracy,0.1666666716337204
TS2Vec Encoder,TNC,KH,MLP,Freeze,HAR,KH,1000.0,accuracy,0.5069444179534912
TS2Vec Encoder,TNC,RW-Waist,MLP,Full Finetune,HAR,RW-Waist,200.0,accuracy,0.7148919701576233
TS2Vec Encoder,TNC,RW-Thigh,MLP,Full Finetune,HAR,RW-Thigh,50.0,accuracy,0.7194616794586182
TS2Vec Encoder,TNC,RW-Waist,MLP,Full Finetune,HAR,RW-Waist,1.0,accuracy,0.3761574029922485
TS2Vec Encoder,TNC,KH,MLP,Full Finetune,HAR,KH,50.0,accuracy,0.5
TS2Vec Encoder,TNC,RW-Thigh,MLP,Freeze,HAR,RW-Thigh,100.0,accuracy,0.6352657079696655
TS2Vec Encoder,TNC,UCI,MLP,Freeze,HAR,UCI,200.0,accuracy,0.8144927620887756
TS2Vec Encoder,TNC,UCI,MLP,Full Finetune,HAR,UCI,1.0,accuracy,0.5695652365684509
TS2Vec Encoder,TNC,WISDM,MLP,Full Finetune,HAR,WISDM,25.0,accuracy,0.7864823341369629
TS2Vec Encoder,TNC,KH,MLP,Full Finetune,HAR,KH,25.0,accuracy,0.5416666865348816
TS2Vec Encoder,TNC,RW-Waist,MLP,Freeze,HAR,RW-Waist,200.0,accuracy,0.6114969253540039
TS2Vec Encoder,TNC,KH,MLP,Full Finetune,HAR,KH,1000.0,accuracy,0.5625
TS2Vec Encoder,TNC,MS,MLP,Full Finetune,HAR,MS,10.0,accuracy,0.5028248429298401
TS2Vec Encoder,TNC,RW-Thigh,MLP,Freeze,HAR,RW-Thigh,10.0,accuracy,0.5279502868652344
TS2Vec Encoder,TNC,RW-Waist,MLP,Freeze,HAR,RW-Waist,1000.0,accuracy,0.6859567761421204
TS2Vec Encoder,TNC,MS,MLP,Full Finetune,HAR,MS,100.0,accuracy,0.8634651303291321
TS2Vec Encoder,TNC,RW-Waist,MLP,Freeze,HAR,RW-Waist,100.0,accuracy,0.6346450448036194
TS2Vec Encoder,TNC,UCI,MLP,Full Finetune,HAR,UCI,200.0,accuracy,0.921739101409912
TS2Vec Encoder,TNC,MS,MLP,Freeze,HAR,MS,5.0,accuracy,0.3380414247512817
TS2Vec Encoder,TNC,MS,MLP,Full Finetune,HAR,MS,25.0,accuracy,0.7269303202629089
TS2Vec Encoder,TNC,UCI,MLP,Full Finetune,HAR,UCI,50.0,accuracy,0.7840579748153687
TS2Vec Encoder,TNC,RW-Thigh,MLP,Freeze,HAR,RW-Thigh,1000.0,accuracy,0.6269841194152832
TS2Vec Encoder,TNC,MS,MLP,Full Finetune,HAR,MS,200.0,accuracy,0.8841807842254639
TS2Vec Encoder,TNC,WISDM,MLP,Full Finetune,HAR,WISDM,1000.0,accuracy,0.861751139163971
TS2Vec Encoder,TNC,MS,MLP,Full Finetune,HAR,MS,1000.0,accuracy,0.920903980731964
TS2Vec Encoder,TNC,WISDM,MLP,Freeze,HAR,WISDM,1.0,accuracy,0.4539170563220978
TS2Vec Encoder,TNC,RW-Waist,MLP,Full Finetune,HAR,RW-Waist,25.0,accuracy,0.6658950448036194
TS2Vec Encoder,TNC,WISDM,MLP,Freeze,HAR,WISDM,50.0,accuracy,0.6908602118492126
TS2Vec Encoder,TNC,RW-Thigh,MLP,Full Finetune,HAR,RW-Thigh,25.0,accuracy,0.6614906787872314
TS2Vec Encoder,TNC,RW-Thigh,MLP,Freeze,HAR,RW-Thigh,25.0,accuracy,0.5013802647590637
TS2Vec Encoder,TNC,KH,MLP,Freeze,HAR,KH,1.0,accuracy,0.2708333432674408
TS2Vec Encoder,TNC,KH,MLP,Freeze,HAR,KH,200.0,accuracy,0.5694444179534912
TS2Vec Encoder,TNC,UCI,MLP,Full Finetune,HAR,UCI,5.0,accuracy,0.7028985619544983
TS2Vec Encoder,TNC,MS,MLP,Freeze,HAR,MS,10.0,accuracy,0.6224105358123779
TS2Vec Encoder,TNC,UCI,MLP,Full Finetune,HAR,UCI,100.0,accuracy,0.9188405871391296
TS2Vec Encoder,TNC,MS,MLP,Freeze,HAR,MS,50.0,accuracy,0.6497175097465515
TS2Vec Encoder,TNC,UCI,MLP,Freeze,HAR,UCI,25.0,accuracy,0.7333333492279053
TS2Vec Encoder,TNC,RW-Thigh,MLP,Full Finetune,HAR,RW-Thigh,1.0,accuracy,0.3133195340633392
TS2Vec Encoder,TNC,RW-Thigh,MLP,Full Finetune,HAR,RW-Thigh,100.0,accuracy,0.7246376872062683
TS2Vec Encoder,TNC,RW-Thigh,MLP,Full Finetune,HAR,RW-Thigh,1000.0,accuracy,0.7736369967460632
TS2Vec Encoder,TNC,RW-Thigh,MLP,Freeze,HAR,RW-Thigh,50.0,accuracy,0.6124913692474365
TS2Vec Encoder,TNC,WISDM,MLP,Freeze,HAR,WISDM,5.0,accuracy,0.5069124698638916
TS2Vec Encoder,TNC,RW-Thigh,MLP,Full Finetune,HAR,RW-Thigh,25.0,accuracy,0.693581759929657
TS2Vec Encoder,TNC,MS,MLP,Full Finetune,HAR,MS,100.0,accuracy,0.7109227776527405
TS2Vec Encoder,TNC,UCI,MLP,Freeze,HAR,UCI,5.0,accuracy,0.7014492750167847
TS2Vec Encoder,TNC,RW-Thigh,MLP,Freeze,HAR,RW-Thigh,25.0,accuracy,0.5690131187438965
TS2Vec Encoder,TNC,MS,MLP,Full Finetune,HAR,MS,50.0,accuracy,0.8681732416152954
TS2Vec Encoder,TNC,RW-Waist,MLP,Full Finetune,HAR,RW-Waist,100.0,accuracy,0.6612654328346252
TS2Vec Encoder,TNC,RW-Waist,MLP,Freeze,HAR,RW-Waist,1000.0,accuracy,0.6585648059844971
TS2Vec Encoder,TNC,RW-Waist,MLP,Freeze,HAR,RW-Waist,10.0,accuracy,0.4729938209056854
TS2Vec Encoder,TNC,KH,MLP,Full Finetune,HAR,KH,100.0,accuracy,0.6666666865348816
TS2Vec Encoder,TNC,MS,MLP,Full Finetune,HAR,MS,25.0,accuracy,0.7175140976905823
TS2Vec Encoder,TNC,RW-Waist,MLP,Freeze,HAR,RW-Waist,5.0,accuracy,0.4544753134250641
TS2Vec Encoder,TNC,RW-Thigh,MLP,Full Finetune,HAR,RW-Thigh,5.0,accuracy,0.4485852420330047
TS2Vec Encoder,TNC,KH,MLP,Full Finetune,HAR,KH,1000.0,accuracy,0.5277777910232544
TS2Vec Encoder,TNC,WISDM,MLP,Full Finetune,HAR,WISDM,100.0,accuracy,0.7039170265197754
TS2Vec Encoder,TNC,UCI,MLP,Full Finetune,HAR,UCI,1000.0,accuracy,0.9246376752853394
TS2Vec Encoder,TNC,UCI,MLP,Full Finetune,HAR,UCI,50.0,accuracy,0.7898550629615784
TS2Vec Encoder,TNC,WISDM,MLP,Freeze,HAR,WISDM,100.0,accuracy,0.7115975618362427
TS2Vec Encoder,TNC,KH,MLP,Freeze,HAR,KH,10.0,accuracy,0.4513888955116272
TS2Vec Encoder,TNC,RW-Waist,MLP,Freeze,HAR,RW-Waist,100.0,accuracy,0.6520061492919922
TS2Vec Encoder,TNC,RW-Thigh,MLP,Freeze,HAR,RW-Thigh,100.0,accuracy,0.5952380895614624
TS2Vec Encoder,TNC,WISDM,MLP,Freeze,HAR,WISDM,25.0,accuracy,0.6866359710693359
TS2Vec Encoder,TNC,RW-Waist,MLP,Full Finetune,HAR,RW-Waist,1.0,accuracy,0.4093364179134369
TS2Vec Encoder,TNC,WISDM,MLP,Full Finetune,HAR,WISDM,5.0,accuracy,0.632488489151001
TS2Vec Encoder,TNC,UCI,MLP,Freeze,HAR,UCI,50.0,accuracy,0.7565217614173889
TS2Vec Encoder,TNC,KH,MLP,Full Finetune,HAR,KH,25.0,accuracy,0.6458333134651184
TS2Vec Encoder,TNC,KH,MLP,Freeze,HAR,KH,100.0,accuracy,0.6180555820465088
TS2Vec Encoder,TNC,KH,MLP,Freeze,HAR,KH,50.0,accuracy,0.6180555820465088
TS2Vec Encoder,TNC,KH,MLP,Full Finetune,HAR,KH,50.0,accuracy,0.5555555820465088
TS2Vec Encoder,TNC,KH,MLP,Full Finetune,HAR,KH,10.0,accuracy,0.6736111044883728
TS2Vec Encoder,TNC,RW-Waist,MLP,Full Finetune,HAR,RW-Waist,5.0,accuracy,0.5108024477958679
TS2Vec Encoder,TNC,KH,MLP,Full Finetune,HAR,KH,5.0,accuracy,0.5486111044883728
TS2Vec Encoder,TNC,RW-Waist,MLP,Freeze,HAR,RW-Waist,200.0,accuracy,0.6388888955116272
TS2Vec Encoder,TNC,WISDM,MLP,Full Finetune,HAR,WISDM,50.0,accuracy,0.6386328935623169
TS2Vec Encoder,TNC,UCI,MLP,Freeze,HAR,UCI,10.0,accuracy,0.6855072379112244
TS2Vec Encoder,TNC,UCI,MLP,Freeze,HAR,UCI,1000.0,accuracy,0.769565224647522
TS2Vec Encoder,TNC,RW-Waist,MLP,Freeze,HAR,RW-Waist,50.0,accuracy,0.6566358208656311
TS2Vec Encoder,TNC,RW-Waist,MLP,Freeze,HAR,RW-Waist,1.0,accuracy,0.2866512238979339
TS2Vec Encoder,TNC,UCI,MLP,Full Finetune,HAR,UCI,1.0,accuracy,0.6318840384483337
TS2Vec Encoder,TNC,UCI,MLP,Full Finetune,HAR,UCI,10.0,accuracy,0.6826087236404419
TS2Vec Encoder,TNC,RW-Thigh,MLP,Freeze,HAR,RW-Thigh,200.0,accuracy,0.5690131187438965
TS2Vec Encoder,TNC,RW-Waist,MLP,Full Finetune,HAR,RW-Waist,1000.0,accuracy,0.7893518805503845
TS2Vec Encoder,TNC,MS,MLP,Full Finetune,HAR,MS,1.0,accuracy,0.3964218497276306
TS2Vec Encoder,TNC,MS,MLP,Freeze,HAR,MS,100.0,accuracy,0.7203390002250671
TS2Vec Encoder,TNC,MS,MLP,Full Finetune,HAR,MS,10.0,accuracy,0.6195856928825378
TS2Vec Encoder,TNC,RW-Waist,MLP,Full Finetune,HAR,RW-Waist,50.0,accuracy,0.6678240895271301
TS2Vec Encoder,TNC,WISDM,MLP,Full Finetune,HAR,WISDM,1.0,accuracy,0.4915514588356018
TS2Vec Encoder,TNC,KH,MLP,Freeze,HAR,KH,5.0,accuracy,0.3472222089767456
TS2Vec Encoder,TNC,MS,MLP,Freeze,HAR,MS,1000.0,accuracy,0.6958568692207336
TS2Vec Encoder,TNC,RW-Thigh,MLP,Freeze,HAR,RW-Thigh,1000.0,accuracy,0.6218081712722778
TS2Vec Encoder,TNC,UCI,MLP,Freeze,HAR,UCI,100.0,accuracy,0.8086956739425659
TS2Vec Encoder,TNC,MS,MLP,Freeze,HAR,MS,5.0,accuracy,0.5131826996803284
TS2Vec Encoder,TNC,WISDM,MLP,Freeze,HAR,WISDM,200.0,accuracy,0.6539938449859619
TS2Vec Encoder,TNC,RW-Thigh,MLP,Full Finetune,HAR,RW-Thigh,50.0,accuracy,0.7446514964103699
TS2Vec Encoder,TNC,MS,MLP,Freeze,HAR,MS,200.0,accuracy,0.6892655491828918
TS2Vec Encoder,TNC,KH,MLP,Full Finetune,HAR,KH,1.0,accuracy,0.1666666716337204
TS2Vec Encoder,TNC,WISDM,MLP,Full Finetune,HAR,WISDM,10.0,accuracy,0.6670507192611694
TS2Vec Encoder,TNC,UCI,MLP,Full Finetune,HAR,UCI,25.0,accuracy,0.8115941882133484
TS2Vec Encoder,TNC,WISDM,MLP,Freeze,HAR,WISDM,50.0,accuracy,0.6824116706848145
TS2Vec Encoder,TNC,WISDM,MLP,Full Finetune,HAR,WISDM,1000.0,accuracy,0.8621351718902588
TS2Vec Encoder,TNC,KH,MLP,Freeze,HAR,KH,1000.0,accuracy,0.5416666865348816
TS2Vec Encoder,TNC,WISDM,MLP,Full Finetune,HAR,WISDM,25.0,accuracy,0.6689708232879639
TS2Vec Encoder,TNC,RW-Waist,MLP,Full Finetune,HAR,RW-Waist,25.0,accuracy,0.6477623581886292
TS2Vec Encoder,TNC,RW-Waist,MLP,Full Finetune,HAR,RW-Waist,10.0,accuracy,0.529321014881134
TS2Vec Encoder,TNC,KH,MLP,Full Finetune,HAR,KH,200.0,accuracy,0.6180555820465088
TS2Vec Encoder,TNC,MS,MLP,Full Finetune,HAR,MS,5.0,accuracy,0.5376647710800171
TS2Vec Encoder,TNC,MS,MLP,Full Finetune,HAR,MS,200.0,accuracy,0.874764621257782
TS2Vec Encoder,TNC,WISDM,MLP,Freeze,HAR,WISDM,1.0,accuracy,0.5372503995895386
TS2Vec Encoder,TNC,RW-Thigh,MLP,Freeze,HAR,RW-Thigh,1.0,accuracy,0.1732229143381118
TS2Vec Encoder,TNC,RW-Thigh,MLP,Full Finetune,HAR,RW-Thigh,10.0,accuracy,0.5293305516242981
TS2Vec Encoder,TNC,RW-Waist,MLP,Freeze,HAR,RW-Waist,25.0,accuracy,0.5844907164573669
TS2Vec Encoder,TNC,UCI,MLP,Full Finetune,HAR,UCI,200.0,accuracy,0.939130425453186
TS2Vec Encoder,TNC,KH,MLP,Freeze,HAR,KH,25.0,accuracy,0.6319444179534912
TS2Vec Encoder,TNC,RW-Thigh,MLP,Freeze,HAR,RW-Thigh,5.0,accuracy,0.3771566450595855
TS2Vec Encoder,TNC,UCI,MLP,Freeze,HAR,UCI,1.0,accuracy,0.6289855241775513
TS2Vec Encoder,TNC,MS,MLP,Freeze,HAR,MS,1.0,accuracy,0.3323917090892792
TS2Vec Encoder,TNC,UCI,MLP,Freeze,HAR,UCI,200.0,accuracy,0.7724637389183044
TS2Vec Encoder,TNC,RW-Thigh,MLP,Freeze,HAR,RW-Thigh,10.0,accuracy,0.5003450512886047
TS2Vec Encoder,TNC,MS,MLP,Freeze,HAR,MS,25.0,accuracy,0.7043314576148987
TS2Vec Encoder,TNC,MS,MLP,Full Finetune,HAR,MS,1000.0,accuracy,0.9114877581596376
TS2Vec Encoder,TNC,WISDM,MLP,Freeze,HAR,WISDM,1000.0,accuracy,0.690092146396637
TS2Vec Encoder,TNC,RW-Thigh,MLP,Full Finetune,HAR,RW-Thigh,200.0,accuracy,0.5990338325500488
TS2Vec Encoder,TNC,WISDM,MLP,Full Finetune,HAR,WISDM,200.0,accuracy,0.7718893885612488
TS2Vec Encoder,TNC,WISDM,MLP,Freeze,HAR,WISDM,10.0,accuracy,0.5952380895614624
TS2Vec Encoder,TNC,RW-Waist,MLP,Full Finetune,HAR,RW-Waist,200.0,accuracy,0.7091049551963806
TS2Vec Encoder,TNC,KH,MLP,Freeze,HAR,KH,200.0,accuracy,0.5069444179534912
TS2Vec Encoder,TNC,KH,MLP,Full Finetune,HAR,KH,50.0,accuracy,0.5555555820465088
TS2Vec Encoder,TNC,UCI,MLP,Full Finetune,HAR,UCI,50.0,accuracy,0.8768116235733032
TS2Vec Encoder,TNC,UCI,MLP,Freeze,HAR,UCI,5.0,accuracy,0.6927536129951477
TS2Vec Encoder,TNC,MS,MLP,Freeze,HAR,MS,10.0,accuracy,0.6186440587043762
TS2Vec Encoder,TNC,MS,MLP,Freeze,HAR,MS,1000.0,accuracy,0.7608286142349243
TS2Vec Encoder,TNC,MS,MLP,Freeze,HAR,MS,5.0,accuracy,0.529190182685852
TS2Vec Encoder,TNC,RW-Waist,MLP,Freeze,HAR,RW-Waist,25.0,accuracy,0.6068673133850098
TS2Vec Encoder,TNC,RW-Thigh,MLP,Freeze,HAR,RW-Thigh,10.0,accuracy,0.4786059260368347
TS2Vec Encoder,TNC,KH,MLP,Freeze,HAR,KH,1.0,accuracy,0.3333333432674408
TS2Vec Encoder,TNC,RW-Thigh,MLP,Freeze,HAR,RW-Thigh,25.0,accuracy,0.6128364205360413
TS2Vec Encoder,TNC,RW-Thigh,MLP,Freeze,HAR,RW-Thigh,100.0,accuracy,0.589026927947998
TS2Vec Encoder,TNC,WISDM,MLP,Freeze,HAR,WISDM,25.0,accuracy,0.6793394684791565
TS2Vec Encoder,TNC,WISDM,MLP,Freeze,HAR,WISDM,1.0,accuracy,0.468125969171524
TS2Vec Encoder,TNC,MS,MLP,Freeze,HAR,MS,25.0,accuracy,0.6299434900283813
TS2Vec Encoder,TNC,RW-Waist,MLP,Freeze,HAR,RW-Waist,200.0,accuracy,0.6346450448036194
TS2Vec Encoder,TNC,KH,MLP,Freeze,HAR,KH,1000.0,accuracy,0.5486111044883728
TS2Vec Encoder,TNC,UCI,MLP,Full Finetune,HAR,UCI,100.0,accuracy,0.8884057998657227
TS2Vec Encoder,TNC,MS,MLP,Freeze,HAR,MS,1.0,accuracy,0.196798488497734
TS2Vec Encoder,TNC,MS,MLP,Freeze,HAR,MS,100.0,accuracy,0.7043314576148987
TS2Vec Encoder,TNC,UCI,MLP,Freeze,HAR,UCI,100.0,accuracy,0.7449275255203247
TS2Vec Encoder,TNC,WISDM,MLP,Freeze,HAR,WISDM,10.0,accuracy,0.5687404274940491
TS2Vec Encoder,TNC,MS,MLP,Freeze,HAR,MS,200.0,accuracy,0.7062146663665771
TS2Vec Encoder,TNC,WISDM,MLP,Full Finetune,HAR,WISDM,100.0,accuracy,0.7930107712745667
TS2Vec Encoder,TNC,RW-Waist,MLP,Full Finetune,HAR,RW-Waist,10.0,accuracy,0.6060956716537476
TS2Vec Encoder,TNC,KH,MLP,Freeze,HAR,KH,50.0,accuracy,0.4791666567325592
TS2Vec Encoder,TNC,KH,MLP,Full Finetune,HAR,KH,100.0,accuracy,0.625
TS2Vec Encoder,TNC,KH,MLP,Full Finetune,HAR,KH,200.0,accuracy,0.5277777910232544
TS2Vec Encoder,TNC,WISDM,MLP,Freeze,HAR,WISDM,5.0,accuracy,0.5019201040267944
TS2Vec Encoder,TNC,UCI,MLP,Freeze,HAR,UCI,1.0,accuracy,0.4579710066318512
TS2Vec Encoder,TNC,RW-Thigh,MLP,Full Finetune,HAR,RW-Thigh,200.0,accuracy,0.729468584060669
TS2Vec Encoder,TNC,MS,MLP,Full Finetune,HAR,MS,1000.0,accuracy,0.9548022747039796
TS2Vec Encoder,TNC,RW-Thigh,MLP,Full Finetune,HAR,RW-Thigh,1000.0,accuracy,0.7567287683486938
TS2Vec Encoder,TNC,UCI,MLP,Freeze,HAR,UCI,25.0,accuracy,0.7405797243118286
TS2Vec Encoder,TNC,MS,MLP,Freeze,HAR,MS,50.0,accuracy,0.66572505235672
TS2Vec Encoder,TNC,RW-Waist,MLP,Freeze,HAR,RW-Waist,5.0,accuracy,0.5408950448036194
TS2Vec Encoder,TNC,KH,MLP,Full Finetune,HAR,KH,5.0,accuracy,0.4583333432674408
TS2Vec Encoder,TNC,KH,MLP,Full Finetune,HAR,KH,1000.0,accuracy,0.6319444179534912
TS2Vec Encoder,TNC,UCI,MLP,Full Finetune,HAR,UCI,10.0,accuracy,0.7594202756881714
TS2Vec Encoder,TNC,MS,MLP,Full Finetune,HAR,MS,1.0,accuracy,0.1581920832395553
TS2Vec Encoder,TNC,RW-Thigh,MLP,Freeze,HAR,RW-Thigh,1.0,accuracy,0.3561076521873474
TS2Vec Encoder,TNC,RW-Thigh,MLP,Freeze,HAR,RW-Thigh,1000.0,accuracy,0.6331952810287476
TS2Vec Encoder,TNC,RW-Waist,MLP,Full Finetune,HAR,RW-Waist,100.0,accuracy,0.6647376418113708
TS2Vec Encoder,TNC,KH,MLP,Freeze,HAR,KH,100.0,accuracy,0.5
TS2Vec Encoder,TNC,RW-Thigh,MLP,Full Finetune,HAR,RW-Thigh,100.0,accuracy,0.7077294588088989
TS2Vec Encoder,TNC,KH,MLP,Freeze,HAR,KH,25.0,accuracy,0.1805555522441864
TS2Vec Encoder,TNC,MS,MLP,Full Finetune,HAR,MS,10.0,accuracy,0.3408662974834442
TS2Vec Encoder,TNC,RW-Waist,MLP,Freeze,HAR,RW-Waist,10.0,accuracy,0.5366512537002563
TS2Vec Encoder,TNC,MS,MLP,Full Finetune,HAR,MS,5.0,accuracy,0.4990583658218384
TS2Vec Encoder,TNC,WISDM,MLP,Freeze,HAR,WISDM,50.0,accuracy,0.7284946441650391
TS2Vec Encoder,TNC,RW-Waist,MLP,Full Finetune,HAR,RW-Waist,200.0,accuracy,0.698688268661499
TS2Vec Encoder,TNC,WISDM,MLP,Full Finetune,HAR,WISDM,200.0,accuracy,0.8102918863296509
TS2Vec Encoder,TNC,UCI,MLP,Full Finetune,HAR,UCI,200.0,accuracy,0.9304347634315492
TS2Vec Encoder,TNC,UCI,MLP,Full Finetune,HAR,UCI,1000.0,accuracy,0.9449275135993958
TS2Vec Encoder,TNC,KH,MLP,Freeze,HAR,KH,10.0,accuracy,0.375
TS2Vec Encoder,TNC,RW-Waist,MLP,Freeze,HAR,RW-Waist,100.0,accuracy,0.6415895223617554
TS2Vec Encoder,TNC,UCI,MLP,Full Finetune,HAR,UCI,25.0,accuracy,0.7898550629615784
TS2Vec Encoder,TNC,RW-Waist,MLP,Freeze,HAR,RW-Waist,1000.0,accuracy,0.6570215821266174
TS2Vec Encoder,TNC,WISDM,MLP,Full Finetune,HAR,WISDM,25.0,accuracy,0.7215821743011475
TS2Vec Encoder,TNC,WISDM,MLP,Freeze,HAR,WISDM,100.0,accuracy,0.6359447240829468
TS2Vec Encoder,TNC,WISDM,MLP,Freeze,HAR,WISDM,1000.0,accuracy,0.6916282773017883
TS2Vec Encoder,TNC,MS,MLP,Full Finetune,HAR,MS,200.0,accuracy,0.8738229870796204
TS2Vec Encoder,TNC,RW-Thigh,MLP,Full Finetune,HAR,RW-Thigh,10.0,accuracy,0.5489993095397949
TS2Vec Encoder,TNC,WISDM,MLP,Full Finetune,HAR,WISDM,10.0,accuracy,0.6635944843292236
TS2Vec Encoder,TNC,UCI,MLP,Full Finetune,HAR,UCI,1.0,accuracy,0.4565217494964599
TS2Vec Encoder,TNC,KH,MLP,Full Finetune,HAR,KH,1.0,accuracy,0.3958333432674408
TS2Vec Encoder,TNC,RW-Waist,MLP,Freeze,HAR,RW-Waist,1.0,accuracy,0.4857253134250641
TS2Vec Encoder,TNC,KH,MLP,Full Finetune,HAR,KH,25.0,accuracy,0.5138888955116272
TS2Vec Encoder,TNC,RW-Thigh,MLP,Freeze,HAR,RW-Thigh,50.0,accuracy,0.5952380895614624
TS2Vec Encoder,TNC,MS,MLP,Full Finetune,HAR,MS,50.0,accuracy,0.6967985033988953
TS2Vec Encoder,TNC,UCI,MLP,Freeze,HAR,UCI,200.0,accuracy,0.7768115997314453
TS2Vec Encoder,TNC,MS,MLP,Full Finetune,HAR,MS,25.0,accuracy,0.6553672552108765
TS2Vec Encoder,TNC,RW-Waist,MLP,Full Finetune,HAR,RW-Waist,5.0,accuracy,0.5883487462997437
TS2Vec Encoder,TNC,UCI,MLP,Freeze,HAR,UCI,50.0,accuracy,0.769565224647522
TS2Vec Encoder,TNC,UCI,MLP,Freeze,HAR,UCI,10.0,accuracy,0.695652186870575
TS2Vec Encoder,TNC,KH,MLP,Freeze,HAR,KH,5.0,accuracy,0.3680555522441864
TS2Vec Encoder,TNC,WISDM,MLP,Full Finetune,HAR,WISDM,1.0,accuracy,0.3909370303153991
TS2Vec Encoder,TNC,KH,MLP,Full Finetune,HAR,KH,10.0,accuracy,0.4861111044883728
TS2Vec Encoder,TNC,RW-Thigh,MLP,Full Finetune,HAR,RW-Thigh,1.0,accuracy,0.2273982018232345
TS2Vec Encoder,TNC,WISDM,MLP,Full Finetune,HAR,WISDM,5.0,accuracy,0.5595238208770752
TS2Vec Encoder,TNC,RW-Waist,MLP,Full Finetune,HAR,RW-Waist,25.0,accuracy,0.6878858208656311
TS2Vec Encoder,TNC,UCI,MLP,Freeze,HAR,UCI,1000.0,accuracy,0.7782608866691589
TS2Vec Encoder,TNC,UCI,MLP,Full Finetune,HAR,UCI,5.0,accuracy,0.747826099395752
TS2Vec Encoder,TNC,RW-Thigh,MLP,Full Finetune,HAR,RW-Thigh,25.0,accuracy,0.703243613243103
TS2Vec Encoder,TNC,WISDM,MLP,Freeze,HAR,WISDM,200.0,accuracy,0.701996922492981
TS2Vec Encoder,TNC,RW-Waist,MLP,Freeze,HAR,RW-Waist,50.0,accuracy,0.65625
TS2Vec Encoder,TNC,RW-Waist,MLP,Full Finetune,HAR,RW-Waist,1.0,accuracy,0.4702932238578796
TS2Vec Encoder,TNC,MS,MLP,Full Finetune,HAR,MS,100.0,accuracy,0.8145009279251099
TS2Vec Encoder,TNC,RW-Waist,MLP,Full Finetune,HAR,RW-Waist,50.0,accuracy,0.6720678806304932
TS2Vec Encoder,TNC,RW-Waist,MLP,Full Finetune,HAR,RW-Waist,1000.0,accuracy,0.7851080298423767
TS2Vec Encoder,TNC,RW-Thigh,MLP,Freeze,HAR,RW-Thigh,5.0,accuracy,0.47826087474823
TS2Vec Encoder,TNC,RW-Thigh,MLP,Freeze,HAR,RW-Thigh,200.0,accuracy,0.5790200233459473
TS2Vec Encoder,TNC,WISDM,MLP,Full Finetune,HAR,WISDM,50.0,accuracy,0.7991551756858826
TS2Vec Encoder,TNC,RW-Thigh,MLP,Full Finetune,HAR,RW-Thigh,5.0,accuracy,0.4761904776096344
TS2Vec Encoder,TNC,WISDM,MLP,Full Finetune,HAR,WISDM,1000.0,accuracy,0.8809523582458496
TS2Vec Encoder,TNC,RW-Thigh,MLP,Full Finetune,HAR,RW-Thigh,50.0,accuracy,0.7408557534217834
IMU Transformer,TNC,RW-Thigh,MLP,Freeze,HAR,RW-Thigh,200.0,accuracy,0.5124223828315735
CNN-PFF,TNC,RW-Waist,MLP,Freeze,HAR,RW-Waist,1000.0,accuracy,0.7407407164573669
CNN-PFF,TNC,WISDM,MLP,Freeze,HAR,WISDM,200.0,accuracy,0.7630568146705627
IMU Transformer,TNC,WISDM,MLP,Full Finetune,HAR,WISDM,5.0,accuracy,0.695852518081665
IMU Transformer,TNC,WISDM,MLP,Full Finetune,HAR,WISDM,1000.0,accuracy,0.8383256793022156
CNN-PFF,TNC,WISDM,MLP,Full Finetune,HAR,WISDM,100.0,accuracy,0.7753456234931946
IMU Transformer,TNC,MS,MLP,Full Finetune,HAR,MS,1.0,accuracy,0.5809792876243591
CNN-PFF,TNC,RW-Thigh,MLP,Freeze,HAR,RW-Thigh,25.0,accuracy,0.5427881479263306
IMU Transformer,TNC,RW-Waist,MLP,Freeze,HAR,RW-Waist,100.0,accuracy,0.5050154328346252
CNN-PFF,TNC,KH,MLP,Full Finetune,HAR,KH,25.0,accuracy,0.6527777910232544
IMU Transformer,TNC,UCI,MLP,Full Finetune,HAR,UCI,100.0,accuracy,0.7884057760238647
CNN-PFF,TNC,RW-Thigh,MLP,Freeze,HAR,RW-Thigh,50.0,accuracy,0.6252588033676147
IMU Transformer,TNC,RW-Thigh,MLP,Freeze,HAR,RW-Thigh,1000.0,accuracy,0.5879917144775391
IMU Transformer,TNC,RW-Thigh,MLP,Freeze,HAR,RW-Thigh,5.0,accuracy,0.402691513299942
CNN-PFF,TNC,WISDM,MLP,Full Finetune,HAR,WISDM,200.0,accuracy,0.764976978302002
IMU Transformer,TNC,UCI,MLP,Freeze,HAR,UCI,50.0,accuracy,0.5840579867362976
CNN-PFF,TNC,KH,MLP,Freeze,HAR,KH,10.0,accuracy,0.1805555522441864
CNN-PFF,TNC,UCI,MLP,Full Finetune,HAR,UCI,100.0,accuracy,0.8057971000671387
CNN-PFF,TNC,RW-Waist,MLP,Freeze,HAR,RW-Waist,10.0,accuracy,0.5636574029922485
CNN-PFF,TNC,MS,MLP,Freeze,HAR,MS,100.0,accuracy,0.7928436994552612
IMU Transformer,TNC,KH,MLP,Full Finetune,HAR,KH,10.0,accuracy,0.6180555820465088
IMU Transformer,TNC,RW-Waist,MLP,Freeze,HAR,RW-Waist,1000.0,accuracy,0.491126537322998
CNN-PFF,TNC,UCI,MLP,Full Finetune,HAR,UCI,10.0,accuracy,0.7565217614173889
CNN-PFF,TNC,WISDM,MLP,Full Finetune,HAR,WISDM,50.0,accuracy,0.7907066345214844
CNN-PFF,TNC,WISDM,MLP,Full Finetune,HAR,WISDM,25.0,accuracy,0.7795698642730713
CNN-PFF,TNC,RW-Thigh,MLP,Full Finetune,HAR,RW-Thigh,5.0,accuracy,0.4265010356903076
IMU Transformer,TNC,RW-Waist,MLP,Freeze,HAR,RW-Waist,5.0,accuracy,0.3726851940155029
IMU Transformer,TNC,RW-Waist,MLP,Freeze,HAR,RW-Waist,200.0,accuracy,0.5339506268501282
CNN-PFF,TNC,RW-Waist,MLP,Full Finetune,HAR,RW-Waist,1.0,accuracy,0.5
CNN-PFF,TNC,KH,MLP,Full Finetune,HAR,KH,1.0,accuracy,0.2569444477558136
CNN-PFF,TNC,KH,MLP,Full Finetune,HAR,KH,100.0,accuracy,0.1666666716337204
IMU Transformer,TNC,UCI,MLP,Full Finetune,HAR,UCI,10.0,accuracy,0.595652163028717
CNN-PFF,TNC,RW-Waist,MLP,Freeze,HAR,RW-Waist,25.0,accuracy,0.6003086566925049
CNN-PFF,TNC,RW-Waist,MLP,Freeze,HAR,RW-Waist,200.0,accuracy,0.7199074029922485
CNN-PFF,TNC,WISDM,MLP,Freeze,HAR,WISDM,1000.0,accuracy,0.7887864708900452
CNN-PFF,TNC,UCI,MLP,Full Finetune,HAR,UCI,200.0,accuracy,0.8304347991943359
IMU Transformer,TNC,RW-Waist,MLP,Freeze,HAR,RW-Waist,50.0,accuracy,0.5227623581886292
CNN-PFF,TNC,MS,MLP,Freeze,HAR,MS,50.0,accuracy,0.7627118825912476
CNN-PFF,TNC,RW-Waist,MLP,Full Finetune,HAR,RW-Waist,200.0,accuracy,0.698688268661499
CNN-PFF,TNC,MS,MLP,Full Finetune,HAR,MS,1.0,accuracy,0.390772134065628
IMU Transformer,TNC,RW-Thigh,MLP,Full Finetune,HAR,RW-Thigh,1000.0,accuracy,0.615251898765564
IMU Transformer,TNC,MS,MLP,Full Finetune,HAR,MS,10.0,accuracy,0.5112994313240051
IMU Transformer,TNC,RW-Waist,MLP,Freeze,HAR,RW-Waist,25.0,accuracy,0.3962191343307495
IMU Transformer,TNC,KH,MLP,Freeze,HAR,KH,25.0,accuracy,0.5069444179534912
CNN-PFF,TNC,UCI,MLP,Freeze,HAR,UCI,100.0,accuracy,0.7884057760238647
CNN-PFF,TNC,MS,MLP,Full Finetune,HAR,MS,10.0,accuracy,0.5423728823661804
IMU Transformer,TNC,KH,MLP,Full Finetune,HAR,KH,25.0,accuracy,0.4652777910232544
IMU Transformer,TNC,UCI,MLP,Full Finetune,HAR,UCI,50.0,accuracy,0.7681159377098083
CNN-PFF,TNC,RW-Waist,MLP,Freeze,HAR,RW-Waist,5.0,accuracy,0.5034722089767456
IMU Transformer,TNC,UCI,MLP,Full Finetune,HAR,UCI,1.0,accuracy,0.5246376991271973
CNN-PFF,TNC,MS,MLP,Freeze,HAR,MS,5.0,accuracy,0.5150659084320068
IMU Transformer,TNC,MS,MLP,Full Finetune,HAR,MS,1000.0,accuracy,0.7410545945167542
CNN-PFF,TNC,RW-Waist,MLP,Full Finetune,HAR,RW-Waist,1000.0,accuracy,0.75
IMU Transformer,TNC,WISDM,MLP,Freeze,HAR,WISDM,50.0,accuracy,0.6378648281097412
CNN-PFF,TNC,UCI,MLP,Full Finetune,HAR,UCI,1000.0,accuracy,0.9202898740768432
IMU Transformer,TNC,UCI,MLP,Full Finetune,HAR,UCI,5.0,accuracy,0.6710144877433777
CNN-PFF,TNC,MS,MLP,Freeze,HAR,MS,1000.0,accuracy,0.8088512420654297
IMU Transformer,TNC,MS,MLP,Full Finetune,HAR,MS,25.0,accuracy,0.7580037713050842
CNN-PFF,TNC,MS,MLP,Full Finetune,HAR,MS,1000.0,accuracy,0.8446327447891235
CNN-PFF,TNC,UCI,MLP,Freeze,HAR,UCI,25.0,accuracy,0.7362318634986877
IMU Transformer,TNC,WISDM,MLP,Freeze,HAR,WISDM,5.0,accuracy,0.5
CNN-PFF,TNC,UCI,MLP,Freeze,HAR,UCI,50.0,accuracy,0.7768115997314453
IMU Transformer,TNC,KH,MLP,Full Finetune,HAR,KH,200.0,accuracy,0.6319444179534912
IMU Transformer,TNC,RW-Thigh,MLP,Full Finetune,HAR,RW-Thigh,100.0,accuracy,0.6024844646453857
IMU Transformer,TNC,UCI,MLP,Freeze,HAR,UCI,5.0,accuracy,0.460869550704956
CNN-PFF,TNC,MS,MLP,Freeze,HAR,MS,200.0,accuracy,0.8220338821411133
CNN-PFF,TNC,KH,MLP,Freeze,HAR,KH,50.0,accuracy,0.3680555522441864
IMU Transformer,TNC,UCI,MLP,Freeze,HAR,UCI,1000.0,accuracy,0.6057971119880676
IMU Transformer,TNC,RW-Thigh,MLP,Full Finetune,HAR,RW-Thigh,5.0,accuracy,0.5638371109962463
CNN-PFF,TNC,WISDM,MLP,Freeze,HAR,WISDM,10.0,accuracy,0.593317985534668
IMU Transformer,TNC,MS,MLP,Freeze,HAR,MS,25.0,accuracy,0.5
CNN-PFF,TNC,RW-Thigh,MLP,Full Finetune,HAR,RW-Thigh,1.0,accuracy,0.1808143556118011
CNN-PFF,TNC,WISDM,MLP,Full Finetune,HAR,WISDM,5.0,accuracy,0.5756528377532959
CNN-PFF,TNC,MS,MLP,Freeze,HAR,MS,25.0,accuracy,0.6883239150047302
CNN-PFF,TNC,RW-Waist,MLP,Freeze,HAR,RW-Waist,50.0,accuracy,0.6670524477958679
IMU Transformer,TNC,MS,MLP,Freeze,HAR,MS,200.0,accuracy,0.6092278957366943
IMU Transformer,TNC,WISDM,MLP,Freeze,HAR,WISDM,200.0,accuracy,0.713901698589325
IMU Transformer,TNC,RW-Waist,MLP,Freeze,HAR,RW-Waist,10.0,accuracy,0.3190586566925049
CNN-PFF,TNC,KH,MLP,Freeze,HAR,KH,5.0,accuracy,0.3611111044883728
IMU Transformer,TNC,KH,MLP,Full Finetune,HAR,KH,5.0,accuracy,0.5486111044883728
IMU Transformer,TNC,RW-Waist,MLP,Full Finetune,HAR,RW-Waist,50.0,accuracy,0.636188268661499
IMU Transformer,TNC,KH,MLP,Full Finetune,HAR,KH,1.0,accuracy,0.4791666567325592
IMU Transformer,TNC,MS,MLP,Freeze,HAR,MS,100.0,accuracy,0.5790960192680359
IMU Transformer,TNC,UCI,MLP,Full Finetune,HAR,UCI,1000.0,accuracy,0.7985507249832153
IMU Transformer,TNC,KH,MLP,Freeze,HAR,KH,1000.0,accuracy,0.5208333134651184
IMU Transformer,TNC,MS,MLP,Freeze,HAR,MS,1000.0,accuracy,0.6177024245262146
IMU Transformer,TNC,MS,MLP,Full Finetune,HAR,MS,200.0,accuracy,0.7033898234367371
CNN-PFF,TNC,KH,MLP,Full Finetune,HAR,KH,200.0,accuracy,0.5694444179534912
IMU Transformer,TNC,UCI,MLP,Freeze,HAR,UCI,25.0,accuracy,0.5376811623573303
CNN-PFF,TNC,RW-Waist,MLP,Freeze,HAR,RW-Waist,100.0,accuracy,0.6932870149612427
CNN-PFF,TNC,MS,MLP,Freeze,HAR,MS,1.0,accuracy,0.4566855132579803
IMU Transformer,TNC,RW-Thigh,MLP,Full Finetune,HAR,RW-Thigh,10.0,accuracy,0.5752242803573608
CNN-PFF,TNC,RW-Thigh,MLP,Freeze,HAR,RW-Thigh,100.0,accuracy,0.6652864217758179
CNN-PFF,TNC,RW-Waist,MLP,Full Finetune,HAR,RW-Waist,25.0,accuracy,0.6790123581886292
CNN-PFF,TNC,WISDM,MLP,Full Finetune,HAR,WISDM,10.0,accuracy,0.6121351718902588
CNN-PFF,TNC,UCI,MLP,Full Finetune,HAR,UCI,50.0,accuracy,0.8057971000671387
IMU Transformer,TNC,UCI,MLP,Freeze,HAR,UCI,10.0,accuracy,0.4840579628944397
IMU Transformer,TNC,RW-Waist,MLP,Full Finetune,HAR,RW-Waist,10.0,accuracy,0.5092592835426331
CNN-PFF,TNC,WISDM,MLP,Freeze,HAR,WISDM,1.0,accuracy,0.4431643486022949
CNN-PFF,TNC,UCI,MLP,Freeze,HAR,UCI,1.0,accuracy,0.3231883943080902
IMU Transformer,TNC,WISDM,MLP,Full Finetune,HAR,WISDM,50.0,accuracy,0.7008448243141174
CNN-PFF,TNC,KH,MLP,Full Finetune,HAR,KH,50.0,accuracy,0.4097222089767456
IMU Transformer,TNC,WISDM,MLP,Full Finetune,HAR,WISDM,1.0,accuracy,0.5130568146705627
CNN-PFF,TNC,UCI,MLP,Full Finetune,HAR,UCI,25.0,accuracy,0.7927536368370056
CNN-PFF,TNC,WISDM,MLP,Freeze,HAR,WISDM,5.0,accuracy,0.5180491805076599
CNN-PFF,TNC,WISDM,MLP,Freeze,HAR,WISDM,50.0,accuracy,0.7219662070274353
CNN-PFF,TNC,MS,MLP,Freeze,HAR,MS,10.0,accuracy,0.5047081112861633
CNN-PFF,TNC,UCI,MLP,Freeze,HAR,UCI,1000.0,accuracy,0.8318840861320496
IMU Transformer,TNC,KH,MLP,Full Finetune,HAR,KH,100.0,accuracy,0.6319444179534912
IMU Transformer,TNC,RW-Waist,MLP,Full Finetune,HAR,RW-Waist,200.0,accuracy,0.6550925970077515
CNN-PFF,TNC,KH,MLP,Freeze,HAR,KH,25.0,accuracy,0.3958333432674408
IMU Transformer,TNC,RW-Waist,MLP,Freeze,HAR,RW-Waist,1.0,accuracy,0.2962962985038757
CNN-PFF,TNC,WISDM,MLP,Full Finetune,HAR,WISDM,1.0,accuracy,0.3509984612464905
IMU Transformer,TNC,WISDM,MLP,Freeze,HAR,WISDM,1000.0,accuracy,0.7204301357269287
IMU Transformer,TNC,RW-Waist,MLP,Full Finetune,HAR,RW-Waist,1000.0,accuracy,0.6878858208656311
IMU Transformer,TNC,RW-Thigh,MLP,Full Finetune,HAR,RW-Thigh,1.0,accuracy,0.3243616223335266
IMU Transformer,TNC,MS,MLP,Full Finetune,HAR,MS,5.0,accuracy,0.5480226278305054
CNN-PFF,TNC,RW-Waist,MLP,Full Finetune,HAR,RW-Waist,100.0,accuracy,0.7368826866149902
CNN-PFF,TNC,KH,MLP,Full Finetune,HAR,KH,1000.0,accuracy,0.3819444477558136
CNN-PFF,TNC,MS,MLP,Full Finetune,HAR,MS,25.0,accuracy,0.8239171504974365
IMU Transformer,TNC,RW-Thigh,MLP,Full Finetune,HAR,RW-Thigh,50.0,accuracy,0.5448585152626038
CNN-PFF,TNC,KH,MLP,Full Finetune,HAR,KH,5.0,accuracy,0.2569444477558136
IMU Transformer,TNC,RW-Thigh,MLP,Freeze,HAR,RW-Thigh,10.0,accuracy,0.4089027047157287
CNN-PFF,TNC,RW-Thigh,MLP,Full Finetune,HAR,RW-Thigh,200.0,accuracy,0.7484471797943115
IMU Transformer,TNC,RW-Thigh,MLP,Freeze,HAR,RW-Thigh,100.0,accuracy,0.5724637508392334
IMU Transformer,TNC,WISDM,MLP,Full Finetune,HAR,WISDM,10.0,accuracy,0.7162058353424072
CNN-PFF,TNC,KH,MLP,Freeze,HAR,KH,200.0,accuracy,0.4722222089767456
CNN-PFF,TNC,RW-Thigh,MLP,Freeze,HAR,RW-Thigh,5.0,accuracy,0.3781918585300445
CNN-PFF,TNC,KH,MLP,Freeze,HAR,KH,1.0,accuracy,0.1875
CNN-PFF,TNC,MS,MLP,Full Finetune,HAR,MS,50.0,accuracy,0.8267419934272766
CNN-PFF,TNC,UCI,MLP,Full Finetune,HAR,UCI,5.0,accuracy,0.6942028999328613
IMU Transformer,TNC,UCI,MLP,Freeze,HAR,UCI,200.0,accuracy,0.6000000238418579
IMU Transformer,TNC,MS,MLP,Freeze,HAR,MS,10.0,accuracy,0.4689265489578247
CNN-PFF,TNC,RW-Thigh,MLP,Freeze,HAR,RW-Thigh,10.0,accuracy,0.4316770136356354
IMU Transformer,TNC,KH,MLP,Freeze,HAR,KH,200.0,accuracy,0.5277777910232544
CNN-PFF,TNC,RW-Thigh,MLP,Full Finetune,HAR,RW-Thigh,25.0,accuracy,0.6538992524147034
IMU Transformer,TNC,RW-Thigh,MLP,Freeze,HAR,RW-Thigh,25.0,accuracy,0.5296756625175476
IMU Transformer,TNC,WISDM,MLP,Freeze,HAR,WISDM,10.0,accuracy,0.6754992604255676
IMU Transformer,TNC,MS,MLP,Full Finetune,HAR,MS,100.0,accuracy,0.7551789283752441
IMU Transformer,TNC,WISDM,MLP,Full Finetune,HAR,WISDM,200.0,accuracy,0.7354070544242859
CNN-PFF,TNC,RW-Thigh,MLP,Full Finetune,HAR,RW-Thigh,50.0,accuracy,0.6901311278343201
IMU Transformer,TNC,KH,MLP,Freeze,HAR,KH,100.0,accuracy,0.5347222089767456
CNN-PFF,TNC,RW-Thigh,MLP,Freeze,HAR,RW-Thigh,200.0,accuracy,0.716356098651886
IMU Transformer,TNC,KH,MLP,Freeze,HAR,KH,50.0,accuracy,0.5069444179534912
CNN-PFF,TNC,WISDM,MLP,Full Finetune,HAR,WISDM,1000.0,accuracy,0.8767281174659729
CNN-PFF,TNC,RW-Thigh,MLP,Freeze,HAR,RW-Thigh,1000.0,accuracy,0.7322291135787964
CNN-PFF,TNC,KH,MLP,Full Finetune,HAR,KH,10.0,accuracy,0.2152777761220932
IMU Transformer,TNC,MS,MLP,Freeze,HAR,MS,1.0,accuracy,0.3992466926574707
IMU Transformer,TNC,WISDM,MLP,Freeze,HAR,WISDM,100.0,accuracy,0.7123655676841736
IMU Transformer,TNC,MS,MLP,Full Finetune,HAR,MS,50.0,accuracy,0.7683615684509277
IMU Transformer,TNC,WISDM,MLP,Freeze,HAR,WISDM,1.0,accuracy,0.5011520981788635
CNN-PFF,TNC,MS,MLP,Full Finetune,HAR,MS,100.0,accuracy,0.8220338821411133
IMU Transformer,TNC,MS,MLP,Freeze,HAR,MS,5.0,accuracy,0.4350282549858093
IMU Transformer,TNC,RW-Waist,MLP,Full Finetune,HAR,RW-Waist,5.0,accuracy,0.4880401194095611
IMU Transformer,TNC,RW-Thigh,MLP,Freeze,HAR,RW-Thigh,50.0,accuracy,0.5317460298538208
IMU Transformer,TNC,KH,MLP,Freeze,HAR,KH,1.0,accuracy,0.3125
CNN-PFF,TNC,UCI,MLP,Freeze,HAR,UCI,5.0,accuracy,0.5318840742111206
IMU Transformer,TNC,KH,MLP,Freeze,HAR,KH,5.0,accuracy,0.3611111044883728
IMU Transformer,TNC,KH,MLP,Freeze,HAR,KH,10.0,accuracy,0.375
CNN-PFF,TNC,RW-Waist,MLP,Full Finetune,HAR,RW-Waist,5.0,accuracy,0.5740740895271301
IMU Transformer,TNC,RW-Waist,MLP,Full Finetune,HAR,RW-Waist,25.0,accuracy,0.5868055820465088
IMU Transformer,TNC,WISDM,MLP,Full Finetune,HAR,WISDM,25.0,accuracy,0.7473118305206299
IMU Transformer,TNC,KH,MLP,Full Finetune,HAR,KH,50.0,accuracy,0.5972222089767456
CNN-PFF,TNC,UCI,MLP,Full Finetune,HAR,UCI,1.0,accuracy,0.530434787273407
IMU Transformer,TNC,UCI,MLP,Full Finetune,HAR,UCI,25.0,accuracy,0.7652173638343811
IMU Transformer,TNC,MS,MLP,Freeze,HAR,MS,50.0,accuracy,0.5677965879440308
CNN-PFF,TNC,RW-Waist,MLP,Full Finetune,HAR,RW-Waist,10.0,accuracy,0.5933641791343689
CNN-PFF,TNC,RW-Thigh,MLP,Full Finetune,HAR,RW-Thigh,100.0,accuracy,0.7405107021331787
IMU Transformer,TNC,RW-Waist,MLP,Full Finetune,HAR,RW-Waist,100.0,accuracy,0.6508487462997437
IMU Transformer,TNC,UCI,MLP,Freeze,HAR,UCI,100.0,accuracy,0.5898550748825073
CNN-PFF,TNC,WISDM,MLP,Freeze,HAR,WISDM,100.0,accuracy,0.7050691246986389
CNN-PFF,TNC,RW-Thigh,MLP,Full Finetune,HAR,RW-Thigh,1000.0,accuracy,0.7367149591445923
CNN-PFF,TNC,RW-Thigh,MLP,Freeze,HAR,RW-Thigh,1.0,accuracy,0.145617663860321
CNN-PFF,TNC,UCI,MLP,Freeze,HAR,UCI,10.0,accuracy,0.6405797004699707
IMU Transformer,TNC,UCI,MLP,Full Finetune,HAR,UCI,200.0,accuracy,0.7927536368370056
CNN-PFF,TNC,WISDM,MLP,Freeze,HAR,WISDM,25.0,accuracy,0.6693548560142517
IMU Transformer,TNC,WISDM,MLP,Freeze,HAR,WISDM,25.0,accuracy,0.5499231815338135
IMU Transformer,TNC,WISDM,MLP,Full Finetune,HAR,WISDM,100.0,accuracy,0.7000768184661865
CNN-PFF,TNC,KH,MLP,Freeze,HAR,KH,100.0,accuracy,0.5972222089767456
IMU Transformer,TNC,KH,MLP,Full Finetune,HAR,KH,1000.0,accuracy,0.6388888955116272
IMU Transformer,TNC,RW-Thigh,MLP,Freeze,HAR,RW-Thigh,1.0,accuracy,0.2691511511802673
CNN-PFF,TNC,MS,MLP,Full Finetune,HAR,MS,200.0,accuracy,0.8436911702156067
CNN-PFF,TNC,UCI,MLP,Freeze,HAR,UCI,200.0,accuracy,0.8086956739425659
IMU Transformer,TNC,RW-Thigh,MLP,Full Finetune,HAR,RW-Thigh,200.0,accuracy,0.6059351563453674
CNN-PFF,TNC,RW-Thigh,MLP,Full Finetune,HAR,RW-Thigh,10.0,accuracy,0.4796411395072937
IMU Transformer,TNC,UCI,MLP,Freeze,HAR,UCI,1.0,accuracy,0.4507246315479278
CNN-PFF,TNC,RW-Waist,MLP,Freeze,HAR,RW-Waist,1.0,accuracy,0.4494598805904388
CNN-PFF,TNC,KH,MLP,Freeze,HAR,KH,1000.0,accuracy,0.625
CNN-PFF,TNC,RW-Waist,MLP,Full Finetune,HAR,RW-Waist,50.0,accuracy,0.709876537322998
CNN-PFF,TNC,MS,MLP,Full Finetune,HAR,MS,5.0,accuracy,0.5131826996803284
IMU Transformer,TNC,RW-Thigh,MLP,Full Finetune,HAR,RW-Thigh,25.0,accuracy,0.6187025308609009
IMU Transformer,TNC,RW-Waist,MLP,Full Finetune,HAR,RW-Waist,1.0,accuracy,0.4587191343307495
IMU Transformer,TNC,UCI,MLP,Freeze,HAR,UCI,25.0,accuracy,0.5710144639015198
CNN-PFF,TNC,KH,MLP,Full Finetune,HAR,KH,25.0,accuracy,0.7361111044883728
CNN-PFF,TNC,MS,MLP,Freeze,HAR,MS,5.0,accuracy,0.3352165818214416
IMU Transformer,TNC,RW-Waist,MLP,Full Finetune,HAR,RW-Waist,5.0,accuracy,0.6053240895271301
IMU Transformer,TNC,MS,MLP,Full Finetune,HAR,MS,1.0,accuracy,0.5508474707603455
IMU Transformer,TNC,UCI,MLP,Freeze,HAR,UCI,5.0,accuracy,0.4159420430660248
CNN-PFF,TNC,RW-Thigh,MLP,Freeze,HAR,RW-Thigh,5.0,accuracy,0.4109730720520019
IMU Transformer,TNC,MS,MLP,Freeze,HAR,MS,200.0,accuracy,0.5790960192680359
CNN-PFF,TNC,RW-Waist,MLP,Freeze,HAR,RW-Waist,10.0,accuracy,0.5096450448036194
IMU Transformer,TNC,UCI,MLP,Freeze,HAR,UCI,200.0,accuracy,0.5942028760910034
CNN-PFF,TNC,KH,MLP,Freeze,HAR,KH,10.0,accuracy,0.2569444477558136
IMU Transformer,TNC,MS,MLP,Full Finetune,HAR,MS,10.0,accuracy,0.6694915294647217
CNN-PFF,TNC,WISDM,MLP,Freeze,HAR,WISDM,25.0,accuracy,0.6735790967941284
CNN-PFF,TNC,RW-Waist,MLP,Freeze,HAR,RW-Waist,5.0,accuracy,0.5038580298423767
IMU Transformer,TNC,RW-Waist,MLP,Freeze,HAR,RW-Waist,100.0,accuracy,0.5590277910232544
IMU Transformer,TNC,KH,MLP,Full Finetune,HAR,KH,1.0,accuracy,0.4236111044883728
IMU Transformer,TNC,WISDM,MLP,Full Finetune,HAR,WISDM,5.0,accuracy,0.5591397881507874
IMU Transformer,TNC,RW-Thigh,MLP,Full Finetune,HAR,RW-Thigh,200.0,accuracy,0.6487232446670532
CNN-PFF,TNC,RW-Thigh,MLP,Freeze,HAR,RW-Thigh,50.0,accuracy,0.60317462682724
IMU Transformer,TNC,KH,MLP,Full Finetune,HAR,KH,200.0,accuracy,0.5972222089767456
CNN-PFF,TNC,MS,MLP,Full Finetune,HAR,MS,1000.0,accuracy,0.8578154444694519
IMU Transformer,TNC,WISDM,MLP,Full Finetune,HAR,WISDM,1.0,accuracy,0.4435483813285827
IMU Transformer,TNC,RW-Waist,MLP,Full Finetune,HAR,RW-Waist,200.0,accuracy,0.6365740895271301
IMU Transformer,TNC,KH,MLP,Full Finetune,HAR,KH,50.0,accuracy,0.7152777910232544
IMU Transformer,TNC,MS,MLP,Full Finetune,HAR,MS,100.0,accuracy,0.7467043399810791
IMU Transformer,TNC,RW-Waist,MLP,Freeze,HAR,RW-Waist,50.0,accuracy,0.5559413433074951
CNN-PFF,TNC,KH,MLP,Freeze,HAR,KH,100.0,accuracy,0.5694444179534912
CNN-PFF,TNC,UCI,MLP,Full Finetune,HAR,UCI,10.0,accuracy,0.6811594367027283
CNN-PFF,TNC,RW-Thigh,MLP,Freeze,HAR,RW-Thigh,25.0,accuracy,0.5762594938278198
CNN-PFF,TNC,MS,MLP,Full Finetune,HAR,MS,25.0,accuracy,0.7627118825912476
CNN-PFF,TNC,MS,MLP,Freeze,HAR,MS,100.0,accuracy,0.7250470519065857
CNN-PFF,TNC,WISDM,MLP,Full Finetune,HAR,WISDM,100.0,accuracy,0.731566846370697
IMU Transformer,TNC,RW-Waist,MLP,Full Finetune,HAR,RW-Waist,10.0,accuracy,0.6084104776382446
IMU Transformer,TNC,KH,MLP,Full Finetune,HAR,KH,10.0,accuracy,0.6805555820465088
CNN-PFF,TNC,UCI,MLP,Full Finetune,HAR,UCI,1000.0,accuracy,0.9231883883476256
IMU Transformer,TNC,MS,MLP,Freeze,HAR,MS,50.0,accuracy,0.5499058365821838
CNN-PFF,TNC,RW-Thigh,MLP,Freeze,HAR,RW-Thigh,200.0,accuracy,0.7087646722793579
IMU Transformer,TNC,RW-Waist,MLP,Freeze,HAR,RW-Waist,25.0,accuracy,0.4355709850788116
IMU Transformer,TNC,UCI,MLP,Full Finetune,HAR,UCI,10.0,accuracy,0.717391312122345
CNN-PFF,TNC,UCI,MLP,Full Finetune,HAR,UCI,5.0,accuracy,0.6028985381126404
CNN-PFF,TNC,WISDM,MLP,Freeze,HAR,WISDM,200.0,accuracy,0.7146697640419006
CNN-PFF,TNC,UCI,MLP,Freeze,HAR,UCI,5.0,accuracy,0.530434787273407
CNN-PFF,TNC,UCI,MLP,Freeze,HAR,UCI,50.0,accuracy,0.7405797243118286
CNN-PFF,TNC,RW-Waist,MLP,Full Finetune,HAR,RW-Waist,5.0,accuracy,0.6149691343307495
CNN-PFF,TNC,MS,MLP,Freeze,HAR,MS,1000.0,accuracy,0.756120502948761
IMU Transformer,TNC,UCI,MLP,Freeze,HAR,UCI,1.0,accuracy,0.3855072557926178
IMU Transformer,TNC,UCI,MLP,Full Finetune,HAR,UCI,1.0,accuracy,0.4115942120552063
IMU Transformer,TNC,WISDM,MLP,Freeze,HAR,WISDM,200.0,accuracy,0.7154377698898315
IMU Transformer,TNC,MS,MLP,Full Finetune,HAR,MS,25.0,accuracy,0.639359712600708
IMU Transformer,TNC,WISDM,MLP,Full Finetune,HAR,WISDM,1000.0,accuracy,0.6950845122337341
CNN-PFF,TNC,UCI,MLP,Freeze,HAR,UCI,200.0,accuracy,0.8101449012756348
CNN-PFF,TNC,MS,MLP,Freeze,HAR,MS,25.0,accuracy,0.6450093984603882
IMU Transformer,TNC,UCI,MLP,Freeze,HAR,UCI,10.0,accuracy,0.5797101259231567
CNN-PFF,TNC,KH,MLP,Full Finetune,HAR,KH,50.0,accuracy,0.7569444179534912
IMU Transformer,TNC,RW-Thigh,MLP,Freeze,HAR,RW-Thigh,200.0,accuracy,0.5472739934921265
IMU Transformer,TNC,UCI,MLP,Freeze,HAR,UCI,100.0,accuracy,0.5840579867362976
IMU Transformer,TNC,WISDM,MLP,Freeze,HAR,WISDM,1000.0,accuracy,0.7365591526031494
IMU Transformer,TNC,UCI,MLP,Full Finetune,HAR,UCI,5.0,accuracy,0.6405797004699707
CNN-PFF,TNC,MS,MLP,Full Finetune,HAR,MS,10.0,accuracy,0.561205267906189
IMU Transformer,TNC,MS,MLP,Freeze,HAR,MS,1000.0,accuracy,0.598870038986206
CNN-PFF,TNC,RW-Waist,MLP,Full Finetune,HAR,RW-Waist,1.0,accuracy,0.4783950746059418
CNN-PFF,TNC,UCI,MLP,Freeze,HAR,UCI,10.0,accuracy,0.6014492511749268
CNN-PFF,TNC,UCI,MLP,Freeze,HAR,UCI,1.0,accuracy,0.2623188495635986
IMU Transformer,TNC,WISDM,MLP,Freeze,HAR,WISDM,50.0,accuracy,0.6774193644523621
IMU Transformer,TNC,UCI,MLP,Full Finetune,HAR,UCI,25.0,accuracy,0.7492753863334656
IMU Transformer,TNC,KH,MLP,Freeze,HAR,KH,1.0,accuracy,0.4513888955116272
CNN-PFF,TNC,WISDM,MLP,Full Finetune,HAR,WISDM,5.0,accuracy,0.5698924660682678
CNN-PFF,TNC,WISDM,MLP,Freeze,HAR,WISDM,5.0,accuracy,0.5718125700950623
IMU Transformer,TNC,RW-Thigh,MLP,Freeze,HAR,RW-Thigh,1000.0,accuracy,0.5862663984298706
CNN-PFF,TNC,RW-Waist,MLP,Full Finetune,HAR,RW-Waist,200.0,accuracy,0.7503858208656311
IMU Transformer,TNC,WISDM,MLP,Full Finetune,HAR,WISDM,50.0,accuracy,0.6705068945884705
IMU Transformer,TNC,MS,MLP,Freeze,HAR,MS,10.0,accuracy,0.4887005686759949
IMU Transformer,TNC,RW-Thigh,MLP,Freeze,HAR,RW-Thigh,50.0,accuracy,0.5538302063941956
IMU Transformer,TNC,WISDM,MLP,Full Finetune,HAR,WISDM,10.0,accuracy,0.6931643486022949
CNN-PFF,TNC,UCI,MLP,Freeze,HAR,UCI,1000.0,accuracy,0.8202898502349854
IMU Transformer,TNC,KH,MLP,Freeze,HAR,KH,50.0,accuracy,0.6319444179534912
CNN-PFF,TNC,MS,MLP,Full Finetune,HAR,MS,5.0,accuracy,0.5028248429298401
IMU Transformer,TNC,KH,MLP,Freeze,HAR,KH,25.0,accuracy,0.5694444179534912
CNN-PFF,TNC,MS,MLP,Full Finetune,HAR,MS,50.0,accuracy,0.7843691110610962
IMU Transformer,TNC,KH,MLP,Full Finetune,HAR,KH,25.0,accuracy,0.625
CNN-PFF,TNC,RW-Waist,MLP,Full Finetune,HAR,RW-Waist,25.0,accuracy,0.6971450448036194
CNN-PFF,TNC,MS,MLP,Freeze,HAR,MS,200.0,accuracy,0.8239171504974365
CNN-PFF,TNC,RW-Waist,MLP,Freeze,HAR,RW-Waist,1000.0,accuracy,0.741126537322998
IMU Transformer,TNC,KH,MLP,Freeze,HAR,KH,200.0,accuracy,0.6736111044883728
IMU Transformer,TNC,RW-Waist,MLP,Full Finetune,HAR,RW-Waist,1.0,accuracy,0.4706790149211883
CNN-PFF,TNC,MS,MLP,Full Finetune,HAR,MS,1.0,accuracy,0.2241054624319076
IMU Transformer,TNC,WISDM,MLP,Freeze,HAR,WISDM,25.0,accuracy,0.6278801560401917
CNN-PFF,TNC,KH,MLP,Full Finetune,HAR,KH,200.0,accuracy,0.7083333134651184
CNN-PFF,TNC,WISDM,MLP,Freeze,HAR,WISDM,10.0,accuracy,0.6121351718902588
IMU Transformer,TNC,UCI,MLP,Full Finetune,HAR,UCI,100.0,accuracy,0.7797101736068726
CNN-PFF,TNC,WISDM,MLP,Full Finetune,HAR,WISDM,200.0,accuracy,0.7814900279045105
IMU Transformer,TNC,KH,MLP,Full Finetune,HAR,KH,1000.0,accuracy,0.4722222089767456
CNN-PFF,TNC,WISDM,MLP,Full Finetune,HAR,WISDM,50.0,accuracy,0.7638248801231384
CNN-PFF,TNC,MS,MLP,Full Finetune,HAR,MS,200.0,accuracy,0.8794726729393005
IMU Transformer,TNC,RW-Waist,MLP,Freeze,HAR,RW-Waist,10.0,accuracy,0.4313271641731262
IMU Transformer,TNC,MS,MLP,Freeze,HAR,MS,25.0,accuracy,0.564030110836029
IMU Transformer,TNC,WISDM,MLP,Full Finetune,HAR,WISDM,100.0,accuracy,0.6874039769172668
CNN-PFF,TNC,MS,MLP,Freeze,HAR,MS,1.0,accuracy,0.2410546094179153
CNN-PFF,TNC,KH,MLP,Freeze,HAR,KH,1.0,accuracy,0.3472222089767456
IMU Transformer,TNC,RW-Waist,MLP,Full Finetune,HAR,RW-Waist,50.0,accuracy,0.6277006268501282
CNN-PFF,TNC,WISDM,MLP,Freeze,HAR,WISDM,50.0,accuracy,0.7169739007949829
IMU Transformer,TNC,RW-Thigh,MLP,Full Finetune,HAR,RW-Thigh,1.0,accuracy,0.4658385217189789
CNN-PFF,TNC,WISDM,MLP,Full Finetune,HAR,WISDM,10.0,accuracy,0.6643624901771545
CNN-PFF,TNC,KH,MLP,Full Finetune,HAR,KH,1000.0,accuracy,0.7361111044883728
IMU Transformer,TNC,RW-Thigh,MLP,Full Finetune,HAR,RW-Thigh,1000.0,accuracy,0.5766045451164246
IMU Transformer,TNC,RW-Thigh,MLP,Full Finetune,HAR,RW-Thigh,25.0,accuracy,0.5848861336708069
IMU Transformer,TNC,WISDM,MLP,Freeze,HAR,WISDM,100.0,accuracy,0.7069892287254333
IMU Transformer,TNC,UCI,MLP,Full Finetune,HAR,UCI,50.0,accuracy,0.7623188495635986
CNN-PFF,TNC,KH,MLP,Freeze,HAR,KH,25.0,accuracy,0.4375
IMU Transformer,TNC,RW-Waist,MLP,Freeze,HAR,RW-Waist,1000.0,accuracy,0.5636574029922485
CNN-PFF,TNC,WISDM,MLP,Freeze,HAR,WISDM,100.0,accuracy,0.7158218026161194
IMU Transformer,TNC,WISDM,MLP,Freeze,HAR,WISDM,1.0,accuracy,0.4228110611438751
IMU Transformer,TNC,RW-Waist,MLP,Full Finetune,HAR,RW-Waist,100.0,accuracy,0.6304012537002563
CNN-PFF,TNC,RW-Waist,MLP,Full Finetune,HAR,RW-Waist,100.0,accuracy,0.7349537014961243
CNN-PFF,TNC,RW-Thigh,MLP,Full Finetune,HAR,RW-Thigh,100.0,accuracy,0.7056590914726257
IMU Transformer,TNC,RW-Thigh,MLP,Full Finetune,HAR,RW-Thigh,5.0,accuracy,0.5124223828315735
CNN-PFF,TNC,KH,MLP,Freeze,HAR,KH,200.0,accuracy,0.6111111044883728
IMU Transformer,TNC,UCI,MLP,Full Finetune,HAR,UCI,200.0,accuracy,0.7782608866691589
CNN-PFF,TNC,WISDM,MLP,Full Finetune,HAR,WISDM,25.0,accuracy,0.7480798959732056
CNN-PFF,TNC,RW-Waist,MLP,Full Finetune,HAR,RW-Waist,1000.0,accuracy,0.7399691343307495
CNN-PFF,TNC,KH,MLP,Full Finetune,HAR,KH,10.0,accuracy,0.2013888955116272
IMU Transformer,TNC,RW-Thigh,MLP,Freeze,HAR,RW-Thigh,10.0,accuracy,0.4682539701461792
CNN-PFF,TNC,KH,MLP,Freeze,HAR,KH,50.0,accuracy,0.2569444477558136
CNN-PFF,TNC,RW-Waist,MLP,Freeze,HAR,RW-Waist,100.0,accuracy,0.6905864477157593
CNN-PFF,TNC,UCI,MLP,Full Finetune,HAR,UCI,1.0,accuracy,0.4898550808429718
CNN-PFF,TNC,KH,MLP,Full Finetune,HAR,KH,1.0,accuracy,0.1666666716337204
IMU Transformer,TNC,KH,MLP,Freeze,HAR,KH,100.0,accuracy,0.5625
CNN-PFF,TNC,RW-Thigh,MLP,Full Finetune,HAR,RW-Thigh,1000.0,accuracy,0.7543132901191711
CNN-PFF,TNC,RW-Waist,MLP,Freeze,HAR,RW-Waist,200.0,accuracy,0.7395833134651184
CNN-PFF,TNC,MS,MLP,Freeze,HAR,MS,50.0,accuracy,0.660075306892395
IMU Transformer,TNC,RW-Thigh,MLP,Freeze,HAR,RW-Thigh,100.0,accuracy,0.5593512654304504
CNN-PFF,TNC,RW-Thigh,MLP,Freeze,HAR,RW-Thigh,1.0,accuracy,0.376121461391449
IMU Transformer,TNC,RW-Waist,MLP,Freeze,HAR,RW-Waist,5.0,accuracy,0.4058642089366913
CNN-PFF,TNC,RW-Thigh,MLP,Full Finetune,HAR,RW-Thigh,25.0,accuracy,0.6055900454521179
IMU Transformer,TNC,RW-Thigh,MLP,Freeze,HAR,RW-Thigh,1.0,accuracy,0.3133195340633392
CNN-PFF,TNC,WISDM,MLP,Freeze,HAR,WISDM,1.0,accuracy,0.5023041367530823
IMU Transformer,TNC,KH,MLP,Full Finetune,HAR,KH,5.0,accuracy,0.6180555820465088
CNN-PFF,TNC,RW-Thigh,MLP,Freeze,HAR,RW-Thigh,1000.0,accuracy,0.7429261803627014
CNN-PFF,TNC,WISDM,MLP,Full Finetune,HAR,WISDM,1000.0,accuracy,0.8751919865608215
CNN-PFF,TNC,UCI,MLP,Freeze,HAR,UCI,25.0,accuracy,0.7057970762252808
IMU Transformer,TNC,RW-Thigh,MLP,Full Finetune,HAR,RW-Thigh,100.0,accuracy,0.6204279065132141
CNN-PFF,TNC,UCI,MLP,Full Finetune,HAR,UCI,50.0,accuracy,0.7884057760238647
CNN-PFF,TNC,UCI,MLP,Freeze,HAR,UCI,100.0,accuracy,0.7811594009399414
IMU Transformer,TNC,MS,MLP,Full Finetune,HAR,MS,5.0,accuracy,0.5649717450141907
IMU Transformer,TNC,WISDM,MLP,Freeze,HAR,WISDM,5.0,accuracy,0.5483871102333069
CNN-PFF,TNC,RW-Thigh,MLP,Full Finetune,HAR,RW-Thigh,10.0,accuracy,0.4658385217189789
CNN-PFF,TNC,RW-Thigh,MLP,Full Finetune,HAR,RW-Thigh,200.0,accuracy,0.7218771576881409
CNN-PFF,TNC,KH,MLP,Freeze,HAR,KH,1000.0,accuracy,0.6458333134651184
CNN-PFF,TNC,UCI,MLP,Full Finetune,HAR,UCI,100.0,accuracy,0.8159420490264893
CNN-PFF,TNC,KH,MLP,Freeze,HAR,KH,5.0,accuracy,0.2708333432674408
CNN-PFF,TNC,RW-Waist,MLP,Full Finetune,HAR,RW-Waist,50.0,accuracy,0.7237654328346252
IMU Transformer,TNC,KH,MLP,Freeze,HAR,KH,5.0,accuracy,0.5277777910232544
IMU Transformer,TNC,UCI,MLP,Freeze,HAR,UCI,50.0,accuracy,0.5753623247146606
IMU Transformer,TNC,KH,MLP,Full Finetune,HAR,KH,100.0,accuracy,0.5
IMU Transformer,TNC,RW-Thigh,MLP,Full Finetune,HAR,RW-Thigh,10.0,accuracy,0.4872325658798218
CNN-PFF,TNC,RW-Waist,MLP,Freeze,HAR,RW-Waist,25.0,accuracy,0.647376537322998
CNN-PFF,TNC,RW-Waist,MLP,Freeze,HAR,RW-Waist,1.0,accuracy,0.2897376418113708
CNN-PFF,TNC,WISDM,MLP,Freeze,HAR,WISDM,1000.0,accuracy,0.7799538969993591
IMU Transformer,TNC,WISDM,MLP,Full Finetune,HAR,WISDM,25.0,accuracy,0.6781874299049377
CNN-PFF,TNC,RW-Thigh,MLP,Full Finetune,HAR,RW-Thigh,1.0,accuracy,0.3647342920303345
CNN-PFF,TNC,UCI,MLP,Full Finetune,HAR,UCI,25.0,accuracy,0.7724637389183044
CNN-PFF,TNC,MS,MLP,Freeze,HAR,MS,10.0,accuracy,0.5188323855400085
IMU Transformer,TNC,MS,MLP,Full Finetune,HAR,MS,50.0,accuracy,0.6534839868545532
IMU Transformer,TNC,UCI,MLP,Full Finetune,HAR,UCI,1000.0,accuracy,0.800000011920929
CNN-PFF,TNC,WISDM,MLP,Full Finetune,HAR,WISDM,1.0,accuracy,0.4846390187740326
CNN-PFF,TNC,RW-Thigh,MLP,Full Finetune,HAR,RW-Thigh,50.0,accuracy,0.7139406204223633
CNN-PFF,TNC,RW-Waist,MLP,Full Finetune,HAR,RW-Waist,10.0,accuracy,0.6246141791343689
IMU Transformer,TNC,RW-Waist,MLP,Full Finetune,HAR,RW-Waist,1000.0,accuracy,0.6793981194496155
CNN-PFF,TNC,RW-Thigh,MLP,Freeze,HAR,RW-Thigh,10.0,accuracy,0.482056587934494
IMU Transformer,TNC,WISDM,MLP,Freeze,HAR,WISDM,10.0,accuracy,0.5288018584251404
CNN-PFF,TNC,UCI,MLP,Full Finetune,HAR,UCI,200.0,accuracy,0.8492753505706787
IMU Transformer,TNC,WISDM,MLP,Full Finetune,HAR,WISDM,200.0,accuracy,0.6735790967941284
IMU Transformer,TNC,RW-Thigh,MLP,Full Finetune,HAR,RW-Thigh,50.0,accuracy,0.6790890097618103
IMU Transformer,TNC,RW-Thigh,MLP,Freeze,HAR,RW-Thigh,25.0,accuracy,0.5448585152626038
IMU Transformer,TNC,RW-Waist,MLP,Freeze,HAR,RW-Waist,1.0,accuracy,0.3580246865749359
IMU Transformer,TNC,RW-Waist,MLP,Full Finetune,HAR,RW-Waist,25.0,accuracy,0.6404321193695068
IMU Transformer,TNC,RW-Waist,MLP,Freeze,HAR,RW-Waist,200.0,accuracy,0.5540123581886292
IMU Transformer,TNC,MS,MLP,Full Finetune,HAR,MS,1000.0,accuracy,0.7419962286949158
IMU Transformer,TNC,KH,MLP,Freeze,HAR,KH,1000.0,accuracy,0.6458333134651184
IMU Transformer,TNC,MS,MLP,Freeze,HAR,MS,100.0,accuracy,0.5734463334083557
IMU Transformer,TNC,MS,MLP,Freeze,HAR,MS,5.0,accuracy,0.5207156538963318
CNN-PFF,TNC,KH,MLP,Full Finetune,HAR,KH,100.0,accuracy,0.7708333134651184
IMU Transformer,TNC,RW-Thigh,MLP,Freeze,HAR,RW-Thigh,5.0,accuracy,0.4465148448944092
IMU Transformer,TNC,UCI,MLP,Freeze,HAR,UCI,1000.0,accuracy,0.6144927740097046
IMU Transformer,TNC,KH,MLP,Freeze,HAR,KH,10.0,accuracy,0.5902777910232544
IMU Transformer,TNC,MS,MLP,Full Finetune,HAR,MS,200.0,accuracy,0.7711864113807678
IMU Transformer,TNC,MS,MLP,Freeze,HAR,MS,1.0,accuracy,0.473634660243988
CNN-PFF,TNC,MS,MLP,Full Finetune,HAR,MS,100.0,accuracy,0.8305084705352783
CNN-PFF,TNC,RW-Thigh,MLP,Full Finetune,HAR,RW-Thigh,5.0,accuracy,0.4323671460151672
CNN-PFF,TNC,RW-Thigh,MLP,Freeze,HAR,RW-Thigh,100.0,accuracy,0.6535542011260986
CNN-PFF,TNC,KH,MLP,Full Finetune,HAR,KH,5.0,accuracy,0.4513888955116272
CNN-PFF,TNC,RW-Waist,MLP,Freeze,HAR,RW-Waist,50.0,accuracy,0.6612654328346252
CNN-PFF,TFC,UCI,MLP,Freeze,HAR,UCI,200.0,accuracy,0.8985507488250732
IMU Transformer,TFC,KH,MLP,Freeze,HAR,KH,100.0,accuracy,0.4930555522441864
CNN-PFF,TFC,UCI,MLP,Freeze,HAR,UCI,25.0,accuracy,0.8318840861320496
IMU Transformer,TFC,MS,MLP,Freeze,HAR,MS,200.0,accuracy,0.590395450592041
CNN-PFF,TFC,MS,MLP,Full Finetune,HAR,MS,25.0,accuracy,0.9246704578399658
CNN-PFF,TFC,MS,MLP,Freeze,HAR,MS,5.0,accuracy,0.6967985033988953
CNN-PFF,TFC,UCI,MLP,Full Finetune,HAR,UCI,10.0,accuracy,0.8478260636329651
CNN-PFF,TFC,RW-Thigh,MLP,Full Finetune,HAR,RW-Thigh,25.0,accuracy,0.7943409085273743
CNN-PFF,TFC,RW-Thigh,MLP,Full Finetune,HAR,RW-Thigh,5.0,accuracy,0.6853002309799194
CNN-PFF,TFC,RW-Thigh,MLP,Freeze,HAR,RW-Thigh,1.0,accuracy,0.2018633484840393
CNN-PFF,TFC,WISDM,MLP,Full Finetune,HAR,WISDM,5.0,accuracy,0.6939324140548706
CNN-PFF,TFC,UCI,MLP,Full Finetune,HAR,UCI,5.0,accuracy,0.7739130258560181
CNN-PFF,TFC,WISDM,MLP,Freeze,HAR,WISDM,1.0,accuracy,0.2945468425750732
CNN-PFF,TFC,WISDM,MLP,Freeze,HAR,WISDM,5.0,accuracy,0.5437787771224976
IMU Transformer,TFC,RW-Thigh,MLP,Freeze,HAR,RW-Thigh,1000.0,accuracy,0.5175983309745789
IMU Transformer,TFC,MS,MLP,Full Finetune,HAR,MS,100.0,accuracy,0.7919020652770996
IMU Transformer,TFC,RW-Thigh,MLP,Freeze,HAR,RW-Thigh,10.0,accuracy,0.4796411395072937
IMU Transformer,TFC,KH,MLP,Full Finetune,HAR,KH,25.0,accuracy,0.5972222089767456
CNN-PFF,TFC,WISDM,MLP,Freeze,HAR,WISDM,1000.0,accuracy,0.8817204236984253
CNN-PFF,TFC,KH,MLP,Freeze,HAR,KH,200.0,accuracy,0.7847222089767456
IMU Transformer,TFC,UCI,MLP,Freeze,HAR,UCI,200.0,accuracy,0.3985507190227508
IMU Transformer,TFC,RW-Thigh,MLP,Freeze,HAR,RW-Thigh,1.0,accuracy,0.1959972381591797
CNN-PFF,TFC,UCI,MLP,Full Finetune,HAR,UCI,1000.0,accuracy,0.9579710364341736
CNN-PFF,TFC,UCI,MLP,Freeze,HAR,UCI,1.0,accuracy,0.2768115997314453
CNN-PFF,TFC,MS,MLP,Full Finetune,HAR,MS,1000.0,accuracy,0.9500941634178162
IMU Transformer,TFC,UCI,MLP,Freeze,HAR,UCI,10.0,accuracy,0.3985507190227508
IMU Transformer,TFC,RW-Thigh,MLP,Full Finetune,HAR,RW-Thigh,100.0,accuracy,0.5734989643096924
CNN-PFF,TFC,KH,MLP,Full Finetune,HAR,KH,200.0,accuracy,0.7847222089767456
IMU Transformer,TFC,RW-Thigh,MLP,Freeze,HAR,RW-Thigh,50.0,accuracy,0.4934437572956085
IMU Transformer,TFC,MS,MLP,Full Finetune,HAR,MS,10.0,accuracy,0.6845574378967285
CNN-PFF,TFC,RW-Thigh,MLP,Full Finetune,HAR,RW-Thigh,50.0,accuracy,0.8005521297454834
CNN-PFF,TFC,RW-Waist,MLP,Freeze,HAR,RW-Waist,100.0,accuracy,0.7719907164573669
IMU Transformer,TFC,RW-Waist,MLP,Full Finetune,HAR,RW-Waist,10.0,accuracy,0.5277777910232544
IMU Transformer,TFC,WISDM,MLP,Freeze,HAR,WISDM,200.0,accuracy,0.4965437650680542
CNN-PFF,TFC,RW-Waist,MLP,Full Finetune,HAR,RW-Waist,5.0,accuracy,0.7337962985038757
CNN-PFF,TFC,RW-Thigh,MLP,Full Finetune,HAR,RW-Thigh,100.0,accuracy,0.8150448799133301
CNN-PFF,TFC,RW-Thigh,MLP,Freeze,HAR,RW-Thigh,25.0,accuracy,0.739130437374115
IMU Transformer,TFC,RW-Waist,MLP,Full Finetune,HAR,RW-Waist,200.0,accuracy,0.6311728358268738
CNN-PFF,TFC,RW-Waist,MLP,Freeze,HAR,RW-Waist,5.0,accuracy,0.4895833432674408
CNN-PFF,TFC,KH,MLP,Freeze,HAR,KH,5.0,accuracy,0.6527777910232544
IMU Transformer,TFC,MS,MLP,Full Finetune,HAR,MS,200.0,accuracy,0.8408662676811218
CNN-PFF,TFC,RW-Thigh,MLP,Freeze,HAR,RW-Thigh,10.0,accuracy,0.7339544296264648
CNN-PFF,TFC,RW-Thigh,MLP,Full Finetune,HAR,RW-Thigh,1.0,accuracy,0.367839902639389
IMU Transformer,TFC,WISDM,MLP,Full Finetune,HAR,WISDM,1000.0,accuracy,0.8924731016159058
IMU Transformer,TFC,WISDM,MLP,Full Finetune,HAR,WISDM,50.0,accuracy,0.7192780375480652
IMU Transformer,TFC,RW-Thigh,MLP,Full Finetune,HAR,RW-Thigh,5.0,accuracy,0.4113181531429291
CNN-PFF,TFC,UCI,MLP,Freeze,HAR,UCI,10.0,accuracy,0.7565217614173889
IMU Transformer,TFC,RW-Waist,MLP,Full Finetune,HAR,RW-Waist,1.0,accuracy,0.3699845671653747
IMU Transformer,TFC,KH,MLP,Full Finetune,HAR,KH,200.0,accuracy,0.6458333134651184
CNN-PFF,TFC,MS,MLP,Full Finetune,HAR,MS,200.0,accuracy,0.9397363662719728
IMU Transformer,TFC,WISDM,MLP,Freeze,HAR,WISDM,50.0,accuracy,0.4965437650680542
CNN-PFF,TFC,UCI,MLP,Freeze,HAR,UCI,100.0,accuracy,0.8840579986572266
CNN-PFF,TFC,MS,MLP,Freeze,HAR,MS,200.0,accuracy,0.8964218497276306
CNN-PFF,TFC,RW-Waist,MLP,Freeze,HAR,RW-Waist,25.0,accuracy,0.6940586566925049
IMU Transformer,TFC,KH,MLP,Freeze,HAR,KH,1000.0,accuracy,0.5138888955116272
IMU Transformer,TFC,UCI,MLP,Freeze,HAR,UCI,50.0,accuracy,0.3913043439388275
IMU Transformer,TFC,RW-Waist,MLP,Freeze,HAR,RW-Waist,1.0,accuracy,0.1504629701375961
CNN-PFF,TFC,MS,MLP,Full Finetune,HAR,MS,50.0,accuracy,0.9340866208076476
CNN-PFF,TFC,RW-Waist,MLP,Full Finetune,HAR,RW-Waist,100.0,accuracy,0.801311731338501
CNN-PFF,TFC,WISDM,MLP,Freeze,HAR,WISDM,200.0,accuracy,0.8509984612464905
IMU Transformer,TFC,RW-Thigh,MLP,Full Finetune,HAR,RW-Thigh,10.0,accuracy,0.523809552192688
IMU Transformer,TFC,KH,MLP,Freeze,HAR,KH,10.0,accuracy,0.5138888955116272
CNN-PFF,TFC,RW-Waist,MLP,Full Finetune,HAR,RW-Waist,200.0,accuracy,0.8179012537002563
IMU Transformer,TFC,RW-Waist,MLP,Freeze,HAR,RW-Waist,100.0,accuracy,0.5875771641731262
IMU Transformer,TFC,KH,MLP,Freeze,HAR,KH,1.0,accuracy,0.5277777910232544
IMU Transformer,TFC,RW-Waist,MLP,Freeze,HAR,RW-Waist,25.0,accuracy,0.5555555820465088
CNN-PFF,TFC,WISDM,MLP,Full Finetune,HAR,WISDM,10.0,accuracy,0.7711213231086731
IMU Transformer,TFC,RW-Waist,MLP,Freeze,HAR,RW-Waist,1000.0,accuracy,0.6014660596847534
CNN-PFF,TFC,KH,MLP,Full Finetune,HAR,KH,50.0,accuracy,0.7916666865348816
CNN-PFF,TFC,RW-Thigh,MLP,Freeze,HAR,RW-Thigh,100.0,accuracy,0.7536231875419617
CNN-PFF,TFC,KH,MLP,Full Finetune,HAR,KH,1000.0,accuracy,0.7986111044883728
IMU Transformer,TFC,WISDM,MLP,Freeze,HAR,WISDM,1.0,accuracy,0.4961597621440887
IMU Transformer,TFC,RW-Waist,MLP,Full Finetune,HAR,RW-Waist,1000.0,accuracy,0.7665895223617554
CNN-PFF,TFC,RW-Waist,MLP,Full Finetune,HAR,RW-Waist,50.0,accuracy,0.7997685074806213
IMU Transformer,TFC,RW-Thigh,MLP,Full Finetune,HAR,RW-Thigh,50.0,accuracy,0.5389924049377441
CNN-PFF,TFC,RW-Waist,MLP,Freeze,HAR,RW-Waist,1.0,accuracy,0.1828703731298446
IMU Transformer,TFC,KH,MLP,Full Finetune,HAR,KH,50.0,accuracy,0.6041666865348816
CNN-PFF,TFC,UCI,MLP,Freeze,HAR,UCI,1000.0,accuracy,0.9144927263259888
IMU Transformer,TFC,KH,MLP,Freeze,HAR,KH,5.0,accuracy,0.6041666865348816
IMU Transformer,TFC,KH,MLP,Full Finetune,HAR,KH,1000.0,accuracy,0.6180555820465088
CNN-PFF,TFC,MS,MLP,Full Finetune,HAR,MS,10.0,accuracy,0.8766478300094604
CNN-PFF,TFC,KH,MLP,Freeze,HAR,KH,25.0,accuracy,0.7569444179534912
CNN-PFF,TFC,KH,MLP,Full Finetune,HAR,KH,100.0,accuracy,0.7986111044883728
IMU Transformer,TFC,UCI,MLP,Freeze,HAR,UCI,5.0,accuracy,0.3971014618873596
CNN-PFF,TFC,RW-Waist,MLP,Freeze,HAR,RW-Waist,200.0,accuracy,0.7754629850387573
CNN-PFF,TFC,RW-Thigh,MLP,Full Finetune,HAR,RW-Thigh,10.0,accuracy,0.7688060998916626
CNN-PFF,TFC,RW-Waist,MLP,Freeze,HAR,RW-Waist,50.0,accuracy,0.7534722089767456
CNN-PFF,TFC,UCI,MLP,Freeze,HAR,UCI,50.0,accuracy,0.8768116235733032
IMU Transformer,TFC,RW-Thigh,MLP,Full Finetune,HAR,RW-Thigh,200.0,accuracy,0.5869565010070801
IMU Transformer,TFC,KH,MLP,Full Finetune,HAR,KH,10.0,accuracy,0.5486111044883728
CNN-PFF,TFC,WISDM,MLP,Freeze,HAR,WISDM,100.0,accuracy,0.837173581123352
IMU Transformer,TFC,KH,MLP,Full Finetune,HAR,KH,100.0,accuracy,0.6111111044883728
CNN-PFF,TFC,RW-Thigh,MLP,Full Finetune,HAR,RW-Thigh,200.0,accuracy,0.8122843503952026
CNN-PFF,TFC,KH,MLP,Freeze,HAR,KH,1.0,accuracy,0.4444444477558136
IMU Transformer,TFC,UCI,MLP,Full Finetune,HAR,UCI,5.0,accuracy,0.6666666865348816
CNN-PFF,TFC,RW-Waist,MLP,Freeze,HAR,RW-Waist,10.0,accuracy,0.5177469253540039
IMU Transformer,TFC,RW-Waist,MLP,Freeze,HAR,RW-Waist,5.0,accuracy,0.4533179104328155
IMU Transformer,TFC,MS,MLP,Full Finetune,HAR,MS,50.0,accuracy,0.6629002094268799
IMU Transformer,TFC,RW-Waist,MLP,Full Finetune,HAR,RW-Waist,5.0,accuracy,0.5135030746459961
CNN-PFF,TFC,WISDM,MLP,Freeze,HAR,WISDM,25.0,accuracy,0.7830260992050171
IMU Transformer,TFC,RW-Thigh,MLP,Freeze,HAR,RW-Thigh,100.0,accuracy,0.52173912525177
IMU Transformer,TFC,RW-Waist,MLP,Full Finetune,HAR,RW-Waist,25.0,accuracy,0.5964506268501282
CNN-PFF,TFC,UCI,MLP,Full Finetune,HAR,UCI,1.0,accuracy,0.447826087474823
IMU Transformer,TFC,UCI,MLP,Full Finetune,HAR,UCI,200.0,accuracy,0.7536231875419617
IMU Transformer,TFC,UCI,MLP,Full Finetune,HAR,UCI,10.0,accuracy,0.560869574546814
CNN-PFF,TFC,WISDM,MLP,Full Finetune,HAR,WISDM,100.0,accuracy,0.8751919865608215
IMU Transformer,TFC,MS,MLP,Full Finetune,HAR,MS,5.0,accuracy,0.6318267583847046
IMU Transformer,TFC,WISDM,MLP,Freeze,HAR,WISDM,1000.0,accuracy,0.4965437650680542
IMU Transformer,TFC,UCI,MLP,Full Finetune,HAR,UCI,25.0,accuracy,0.6797101497650146
IMU Transformer,TFC,RW-Thigh,MLP,Full Finetune,HAR,RW-Thigh,25.0,accuracy,0.5493443608283997
CNN-PFF,TFC,MS,MLP,Freeze,HAR,MS,1000.0,accuracy,0.9114877581596376
CNN-PFF,TFC,KH,MLP,Freeze,HAR,KH,100.0,accuracy,0.7708333134651184
IMU Transformer,TFC,KH,MLP,Freeze,HAR,KH,200.0,accuracy,0.5208333134651184
CNN-PFF,TFC,RW-Thigh,MLP,Freeze,HAR,RW-Thigh,200.0,accuracy,0.7653554081916809
IMU Transformer,TFC,KH,MLP,Full Finetune,HAR,KH,1.0,accuracy,0.5555555820465088
IMU Transformer,TFC,UCI,MLP,Freeze,HAR,UCI,100.0,accuracy,0.3985507190227508
IMU Transformer,TFC,MS,MLP,Freeze,HAR,MS,10.0,accuracy,0.564030110836029
CNN-PFF,TFC,KH,MLP,Full Finetune,HAR,KH,25.0,accuracy,0.8055555820465088
CNN-PFF,TFC,MS,MLP,Full Finetune,HAR,MS,1.0,accuracy,0.369114875793457
IMU Transformer,TFC,UCI,MLP,Freeze,HAR,UCI,1000.0,accuracy,0.3985507190227508
IMU Transformer,TFC,UCI,MLP,Freeze,HAR,UCI,25.0,accuracy,0.3768115937709808
IMU Transformer,TFC,RW-Waist,MLP,Freeze,HAR,RW-Waist,200.0,accuracy,0.5833333134651184
CNN-PFF,TFC,UCI,MLP,Full Finetune,HAR,UCI,25.0,accuracy,0.9188405871391296
IMU Transformer,TFC,KH,MLP,Freeze,HAR,KH,25.0,accuracy,0.5277777910232544
CNN-PFF,TFC,RW-Waist,MLP,Full Finetune,HAR,RW-Waist,25.0,accuracy,0.7804784178733826
IMU Transformer,TFC,WISDM,MLP,Full Finetune,HAR,WISDM,200.0,accuracy,0.7557603716850281
CNN-PFF,TFC,UCI,MLP,Freeze,HAR,UCI,5.0,accuracy,0.643478274345398
IMU Transformer,TFC,UCI,MLP,Full Finetune,HAR,UCI,100.0,accuracy,0.7130434513092041
IMU Transformer,TFC,UCI,MLP,Freeze,HAR,UCI,1.0,accuracy,0.4101449251174927
CNN-PFF,TFC,UCI,MLP,Full Finetune,HAR,UCI,50.0,accuracy,0.921739101409912
CNN-PFF,TFC,RW-Thigh,MLP,Freeze,HAR,RW-Thigh,50.0,accuracy,0.7694962024688721
IMU Transformer,TFC,KH,MLP,Full Finetune,HAR,KH,5.0,accuracy,0.5
CNN-PFF,TFC,RW-Waist,MLP,Freeze,HAR,RW-Waist,1000.0,accuracy,0.7770061492919922
IMU Transformer,TFC,MS,MLP,Full Finetune,HAR,MS,1.0,accuracy,0.4444444477558136
CNN-PFF,TFC,KH,MLP,Freeze,HAR,KH,1000.0,accuracy,0.7847222089767456
IMU Transformer,TFC,RW-Waist,MLP,Full Finetune,HAR,RW-Waist,100.0,accuracy,0.6442901492118835
IMU Transformer,TFC,RW-Waist,MLP,Freeze,HAR,RW-Waist,10.0,accuracy,0.4942129552364349
IMU Transformer,TFC,RW-Thigh,MLP,Freeze,HAR,RW-Thigh,200.0,accuracy,0.5041407942771912
IMU Transformer,TFC,KH,MLP,Freeze,HAR,KH,50.0,accuracy,0.5277777910232544
IMU Transformer,TFC,WISDM,MLP,Freeze,HAR,WISDM,5.0,accuracy,0.5011520981788635
CNN-PFF,TFC,WISDM,MLP,Full Finetune,HAR,WISDM,1000.0,accuracy,0.9028418064117432
IMU Transformer,TFC,WISDM,MLP,Full Finetune,HAR,WISDM,5.0,accuracy,0.5034562349319458
CNN-PFF,TFC,WISDM,MLP,Freeze,HAR,WISDM,50.0,accuracy,0.81950843334198
IMU Transformer,TFC,MS,MLP,Full Finetune,HAR,MS,1000.0,accuracy,0.8775894641876221
CNN-PFF,TFC,KH,MLP,Full Finetune,HAR,KH,1.0,accuracy,0.5069444179534912
IMU Transformer,TFC,MS,MLP,Freeze,HAR,MS,1.0,accuracy,0.526365339756012
CNN-PFF,TFC,WISDM,MLP,Full Finetune,HAR,WISDM,50.0,accuracy,0.8375576138496399
CNN-PFF,TFC,WISDM,MLP,Full Finetune,HAR,WISDM,25.0,accuracy,0.8279569745063782
CNN-PFF,TFC,MS,MLP,Freeze,HAR,MS,50.0,accuracy,0.8757061958312988
IMU Transformer,TFC,MS,MLP,Freeze,HAR,MS,25.0,accuracy,0.6195856928825378
IMU Transformer,TFC,WISDM,MLP,Freeze,HAR,WISDM,10.0,accuracy,0.4946236610412597
CNN-PFF,TFC,MS,MLP,Freeze,HAR,MS,1.0,accuracy,0.1949152499437332
CNN-PFF,TFC,MS,MLP,Freeze,HAR,MS,10.0,accuracy,0.7928436994552612
CNN-PFF,TFC,RW-Waist,MLP,Full Finetune,HAR,RW-Waist,10.0,accuracy,0.7476851940155029
CNN-PFF,TFC,UCI,MLP,Full Finetune,HAR,UCI,200.0,accuracy,0.9362319111824036
IMU Transformer,TFC,MS,MLP,Freeze,HAR,MS,5.0,accuracy,0.5338982939720154
CNN-PFF,TFC,MS,MLP,Full Finetune,HAR,MS,5.0,accuracy,0.81732577085495
CNN-PFF,TFC,WISDM,MLP,Full Finetune,HAR,WISDM,1.0,accuracy,0.3137480914592743
CNN-PFF,TFC,UCI,MLP,Full Finetune,HAR,UCI,100.0,accuracy,0.9434782862663268
IMU Transformer,TFC,MS,MLP,Full Finetune,HAR,MS,25.0,accuracy,0.6883239150047302
IMU Transformer,TFC,MS,MLP,Freeze,HAR,MS,50.0,accuracy,0.6054614186286926
IMU Transformer,TFC,WISDM,MLP,Full Finetune,HAR,WISDM,10.0,accuracy,0.496927797794342
CNN-PFF,TFC,RW-Waist,MLP,Full Finetune,HAR,RW-Waist,1000.0,accuracy,0.8182870149612427
IMU Transformer,TFC,UCI,MLP,Full Finetune,HAR,UCI,50.0,accuracy,0.813043475151062
IMU Transformer,TFC,UCI,MLP,Full Finetune,HAR,UCI,1.0,accuracy,0.3913043439388275
IMU Transformer,TFC,MS,MLP,Freeze,HAR,MS,1000.0,accuracy,0.6732580065727234
IMU Transformer,TFC,RW-Waist,MLP,Freeze,HAR,RW-Waist,50.0,accuracy,0.5895061492919922
CNN-PFF,TFC,RW-Thigh,MLP,Full Finetune,HAR,RW-Thigh,1000.0,accuracy,0.7867494821548462
CNN-PFF,TFC,MS,MLP,Freeze,HAR,MS,25.0,accuracy,0.8766478300094604
CNN-PFF,TFC,KH,MLP,Freeze,HAR,KH,10.0,accuracy,0.5555555820465088
IMU Transformer,TFC,RW-Thigh,MLP,Full Finetune,HAR,RW-Thigh,1.0,accuracy,0.1925465911626815
CNN-PFF,TFC,KH,MLP,Full Finetune,HAR,KH,10.0,accuracy,0.7708333134651184
CNN-PFF,TFC,RW-Thigh,MLP,Freeze,HAR,RW-Thigh,1000.0,accuracy,0.760869562625885
IMU Transformer,TFC,WISDM,MLP,Freeze,HAR,WISDM,25.0,accuracy,0.4957757294178009
IMU Transformer,TFC,WISDM,MLP,Freeze,HAR,WISDM,100.0,accuracy,0.4946236610412597
CNN-PFF,TFC,RW-Waist,MLP,Full Finetune,HAR,RW-Waist,1.0,accuracy,0.5084876418113708
IMU Transformer,TFC,WISDM,MLP,Full Finetune,HAR,WISDM,25.0,accuracy,0.6866359710693359
IMU Transformer,TFC,RW-Thigh,MLP,Full Finetune,HAR,RW-Thigh,1000.0,accuracy,0.5169082283973694
IMU Transformer,TFC,WISDM,MLP,Full Finetune,HAR,WISDM,1.0,accuracy,0.4965437650680542
CNN-PFF,TFC,KH,MLP,Full Finetune,HAR,KH,5.0,accuracy,0.7083333134651184
IMU Transformer,TFC,WISDM,MLP,Full Finetune,HAR,WISDM,100.0,accuracy,0.7365591526031494
IMU Transformer,TFC,MS,MLP,Freeze,HAR,MS,100.0,accuracy,0.5828624963760376
IMU Transformer,TFC,RW-Waist,MLP,Full Finetune,HAR,RW-Waist,50.0,accuracy,0.6427469253540039
CNN-PFF,TFC,MS,MLP,Full Finetune,HAR,MS,100.0,accuracy,0.9340866208076476
IMU Transformer,TFC,RW-Thigh,MLP,Freeze,HAR,RW-Thigh,5.0,accuracy,0.4309868812561035
CNN-PFF,TFC,RW-Thigh,MLP,Freeze,HAR,RW-Thigh,5.0,accuracy,0.6045548915863037
CNN-PFF,TFC,KH,MLP,Freeze,HAR,KH,50.0,accuracy,0.7777777910232544
IMU Transformer,TFC,RW-Thigh,MLP,Freeze,HAR,RW-Thigh,25.0,accuracy,0.5258799195289612
IMU Transformer,TFC,UCI,MLP,Full Finetune,HAR,UCI,1000.0,accuracy,0.9231883883476256
CNN-PFF,TFC,MS,MLP,Freeze,HAR,MS,100.0,accuracy,0.8935970067977905
CNN-PFF,TFC,WISDM,MLP,Full Finetune,HAR,WISDM,200.0,accuracy,0.8874807953834534
CNN-PFF,TFC,WISDM,MLP,Freeze,HAR,WISDM,10.0,accuracy,0.6332565546035767
TS2Vec Encoder,TFC,KH,MLP,Full Finetune,HAR,KH,100.0,accuracy,0.75
TS2Vec Encoder,TFC,WISDM,MLP,Full Finetune,HAR,WISDM,1.0,accuracy,0.5910138487815857
TS2Vec Encoder,TFC,RW-Thigh,MLP,Full Finetune,HAR,RW-Thigh,25.0,accuracy,0.5493443608283997
TS2Vec Encoder,TFC,RW-Thigh,MLP,Full Finetune,HAR,RW-Thigh,1.0,accuracy,0.4779157936573028
TS2Vec Encoder,TFC,KH,MLP,Full Finetune,HAR,KH,10.0,accuracy,0.6736111044883728
TS2Vec Encoder,TFC,KH,MLP,Full Finetune,HAR,KH,50.0,accuracy,0.7152777910232544
TS2Vec Encoder,TFC,KH,MLP,Freeze,HAR,KH,50.0,accuracy,0.6458333134651184
TS2Vec Encoder,TFC,KH,MLP,Freeze,HAR,KH,10.0,accuracy,0.6527777910232544
TS2Vec Encoder,TFC,KH,MLP,Freeze,HAR,KH,1000.0,accuracy,0.6944444179534912
TS2Vec Encoder,TFC,KH,MLP,Freeze,HAR,KH,200.0,accuracy,0.7152777910232544
TS2Vec Encoder,TFC,UCI,MLP,Full Finetune,HAR,UCI,200.0,accuracy,0.9492753744125366
TS2Vec Encoder,TFC,UCI,MLP,Freeze,HAR,UCI,5.0,accuracy,0.5840579867362976
TS2Vec Encoder,TFC,UCI,MLP,Full Finetune,HAR,UCI,1000.0,accuracy,0.9594202637672424
TS2Vec Encoder,TFC,MS,MLP,Freeze,HAR,MS,10.0,accuracy,0.6807909607887268
TS2Vec Encoder,TFC,MS,MLP,Full Finetune,HAR,MS,200.0,accuracy,0.920903980731964
TS2Vec Encoder,TFC,MS,MLP,Freeze,HAR,MS,5.0,accuracy,0.4924670457839966
TS2Vec Encoder,TFC,UCI,MLP,Full Finetune,HAR,UCI,100.0,accuracy,0.947826087474823
TS2Vec Encoder,TFC,MS,MLP,Full Finetune,HAR,MS,25.0,accuracy,0.8436911702156067
TS2Vec Encoder,TFC,MS,MLP,Freeze,HAR,MS,50.0,accuracy,0.7401130199432373
TS2Vec Encoder,TFC,MS,MLP,Full Finetune,HAR,MS,1.0,accuracy,0.3248587548732757
TS2Vec Encoder,TFC,UCI,MLP,Freeze,HAR,UCI,1.0,accuracy,0.4405797123908996
TS2Vec Encoder,TFC,MS,MLP,Full Finetune,HAR,MS,10.0,accuracy,0.630885124206543
TS2Vec Encoder,TFC,MS,MLP,Freeze,HAR,MS,1000.0,accuracy,0.778719425201416
TS2Vec Encoder,TFC,KH,MLP,Full Finetune,HAR,KH,5.0,accuracy,0.6180555820465088
TS2Vec Encoder,TFC,MS,MLP,Full Finetune,HAR,MS,50.0,accuracy,0.8653483986854553
TS2Vec Encoder,TFC,UCI,MLP,Full Finetune,HAR,UCI,25.0,accuracy,0.886956512928009
TS2Vec Encoder,TFC,UCI,MLP,Full Finetune,HAR,UCI,50.0,accuracy,0.9376811385154724
TS2Vec Encoder,TFC,UCI,MLP,Freeze,HAR,UCI,200.0,accuracy,0.8260869383811951
TS2Vec Encoder,TFC,KH,MLP,Full Finetune,HAR,KH,1.0,accuracy,0.4722222089767456
TS2Vec Encoder,TFC,RW-Waist,MLP,Full Finetune,HAR,RW-Waist,1000.0,accuracy,0.8167438507080078
TS2Vec Encoder,TFC,WISDM,MLP,Freeze,HAR,WISDM,1.0,accuracy,0.5384024381637573
TS2Vec Encoder,TFC,WISDM,MLP,Freeze,HAR,WISDM,5.0,accuracy,0.6240399479866028
TS2Vec Encoder,TFC,MS,MLP,Freeze,HAR,MS,100.0,accuracy,0.81732577085495
TS2Vec Encoder,TFC,WISDM,MLP,Full Finetune,HAR,WISDM,10.0,accuracy,0.7396313548088074
TS2Vec Encoder,TFC,RW-Thigh,MLP,Freeze,HAR,RW-Thigh,10.0,accuracy,0.5220841765403748
TS2Vec Encoder,TFC,KH,MLP,Full Finetune,HAR,KH,1000.0,accuracy,0.7152777910232544
TS2Vec Encoder,TFC,WISDM,MLP,Freeze,HAR,WISDM,1000.0,accuracy,0.7895545363426208
TS2Vec Encoder,TFC,RW-Waist,MLP,Freeze,HAR,RW-Waist,1.0,accuracy,0.2854938209056854
TS2Vec Encoder,TFC,MS,MLP,Freeze,HAR,MS,25.0,accuracy,0.7306967973709106
TS2Vec Encoder,TFC,RW-Waist,MLP,Freeze,HAR,RW-Waist,5.0,accuracy,0.5443673133850098
TS2Vec Encoder,TFC,MS,MLP,Full Finetune,HAR,MS,5.0,accuracy,0.4209039509296417
TS2Vec Encoder,TFC,RW-Thigh,MLP,Full Finetune,HAR,RW-Thigh,1000.0,accuracy,0.6880607604980469
TS2Vec Encoder,TFC,KH,MLP,Freeze,HAR,KH,1.0,accuracy,0.4166666567325592
TS2Vec Encoder,TFC,UCI,MLP,Full Finetune,HAR,UCI,5.0,accuracy,0.7898550629615784
TS2Vec Encoder,TFC,RW-Waist,MLP,Full Finetune,HAR,RW-Waist,1.0,accuracy,0.5790895223617554
TS2Vec Encoder,TFC,WISDM,MLP,Full Finetune,HAR,WISDM,100.0,accuracy,0.8440860509872437
TS2Vec Encoder,TFC,RW-Waist,MLP,Full Finetune,HAR,RW-Waist,10.0,accuracy,0.6820987462997437
TS2Vec Encoder,TFC,KH,MLP,Freeze,HAR,KH,25.0,accuracy,0.5833333134651184
TS2Vec Encoder,TFC,MS,MLP,Full Finetune,HAR,MS,1000.0,accuracy,0.9661017060279846
TS2Vec Encoder,TFC,WISDM,MLP,Freeze,HAR,WISDM,200.0,accuracy,0.8298771381378174
TS2Vec Encoder,TFC,WISDM,MLP,Freeze,HAR,WISDM,100.0,accuracy,0.8133640289306641
TS2Vec Encoder,TFC,WISDM,MLP,Freeze,HAR,WISDM,25.0,accuracy,0.7188940048217773
TS2Vec Encoder,TFC,RW-Thigh,MLP,Freeze,HAR,RW-Thigh,50.0,accuracy,0.580400288105011
TS2Vec Encoder,TFC,RW-Thigh,MLP,Freeze,HAR,RW-Thigh,1000.0,accuracy,0.6697722673416138
TS2Vec Encoder,TFC,KH,MLP,Full Finetune,HAR,KH,25.0,accuracy,0.7986111044883728
TS2Vec Encoder,TFC,UCI,MLP,Full Finetune,HAR,UCI,10.0,accuracy,0.7710145115852356
TS2Vec Encoder,TFC,UCI,MLP,Freeze,HAR,UCI,100.0,accuracy,0.7768115997314453
TS2Vec Encoder,TFC,RW-Thigh,MLP,Full Finetune,HAR,RW-Thigh,100.0,accuracy,0.6949620246887207
TS2Vec Encoder,TFC,UCI,MLP,Freeze,HAR,UCI,50.0,accuracy,0.821739137172699
TS2Vec Encoder,TFC,UCI,MLP,Freeze,HAR,UCI,25.0,accuracy,0.8362318873405457
TS2Vec Encoder,TFC,RW-Thigh,MLP,Full Finetune,HAR,RW-Thigh,200.0,accuracy,0.7960662245750427
TS2Vec Encoder,TFC,UCI,MLP,Full Finetune,HAR,UCI,1.0,accuracy,0.4666666686534881
TS2Vec Encoder,TFC,UCI,MLP,Freeze,HAR,UCI,10.0,accuracy,0.7956521511077881
TS2Vec Encoder,TFC,MS,MLP,Freeze,HAR,MS,200.0,accuracy,0.7815442681312561
TS2Vec Encoder,TFC,RW-Waist,MLP,Freeze,HAR,RW-Waist,200.0,accuracy,0.7060185074806213
TS2Vec Encoder,TFC,KH,MLP,Freeze,HAR,KH,5.0,accuracy,0.6111111044883728
TS2Vec Encoder,TFC,KH,MLP,Full Finetune,HAR,KH,200.0,accuracy,0.7708333134651184
TS2Vec Encoder,TFC,MS,MLP,Freeze,HAR,MS,1.0,accuracy,0.1666666716337204
TS2Vec Encoder,TFC,RW-Thigh,MLP,Full Finetune,HAR,RW-Thigh,50.0,accuracy,0.6059351563453674
TS2Vec Encoder,TFC,RW-Waist,MLP,Full Finetune,HAR,RW-Waist,25.0,accuracy,0.6952160596847534
TS2Vec Encoder,TFC,WISDM,MLP,Freeze,HAR,WISDM,10.0,accuracy,0.605606734752655
TS2Vec Encoder,TFC,UCI,MLP,Freeze,HAR,UCI,1000.0,accuracy,0.8826087117195129
TS2Vec Encoder,TFC,KH,MLP,Freeze,HAR,KH,100.0,accuracy,0.7083333134651184
TS2Vec Encoder,TFC,RW-Thigh,MLP,Full Finetune,HAR,RW-Thigh,5.0,accuracy,0.3861283659934997
TS2Vec Encoder,TFC,WISDM,MLP,Full Finetune,HAR,WISDM,200.0,accuracy,0.8767281174659729
TS2Vec Encoder,TFC,MS,MLP,Full Finetune,HAR,MS,100.0,accuracy,0.9284369349479676
TS2Vec Encoder,TFC,RW-Waist,MLP,Freeze,HAR,RW-Waist,25.0,accuracy,0.6635802388191223
TS2Vec Encoder,TFC,RW-Waist,MLP,Full Finetune,HAR,RW-Waist,5.0,accuracy,0.6770833134651184
TS2Vec Encoder,TFC,RW-Thigh,MLP,Freeze,HAR,RW-Thigh,100.0,accuracy,0.6438923478126526
TS2Vec Encoder,TFC,WISDM,MLP,Full Finetune,HAR,WISDM,50.0,accuracy,0.8122119903564453
TS2Vec Encoder,TFC,RW-Thigh,MLP,Freeze,HAR,RW-Thigh,1.0,accuracy,0.1966873705387115
TS2Vec Encoder,TFC,RW-Waist,MLP,Freeze,HAR,RW-Waist,100.0,accuracy,0.7507715821266174
TS2Vec Encoder,TFC,RW-Waist,MLP,Full Finetune,HAR,RW-Waist,200.0,accuracy,0.7577160596847534
TS2Vec Encoder,TFC,WISDM,MLP,Freeze,HAR,WISDM,50.0,accuracy,0.8671274781227112
TS2Vec Encoder,TFC,WISDM,MLP,Full Finetune,HAR,WISDM,25.0,accuracy,0.8087557554244995
TS2Vec Encoder,TFC,RW-Thigh,MLP,Freeze,HAR,RW-Thigh,5.0,accuracy,0.3816425204277038
TS2Vec Encoder,TFC,RW-Waist,MLP,Freeze,HAR,RW-Waist,1000.0,accuracy,0.7334104776382446
TS2Vec Encoder,TFC,RW-Waist,MLP,Freeze,HAR,RW-Waist,50.0,accuracy,0.7503858208656311
TS2Vec Encoder,TFC,RW-Thigh,MLP,Full Finetune,HAR,RW-Thigh,10.0,accuracy,0.4699792861938476
TS2Vec Encoder,TFC,RW-Waist,MLP,Full Finetune,HAR,RW-Waist,50.0,accuracy,0.7496141791343689
TS2Vec Encoder,TFC,RW-Thigh,MLP,Freeze,HAR,RW-Thigh,200.0,accuracy,0.622843325138092
TS2Vec Encoder,TFC,WISDM,MLP,Full Finetune,HAR,WISDM,1000.0,accuracy,0.90706604719162
TS2Vec Encoder,TFC,RW-Thigh,MLP,Freeze,HAR,RW-Thigh,25.0,accuracy,0.5479640960693359
TS2Vec Encoder,TFC,RW-Waist,MLP,Full Finetune,HAR,RW-Waist,100.0,accuracy,0.8078703880310059
TS2Vec Encoder,TFC,RW-Waist,MLP,Freeze,HAR,RW-Waist,10.0,accuracy,0.5979938507080078
TS2Vec Encoder,TFC,WISDM,MLP,Full Finetune,HAR,WISDM,5.0,accuracy,0.7073732614517212
TS2Vec Encoder,TFC,KH,MLP,Full Finetune,HAR,KH,50.0,accuracy,0.5972222089767456
TS2Vec Encoder,TFC,KH,MLP,Freeze,HAR,KH,1.0,accuracy,0.3611111044883728
TS2Vec Encoder,TFC,UCI,MLP,Freeze,HAR,UCI,1.0,accuracy,0.4623188376426697
TS2Vec Encoder,TFC,MS,MLP,Full Finetune,HAR,MS,50.0,accuracy,0.8813559412956238
TS2Vec Encoder,TFC,RW-Waist,MLP,Full Finetune,HAR,RW-Waist,10.0,accuracy,0.6060956716537476
TS2Vec Encoder,TFC,MS,MLP,Full Finetune,HAR,MS,5.0,accuracy,0.561205267906189
TS2Vec Encoder,TFC,RW-Waist,MLP,Freeze,HAR,RW-Waist,10.0,accuracy,0.5783178806304932
TS2Vec Encoder,TFC,MS,MLP,Freeze,HAR,MS,100.0,accuracy,0.7184557318687439
TS2Vec Encoder,TFC,UCI,MLP,Freeze,HAR,UCI,10.0,accuracy,0.7550724744796753
TS2Vec Encoder,TFC,RW-Waist,MLP,Freeze,HAR,RW-Waist,50.0,accuracy,0.7824074029922485
TS2Vec Encoder,TFC,WISDM,MLP,Freeze,HAR,WISDM,25.0,accuracy,0.6309523582458496
TS2Vec Encoder,TFC,UCI,MLP,Freeze,HAR,UCI,1000.0,accuracy,0.8797101378440857
TS2Vec Encoder,TFC,RW-Thigh,MLP,Freeze,HAR,RW-Thigh,10.0,accuracy,0.5489993095397949
TS2Vec Encoder,TFC,RW-Thigh,MLP,Freeze,HAR,RW-Thigh,50.0,accuracy,0.7229123711585999
TS2Vec Encoder,TFC,WISDM,MLP,Full Finetune,HAR,WISDM,1.0,accuracy,0.4911674261093139
TS2Vec Encoder,TFC,RW-Waist,MLP,Full Finetune,HAR,RW-Waist,25.0,accuracy,0.7527006268501282
TS2Vec Encoder,TFC,RW-Thigh,MLP,Freeze,HAR,RW-Thigh,1.0,accuracy,0.0845410600304603
TS2Vec Encoder,TFC,RW-Waist,MLP,Freeze,HAR,RW-Waist,1000.0,accuracy,0.7866512537002563
TS2Vec Encoder,TFC,KH,MLP,Full Finetune,HAR,KH,1.0,accuracy,0.5069444179534912
TS2Vec Encoder,TFC,WISDM,MLP,Full Finetune,HAR,WISDM,100.0,accuracy,0.867511510848999
TS2Vec Encoder,TFC,MS,MLP,Full Finetune,HAR,MS,100.0,accuracy,0.8926553726196289
TS2Vec Encoder,TFC,UCI,MLP,Full Finetune,HAR,UCI,5.0,accuracy,0.7536231875419617
TS2Vec Encoder,TFC,RW-Waist,MLP,Freeze,HAR,RW-Waist,100.0,accuracy,0.8020833134651184
TS2Vec Encoder,TFC,RW-Thigh,MLP,Freeze,HAR,RW-Thigh,200.0,accuracy,0.6725327968597412
TS2Vec Encoder,TFC,RW-Thigh,MLP,Full Finetune,HAR,RW-Thigh,200.0,accuracy,0.8122843503952026
TS2Vec Encoder,TFC,RW-Thigh,MLP,Full Finetune,HAR,RW-Thigh,1.0,accuracy,0.3975155353546142
TS2Vec Encoder,TFC,WISDM,MLP,Freeze,HAR,WISDM,5.0,accuracy,0.5610598921775818
TS2Vec Encoder,TFC,MS,MLP,Full Finetune,HAR,MS,25.0,accuracy,0.8738229870796204
TS2Vec Encoder,TFC,KH,MLP,Full Finetune,HAR,KH,200.0,accuracy,0.7916666865348816
TS2Vec Encoder,TFC,UCI,MLP,Freeze,HAR,UCI,5.0,accuracy,0.6057971119880676
TS2Vec Encoder,TFC,KH,MLP,Freeze,HAR,KH,10.0,accuracy,0.5277777910232544
TS2Vec Encoder,TFC,UCI,MLP,Full Finetune,HAR,UCI,50.0,accuracy,0.9289855360984802
TS2Vec Encoder,TFC,MS,MLP,Full Finetune,HAR,MS,1000.0,accuracy,0.9548022747039796
TS2Vec Encoder,TFC,WISDM,MLP,Full Finetune,HAR,WISDM,10.0,accuracy,0.5913978219032288
TS2Vec Encoder,TFC,MS,MLP,Full Finetune,HAR,MS,1.0,accuracy,0.3615819215774536
TS2Vec Encoder,TFC,WISDM,MLP,Freeze,HAR,WISDM,10.0,accuracy,0.5890936851501465
TS2Vec Encoder,TFC,MS,MLP,Freeze,HAR,MS,1000.0,accuracy,0.7504708170890808
TS2Vec Encoder,TFC,UCI,MLP,Full Finetune,HAR,UCI,100.0,accuracy,0.9536231756210328
TS2Vec Encoder,TFC,WISDM,MLP,Full Finetune,HAR,WISDM,5.0,accuracy,0.5702764987945557
TS2Vec Encoder,TFC,WISDM,MLP,Freeze,HAR,WISDM,50.0,accuracy,0.6593701839447021
TS2Vec Encoder,TFC,WISDM,MLP,Freeze,HAR,WISDM,100.0,accuracy,0.7050691246986389
TS2Vec Encoder,TFC,WISDM,MLP,Freeze,HAR,WISDM,1.0,accuracy,0.4412442445755005
TS2Vec Encoder,TFC,RW-Thigh,MLP,Freeze,HAR,RW-Thigh,25.0,accuracy,0.6594203114509583
TS2Vec Encoder,TFC,RW-Thigh,MLP,Full Finetune,HAR,RW-Thigh,50.0,accuracy,0.7377501726150513
TS2Vec Encoder,TFC,UCI,MLP,Full Finetune,HAR,UCI,1.0,accuracy,0.6724637746810913
TS2Vec Encoder,TFC,WISDM,MLP,Full Finetune,HAR,WISDM,1000.0,accuracy,0.8928571343421936
TS2Vec Encoder,TFC,UCI,MLP,Freeze,HAR,UCI,50.0,accuracy,0.8927536010742188
TS2Vec Encoder,TFC,WISDM,MLP,Freeze,HAR,WISDM,200.0,accuracy,0.7373272180557251
TS2Vec Encoder,TFC,KH,MLP,Freeze,HAR,KH,200.0,accuracy,0.5277777910232544
TS2Vec Encoder,TFC,WISDM,MLP,Freeze,HAR,WISDM,1000.0,accuracy,0.8060675859451294
TS2Vec Encoder,TFC,RW-Waist,MLP,Freeze,HAR,RW-Waist,1.0,accuracy,0.3479938209056854
TS2Vec Encoder,TFC,KH,MLP,Full Finetune,HAR,KH,10.0,accuracy,0.7361111044883728
TS2Vec Encoder,TFC,UCI,MLP,Freeze,HAR,UCI,200.0,accuracy,0.904347836971283
TS2Vec Encoder,TFC,KH,MLP,Full Finetune,HAR,KH,5.0,accuracy,0.7291666865348816
TS2Vec Encoder,TFC,RW-Thigh,MLP,Freeze,HAR,RW-Thigh,5.0,accuracy,0.3674948215484619
TS2Vec Encoder,TFC,KH,MLP,Freeze,HAR,KH,25.0,accuracy,0.6666666865348816
TS2Vec Encoder,TFC,UCI,MLP,Full Finetune,HAR,UCI,200.0,accuracy,0.960869550704956
TS2Vec Encoder,TFC,RW-Thigh,MLP,Freeze,HAR,RW-Thigh,1000.0,accuracy,0.6801242232322693
TS2Vec Encoder,TFC,KH,MLP,Full Finetune,HAR,KH,100.0,accuracy,0.8819444179534912
TS2Vec Encoder,TFC,MS,MLP,Freeze,HAR,MS,25.0,accuracy,0.6610169410705566
TS2Vec Encoder,TFC,RW-Waist,MLP,Freeze,HAR,RW-Waist,5.0,accuracy,0.5239197611808777
TS2Vec Encoder,TFC,UCI,MLP,Freeze,HAR,UCI,100.0,accuracy,0.8681159615516663
TS2Vec Encoder,TFC,WISDM,MLP,Full Finetune,HAR,WISDM,25.0,accuracy,0.6278801560401917
TS2Vec Encoder,TFC,RW-Thigh,MLP,Full Finetune,HAR,RW-Thigh,5.0,accuracy,0.5893719792366028
TS2Vec Encoder,TFC,RW-Waist,MLP,Full Finetune,HAR,RW-Waist,1.0,accuracy,0.6323302388191223
TS2Vec Encoder,TFC,RW-Waist,MLP,Full Finetune,HAR,RW-Waist,5.0,accuracy,0.6053240895271301
TS2Vec Encoder,TFC,WISDM,MLP,Full Finetune,HAR,WISDM,50.0,accuracy,0.8275729417800903
TS2Vec Encoder,TFC,RW-Waist,MLP,Full Finetune,HAR,RW-Waist,1000.0,accuracy,0.8063271641731262
TS2Vec Encoder,TFC,RW-Thigh,MLP,Full Finetune,HAR,RW-Thigh,10.0,accuracy,0.6697722673416138
TS2Vec Encoder,TFC,MS,MLP,Freeze,HAR,MS,200.0,accuracy,0.7514124512672424
TS2Vec Encoder,TFC,KH,MLP,Full Finetune,HAR,KH,1000.0,accuracy,0.7708333134651184
TS2Vec Encoder,TFC,RW-Waist,MLP,Freeze,HAR,RW-Waist,25.0,accuracy,0.6944444179534912
TS2Vec Encoder,TFC,UCI,MLP,Full Finetune,HAR,UCI,25.0,accuracy,0.9072463512420654
TS2Vec Encoder,TFC,RW-Waist,MLP,Full Finetune,HAR,RW-Waist,100.0,accuracy,0.7962962985038757
TS2Vec Encoder,TFC,MS,MLP,Freeze,HAR,MS,5.0,accuracy,0.4463276863098144
TS2Vec Encoder,TFC,KH,MLP,Freeze,HAR,KH,100.0,accuracy,0.6388888955116272
TS2Vec Encoder,TFC,RW-Thigh,MLP,Full Finetune,HAR,RW-Thigh,25.0,accuracy,0.6521739363670349
TS2Vec Encoder,TFC,KH,MLP,Freeze,HAR,KH,1000.0,accuracy,0.5486111044883728
TS2Vec Encoder,TFC,MS,MLP,Freeze,HAR,MS,10.0,accuracy,0.4642184674739837
TS2Vec Encoder,TFC,RW-Thigh,MLP,Full Finetune,HAR,RW-Thigh,1000.0,accuracy,0.7657004594802856
TS2Vec Encoder,TFC,WISDM,MLP,Full Finetune,HAR,WISDM,200.0,accuracy,0.8294931054115295
TS2Vec Encoder,TFC,KH,MLP,Freeze,HAR,KH,5.0,accuracy,0.625
TS2Vec Encoder,TFC,MS,MLP,Freeze,HAR,MS,1.0,accuracy,0.1666666716337204
TS2Vec Encoder,TFC,UCI,MLP,Freeze,HAR,UCI,25.0,accuracy,0.8594202995300293
TS2Vec Encoder,TFC,KH,MLP,Full Finetune,HAR,KH,25.0,accuracy,0.7916666865348816
TS2Vec Encoder,TFC,UCI,MLP,Full Finetune,HAR,UCI,1000.0,accuracy,0.947826087474823
TS2Vec Encoder,TFC,MS,MLP,Full Finetune,HAR,MS,10.0,accuracy,0.4632768332958221
TS2Vec Encoder,TFC,UCI,MLP,Full Finetune,HAR,UCI,10.0,accuracy,0.8188405632972717
TS2Vec Encoder,TFC,RW-Thigh,MLP,Full Finetune,HAR,RW-Thigh,100.0,accuracy,0.8112491369247437
TS2Vec Encoder,TFC,MS,MLP,Full Finetune,HAR,MS,200.0,accuracy,0.9406779408454896
TS2Vec Encoder,TFC,MS,MLP,Freeze,HAR,MS,50.0,accuracy,0.7259886860847473
TS2Vec Encoder,TFC,RW-Thigh,MLP,Freeze,HAR,RW-Thigh,100.0,accuracy,0.695652186870575
TS2Vec Encoder,TFC,KH,MLP,Freeze,HAR,KH,50.0,accuracy,0.6388888955116272
TS2Vec Encoder,TFC,RW-Waist,MLP,Full Finetune,HAR,RW-Waist,50.0,accuracy,0.8155864477157593
TS2Vec Encoder,TFC,RW-Waist,MLP,Freeze,HAR,RW-Waist,200.0,accuracy,0.783178985118866
TS2Vec Encoder,TFC,RW-Waist,MLP,Full Finetune,HAR,RW-Waist,200.0,accuracy,0.7870370149612427
IMU Transformer,TFC,UCI,MLP,Full Finetune,HAR,UCI,5.0,accuracy,0.3797101378440857
IMU Transformer,TFC,RW-Waist,MLP,Freeze,HAR,RW-Waist,10.0,accuracy,0.5131173133850098
IMU Transformer,TFC,RW-Thigh,MLP,Full Finetune,HAR,RW-Thigh,50.0,accuracy,0.4944789409637451
IMU Transformer,TFC,RW-Thigh,MLP,Freeze,HAR,RW-Thigh,25.0,accuracy,0.4302967488765716
IMU Transformer,TFC,UCI,MLP,Freeze,HAR,UCI,200.0,accuracy,0.4811594188213348
IMU Transformer,TFC,MS,MLP,Freeze,HAR,MS,10.0,accuracy,0.4943502843379974
CNN-PFF,TFC,MS,MLP,Full Finetune,HAR,MS,25.0,accuracy,0.9143126010894777
IMU Transformer,TFC,UCI,MLP,Full Finetune,HAR,UCI,100.0,accuracy,0.7565217614173889
CNN-PFF,TFC,KH,MLP,Full Finetune,HAR,KH,10.0,accuracy,0.7847222089767456
IMU Transformer,TFC,RW-Waist,MLP,Freeze,HAR,RW-Waist,200.0,accuracy,0.5447530746459961
CNN-PFF,TFC,WISDM,MLP,Full Finetune,HAR,WISDM,50.0,accuracy,0.858678936958313
IMU Transformer,TFC,WISDM,MLP,Full Finetune,HAR,WISDM,25.0,accuracy,0.7553763389587402
IMU Transformer,TFC,UCI,MLP,Freeze,HAR,UCI,50.0,accuracy,0.4376811683177948
IMU Transformer,TFC,WISDM,MLP,Full Finetune,HAR,WISDM,200.0,accuracy,0.7953149080276489
CNN-PFF,TFC,WISDM,MLP,Freeze,HAR,WISDM,5.0,accuracy,0.562980055809021
IMU Transformer,TFC,MS,MLP,Freeze,HAR,MS,25.0,accuracy,0.5743879675865173
IMU Transformer,TFC,RW-Thigh,MLP,Freeze,HAR,RW-Thigh,50.0,accuracy,0.4761904776096344
CNN-PFF,TFC,WISDM,MLP,Full Finetune,HAR,WISDM,100.0,accuracy,0.8690476417541504
CNN-PFF,TFC,UCI,MLP,Freeze,HAR,UCI,50.0,accuracy,0.8376811742782593
CNN-PFF,TFC,WISDM,MLP,Full Finetune,HAR,WISDM,25.0,accuracy,0.8425499200820923
IMU Transformer,TFC,KH,MLP,Freeze,HAR,KH,5.0,accuracy,0.4861111044883728
IMU Transformer,TFC,WISDM,MLP,Freeze,HAR,WISDM,1000.0,accuracy,0.7876344323158264
CNN-PFF,TFC,RW-Waist,MLP,Freeze,HAR,RW-Waist,1000.0,accuracy,0.7550154328346252
IMU Transformer,TFC,KH,MLP,Full Finetune,HAR,KH,50.0,accuracy,0.5347222089767456
IMU Transformer,TFC,KH,MLP,Freeze,HAR,KH,10.0,accuracy,0.5069444179534912
CNN-PFF,TFC,KH,MLP,Full Finetune,HAR,KH,1.0,accuracy,0.4652777910232544
CNN-PFF,TFC,KH,MLP,Freeze,HAR,KH,100.0,accuracy,0.7361111044883728
IMU Transformer,TFC,MS,MLP,Full Finetune,HAR,MS,50.0,accuracy,0.8512241244316101
CNN-PFF,TFC,RW-Thigh,MLP,Full Finetune,HAR,RW-Thigh,1000.0,accuracy,0.7843340039253235
IMU Transformer,TFC,MS,MLP,Freeze,HAR,MS,100.0,accuracy,0.5649717450141907
CNN-PFF,TFC,RW-Waist,MLP,Freeze,HAR,RW-Waist,200.0,accuracy,0.7658178806304932
IMU Transformer,TFC,MS,MLP,Full Finetune,HAR,MS,1000.0,accuracy,0.8973634839057922
CNN-PFF,TFC,WISDM,MLP,Freeze,HAR,WISDM,100.0,accuracy,0.8302611112594604
CNN-PFF,TFC,UCI,MLP,Freeze,HAR,UCI,10.0,accuracy,0.6811594367027283
CNN-PFF,TFC,RW-Waist,MLP,Freeze,HAR,RW-Waist,25.0,accuracy,0.7287808656692505
CNN-PFF,TFC,UCI,MLP,Freeze,HAR,UCI,5.0,accuracy,0.6942028999328613
IMU Transformer,TFC,UCI,MLP,Freeze,HAR,UCI,5.0,accuracy,0.4000000059604645
CNN-PFF,TFC,RW-Waist,MLP,Full Finetune,HAR,RW-Waist,50.0,accuracy,0.7418981194496155
IMU Transformer,TFC,RW-Waist,MLP,Full Finetune,HAR,RW-Waist,25.0,accuracy,0.5617284178733826
IMU Transformer,TFC,WISDM,MLP,Freeze,HAR,WISDM,10.0,accuracy,0.5637480616569519
IMU Transformer,TFC,WISDM,MLP,Full Finetune,HAR,WISDM,5.0,accuracy,0.5
IMU Transformer,TFC,WISDM,MLP,Freeze,HAR,WISDM,1.0,accuracy,0.2853302657604217
IMU Transformer,TFC,RW-Thigh,MLP,Freeze,HAR,RW-Thigh,200.0,accuracy,0.4775707423686981
IMU Transformer,TFC,KH,MLP,Full Finetune,HAR,KH,10.0,accuracy,0.5277777910232544
CNN-PFF,TFC,UCI,MLP,Freeze,HAR,UCI,1000.0,accuracy,0.8811594247817993
CNN-PFF,TFC,RW-Thigh,MLP,Full Finetune,HAR,RW-Thigh,100.0,accuracy,0.773982048034668
CNN-PFF,TFC,MS,MLP,Full Finetune,HAR,MS,5.0,accuracy,0.7824859023094177
CNN-PFF,TFC,MS,MLP,Freeze,HAR,MS,100.0,accuracy,0.8879472613334656
CNN-PFF,TFC,RW-Waist,MLP,Freeze,HAR,RW-Waist,1.0,accuracy,0.3144290149211883
CNN-PFF,TFC,MS,MLP,Freeze,HAR,MS,25.0,accuracy,0.860640287399292
CNN-PFF,TFC,RW-Thigh,MLP,Full Finetune,HAR,RW-Thigh,5.0,accuracy,0.5731539130210876
IMU Transformer,TFC,UCI,MLP,Freeze,HAR,UCI,10.0,accuracy,0.4057970941066742
CNN-PFF,TFC,WISDM,MLP,Freeze,HAR,WISDM,10.0,accuracy,0.6570660471916199
IMU Transformer,TFC,UCI,MLP,Full Finetune,HAR,UCI,1.0,accuracy,0.4869565069675445
CNN-PFF,TFC,RW-Thigh,MLP,Freeze,HAR,RW-Thigh,50.0,accuracy,0.5279502868652344
IMU Transformer,TFC,WISDM,MLP,Freeze,HAR,WISDM,5.0,accuracy,0.4466205835342407
CNN-PFF,TFC,RW-Waist,MLP,Freeze,HAR,RW-Waist,100.0,accuracy,0.7673611044883728
CNN-PFF,TFC,RW-Waist,MLP,Full Finetune,HAR,RW-Waist,5.0,accuracy,0.6952160596847534
CNN-PFF,TFC,RW-Waist,MLP,Full Finetune,HAR,RW-Waist,10.0,accuracy,0.7191358208656311
CNN-PFF,TFC,UCI,MLP,Freeze,HAR,UCI,1.0,accuracy,0.373913049697876
CNN-PFF,TFC,UCI,MLP,Freeze,HAR,UCI,25.0,accuracy,0.8173912763595581
IMU Transformer,TFC,RW-Thigh,MLP,Full Finetune,HAR,RW-Thigh,100.0,accuracy,0.5186335444450378
IMU Transformer,TFC,MS,MLP,Freeze,HAR,MS,200.0,accuracy,0.5480226278305054
IMU Transformer,TFC,RW-Waist,MLP,Full Finetune,HAR,RW-Waist,1.0,accuracy,0.4463734626770019
CNN-PFF,TFC,WISDM,MLP,Freeze,HAR,WISDM,50.0,accuracy,0.8360214829444885
CNN-PFF,TFC,RW-Thigh,MLP,Freeze,HAR,RW-Thigh,5.0,accuracy,0.4775707423686981
CNN-PFF,TFC,MS,MLP,Full Finetune,HAR,MS,10.0,accuracy,0.8192090392112732
CNN-PFF,TFC,WISDM,MLP,Full Finetune,HAR,WISDM,200.0,accuracy,0.8652073740959167
CNN-PFF,TFC,RW-Waist,MLP,Freeze,HAR,RW-Waist,10.0,accuracy,0.6076388955116272
CNN-PFF,TFC,RW-Waist,MLP,Freeze,HAR,RW-Waist,5.0,accuracy,0.5841049551963806
IMU Transformer,TFC,KH,MLP,Freeze,HAR,KH,25.0,accuracy,0.5208333134651184
IMU Transformer,TFC,UCI,MLP,Freeze,HAR,UCI,1000.0,accuracy,0.4217391312122345
CNN-PFF,TFC,KH,MLP,Freeze,HAR,KH,200.0,accuracy,0.7222222089767456
IMU Transformer,TFC,WISDM,MLP,Full Finetune,HAR,WISDM,100.0,accuracy,0.8083717226982117
IMU Transformer,TFC,RW-Waist,MLP,Full Finetune,HAR,RW-Waist,1000.0,accuracy,0.7314814925193787
IMU Transformer,TFC,MS,MLP,Freeze,HAR,MS,1000.0,accuracy,0.5734463334083557
CNN-PFF,TFC,RW-Thigh,MLP,Full Finetune,HAR,RW-Thigh,200.0,accuracy,0.7984817028045654
IMU Transformer,TFC,KH,MLP,Freeze,HAR,KH,100.0,accuracy,0.5347222089767456
IMU Transformer,TFC,KH,MLP,Freeze,HAR,KH,200.0,accuracy,0.5486111044883728
CNN-PFF,TFC,WISDM,MLP,Freeze,HAR,WISDM,1.0,accuracy,0.1459293365478515
IMU Transformer,TFC,KH,MLP,Full Finetune,HAR,KH,1.0,accuracy,0.3541666567325592
IMU Transformer,TFC,WISDM,MLP,Freeze,HAR,WISDM,25.0,accuracy,0.6113671064376831
IMU Transformer,TFC,RW-Waist,MLP,Full Finetune,HAR,RW-Waist,200.0,accuracy,0.7260802388191223
CNN-PFF,TFC,WISDM,MLP,Freeze,HAR,WISDM,25.0,accuracy,0.7753456234931946
IMU Transformer,TFC,RW-Thigh,MLP,Full Finetune,HAR,RW-Thigh,5.0,accuracy,0.4589371979236603
CNN-PFF,TFC,RW-Thigh,MLP,Freeze,HAR,RW-Thigh,100.0,accuracy,0.7684609889984131
CNN-PFF,TFC,KH,MLP,Freeze,HAR,KH,1.0,accuracy,0.4722222089767456
CNN-PFF,TFC,MS,MLP,Full Finetune,HAR,MS,1000.0,accuracy,0.9482108950614928
IMU Transformer,TFC,RW-Thigh,MLP,Full Finetune,HAR,RW-Thigh,10.0,accuracy,0.4447894990444183
CNN-PFF,TFC,RW-Waist,MLP,Full Finetune,HAR,RW-Waist,100.0,accuracy,0.7704475522041321
CNN-PFF,TFC,MS,MLP,Freeze,HAR,MS,50.0,accuracy,0.8757061958312988
CNN-PFF,TFC,KH,MLP,Freeze,HAR,KH,5.0,accuracy,0.4652777910232544
IMU Transformer,TFC,MS,MLP,Full Finetune,HAR,MS,25.0,accuracy,0.6035781502723694
IMU Transformer,TFC,WISDM,MLP,Freeze,HAR,WISDM,50.0,accuracy,0.7235022783279419
IMU Transformer,TFC,RW-Thigh,MLP,Freeze,HAR,RW-Thigh,10.0,accuracy,0.3888888955116272
IMU Transformer,TFC,WISDM,MLP,Full Finetune,HAR,WISDM,50.0,accuracy,0.7968509793281555
IMU Transformer,TFC,UCI,MLP,Full Finetune,HAR,UCI,50.0,accuracy,0.6840579509735107
CNN-PFF,TFC,KH,MLP,Full Finetune,HAR,KH,100.0,accuracy,0.7986111044883728
CNN-PFF,TFC,UCI,MLP,Full Finetune,HAR,UCI,1000.0,accuracy,0.9623188376426696
CNN-PFF,TFC,UCI,MLP,Full Finetune,HAR,UCI,200.0,accuracy,0.9536231756210328
IMU Transformer,TFC,RW-Thigh,MLP,Full Finetune,HAR,RW-Thigh,200.0,accuracy,0.4948240220546722
CNN-PFF,TFC,RW-Waist,MLP,Full Finetune,HAR,RW-Waist,1000.0,accuracy,0.7881944179534912
CNN-PFF,TFC,MS,MLP,Full Finetune,HAR,MS,100.0,accuracy,0.9406779408454896
CNN-PFF,TFC,UCI,MLP,Full Finetune,HAR,UCI,1.0,accuracy,0.5014492869377136
CNN-PFF,TFC,WISDM,MLP,Freeze,HAR,WISDM,200.0,accuracy,0.849078357219696
CNN-PFF,TFC,RW-Thigh,MLP,Full Finetune,HAR,RW-Thigh,25.0,accuracy,0.7291235327720642
IMU Transformer,TFC,RW-Waist,MLP,Freeze,HAR,RW-Waist,5.0,accuracy,0.4837962985038757
IMU Transformer,TFC,UCI,MLP,Freeze,HAR,UCI,25.0,accuracy,0.4536231756210327
CNN-PFF,TFC,RW-Thigh,MLP,Freeze,HAR,RW-Thigh,25.0,accuracy,0.6991028189659119
CNN-PFF,TFC,MS,MLP,Freeze,HAR,MS,200.0,accuracy,0.901129961013794
IMU Transformer,TFC,KH,MLP,Full Finetune,HAR,KH,1000.0,accuracy,0.625
CNN-PFF,TFC,KH,MLP,Full Finetune,HAR,KH,5.0,accuracy,0.7569444179534912
CNN-PFF,TFC,RW-Thigh,MLP,Freeze,HAR,RW-Thigh,10.0,accuracy,0.5113871693611145
IMU Transformer,TFC,WISDM,MLP,Freeze,HAR,WISDM,100.0,accuracy,0.7503840327262878
CNN-PFF,TFC,KH,MLP,Full Finetune,HAR,KH,200.0,accuracy,0.7847222089767456
CNN-PFF,TFC,MS,MLP,Freeze,HAR,MS,5.0,accuracy,0.6760828495025635
CNN-PFF,TFC,WISDM,MLP,Full Finetune,HAR,WISDM,1000.0,accuracy,0.9120583534240724
IMU Transformer,TFC,KH,MLP,Full Finetune,HAR,KH,100.0,accuracy,0.6111111044883728
CNN-PFF,TFC,WISDM,MLP,Freeze,HAR,WISDM,1000.0,accuracy,0.8563748002052307
CNN-PFF,TFC,WISDM,MLP,Full Finetune,HAR,WISDM,5.0,accuracy,0.611751139163971
IMU Transformer,TFC,RW-Waist,MLP,Full Finetune,HAR,RW-Waist,10.0,accuracy,0.5420524477958679
IMU Transformer,TFC,MS,MLP,Freeze,HAR,MS,50.0,accuracy,0.5734463334083557
CNN-PFF,TFC,RW-Thigh,MLP,Freeze,HAR,RW-Thigh,1000.0,accuracy,0.7501725554466248
IMU Transformer,TFC,RW-Thigh,MLP,Full Finetune,HAR,RW-Thigh,1000.0,accuracy,0.6787439584732056
IMU Transformer,TFC,RW-Thigh,MLP,Freeze,HAR,RW-Thigh,1000.0,accuracy,0.5258799195289612
CNN-PFF,TFC,MS,MLP,Freeze,HAR,MS,10.0,accuracy,0.6789076924324036
IMU Transformer,TFC,RW-Waist,MLP,Freeze,HAR,RW-Waist,1.0,accuracy,0.255787044763565
CNN-PFF,TFC,RW-Thigh,MLP,Freeze,HAR,RW-Thigh,1.0,accuracy,0.2902001440525055
CNN-PFF,TFC,MS,MLP,Full Finetune,HAR,MS,200.0,accuracy,0.947269320487976
IMU Transformer,TFC,MS,MLP,Freeze,HAR,MS,5.0,accuracy,0.4811676144599914
CNN-PFF,TFC,UCI,MLP,Full Finetune,HAR,UCI,50.0,accuracy,0.8826087117195129
CNN-PFF,TFC,MS,MLP,Full Finetune,HAR,MS,1.0,accuracy,0.460451990365982
CNN-PFF,TFC,KH,MLP,Freeze,HAR,KH,1000.0,accuracy,0.7152777910232544
IMU Transformer,TFC,RW-Waist,MLP,Full Finetune,HAR,RW-Waist,50.0,accuracy,0.6080247163772583
IMU Transformer,TFC,KH,MLP,Freeze,HAR,KH,1000.0,accuracy,0.5763888955116272
IMU Transformer,TFC,KH,MLP,Freeze,HAR,KH,1.0,accuracy,0.3125
IMU Transformer,TFC,WISDM,MLP,Full Finetune,HAR,WISDM,10.0,accuracy,0.5921658873558044
CNN-PFF,TFC,KH,MLP,Full Finetune,HAR,KH,1000.0,accuracy,0.8125
CNN-PFF,TFC,WISDM,MLP,Full Finetune,HAR,WISDM,10.0,accuracy,0.7219662070274353
IMU Transformer,TFC,RW-Thigh,MLP,Freeze,HAR,RW-Thigh,1.0,accuracy,0.2139406502246856
CNN-PFF,TFC,KH,MLP,Freeze,HAR,KH,25.0,accuracy,0.7152777910232544
IMU Transformer,TFC,MS,MLP,Full Finetune,HAR,MS,200.0,accuracy,0.8851224184036255
IMU Transformer,TFC,RW-Waist,MLP,Freeze,HAR,RW-Waist,100.0,accuracy,0.5443673133850098
CNN-PFF,TFC,UCI,MLP,Freeze,HAR,UCI,200.0,accuracy,0.886956512928009
IMU Transformer,TFC,WISDM,MLP,Full Finetune,HAR,WISDM,1.0,accuracy,0.1989247351884842
CNN-PFF,TFC,WISDM,MLP,Full Finetune,HAR,WISDM,1.0,accuracy,0.578341007232666
CNN-PFF,TFC,MS,MLP,Full Finetune,HAR,MS,50.0,accuracy,0.9237288236618042
CNN-PFF,TFC,RW-Thigh,MLP,Full Finetune,HAR,RW-Thigh,50.0,accuracy,0.783643901348114
CNN-PFF,TFC,UCI,MLP,Full Finetune,HAR,UCI,25.0,accuracy,0.873913049697876
IMU Transformer,TFC,RW-Thigh,MLP,Full Finetune,HAR,RW-Thigh,25.0,accuracy,0.4996549487113952
CNN-PFF,TFC,KH,MLP,Freeze,HAR,KH,50.0,accuracy,0.7361111044883728
IMU Transformer,TFC,MS,MLP,Full Finetune,HAR,MS,10.0,accuracy,0.5320150852203369
IMU Transformer,TFC,KH,MLP,Full Finetune,HAR,KH,200.0,accuracy,0.6666666865348816
IMU Transformer,TFC,KH,MLP,Freeze,HAR,KH,50.0,accuracy,0.5416666865348816
IMU Transformer,TFC,KH,MLP,Full Finetune,HAR,KH,25.0,accuracy,0.5972222089767456
IMU Transformer,TFC,MS,MLP,Freeze,HAR,MS,1.0,accuracy,0.4096045196056366
CNN-PFF,TFC,KH,MLP,Full Finetune,HAR,KH,50.0,accuracy,0.7777777910232544
CNN-PFF,TFC,RW-Waist,MLP,Full Finetune,HAR,RW-Waist,1.0,accuracy,0.5165895223617554
IMU Transformer,TFC,WISDM,MLP,Freeze,HAR,WISDM,200.0,accuracy,0.7342550158500671
IMU Transformer,TFC,MS,MLP,Full Finetune,HAR,MS,100.0,accuracy,0.7890772223472595
CNN-PFF,TFC,KH,MLP,Freeze,HAR,KH,10.0,accuracy,0.5902777910232544
CNN-PFF,TFC,MS,MLP,Freeze,HAR,MS,1000.0,accuracy,0.8992466926574707
IMU Transformer,TFC,WISDM,MLP,Full Finetune,HAR,WISDM,1000.0,accuracy,0.888248860836029
CNN-PFF,TFC,UCI,MLP,Full Finetune,HAR,UCI,100.0,accuracy,0.93478262424469
IMU Transformer,TFC,RW-Waist,MLP,Full Finetune,HAR,RW-Waist,100.0,accuracy,0.6566358208656311
CNN-PFF,TFC,UCI,MLP,Full Finetune,HAR,UCI,5.0,accuracy,0.7333333492279053
IMU Transformer,TFC,RW-Thigh,MLP,Freeze,HAR,RW-Thigh,100.0,accuracy,0.4827467203140259
CNN-PFF,TFC,RW-Thigh,MLP,Freeze,HAR,RW-Thigh,200.0,accuracy,0.7581090331077576
IMU Transformer,TFC,UCI,MLP,Freeze,HAR,UCI,100.0,accuracy,0.4594202935695648
CNN-PFF,TFC,RW-Waist,MLP,Full Finetune,HAR,RW-Waist,25.0,accuracy,0.7449845671653748
CNN-PFF,TFC,UCI,MLP,Freeze,HAR,UCI,100.0,accuracy,0.873913049697876
IMU Transformer,TFC,RW-Thigh,MLP,Freeze,HAR,RW-Thigh,5.0,accuracy,0.3795721232891083
IMU Transformer,TFC,UCI,MLP,Full Finetune,HAR,UCI,200.0,accuracy,0.7565217614173889
IMU Transformer,TFC,RW-Thigh,MLP,Full Finetune,HAR,RW-Thigh,1.0,accuracy,0.3367839753627777
IMU Transformer,TFC,MS,MLP,Full Finetune,HAR,MS,1.0,accuracy,0.534839928150177
IMU Transformer,TFC,RW-Waist,MLP,Freeze,HAR,RW-Waist,25.0,accuracy,0.5096450448036194
CNN-PFF,TFC,RW-Thigh,MLP,Full Finetune,HAR,RW-Thigh,1.0,accuracy,0.5134575366973877
CNN-PFF,TFC,RW-Waist,MLP,Freeze,HAR,RW-Waist,50.0,accuracy,0.7507715821266174
IMU Transformer,TFC,RW-Waist,MLP,Freeze,HAR,RW-Waist,50.0,accuracy,0.5169752836227417
IMU Transformer,TFC,UCI,MLP,Freeze,HAR,UCI,1.0,accuracy,0.395652174949646
CNN-PFF,TFC,RW-Thigh,MLP,Full Finetune,HAR,RW-Thigh,10.0,accuracy,0.6494134068489075
CNN-PFF,TFC,UCI,MLP,Full Finetune,HAR,UCI,10.0,accuracy,0.8405796885490417
IMU Transformer,TFC,UCI,MLP,Full Finetune,HAR,UCI,10.0,accuracy,0.4014492630958557
IMU Transformer,TFC,MS,MLP,Full Finetune,HAR,MS,5.0,accuracy,0.6299434900283813
IMU Transformer,TFC,UCI,MLP,Full Finetune,HAR,UCI,25.0,accuracy,0.582608699798584
IMU Transformer,TFC,UCI,MLP,Full Finetune,HAR,UCI,1000.0,accuracy,0.7434782385826111
IMU Transformer,TFC,KH,MLP,Full Finetune,HAR,KH,5.0,accuracy,0.5347222089767456
IMU Transformer,TFC,RW-Waist,MLP,Freeze,HAR,RW-Waist,1000.0,accuracy,0.5570987462997437
CNN-PFF,TFC,MS,MLP,Freeze,HAR,MS,1.0,accuracy,0.2824858725070953
CNN-PFF,TFC,KH,MLP,Full Finetune,HAR,KH,25.0,accuracy,0.8055555820465088
IMU Transformer,TFC,RW-Waist,MLP,Full Finetune,HAR,RW-Waist,5.0,accuracy,0.560571014881134
CNN-PFF,TFC,RW-Waist,MLP,Full Finetune,HAR,RW-Waist,200.0,accuracy,0.7851080298423767
CNN-PFF,TFC,KH,MLP,Freeze,HAR,KH,5.0,accuracy,0.5694444179534912
CNN-PFF,TFC,KH,MLP,Full Finetune,HAR,KH,25.0,accuracy,0.75
IMU Transformer,TFC,UCI,MLP,Freeze,HAR,UCI,1.0,accuracy,0.4130434691905975
CNN-PFF,TFC,RW-Thigh,MLP,Freeze,HAR,RW-Thigh,5.0,accuracy,0.47826087474823
CNN-PFF,TFC,RW-Thigh,MLP,Full Finetune,HAR,RW-Thigh,5.0,accuracy,0.6276742815971375
IMU Transformer,TFC,WISDM,MLP,Freeze,HAR,WISDM,5.0,accuracy,0.6524577736854553
CNN-PFF,TFC,RW-Waist,MLP,Full Finetune,HAR,RW-Waist,50.0,accuracy,0.7777777910232544
CNN-PFF,TFC,WISDM,MLP,Freeze,HAR,WISDM,10.0,accuracy,0.6697388887405396
IMU Transformer,TFC,RW-Waist,MLP,Full Finetune,HAR,RW-Waist,25.0,accuracy,0.4996142089366913
CNN-PFF,TFC,RW-Thigh,MLP,Full Finetune,HAR,RW-Thigh,25.0,accuracy,0.7236024737358093
CNN-PFF,TFC,KH,MLP,Freeze,HAR,KH,10.0,accuracy,0.6319444179534912
CNN-PFF,TFC,KH,MLP,Full Finetune,HAR,KH,1.0,accuracy,0.4652777910232544
IMU Transformer,TFC,WISDM,MLP,Freeze,HAR,WISDM,100.0,accuracy,0.7834101319313049
IMU Transformer,TFC,UCI,MLP,Freeze,HAR,UCI,1000.0,accuracy,0.4000000059604645
CNN-PFF,TFC,UCI,MLP,Full Finetune,HAR,UCI,50.0,accuracy,0.9144927263259888
CNN-PFF,TFC,KH,MLP,Full Finetune,HAR,KH,200.0,accuracy,0.7708333134651184
IMU Transformer,TFC,KH,MLP,Freeze,HAR,KH,5.0,accuracy,0.5
IMU Transformer,TFC,KH,MLP,Freeze,HAR,KH,100.0,accuracy,0.5555555820465088
IMU Transformer,TFC,MS,MLP,Full Finetune,HAR,MS,5.0,accuracy,0.4811676144599914
CNN-PFF,TFC,KH,MLP,Freeze,HAR,KH,200.0,accuracy,0.75
IMU Transformer,TFC,KH,MLP,Full Finetune,HAR,KH,200.0,accuracy,0.4444444477558136
IMU Transformer,TFC,RW-Waist,MLP,Freeze,HAR,RW-Waist,1.0,accuracy,0.133487656712532
IMU Transformer,TFC,UCI,MLP,Full Finetune,HAR,UCI,25.0,accuracy,0.6739130616188049
IMU Transformer,TFC,RW-Thigh,MLP,Full Finetune,HAR,RW-Thigh,5.0,accuracy,0.4558316171169281
IMU Transformer,TFC,KH,MLP,Full Finetune,HAR,KH,25.0,accuracy,0.5277777910232544
CNN-PFF,TFC,RW-Waist,MLP,Freeze,HAR,RW-Waist,50.0,accuracy,0.7287808656692505
IMU Transformer,TFC,UCI,MLP,Full Finetune,HAR,UCI,100.0,accuracy,0.7536231875419617
IMU Transformer,TFC,MS,MLP,Freeze,HAR,MS,1000.0,accuracy,0.5075329542160034
CNN-PFF,TFC,MS,MLP,Full Finetune,HAR,MS,5.0,accuracy,0.7241054773330688
IMU Transformer,TFC,RW-Waist,MLP,Freeze,HAR,RW-Waist,1000.0,accuracy,0.6211419701576233
CNN-PFF,TFC,UCI,MLP,Full Finetune,HAR,UCI,1.0,accuracy,0.5057970881462097
IMU Transformer,TFC,KH,MLP,Full Finetune,HAR,KH,10.0,accuracy,0.5972222089767456
CNN-PFF,TFC,KH,MLP,Full Finetune,HAR,KH,100.0,accuracy,0.7916666865348816
IMU Transformer,TFC,KH,MLP,Freeze,HAR,KH,50.0,accuracy,0.4930555522441864
CNN-PFF,TFC,RW-Thigh,MLP,Freeze,HAR,RW-Thigh,25.0,accuracy,0.6783989071846008
IMU Transformer,TFC,RW-Waist,MLP,Full Finetune,HAR,RW-Waist,100.0,accuracy,0.6770833134651184
IMU Transformer,TFC,WISDM,MLP,Freeze,HAR,WISDM,200.0,accuracy,0.7914746403694153
CNN-PFF,TFC,RW-Thigh,MLP,Freeze,HAR,RW-Thigh,50.0,accuracy,0.7467218637466431
CNN-PFF,TFC,UCI,MLP,Full Finetune,HAR,UCI,5.0,accuracy,0.6594203114509583
CNN-PFF,TFC,RW-Thigh,MLP,Freeze,HAR,RW-Thigh,1.0,accuracy,0.2401656359434127
CNN-PFF,TFC,MS,MLP,Full Finetune,HAR,MS,25.0,accuracy,0.920903980731964
IMU Transformer,TFC,RW-Thigh,MLP,Full Finetune,HAR,RW-Thigh,100.0,accuracy,0.4717046320438385
CNN-PFF,TFC,WISDM,MLP,Full Finetune,HAR,WISDM,50.0,accuracy,0.8782641887664795
CNN-PFF,TFC,UCI,MLP,Full Finetune,HAR,UCI,10.0,accuracy,0.7956521511077881
CNN-PFF,TFC,UCI,MLP,Freeze,HAR,UCI,5.0,accuracy,0.5579710006713867
IMU Transformer,TFC,KH,MLP,Freeze,HAR,KH,200.0,accuracy,0.5416666865348816
IMU Transformer,TFC,RW-Thigh,MLP,Freeze,HAR,RW-Thigh,200.0,accuracy,0.4527260065078735
IMU Transformer,TFC,RW-Waist,MLP,Full Finetune,HAR,RW-Waist,10.0,accuracy,0.59375
CNN-PFF,TFC,KH,MLP,Freeze,HAR,KH,1.0,accuracy,0.2916666567325592
IMU Transformer,TFC,UCI,MLP,Full Finetune,HAR,UCI,1.0,accuracy,0.3898550868034363
IMU Transformer,TFC,WISDM,MLP,Freeze,HAR,WISDM,1000.0,accuracy,0.789170503616333
IMU Transformer,TFC,UCI,MLP,Freeze,HAR,UCI,100.0,accuracy,0.4043478369712829
CNN-PFF,TFC,RW-Thigh,MLP,Freeze,HAR,RW-Thigh,100.0,accuracy,0.770531415939331
IMU Transformer,TFC,UCI,MLP,Freeze,HAR,UCI,200.0,accuracy,0.408695638179779
CNN-PFF,TFC,RW-Waist,MLP,Freeze,HAR,RW-Waist,100.0,accuracy,0.7557870149612427
CNN-PFF,TFC,UCI,MLP,Full Finetune,HAR,UCI,200.0,accuracy,0.9463768005371094
IMU Transformer,TFC,RW-Thigh,MLP,Freeze,HAR,RW-Thigh,1.0,accuracy,0.1394064873456955
IMU Transformer,TFC,MS,MLP,Freeze,HAR,MS,5.0,accuracy,0.4576271176338196
IMU Transformer,TFC,RW-Thigh,MLP,Freeze,HAR,RW-Thigh,25.0,accuracy,0.4451345801353454
IMU Transformer,TFC,RW-Thigh,MLP,Freeze,HAR,RW-Thigh,1000.0,accuracy,0.5396825671195984
CNN-PFF,TFC,RW-Waist,MLP,Full Finetune,HAR,RW-Waist,1000.0,accuracy,0.7492284178733826
CNN-PFF,TFC,RW-Thigh,MLP,Freeze,HAR,RW-Thigh,200.0,accuracy,0.7839889526367188
IMU Transformer,TFC,MS,MLP,Full Finetune,HAR,MS,200.0,accuracy,0.6939736604690552
IMU Transformer,TFC,MS,MLP,Freeze,HAR,MS,50.0,accuracy,0.4491525292396545
IMU Transformer,TFC,UCI,MLP,Freeze,HAR,UCI,10.0,accuracy,0.395652174949646
CNN-PFF,TFC,MS,MLP,Full Finetune,HAR,MS,50.0,accuracy,0.9058380126953124
IMU Transformer,TFC,WISDM,MLP,Full Finetune,HAR,WISDM,50.0,accuracy,0.7930107712745667
CNN-PFF,TFC,MS,MLP,Full Finetune,HAR,MS,10.0,accuracy,0.8474576473236084
IMU Transformer,TFC,WISDM,MLP,Full Finetune,HAR,WISDM,10.0,accuracy,0.789170503616333
IMU Transformer,TFC,MS,MLP,Freeze,HAR,MS,100.0,accuracy,0.5009416341781616
CNN-PFF,TFC,RW-Thigh,MLP,Full Finetune,HAR,RW-Thigh,1.0,accuracy,0.4434092342853546
CNN-PFF,TFC,RW-Thigh,MLP,Full Finetune,HAR,RW-Thigh,200.0,accuracy,0.8150448799133301
IMU Transformer,TFC,MS,MLP,Full Finetune,HAR,MS,1000.0,accuracy,0.8182674050331116
IMU Transformer,TFC,WISDM,MLP,Full Finetune,HAR,WISDM,200.0,accuracy,0.7930107712745667
CNN-PFF,TFC,RW-Waist,MLP,Full Finetune,HAR,RW-Waist,5.0,accuracy,0.7160493731498718
CNN-PFF,TFC,MS,MLP,Freeze,HAR,MS,5.0,accuracy,0.6563088297843933
CNN-PFF,TFC,WISDM,MLP,Freeze,HAR,WISDM,1.0,accuracy,0.2415514588356018
IMU Transformer,TFC,UCI,MLP,Full Finetune,HAR,UCI,5.0,accuracy,0.3971014618873596
CNN-PFF,TFC,RW-Waist,MLP,Freeze,HAR,RW-Waist,200.0,accuracy,0.7507715821266174
CNN-PFF,TFC,UCI,MLP,Freeze,HAR,UCI,25.0,accuracy,0.791304349899292
IMU Transformer,TFC,UCI,MLP,Full Finetune,HAR,UCI,1000.0,accuracy,0.8840579986572266
CNN-PFF,TFC,UCI,MLP,Full Finetune,HAR,UCI,1000.0,accuracy,0.95652174949646
IMU Transformer,TFC,KH,MLP,Freeze,HAR,KH,25.0,accuracy,0.4722222089767456
IMU Transformer,TFC,KH,MLP,Full Finetune,HAR,KH,100.0,accuracy,0.5
CNN-PFF,TFC,WISDM,MLP,Full Finetune,HAR,WISDM,25.0,accuracy,0.8375576138496399
CNN-PFF,TFC,KH,MLP,Freeze,HAR,KH,50.0,accuracy,0.7222222089767456
CNN-PFF,TFC,RW-Waist,MLP,Full Finetune,HAR,RW-Waist,200.0,accuracy,0.78125
CNN-PFF,TFC,WISDM,MLP,Freeze,HAR,WISDM,100.0,accuracy,0.8721198439598083
IMU Transformer,TFC,RW-Waist,MLP,Full Finetune,HAR,RW-Waist,1.0,accuracy,0.3074845671653747
IMU Transformer,TFC,WISDM,MLP,Full Finetune,HAR,WISDM,1.0,accuracy,0.5464669466018677
CNN-PFF,TFC,MS,MLP,Freeze,HAR,MS,10.0,accuracy,0.7683615684509277
IMU Transformer,TFC,RW-Thigh,MLP,Freeze,HAR,RW-Thigh,5.0,accuracy,0.4489302933216095
CNN-PFF,TFC,UCI,MLP,Freeze,HAR,UCI,200.0,accuracy,0.8797101378440857
CNN-PFF,TFC,RW-Waist,MLP,Full Finetune,HAR,RW-Waist,25.0,accuracy,0.772376537322998
CNN-PFF,TFC,WISDM,MLP,Full Finetune,HAR,WISDM,5.0,accuracy,0.6843317747116089
CNN-PFF,TFC,UCI,MLP,Freeze,HAR,UCI,50.0,accuracy,0.8579710125923157
IMU Transformer,TFC,WISDM,MLP,Full Finetune,HAR,WISDM,100.0,accuracy,0.7834101319313049
IMU Transformer,TFC,RW-Waist,MLP,Full Finetune,HAR,RW-Waist,50.0,accuracy,0.6114969253540039
CNN-PFF,TFC,WISDM,MLP,Full Finetune,HAR,WISDM,10.0,accuracy,0.7757296562194824
IMU Transformer,TFC,MS,MLP,Freeze,HAR,MS,25.0,accuracy,0.5235404968261719
IMU Transformer,TFC,MS,MLP,Full Finetune,HAR,MS,100.0,accuracy,0.764595091342926
IMU Transformer,TFC,UCI,MLP,Full Finetune,HAR,UCI,200.0,accuracy,0.7623188495635986
IMU Transformer,TFC,MS,MLP,Freeze,HAR,MS,1.0,accuracy,0.3455743789672851
IMU Transformer,TFC,WISDM,MLP,Full Finetune,HAR,WISDM,25.0,accuracy,0.7680491805076599
IMU Transformer,TFC,MS,MLP,Freeze,HAR,MS,200.0,accuracy,0.5141242742538452
CNN-PFF,TFC,UCI,MLP,Freeze,HAR,UCI,100.0,accuracy,0.873913049697876
CNN-PFF,TFC,MS,MLP,Full Finetune,HAR,MS,1000.0,accuracy,0.8917137384414673
IMU Transformer,TFC,WISDM,MLP,Freeze,HAR,WISDM,25.0,accuracy,0.7158218026161194
IMU Transformer,TFC,MS,MLP,Full Finetune,HAR,MS,1.0,accuracy,0.3898304998874664
CNN-PFF,TFC,RW-Thigh,MLP,Full Finetune,HAR,RW-Thigh,50.0,accuracy,0.7657004594802856
CNN-PFF,TFC,WISDM,MLP,Freeze,HAR,WISDM,1000.0,accuracy,0.8778801560401917
CNN-PFF,TFC,WISDM,MLP,Freeze,HAR,WISDM,5.0,accuracy,0.554147481918335
CNN-PFF,TFC,MS,MLP,Full Finetune,HAR,MS,1.0,accuracy,0.377589464187622
IMU Transformer,TFC,MS,MLP,Freeze,HAR,MS,10.0,accuracy,0.486817330121994
CNN-PFF,TFC,UCI,MLP,Freeze,HAR,UCI,1000.0,accuracy,0.8942028880119324
CNN-PFF,TFC,RW-Waist,MLP,Full Finetune,HAR,RW-Waist,1.0,accuracy,0.4232253134250641
CNN-PFF,TFC,MS,MLP,Freeze,HAR,MS,1000.0,accuracy,0.8804143071174622
CNN-PFF,TFC,MS,MLP,Full Finetune,HAR,MS,100.0,accuracy,0.9227871894836426
IMU Transformer,TFC,KH,MLP,Freeze,HAR,KH,1.0,accuracy,0.3888888955116272
CNN-PFF,TFC,MS,MLP,Freeze,HAR,MS,50.0,accuracy,0.8568738102912903
CNN-PFF,TFC,MS,MLP,Freeze,HAR,MS,1.0,accuracy,0.3305084705352783
IMU Transformer,TFC,KH,MLP,Full Finetune,HAR,KH,1000.0,accuracy,0.5833333134651184
IMU Transformer,TFC,WISDM,MLP,Full Finetune,HAR,WISDM,5.0,accuracy,0.7599846124649048
CNN-PFF,TFC,WISDM,MLP,Full Finetune,HAR,WISDM,1000.0,accuracy,0.9055299758911132
CNN-PFF,TFC,RW-Thigh,MLP,Full Finetune,HAR,RW-Thigh,10.0,accuracy,0.7008281350135803
IMU Transformer,TFC,WISDM,MLP,Freeze,HAR,WISDM,10.0,accuracy,0.6981566548347473
IMU Transformer,TFC,MS,MLP,Full Finetune,HAR,MS,50.0,accuracy,0.7316384315490723
IMU Transformer,TFC,RW-Thigh,MLP,Full Finetune,HAR,RW-Thigh,50.0,accuracy,0.4958592057228088
IMU Transformer,TFC,RW-Thigh,MLP,Freeze,HAR,RW-Thigh,10.0,accuracy,0.4382332563400268
IMU Transformer,TFC,UCI,MLP,Freeze,HAR,UCI,5.0,accuracy,0.3710145056247711
CNN-PFF,TFC,MS,MLP,Freeze,HAR,MS,25.0,accuracy,0.8493408560752869
IMU Transformer,TFC,RW-Waist,MLP,Freeze,HAR,RW-Waist,50.0,accuracy,0.5061728358268738
IMU Transformer,TFC,KH,MLP,Full Finetune,HAR,KH,50.0,accuracy,0.625
CNN-PFF,TFC,RW-Waist,MLP,Freeze,HAR,RW-Waist,1.0,accuracy,0.334876537322998
IMU Transformer,TFC,WISDM,MLP,Full Finetune,HAR,WISDM,1000.0,accuracy,0.8548387289047241
CNN-PFF,TFC,KH,MLP,Full Finetune,HAR,KH,10.0,accuracy,0.6736111044883728
CNN-PFF,TFC,RW-Waist,MLP,Freeze,HAR,RW-Waist,1000.0,accuracy,0.7727623581886292
IMU Transformer,TFC,UCI,MLP,Freeze,HAR,UCI,25.0,accuracy,0.4101449251174927
IMU Transformer,TFC,RW-Waist,MLP,Full Finetune,HAR,RW-Waist,200.0,accuracy,0.6685956716537476
IMU Transformer,TFC,WISDM,MLP,Freeze,HAR,WISDM,1.0,accuracy,0.1789554506540298
CNN-PFF,TFC,RW-Waist,MLP,Freeze,HAR,RW-Waist,5.0,accuracy,0.613811731338501
CNN-PFF,TFC,RW-Thigh,MLP,Full Finetune,HAR,RW-Thigh,1000.0,accuracy,0.8140096664428711
CNN-PFF,TFC,WISDM,MLP,Freeze,HAR,WISDM,25.0,accuracy,0.7661290168762207
CNN-PFF,TFC,KH,MLP,Full Finetune,HAR,KH,50.0,accuracy,0.7569444179534912
IMU Transformer,TFC,MS,MLP,Full Finetune,HAR,MS,10.0,accuracy,0.5583804249763489
IMU Transformer,TFC,WISDM,MLP,Freeze,HAR,WISDM,50.0,accuracy,0.780337929725647
IMU Transformer,TFC,KH,MLP,Full Finetune,HAR,KH,1.0,accuracy,0.4166666567325592
CNN-PFF,TFC,KH,MLP,Freeze,HAR,KH,1000.0,accuracy,0.7152777910232544
CNN-PFF,TFC,UCI,MLP,Freeze,HAR,UCI,1.0,accuracy,0.239130437374115
CNN-PFF,TFC,RW-Thigh,MLP,Freeze,HAR,RW-Thigh,1000.0,accuracy,0.7594892978668213
CNN-PFF,TFC,RW-Waist,MLP,Full Finetune,HAR,RW-Waist,10.0,accuracy,0.7546296119689941
CNN-PFF,TFC,UCI,MLP,Full Finetune,HAR,UCI,25.0,accuracy,0.8492753505706787
IMU Transformer,TFC,RW-Thigh,MLP,Full Finetune,HAR,RW-Thigh,1.0,accuracy,0.384748101234436
IMU Transformer,TFC,RW-Thigh,MLP,Full Finetune,HAR,RW-Thigh,25.0,accuracy,0.4872325658798218
IMU Transformer,TFC,RW-Thigh,MLP,Full Finetune,HAR,RW-Thigh,1000.0,accuracy,0.6069703102111816
CNN-PFF,TFC,UCI,MLP,Freeze,HAR,UCI,10.0,accuracy,0.6420289874076843
CNN-PFF,TFC,KH,MLP,Freeze,HAR,KH,25.0,accuracy,0.7291666865348816
IMU Transformer,TFC,RW-Thigh,MLP,Freeze,HAR,RW-Thigh,50.0,accuracy,0.4589371979236603
IMU Transformer,TFC,RW-Thigh,MLP,Full Finetune,HAR,RW-Thigh,10.0,accuracy,0.4875776469707489
CNN-PFF,TFC,UCI,MLP,Full Finetune,HAR,UCI,100.0,accuracy,0.9246376752853394
IMU Transformer,TFC,KH,MLP,Freeze,HAR,KH,1000.0,accuracy,0.5347222089767456
IMU Transformer,TFC,KH,MLP,Full Finetune,HAR,KH,5.0,accuracy,0.4722222089767456
IMU Transformer,TFC,KH,MLP,Freeze,HAR,KH,10.0,accuracy,0.5208333134651184
IMU Transformer,TFC,RW-Waist,MLP,Freeze,HAR,RW-Waist,10.0,accuracy,0.4795524775981903
CNN-PFF,TFC,RW-Waist,MLP,Freeze,HAR,RW-Waist,25.0,accuracy,0.7044752836227417
CNN-PFF,TFC,WISDM,MLP,Freeze,HAR,WISDM,50.0,accuracy,0.8652073740959167
IMU Transformer,TFC,MS,MLP,Full Finetune,HAR,MS,25.0,accuracy,0.5122410655021667
CNN-PFF,TFC,WISDM,MLP,Full Finetune,HAR,WISDM,200.0,accuracy,0.8936251997947693
CNN-PFF,TFC,RW-Thigh,MLP,Freeze,HAR,RW-Thigh,10.0,accuracy,0.5731539130210876
CNN-PFF,TFC,MS,MLP,Freeze,HAR,MS,100.0,accuracy,0.8785310983657837
IMU Transformer,TFC,RW-Thigh,MLP,Full Finetune,HAR,RW-Thigh,200.0,accuracy,0.4668737053871155
CNN-PFF,TFC,WISDM,MLP,Full Finetune,HAR,WISDM,1.0,accuracy,0.3817204236984253
CNN-PFF,TFC,WISDM,MLP,Freeze,HAR,WISDM,200.0,accuracy,0.8740399479866028
IMU Transformer,TFC,UCI,MLP,Freeze,HAR,UCI,50.0,accuracy,0.3913043439388275
IMU Transformer,TFC,RW-Waist,MLP,Freeze,HAR,RW-Waist,5.0,accuracy,0.4012345671653747
IMU Transformer,TFC,RW-Waist,MLP,Full Finetune,HAR,RW-Waist,5.0,accuracy,0.5601851940155029
CNN-PFF,TFC,MS,MLP,Freeze,HAR,MS,200.0,accuracy,0.8672316670417786
CNN-PFF,TFC,KH,MLP,Full Finetune,HAR,KH,5.0,accuracy,0.6875
IMU Transformer,TFC,RW-Thigh,MLP,Freeze,HAR,RW-Thigh,100.0,accuracy,0.4665286540985107
CNN-PFF,TFC,WISDM,MLP,Full Finetune,HAR,WISDM,100.0,accuracy,0.8698156476020813
CNN-PFF,TFC,RW-Thigh,MLP,Full Finetune,HAR,RW-Thigh,100.0,accuracy,0.804347813129425
IMU Transformer,TFC,RW-Waist,MLP,Freeze,HAR,RW-Waist,25.0,accuracy,0.4695216119289398
IMU Transformer,TFC,RW-Waist,MLP,Freeze,HAR,RW-Waist,200.0,accuracy,0.5794752836227417
CNN-PFF,TFC,KH,MLP,Full Finetune,HAR,KH,1000.0,accuracy,0.7569444179534912
CNN-PFF,TFC,RW-Waist,MLP,Full Finetune,HAR,RW-Waist,100.0,accuracy,0.7511574029922485
CNN-PFF,TFC,RW-Waist,MLP,Freeze,HAR,RW-Waist,10.0,accuracy,0.5439814925193787
CNN-PFF,TFC,KH,MLP,Freeze,HAR,KH,100.0,accuracy,0.7013888955116272
IMU Transformer,TFC,RW-Waist,MLP,Freeze,HAR,RW-Waist,100.0,accuracy,0.5501543283462524
IMU Transformer,TFC,UCI,MLP,Full Finetune,HAR,UCI,50.0,accuracy,0.7362318634986877
IMU Transformer,TFC,UCI,MLP,Full Finetune,HAR,UCI,10.0,accuracy,0.573913037776947
IMU Transformer,TFC,RW-Waist,MLP,Full Finetune,HAR,RW-Waist,1000.0,accuracy,0.647376537322998
CNN-PFF,TFC,MS,MLP,Full Finetune,HAR,MS,200.0,accuracy,0.921845555305481
CNN-PFF,Diet,UCI,MLP,Full Finetune,HAR,UCI,25.0,accuracy,0.7579709887504578
IMU Transformer,Diet,MS,MLP,Full Finetune,HAR,MS,1000.0,accuracy,0.7532956600189209
CNN-PFF,Diet,MS,MLP,Freeze,HAR,MS,1000.0,accuracy,0.8380414247512817
IMU Transformer,Diet,MS,MLP,Full Finetune,HAR,MS,10.0,accuracy,0.5630885362625122
IMU Transformer,Diet,MS,MLP,Full Finetune,HAR,MS,200.0,accuracy,0.7184557318687439
CNN-PFF,Diet,RW-Waist,MLP,Full Finetune,HAR,RW-Waist,100.0,accuracy,0.5976080298423767
IMU Transformer,Diet,WISDM,MLP,Full Finetune,HAR,WISDM,1000.0,accuracy,0.7403993606567383
CNN-PFF,Diet,RW-Waist,MLP,Freeze,HAR,RW-Waist,25.0,accuracy,0.4714506268501282
CNN-PFF,Diet,RW-Thigh,MLP,Freeze,HAR,RW-Thigh,25.0,accuracy,0.4192546606063843
IMU Transformer,Diet,KH,MLP,Full Finetune,HAR,KH,1000.0,accuracy,0.6736111044883728
CNN-PFF,Diet,UCI,MLP,Freeze,HAR,UCI,1.0,accuracy,0.3159420192241668
CNN-PFF,Diet,UCI,MLP,Full Finetune,HAR,UCI,1000.0,accuracy,0.908695638179779
IMU Transformer,Diet,WISDM,MLP,Freeze,HAR,WISDM,25.0,accuracy,0.6993087530136108
CNN-PFF,Diet,WISDM,MLP,Freeze,HAR,WISDM,50.0,accuracy,0.6977726817131042
CNN-PFF,Diet,RW-Thigh,MLP,Full Finetune,HAR,RW-Thigh,10.0,accuracy,0.3188405930995941
CNN-PFF,Diet,RW-Thigh,MLP,Freeze,HAR,RW-Thigh,100.0,accuracy,0.544513463973999
CNN-PFF,Diet,MS,MLP,Full Finetune,HAR,MS,10.0,accuracy,0.5706214904785156
IMU Transformer,Diet,WISDM,MLP,Full Finetune,HAR,WISDM,25.0,accuracy,0.7914746403694153
IMU Transformer,Diet,RW-Thigh,MLP,Freeze,HAR,RW-Thigh,25.0,accuracy,0.1666666716337204
CNN-PFF,Diet,MS,MLP,Full Finetune,HAR,MS,100.0,accuracy,0.83427494764328
IMU Transformer,Diet,RW-Thigh,MLP,Freeze,HAR,RW-Thigh,10.0,accuracy,0.1666666716337204
CNN-PFF,Diet,KH,MLP,Full Finetune,HAR,KH,25.0,accuracy,0.5486111044883728
IMU Transformer,Diet,KH,MLP,Full Finetune,HAR,KH,100.0,accuracy,0.6666666865348816
IMU Transformer,Diet,KH,MLP,Freeze,HAR,KH,1.0,accuracy,0.4027777910232544
IMU Transformer,Diet,MS,MLP,Freeze,HAR,MS,1.0,accuracy,0.4491525292396545
IMU Transformer,Diet,RW-Waist,MLP,Full Finetune,HAR,RW-Waist,200.0,accuracy,0.1666666716337204
IMU Transformer,Diet,KH,MLP,Full Finetune,HAR,KH,10.0,accuracy,0.6666666865348816
IMU Transformer,Diet,KH,MLP,Freeze,HAR,KH,5.0,accuracy,0.4652777910232544
IMU Transformer,Diet,MS,MLP,Freeze,HAR,MS,10.0,accuracy,0.5536723136901855
CNN-PFF,Diet,MS,MLP,Freeze,HAR,MS,10.0,accuracy,0.6195856928825378
IMU Transformer,Diet,RW-Waist,MLP,Full Finetune,HAR,RW-Waist,1.0,accuracy,0.1666666716337204
IMU Transformer,Diet,WISDM,MLP,Freeze,HAR,WISDM,50.0,accuracy,0.7281106114387512
CNN-PFF,Diet,UCI,MLP,Full Finetune,HAR,UCI,1.0,accuracy,0.3536231815814972
CNN-PFF,Diet,UCI,MLP,Freeze,HAR,UCI,100.0,accuracy,0.7855072617530823
CNN-PFF,Diet,UCI,MLP,Freeze,HAR,UCI,5.0,accuracy,0.5579710006713867
CNN-PFF,Diet,MS,MLP,Freeze,HAR,MS,5.0,accuracy,0.430320143699646
CNN-PFF,Diet,MS,MLP,Freeze,HAR,MS,50.0,accuracy,0.7768361568450928
CNN-PFF,Diet,WISDM,MLP,Full Finetune,HAR,WISDM,1000.0,accuracy,0.8248847723007202
IMU Transformer,Diet,RW-Waist,MLP,Full Finetune,HAR,RW-Waist,1000.0,accuracy,0.1666666716337204
CNN-PFF,Diet,WISDM,MLP,Freeze,HAR,WISDM,5.0,accuracy,0.4266512989997864
CNN-PFF,Diet,RW-Waist,MLP,Full Finetune,HAR,RW-Waist,1.0,accuracy,0.2920524775981903
CNN-PFF,Diet,RW-Thigh,MLP,Full Finetune,HAR,RW-Thigh,100.0,accuracy,0.5700483322143555
CNN-PFF,Diet,RW-Thigh,MLP,Full Finetune,HAR,RW-Thigh,25.0,accuracy,0.4796411395072937
IMU Transformer,Diet,KH,MLP,Freeze,HAR,KH,200.0,accuracy,0.6875
IMU Transformer,Diet,KH,MLP,Full Finetune,HAR,KH,200.0,accuracy,0.6875
IMU Transformer,Diet,RW-Thigh,MLP,Full Finetune,HAR,RW-Thigh,50.0,accuracy,0.1666666716337204
IMU Transformer,Diet,KH,MLP,Freeze,HAR,KH,1000.0,accuracy,0.7083333134651184
CNN-PFF,Diet,MS,MLP,Freeze,HAR,MS,1.0,accuracy,0.2824858725070953
IMU Transformer,Diet,MS,MLP,Freeze,HAR,MS,1000.0,accuracy,0.6704331636428833
CNN-PFF,Diet,UCI,MLP,Freeze,HAR,UCI,1000.0,accuracy,0.8608695864677429
CNN-PFF,Diet,WISDM,MLP,Full Finetune,HAR,WISDM,200.0,accuracy,0.7549923062324524
IMU Transformer,Diet,MS,MLP,Freeze,HAR,MS,50.0,accuracy,0.6205273270606995
IMU Transformer,Diet,RW-Thigh,MLP,Freeze,HAR,RW-Thigh,50.0,accuracy,0.1666666716337204
CNN-PFF,Diet,WISDM,MLP,Full Finetune,HAR,WISDM,100.0,accuracy,0.7142857313156128
IMU Transformer,Diet,RW-Waist,MLP,Freeze,HAR,RW-Waist,5.0,accuracy,0.1666666716337204
CNN-PFF,Diet,RW-Waist,MLP,Freeze,HAR,RW-Waist,200.0,accuracy,0.6091821193695068
CNN-PFF,Diet,KH,MLP,Freeze,HAR,KH,5.0,accuracy,0.5069444179534912
IMU Transformer,Diet,RW-Thigh,MLP,Freeze,HAR,RW-Thigh,200.0,accuracy,0.1666666716337204
CNN-PFF,Diet,RW-Thigh,MLP,Full Finetune,HAR,RW-Thigh,1.0,accuracy,0.295721173286438
IMU Transformer,Diet,KH,MLP,Full Finetune,HAR,KH,50.0,accuracy,0.625
CNN-PFF,Diet,KH,MLP,Freeze,HAR,KH,50.0,accuracy,0.7013888955116272
CNN-PFF,Diet,KH,MLP,Full Finetune,HAR,KH,1.0,accuracy,0.4583333432674408
IMU Transformer,Diet,KH,MLP,Full Finetune,HAR,KH,5.0,accuracy,0.5833333134651184
CNN-PFF,Diet,KH,MLP,Freeze,HAR,KH,200.0,accuracy,0.7083333134651184
CNN-PFF,Diet,MS,MLP,Full Finetune,HAR,MS,5.0,accuracy,0.4105461537837982
IMU Transformer,Diet,WISDM,MLP,Freeze,HAR,WISDM,5.0,accuracy,0.5791090726852417
CNN-PFF,Diet,UCI,MLP,Freeze,HAR,UCI,25.0,accuracy,0.7376811504364014
CNN-PFF,Diet,MS,MLP,Freeze,HAR,MS,25.0,accuracy,0.7382297515869141
CNN-PFF,Diet,RW-Thigh,MLP,Freeze,HAR,RW-Thigh,1.0,accuracy,0.2436162829399109
CNN-PFF,Diet,KH,MLP,Full Finetune,HAR,KH,200.0,accuracy,0.6597222089767456
CNN-PFF,Diet,WISDM,MLP,Full Finetune,HAR,WISDM,5.0,accuracy,0.4231950938701629
IMU Transformer,Diet,RW-Waist,MLP,Freeze,HAR,RW-Waist,25.0,accuracy,0.1666666716337204
CNN-PFF,Diet,WISDM,MLP,Full Finetune,HAR,WISDM,1.0,accuracy,0.3586789667606354
CNN-PFF,Diet,UCI,MLP,Freeze,HAR,UCI,200.0,accuracy,0.8304347991943359
IMU Transformer,Diet,KH,MLP,Freeze,HAR,KH,100.0,accuracy,0.6666666865348816
IMU Transformer,Diet,MS,MLP,Full Finetune,HAR,MS,25.0,accuracy,0.5969868302345276
CNN-PFF,Diet,RW-Waist,MLP,Freeze,HAR,RW-Waist,1000.0,accuracy,0.7229938507080078
CNN-PFF,Diet,UCI,MLP,Full Finetune,HAR,UCI,200.0,accuracy,0.8463768362998962
IMU Transformer,Diet,WISDM,MLP,Full Finetune,HAR,WISDM,50.0,accuracy,0.7446236610412598
IMU Transformer,Diet,MS,MLP,Freeze,HAR,MS,25.0,accuracy,0.5037664771080017
IMU Transformer,Diet,RW-Thigh,MLP,Full Finetune,HAR,RW-Thigh,100.0,accuracy,0.1666666716337204
IMU Transformer,Diet,MS,MLP,Freeze,HAR,MS,200.0,accuracy,0.6233521699905396
IMU Transformer,Diet,MS,MLP,Freeze,HAR,MS,100.0,accuracy,0.6167608499526978
CNN-PFF,Diet,RW-Waist,MLP,Freeze,HAR,RW-Waist,1.0,accuracy,0.2091049402952194
IMU Transformer,Diet,RW-Waist,MLP,Freeze,HAR,RW-Waist,200.0,accuracy,0.1666666716337204
IMU Transformer,Diet,RW-Thigh,MLP,Full Finetune,HAR,RW-Thigh,10.0,accuracy,0.1666666716337204
CNN-PFF,Diet,RW-Thigh,MLP,Freeze,HAR,RW-Thigh,200.0,accuracy,0.6121463179588318
CNN-PFF,Diet,KH,MLP,Full Finetune,HAR,KH,5.0,accuracy,0.4930555522441864
CNN-PFF,Diet,KH,MLP,Freeze,HAR,KH,100.0,accuracy,0.6666666865348816
CNN-PFF,Diet,KH,MLP,Freeze,HAR,KH,10.0,accuracy,0.375
CNN-PFF,Diet,KH,MLP,Freeze,HAR,KH,1.0,accuracy,0.3819444477558136
CNN-PFF,Diet,UCI,MLP,Freeze,HAR,UCI,10.0,accuracy,0.5898550748825073
CNN-PFF,Diet,UCI,MLP,Full Finetune,HAR,UCI,100.0,accuracy,0.8086956739425659
CNN-PFF,Diet,RW-Thigh,MLP,Freeze,HAR,RW-Thigh,50.0,accuracy,0.5158730149269104
CNN-PFF,Diet,KH,MLP,Full Finetune,HAR,KH,100.0,accuracy,0.6041666865348816
CNN-PFF,Diet,KH,MLP,Freeze,HAR,KH,25.0,accuracy,0.6319444179534912
IMU Transformer,Diet,WISDM,MLP,Full Finetune,HAR,WISDM,10.0,accuracy,0.6797235012054443
CNN-PFF,Diet,WISDM,MLP,Full Finetune,HAR,WISDM,50.0,accuracy,0.7004608511924744
CNN-PFF,Diet,RW-Waist,MLP,Freeze,HAR,RW-Waist,100.0,accuracy,0.5949074029922485
CNN-PFF,Diet,RW-Waist,MLP,Freeze,HAR,RW-Waist,5.0,accuracy,0.2704475224018097
CNN-PFF,Diet,MS,MLP,Full Finetune,HAR,MS,50.0,accuracy,0.7919020652770996
CNN-PFF,Diet,RW-Thigh,MLP,Full Finetune,HAR,RW-Thigh,1000.0,accuracy,0.6397515535354614
CNN-PFF,Diet,RW-Waist,MLP,Full Finetune,HAR,RW-Waist,50.0,accuracy,0.483410507440567
CNN-PFF,Diet,MS,MLP,Full Finetune,HAR,MS,1.0,accuracy,0.2165725082159042
IMU Transformer,Diet,RW-Waist,MLP,Full Finetune,HAR,RW-Waist,10.0,accuracy,0.1666666716337204
CNN-PFF,Diet,MS,MLP,Freeze,HAR,MS,100.0,accuracy,0.8192090392112732
CNN-PFF,Diet,RW-Thigh,MLP,Full Finetune,HAR,RW-Thigh,50.0,accuracy,0.5552104711532593
IMU Transformer,Diet,RW-Thigh,MLP,Freeze,HAR,RW-Thigh,100.0,accuracy,0.1666666716337204
CNN-PFF,Diet,WISDM,MLP,Freeze,HAR,WISDM,10.0,accuracy,0.5449308753013611
IMU Transformer,Diet,RW-Waist,MLP,Freeze,HAR,RW-Waist,1000.0,accuracy,0.1666666716337204
IMU Transformer,Diet,RW-Thigh,MLP,Full Finetune,HAR,RW-Thigh,200.0,accuracy,0.1666666716337204
IMU Transformer,Diet,RW-Waist,MLP,Full Finetune,HAR,RW-Waist,25.0,accuracy,0.1666666716337204
IMU Transformer,Diet,RW-Thigh,MLP,Freeze,HAR,RW-Thigh,1000.0,accuracy,0.1666666716337204
CNN-PFF,Diet,KH,MLP,Full Finetune,HAR,KH,10.0,accuracy,0.4027777910232544
CNN-PFF,Diet,MS,MLP,Full Finetune,HAR,MS,25.0,accuracy,0.6685498952865601
CNN-PFF,Diet,KH,MLP,Freeze,HAR,KH,1000.0,accuracy,0.6319444179534912
IMU Transformer,Diet,UCI,MLP,Full Finetune,HAR,UCI,50.0,accuracy,0.6231883764266968
IMU Transformer,Diet,UCI,MLP,Freeze,HAR,UCI,50.0,accuracy,0.5985507369041443
CNN-PFF,Diet,UCI,MLP,Full Finetune,HAR,UCI,10.0,accuracy,0.6753623485565186
IMU Transformer,Diet,UCI,MLP,Freeze,HAR,UCI,10.0,accuracy,0.5927536487579346
IMU Transformer,Diet,UCI,MLP,Freeze,HAR,UCI,100.0,accuracy,0.6188405752182007
IMU Transformer,Diet,UCI,MLP,Freeze,HAR,UCI,1000.0,accuracy,0.6115942001342773
IMU Transformer,Diet,UCI,MLP,Full Finetune,HAR,UCI,5.0,accuracy,0.6231883764266968
IMU Transformer,Diet,MS,MLP,Full Finetune,HAR,MS,1.0,accuracy,0.408662885427475
IMU Transformer,Diet,MS,MLP,Full Finetune,HAR,MS,50.0,accuracy,0.7306967973709106
CNN-PFF,Diet,WISDM,MLP,Freeze,HAR,WISDM,25.0,accuracy,0.6152073740959167
IMU Transformer,Diet,UCI,MLP,Full Finetune,HAR,UCI,200.0,accuracy,0.6608695387840271
IMU Transformer,Diet,MS,MLP,Full Finetune,HAR,MS,5.0,accuracy,0.5009416341781616
IMU Transformer,Diet,UCI,MLP,Full Finetune,HAR,UCI,10.0,accuracy,0.6014492511749268
IMU Transformer,Diet,UCI,MLP,Freeze,HAR,UCI,200.0,accuracy,0.6333333253860474
IMU Transformer,Diet,WISDM,MLP,Full Finetune,HAR,WISDM,200.0,accuracy,0.7415514588356018
IMU Transformer,Diet,WISDM,MLP,Full Finetune,HAR,WISDM,5.0,accuracy,0.690092146396637
CNN-PFF,Diet,UCI,MLP,Freeze,HAR,UCI,50.0,accuracy,0.7666666507720947
IMU Transformer,Diet,UCI,MLP,Full Finetune,HAR,UCI,100.0,accuracy,0.604347825050354
IMU Transformer,Diet,UCI,MLP,Full Finetune,HAR,UCI,25.0,accuracy,0.5884057879447937
CNN-PFF,Diet,MS,MLP,Freeze,HAR,MS,200.0,accuracy,0.8455743789672852
IMU Transformer,Diet,WISDM,MLP,Freeze,HAR,WISDM,100.0,accuracy,0.7319508194923401
IMU Transformer,Diet,UCI,MLP,Freeze,HAR,UCI,5.0,accuracy,0.5260869860649109
CNN-PFF,Diet,KH,MLP,Full Finetune,HAR,KH,1000.0,accuracy,0.7291666865348816
CNN-PFF,Diet,RW-Thigh,MLP,Full Finetune,HAR,RW-Thigh,200.0,accuracy,0.6221532225608826
CNN-PFF,Diet,WISDM,MLP,Freeze,HAR,WISDM,1.0,accuracy,0.3709677457809448
IMU Transformer,Diet,WISDM,MLP,Freeze,HAR,WISDM,1.0,accuracy,0.3352534472942352
IMU Transformer,Diet,WISDM,MLP,Freeze,HAR,WISDM,1000.0,accuracy,0.7273425459861755
IMU Transformer,Diet,KH,MLP,Full Finetune,HAR,KH,1.0,accuracy,0.5069444179534912
IMU Transformer,Diet,KH,MLP,Freeze,HAR,KH,50.0,accuracy,0.6180555820465088
IMU Transformer,Diet,UCI,MLP,Freeze,HAR,UCI,1.0,accuracy,0.439130425453186
CNN-PFF,Diet,RW-Waist,MLP,Full Finetune,HAR,RW-Waist,1000.0,accuracy,0.667438268661499
CNN-PFF,Diet,RW-Thigh,MLP,Full Finetune,HAR,RW-Thigh,5.0,accuracy,0.3775017261505127
IMU Transformer,Diet,MS,MLP,Freeze,HAR,MS,5.0,accuracy,0.430320143699646
CNN-PFF,Diet,RW-Waist,MLP,Full Finetune,HAR,RW-Waist,10.0,accuracy,0.3726851940155029
IMU Transformer,Diet,KH,MLP,Freeze,HAR,KH,25.0,accuracy,0.6319444179534912
CNN-PFF,Diet,MS,MLP,Full Finetune,HAR,MS,200.0,accuracy,0.8427495360374451
CNN-PFF,Diet,WISDM,MLP,Freeze,HAR,WISDM,200.0,accuracy,0.7281106114387512
CNN-PFF,Diet,WISDM,MLP,Full Finetune,HAR,WISDM,25.0,accuracy,0.6701228618621826
IMU Transformer,Diet,RW-Waist,MLP,Full Finetune,HAR,RW-Waist,100.0,accuracy,0.1666666716337204
CNN-PFF,Diet,RW-Waist,MLP,Freeze,HAR,RW-Waist,50.0,accuracy,0.5570987462997437
CNN-PFF,Diet,RW-Thigh,MLP,Freeze,HAR,RW-Thigh,1000.0,accuracy,0.6193926930427551
CNN-PFF,Diet,RW-Waist,MLP,Full Finetune,HAR,RW-Waist,25.0,accuracy,0.5123456716537476
IMU Transformer,Diet,RW-Thigh,MLP,Freeze,HAR,RW-Thigh,1.0,accuracy,0.1666666716337204
IMU Transformer,Diet,WISDM,MLP,Freeze,HAR,WISDM,200.0,accuracy,0.7311828136444092
IMU Transformer,Diet,WISDM,MLP,Freeze,HAR,WISDM,10.0,accuracy,0.6808755993843079
IMU Transformer,Diet,RW-Waist,MLP,Full Finetune,HAR,RW-Waist,50.0,accuracy,0.1666666716337204
IMU Transformer,Diet,RW-Waist,MLP,Freeze,HAR,RW-Waist,10.0,accuracy,0.1666666716337204
IMU Transformer,Diet,RW-Waist,MLP,Freeze,HAR,RW-Waist,50.0,accuracy,0.1666666716337204
IMU Transformer,Diet,RW-Waist,MLP,Freeze,HAR,RW-Waist,1.0,accuracy,0.1666666716337204
CNN-PFF,Diet,UCI,MLP,Full Finetune,HAR,UCI,50.0,accuracy,0.7884057760238647
CNN-PFF,Diet,UCI,MLP,Full Finetune,HAR,UCI,5.0,accuracy,0.5666666626930237
IMU Transformer,Diet,UCI,MLP,Freeze,HAR,UCI,25.0,accuracy,0.591304361820221
IMU Transformer,Diet,KH,MLP,Freeze,HAR,KH,10.0,accuracy,0.5902777910232544
CNN-PFF,Diet,KH,MLP,Full Finetune,HAR,KH,50.0,accuracy,0.6597222089767456
IMU Transformer,Diet,KH,MLP,Full Finetune,HAR,KH,25.0,accuracy,0.6527777910232544
IMU Transformer,Diet,UCI,MLP,Full Finetune,HAR,UCI,1000.0,accuracy,0.747826099395752
IMU Transformer,Diet,MS,MLP,Full Finetune,HAR,MS,100.0,accuracy,0.729755163192749
CNN-PFF,Diet,MS,MLP,Full Finetune,HAR,MS,1000.0,accuracy,0.8446327447891235
CNN-PFF,Diet,RW-Waist,MLP,Full Finetune,HAR,RW-Waist,200.0,accuracy,0.6030092835426331
CNN-PFF,Diet,RW-Waist,MLP,Full Finetune,HAR,RW-Waist,5.0,accuracy,0.3229166567325592
CNN-PFF,Diet,WISDM,MLP,Full Finetune,HAR,WISDM,10.0,accuracy,0.5407066345214844
IMU Transformer,Diet,UCI,MLP,Full Finetune,HAR,UCI,1.0,accuracy,0.5420289635658264
CNN-PFF,Diet,WISDM,MLP,Freeze,HAR,WISDM,1000.0,accuracy,0.7849462628364563
CNN-PFF,Diet,RW-Waist,MLP,Freeze,HAR,RW-Waist,10.0,accuracy,0.3892746865749359
IMU Transformer,Diet,WISDM,MLP,Full Finetune,HAR,WISDM,1.0,accuracy,0.4147465527057647
IMU Transformer,Diet,WISDM,MLP,Full Finetune,HAR,WISDM,100.0,accuracy,0.7415514588356018
CNN-PFF,Diet,WISDM,MLP,Freeze,HAR,WISDM,100.0,accuracy,0.7208141088485718
CNN-PFF,Diet,RW-Thigh,MLP,Freeze,HAR,RW-Thigh,5.0,accuracy,0.2449965476989746
IMU Transformer,Diet,RW-Waist,MLP,Full Finetune,HAR,RW-Waist,5.0,accuracy,0.1666666716337204
CNN-PFF,Diet,RW-Thigh,MLP,Freeze,HAR,RW-Thigh,10.0,accuracy,0.2722567319869995
IMU Transformer,Diet,RW-Thigh,MLP,Full Finetune,HAR,RW-Thigh,5.0,accuracy,0.1666666716337204
IMU Transformer,Diet,RW-Waist,MLP,Freeze,HAR,RW-Waist,100.0,accuracy,0.1666666716337204
IMU Transformer,Diet,RW-Thigh,MLP,Full Finetune,HAR,RW-Thigh,25.0,accuracy,0.1666666716337204
IMU Transformer,Diet,RW-Thigh,MLP,Full Finetune,HAR,RW-Thigh,1.0,accuracy,0.1666666716337204
IMU Transformer,Diet,RW-Thigh,MLP,Full Finetune,HAR,RW-Thigh,1000.0,accuracy,0.1666666716337204
IMU Transformer,Diet,RW-Thigh,MLP,Freeze,HAR,RW-Thigh,5.0,accuracy,0.1666666716337204
IMU Transformer,Diet,KH,MLP,Freeze,HAR,KH,10.0,accuracy,0.4722222089767456
IMU Transformer,Diet,KH,MLP,Freeze,HAR,KH,100.0,accuracy,0.6736111044883728
CNN-PFF,Diet,UCI,MLP,Freeze,HAR,UCI,10.0,accuracy,0.6637681126594543
IMU Transformer,Diet,UCI,MLP,Full Finetune,HAR,UCI,50.0,accuracy,0.5869565010070801
IMU Transformer,Diet,KH,MLP,Full Finetune,HAR,KH,200.0,accuracy,0.6041666865348816
CNN-PFF,Diet,UCI,MLP,Freeze,HAR,UCI,1000.0,accuracy,0.8550724387168884
IMU Transformer,Diet,MS,MLP,Full Finetune,HAR,MS,10.0,accuracy,0.6892655491828918
CNN-PFF,Diet,MS,MLP,Full Finetune,HAR,MS,25.0,accuracy,0.7853107452392578
IMU Transformer,Diet,MS,MLP,Full Finetune,HAR,MS,25.0,accuracy,0.6534839868545532
IMU Transformer,Diet,UCI,MLP,Full Finetune,HAR,UCI,1000.0,accuracy,0.7376811504364014
CNN-PFF,Diet,WISDM,MLP,Freeze,HAR,WISDM,25.0,accuracy,0.68049156665802
CNN-PFF,Diet,RW-Waist,MLP,Full Finetune,HAR,RW-Waist,1.0,accuracy,0.1936728358268737
CNN-PFF,Diet,RW-Waist,MLP,Freeze,HAR,RW-Waist,50.0,accuracy,0.5879629850387573
CNN-PFF,Diet,RW-Thigh,MLP,Freeze,HAR,RW-Thigh,10.0,accuracy,0.3854382336139679
CNN-PFF,Diet,RW-Thigh,MLP,Freeze,HAR,RW-Thigh,5.0,accuracy,0.3367839753627777
CNN-PFF,Diet,RW-Waist,MLP,Freeze,HAR,RW-Waist,25.0,accuracy,0.5968364477157593
CNN-PFF,Diet,RW-Waist,MLP,Full Finetune,HAR,RW-Waist,200.0,accuracy,0.6346450448036194
CNN-PFF,Diet,KH,MLP,Freeze,HAR,KH,5.0,accuracy,0.4444444477558136
CNN-PFF,Diet,WISDM,MLP,Full Finetune,HAR,WISDM,10.0,accuracy,0.5199692845344543
IMU Transformer,Diet,KH,MLP,Freeze,HAR,KH,1000.0,accuracy,0.7222222089767456
CNN-PFF,Diet,MS,MLP,Full Finetune,HAR,MS,5.0,accuracy,0.5395480394363403
IMU Transformer,Diet,KH,MLP,Full Finetune,HAR,KH,10.0,accuracy,0.6736111044883728
CNN-PFF,Diet,WISDM,MLP,Full Finetune,HAR,WISDM,5.0,accuracy,0.4055299460887909
IMU Transformer,Diet,KH,MLP,Full Finetune,HAR,KH,50.0,accuracy,0.6388888955116272
IMU Transformer,Diet,KH,MLP,Full Finetune,HAR,KH,25.0,accuracy,0.6666666865348816
IMU Transformer,Diet,WISDM,MLP,Freeze,HAR,WISDM,1.0,accuracy,0.4673579037189483
CNN-PFF,Diet,KH,MLP,Freeze,HAR,KH,25.0,accuracy,0.6597222089767456
CNN-PFF,Diet,WISDM,MLP,Full Finetune,HAR,WISDM,25.0,accuracy,0.6950845122337341
IMU Transformer,Diet,MS,MLP,Freeze,HAR,MS,5.0,accuracy,0.5047081112861633
CNN-PFF,Diet,WISDM,MLP,Freeze,HAR,WISDM,200.0,accuracy,0.7661290168762207
CNN-PFF,Diet,UCI,MLP,Full Finetune,HAR,UCI,1.0,accuracy,0.252173900604248
CNN-PFF,Diet,RW-Thigh,MLP,Freeze,HAR,RW-Thigh,50.0,accuracy,0.532436192035675
CNN-PFF,Diet,UCI,MLP,Full Finetune,HAR,UCI,5.0,accuracy,0.6014492511749268
IMU Transformer,Diet,MS,MLP,Freeze,HAR,MS,100.0,accuracy,0.6403013467788696
CNN-PFF,Diet,MS,MLP,Full Finetune,HAR,MS,200.0,accuracy,0.8559321761131287
CNN-PFF,Diet,RW-Thigh,MLP,Full Finetune,HAR,RW-Thigh,25.0,accuracy,0.5707384347915649
CNN-PFF,Diet,UCI,MLP,Full Finetune,HAR,UCI,1000.0,accuracy,0.8840579986572266
CNN-PFF,Diet,MS,MLP,Full Finetune,HAR,MS,50.0,accuracy,0.8135592937469482
CNN-PFF,Diet,KH,MLP,Full Finetune,HAR,KH,5.0,accuracy,0.5069444179534912
CNN-PFF,Diet,MS,MLP,Full Finetune,HAR,MS,100.0,accuracy,0.83427494764328
IMU Transformer,Diet,WISDM,MLP,Freeze,HAR,WISDM,5.0,accuracy,0.6251919865608215
CNN-PFF,Diet,UCI,MLP,Freeze,HAR,UCI,50.0,accuracy,0.7797101736068726
IMU Transformer,Diet,RW-Waist,MLP,Full Finetune,HAR,RW-Waist,25.0,accuracy,0.1666666716337204
IMU Transformer,Diet,MS,MLP,Full Finetune,HAR,MS,100.0,accuracy,0.6873822808265686
CNN-PFF,Diet,RW-Thigh,MLP,Freeze,HAR,RW-Thigh,100.0,accuracy,0.5476190447807312
CNN-PFF,Diet,RW-Thigh,MLP,Full Finetune,HAR,RW-Thigh,200.0,accuracy,0.5979986190795898
CNN-PFF,Diet,KH,MLP,Freeze,HAR,KH,100.0,accuracy,0.6805555820465088
CNN-PFF,Diet,RW-Waist,MLP,Freeze,HAR,RW-Waist,5.0,accuracy,0.4097222089767456
IMU Transformer,Diet,RW-Thigh,MLP,Full Finetune,HAR,RW-Thigh,10.0,accuracy,0.1666666716337204
CNN-PFF,Diet,MS,MLP,Freeze,HAR,MS,10.0,accuracy,0.6572504639625549
IMU Transformer,Diet,MS,MLP,Full Finetune,HAR,MS,5.0,accuracy,0.6591337323188782
CNN-PFF,Diet,MS,MLP,Freeze,HAR,MS,1.0,accuracy,0.2241054624319076
IMU Transformer,Diet,MS,MLP,Freeze,HAR,MS,1.0,accuracy,0.369114875793457
CNN-PFF,Diet,MS,MLP,Freeze,HAR,MS,50.0,accuracy,0.8210923075675964
IMU Transformer,Diet,RW-Thigh,MLP,Freeze,HAR,RW-Thigh,5.0,accuracy,0.1666666716337204
IMU Transformer,Diet,KH,MLP,Freeze,HAR,KH,200.0,accuracy,0.7083333134651184
IMU Transformer,Diet,RW-Thigh,MLP,Full Finetune,HAR,RW-Thigh,1000.0,accuracy,0.1666666716337204
CNN-PFF,Diet,WISDM,MLP,Freeze,HAR,WISDM,5.0,accuracy,0.388248860836029
IMU Transformer,Diet,WISDM,MLP,Full Finetune,HAR,WISDM,10.0,accuracy,0.7211981415748596
IMU Transformer,Diet,UCI,MLP,Freeze,HAR,UCI,1000.0,accuracy,0.5449275374412537
CNN-PFF,Diet,KH,MLP,Full Finetune,HAR,KH,50.0,accuracy,0.6527777910232544
IMU Transformer,Diet,KH,MLP,Freeze,HAR,KH,5.0,accuracy,0.4652777910232544
CNN-PFF,Diet,KH,MLP,Freeze,HAR,KH,200.0,accuracy,0.6944444179534912
CNN-PFF,Diet,WISDM,MLP,Freeze,HAR,WISDM,100.0,accuracy,0.7546082735061646
CNN-PFF,Diet,RW-Thigh,MLP,Full Finetune,HAR,RW-Thigh,1000.0,accuracy,0.6321601271629333
IMU Transformer,Diet,MS,MLP,Full Finetune,HAR,MS,50.0,accuracy,0.6732580065727234
CNN-PFF,Diet,RW-Waist,MLP,Full Finetune,HAR,RW-Waist,5.0,accuracy,0.3024691343307495
IMU Transformer,Diet,MS,MLP,Freeze,HAR,MS,10.0,accuracy,0.526365339756012
IMU Transformer,Diet,RW-Thigh,MLP,Freeze,HAR,RW-Thigh,25.0,accuracy,0.1666666716337204
CNN-PFF,Diet,KH,MLP,Full Finetune,HAR,KH,1.0,accuracy,0.4027777910232544
CNN-PFF,Diet,WISDM,MLP,Full Finetune,HAR,WISDM,100.0,accuracy,0.7511520981788635
IMU Transformer,Diet,WISDM,MLP,Freeze,HAR,WISDM,200.0,accuracy,0.7219662070274353
CNN-PFF,Diet,WISDM,MLP,Full Finetune,HAR,WISDM,1.0,accuracy,0.2630568444728851
IMU Transformer,Diet,WISDM,MLP,Freeze,HAR,WISDM,1000.0,accuracy,0.7265744805335999
IMU Transformer,Diet,KH,MLP,Freeze,HAR,KH,25.0,accuracy,0.6388888955116272
IMU Transformer,Diet,UCI,MLP,Freeze,HAR,UCI,200.0,accuracy,0.5289855003356934
CNN-PFF,Diet,MS,MLP,Freeze,HAR,MS,200.0,accuracy,0.8380414247512817
IMU Transformer,Diet,MS,MLP,Full Finetune,HAR,MS,1000.0,accuracy,0.7476459741592407
CNN-PFF,Diet,UCI,MLP,Freeze,HAR,UCI,5.0,accuracy,0.5855072736740112
CNN-PFF,Diet,MS,MLP,Freeze,HAR,MS,5.0,accuracy,0.5659133791923523
CNN-PFF,Diet,WISDM,MLP,Full Finetune,HAR,WISDM,50.0,accuracy,0.7576804757118225
CNN-PFF,Diet,RW-Waist,MLP,Full Finetune,HAR,RW-Waist,50.0,accuracy,0.5991512537002563
IMU Transformer,Diet,WISDM,MLP,Full Finetune,HAR,WISDM,5.0,accuracy,0.6927803158760071
CNN-PFF,Diet,WISDM,MLP,Freeze,HAR,WISDM,50.0,accuracy,0.7327188849449158
CNN-PFF,Diet,KH,MLP,Freeze,HAR,KH,10.0,accuracy,0.5625
IMU Transformer,Diet,UCI,MLP,Full Finetune,HAR,UCI,1.0,accuracy,0.52173912525177
IMU Transformer,Diet,UCI,MLP,Freeze,HAR,UCI,5.0,accuracy,0.4014492630958557
IMU Transformer,Diet,UCI,MLP,Freeze,HAR,UCI,10.0,accuracy,0.508695662021637
IMU Transformer,Diet,RW-Thigh,MLP,Freeze,HAR,RW-Thigh,1.0,accuracy,0.1666666716337204
CNN-PFF,Diet,KH,MLP,Freeze,HAR,KH,1000.0,accuracy,0.6527777910232544
IMU Transformer,Diet,RW-Waist,MLP,Full Finetune,HAR,RW-Waist,1000.0,accuracy,0.1666666716337204
CNN-PFF,Diet,KH,MLP,Full Finetune,HAR,KH,25.0,accuracy,0.6805555820465088
CNN-PFF,Diet,RW-Thigh,MLP,Freeze,HAR,RW-Thigh,25.0,accuracy,0.580400288105011
CNN-PFF,Diet,KH,MLP,Full Finetune,HAR,KH,1000.0,accuracy,0.6597222089767456
IMU Transformer,Diet,RW-Waist,MLP,Freeze,HAR,RW-Waist,200.0,accuracy,0.1666666716337204
CNN-PFF,Diet,KH,MLP,Freeze,HAR,KH,1.0,accuracy,0.3472222089767456
CNN-PFF,Diet,WISDM,MLP,Freeze,HAR,WISDM,1000.0,accuracy,0.8264209032058716
IMU Transformer,Diet,RW-Thigh,MLP,Full Finetune,HAR,RW-Thigh,25.0,accuracy,0.1666666716337204
IMU Transformer,Diet,RW-Waist,MLP,Freeze,HAR,RW-Waist,10.0,accuracy,0.1666666716337204
CNN-PFF,Diet,RW-Waist,MLP,Full Finetune,HAR,RW-Waist,10.0,accuracy,0.4699074029922485
CNN-PFF,Diet,UCI,MLP,Full Finetune,HAR,UCI,25.0,accuracy,0.7739130258560181
CNN-PFF,Diet,KH,MLP,Full Finetune,HAR,KH,100.0,accuracy,0.6527777910232544
CNN-PFF,Diet,UCI,MLP,Full Finetune,HAR,UCI,200.0,accuracy,0.8811594247817993
IMU Transformer,Diet,WISDM,MLP,Full Finetune,HAR,WISDM,50.0,accuracy,0.7238863110542297
CNN-PFF,Diet,RW-Waist,MLP,Full Finetune,HAR,RW-Waist,1000.0,accuracy,0.678626537322998
CNN-PFF,Diet,RW-Thigh,MLP,Full Finetune,HAR,RW-Thigh,100.0,accuracy,0.556590735912323
IMU Transformer,Diet,RW-Waist,MLP,Full Finetune,HAR,RW-Waist,5.0,accuracy,0.1666666716337204
CNN-PFF,Diet,MS,MLP,Full Finetune,HAR,MS,1000.0,accuracy,0.9077212810516356
CNN-PFF,Diet,MS,MLP,Freeze,HAR,MS,100.0,accuracy,0.8210923075675964
CNN-PFF,Diet,WISDM,MLP,Full Finetune,HAR,WISDM,1000.0,accuracy,0.843317985534668
IMU Transformer,Diet,RW-Waist,MLP,Full Finetune,HAR,RW-Waist,100.0,accuracy,0.1666666716337204
IMU Transformer,Diet,RW-Waist,MLP,Full Finetune,HAR,RW-Waist,10.0,accuracy,0.1666666716337204
CNN-PFF,Diet,RW-Thigh,MLP,Full Finetune,HAR,RW-Thigh,10.0,accuracy,0.4920634925365448
CNN-PFF,Diet,UCI,MLP,Freeze,HAR,UCI,100.0,accuracy,0.791304349899292
IMU Transformer,Diet,RW-Thigh,MLP,Freeze,HAR,RW-Thigh,50.0,accuracy,0.1666666716337204
IMU Transformer,Diet,UCI,MLP,Freeze,HAR,UCI,100.0,accuracy,0.52173912525177
CNN-PFF,Diet,WISDM,MLP,Freeze,HAR,WISDM,10.0,accuracy,0.4481566846370697
IMU Transformer,Diet,KH,MLP,Freeze,HAR,KH,50.0,accuracy,0.6666666865348816
CNN-PFF,Diet,KH,MLP,Freeze,HAR,KH,50.0,accuracy,0.6875
IMU Transformer,Diet,RW-Thigh,MLP,Freeze,HAR,RW-Thigh,200.0,accuracy,0.1666666716337204
CNN-PFF,Diet,UCI,MLP,Freeze,HAR,UCI,1.0,accuracy,0.2942028939723968
IMU Transformer,Diet,UCI,MLP,Freeze,HAR,UCI,25.0,accuracy,0.5507246255874634
IMU Transformer,Diet,RW-Waist,MLP,Freeze,HAR,RW-Waist,100.0,accuracy,0.1666666716337204
IMU Transformer,Diet,RW-Thigh,MLP,Full Finetune,HAR,RW-Thigh,100.0,accuracy,0.1666666716337204
IMU Transformer,Diet,RW-Waist,MLP,Freeze,HAR,RW-Waist,1000.0,accuracy,0.1666666716337204
CNN-PFF,Diet,RW-Thigh,MLP,Freeze,HAR,RW-Thigh,200.0,accuracy,0.535886824131012
CNN-PFF,Diet,RW-Thigh,MLP,Full Finetune,HAR,RW-Thigh,1.0,accuracy,0.2294685989618301
CNN-PFF,Diet,WISDM,MLP,Freeze,HAR,WISDM,1.0,accuracy,0.3187403976917267
IMU Transformer,Diet,KH,MLP,Freeze,HAR,KH,1.0,accuracy,0.3541666567325592
CNN-PFF,Diet,MS,MLP,Freeze,HAR,MS,25.0,accuracy,0.7815442681312561
IMU Transformer,Diet,RW-Waist,MLP,Freeze,HAR,RW-Waist,25.0,accuracy,0.1666666716337204
IMU Transformer,Diet,KH,MLP,Full Finetune,HAR,KH,100.0,accuracy,0.6666666865348816
IMU Transformer,Diet,WISDM,MLP,Full Finetune,HAR,WISDM,100.0,accuracy,0.7365591526031494
IMU Transformer,Diet,RW-Thigh,MLP,Freeze,HAR,RW-Thigh,100.0,accuracy,0.1666666716337204
CNN-PFF,Diet,MS,MLP,Full Finetune,HAR,MS,1.0,accuracy,0.2259887009859085
IMU Transformer,Diet,RW-Waist,MLP,Full Finetune,HAR,RW-Waist,1.0,accuracy,0.1666666716337204
IMU Transformer,Diet,UCI,MLP,Full Finetune,HAR,UCI,200.0,accuracy,0.6217391490936279
IMU Transformer,Diet,MS,MLP,Freeze,HAR,MS,25.0,accuracy,0.7241054773330688
CNN-PFF,Diet,KH,MLP,Full Finetune,HAR,KH,10.0,accuracy,0.5138888955116272
IMU Transformer,Diet,MS,MLP,Full Finetune,HAR,MS,200.0,accuracy,0.721280574798584
IMU Transformer,Diet,RW-Waist,MLP,Freeze,HAR,RW-Waist,50.0,accuracy,0.1666666716337204
IMU Transformer,Diet,UCI,MLP,Full Finetune,HAR,UCI,10.0,accuracy,0.613043487071991
IMU Transformer,Diet,MS,MLP,Full Finetune,HAR,MS,1.0,accuracy,0.4406779706478119
IMU Transformer,Diet,MS,MLP,Freeze,HAR,MS,50.0,accuracy,0.6346516013145447
IMU Transformer,Diet,WISDM,MLP,Full Finetune,HAR,WISDM,1.0,accuracy,0.4573732614517212
IMU Transformer,Diet,KH,MLP,Full Finetune,HAR,KH,1.0,accuracy,0.4444444477558136
CNN-PFF,Diet,UCI,MLP,Full Finetune,HAR,UCI,50.0,accuracy,0.8014492988586426
CNN-PFF,Diet,RW-Waist,MLP,Full Finetune,HAR,RW-Waist,25.0,accuracy,0.6257715821266174
IMU Transformer,Diet,WISDM,MLP,Full Finetune,HAR,WISDM,1000.0,accuracy,0.7365591526031494
IMU Transformer,Diet,MS,MLP,Freeze,HAR,MS,1000.0,accuracy,0.7043314576148987
IMU Transformer,Diet,KH,MLP,Full Finetune,HAR,KH,1000.0,accuracy,0.7152777910232544
CNN-PFF,Diet,RW-Waist,MLP,Freeze,HAR,RW-Waist,1000.0,accuracy,0.6774691343307495
CNN-PFF,Diet,KH,MLP,Full Finetune,HAR,KH,200.0,accuracy,0.6666666865348816
IMU Transformer,Diet,RW-Waist,MLP,Freeze,HAR,RW-Waist,1.0,accuracy,0.1666666716337204
CNN-PFF,Diet,RW-Waist,MLP,Freeze,HAR,RW-Waist,200.0,accuracy,0.6658950448036194
CNN-PFF,Diet,RW-Waist,MLP,Freeze,HAR,RW-Waist,1.0,accuracy,0.2438271641731262
IMU Transformer,Diet,RW-Thigh,MLP,Full Finetune,HAR,RW-Thigh,1.0,accuracy,0.1666666716337204
CNN-PFF,Diet,RW-Waist,MLP,Freeze,HAR,RW-Waist,10.0,accuracy,0.5054012537002563
IMU Transformer,Diet,RW-Thigh,MLP,Full Finetune,HAR,RW-Thigh,5.0,accuracy,0.1666666716337204
IMU Transformer,Diet,RW-Waist,MLP,Full Finetune,HAR,RW-Waist,50.0,accuracy,0.1666666716337204
IMU Transformer,Diet,UCI,MLP,Freeze,HAR,UCI,50.0,accuracy,0.5246376991271973
CNN-PFF,Diet,UCI,MLP,Freeze,HAR,UCI,25.0,accuracy,0.7449275255203247
CNN-PFF,Diet,UCI,MLP,Full Finetune,HAR,UCI,100.0,accuracy,0.7956521511077881
IMU Transformer,Diet,WISDM,MLP,Full Finetune,HAR,WISDM,25.0,accuracy,0.7158218026161194
CNN-PFF,Diet,RW-Thigh,MLP,Full Finetune,HAR,RW-Thigh,50.0,accuracy,0.545548677444458
IMU Transformer,Diet,UCI,MLP,Freeze,HAR,UCI,1.0,accuracy,0.417391300201416
IMU Transformer,Diet,UCI,MLP,Full Finetune,HAR,UCI,100.0,accuracy,0.5869565010070801
CNN-PFF,Diet,RW-Waist,MLP,Freeze,HAR,RW-Waist,100.0,accuracy,0.6358024477958679
CNN-PFF,Diet,MS,MLP,Freeze,HAR,MS,1000.0,accuracy,0.8587570786476135
CNN-PFF,Diet,MS,MLP,Full Finetune,HAR,MS,10.0,accuracy,0.6516007781028748
CNN-PFF,Diet,RW-Thigh,MLP,Full Finetune,HAR,RW-Thigh,5.0,accuracy,0.3260869681835174
CNN-PFF,Diet,RW-Thigh,MLP,Freeze,HAR,RW-Thigh,1.0,accuracy,0.238785371184349
CNN-PFF,Diet,RW-Waist,MLP,Full Finetune,HAR,RW-Waist,100.0,accuracy,0.6601080298423767
CNN-PFF,Diet,WISDM,MLP,Full Finetune,HAR,WISDM,200.0,accuracy,0.7788018584251404
IMU Transformer,Diet,WISDM,MLP,Full Finetune,HAR,WISDM,200.0,accuracy,0.7039170265197754
IMU Transformer,Diet,UCI,MLP,Full Finetune,HAR,UCI,5.0,accuracy,0.5057970881462097
IMU Transformer,Diet,MS,MLP,Freeze,HAR,MS,200.0,accuracy,0.6854990720748901
IMU Transformer,Diet,WISDM,MLP,Freeze,HAR,WISDM,50.0,accuracy,0.7523041367530823
CNN-PFF,Diet,RW-Thigh,MLP,Freeze,HAR,RW-Thigh,1000.0,accuracy,0.5976535677909851
IMU Transformer,Diet,RW-Waist,MLP,Full Finetune,HAR,RW-Waist,200.0,accuracy,0.1666666716337204
IMU Transformer,Diet,WISDM,MLP,Freeze,HAR,WISDM,10.0,accuracy,0.6655145883560181
IMU Transformer,Diet,RW-Thigh,MLP,Freeze,HAR,RW-Thigh,1000.0,accuracy,0.1666666716337204
IMU Transformer,Diet,RW-Thigh,MLP,Full Finetune,HAR,RW-Thigh,200.0,accuracy,0.1666666716337204
IMU Transformer,Diet,WISDM,MLP,Freeze,HAR,WISDM,100.0,accuracy,0.722734272480011
IMU Transformer,Diet,RW-Waist,MLP,Freeze,HAR,RW-Waist,5.0,accuracy,0.1666666716337204
IMU Transformer,Diet,UCI,MLP,Full Finetune,HAR,UCI,25.0,accuracy,0.5811594128608704
CNN-PFF,Diet,UCI,MLP,Freeze,HAR,UCI,200.0,accuracy,0.8188405632972717
CNN-PFF,Diet,UCI,MLP,Full Finetune,HAR,UCI,10.0,accuracy,0.665217399597168
IMU Transformer,Diet,RW-Thigh,MLP,Full Finetune,HAR,RW-Thigh,50.0,accuracy,0.1666666716337204
IMU Transformer,Diet,RW-Thigh,MLP,Freeze,HAR,RW-Thigh,10.0,accuracy,0.1666666716337204
IMU Transformer,Diet,KH,MLP,Full Finetune,HAR,KH,5.0,accuracy,0.5694444179534912
IMU Transformer,Diet,WISDM,MLP,Freeze,HAR,WISDM,25.0,accuracy,0.7162058353424072
CNN-PFF,Diet,RW-Waist,MLP,Freeze,HAR,RW-Waist,100.0,accuracy,0.6446759104728699
CNN-PFF,Diet,KH,MLP,Full Finetune,HAR,KH,25.0,accuracy,0.7013888955116272
CNN-PFF,Diet,KH,MLP,Full Finetune,HAR,KH,100.0,accuracy,0.625
CNN-PFF,Diet,UCI,MLP,Full Finetune,HAR,UCI,50.0,accuracy,0.7666666507720947
CNN-PFF,Diet,UCI,MLP,Full Finetune,HAR,UCI,200.0,accuracy,0.813043475151062
CNN-PFF,Diet,MS,MLP,Full Finetune,HAR,MS,25.0,accuracy,0.7071563005447388
CNN-PFF,Diet,UCI,MLP,Freeze,HAR,UCI,1.0,accuracy,0.3144927620887756
CNN-PFF,Diet,UCI,MLP,Freeze,HAR,UCI,50.0,accuracy,0.7405797243118286
CNN-PFF,Diet,MS,MLP,Full Finetune,HAR,MS,50.0,accuracy,0.7306967973709106
CNN-PFF,Diet,UCI,MLP,Full Finetune,HAR,UCI,1000.0,accuracy,0.8753623366355896
IMU Transformer,Diet,MS,MLP,Full Finetune,HAR,MS,100.0,accuracy,0.7391713857650757
CNN-PFF,Diet,UCI,MLP,Full Finetune,HAR,UCI,25.0,accuracy,0.7057970762252808
CNN-PFF,Diet,MS,MLP,Freeze,HAR,MS,1.0,accuracy,0.2410546094179153
IMU Transformer,Diet,MS,MLP,Freeze,HAR,MS,5.0,accuracy,0.5037664771080017
IMU Transformer,Diet,MS,MLP,Freeze,HAR,MS,1000.0,accuracy,0.6854990720748901
CNN-PFF,Diet,RW-Thigh,MLP,Full Finetune,HAR,RW-Thigh,25.0,accuracy,0.4848171174526214
CNN-PFF,Diet,WISDM,MLP,Freeze,HAR,WISDM,25.0,accuracy,0.6286482214927673
CNN-PFF,Diet,RW-Waist,MLP,Freeze,HAR,RW-Waist,1000.0,accuracy,0.7083333134651184
IMU Transformer,Diet,UCI,MLP,Full Finetune,HAR,UCI,100.0,accuracy,0.7072463631629944
IMU Transformer,Diet,KH,MLP,Full Finetune,HAR,KH,25.0,accuracy,0.625
CNN-PFF,Diet,UCI,MLP,Full Finetune,HAR,UCI,5.0,accuracy,0.5536231994628906
IMU Transformer,Diet,WISDM,MLP,Full Finetune,HAR,WISDM,1.0,accuracy,0.3771121203899383
CNN-PFF,Diet,RW-Thigh,MLP,Freeze,HAR,RW-Thigh,100.0,accuracy,0.5703933835029602
CNN-PFF,Diet,RW-Waist,MLP,Full Finetune,HAR,RW-Waist,1.0,accuracy,0.2380401194095611
CNN-PFF,Diet,UCI,MLP,Freeze,HAR,UCI,10.0,accuracy,0.5057970881462097
IMU Transformer,Diet,WISDM,MLP,Freeze,HAR,WISDM,25.0,accuracy,0.7092933654785156
CNN-PFF,Diet,RW-Thigh,MLP,Freeze,HAR,RW-Thigh,200.0,accuracy,0.593512773513794
CNN-PFF,Diet,RW-Waist,MLP,Full Finetune,HAR,RW-Waist,25.0,accuracy,0.5628858208656311
CNN-PFF,Diet,WISDM,MLP,Full Finetune,HAR,WISDM,100.0,accuracy,0.764976978302002
IMU Transformer,Diet,MS,MLP,Freeze,HAR,MS,200.0,accuracy,0.6977401375770569
CNN-PFF,Diet,KH,MLP,Freeze,HAR,KH,1000.0,accuracy,0.6180555820465088
IMU Transformer,Diet,KH,MLP,Full Finetune,HAR,KH,1.0,accuracy,0.4027777910232544
CNN-PFF,Diet,KH,MLP,Freeze,HAR,KH,200.0,accuracy,0.6458333134651184
IMU Transformer,Diet,UCI,MLP,Freeze,HAR,UCI,25.0,accuracy,0.539130449295044
IMU Transformer,Diet,UCI,MLP,Full Finetune,HAR,UCI,50.0,accuracy,0.5753623247146606
CNN-PFF,Diet,MS,MLP,Full Finetune,HAR,MS,100.0,accuracy,0.790960431098938
IMU Transformer,Diet,WISDM,MLP,Freeze,HAR,WISDM,10.0,accuracy,0.5787250399589539
IMU Transformer,Diet,RW-Waist,MLP,Freeze,HAR,RW-Waist,100.0,accuracy,0.1666666716337204
CNN-PFF,Diet,RW-Thigh,MLP,Full Finetune,HAR,RW-Thigh,1000.0,accuracy,0.6425120830535889
IMU Transformer,Diet,KH,MLP,Freeze,HAR,KH,1000.0,accuracy,0.5833333134651184
IMU Transformer,Diet,RW-Thigh,MLP,Full Finetune,HAR,RW-Thigh,100.0,accuracy,0.1666666716337204
CNN-PFF,Diet,WISDM,MLP,Full Finetune,HAR,WISDM,200.0,accuracy,0.7745775580406189
IMU Transformer,Diet,RW-Waist,MLP,Full Finetune,HAR,RW-Waist,1.0,accuracy,0.1666666716337204
IMU Transformer,Diet,UCI,MLP,Full Finetune,HAR,UCI,200.0,accuracy,0.5898550748825073
IMU Transformer,Diet,RW-Thigh,MLP,Full Finetune,HAR,RW-Thigh,5.0,accuracy,0.1666666716337204
IMU Transformer,Diet,UCI,MLP,Freeze,HAR,UCI,200.0,accuracy,0.6246376633644104
IMU Transformer,Diet,RW-Thigh,MLP,Freeze,HAR,RW-Thigh,50.0,accuracy,0.1666666716337204
IMU Transformer,Diet,WISDM,MLP,Full Finetune,HAR,WISDM,1000.0,accuracy,0.7446236610412598
IMU Transformer,Diet,RW-Thigh,MLP,Freeze,HAR,RW-Thigh,10.0,accuracy,0.1666666716337204
IMU Transformer,Diet,WISDM,MLP,Full Finetune,HAR,WISDM,5.0,accuracy,0.6850998401641846
CNN-PFF,Diet,MS,MLP,Freeze,HAR,MS,50.0,accuracy,0.7137476205825806
IMU Transformer,Diet,WISDM,MLP,Freeze,HAR,WISDM,1.0,accuracy,0.2707373201847076
IMU Transformer,Diet,WISDM,MLP,Freeze,HAR,WISDM,50.0,accuracy,0.7438555955886841
IMU Transformer,Diet,KH,MLP,Freeze,HAR,KH,100.0,accuracy,0.5833333134651184
IMU Transformer,Diet,MS,MLP,Freeze,HAR,MS,100.0,accuracy,0.66572505235672
CNN-PFF,Diet,KH,MLP,Full Finetune,HAR,KH,200.0,accuracy,0.6666666865348816
IMU Transformer,Diet,MS,MLP,Full Finetune,HAR,MS,25.0,accuracy,0.7203390002250671
IMU Transformer,Diet,WISDM,MLP,Full Finetune,HAR,WISDM,100.0,accuracy,0.6981566548347473
CNN-PFF,Diet,UCI,MLP,Freeze,HAR,UCI,25.0,accuracy,0.7101449370384216
IMU Transformer,Diet,UCI,MLP,Freeze,HAR,UCI,1000.0,accuracy,0.626086950302124
CNN-PFF,Diet,RW-Waist,MLP,Full Finetune,HAR,RW-Waist,1000.0,accuracy,0.7006173133850098
CNN-PFF,Diet,KH,MLP,Freeze,HAR,KH,25.0,accuracy,0.6875
IMU Transformer,Diet,MS,MLP,Freeze,HAR,MS,25.0,accuracy,0.6873822808265686
IMU Transformer,Diet,KH,MLP,Full Finetune,HAR,KH,100.0,accuracy,0.6111111044883728
CNN-PFF,Diet,WISDM,MLP,Freeze,HAR,WISDM,200.0,accuracy,0.7457757592201233
CNN-PFF,Diet,RW-Thigh,MLP,Full Finetune,HAR,RW-Thigh,5.0,accuracy,0.2781228423118591
IMU Transformer,Diet,KH,MLP,Freeze,HAR,KH,1.0,accuracy,0.4236111044883728
IMU Transformer,Diet,RW-Waist,MLP,Full Finetune,HAR,RW-Waist,100.0,accuracy,0.1666666716337204
CNN-PFF,Diet,KH,MLP,Full Finetune,HAR,KH,10.0,accuracy,0.625
IMU Transformer,Diet,UCI,MLP,Freeze,HAR,UCI,10.0,accuracy,0.5275362133979797
CNN-PFF,Diet,UCI,MLP,Full Finetune,HAR,UCI,1.0,accuracy,0.3695652186870575
CNN-PFF,Diet,MS,MLP,Freeze,HAR,MS,25.0,accuracy,0.6892655491828918
IMU Transformer,Diet,RW-Thigh,MLP,Freeze,HAR,RW-Thigh,5.0,accuracy,0.1666666716337204
IMU Transformer,Diet,WISDM,MLP,Full Finetune,HAR,WISDM,10.0,accuracy,0.7396313548088074
CNN-PFF,Diet,MS,MLP,Freeze,HAR,MS,10.0,accuracy,0.6177024245262146
IMU Transformer,Diet,RW-Waist,MLP,Freeze,HAR,RW-Waist,10.0,accuracy,0.1666666716337204
CNN-PFF,Diet,KH,MLP,Freeze,HAR,KH,10.0,accuracy,0.6458333134651184
IMU Transformer,Diet,WISDM,MLP,Full Finetune,HAR,WISDM,50.0,accuracy,0.7050691246986389
CNN-PFF,Diet,WISDM,MLP,Freeze,HAR,WISDM,10.0,accuracy,0.495391696691513
CNN-PFF,Diet,WISDM,MLP,Freeze,HAR,WISDM,1000.0,accuracy,0.773809552192688
IMU Transformer,Diet,RW-Waist,MLP,Full Finetune,HAR,RW-Waist,200.0,accuracy,0.1666666716337204
CNN-PFF,Diet,RW-Waist,MLP,Full Finetune,HAR,RW-Waist,100.0,accuracy,0.6504629850387573
CNN-PFF,Diet,WISDM,MLP,Freeze,HAR,WISDM,1.0,accuracy,0.3145161271095276
IMU Transformer,Diet,MS,MLP,Full Finetune,HAR,MS,1.0,accuracy,0.4067796468734741
IMU Transformer,Diet,MS,MLP,Full Finetune,HAR,MS,10.0,accuracy,0.5188323855400085
CNN-PFF,Diet,RW-Thigh,MLP,Full Finetune,HAR,RW-Thigh,100.0,accuracy,0.5745341777801514
CNN-PFF,Diet,KH,MLP,Freeze,HAR,KH,1.0,accuracy,0.3680555522441864
CNN-PFF,Diet,KH,MLP,Full Finetune,HAR,KH,1.0,accuracy,0.3958333432674408
IMU Transformer,Diet,RW-Thigh,MLP,Full Finetune,HAR,RW-Thigh,1000.0,accuracy,0.1666666716337204
CNN-PFF,Diet,KH,MLP,Freeze,HAR,KH,100.0,accuracy,0.6458333134651184
CNN-PFF,Diet,KH,MLP,Full Finetune,HAR,KH,5.0,accuracy,0.6111111044883728
CNN-PFF,Diet,RW-Thigh,MLP,Full Finetune,HAR,RW-Thigh,10.0,accuracy,0.3178053796291351
CNN-PFF,Diet,KH,MLP,Freeze,HAR,KH,5.0,accuracy,0.5902777910232544
IMU Transformer,Diet,RW-Waist,MLP,Full Finetune,HAR,RW-Waist,25.0,accuracy,0.1666666716337204
IMU Transformer,Diet,KH,MLP,Full Finetune,HAR,KH,10.0,accuracy,0.5416666865348816
CNN-PFF,Diet,RW-Waist,MLP,Freeze,HAR,RW-Waist,1.0,accuracy,0.2461419701576233
IMU Transformer,Diet,UCI,MLP,Full Finetune,HAR,UCI,1.0,accuracy,0.4362318813800812
CNN-PFF,Diet,RW-Waist,MLP,Full Finetune,HAR,RW-Waist,5.0,accuracy,0.3703703582286834
CNN-PFF,Diet,MS,MLP,Freeze,HAR,MS,5.0,accuracy,0.529190182685852
CNN-PFF,Diet,WISDM,MLP,Full Finetune,HAR,WISDM,5.0,accuracy,0.338709682226181
CNN-PFF,Diet,RW-Thigh,MLP,Full Finetune,HAR,RW-Thigh,50.0,accuracy,0.5041407942771912
CNN-PFF,Diet,WISDM,MLP,Full Finetune,HAR,WISDM,50.0,accuracy,0.7158218026161194
IMU Transformer,Diet,UCI,MLP,Freeze,HAR,UCI,50.0,accuracy,0.5782608985900879
IMU Transformer,Diet,WISDM,MLP,Freeze,HAR,WISDM,200.0,accuracy,0.7361751198768616
CNN-PFF,Diet,RW-Thigh,MLP,Freeze,HAR,RW-Thigh,25.0,accuracy,0.4523809552192688
CNN-PFF,Diet,RW-Waist,MLP,Full Finetune,HAR,RW-Waist,50.0,accuracy,0.5802469253540039
CNN-PFF,Diet,UCI,MLP,Freeze,HAR,UCI,5.0,accuracy,0.5492753386497498
IMU Transformer,Diet,UCI,MLP,Full Finetune,HAR,UCI,10.0,accuracy,0.5594202876091003
IMU Transformer,Diet,RW-Waist,MLP,Freeze,HAR,RW-Waist,1000.0,accuracy,0.1666666716337204
IMU Transformer,Diet,MS,MLP,Freeze,HAR,MS,1.0,accuracy,0.3879472613334656
IMU Transformer,Diet,UCI,MLP,Freeze,HAR,UCI,100.0,accuracy,0.582608699798584
CNN-PFF,Diet,MS,MLP,Full Finetune,HAR,MS,1.0,accuracy,0.2570621371269226
CNN-PFF,Diet,MS,MLP,Full Finetune,HAR,MS,10.0,accuracy,0.6327683329582214
CNN-PFF,Diet,RW-Waist,MLP,Freeze,HAR,RW-Waist,10.0,accuracy,0.5003858208656311
CNN-PFF,Diet,RW-Waist,MLP,Full Finetune,HAR,RW-Waist,10.0,accuracy,0.4722222089767456
IMU Transformer,Diet,UCI,MLP,Full Finetune,HAR,UCI,1000.0,accuracy,0.7550724744796753
IMU Transformer,Diet,KH,MLP,Freeze,HAR,KH,5.0,accuracy,0.3194444477558136
IMU Transformer,Diet,RW-Thigh,MLP,Freeze,HAR,RW-Thigh,25.0,accuracy,0.1666666716337204
CNN-PFF,Diet,RW-Waist,MLP,Freeze,HAR,RW-Waist,200.0,accuracy,0.720678985118866
CNN-PFF,Diet,RW-Thigh,MLP,Full Finetune,HAR,RW-Thigh,200.0,accuracy,0.6218081712722778
IMU Transformer,Diet,KH,MLP,Freeze,HAR,KH,10.0,accuracy,0.4652777910232544
CNN-PFF,Diet,MS,MLP,Full Finetune,HAR,MS,1000.0,accuracy,0.8549906015396118
IMU Transformer,Diet,RW-Waist,MLP,Freeze,HAR,RW-Waist,5.0,accuracy,0.1666666716337204
IMU Transformer,Diet,RW-Thigh,MLP,Freeze,HAR,RW-Thigh,1.0,accuracy,0.1666666716337204
IMU Transformer,Diet,MS,MLP,Freeze,HAR,MS,10.0,accuracy,0.5649717450141907
IMU Transformer,Diet,WISDM,MLP,Freeze,HAR,WISDM,1000.0,accuracy,0.7446236610412598
IMU Transformer,Diet,UCI,MLP,Freeze,HAR,UCI,1.0,accuracy,0.395652174949646
CNN-PFF,Diet,UCI,MLP,Freeze,HAR,UCI,200.0,accuracy,0.834782600402832
IMU Transformer,Diet,RW-Waist,MLP,Freeze,HAR,RW-Waist,50.0,accuracy,0.1666666716337204
CNN-PFF,Diet,KH,MLP,Full Finetune,HAR,KH,1000.0,accuracy,0.6736111044883728
IMU Transformer,Diet,MS,MLP,Full Finetune,HAR,MS,200.0,accuracy,0.7419962286949158
IMU Transformer,Diet,UCI,MLP,Full Finetune,HAR,UCI,5.0,accuracy,0.5942028760910034
CNN-PFF,Diet,MS,MLP,Freeze,HAR,MS,1000.0,accuracy,0.8003766536712646
IMU Transformer,Diet,RW-Thigh,MLP,Full Finetune,HAR,RW-Thigh,50.0,accuracy,0.1666666716337204
IMU Transformer,Diet,MS,MLP,Full Finetune,HAR,MS,5.0,accuracy,0.5404896140098572
IMU Transformer,Diet,KH,MLP,Full Finetune,HAR,KH,1000.0,accuracy,0.5555555820465088
CNN-PFF,Diet,MS,MLP,Freeze,HAR,MS,200.0,accuracy,0.7721280455589294
CNN-PFF,Diet,RW-Waist,MLP,Freeze,HAR,RW-Waist,25.0,accuracy,0.5597993731498718
CNN-PFF,Diet,RW-Thigh,MLP,Freeze,HAR,RW-Thigh,1000.0,accuracy,0.5945479869842529
IMU Transformer,Diet,KH,MLP,Full Finetune,HAR,KH,50.0,accuracy,0.6041666865348816
CNN-PFF,Diet,MS,MLP,Full Finetune,HAR,MS,200.0,accuracy,0.8041431307792664
IMU Transformer,Diet,RW-Thigh,MLP,Full Finetune,HAR,RW-Thigh,10.0,accuracy,0.1666666716337204
CNN-PFF,Diet,RW-Waist,MLP,Full Finetune,HAR,RW-Waist,200.0,accuracy,0.6998456716537476
CNN-PFF,Diet,WISDM,MLP,Freeze,HAR,WISDM,5.0,accuracy,0.3079877197742462
CNN-PFF,Diet,RW-Thigh,MLP,Freeze,HAR,RW-Thigh,5.0,accuracy,0.3329882621765136
IMU Transformer,Diet,KH,MLP,Freeze,HAR,KH,50.0,accuracy,0.5416666865348816
CNN-PFF,Diet,UCI,MLP,Full Finetune,HAR,UCI,100.0,accuracy,0.7927536368370056
CNN-PFF,Diet,UCI,MLP,Freeze,HAR,UCI,100.0,accuracy,0.7956521511077881
IMU Transformer,Diet,RW-Thigh,MLP,Full Finetune,HAR,RW-Thigh,1.0,accuracy,0.1666666716337204
IMU Transformer,Diet,KH,MLP,Full Finetune,HAR,KH,5.0,accuracy,0.5347222089767456
CNN-PFF,Diet,KH,MLP,Freeze,HAR,KH,50.0,accuracy,0.6736111044883728
IMU Transformer,Diet,KH,MLP,Freeze,HAR,KH,200.0,accuracy,0.5555555820465088
CNN-PFF,Diet,MS,MLP,Full Finetune,HAR,MS,5.0,accuracy,0.473634660243988
IMU Transformer,Diet,WISDM,MLP,Freeze,HAR,WISDM,5.0,accuracy,0.4397081434726715
CNN-PFF,Diet,UCI,MLP,Freeze,HAR,UCI,1000.0,accuracy,0.8391304612159729
IMU Transformer,Diet,RW-Waist,MLP,Full Finetune,HAR,RW-Waist,10.0,accuracy,0.1666666716337204
IMU Transformer,Diet,RW-Thigh,MLP,Freeze,HAR,RW-Thigh,200.0,accuracy,0.1666666716337204
CNN-PFF,Diet,RW-Thigh,MLP,Freeze,HAR,RW-Thigh,1.0,accuracy,0.2543133199214935
IMU Transformer,Diet,RW-Waist,MLP,Freeze,HAR,RW-Waist,1.0,accuracy,0.1666666716337204
CNN-PFF,Diet,WISDM,MLP,Freeze,HAR,WISDM,100.0,accuracy,0.75
CNN-PFF,Diet,RW-Thigh,MLP,Freeze,HAR,RW-Thigh,50.0,accuracy,0.5113871693611145
CNN-PFF,Diet,MS,MLP,Freeze,HAR,MS,100.0,accuracy,0.7457627058029175
IMU Transformer,Diet,RW-Waist,MLP,Freeze,HAR,RW-Waist,200.0,accuracy,0.1666666716337204
IMU Transformer,Diet,WISDM,MLP,Full Finetune,HAR,WISDM,25.0,accuracy,0.7342550158500671
CNN-PFF,Diet,RW-Thigh,MLP,Freeze,HAR,RW-Thigh,10.0,accuracy,0.3730158805847168
CNN-PFF,Diet,UCI,MLP,Full Finetune,HAR,UCI,10.0,accuracy,0.6173912882804871
CNN-PFF,Diet,KH,MLP,Full Finetune,HAR,KH,50.0,accuracy,0.6597222089767456
CNN-PFF,Diet,WISDM,MLP,Full Finetune,HAR,WISDM,25.0,accuracy,0.641321063041687
IMU Transformer,Diet,RW-Waist,MLP,Full Finetune,HAR,RW-Waist,5.0,accuracy,0.1666666716337204
IMU Transformer,Diet,UCI,MLP,Freeze,HAR,UCI,5.0,accuracy,0.5420289635658264
CNN-PFF,Diet,RW-Waist,MLP,Freeze,HAR,RW-Waist,5.0,accuracy,0.3834876418113708
IMU Transformer,Diet,KH,MLP,Full Finetune,HAR,KH,200.0,accuracy,0.5347222089767456
IMU Transformer,Diet,MS,MLP,Freeze,HAR,MS,50.0,accuracy,0.6195856928825378
CNN-PFF,Diet,WISDM,MLP,Full Finetune,HAR,WISDM,1000.0,accuracy,0.8287250399589539
IMU Transformer,Diet,UCI,MLP,Full Finetune,HAR,UCI,25.0,accuracy,0.6000000238418579
CNN-PFF,Diet,RW-Thigh,MLP,Full Finetune,HAR,RW-Thigh,1.0,accuracy,0.2508626580238342
IMU Transformer,Diet,RW-Waist,MLP,Freeze,HAR,RW-Waist,25.0,accuracy,0.1666666716337204
IMU Transformer,Diet,MS,MLP,Full Finetune,HAR,MS,50.0,accuracy,0.721280574798584
CNN-PFF,Diet,WISDM,MLP,Full Finetune,HAR,WISDM,10.0,accuracy,0.5867895483970642
CNN-PFF,Diet,RW-Waist,MLP,Freeze,HAR,RW-Waist,50.0,accuracy,0.5945215821266174
IMU Transformer,Diet,MS,MLP,Full Finetune,HAR,MS,1000.0,accuracy,0.7448210716247559
IMU Transformer,Diet,RW-Waist,MLP,Full Finetune,HAR,RW-Waist,50.0,accuracy,0.1666666716337204
IMU Transformer,Diet,WISDM,MLP,Freeze,HAR,WISDM,100.0,accuracy,0.7484639286994934
CNN-PFF,Diet,WISDM,MLP,Full Finetune,HAR,WISDM,1.0,accuracy,0.3728878796100616
IMU Transformer,Diet,RW-Waist,MLP,Full Finetune,HAR,RW-Waist,1000.0,accuracy,0.1666666716337204
IMU Transformer,Diet,WISDM,MLP,Full Finetune,HAR,WISDM,200.0,accuracy,0.6877880096435547
CNN-PFF,Diet,WISDM,MLP,Freeze,HAR,WISDM,50.0,accuracy,0.7058371901512146
IMU Transformer,Diet,RW-Thigh,MLP,Full Finetune,HAR,RW-Thigh,25.0,accuracy,0.1666666716337204
IMU Transformer,Diet,RW-Thigh,MLP,Full Finetune,HAR,RW-Thigh,200.0,accuracy,0.1666666716337204
IMU Transformer,Diet,RW-Thigh,MLP,Freeze,HAR,RW-Thigh,1000.0,accuracy,0.1666666716337204
IMU Transformer,Diet,RW-Thigh,MLP,Freeze,HAR,RW-Thigh,100.0,accuracy,0.1666666716337204
IMU Transformer,Diet,KH,MLP,Freeze,HAR,KH,25.0,accuracy,0.5625
TS2Vec Encoder,Diet,KH,MLP,Full Finetune,HAR,KH,50.0,accuracy,0.625
TS2Vec Encoder,Diet,KH,MLP,Freeze,HAR,KH,1.0,accuracy,0.4583333432674408
TS2Vec Encoder,Diet,KH,MLP,Freeze,HAR,KH,5.0,accuracy,0.6388888955116272
TS2Vec Encoder,Diet,KH,MLP,Freeze,HAR,KH,25.0,accuracy,0.5138888955116272
TS2Vec Encoder,Diet,KH,MLP,Full Finetune,HAR,KH,10.0,accuracy,0.5486111044883728
TS2Vec Encoder,Diet,KH,MLP,Freeze,HAR,KH,100.0,accuracy,0.6875
TS2Vec Encoder,Diet,KH,MLP,Full Finetune,HAR,KH,25.0,accuracy,0.6805555820465088
TS2Vec Encoder,Diet,UCI,MLP,Full Finetune,HAR,UCI,10.0,accuracy,0.2043478190898895
TS2Vec Encoder,Diet,UCI,MLP,Freeze,HAR,UCI,50.0,accuracy,0.7739130258560181
TS2Vec Encoder,Diet,UCI,MLP,Freeze,HAR,UCI,10.0,accuracy,0.7347826361656189
TS2Vec Encoder,Diet,UCI,MLP,Freeze,HAR,UCI,1.0,accuracy,0.4927536249160766
TS2Vec Encoder,Diet,MS,MLP,Full Finetune,HAR,MS,200.0,accuracy,0.9143126010894777
TS2Vec Encoder,Diet,UCI,MLP,Full Finetune,HAR,UCI,5.0,accuracy,0.6768115758895874
TS2Vec Encoder,Diet,KH,MLP,Full Finetune,HAR,KH,5.0,accuracy,0.4375
TS2Vec Encoder,Diet,MS,MLP,Freeze,HAR,MS,200.0,accuracy,0.7947269082069397
TS2Vec Encoder,Diet,KH,MLP,Freeze,HAR,KH,10.0,accuracy,0.5486111044883728
TS2Vec Encoder,Diet,MS,MLP,Full Finetune,HAR,MS,1.0,accuracy,0.4416195750236511
TS2Vec Encoder,Diet,MS,MLP,Freeze,HAR,MS,10.0,accuracy,0.6082862615585327
TS2Vec Encoder,Diet,MS,MLP,Full Finetune,HAR,MS,5.0,accuracy,0.2871939837932586
TS2Vec Encoder,Diet,MS,MLP,Full Finetune,HAR,MS,100.0,accuracy,0.9077212810516356
TS2Vec Encoder,Diet,KH,MLP,Full Finetune,HAR,KH,100.0,accuracy,0.6041666865348816
TS2Vec Encoder,Diet,KH,MLP,Freeze,HAR,KH,50.0,accuracy,0.6736111044883728
TS2Vec Encoder,Diet,UCI,MLP,Full Finetune,HAR,UCI,25.0,accuracy,0.1956521719694137
TS2Vec Encoder,Diet,KH,MLP,Full Finetune,HAR,KH,1000.0,accuracy,0.6666666865348816
TS2Vec Encoder,Diet,MS,MLP,Freeze,HAR,MS,50.0,accuracy,0.7015066146850586
TS2Vec Encoder,Diet,MS,MLP,Freeze,HAR,MS,5.0,accuracy,0.4472692906856537
TS2Vec Encoder,Diet,RW-Waist,MLP,Freeze,HAR,RW-Waist,10.0,accuracy,0.4459876418113708
TS2Vec Encoder,Diet,KH,MLP,Full Finetune,HAR,KH,200.0,accuracy,0.5486111044883728
TS2Vec Encoder,Diet,WISDM,MLP,Freeze,HAR,WISDM,10.0,accuracy,0.1816436201333999
TS2Vec Encoder,Diet,WISDM,MLP,Freeze,HAR,WISDM,100.0,accuracy,0.0238095242530107
TS2Vec Encoder,Diet,RW-Waist,MLP,Freeze,HAR,RW-Waist,5.0,accuracy,0.3665123581886291
TS2Vec Encoder,Diet,RW-Waist,MLP,Full Finetune,HAR,RW-Waist,25.0,accuracy,0.5466821193695068
TS2Vec Encoder,Diet,KH,MLP,Full Finetune,HAR,KH,1.0,accuracy,0.4791666567325592
TS2Vec Encoder,Diet,RW-Waist,MLP,Freeze,HAR,RW-Waist,1000.0,accuracy,0.4413580298423767
TS2Vec Encoder,Diet,WISDM,MLP,Freeze,HAR,WISDM,1.0,accuracy,0.1735791116952896
TS2Vec Encoder,Diet,RW-Thigh,MLP,Full Finetune,HAR,RW-Thigh,1.0,accuracy,0.1908212602138519
TS2Vec Encoder,Diet,UCI,MLP,Full Finetune,HAR,UCI,1000.0,accuracy,0.9231883883476256
TS2Vec Encoder,Diet,RW-Waist,MLP,Full Finetune,HAR,RW-Waist,10.0,accuracy,0.3966049253940582
TS2Vec Encoder,Diet,RW-Thigh,MLP,Full Finetune,HAR,RW-Thigh,25.0,accuracy,0.4523809552192688
TS2Vec Encoder,Diet,RW-Thigh,MLP,Freeze,HAR,RW-Thigh,1.0,accuracy,0.1463077962398529
TS2Vec Encoder,Diet,WISDM,MLP,Full Finetune,HAR,WISDM,1.0,accuracy,0.5195852518081665
TS2Vec Encoder,Diet,RW-Thigh,MLP,Freeze,HAR,RW-Thigh,200.0,accuracy,0.5479640960693359
TS2Vec Encoder,Diet,UCI,MLP,Full Finetune,HAR,UCI,50.0,accuracy,0.8144927620887756
TS2Vec Encoder,Diet,WISDM,MLP,Full Finetune,HAR,WISDM,200.0,accuracy,0.7534562349319458
TS2Vec Encoder,Diet,WISDM,MLP,Full Finetune,HAR,WISDM,100.0,accuracy,0.4546850919723511
TS2Vec Encoder,Diet,RW-Thigh,MLP,Full Finetune,HAR,RW-Thigh,50.0,accuracy,0.3633540272712707
TS2Vec Encoder,Diet,RW-Thigh,MLP,Freeze,HAR,RW-Thigh,5.0,accuracy,0.2408557683229446
TS2Vec Encoder,Diet,RW-Waist,MLP,Freeze,HAR,RW-Waist,1.0,accuracy,0.2129629701375961
TS2Vec Encoder,Diet,KH,MLP,Freeze,HAR,KH,200.0,accuracy,0.6875
TS2Vec Encoder,Diet,UCI,MLP,Freeze,HAR,UCI,5.0,accuracy,0.5840579867362976
TS2Vec Encoder,Diet,RW-Waist,MLP,Full Finetune,HAR,RW-Waist,50.0,accuracy,0.6554784178733826
TS2Vec Encoder,Diet,MS,MLP,Full Finetune,HAR,MS,50.0,accuracy,0.860640287399292
TS2Vec Encoder,Diet,WISDM,MLP,Full Finetune,HAR,WISDM,10.0,accuracy,0.2734254896640777
TS2Vec Encoder,Diet,MS,MLP,Freeze,HAR,MS,100.0,accuracy,0.7570621371269226
TS2Vec Encoder,Diet,RW-Waist,MLP,Full Finetune,HAR,RW-Waist,5.0,accuracy,0.323688268661499
TS2Vec Encoder,Diet,RW-Thigh,MLP,Full Finetune,HAR,RW-Thigh,200.0,accuracy,0.7239475250244141
TS2Vec Encoder,Diet,RW-Thigh,MLP,Freeze,HAR,RW-Thigh,50.0,accuracy,0.4648033082485199
TS2Vec Encoder,Diet,RW-Waist,MLP,Full Finetune,HAR,RW-Waist,200.0,accuracy,0.7160493731498718
TS2Vec Encoder,Diet,RW-Thigh,MLP,Full Finetune,HAR,RW-Thigh,5.0,accuracy,0.1466528624296188
TS2Vec Encoder,Diet,UCI,MLP,Full Finetune,HAR,UCI,100.0,accuracy,0.9159420132637024
TS2Vec Encoder,Diet,UCI,MLP,Freeze,HAR,UCI,200.0,accuracy,0.8420289754867554
TS2Vec Encoder,Diet,RW-Thigh,MLP,Freeze,HAR,RW-Thigh,10.0,accuracy,0.363008975982666
TS2Vec Encoder,Diet,MS,MLP,Full Finetune,HAR,MS,1000.0,accuracy,0.9143126010894777
TS2Vec Encoder,Diet,MS,MLP,Freeze,HAR,MS,1000.0,accuracy,0.8079096078872681
TS2Vec Encoder,Diet,UCI,MLP,Full Finetune,HAR,UCI,1.0,accuracy,0.4463768005371094
TS2Vec Encoder,Diet,MS,MLP,Freeze,HAR,MS,1.0,accuracy,0.3295668661594391
TS2Vec Encoder,Diet,WISDM,MLP,Full Finetune,HAR,WISDM,1000.0,accuracy,0.8932411670684814
TS2Vec Encoder,Diet,UCI,MLP,Freeze,HAR,UCI,1000.0,accuracy,0.8391304612159729
TS2Vec Encoder,Diet,KH,MLP,Freeze,HAR,KH,1000.0,accuracy,0.6875
TS2Vec Encoder,Diet,UCI,MLP,Freeze,HAR,UCI,25.0,accuracy,0.7333333492279053
TS2Vec Encoder,Diet,MS,MLP,Freeze,HAR,MS,25.0,accuracy,0.6864407062530518
TS2Vec Encoder,Diet,RW-Waist,MLP,Full Finetune,HAR,RW-Waist,1000.0,accuracy,0.7349537014961243
TS2Vec Encoder,Diet,UCI,MLP,Freeze,HAR,UCI,100.0,accuracy,0.7942029237747192
TS2Vec Encoder,Diet,UCI,MLP,Full Finetune,HAR,UCI,200.0,accuracy,0.9376811385154724
TS2Vec Encoder,Diet,WISDM,MLP,Freeze,HAR,WISDM,1000.0,accuracy,0.498463898897171
TS2Vec Encoder,Diet,RW-Waist,MLP,Freeze,HAR,RW-Waist,25.0,accuracy,0.4845679104328155
TS2Vec Encoder,Diet,MS,MLP,Full Finetune,HAR,MS,10.0,accuracy,0.5772128105163574
TS2Vec Encoder,Diet,MS,MLP,Full Finetune,HAR,MS,25.0,accuracy,0.8229755163192749
TS2Vec Encoder,Diet,RW-Thigh,MLP,Freeze,HAR,RW-Thigh,1000.0,accuracy,0.4358178079128265
TS2Vec Encoder,Diet,RW-Thigh,MLP,Freeze,HAR,RW-Thigh,25.0,accuracy,0.2446514815092086
TS2Vec Encoder,Diet,WISDM,MLP,Freeze,HAR,WISDM,5.0,accuracy,0.1248079910874366
TS2Vec Encoder,Diet,RW-Waist,MLP,Freeze,HAR,RW-Waist,50.0,accuracy,0.4872685074806213
TS2Vec Encoder,Diet,RW-Waist,MLP,Full Finetune,HAR,RW-Waist,100.0,accuracy,0.6350308656692505
TS2Vec Encoder,Diet,RW-Thigh,MLP,Full Finetune,HAR,RW-Thigh,100.0,accuracy,0.6438923478126526
TS2Vec Encoder,Diet,RW-Waist,MLP,Freeze,HAR,RW-Waist,200.0,accuracy,0.4498456716537475
TS2Vec Encoder,Diet,RW-Waist,MLP,Freeze,HAR,RW-Waist,100.0,accuracy,0.443287044763565
TS2Vec Encoder,Diet,RW-Waist,MLP,Full Finetune,HAR,RW-Waist,1.0,accuracy,0.2345678955316543
TS2Vec Encoder,Diet,RW-Thigh,MLP,Full Finetune,HAR,RW-Thigh,10.0,accuracy,0.242926150560379
TS2Vec Encoder,Diet,WISDM,MLP,Freeze,HAR,WISDM,25.0,accuracy,0.1639784872531891
TS2Vec Encoder,Diet,WISDM,MLP,Full Finetune,HAR,WISDM,50.0,accuracy,0.3440860211849212
TS2Vec Encoder,Diet,WISDM,MLP,Full Finetune,HAR,WISDM,5.0,accuracy,0.302611380815506
TS2Vec Encoder,Diet,RW-Thigh,MLP,Freeze,HAR,RW-Thigh,100.0,accuracy,0.4861973822116852
TS2Vec Encoder,Diet,WISDM,MLP,Freeze,HAR,WISDM,50.0,accuracy,0.2292626798152923
TS2Vec Encoder,Diet,WISDM,MLP,Freeze,HAR,WISDM,200.0,accuracy,0.2726574540138244
TS2Vec Encoder,Diet,WISDM,MLP,Full Finetune,HAR,WISDM,25.0,accuracy,0.1455453187227249
TS2Vec Encoder,Diet,RW-Thigh,MLP,Full Finetune,HAR,RW-Thigh,1000.0,accuracy,0.7329192757606506
TS2Vec Encoder,Diet,RW-Waist,MLP,Full Finetune,HAR,RW-Waist,10.0,accuracy,0.1581790149211883
TS2Vec Encoder,Diet,KH,MLP,Full Finetune,HAR,KH,50.0,accuracy,0.5138888955116272
TS2Vec Encoder,Diet,KH,MLP,Freeze,HAR,KH,1000.0,accuracy,0.7152777910232544
TS2Vec Encoder,Diet,KH,MLP,Freeze,HAR,KH,50.0,accuracy,0.7291666865348816
TS2Vec Encoder,Diet,KH,MLP,Freeze,HAR,KH,100.0,accuracy,0.6805555820465088
TS2Vec Encoder,Diet,UCI,MLP,Freeze,HAR,UCI,1.0,accuracy,0.4956521689891815
TS2Vec Encoder,Diet,KH,MLP,Full Finetune,HAR,KH,200.0,accuracy,0.5138888955116272
TS2Vec Encoder,Diet,UCI,MLP,Freeze,HAR,UCI,100.0,accuracy,0.8362318873405457
TS2Vec Encoder,Diet,UCI,MLP,Full Finetune,HAR,UCI,100.0,accuracy,0.9057971239089966
TS2Vec Encoder,Diet,UCI,MLP,Full Finetune,HAR,UCI,200.0,accuracy,0.9231883883476256
TS2Vec Encoder,Diet,UCI,MLP,Full Finetune,HAR,UCI,1.0,accuracy,0.2246376872062683
TS2Vec Encoder,Diet,MS,MLP,Freeze,HAR,MS,5.0,accuracy,0.5885122418403625
TS2Vec Encoder,Diet,MS,MLP,Freeze,HAR,MS,1000.0,accuracy,0.825800359249115
TS2Vec Encoder,Diet,UCI,MLP,Freeze,HAR,UCI,1000.0,accuracy,0.8666666746139526
TS2Vec Encoder,Diet,MS,MLP,Full Finetune,HAR,MS,5.0,accuracy,0.6016949415206909
TS2Vec Encoder,Diet,MS,MLP,Full Finetune,HAR,MS,1000.0,accuracy,0.9576271176338196
TS2Vec Encoder,Diet,MS,MLP,Full Finetune,HAR,MS,25.0,accuracy,0.7504708170890808
TS2Vec Encoder,Diet,UCI,MLP,Full Finetune,HAR,UCI,50.0,accuracy,0.873913049697876
TS2Vec Encoder,Diet,UCI,MLP,Full Finetune,HAR,UCI,1000.0,accuracy,0.960869550704956
TS2Vec Encoder,Diet,UCI,MLP,Full Finetune,HAR,UCI,25.0,accuracy,0.7217391133308411
TS2Vec Encoder,Diet,KH,MLP,Freeze,HAR,KH,1.0,accuracy,0.4930555522441864
TS2Vec Encoder,Diet,KH,MLP,Full Finetune,HAR,KH,25.0,accuracy,0.6527777910232544
TS2Vec Encoder,Diet,WISDM,MLP,Freeze,HAR,WISDM,100.0,accuracy,0.2461597472429275
TS2Vec Encoder,Diet,WISDM,MLP,Full Finetune,HAR,WISDM,200.0,accuracy,0.6194316148757935
TS2Vec Encoder,Diet,RW-Waist,MLP,Full Finetune,HAR,RW-Waist,200.0,accuracy,0.6929012537002563
TS2Vec Encoder,Diet,MS,MLP,Freeze,HAR,MS,50.0,accuracy,0.7419962286949158
TS2Vec Encoder,Diet,RW-Waist,MLP,Full Finetune,HAR,RW-Waist,50.0,accuracy,0.6168981194496155
TS2Vec Encoder,Diet,RW-Thigh,MLP,Full Finetune,HAR,RW-Thigh,10.0,accuracy,0.3561076521873474
TS2Vec Encoder,Diet,WISDM,MLP,Full Finetune,HAR,WISDM,25.0,accuracy,0.3014592826366424
TS2Vec Encoder,Diet,RW-Waist,MLP,Freeze,HAR,RW-Waist,50.0,accuracy,0.3942901194095611
TS2Vec Encoder,Diet,RW-Waist,MLP,Full Finetune,HAR,RW-Waist,5.0,accuracy,0.3275462985038757
TS2Vec Encoder,Diet,RW-Thigh,MLP,Full Finetune,HAR,RW-Thigh,50.0,accuracy,0.5031055808067322
TS2Vec Encoder,Diet,RW-Thigh,MLP,Full Finetune,HAR,RW-Thigh,200.0,accuracy,0.6501035094261169
TS2Vec Encoder,Diet,RW-Waist,MLP,Full Finetune,HAR,RW-Waist,1.0,accuracy,0.3722993731498718
TS2Vec Encoder,Diet,RW-Thigh,MLP,Full Finetune,HAR,RW-Thigh,1000.0,accuracy,0.6963422894477844
TS2Vec Encoder,Diet,MS,MLP,Freeze,HAR,MS,10.0,accuracy,0.6581920981407166
TS2Vec Encoder,Diet,KH,MLP,Freeze,HAR,KH,5.0,accuracy,0.6527777910232544
TS2Vec Encoder,Diet,RW-Waist,MLP,Freeze,HAR,RW-Waist,200.0,accuracy,0.5054012537002563
TS2Vec Encoder,Diet,MS,MLP,Full Finetune,HAR,MS,50.0,accuracy,0.8672316670417786
TS2Vec Encoder,Diet,RW-Waist,MLP,Full Finetune,HAR,RW-Waist,1000.0,accuracy,0.7368826866149902
TS2Vec Encoder,Diet,RW-Waist,MLP,Freeze,HAR,RW-Waist,5.0,accuracy,0.2496141940355301
TS2Vec Encoder,Diet,WISDM,MLP,Full Finetune,HAR,WISDM,5.0,accuracy,0.4239631295204162
TS2Vec Encoder,Diet,WISDM,MLP,Freeze,HAR,WISDM,1000.0,accuracy,0.1236559152603149
TS2Vec Encoder,Diet,WISDM,MLP,Freeze,HAR,WISDM,1.0,accuracy,0.2488479316234588
TS2Vec Encoder,Diet,RW-Waist,MLP,Freeze,HAR,RW-Waist,100.0,accuracy,0.3962191343307495
TS2Vec Encoder,Diet,KH,MLP,Freeze,HAR,KH,200.0,accuracy,0.7152777910232544
TS2Vec Encoder,Diet,WISDM,MLP,Freeze,HAR,WISDM,200.0,accuracy,0.4439324140548706
TS2Vec Encoder,Diet,UCI,MLP,Freeze,HAR,UCI,200.0,accuracy,0.8405796885490417
TS2Vec Encoder,Diet,RW-Thigh,MLP,Full Finetune,HAR,RW-Thigh,100.0,accuracy,0.6773636937141418
TS2Vec Encoder,Diet,KH,MLP,Full Finetune,HAR,KH,100.0,accuracy,0.5763888955116272
TS2Vec Encoder,Diet,RW-Thigh,MLP,Freeze,HAR,RW-Thigh,10.0,accuracy,0.2712215185165405
TS2Vec Encoder,Diet,RW-Thigh,MLP,Freeze,HAR,RW-Thigh,1000.0,accuracy,0.4568668007850647
TS2Vec Encoder,Diet,MS,MLP,Freeze,HAR,MS,1.0,accuracy,0.4237288236618042
TS2Vec Encoder,Diet,MS,MLP,Freeze,HAR,MS,200.0,accuracy,0.8662900328636169
TS2Vec Encoder,Diet,RW-Thigh,MLP,Full Finetune,HAR,RW-Thigh,1.0,accuracy,0.1721877157688141
TS2Vec Encoder,Diet,MS,MLP,Freeze,HAR,MS,100.0,accuracy,0.7843691110610962
TS2Vec Encoder,Diet,UCI,MLP,Freeze,HAR,UCI,50.0,accuracy,0.8173912763595581
TS2Vec Encoder,Diet,RW-Thigh,MLP,Freeze,HAR,RW-Thigh,25.0,accuracy,0.1735679805278778
TS2Vec Encoder,Diet,WISDM,MLP,Freeze,HAR,WISDM,50.0,accuracy,0.0257296469062566
TS2Vec Encoder,Diet,KH,MLP,Full Finetune,HAR,KH,1.0,accuracy,0.2013888955116272
TS2Vec Encoder,Diet,MS,MLP,Full Finetune,HAR,MS,1.0,accuracy,0.3116760849952698
TS2Vec Encoder,Diet,MS,MLP,Full Finetune,HAR,MS,200.0,accuracy,0.930320143699646
TS2Vec Encoder,Diet,WISDM,MLP,Full Finetune,HAR,WISDM,100.0,accuracy,0.4458525478839874
TS2Vec Encoder,Diet,RW-Thigh,MLP,Freeze,HAR,RW-Thigh,50.0,accuracy,0.4347825944423675
TS2Vec Encoder,Diet,RW-Waist,MLP,Freeze,HAR,RW-Waist,25.0,accuracy,0.2056327164173126
TS2Vec Encoder,Diet,UCI,MLP,Freeze,HAR,UCI,25.0,accuracy,0.7855072617530823
TS2Vec Encoder,Diet,RW-Waist,MLP,Full Finetune,HAR,RW-Waist,25.0,accuracy,0.1921296268701553
TS2Vec Encoder,Diet,RW-Waist,MLP,Freeze,HAR,RW-Waist,1.0,accuracy,0.2399691343307495
TS2Vec Encoder,Diet,WISDM,MLP,Full Finetune,HAR,WISDM,50.0,accuracy,0.7085253596305847
TS2Vec Encoder,Diet,WISDM,MLP,Full Finetune,HAR,WISDM,1.0,accuracy,0.1705069094896316
TS2Vec Encoder,Diet,RW-Thigh,MLP,Freeze,HAR,RW-Thigh,100.0,accuracy,0.402691513299942
TS2Vec Encoder,Diet,WISDM,MLP,Freeze,HAR,WISDM,5.0,accuracy,0.1582181304693222
TS2Vec Encoder,Diet,RW-Thigh,MLP,Freeze,HAR,RW-Thigh,1.0,accuracy,0.1342305094003677
TS2Vec Encoder,Diet,WISDM,MLP,Freeze,HAR,WISDM,25.0,accuracy,0.1447772681713104
TS2Vec Encoder,Diet,WISDM,MLP,Full Finetune,HAR,WISDM,10.0,accuracy,0.459293395280838
TS2Vec Encoder,Diet,RW-Waist,MLP,Full Finetune,HAR,RW-Waist,100.0,accuracy,0.7133487462997437
TS2Vec Encoder,Diet,RW-Waist,MLP,Freeze,HAR,RW-Waist,1000.0,accuracy,0.463348776102066
TS2Vec Encoder,Diet,RW-Thigh,MLP,Full Finetune,HAR,RW-Thigh,5.0,accuracy,0.256038635969162
TS2Vec Encoder,Diet,RW-Thigh,MLP,Full Finetune,HAR,RW-Thigh,25.0,accuracy,0.2981366515159607
TS2Vec Encoder,Diet,RW-Thigh,MLP,Freeze,HAR,RW-Thigh,5.0,accuracy,0.185300201177597
TS2Vec Encoder,Diet,KH,MLP,Full Finetune,HAR,KH,1000.0,accuracy,0.7083333134651184
TS2Vec Encoder,Diet,KH,MLP,Full Finetune,HAR,KH,10.0,accuracy,0.6736111044883728
TS2Vec Encoder,Diet,KH,MLP,Freeze,HAR,KH,25.0,accuracy,0.7361111044883728
TS2Vec Encoder,Diet,KH,MLP,Full Finetune,HAR,KH,5.0,accuracy,0.5555555820465088
TS2Vec Encoder,Diet,KH,MLP,Freeze,HAR,KH,10.0,accuracy,0.7152777910232544
TS2Vec Encoder,Diet,UCI,MLP,Freeze,HAR,UCI,10.0,accuracy,0.7202898263931274
TS2Vec Encoder,Diet,UCI,MLP,Freeze,HAR,UCI,5.0,accuracy,0.634782612323761
TS2Vec Encoder,Diet,UCI,MLP,Full Finetune,HAR,UCI,10.0,accuracy,0.4130434691905975
TS2Vec Encoder,Diet,UCI,MLP,Full Finetune,HAR,UCI,5.0,accuracy,0.7507246136665344
TS2Vec Encoder,Diet,MS,MLP,Freeze,HAR,MS,25.0,accuracy,0.6440678238868713
TS2Vec Encoder,Diet,MS,MLP,Full Finetune,HAR,MS,10.0,accuracy,0.68267422914505
TS2Vec Encoder,Diet,MS,MLP,Full Finetune,HAR,MS,100.0,accuracy,0.8898305296897888
TS2Vec Encoder,Diet,WISDM,MLP,Freeze,HAR,WISDM,10.0,accuracy,0.1647465378046035
TS2Vec Encoder,Diet,WISDM,MLP,Full Finetune,HAR,WISDM,1000.0,accuracy,0.8740399479866028
TS2Vec Encoder,Diet,RW-Thigh,MLP,Freeze,HAR,RW-Thigh,200.0,accuracy,0.4392684698104858
TS2Vec Encoder,Diet,RW-Waist,MLP,Freeze,HAR,RW-Waist,10.0,accuracy,0.3657407462596893
TS2Vec Encoder,TFC,KH,MLP,Freeze,HAR,KH,1.0,accuracy,0.3333333432674408
TS2Vec Encoder,TFC,UCI,MLP,Full Finetune,HAR,UCI,5.0,accuracy,0.8144927620887756
TS2Vec Encoder,TFC,UCI,MLP,Freeze,HAR,UCI,25.0,accuracy,0.8260869383811951
TS2Vec Encoder,TFC,MS,MLP,Freeze,HAR,MS,25.0,accuracy,0.7259886860847473
TS2Vec Encoder,TFC,MS,MLP,Full Finetune,HAR,MS,5.0,accuracy,0.7118644118309021
TS2Vec Encoder,TFC,KH,MLP,Freeze,HAR,KH,10.0,accuracy,0.6527777910232544
TS2Vec Encoder,TFC,MS,MLP,Freeze,HAR,MS,200.0,accuracy,0.8192090392112732
TS2Vec Encoder,TFC,MS,MLP,Full Finetune,HAR,MS,200.0,accuracy,0.9265536665916444
TS2Vec Encoder,TFC,UCI,MLP,Full Finetune,HAR,UCI,100.0,accuracy,0.9405797123908995
TS2Vec Encoder,TFC,KH,MLP,Full Finetune,HAR,KH,50.0,accuracy,0.8402777910232544
TS2Vec Encoder,TFC,RW-Waist,MLP,Full Finetune,HAR,RW-Waist,10.0,accuracy,0.6782407164573669
TS2Vec Encoder,TFC,WISDM,MLP,Freeze,HAR,WISDM,1000.0,accuracy,0.8387096524238586
TS2Vec Encoder,TFC,MS,MLP,Full Finetune,HAR,MS,100.0,accuracy,0.9340866208076476
TS2Vec Encoder,TFC,RW-Thigh,MLP,Full Finetune,HAR,RW-Thigh,50.0,accuracy,0.7287784814834595
TS2Vec Encoder,TFC,WISDM,MLP,Full Finetune,HAR,WISDM,25.0,accuracy,0.7599846124649048
TS2Vec Encoder,TFC,UCI,MLP,Freeze,HAR,UCI,200.0,accuracy,0.9115942120552064
TS2Vec Encoder,TFC,MS,MLP,Full Finetune,HAR,MS,1000.0,accuracy,0.8992466926574707
TS2Vec Encoder,TFC,RW-Waist,MLP,Full Finetune,HAR,RW-Waist,1.0,accuracy,0.5374228358268738
TS2Vec Encoder,TFC,KH,MLP,Freeze,HAR,KH,5.0,accuracy,0.5763888955116272
TS2Vec Encoder,TFC,WISDM,MLP,Full Finetune,HAR,WISDM,50.0,accuracy,0.8360214829444885
TS2Vec Encoder,TFC,RW-Waist,MLP,Full Finetune,HAR,RW-Waist,50.0,accuracy,0.7777777910232544
TS2Vec Encoder,TFC,UCI,MLP,Full Finetune,HAR,UCI,200.0,accuracy,0.9521738886833192
TS2Vec Encoder,TFC,WISDM,MLP,Full Finetune,HAR,WISDM,1000.0,accuracy,0.8986175060272217
TS2Vec Encoder,TFC,WISDM,MLP,Freeze,HAR,WISDM,25.0,accuracy,0.7323348522186279
TS2Vec Encoder,TFC,KH,MLP,Freeze,HAR,KH,25.0,accuracy,0.6736111044883728
TS2Vec Encoder,TFC,UCI,MLP,Full Finetune,HAR,UCI,1.0,accuracy,0.4826087057590484
TS2Vec Encoder,TFC,WISDM,MLP,Freeze,HAR,WISDM,50.0,accuracy,0.7857142686843872
TS2Vec Encoder,TFC,RW-Waist,MLP,Full Finetune,HAR,RW-Waist,25.0,accuracy,0.7577160596847534
TS2Vec Encoder,TFC,MS,MLP,Freeze,HAR,MS,100.0,accuracy,0.7947269082069397
TS2Vec Encoder,TFC,KH,MLP,Full Finetune,HAR,KH,1.0,accuracy,0.5208333134651184
TS2Vec Encoder,TFC,RW-Thigh,MLP,Freeze,HAR,RW-Thigh,25.0,accuracy,0.5731539130210876
TS2Vec Encoder,TFC,UCI,MLP,Full Finetune,HAR,UCI,10.0,accuracy,0.8376811742782593
TS2Vec Encoder,TFC,KH,MLP,Freeze,HAR,KH,50.0,accuracy,0.6597222089767456
TS2Vec Encoder,TFC,MS,MLP,Full Finetune,HAR,MS,1.0,accuracy,0.5160075426101685
TS2Vec Encoder,TFC,MS,MLP,Full Finetune,HAR,MS,10.0,accuracy,0.7109227776527405
TS2Vec Encoder,TFC,MS,MLP,Freeze,HAR,MS,10.0,accuracy,0.6421845555305481
TS2Vec Encoder,TFC,KH,MLP,Full Finetune,HAR,KH,10.0,accuracy,0.7916666865348816
TS2Vec Encoder,TFC,RW-Thigh,MLP,Full Finetune,HAR,RW-Thigh,5.0,accuracy,0.5976535677909851
TS2Vec Encoder,TFC,RW-Waist,MLP,Full Finetune,HAR,RW-Waist,200.0,accuracy,0.7615740895271301
TS2Vec Encoder,TFC,MS,MLP,Freeze,HAR,MS,5.0,accuracy,0.7382297515869141
TS2Vec Encoder,TFC,MS,MLP,Freeze,HAR,MS,1.0,accuracy,0.369114875793457
TS2Vec Encoder,TFC,RW-Waist,MLP,Freeze,HAR,RW-Waist,1.0,accuracy,0.3140432238578796
TS2Vec Encoder,TFC,RW-Waist,MLP,Full Finetune,HAR,RW-Waist,100.0,accuracy,0.7916666865348816
TS2Vec Encoder,TFC,RW-Waist,MLP,Freeze,HAR,RW-Waist,5.0,accuracy,0.454089492559433
TS2Vec Encoder,TFC,RW-Thigh,MLP,Full Finetune,HAR,RW-Thigh,100.0,accuracy,0.7094547748565674
TS2Vec Encoder,TFC,RW-Thigh,MLP,Freeze,HAR,RW-Thigh,1.0,accuracy,0.3661145567893982
TS2Vec Encoder,TFC,KH,MLP,Full Finetune,HAR,KH,5.0,accuracy,0.5972222089767456
TS2Vec Encoder,TFC,UCI,MLP,Freeze,HAR,UCI,1.0,accuracy,0.3797101378440857
TS2Vec Encoder,TFC,MS,MLP,Freeze,HAR,MS,50.0,accuracy,0.700564980506897
TS2Vec Encoder,TFC,UCI,MLP,Freeze,HAR,UCI,100.0,accuracy,0.8913043737411499
TS2Vec Encoder,TFC,RW-Thigh,MLP,Freeze,HAR,RW-Thigh,200.0,accuracy,0.7277432680130005
TS2Vec Encoder,TFC,RW-Waist,MLP,Full Finetune,HAR,RW-Waist,5.0,accuracy,0.698688268661499
TS2Vec Encoder,TFC,RW-Waist,MLP,Freeze,HAR,RW-Waist,10.0,accuracy,0.5802469253540039
TS2Vec Encoder,TFC,KH,MLP,Freeze,HAR,KH,1000.0,accuracy,0.6805555820465088
TS2Vec Encoder,TFC,KH,MLP,Full Finetune,HAR,KH,25.0,accuracy,0.6319444179534912
TS2Vec Encoder,TFC,RW-Thigh,MLP,Freeze,HAR,RW-Thigh,10.0,accuracy,0.5075914263725281
TS2Vec Encoder,TFC,WISDM,MLP,Freeze,HAR,WISDM,200.0,accuracy,0.7956989407539368
TS2Vec Encoder,TFC,UCI,MLP,Freeze,HAR,UCI,5.0,accuracy,0.6971014738082886
TS2Vec Encoder,TFC,RW-Thigh,MLP,Freeze,HAR,RW-Thigh,1000.0,accuracy,0.7518978714942932
TS2Vec Encoder,TFC,RW-Thigh,MLP,Full Finetune,HAR,RW-Thigh,25.0,accuracy,0.6873705983161926
TS2Vec Encoder,TFC,KH,MLP,Freeze,HAR,KH,200.0,accuracy,0.6597222089767456
TS2Vec Encoder,TFC,RW-Thigh,MLP,Freeze,HAR,RW-Thigh,5.0,accuracy,0.4668737053871155
TS2Vec Encoder,TFC,MS,MLP,Freeze,HAR,MS,1000.0,accuracy,0.8229755163192749
TS2Vec Encoder,TFC,UCI,MLP,Full Finetune,HAR,UCI,25.0,accuracy,0.9159420132637024
TS2Vec Encoder,TFC,RW-Waist,MLP,Freeze,HAR,RW-Waist,50.0,accuracy,0.7469135522842407
TS2Vec Encoder,TFC,WISDM,MLP,Freeze,HAR,WISDM,1.0,accuracy,0.4193548262119293
TS2Vec Encoder,TFC,WISDM,MLP,Freeze,HAR,WISDM,100.0,accuracy,0.7876344323158264
TS2Vec Encoder,TFC,RW-Waist,MLP,Freeze,HAR,RW-Waist,25.0,accuracy,0.7021604776382446
TS2Vec Encoder,TFC,WISDM,MLP,Full Finetune,HAR,WISDM,200.0,accuracy,0.8844085931777954
TS2Vec Encoder,TFC,RW-Thigh,MLP,Full Finetune,HAR,RW-Thigh,10.0,accuracy,0.4786059260368347
TS2Vec Encoder,TFC,RW-Waist,MLP,Full Finetune,HAR,RW-Waist,1000.0,accuracy,0.8252314925193787
TS2Vec Encoder,TFC,UCI,MLP,Freeze,HAR,UCI,50.0,accuracy,0.8579710125923157
TS2Vec Encoder,TFC,KH,MLP,Freeze,HAR,KH,100.0,accuracy,0.625
TS2Vec Encoder,TFC,RW-Thigh,MLP,Full Finetune,HAR,RW-Thigh,1.0,accuracy,0.4437543153762817
TS2Vec Encoder,TFC,RW-Waist,MLP,Freeze,HAR,RW-Waist,1000.0,accuracy,0.7361111044883728
TS2Vec Encoder,TFC,WISDM,MLP,Freeze,HAR,WISDM,5.0,accuracy,0.7250384092330933
TS2Vec Encoder,TFC,RW-Thigh,MLP,Full Finetune,HAR,RW-Thigh,1000.0,accuracy,0.7960662245750427
TS2Vec Encoder,TFC,UCI,MLP,Freeze,HAR,UCI,10.0,accuracy,0.7217391133308411
TS2Vec Encoder,TFC,RW-Thigh,MLP,Freeze,HAR,RW-Thigh,50.0,accuracy,0.6839199662208557
TS2Vec Encoder,TFC,UCI,MLP,Full Finetune,HAR,UCI,1000.0,accuracy,0.960869550704956
TS2Vec Encoder,TFC,KH,MLP,Full Finetune,HAR,KH,200.0,accuracy,0.7291666865348816
TS2Vec Encoder,TFC,UCI,MLP,Freeze,HAR,UCI,1000.0,accuracy,0.91304349899292
TS2Vec Encoder,TFC,RW-Thigh,MLP,Full Finetune,HAR,RW-Thigh,200.0,accuracy,0.6690821051597595
TS2Vec Encoder,TFC,KH,MLP,Full Finetune,HAR,KH,1000.0,accuracy,0.9027777910232544
TS2Vec Encoder,TFC,WISDM,MLP,Full Finetune,HAR,WISDM,1.0,accuracy,0.4485407173633575
TS2Vec Encoder,TFC,RW-Thigh,MLP,Freeze,HAR,RW-Thigh,100.0,accuracy,0.6928916573524475
TS2Vec Encoder,TFC,RW-Waist,MLP,Freeze,HAR,RW-Waist,200.0,accuracy,0.7708333134651184
TS2Vec Encoder,TFC,MS,MLP,Full Finetune,HAR,MS,50.0,accuracy,0.8964218497276306
TS2Vec Encoder,TFC,KH,MLP,Full Finetune,HAR,KH,100.0,accuracy,0.8333333134651184
TS2Vec Encoder,TFC,MS,MLP,Full Finetune,HAR,MS,25.0,accuracy,0.9030131697654724
TS2Vec Encoder,TFC,WISDM,MLP,Full Finetune,HAR,WISDM,10.0,accuracy,0.7023809552192688
TS2Vec Encoder,TFC,UCI,MLP,Full Finetune,HAR,UCI,50.0,accuracy,0.9231883883476256
TS2Vec Encoder,TFC,WISDM,MLP,Full Finetune,HAR,WISDM,100.0,accuracy,0.870583713054657
TS2Vec Encoder,TFC,WISDM,MLP,Freeze,HAR,WISDM,10.0,accuracy,0.7396313548088074
TS2Vec Encoder,TFC,RW-Waist,MLP,Freeze,HAR,RW-Waist,100.0,accuracy,0.75
TS2Vec Encoder,TFC,WISDM,MLP,Full Finetune,HAR,WISDM,5.0,accuracy,0.6616743206977844
TS2Vec Encoder,Diet,KH,MLP,Full Finetune,HAR,KH,1.0,accuracy,0.4236111044883728
TS2Vec Encoder,Diet,KH,MLP,Freeze,HAR,KH,1.0,accuracy,0.4027777910232544
TS2Vec Encoder,Diet,UCI,MLP,Full Finetune,HAR,UCI,1000.0,accuracy,0.9449275135993958
TS2Vec Encoder,Diet,KH,MLP,Full Finetune,HAR,KH,100.0,accuracy,0.625
TS2Vec Encoder,Diet,UCI,MLP,Freeze,HAR,UCI,5.0,accuracy,0.6072463989257812
TS2Vec Encoder,Diet,UCI,MLP,Full Finetune,HAR,UCI,1.0,accuracy,0.4028985500335693
TS2Vec Encoder,Diet,UCI,MLP,Full Finetune,HAR,UCI,200.0,accuracy,0.9159420132637024
TS2Vec Encoder,Diet,UCI,MLP,Freeze,HAR,UCI,200.0,accuracy,0.8463768362998962
TS2Vec Encoder,Diet,UCI,MLP,Freeze,HAR,UCI,10.0,accuracy,0.6840579509735107
TS2Vec Encoder,Diet,UCI,MLP,Full Finetune,HAR,UCI,100.0,accuracy,0.895652174949646
TS2Vec Encoder,Diet,UCI,MLP,Full Finetune,HAR,UCI,5.0,accuracy,0.4521739184856415
TS2Vec Encoder,Diet,UCI,MLP,Freeze,HAR,UCI,100.0,accuracy,0.8144927620887756
TS2Vec Encoder,Diet,UCI,MLP,Full Finetune,HAR,UCI,50.0,accuracy,0.8463768362998962
TS2Vec Encoder,Diet,MS,MLP,Freeze,HAR,MS,1.0,accuracy,0.4943502843379974
TS2Vec Encoder,Diet,MS,MLP,Freeze,HAR,MS,1000.0,accuracy,0.7862523794174194
TS2Vec Encoder,Diet,MS,MLP,Full Finetune,HAR,MS,5.0,accuracy,0.1807909607887268
TS2Vec Encoder,Diet,MS,MLP,Full Finetune,HAR,MS,1000.0,accuracy,0.9510357975959778
TS2Vec Encoder,Diet,MS,MLP,Full Finetune,HAR,MS,200.0,accuracy,0.9397363662719728
TS2Vec Encoder,Diet,KH,MLP,Full Finetune,HAR,KH,1000.0,accuracy,0.625
TS2Vec Encoder,Diet,UCI,MLP,Full Finetune,HAR,UCI,25.0,accuracy,0.8014492988586426
TS2Vec Encoder,Diet,KH,MLP,Freeze,HAR,KH,25.0,accuracy,0.7222222089767456
TS2Vec Encoder,Diet,KH,MLP,Full Finetune,HAR,KH,50.0,accuracy,0.6597222089767456
TS2Vec Encoder,Diet,KH,MLP,Full Finetune,HAR,KH,10.0,accuracy,0.6388888955116272
TS2Vec Encoder,Diet,KH,MLP,Freeze,HAR,KH,100.0,accuracy,0.6736111044883728
TS2Vec Encoder,Diet,MS,MLP,Freeze,HAR,MS,25.0,accuracy,0.6930320262908936
TS2Vec Encoder,Diet,MS,MLP,Freeze,HAR,MS,50.0,accuracy,0.825800359249115
TS2Vec Encoder,Diet,MS,MLP,Freeze,HAR,MS,100.0,accuracy,0.8116760849952698
TS2Vec Encoder,Diet,MS,MLP,Full Finetune,HAR,MS,25.0,accuracy,0.8201506733894348
TS2Vec Encoder,Diet,WISDM,MLP,Freeze,HAR,WISDM,50.0,accuracy,0.6290322542190552
TS2Vec Encoder,Diet,KH,MLP,Freeze,HAR,KH,50.0,accuracy,0.6875
TS2Vec Encoder,Diet,WISDM,MLP,Freeze,HAR,WISDM,200.0,accuracy,0.3728878796100616
TS2Vec Encoder,Diet,WISDM,MLP,Freeze,HAR,WISDM,1.0,accuracy,0.2926267385482788
TS2Vec Encoder,Diet,MS,MLP,Freeze,HAR,MS,10.0,accuracy,0.5706214904785156
TS2Vec Encoder,Diet,RW-Thigh,MLP,Freeze,HAR,RW-Thigh,10.0,accuracy,0.3899240791797638
TS2Vec Encoder,Diet,RW-Thigh,MLP,Full Finetune,HAR,RW-Thigh,5.0,accuracy,0.1839199513196945
TS2Vec Encoder,Diet,WISDM,MLP,Full Finetune,HAR,WISDM,25.0,accuracy,0.0779569894075393
TS2Vec Encoder,Diet,KH,MLP,Freeze,HAR,KH,10.0,accuracy,0.6388888955116272
TS2Vec Encoder,Diet,RW-Thigh,MLP,Freeze,HAR,RW-Thigh,1000.0,accuracy,0.3391994535923004
TS2Vec Encoder,Diet,UCI,MLP,Freeze,HAR,UCI,50.0,accuracy,0.7869565486907959
TS2Vec Encoder,Diet,WISDM,MLP,Full Finetune,HAR,WISDM,50.0,accuracy,0.4996159672737121
TS2Vec Encoder,Diet,RW-Thigh,MLP,Full Finetune,HAR,RW-Thigh,50.0,accuracy,0.5845410823822021
TS2Vec Encoder,Diet,RW-Thigh,MLP,Freeze,HAR,RW-Thigh,25.0,accuracy,0.3485162258148193
TS2Vec Encoder,Diet,WISDM,MLP,Full Finetune,HAR,WISDM,1.0,accuracy,0.2880184352397918
TS2Vec Encoder,Diet,RW-Thigh,MLP,Full Finetune,HAR,RW-Thigh,100.0,accuracy,0.7146307826042175
TS2Vec Encoder,Diet,KH,MLP,Freeze,HAR,KH,5.0,accuracy,0.5347222089767456
TS2Vec Encoder,Diet,KH,MLP,Full Finetune,HAR,KH,25.0,accuracy,0.6527777910232544
TS2Vec Encoder,Diet,RW-Thigh,MLP,Full Finetune,HAR,RW-Thigh,1000.0,accuracy,0.7529330849647522
TS2Vec Encoder,Diet,UCI,MLP,Freeze,HAR,UCI,1000.0,accuracy,0.8536232113838196
TS2Vec Encoder,Diet,KH,MLP,Full Finetune,HAR,KH,200.0,accuracy,0.6805555820465088
TS2Vec Encoder,Diet,MS,MLP,Full Finetune,HAR,MS,10.0,accuracy,0.2344632744789123
TS2Vec Encoder,Diet,KH,MLP,Full Finetune,HAR,KH,5.0,accuracy,0.6111111044883728
TS2Vec Encoder,Diet,RW-Thigh,MLP,Freeze,HAR,RW-Thigh,1.0,accuracy,0.1469979286193847
TS2Vec Encoder,Diet,WISDM,MLP,Full Finetune,HAR,WISDM,100.0,accuracy,0.6847158074378967
TS2Vec Encoder,Diet,KH,MLP,Freeze,HAR,KH,200.0,accuracy,0.7083333134651184
TS2Vec Encoder,Diet,MS,MLP,Full Finetune,HAR,MS,50.0,accuracy,0.7335216403007507
TS2Vec Encoder,Diet,KH,MLP,Freeze,HAR,KH,1000.0,accuracy,0.6875
TS2Vec Encoder,Diet,RW-Thigh,MLP,Freeze,HAR,RW-Thigh,50.0,accuracy,0.247757077217102
TS2Vec Encoder,Diet,WISDM,MLP,Freeze,HAR,WISDM,1000.0,accuracy,0.518433153629303
TS2Vec Encoder,Diet,RW-Thigh,MLP,Full Finetune,HAR,RW-Thigh,1.0,accuracy,0.2933057248592376
TS2Vec Encoder,Diet,UCI,MLP,Freeze,HAR,UCI,1.0,accuracy,0.5130434632301331
TS2Vec Encoder,Diet,RW-Thigh,MLP,Full Finetune,HAR,RW-Thigh,25.0,accuracy,0.1590752303600311
TS2Vec Encoder,Diet,UCI,MLP,Freeze,HAR,UCI,25.0,accuracy,0.7666666507720947
TS2Vec Encoder,Diet,MS,MLP,Freeze,HAR,MS,5.0,accuracy,0.4821092188358307
TS2Vec Encoder,Diet,MS,MLP,Freeze,HAR,MS,200.0,accuracy,0.8069679737091064
TS2Vec Encoder,Diet,UCI,MLP,Full Finetune,HAR,UCI,10.0,accuracy,0.2275362312793731
TS2Vec Encoder,Diet,RW-Thigh,MLP,Freeze,HAR,RW-Thigh,5.0,accuracy,0.2736369967460632
TS2Vec Encoder,Diet,MS,MLP,Full Finetune,HAR,MS,1.0,accuracy,0.2975517809391022
TS2Vec Encoder,Diet,WISDM,MLP,Full Finetune,HAR,WISDM,1000.0,accuracy,0.8932411670684814
TS2Vec Encoder,Diet,WISDM,MLP,Full Finetune,HAR,WISDM,10.0,accuracy,0.6305683851242065
TS2Vec Encoder,Diet,MS,MLP,Full Finetune,HAR,MS,100.0,accuracy,0.8361582159996033
TS2Vec Encoder,Diet,RW-Thigh,MLP,Full Finetune,HAR,RW-Thigh,10.0,accuracy,0.2594892978668213
TS2Vec Encoder,Diet,WISDM,MLP,Freeze,HAR,WISDM,5.0,accuracy,0.2315668165683746
TS2Vec Encoder,Diet,WISDM,MLP,Full Finetune,HAR,WISDM,5.0,accuracy,0.3198924660682678
TS2Vec Encoder,Diet,WISDM,MLP,Freeze,HAR,WISDM,10.0,accuracy,0.29646697640419
TS2Vec Encoder,Diet,WISDM,MLP,Freeze,HAR,WISDM,25.0,accuracy,0.1390168964862823
TS2Vec Encoder,Diet,WISDM,MLP,Full Finetune,HAR,WISDM,200.0,accuracy,0.7546082735061646
TS2Vec Encoder,Diet,WISDM,MLP,Freeze,HAR,WISDM,100.0,accuracy,0.5399385690689087
TS2Vec Encoder,Diet,RW-Thigh,MLP,Full Finetune,HAR,RW-Thigh,200.0,accuracy,0.7142857313156128
TS2Vec Encoder,Diet,RW-Thigh,MLP,Freeze,HAR,RW-Thigh,200.0,accuracy,0.5541753172874451
TS2Vec Encoder,Diet,RW-Thigh,MLP,Freeze,HAR,RW-Thigh,100.0,accuracy,0.533816397190094
TS2Vec Encoder,Diet,RW-Waist,MLP,Full Finetune,HAR,RW-Waist,200.0,accuracy,0.6435185074806213
TS2Vec Encoder,Diet,RW-Waist,MLP,Freeze,HAR,RW-Waist,10.0,accuracy,0.3614969253540039
TS2Vec Encoder,Diet,RW-Waist,MLP,Full Finetune,HAR,RW-Waist,1.0,accuracy,0.3067129552364349
TS2Vec Encoder,Diet,RW-Waist,MLP,Full Finetune,HAR,RW-Waist,1000.0,accuracy,0.7966821193695068
TS2Vec Encoder,Diet,RW-Waist,MLP,Freeze,HAR,RW-Waist,1.0,accuracy,0.2141203731298446
TS2Vec Encoder,Diet,RW-Waist,MLP,Full Finetune,HAR,RW-Waist,10.0,accuracy,0.2083333283662796
TS2Vec Encoder,Diet,RW-Waist,MLP,Freeze,HAR,RW-Waist,100.0,accuracy,0.4737654328346252
TS2Vec Encoder,Diet,RW-Waist,MLP,Freeze,HAR,RW-Waist,50.0,accuracy,0.4066357910633087
TS2Vec Encoder,Diet,RW-Waist,MLP,Full Finetune,HAR,RW-Waist,100.0,accuracy,0.7172067761421204
TS2Vec Encoder,Diet,RW-Waist,MLP,Full Finetune,HAR,RW-Waist,50.0,accuracy,0.6045524477958679
TS2Vec Encoder,Diet,RW-Waist,MLP,Freeze,HAR,RW-Waist,1000.0,accuracy,0.5632715821266174
TS2Vec Encoder,Diet,RW-Waist,MLP,Freeze,HAR,RW-Waist,5.0,accuracy,0.2102623432874679
TS2Vec Encoder,Diet,RW-Waist,MLP,Full Finetune,HAR,RW-Waist,25.0,accuracy,0.542438268661499
TS2Vec Encoder,Diet,RW-Waist,MLP,Freeze,HAR,RW-Waist,25.0,accuracy,0.3927469253540039
TS2Vec Encoder,Diet,RW-Waist,MLP,Full Finetune,HAR,RW-Waist,5.0,accuracy,0.1844135820865631
TS2Vec Encoder,Diet,RW-Waist,MLP,Freeze,HAR,RW-Waist,200.0,accuracy,0.5320215821266174
CNN-PFF,LFR,UCI,MLP,Freeze,HAR,UCI,25.0,accuracy,0.7681159377098083
IMU Transformer,LFR,UCI,MLP,Full Finetune,HAR,UCI,100.0,accuracy,0.7942029237747192
CNN-PFF,LFR,MS,MLP,Freeze,HAR,MS,5.0,accuracy,0.3220339119434356
IMU Transformer,LFR,MS,MLP,Freeze,HAR,MS,200.0,accuracy,0.8135592937469482
CNN-PFF,LFR,MS,MLP,Full Finetune,HAR,MS,50.0,accuracy,0.7721280455589294
CNN-PFF,LFR,WISDM,MLP,Full Finetune,HAR,WISDM,1000.0,accuracy,0.8832565546035767
CNN-PFF,LFR,WISDM,MLP,Freeze,HAR,WISDM,1.0,accuracy,0.4585253596305847
CNN-PFF,LFR,WISDM,MLP,Freeze,HAR,WISDM,25.0,accuracy,0.6351766586303711
CNN-PFF,LFR,RW-Waist,MLP,Full Finetune,HAR,RW-Waist,50.0,accuracy,0.707561731338501
IMU Transformer,LFR,KH,MLP,Full Finetune,HAR,KH,100.0,accuracy,0.75
IMU Transformer,LFR,WISDM,MLP,Full Finetune,HAR,WISDM,100.0,accuracy,0.6920123100280762
CNN-PFF,LFR,RW-Thigh,MLP,Freeze,HAR,RW-Thigh,5.0,accuracy,0.2677708864212036
IMU Transformer,LFR,WISDM,MLP,Freeze,HAR,WISDM,10.0,accuracy,0.5733487010002136
IMU Transformer,LFR,RW-Waist,MLP,Freeze,HAR,RW-Waist,1000.0,accuracy,0.689428985118866
IMU Transformer,LFR,RW-Thigh,MLP,Full Finetune,HAR,RW-Thigh,5.0,accuracy,0.3747411966323852
CNN-PFF,LFR,MS,MLP,Full Finetune,HAR,MS,200.0,accuracy,0.8361582159996033
IMU Transformer,LFR,WISDM,MLP,Full Finetune,HAR,WISDM,1.0,accuracy,0.4788786470890045
IMU Transformer,LFR,KH,MLP,Full Finetune,HAR,KH,1000.0,accuracy,0.7708333134651184
CNN-PFF,LFR,KH,MLP,Full Finetune,HAR,KH,50.0,accuracy,0.5625
IMU Transformer,LFR,RW-Waist,MLP,Freeze,HAR,RW-Waist,50.0,accuracy,0.5347222089767456
IMU Transformer,LFR,WISDM,MLP,Full Finetune,HAR,WISDM,25.0,accuracy,0.7073732614517212
CNN-PFF,LFR,UCI,MLP,Full Finetune,HAR,UCI,100.0,accuracy,0.8710144758224487
IMU Transformer,LFR,UCI,MLP,Freeze,HAR,UCI,1.0,accuracy,0.4101449251174927
CNN-PFF,LFR,MS,MLP,Full Finetune,HAR,MS,10.0,accuracy,0.5461393594741821
CNN-PFF,LFR,RW-Thigh,MLP,Full Finetune,HAR,RW-Thigh,25.0,accuracy,0.6376811861991882
CNN-PFF,LFR,MS,MLP,Full Finetune,HAR,MS,100.0,accuracy,0.7429378628730774
IMU Transformer,LFR,RW-Thigh,MLP,Full Finetune,HAR,RW-Thigh,1000.0,accuracy,0.5317460298538208
IMU Transformer,LFR,RW-Waist,MLP,Freeze,HAR,RW-Waist,10.0,accuracy,0.4336419701576233
IMU Transformer,LFR,UCI,MLP,Full Finetune,HAR,UCI,200.0,accuracy,0.791304349899292
CNN-PFF,LFR,WISDM,MLP,Freeze,HAR,WISDM,1000.0,accuracy,0.8275729417800903
CNN-PFF,LFR,WISDM,MLP,Freeze,HAR,WISDM,10.0,accuracy,0.379416286945343
CNN-PFF,LFR,KH,MLP,Full Finetune,HAR,KH,1000.0,accuracy,0.5277777910232544
CNN-PFF,LFR,UCI,MLP,Freeze,HAR,UCI,5.0,accuracy,0.4550724625587463
IMU Transformer,LFR,UCI,MLP,Full Finetune,HAR,UCI,1000.0,accuracy,0.8289855122566223
IMU Transformer,LFR,KH,MLP,Freeze,HAR,KH,25.0,accuracy,0.6458333134651184
CNN-PFF,LFR,UCI,MLP,Full Finetune,HAR,UCI,1.0,accuracy,0.4826087057590484
IMU Transformer,LFR,WISDM,MLP,Freeze,HAR,WISDM,50.0,accuracy,0.6758832335472107
CNN-PFF,LFR,WISDM,MLP,Full Finetune,HAR,WISDM,200.0,accuracy,0.7791858911514282
IMU Transformer,LFR,KH,MLP,Full Finetune,HAR,KH,10.0,accuracy,0.7638888955116272
CNN-PFF,LFR,RW-Thigh,MLP,Freeze,HAR,RW-Thigh,1.0,accuracy,0.2536231875419616
CNN-PFF,LFR,UCI,MLP,Full Finetune,HAR,UCI,10.0,accuracy,0.6913043260574341
IMU Transformer,LFR,WISDM,MLP,Full Finetune,HAR,WISDM,10.0,accuracy,0.6973886489868164
IMU Transformer,LFR,KH,MLP,Full Finetune,HAR,KH,1.0,accuracy,0.5416666865348816
CNN-PFF,LFR,UCI,MLP,Freeze,HAR,UCI,100.0,accuracy,0.8260869383811951
IMU Transformer,LFR,RW-Thigh,MLP,Freeze,HAR,RW-Thigh,1.0,accuracy,0.3109040856361389
IMU Transformer,LFR,UCI,MLP,Full Finetune,HAR,UCI,10.0,accuracy,0.7289854884147644
CNN-PFF,LFR,RW-Thigh,MLP,Full Finetune,HAR,RW-Thigh,1000.0,accuracy,0.7060041427612305
CNN-PFF,LFR,MS,MLP,Freeze,HAR,MS,1.0,accuracy,0.1949152499437332
CNN-PFF,LFR,WISDM,MLP,Freeze,HAR,WISDM,100.0,accuracy,0.7123655676841736
IMU Transformer,LFR,RW-Waist,MLP,Full Finetune,HAR,RW-Waist,100.0,accuracy,0.564428985118866
IMU Transformer,LFR,UCI,MLP,Freeze,HAR,UCI,10.0,accuracy,0.4811594188213348
CNN-PFF,LFR,KH,MLP,Freeze,HAR,KH,1.0,accuracy,0.3263888955116272
IMU Transformer,LFR,WISDM,MLP,Full Finetune,HAR,WISDM,5.0,accuracy,0.5614439249038696
CNN-PFF,LFR,UCI,MLP,Freeze,HAR,UCI,1000.0,accuracy,0.8724637627601624
CNN-PFF,LFR,WISDM,MLP,Full Finetune,HAR,WISDM,10.0,accuracy,0.5687404274940491
CNN-PFF,LFR,KH,MLP,Full Finetune,HAR,KH,200.0,accuracy,0.3333333432674408
CNN-PFF,LFR,KH,MLP,Freeze,HAR,KH,1000.0,accuracy,0.3819444477558136
CNN-PFF,LFR,UCI,MLP,Full Finetune,HAR,UCI,50.0,accuracy,0.8086956739425659
CNN-PFF,LFR,RW-Waist,MLP,Freeze,HAR,RW-Waist,1.0,accuracy,0.4567901194095611
CNN-PFF,LFR,RW-Thigh,MLP,Freeze,HAR,RW-Thigh,100.0,accuracy,0.6732228994369507
IMU Transformer,LFR,UCI,MLP,Freeze,HAR,UCI,200.0,accuracy,0.7782608866691589
IMU Transformer,LFR,WISDM,MLP,Freeze,HAR,WISDM,1.0,accuracy,0.3490783274173736
CNN-PFF,LFR,WISDM,MLP,Full Finetune,HAR,WISDM,100.0,accuracy,0.7795698642730713
IMU Transformer,LFR,KH,MLP,Freeze,HAR,KH,1.0,accuracy,0.375
IMU Transformer,LFR,RW-Thigh,MLP,Freeze,HAR,RW-Thigh,50.0,accuracy,0.4427191019058227
CNN-PFF,LFR,RW-Waist,MLP,Full Finetune,HAR,RW-Waist,5.0,accuracy,0.5625
IMU Transformer,LFR,KH,MLP,Full Finetune,HAR,KH,50.0,accuracy,0.7430555820465088
IMU Transformer,LFR,MS,MLP,Full Finetune,HAR,MS,100.0,accuracy,0.7730696797370911
IMU Transformer,LFR,MS,MLP,Full Finetune,HAR,MS,1000.0,accuracy,0.8201506733894348
CNN-PFF,LFR,UCI,MLP,Full Finetune,HAR,UCI,200.0,accuracy,0.8811594247817993
IMU Transformer,LFR,MS,MLP,Full Finetune,HAR,MS,5.0,accuracy,0.6403013467788696
CNN-PFF,LFR,WISDM,MLP,Freeze,HAR,WISDM,200.0,accuracy,0.7711213231086731
CNN-PFF,LFR,RW-Thigh,MLP,Freeze,HAR,RW-Thigh,25.0,accuracy,0.6083505749702454
CNN-PFF,LFR,RW-Waist,MLP,Full Finetune,HAR,RW-Waist,200.0,accuracy,0.7372685074806213
CNN-PFF,LFR,WISDM,MLP,Full Finetune,HAR,WISDM,5.0,accuracy,0.3195084631443023
CNN-PFF,LFR,MS,MLP,Full Finetune,HAR,MS,5.0,accuracy,0.2937853038311004
IMU Transformer,LFR,UCI,MLP,Freeze,HAR,UCI,100.0,accuracy,0.6985507011413574
IMU Transformer,LFR,KH,MLP,Freeze,HAR,KH,50.0,accuracy,0.5902777910232544
CNN-PFF,LFR,RW-Waist,MLP,Full Finetune,HAR,RW-Waist,1.0,accuracy,0.2951388955116272
IMU Transformer,LFR,WISDM,MLP,Freeze,HAR,WISDM,25.0,accuracy,0.6140552759170532
IMU Transformer,LFR,RW-Thigh,MLP,Full Finetune,HAR,RW-Thigh,1.0,accuracy,0.3084886074066162
CNN-PFF,LFR,MS,MLP,Full Finetune,HAR,MS,1000.0,accuracy,0.8728813529014587
IMU Transformer,LFR,RW-Waist,MLP,Freeze,HAR,RW-Waist,100.0,accuracy,0.5679012537002563
IMU Transformer,LFR,RW-Thigh,MLP,Full Finetune,HAR,RW-Thigh,100.0,accuracy,0.5734989643096924
CNN-PFF,LFR,RW-Thigh,MLP,Full Finetune,HAR,RW-Thigh,100.0,accuracy,0.6915113925933838
IMU Transformer,LFR,RW-Thigh,MLP,Full Finetune,HAR,RW-Thigh,200.0,accuracy,0.5310559272766113
IMU Transformer,LFR,RW-Waist,MLP,Freeze,HAR,RW-Waist,1.0,accuracy,0.3699845671653747
IMU Transformer,LFR,RW-Waist,MLP,Full Finetune,HAR,RW-Waist,25.0,accuracy,0.5594135522842407
IMU Transformer,LFR,MS,MLP,Full Finetune,HAR,MS,1.0,accuracy,0.4416195750236511
IMU Transformer,LFR,RW-Waist,MLP,Full Finetune,HAR,RW-Waist,50.0,accuracy,0.5995370149612427
IMU Transformer,LFR,KH,MLP,Full Finetune,HAR,KH,200.0,accuracy,0.7013888955116272
CNN-PFF,LFR,RW-Thigh,MLP,Full Finetune,HAR,RW-Thigh,5.0,accuracy,0.4171842634677887
IMU Transformer,LFR,KH,MLP,Freeze,HAR,KH,100.0,accuracy,0.6041666865348816
CNN-PFF,LFR,MS,MLP,Freeze,HAR,MS,50.0,accuracy,0.6694915294647217
CNN-PFF,LFR,RW-Waist,MLP,Freeze,HAR,RW-Waist,10.0,accuracy,0.5628858208656311
CNN-PFF,LFR,MS,MLP,Freeze,HAR,MS,1000.0,accuracy,0.8531073331832886
CNN-PFF,LFR,KH,MLP,Freeze,HAR,KH,5.0,accuracy,0.2013888955116272
CNN-PFF,LFR,RW-Waist,MLP,Full Finetune,HAR,RW-Waist,1000.0,accuracy,0.6929012537002563
IMU Transformer,LFR,UCI,MLP,Full Finetune,HAR,UCI,25.0,accuracy,0.7782608866691589
IMU Transformer,LFR,RW-Waist,MLP,Full Finetune,HAR,RW-Waist,5.0,accuracy,0.5084876418113708
CNN-PFF,LFR,MS,MLP,Freeze,HAR,MS,200.0,accuracy,0.8201506733894348
CNN-PFF,LFR,MS,MLP,Full Finetune,HAR,MS,1.0,accuracy,0.225047081708908
IMU Transformer,LFR,MS,MLP,Freeze,HAR,MS,1.0,accuracy,0.4058380424976349
CNN-PFF,LFR,RW-Waist,MLP,Full Finetune,HAR,RW-Waist,100.0,accuracy,0.7156635522842407
IMU Transformer,LFR,RW-Thigh,MLP,Freeze,HAR,RW-Thigh,200.0,accuracy,0.5679779052734375
IMU Transformer,LFR,MS,MLP,Freeze,HAR,MS,1000.0,accuracy,0.83427494764328
IMU Transformer,LFR,KH,MLP,Full Finetune,HAR,KH,25.0,accuracy,0.7638888955116272
CNN-PFF,LFR,RW-Thigh,MLP,Freeze,HAR,RW-Thigh,1000.0,accuracy,0.6959972381591797
IMU Transformer,LFR,UCI,MLP,Freeze,HAR,UCI,1000.0,accuracy,0.7869565486907959
CNN-PFF,LFR,UCI,MLP,Full Finetune,HAR,UCI,1000.0,accuracy,0.8768116235733032
CNN-PFF,LFR,RW-Waist,MLP,Full Finetune,HAR,RW-Waist,10.0,accuracy,0.6219135522842407
CNN-PFF,LFR,RW-Waist,MLP,Freeze,HAR,RW-Waist,1000.0,accuracy,0.7125771641731262
CNN-PFF,LFR,RW-Thigh,MLP,Full Finetune,HAR,RW-Thigh,1.0,accuracy,0.3481711447238922
IMU Transformer,LFR,KH,MLP,Full Finetune,HAR,KH,5.0,accuracy,0.5625
IMU Transformer,LFR,RW-Thigh,MLP,Full Finetune,HAR,RW-Thigh,10.0,accuracy,0.4378882050514221
CNN-PFF,LFR,KH,MLP,Freeze,HAR,KH,100.0,accuracy,0.5277777910232544
IMU Transformer,LFR,RW-Thigh,MLP,Freeze,HAR,RW-Thigh,5.0,accuracy,0.2936508059501648
CNN-PFF,LFR,WISDM,MLP,Freeze,HAR,WISDM,5.0,accuracy,0.5322580933570862
CNN-PFF,LFR,RW-Thigh,MLP,Full Finetune,HAR,RW-Thigh,10.0,accuracy,0.4741200804710388
IMU Transformer,LFR,WISDM,MLP,Freeze,HAR,WISDM,100.0,accuracy,0.7304147481918335
IMU Transformer,LFR,KH,MLP,Freeze,HAR,KH,5.0,accuracy,0.5486111044883728
IMU Transformer,LFR,MS,MLP,Freeze,HAR,MS,5.0,accuracy,0.403954803943634
CNN-PFF,LFR,MS,MLP,Freeze,HAR,MS,100.0,accuracy,0.8220338821411133
CNN-PFF,LFR,RW-Waist,MLP,Freeze,HAR,RW-Waist,5.0,accuracy,0.5555555820465088
IMU Transformer,LFR,MS,MLP,Freeze,HAR,MS,50.0,accuracy,0.6666666865348816
CNN-PFF,LFR,WISDM,MLP,Freeze,HAR,WISDM,50.0,accuracy,0.7507680654525757
IMU Transformer,LFR,MS,MLP,Freeze,HAR,MS,10.0,accuracy,0.5
IMU Transformer,LFR,KH,MLP,Freeze,HAR,KH,200.0,accuracy,0.6319444179534912
IMU Transformer,LFR,MS,MLP,Full Finetune,HAR,MS,10.0,accuracy,0.6016949415206909
CNN-PFF,LFR,RW-Thigh,MLP,Full Finetune,HAR,RW-Thigh,200.0,accuracy,0.6908212304115295
CNN-PFF,LFR,UCI,MLP,Full Finetune,HAR,UCI,25.0,accuracy,0.7985507249832153
CNN-PFF,LFR,KH,MLP,Full Finetune,HAR,KH,1.0,accuracy,0.1875
CNN-PFF,LFR,WISDM,MLP,Full Finetune,HAR,WISDM,25.0,accuracy,0.644393265247345
IMU Transformer,LFR,WISDM,MLP,Full Finetune,HAR,WISDM,50.0,accuracy,0.7250384092330933
IMU Transformer,LFR,RW-Thigh,MLP,Freeze,HAR,RW-Thigh,25.0,accuracy,0.401656299829483
IMU Transformer,LFR,RW-Waist,MLP,Full Finetune,HAR,RW-Waist,10.0,accuracy,0.4976851940155029
CNN-PFF,LFR,KH,MLP,Full Finetune,HAR,KH,10.0,accuracy,0.3541666567325592
CNN-PFF,LFR,RW-Waist,MLP,Freeze,HAR,RW-Waist,25.0,accuracy,0.6697530746459961
IMU Transformer,LFR,RW-Thigh,MLP,Freeze,HAR,RW-Thigh,1000.0,accuracy,0.5917874574661255
CNN-PFF,LFR,KH,MLP,Full Finetune,HAR,KH,100.0,accuracy,0.5069444179534912
IMU Transformer,LFR,WISDM,MLP,Freeze,HAR,WISDM,200.0,accuracy,0.7492319345474243
IMU Transformer,LFR,UCI,MLP,Full Finetune,HAR,UCI,50.0,accuracy,0.7782608866691589
IMU Transformer,LFR,RW-Waist,MLP,Freeze,HAR,RW-Waist,200.0,accuracy,0.6412037014961243
IMU Transformer,LFR,RW-Waist,MLP,Full Finetune,HAR,RW-Waist,200.0,accuracy,0.6246141791343689
CNN-PFF,LFR,RW-Waist,MLP,Freeze,HAR,RW-Waist,50.0,accuracy,0.6925154328346252
CNN-PFF,LFR,KH,MLP,Freeze,HAR,KH,200.0,accuracy,0.4166666567325592
IMU Transformer,LFR,KH,MLP,Freeze,HAR,KH,10.0,accuracy,0.5277777910232544
CNN-PFF,LFR,RW-Waist,MLP,Freeze,HAR,RW-Waist,200.0,accuracy,0.7380401492118835
IMU Transformer,LFR,MS,MLP,Freeze,HAR,MS,25.0,accuracy,0.6111111044883728
CNN-PFF,LFR,UCI,MLP,Freeze,HAR,UCI,10.0,accuracy,0.6768115758895874
CNN-PFF,LFR,KH,MLP,Full Finetune,HAR,KH,25.0,accuracy,0.1666666716337204
IMU Transformer,LFR,RW-Waist,MLP,Freeze,HAR,RW-Waist,5.0,accuracy,0.4201388955116272
CNN-PFF,LFR,KH,MLP,Freeze,HAR,KH,50.0,accuracy,0.4652777910232544
IMU Transformer,LFR,WISDM,MLP,Full Finetune,HAR,WISDM,1000.0,accuracy,0.804147481918335
IMU Transformer,LFR,WISDM,MLP,Freeze,HAR,WISDM,5.0,accuracy,0.4934715926647186
IMU Transformer,LFR,KH,MLP,Freeze,HAR,KH,1000.0,accuracy,0.6666666865348816
CNN-PFF,LFR,MS,MLP,Full Finetune,HAR,MS,25.0,accuracy,0.7448210716247559
IMU Transformer,LFR,UCI,MLP,Full Finetune,HAR,UCI,5.0,accuracy,0.6246376633644104
IMU Transformer,LFR,MS,MLP,Freeze,HAR,MS,100.0,accuracy,0.7325800657272339
CNN-PFF,LFR,KH,MLP,Freeze,HAR,KH,25.0,accuracy,0.5555555820465088
IMU Transformer,LFR,UCI,MLP,Freeze,HAR,UCI,50.0,accuracy,0.634782612323761
IMU Transformer,LFR,UCI,MLP,Full Finetune,HAR,UCI,1.0,accuracy,0.4797101318836212
CNN-PFF,LFR,KH,MLP,Full Finetune,HAR,KH,5.0,accuracy,0.375
IMU Transformer,LFR,RW-Waist,MLP,Freeze,HAR,RW-Waist,25.0,accuracy,0.4776234626770019
CNN-PFF,LFR,UCI,MLP,Full Finetune,HAR,UCI,5.0,accuracy,0.6405797004699707
CNN-PFF,LFR,UCI,MLP,Freeze,HAR,UCI,50.0,accuracy,0.7840579748153687
IMU Transformer,LFR,WISDM,MLP,Freeze,HAR,WISDM,1000.0,accuracy,0.8218125700950623
CNN-PFF,LFR,RW-Waist,MLP,Full Finetune,HAR,RW-Waist,25.0,accuracy,0.6847993731498718
CNN-PFF,LFR,UCI,MLP,Freeze,HAR,UCI,200.0,accuracy,0.8391304612159729
IMU Transformer,LFR,WISDM,MLP,Full Finetune,HAR,WISDM,200.0,accuracy,0.7538402676582336
IMU Transformer,LFR,MS,MLP,Full Finetune,HAR,MS,50.0,accuracy,0.7467043399810791
CNN-PFF,LFR,UCI,MLP,Freeze,HAR,UCI,1.0,accuracy,0.3362318873405456
CNN-PFF,LFR,WISDM,MLP,Full Finetune,HAR,WISDM,50.0,accuracy,0.7150537371635437
CNN-PFF,LFR,RW-Thigh,MLP,Full Finetune,HAR,RW-Thigh,50.0,accuracy,0.6821945905685425
CNN-PFF,LFR,RW-Waist,MLP,Freeze,HAR,RW-Waist,100.0,accuracy,0.7160493731498718
IMU Transformer,LFR,RW-Thigh,MLP,Full Finetune,HAR,RW-Thigh,25.0,accuracy,0.5148378014564514
IMU Transformer,LFR,RW-Waist,MLP,Full Finetune,HAR,RW-Waist,1000.0,accuracy,0.8009259104728699
CNN-PFF,LFR,RW-Thigh,MLP,Freeze,HAR,RW-Thigh,200.0,accuracy,0.6642512083053589
IMU Transformer,LFR,MS,MLP,Full Finetune,HAR,MS,200.0,accuracy,0.7664783596992493
CNN-PFF,LFR,KH,MLP,Freeze,HAR,KH,10.0,accuracy,0.2013888955116272
IMU Transformer,LFR,UCI,MLP,Freeze,HAR,UCI,5.0,accuracy,0.4594202935695648
CNN-PFF,LFR,MS,MLP,Freeze,HAR,MS,25.0,accuracy,0.6723163723945618
CNN-PFF,LFR,RW-Thigh,MLP,Freeze,HAR,RW-Thigh,50.0,accuracy,0.6400966048240662
CNN-PFF,LFR,MS,MLP,Freeze,HAR,MS,10.0,accuracy,0.4274953007698059
IMU Transformer,LFR,MS,MLP,Full Finetune,HAR,MS,25.0,accuracy,0.7241054773330688
IMU Transformer,LFR,UCI,MLP,Freeze,HAR,UCI,25.0,accuracy,0.5507246255874634
CNN-PFF,LFR,WISDM,MLP,Full Finetune,HAR,WISDM,1.0,accuracy,0.5199692845344543
CNN-PFF,LFR,RW-Thigh,MLP,Freeze,HAR,RW-Thigh,10.0,accuracy,0.4420289993286133
IMU Transformer,LFR,RW-Thigh,MLP,Full Finetune,HAR,RW-Thigh,50.0,accuracy,0.5224292874336243
IMU Transformer,LFR,RW-Waist,MLP,Full Finetune,HAR,RW-Waist,1.0,accuracy,0.4097222089767456
IMU Transformer,LFR,RW-Thigh,MLP,Freeze,HAR,RW-Thigh,100.0,accuracy,0.5165631175041199
IMU Transformer,LFR,RW-Thigh,MLP,Freeze,HAR,RW-Thigh,10.0,accuracy,0.3443754315376282
TS2Vec Encoder,LFR,KH,MLP,Full Finetune,HAR,KH,5.0,accuracy,0.4097222089767456
TS2Vec Encoder,LFR,UCI,MLP,Freeze,HAR,UCI,5.0,accuracy,0.5623188614845276
TS2Vec Encoder,LFR,UCI,MLP,Full Finetune,HAR,UCI,5.0,accuracy,0.6463767886161804
TS2Vec Encoder,LFR,MS,MLP,Full Finetune,HAR,MS,5.0,accuracy,0.4962335228919983
TS2Vec Encoder,LFR,MS,MLP,Full Finetune,HAR,MS,100.0,accuracy,0.9114877581596376
TS2Vec Encoder,LFR,MS,MLP,Full Finetune,HAR,MS,200.0,accuracy,0.9171375036239624
TS2Vec Encoder,LFR,KH,MLP,Freeze,HAR,KH,1.0,accuracy,0.3611111044883728
TS2Vec Encoder,LFR,WISDM,MLP,Full Finetune,HAR,WISDM,1.0,accuracy,0.3563748002052307
TS2Vec Encoder,LFR,RW-Waist,MLP,Freeze,HAR,RW-Waist,50.0,accuracy,0.6516203880310059
TS2Vec Encoder,LFR,RW-Waist,MLP,Freeze,HAR,RW-Waist,100.0,accuracy,0.6246141791343689
TS2Vec Encoder,LFR,KH,MLP,Full Finetune,HAR,KH,10.0,accuracy,0.6041666865348816
TS2Vec Encoder,LFR,WISDM,MLP,Full Finetune,HAR,WISDM,5.0,accuracy,0.2795698940753937
TS2Vec Encoder,LFR,WISDM,MLP,Full Finetune,HAR,WISDM,1000.0,accuracy,0.8951612710952759
TS2Vec Encoder,LFR,WISDM,MLP,Freeze,HAR,WISDM,25.0,accuracy,0.6635944843292236
TS2Vec Encoder,LFR,MS,MLP,Freeze,HAR,MS,1.0,accuracy,0.1723163872957229
TS2Vec Encoder,LFR,RW-Waist,MLP,Freeze,HAR,RW-Waist,25.0,accuracy,0.6095678806304932
TS2Vec Encoder,LFR,KH,MLP,Freeze,HAR,KH,10.0,accuracy,0.3611111044883728
TS2Vec Encoder,LFR,WISDM,MLP,Freeze,HAR,WISDM,50.0,accuracy,0.7607526779174805
TS2Vec Encoder,LFR,MS,MLP,Full Finetune,HAR,MS,1000.0,accuracy,0.9632768630981444
TS2Vec Encoder,LFR,WISDM,MLP,Full Finetune,HAR,WISDM,25.0,accuracy,0.6551459431648254
TS2Vec Encoder,LFR,RW-Thigh,MLP,Freeze,HAR,RW-Thigh,1.0,accuracy,0.2084196060895919
TS2Vec Encoder,LFR,RW-Waist,MLP,Freeze,HAR,RW-Waist,10.0,accuracy,0.420910507440567
TS2Vec Encoder,LFR,MS,MLP,Freeze,HAR,MS,200.0,accuracy,0.8512241244316101
TS2Vec Encoder,LFR,KH,MLP,Full Finetune,HAR,KH,1000.0,accuracy,0.6944444179534912
TS2Vec Encoder,LFR,WISDM,MLP,Freeze,HAR,WISDM,1000.0,accuracy,0.8344854116439819
TS2Vec Encoder,LFR,UCI,MLP,Full Finetune,HAR,UCI,1.0,accuracy,0.4231884181499481
TS2Vec Encoder,LFR,RW-Thigh,MLP,Full Finetune,HAR,RW-Thigh,1000.0,accuracy,0.7011732459068298
TS2Vec Encoder,LFR,KH,MLP,Freeze,HAR,KH,25.0,accuracy,0.5486111044883728
TS2Vec Encoder,LFR,WISDM,MLP,Full Finetune,HAR,WISDM,10.0,accuracy,0.7311828136444092
TS2Vec Encoder,LFR,MS,MLP,Full Finetune,HAR,MS,25.0,accuracy,0.8709981441497803
TS2Vec Encoder,LFR,WISDM,MLP,Freeze,HAR,WISDM,5.0,accuracy,0.3725038468837738
TS2Vec Encoder,LFR,MS,MLP,Full Finetune,HAR,MS,50.0,accuracy,0.920903980731964
TS2Vec Encoder,LFR,UCI,MLP,Freeze,HAR,UCI,10.0,accuracy,0.686956524848938
TS2Vec Encoder,LFR,RW-Thigh,MLP,Full Finetune,HAR,RW-Thigh,200.0,accuracy,0.7322291135787964
TS2Vec Encoder,LFR,RW-Thigh,MLP,Freeze,HAR,RW-Thigh,200.0,accuracy,0.6373360753059387
TS2Vec Encoder,LFR,RW-Waist,MLP,Full Finetune,HAR,RW-Waist,200.0,accuracy,0.7314814925193787
TS2Vec Encoder,LFR,RW-Waist,MLP,Freeze,HAR,RW-Waist,1000.0,accuracy,0.7160493731498718
TS2Vec Encoder,LFR,WISDM,MLP,Full Finetune,HAR,WISDM,200.0,accuracy,0.8540706634521484
TS2Vec Encoder,LFR,RW-Waist,MLP,Full Finetune,HAR,RW-Waist,50.0,accuracy,0.7202932238578796
TS2Vec Encoder,LFR,UCI,MLP,Freeze,HAR,UCI,50.0,accuracy,0.8072463870048523
TS2Vec Encoder,LFR,KH,MLP,Freeze,HAR,KH,50.0,accuracy,0.4722222089767456
TS2Vec Encoder,LFR,RW-Waist,MLP,Full Finetune,HAR,RW-Waist,1000.0,accuracy,0.7484567761421204
TS2Vec Encoder,LFR,KH,MLP,Freeze,HAR,KH,200.0,accuracy,0.625
TS2Vec Encoder,LFR,RW-Thigh,MLP,Freeze,HAR,RW-Thigh,1000.0,accuracy,0.6538992524147034
TS2Vec Encoder,LFR,UCI,MLP,Freeze,HAR,UCI,100.0,accuracy,0.8246376514434814
TS2Vec Encoder,LFR,MS,MLP,Freeze,HAR,MS,50.0,accuracy,0.6873822808265686
TS2Vec Encoder,LFR,MS,MLP,Freeze,HAR,MS,1000.0,accuracy,0.8305084705352783
TS2Vec Encoder,LFR,UCI,MLP,Full Finetune,HAR,UCI,50.0,accuracy,0.8768116235733032
TS2Vec Encoder,LFR,UCI,MLP,Freeze,HAR,UCI,1000.0,accuracy,0.8492753505706787
TS2Vec Encoder,LFR,RW-Waist,MLP,Freeze,HAR,RW-Waist,200.0,accuracy,0.6550925970077515
TS2Vec Encoder,LFR,KH,MLP,Full Finetune,HAR,KH,1.0,accuracy,0.2430555522441864
TS2Vec Encoder,LFR,UCI,MLP,Freeze,HAR,UCI,200.0,accuracy,0.8231884241104126
TS2Vec Encoder,LFR,MS,MLP,Freeze,HAR,MS,25.0,accuracy,0.7890772223472595
TS2Vec Encoder,LFR,KH,MLP,Full Finetune,HAR,KH,25.0,accuracy,0.625
TS2Vec Encoder,LFR,RW-Thigh,MLP,Full Finetune,HAR,RW-Thigh,50.0,accuracy,0.7115252017974854
TS2Vec Encoder,LFR,RW-Waist,MLP,Freeze,HAR,RW-Waist,1.0,accuracy,0.238425925374031
TS2Vec Encoder,LFR,KH,MLP,Freeze,HAR,KH,100.0,accuracy,0.5555555820465088
TS2Vec Encoder,LFR,MS,MLP,Freeze,HAR,MS,5.0,accuracy,0.5282486081123352
TS2Vec Encoder,LFR,WISDM,MLP,Freeze,HAR,WISDM,200.0,accuracy,0.7887864708900452
TS2Vec Encoder,LFR,UCI,MLP,Full Finetune,HAR,UCI,10.0,accuracy,0.730434775352478
TS2Vec Encoder,LFR,RW-Waist,MLP,Freeze,HAR,RW-Waist,5.0,accuracy,0.4953703582286834
TS2Vec Encoder,LFR,RW-Thigh,MLP,Freeze,HAR,RW-Thigh,50.0,accuracy,0.5976535677909851
TS2Vec Encoder,LFR,KH,MLP,Freeze,HAR,KH,5.0,accuracy,0.2083333283662796
TS2Vec Encoder,LFR,RW-Thigh,MLP,Freeze,HAR,RW-Thigh,25.0,accuracy,0.545548677444458
TS2Vec Encoder,LFR,RW-Thigh,MLP,Freeze,HAR,RW-Thigh,10.0,accuracy,0.4644582569599151
TS2Vec Encoder,LFR,WISDM,MLP,Freeze,HAR,WISDM,1.0,accuracy,0.408218115568161
TS2Vec Encoder,LFR,WISDM,MLP,Full Finetune,HAR,WISDM,50.0,accuracy,0.837173581123352
TS2Vec Encoder,LFR,KH,MLP,Freeze,HAR,KH,1000.0,accuracy,0.7083333134651184
TS2Vec Encoder,LFR,UCI,MLP,Full Finetune,HAR,UCI,25.0,accuracy,0.7985507249832153
TS2Vec Encoder,LFR,RW-Thigh,MLP,Full Finetune,HAR,RW-Thigh,5.0,accuracy,0.3968254029750824
TS2Vec Encoder,LFR,UCI,MLP,Full Finetune,HAR,UCI,200.0,accuracy,0.939130425453186
TS2Vec Encoder,LFR,KH,MLP,Full Finetune,HAR,KH,100.0,accuracy,0.6458333134651184
TS2Vec Encoder,LFR,MS,MLP,Freeze,HAR,MS,10.0,accuracy,0.5800376534461975
TS2Vec Encoder,LFR,WISDM,MLP,Freeze,HAR,WISDM,100.0,accuracy,0.7791858911514282
TS2Vec Encoder,LFR,MS,MLP,Full Finetune,HAR,MS,10.0,accuracy,0.6704331636428833
TS2Vec Encoder,LFR,RW-Waist,MLP,Full Finetune,HAR,RW-Waist,10.0,accuracy,0.5335648059844971
TS2Vec Encoder,LFR,RW-Waist,MLP,Full Finetune,HAR,RW-Waist,1.0,accuracy,0.2345678955316543
TS2Vec Encoder,LFR,RW-Waist,MLP,Full Finetune,HAR,RW-Waist,100.0,accuracy,0.7114197611808777
TS2Vec Encoder,LFR,UCI,MLP,Full Finetune,HAR,UCI,1000.0,accuracy,0.9536231756210328
TS2Vec Encoder,LFR,MS,MLP,Full Finetune,HAR,MS,1.0,accuracy,0.1939736306667328
TS2Vec Encoder,LFR,UCI,MLP,Freeze,HAR,UCI,25.0,accuracy,0.7739130258560181
TS2Vec Encoder,LFR,MS,MLP,Freeze,HAR,MS,100.0,accuracy,0.8323917388916016
TS2Vec Encoder,LFR,RW-Thigh,MLP,Freeze,HAR,RW-Thigh,5.0,accuracy,0.4109730720520019
TS2Vec Encoder,LFR,KH,MLP,Full Finetune,HAR,KH,200.0,accuracy,0.6319444179534912
TS2Vec Encoder,LFR,WISDM,MLP,Full Finetune,HAR,WISDM,100.0,accuracy,0.8268049359321594
TS2Vec Encoder,LFR,RW-Thigh,MLP,Full Finetune,HAR,RW-Thigh,1.0,accuracy,0.1663216054439544
TS2Vec Encoder,LFR,UCI,MLP,Freeze,HAR,UCI,1.0,accuracy,0.3797101378440857
TS2Vec Encoder,LFR,KH,MLP,Full Finetune,HAR,KH,50.0,accuracy,0.5972222089767456
TS2Vec Encoder,LFR,UCI,MLP,Full Finetune,HAR,UCI,100.0,accuracy,0.904347836971283
TS2Vec Encoder,LFR,RW-Thigh,MLP,Freeze,HAR,RW-Thigh,100.0,accuracy,0.6449275612831116
TS2Vec Encoder,LFR,RW-Thigh,MLP,Full Finetune,HAR,RW-Thigh,100.0,accuracy,0.7432712316513062
TS2Vec Encoder,LFR,WISDM,MLP,Freeze,HAR,WISDM,10.0,accuracy,0.4316436350345611
TS2Vec Encoder,LFR,RW-Thigh,MLP,Full Finetune,HAR,RW-Thigh,25.0,accuracy,0.6801242232322693
TS2Vec Encoder,LFR,RW-Waist,MLP,Full Finetune,HAR,RW-Waist,5.0,accuracy,0.5439814925193787
TS2Vec Encoder,LFR,RW-Thigh,MLP,Full Finetune,HAR,RW-Thigh,10.0,accuracy,0.5182884931564331
TS2Vec Encoder,LFR,RW-Waist,MLP,Full Finetune,HAR,RW-Waist,25.0,accuracy,0.6759259104728699
IMU Transformer,LFR,RW-Thigh,MLP,Freeze,HAR,RW-Thigh,1.0,accuracy,0.1304347813129425
IMU Transformer,LFR,RW-Waist,MLP,Full Finetune,HAR,RW-Waist,10.0,accuracy,0.5532407164573669
CNN-PFF,LFR,KH,MLP,Freeze,HAR,KH,50.0,accuracy,0.6527777910232544
CNN-PFF,LFR,WISDM,MLP,Full Finetune,HAR,WISDM,1000.0,accuracy,0.867511510848999
CNN-PFF,LFR,UCI,MLP,Full Finetune,HAR,UCI,100.0,accuracy,0.8304347991943359
CNN-PFF,LFR,RW-Waist,MLP,Freeze,HAR,RW-Waist,5.0,accuracy,0.420910507440567
IMU Transformer,LFR,RW-Waist,MLP,Full Finetune,HAR,RW-Waist,1000.0,accuracy,0.7102623581886292
IMU Transformer,LFR,RW-Waist,MLP,Freeze,HAR,RW-Waist,100.0,accuracy,0.6932870149612427
IMU Transformer,LFR,KH,MLP,Full Finetune,HAR,KH,200.0,accuracy,0.7569444179534912
CNN-PFF,LFR,MS,MLP,Freeze,HAR,MS,1.0,accuracy,0.4406779706478119
CNN-PFF,LFR,KH,MLP,Freeze,HAR,KH,100.0,accuracy,0.6944444179534912
IMU Transformer,LFR,MS,MLP,Full Finetune,HAR,MS,25.0,accuracy,0.7551789283752441
IMU Transformer,LFR,UCI,MLP,Freeze,HAR,UCI,25.0,accuracy,0.7376811504364014
IMU Transformer,LFR,UCI,MLP,Full Finetune,HAR,UCI,1.0,accuracy,0.6666666865348816
IMU Transformer,LFR,UCI,MLP,Freeze,HAR,UCI,100.0,accuracy,0.7782608866691589
IMU Transformer,LFR,RW-Waist,MLP,Full Finetune,HAR,RW-Waist,200.0,accuracy,0.6670524477958679
CNN-PFF,LFR,MS,MLP,Full Finetune,HAR,MS,10.0,accuracy,0.6412429213523865
IMU Transformer,LFR,WISDM,MLP,Full Finetune,HAR,WISDM,50.0,accuracy,0.7642089128494263
CNN-PFF,LFR,WISDM,MLP,Full Finetune,HAR,WISDM,25.0,accuracy,0.7158218026161194
CNN-PFF,LFR,WISDM,MLP,Full Finetune,HAR,WISDM,1.0,accuracy,0.40975421667099
IMU Transformer,LFR,RW-Thigh,MLP,Full Finetune,HAR,RW-Thigh,1.0,accuracy,0.2329192608594894
IMU Transformer,LFR,RW-Waist,MLP,Freeze,HAR,RW-Waist,200.0,accuracy,0.7033178806304932
CNN-PFF,LFR,RW-Waist,MLP,Full Finetune,HAR,RW-Waist,25.0,accuracy,0.6878858208656311
CNN-PFF,LFR,RW-Waist,MLP,Full Finetune,HAR,RW-Waist,50.0,accuracy,0.7314814925193787
CNN-PFF,LFR,UCI,MLP,Freeze,HAR,UCI,25.0,accuracy,0.5942028760910034
CNN-PFF,LFR,RW-Waist,MLP,Full Finetune,HAR,RW-Waist,10.0,accuracy,0.5671296119689941
IMU Transformer,LFR,MS,MLP,Freeze,HAR,MS,50.0,accuracy,0.81732577085495
IMU Transformer,LFR,UCI,MLP,Freeze,HAR,UCI,1.0,accuracy,0.6391304135322571
CNN-PFF,LFR,RW-Thigh,MLP,Freeze,HAR,RW-Thigh,200.0,accuracy,0.6566597819328308
CNN-PFF,LFR,KH,MLP,Freeze,HAR,KH,10.0,accuracy,0.5347222089767456
IMU Transformer,LFR,WISDM,MLP,Freeze,HAR,WISDM,10.0,accuracy,0.5971581935882568
CNN-PFF,LFR,RW-Waist,MLP,Freeze,HAR,RW-Waist,200.0,accuracy,0.6701388955116272
IMU Transformer,LFR,WISDM,MLP,Full Finetune,HAR,WISDM,10.0,accuracy,0.7089093923568726
CNN-PFF,LFR,RW-Thigh,MLP,Full Finetune,HAR,RW-Thigh,25.0,accuracy,0.7677708864212036
IMU Transformer,LFR,WISDM,MLP,Freeze,HAR,WISDM,200.0,accuracy,0.7845622301101685
CNN-PFF,LFR,WISDM,MLP,Freeze,HAR,WISDM,10.0,accuracy,0.6455453038215637
IMU Transformer,LFR,UCI,MLP,Full Finetune,HAR,UCI,1000.0,accuracy,0.8710144758224487
IMU Transformer,LFR,MS,MLP,Full Finetune,HAR,MS,200.0,accuracy,0.8097928166389465
CNN-PFF,LFR,UCI,MLP,Full Finetune,HAR,UCI,5.0,accuracy,0.7275362610816956
IMU Transformer,LFR,RW-Thigh,MLP,Full Finetune,HAR,RW-Thigh,10.0,accuracy,0.6532090902328491
IMU Transformer,LFR,MS,MLP,Full Finetune,HAR,MS,1000.0,accuracy,0.8220338821411133
CNN-PFF,LFR,RW-Thigh,MLP,Full Finetune,HAR,RW-Thigh,1000.0,accuracy,0.6725327968597412
CNN-PFF,LFR,RW-Waist,MLP,Full Finetune,HAR,RW-Waist,5.0,accuracy,0.6003086566925049
CNN-PFF,LFR,WISDM,MLP,Full Finetune,HAR,WISDM,5.0,accuracy,0.6374807953834534
CNN-PFF,LFR,MS,MLP,Full Finetune,HAR,MS,1.0,accuracy,0.4745762646198272
IMU Transformer,LFR,RW-Thigh,MLP,Freeze,HAR,RW-Thigh,50.0,accuracy,0.6321601271629333
IMU Transformer,LFR,UCI,MLP,Full Finetune,HAR,UCI,25.0,accuracy,0.760869562625885
CNN-PFF,LFR,UCI,MLP,Freeze,HAR,UCI,5.0,accuracy,0.7333333492279053
IMU Transformer,LFR,MS,MLP,Freeze,HAR,MS,5.0,accuracy,0.6534839868545532
IMU Transformer,LFR,KH,MLP,Full Finetune,HAR,KH,25.0,accuracy,0.7361111044883728
CNN-PFF,LFR,MS,MLP,Full Finetune,HAR,MS,1000.0,accuracy,0.8502824902534485
CNN-PFF,LFR,RW-Thigh,MLP,Full Finetune,HAR,RW-Thigh,50.0,accuracy,0.7349896430969238
IMU Transformer,LFR,RW-Waist,MLP,Full Finetune,HAR,RW-Waist,1.0,accuracy,0.386188268661499
CNN-PFF,LFR,MS,MLP,Freeze,HAR,MS,200.0,accuracy,0.8418079018592834
CNN-PFF,LFR,KH,MLP,Full Finetune,HAR,KH,50.0,accuracy,0.6944444179534912
CNN-PFF,LFR,WISDM,MLP,Full Finetune,HAR,WISDM,200.0,accuracy,0.7872503995895386
CNN-PFF,LFR,UCI,MLP,Freeze,HAR,UCI,1000.0,accuracy,0.8115941882133484
IMU Transformer,LFR,KH,MLP,Full Finetune,HAR,KH,1.0,accuracy,0.5069444179534912
IMU Transformer,LFR,RW-Thigh,MLP,Full Finetune,HAR,RW-Thigh,1000.0,accuracy,0.6790890097618103
CNN-PFF,LFR,RW-Thigh,MLP,Freeze,HAR,RW-Thigh,50.0,accuracy,0.7167011499404907
CNN-PFF,LFR,RW-Waist,MLP,Freeze,HAR,RW-Waist,25.0,accuracy,0.6805555820465088
CNN-PFF,LFR,KH,MLP,Freeze,HAR,KH,1000.0,accuracy,0.5625
CNN-PFF,LFR,WISDM,MLP,Freeze,HAR,WISDM,200.0,accuracy,0.7388632893562317
CNN-PFF,LFR,KH,MLP,Freeze,HAR,KH,5.0,accuracy,0.6041666865348816
CNN-PFF,LFR,RW-Waist,MLP,Full Finetune,HAR,RW-Waist,1000.0,accuracy,0.665123462677002
CNN-PFF,LFR,RW-Waist,MLP,Freeze,HAR,RW-Waist,50.0,accuracy,0.716821014881134
CNN-PFF,LFR,WISDM,MLP,Freeze,HAR,WISDM,5.0,accuracy,0.6547619104385376
IMU Transformer,LFR,RW-Waist,MLP,Full Finetune,HAR,RW-Waist,100.0,accuracy,0.6956018805503845
IMU Transformer,LFR,RW-Thigh,MLP,Full Finetune,HAR,RW-Thigh,200.0,accuracy,0.6100758910179138
IMU Transformer,LFR,UCI,MLP,Freeze,HAR,UCI,50.0,accuracy,0.752173900604248
CNN-PFF,LFR,MS,MLP,Full Finetune,HAR,MS,50.0,accuracy,0.8323917388916016
CNN-PFF,LFR,RW-Thigh,MLP,Freeze,HAR,RW-Thigh,10.0,accuracy,0.4168392121791839
CNN-PFF,LFR,UCI,MLP,Freeze,HAR,UCI,50.0,accuracy,0.7898550629615784
CNN-PFF,LFR,RW-Waist,MLP,Freeze,HAR,RW-Waist,1000.0,accuracy,0.7029321193695068
IMU Transformer,LFR,RW-Waist,MLP,Full Finetune,HAR,RW-Waist,25.0,accuracy,0.6192129850387573
CNN-PFF,LFR,KH,MLP,Full Finetune,HAR,KH,100.0,accuracy,0.4027777910232544
IMU Transformer,LFR,WISDM,MLP,Freeze,HAR,WISDM,50.0,accuracy,0.7523041367530823
IMU Transformer,LFR,RW-Waist,MLP,Freeze,HAR,RW-Waist,1.0,accuracy,0.5092592835426331
CNN-PFF,LFR,RW-Waist,MLP,Freeze,HAR,RW-Waist,1.0,accuracy,0.358410507440567
CNN-PFF,LFR,WISDM,MLP,Full Finetune,HAR,WISDM,10.0,accuracy,0.611751139163971
CNN-PFF,LFR,RW-Waist,MLP,Full Finetune,HAR,RW-Waist,100.0,accuracy,0.7503858208656311
IMU Transformer,LFR,UCI,MLP,Full Finetune,HAR,UCI,5.0,accuracy,0.7710145115852356
IMU Transformer,LFR,KH,MLP,Full Finetune,HAR,KH,10.0,accuracy,0.7361111044883728
CNN-PFF,LFR,KH,MLP,Freeze,HAR,KH,25.0,accuracy,0.4583333432674408
IMU Transformer,LFR,MS,MLP,Freeze,HAR,MS,100.0,accuracy,0.81732577085495
IMU Transformer,LFR,UCI,MLP,Freeze,HAR,UCI,5.0,accuracy,0.739130437374115
CNN-PFF,LFR,RW-Thigh,MLP,Full Finetune,HAR,RW-Thigh,10.0,accuracy,0.5717736482620239
CNN-PFF,LFR,RW-Waist,MLP,Freeze,HAR,RW-Waist,10.0,accuracy,0.4861111044883728
CNN-PFF,LFR,RW-Thigh,MLP,Full Finetune,HAR,RW-Thigh,100.0,accuracy,0.7139406204223633
CNN-PFF,LFR,UCI,MLP,Full Finetune,HAR,UCI,25.0,accuracy,0.7898550629615784
IMU Transformer,LFR,UCI,MLP,Freeze,HAR,UCI,1000.0,accuracy,0.800000011920929
IMU Transformer,LFR,RW-Thigh,MLP,Freeze,HAR,RW-Thigh,5.0,accuracy,0.4282263517379761
IMU Transformer,LFR,KH,MLP,Full Finetune,HAR,KH,1000.0,accuracy,0.7430555820465088
CNN-PFF,LFR,RW-Thigh,MLP,Freeze,HAR,RW-Thigh,100.0,accuracy,0.6897860765457153
CNN-PFF,LFR,MS,MLP,Freeze,HAR,MS,25.0,accuracy,0.7457627058029175
CNN-PFF,LFR,RW-Waist,MLP,Freeze,HAR,RW-Waist,100.0,accuracy,0.6952160596847534
IMU Transformer,LFR,MS,MLP,Freeze,HAR,MS,200.0,accuracy,0.8145009279251099
IMU Transformer,LFR,WISDM,MLP,Freeze,HAR,WISDM,1.0,accuracy,0.4039938449859619
IMU Transformer,LFR,UCI,MLP,Freeze,HAR,UCI,200.0,accuracy,0.7840579748153687
CNN-PFF,LFR,MS,MLP,Freeze,HAR,MS,1000.0,accuracy,0.8370997905731201
CNN-PFF,LFR,RW-Thigh,MLP,Freeze,HAR,RW-Thigh,25.0,accuracy,0.6735679507255554
IMU Transformer,LFR,RW-Thigh,MLP,Full Finetune,HAR,RW-Thigh,50.0,accuracy,0.6649413108825684
CNN-PFF,LFR,WISDM,MLP,Freeze,HAR,WISDM,25.0,accuracy,0.6985406875610352
IMU Transformer,LFR,KH,MLP,Full Finetune,HAR,KH,5.0,accuracy,0.6319444179534912
IMU Transformer,LFR,MS,MLP,Full Finetune,HAR,MS,10.0,accuracy,0.6845574378967285
CNN-PFF,LFR,MS,MLP,Freeze,HAR,MS,10.0,accuracy,0.7231638431549072
CNN-PFF,LFR,KH,MLP,Full Finetune,HAR,KH,5.0,accuracy,0.4305555522441864
CNN-PFF,LFR,RW-Thigh,MLP,Full Finetune,HAR,RW-Thigh,200.0,accuracy,0.7229123711585999
IMU Transformer,LFR,MS,MLP,Full Finetune,HAR,MS,1.0,accuracy,0.4830508530139923
IMU Transformer,LFR,RW-Thigh,MLP,Full Finetune,HAR,RW-Thigh,25.0,accuracy,0.7215321063995361
CNN-PFF,LFR,MS,MLP,Full Finetune,HAR,MS,200.0,accuracy,0.8483992218971252
CNN-PFF,LFR,WISDM,MLP,Freeze,HAR,WISDM,100.0,accuracy,0.7396313548088074
IMU Transformer,LFR,MS,MLP,Freeze,HAR,MS,1.0,accuracy,0.3512240946292877
IMU Transformer,LFR,KH,MLP,Freeze,HAR,KH,10.0,accuracy,0.6388888955116272
IMU Transformer,LFR,MS,MLP,Full Finetune,HAR,MS,100.0,accuracy,0.7834274768829346
IMU Transformer,LFR,KH,MLP,Freeze,HAR,KH,50.0,accuracy,0.6805555820465088
CNN-PFF,LFR,KH,MLP,Freeze,HAR,KH,200.0,accuracy,0.5833333134651184
CNN-PFF,LFR,KH,MLP,Freeze,HAR,KH,1.0,accuracy,0.4930555522441864
IMU Transformer,LFR,MS,MLP,Full Finetune,HAR,MS,50.0,accuracy,0.8097928166389465
IMU Transformer,LFR,WISDM,MLP,Full Finetune,HAR,WISDM,200.0,accuracy,0.7507680654525757
IMU Transformer,LFR,KH,MLP,Freeze,HAR,KH,5.0,accuracy,0.6944444179534912
IMU Transformer,LFR,KH,MLP,Freeze,HAR,KH,1000.0,accuracy,0.6875
CNN-PFF,LFR,WISDM,MLP,Freeze,HAR,WISDM,1.0,accuracy,0.4742703437805176
CNN-PFF,LFR,WISDM,MLP,Freeze,HAR,WISDM,1000.0,accuracy,0.8298771381378174
IMU Transformer,LFR,KH,MLP,Freeze,HAR,KH,25.0,accuracy,0.7083333134651184
CNN-PFF,LFR,KH,MLP,Full Finetune,HAR,KH,25.0,accuracy,0.5902777910232544
IMU Transformer,LFR,UCI,MLP,Full Finetune,HAR,UCI,100.0,accuracy,0.7942029237747192
CNN-PFF,LFR,KH,MLP,Full Finetune,HAR,KH,1.0,accuracy,0.4583333432674408
IMU Transformer,LFR,MS,MLP,Freeze,HAR,MS,1000.0,accuracy,0.8107344508171082
IMU Transformer,LFR,WISDM,MLP,Full Finetune,HAR,WISDM,5.0,accuracy,0.7181259393692017
IMU Transformer,LFR,WISDM,MLP,Freeze,HAR,WISDM,5.0,accuracy,0.6562979817390442
IMU Transformer,LFR,MS,MLP,Freeze,HAR,MS,25.0,accuracy,0.8022598624229431
CNN-PFF,LFR,UCI,MLP,Full Finetune,HAR,UCI,1.0,accuracy,0.5797101259231567
IMU Transformer,LFR,RW-Thigh,MLP,Freeze,HAR,RW-Thigh,1000.0,accuracy,0.658730149269104
CNN-PFF,LFR,UCI,MLP,Full Finetune,HAR,UCI,200.0,accuracy,0.873913049697876
CNN-PFF,LFR,WISDM,MLP,Full Finetune,HAR,WISDM,50.0,accuracy,0.726190447807312
IMU Transformer,LFR,WISDM,MLP,Full Finetune,HAR,WISDM,25.0,accuracy,0.6962365508079529
CNN-PFF,LFR,RW-Waist,MLP,Full Finetune,HAR,RW-Waist,200.0,accuracy,0.7503858208656311
CNN-PFF,LFR,KH,MLP,Full Finetune,HAR,KH,10.0,accuracy,0.3541666567325592
IMU Transformer,LFR,WISDM,MLP,Full Finetune,HAR,WISDM,1000.0,accuracy,0.8241167664527893
CNN-PFF,LFR,MS,MLP,Full Finetune,HAR,MS,100.0,accuracy,0.7617702484130859
CNN-PFF,LFR,KH,MLP,Full Finetune,HAR,KH,1000.0,accuracy,0.5902777910232544
IMU Transformer,LFR,MS,MLP,Freeze,HAR,MS,10.0,accuracy,0.7259886860847473
IMU Transformer,LFR,WISDM,MLP,Freeze,HAR,WISDM,100.0,accuracy,0.7569124698638916
IMU Transformer,LFR,KH,MLP,Freeze,HAR,KH,200.0,accuracy,0.7083333134651184
CNN-PFF,LFR,KH,MLP,Full Finetune,HAR,KH,200.0,accuracy,0.2777777910232544
CNN-PFF,LFR,UCI,MLP,Full Finetune,HAR,UCI,50.0,accuracy,0.8057971000671387
IMU Transformer,LFR,RW-Thigh,MLP,Full Finetune,HAR,RW-Thigh,100.0,accuracy,0.6545893549919128
CNN-PFF,LFR,RW-Thigh,MLP,Full Finetune,HAR,RW-Thigh,1.0,accuracy,0.1873705983161926
IMU Transformer,LFR,WISDM,MLP,Freeze,HAR,WISDM,1000.0,accuracy,0.7699692845344543
CNN-PFF,LFR,WISDM,MLP,Full Finetune,HAR,WISDM,100.0,accuracy,0.7964669466018677
CNN-PFF,LFR,UCI,MLP,Full Finetune,HAR,UCI,10.0,accuracy,0.7782608866691589
CNN-PFF,LFR,MS,MLP,Freeze,HAR,MS,100.0,accuracy,0.7570621371269226
IMU Transformer,LFR,MS,MLP,Full Finetune,HAR,MS,5.0,accuracy,0.7015066146850586
IMU Transformer,LFR,RW-Thigh,MLP,Freeze,HAR,RW-Thigh,100.0,accuracy,0.6211180090904236
IMU Transformer,LFR,RW-Waist,MLP,Full Finetune,HAR,RW-Waist,50.0,accuracy,0.6107252836227417
CNN-PFF,LFR,MS,MLP,Freeze,HAR,MS,50.0,accuracy,0.7627118825912476
IMU Transformer,LFR,RW-Waist,MLP,Full Finetune,HAR,RW-Waist,5.0,accuracy,0.4938271641731262
IMU Transformer,LFR,RW-Thigh,MLP,Freeze,HAR,RW-Thigh,25.0,accuracy,0.7346445918083191
IMU Transformer,LFR,UCI,MLP,Freeze,HAR,UCI,10.0,accuracy,0.7565217614173889
CNN-PFF,LFR,RW-Thigh,MLP,Freeze,HAR,RW-Thigh,1000.0,accuracy,0.6407867670059204
CNN-PFF,LFR,UCI,MLP,Freeze,HAR,UCI,1.0,accuracy,0.626086950302124
IMU Transformer,LFR,UCI,MLP,Full Finetune,HAR,UCI,200.0,accuracy,0.782608687877655
IMU Transformer,LFR,WISDM,MLP,Full Finetune,HAR,WISDM,1.0,accuracy,0.4262672662734985
IMU Transformer,LFR,KH,MLP,Full Finetune,HAR,KH,50.0,accuracy,0.7013888955116272
CNN-PFF,LFR,RW-Thigh,MLP,Full Finetune,HAR,RW-Thigh,5.0,accuracy,0.616287112236023
IMU Transformer,LFR,RW-Thigh,MLP,Freeze,HAR,RW-Thigh,200.0,accuracy,0.6442373991012573
IMU Transformer,LFR,RW-Thigh,MLP,Full Finetune,HAR,RW-Thigh,5.0,accuracy,0.5921325087547302
CNN-PFF,LFR,RW-Thigh,MLP,Freeze,HAR,RW-Thigh,5.0,accuracy,0.4047619104385376
CNN-PFF,LFR,MS,MLP,Freeze,HAR,MS,5.0,accuracy,0.5
CNN-PFF,LFR,UCI,MLP,Freeze,HAR,UCI,100.0,accuracy,0.8028985261917114
CNN-PFF,LFR,RW-Waist,MLP,Full Finetune,HAR,RW-Waist,1.0,accuracy,0.4668209850788116
CNN-PFF,LFR,MS,MLP,Full Finetune,HAR,MS,5.0,accuracy,0.5743879675865173
IMU Transformer,LFR,WISDM,MLP,Full Finetune,HAR,WISDM,100.0,accuracy,0.7284946441650391
IMU Transformer,LFR,RW-Thigh,MLP,Freeze,HAR,RW-Thigh,10.0,accuracy,0.4710144996643066
CNN-PFF,LFR,WISDM,MLP,Freeze,HAR,WISDM,50.0,accuracy,0.7419354915618896
IMU Transformer,LFR,RW-Waist,MLP,Freeze,HAR,RW-Waist,10.0,accuracy,0.5416666865348816
IMU Transformer,LFR,KH,MLP,Freeze,HAR,KH,1.0,accuracy,0.5277777910232544
IMU Transformer,LFR,RW-Waist,MLP,Freeze,HAR,RW-Waist,5.0,accuracy,0.5412808656692505
IMU Transformer,LFR,RW-Waist,MLP,Freeze,HAR,RW-Waist,1000.0,accuracy,0.7006173133850098
CNN-PFF,LFR,UCI,MLP,Freeze,HAR,UCI,200.0,accuracy,0.8072463870048523
CNN-PFF,LFR,UCI,MLP,Full Finetune,HAR,UCI,1000.0,accuracy,0.908695638179779
IMU Transformer,LFR,KH,MLP,Freeze,HAR,KH,100.0,accuracy,0.6875
IMU Transformer,LFR,RW-Waist,MLP,Freeze,HAR,RW-Waist,50.0,accuracy,0.6458333134651184
IMU Transformer,LFR,KH,MLP,Full Finetune,HAR,KH,100.0,accuracy,0.7569444179534912
IMU Transformer,LFR,UCI,MLP,Full Finetune,HAR,UCI,50.0,accuracy,0.791304349899292
CNN-PFF,LFR,MS,MLP,Full Finetune,HAR,MS,25.0,accuracy,0.8088512420654297
CNN-PFF,LFR,RW-Thigh,MLP,Freeze,HAR,RW-Thigh,1.0,accuracy,0.1614906787872314
CNN-PFF,LFR,UCI,MLP,Freeze,HAR,UCI,10.0,accuracy,0.54347825050354
IMU Transformer,LFR,WISDM,MLP,Freeze,HAR,WISDM,25.0,accuracy,0.6701228618621826
IMU Transformer,LFR,UCI,MLP,Full Finetune,HAR,UCI,10.0,accuracy,0.7463768124580383
IMU Transformer,LFR,RW-Waist,MLP,Freeze,HAR,RW-Waist,25.0,accuracy,0.533178985118866
TS2Vec Encoder,LFR,KH,MLP,Freeze,HAR,KH,1.0,accuracy,0.2222222238779068
TS2Vec Encoder,LFR,UCI,MLP,Freeze,HAR,UCI,1.0,accuracy,0.343478262424469
TS2Vec Encoder,LFR,UCI,MLP,Full Finetune,HAR,UCI,50.0,accuracy,0.9014492630958556
TS2Vec Encoder,LFR,UCI,MLP,Freeze,HAR,UCI,100.0,accuracy,0.8072463870048523
TS2Vec Encoder,LFR,MS,MLP,Full Finetune,HAR,MS,5.0,accuracy,0.4576271176338196
TS2Vec Encoder,LFR,KH,MLP,Freeze,HAR,KH,50.0,accuracy,0.5694444179534912
TS2Vec Encoder,LFR,UCI,MLP,Freeze,HAR,UCI,5.0,accuracy,0.6086956262588501
TS2Vec Encoder,LFR,KH,MLP,Full Finetune,HAR,KH,200.0,accuracy,0.7291666865348816
TS2Vec Encoder,LFR,RW-Waist,MLP,Freeze,HAR,RW-Waist,50.0,accuracy,0.6385030746459961
TS2Vec Encoder,LFR,MS,MLP,Freeze,HAR,MS,50.0,accuracy,0.7146892547607422
TS2Vec Encoder,LFR,RW-Waist,MLP,Full Finetune,HAR,RW-Waist,100.0,accuracy,0.7442129850387573
TS2Vec Encoder,LFR,RW-Thigh,MLP,Full Finetune,HAR,RW-Thigh,5.0,accuracy,0.4996549487113952
TS2Vec Encoder,LFR,RW-Thigh,MLP,Freeze,HAR,RW-Thigh,25.0,accuracy,0.5955831408500671
TS2Vec Encoder,LFR,WISDM,MLP,Full Finetune,HAR,WISDM,1.0,accuracy,0.5833333134651184
TS2Vec Encoder,LFR,WISDM,MLP,Full Finetune,HAR,WISDM,50.0,accuracy,0.7304147481918335
TS2Vec Encoder,LFR,RW-Thigh,MLP,Full Finetune,HAR,RW-Thigh,100.0,accuracy,0.7146307826042175
TS2Vec Encoder,LFR,WISDM,MLP,Full Finetune,HAR,WISDM,200.0,accuracy,0.8367895483970642
TS2Vec Encoder,LFR,MS,MLP,Freeze,HAR,MS,100.0,accuracy,0.7580037713050842
TS2Vec Encoder,LFR,KH,MLP,Full Finetune,HAR,KH,25.0,accuracy,0.5069444179534912
TS2Vec Encoder,LFR,UCI,MLP,Freeze,HAR,UCI,10.0,accuracy,0.6710144877433777
TS2Vec Encoder,LFR,RW-Waist,MLP,Freeze,HAR,RW-Waist,100.0,accuracy,0.6909722089767456
TS2Vec Encoder,LFR,KH,MLP,Full Finetune,HAR,KH,5.0,accuracy,0.5208333134651184
TS2Vec Encoder,LFR,RW-Waist,MLP,Freeze,HAR,RW-Waist,25.0,accuracy,0.5968364477157593
TS2Vec Encoder,LFR,MS,MLP,Full Finetune,HAR,MS,1.0,accuracy,0.2090395539999008
TS2Vec Encoder,LFR,MS,MLP,Full Finetune,HAR,MS,50.0,accuracy,0.9199623465538024
TS2Vec Encoder,LFR,MS,MLP,Full Finetune,HAR,MS,100.0,accuracy,0.8512241244316101
TS2Vec Encoder,LFR,RW-Waist,MLP,Freeze,HAR,RW-Waist,10.0,accuracy,0.53125
TS2Vec Encoder,LFR,RW-Thigh,MLP,Freeze,HAR,RW-Thigh,200.0,accuracy,0.6697722673416138
TS2Vec Encoder,LFR,WISDM,MLP,Freeze,HAR,WISDM,1.0,accuracy,0.2492319494485855
TS2Vec Encoder,LFR,KH,MLP,Freeze,HAR,KH,100.0,accuracy,0.6597222089767456
TS2Vec Encoder,LFR,MS,MLP,Full Finetune,HAR,MS,1000.0,accuracy,0.9745762944221495
TS2Vec Encoder,LFR,WISDM,MLP,Freeze,HAR,WISDM,1000.0,accuracy,0.8559907674789429
TS2Vec Encoder,LFR,RW-Thigh,MLP,Full Finetune,HAR,RW-Thigh,200.0,accuracy,0.7446514964103699
TS2Vec Encoder,LFR,RW-Waist,MLP,Freeze,HAR,RW-Waist,1000.0,accuracy,0.6728395223617554
TS2Vec Encoder,LFR,UCI,MLP,Freeze,HAR,UCI,25.0,accuracy,0.7942029237747192
TS2Vec Encoder,LFR,WISDM,MLP,Full Finetune,HAR,WISDM,25.0,accuracy,0.7542242407798767
TS2Vec Encoder,LFR,KH,MLP,Full Finetune,HAR,KH,1.0,accuracy,0.1944444477558136
TS2Vec Encoder,LFR,RW-Waist,MLP,Full Finetune,HAR,RW-Waist,200.0,accuracy,0.7704475522041321
TS2Vec Encoder,LFR,RW-Thigh,MLP,Full Finetune,HAR,RW-Thigh,1.0,accuracy,0.1690821200609207
TS2Vec Encoder,LFR,MS,MLP,Freeze,HAR,MS,1.0,accuracy,0.1676082909107208
TS2Vec Encoder,LFR,MS,MLP,Freeze,HAR,MS,5.0,accuracy,0.2627118527889251
TS2Vec Encoder,LFR,MS,MLP,Freeze,HAR,MS,25.0,accuracy,0.790960431098938
TS2Vec Encoder,LFR,RW-Waist,MLP,Full Finetune,HAR,RW-Waist,50.0,accuracy,0.6940586566925049
TS2Vec Encoder,LFR,WISDM,MLP,Freeze,HAR,WISDM,200.0,accuracy,0.7791858911514282
TS2Vec Encoder,LFR,RW-Thigh,MLP,Full Finetune,HAR,RW-Thigh,25.0,accuracy,0.7167011499404907
TS2Vec Encoder,LFR,KH,MLP,Freeze,HAR,KH,10.0,accuracy,0.2083333283662796
TS2Vec Encoder,LFR,MS,MLP,Full Finetune,HAR,MS,25.0,accuracy,0.8361582159996033
TS2Vec Encoder,LFR,RW-Waist,MLP,Freeze,HAR,RW-Waist,200.0,accuracy,0.6890432238578796
TS2Vec Encoder,LFR,UCI,MLP,Full Finetune,HAR,UCI,100.0,accuracy,0.9028985500335692
TS2Vec Encoder,LFR,RW-Thigh,MLP,Full Finetune,HAR,RW-Thigh,1000.0,accuracy,0.7015182971954346
TS2Vec Encoder,LFR,UCI,MLP,Full Finetune,HAR,UCI,1000.0,accuracy,0.9536231756210328
TS2Vec Encoder,LFR,MS,MLP,Freeze,HAR,MS,10.0,accuracy,0.2947269380092621
TS2Vec Encoder,LFR,KH,MLP,Full Finetune,HAR,KH,50.0,accuracy,0.375
TS2Vec Encoder,LFR,RW-Waist,MLP,Full Finetune,HAR,RW-Waist,1000.0,accuracy,0.7947530746459961
TS2Vec Encoder,LFR,WISDM,MLP,Full Finetune,HAR,WISDM,100.0,accuracy,0.707757294178009
TS2Vec Encoder,LFR,UCI,MLP,Full Finetune,HAR,UCI,200.0,accuracy,0.93478262424469
TS2Vec Encoder,LFR,RW-Waist,MLP,Freeze,HAR,RW-Waist,5.0,accuracy,0.4629629552364349
TS2Vec Encoder,LFR,RW-Thigh,MLP,Full Finetune,HAR,RW-Thigh,50.0,accuracy,0.7132505178451538
TS2Vec Encoder,LFR,UCI,MLP,Full Finetune,HAR,UCI,1.0,accuracy,0.2884058058261871
TS2Vec Encoder,LFR,RW-Waist,MLP,Full Finetune,HAR,RW-Waist,1.0,accuracy,0.2434413582086563
TS2Vec Encoder,LFR,KH,MLP,Freeze,HAR,KH,200.0,accuracy,0.6527777910232544
TS2Vec Encoder,LFR,RW-Thigh,MLP,Freeze,HAR,RW-Thigh,1.0,accuracy,0.30158731341362
TS2Vec Encoder,LFR,MS,MLP,Full Finetune,HAR,MS,200.0,accuracy,0.9058380126953124
TS2Vec Encoder,LFR,WISDM,MLP,Freeze,HAR,WISDM,50.0,accuracy,0.7622888088226318
TS2Vec Encoder,LFR,WISDM,MLP,Full Finetune,HAR,WISDM,5.0,accuracy,0.5084485411643982
TS2Vec Encoder,LFR,RW-Thigh,MLP,Freeze,HAR,RW-Thigh,5.0,accuracy,0.2380952388048172
TS2Vec Encoder,LFR,RW-Waist,MLP,Full Finetune,HAR,RW-Waist,25.0,accuracy,0.6875
TS2Vec Encoder,LFR,WISDM,MLP,Full Finetune,HAR,WISDM,10.0,accuracy,0.5798771381378174
TS2Vec Encoder,LFR,RW-Thigh,MLP,Full Finetune,HAR,RW-Thigh,10.0,accuracy,0.4920634925365448
TS2Vec Encoder,LFR,UCI,MLP,Full Finetune,HAR,UCI,25.0,accuracy,0.791304349899292
TS2Vec Encoder,LFR,RW-Thigh,MLP,Freeze,HAR,RW-Thigh,100.0,accuracy,0.5966183543205261
TS2Vec Encoder,LFR,RW-Waist,MLP,Freeze,HAR,RW-Waist,1.0,accuracy,0.2642746865749359
TS2Vec Encoder,LFR,KH,MLP,Full Finetune,HAR,KH,10.0,accuracy,0.4027777910232544
TS2Vec Encoder,LFR,KH,MLP,Freeze,HAR,KH,5.0,accuracy,0.2152777761220932
TS2Vec Encoder,LFR,KH,MLP,Freeze,HAR,KH,1000.0,accuracy,0.6944444179534912
TS2Vec Encoder,LFR,KH,MLP,Freeze,HAR,KH,25.0,accuracy,0.625
TS2Vec Encoder,LFR,UCI,MLP,Freeze,HAR,UCI,200.0,accuracy,0.8318840861320496
TS2Vec Encoder,LFR,UCI,MLP,Freeze,HAR,UCI,1000.0,accuracy,0.8608695864677429
TS2Vec Encoder,LFR,MS,MLP,Freeze,HAR,MS,200.0,accuracy,0.799435019493103
TS2Vec Encoder,LFR,RW-Waist,MLP,Full Finetune,HAR,RW-Waist,5.0,accuracy,0.5100308656692505
TS2Vec Encoder,LFR,WISDM,MLP,Full Finetune,HAR,WISDM,1000.0,accuracy,0.8894008994102478
TS2Vec Encoder,LFR,WISDM,MLP,Freeze,HAR,WISDM,10.0,accuracy,0.6309523582458496
TS2Vec Encoder,LFR,KH,MLP,Full Finetune,HAR,KH,1000.0,accuracy,0.7569444179534912
TS2Vec Encoder,LFR,UCI,MLP,Freeze,HAR,UCI,50.0,accuracy,0.8057971000671387
TS2Vec Encoder,LFR,UCI,MLP,Full Finetune,HAR,UCI,10.0,accuracy,0.6811594367027283
TS2Vec Encoder,LFR,RW-Waist,MLP,Full Finetune,HAR,RW-Waist,10.0,accuracy,0.5891203880310059
TS2Vec Encoder,LFR,KH,MLP,Full Finetune,HAR,KH,100.0,accuracy,0.5902777910232544
TS2Vec Encoder,LFR,WISDM,MLP,Freeze,HAR,WISDM,5.0,accuracy,0.2987711131572723
TS2Vec Encoder,LFR,WISDM,MLP,Freeze,HAR,WISDM,100.0,accuracy,0.746927797794342
TS2Vec Encoder,LFR,UCI,MLP,Full Finetune,HAR,UCI,5.0,accuracy,0.6797101497650146
TS2Vec Encoder,LFR,MS,MLP,Freeze,HAR,MS,1000.0,accuracy,0.8531073331832886
TS2Vec Encoder,LFR,MS,MLP,Full Finetune,HAR,MS,10.0,accuracy,0.478342741727829
TS2Vec Encoder,LFR,RW-Thigh,MLP,Freeze,HAR,RW-Thigh,10.0,accuracy,0.3926846086978912
TS2Vec Encoder,LFR,WISDM,MLP,Freeze,HAR,WISDM,25.0,accuracy,0.6874039769172668
TS2Vec Encoder,LFR,RW-Thigh,MLP,Freeze,HAR,RW-Thigh,50.0,accuracy,0.5683229565620422
TS2Vec Encoder,LFR,RW-Thigh,MLP,Freeze,HAR,RW-Thigh,1000.0,accuracy,0.6476880311965942
IMU Transformer,LFR,UCI,MLP,Full Finetune,HAR,UCI,50.0,accuracy,0.7797101736068726
CNN-PFF,LFR,UCI,MLP,Full Finetune,HAR,UCI,100.0,accuracy,0.8275362253189087
CNN-PFF,LFR,MS,MLP,Full Finetune,HAR,MS,200.0,accuracy,0.8549906015396118
CNN-PFF,LFR,WISDM,MLP,Full Finetune,HAR,WISDM,25.0,accuracy,0.6858679056167603
CNN-PFF,LFR,RW-Waist,MLP,Full Finetune,HAR,RW-Waist,200.0,accuracy,0.689428985118866
CNN-PFF,LFR,KH,MLP,Freeze,HAR,KH,100.0,accuracy,0.5555555820465088
CNN-PFF,LFR,RW-Waist,MLP,Freeze,HAR,RW-Waist,1000.0,accuracy,0.7330247163772583
CNN-PFF,LFR,RW-Thigh,MLP,Full Finetune,HAR,RW-Thigh,1000.0,accuracy,0.7298136353492737
CNN-PFF,LFR,WISDM,MLP,Freeze,HAR,WISDM,1000.0,accuracy,0.8152841925621033
CNN-PFF,LFR,RW-Waist,MLP,Freeze,HAR,RW-Waist,5.0,accuracy,0.4290123581886291
CNN-PFF,LFR,RW-Waist,MLP,Full Finetune,HAR,RW-Waist,1.0,accuracy,0.2692901194095611
CNN-PFF,LFR,RW-Thigh,MLP,Full Finetune,HAR,RW-Thigh,100.0,accuracy,0.7122153043746948
CNN-PFF,LFR,KH,MLP,Freeze,HAR,KH,1000.0,accuracy,0.5277777910232544
CNN-PFF,LFR,WISDM,MLP,Freeze,HAR,WISDM,5.0,accuracy,0.3970814049243927
IMU Transformer,LFR,WISDM,MLP,Freeze,HAR,WISDM,100.0,accuracy,0.7373272180557251
IMU Transformer,LFR,RW-Thigh,MLP,Full Finetune,HAR,RW-Thigh,25.0,accuracy,0.579365074634552
IMU Transformer,LFR,RW-Thigh,MLP,Freeze,HAR,RW-Thigh,100.0,accuracy,0.5355417728424072
CNN-PFF,LFR,MS,MLP,Freeze,HAR,MS,25.0,accuracy,0.4858756959438324
CNN-PFF,LFR,KH,MLP,Freeze,HAR,KH,5.0,accuracy,0.4583333432674408
IMU Transformer,LFR,KH,MLP,Full Finetune,HAR,KH,1000.0,accuracy,0.7638888955116272
CNN-PFF,LFR,RW-Waist,MLP,Full Finetune,HAR,RW-Waist,100.0,accuracy,0.6979166865348816
IMU Transformer,LFR,UCI,MLP,Freeze,HAR,UCI,100.0,accuracy,0.6913043260574341
IMU Transformer,LFR,RW-Thigh,MLP,Full Finetune,HAR,RW-Thigh,200.0,accuracy,0.4982746839523315
IMU Transformer,LFR,WISDM,MLP,Full Finetune,HAR,WISDM,5.0,accuracy,0.6827957034111023
IMU Transformer,LFR,UCI,MLP,Freeze,HAR,UCI,200.0,accuracy,0.7188405990600586
IMU Transformer,LFR,MS,MLP,Freeze,HAR,MS,200.0,accuracy,0.8182674050331116
CNN-PFF,LFR,KH,MLP,Full Finetune,HAR,KH,100.0,accuracy,0.4652777910232544
IMU Transformer,LFR,KH,MLP,Freeze,HAR,KH,10.0,accuracy,0.4861111044883728
CNN-PFF,LFR,UCI,MLP,Freeze,HAR,UCI,100.0,accuracy,0.800000011920929
IMU Transformer,LFR,RW-Waist,MLP,Freeze,HAR,RW-Waist,5.0,accuracy,0.3105709850788116
CNN-PFF,LFR,UCI,MLP,Freeze,HAR,UCI,1000.0,accuracy,0.8550724387168884
IMU Transformer,LFR,MS,MLP,Freeze,HAR,MS,25.0,accuracy,0.6459510326385498
IMU Transformer,LFR,WISDM,MLP,Full Finetune,HAR,WISDM,1000.0,accuracy,0.8133640289306641
IMU Transformer,LFR,RW-Waist,MLP,Freeze,HAR,RW-Waist,50.0,accuracy,0.4807098805904388
IMU Transformer,LFR,RW-Thigh,MLP,Freeze,HAR,RW-Thigh,5.0,accuracy,0.3253968358039856
CNN-PFF,LFR,WISDM,MLP,Full Finetune,HAR,WISDM,10.0,accuracy,0.5756528377532959
CNN-PFF,LFR,RW-Waist,MLP,Freeze,HAR,RW-Waist,200.0,accuracy,0.7523148059844971
IMU Transformer,LFR,RW-Thigh,MLP,Freeze,HAR,RW-Thigh,50.0,accuracy,0.4444444477558136
CNN-PFF,LFR,KH,MLP,Full Finetune,HAR,KH,1000.0,accuracy,0.1666666716337204
CNN-PFF,LFR,RW-Waist,MLP,Full Finetune,HAR,RW-Waist,5.0,accuracy,0.5540123581886292
CNN-PFF,LFR,UCI,MLP,Freeze,HAR,UCI,50.0,accuracy,0.7985507249832153
IMU Transformer,LFR,RW-Waist,MLP,Full Finetune,HAR,RW-Waist,50.0,accuracy,0.5871913433074951
IMU Transformer,LFR,UCI,MLP,Full Finetune,HAR,UCI,200.0,accuracy,0.782608687877655
CNN-PFF,LFR,MS,MLP,Freeze,HAR,MS,100.0,accuracy,0.8276836276054382
IMU Transformer,LFR,WISDM,MLP,Freeze,HAR,WISDM,1000.0,accuracy,0.8187404274940491
IMU Transformer,LFR,RW-Thigh,MLP,Full Finetune,HAR,RW-Thigh,100.0,accuracy,0.5465838313102722
IMU Transformer,LFR,MS,MLP,Full Finetune,HAR,MS,200.0,accuracy,0.8380414247512817
IMU Transformer,LFR,KH,MLP,Freeze,HAR,KH,5.0,accuracy,0.5069444179534912
IMU Transformer,LFR,KH,MLP,Freeze,HAR,KH,200.0,accuracy,0.5902777910232544
IMU Transformer,LFR,MS,MLP,Full Finetune,HAR,MS,50.0,accuracy,0.7674199342727661
CNN-PFF,LFR,MS,MLP,Freeze,HAR,MS,1.0,accuracy,0.1563088446855545
CNN-PFF,LFR,WISDM,MLP,Full Finetune,HAR,WISDM,200.0,accuracy,0.7857142686843872
IMU Transformer,LFR,RW-Thigh,MLP,Full Finetune,HAR,RW-Thigh,10.0,accuracy,0.4530710875988006
IMU Transformer,LFR,WISDM,MLP,Full Finetune,HAR,WISDM,200.0,accuracy,0.7657449841499329
IMU Transformer,LFR,RW-Thigh,MLP,Freeze,HAR,RW-Thigh,1000.0,accuracy,0.6449275612831116
CNN-PFF,LFR,RW-Waist,MLP,Full Finetune,HAR,RW-Waist,50.0,accuracy,0.7114197611808777
IMU Transformer,LFR,WISDM,MLP,Full Finetune,HAR,WISDM,50.0,accuracy,0.7791858911514282
IMU Transformer,LFR,KH,MLP,Full Finetune,HAR,KH,25.0,accuracy,0.6805555820465088
IMU Transformer,LFR,WISDM,MLP,Full Finetune,HAR,WISDM,10.0,accuracy,0.7622888088226318
CNN-PFF,LFR,RW-Waist,MLP,Freeze,HAR,RW-Waist,100.0,accuracy,0.7091049551963806
CNN-PFF,LFR,KH,MLP,Full Finetune,HAR,KH,10.0,accuracy,0.3472222089767456
CNN-PFF,LFR,UCI,MLP,Freeze,HAR,UCI,5.0,accuracy,0.6202898621559143
CNN-PFF,LFR,WISDM,MLP,Freeze,HAR,WISDM,1.0,accuracy,0.4781106114387512
CNN-PFF,LFR,KH,MLP,Freeze,HAR,KH,50.0,accuracy,0.4583333432674408
CNN-PFF,LFR,WISDM,MLP,Freeze,HAR,WISDM,50.0,accuracy,0.6793394684791565
IMU Transformer,LFR,RW-Thigh,MLP,Full Finetune,HAR,RW-Thigh,50.0,accuracy,0.5907522439956665
IMU Transformer,LFR,RW-Waist,MLP,Full Finetune,HAR,RW-Waist,200.0,accuracy,0.6890432238578796
CNN-PFF,LFR,RW-Thigh,MLP,Freeze,HAR,RW-Thigh,5.0,accuracy,0.4337474107742309
IMU Transformer,LFR,UCI,MLP,Full Finetune,HAR,UCI,5.0,accuracy,0.613043487071991
IMU Transformer,LFR,RW-Waist,MLP,Freeze,HAR,RW-Waist,200.0,accuracy,0.5725308656692505
CNN-PFF,LFR,UCI,MLP,Full Finetune,HAR,UCI,5.0,accuracy,0.6637681126594543
IMU Transformer,LFR,KH,MLP,Freeze,HAR,KH,50.0,accuracy,0.625
IMU Transformer,LFR,WISDM,MLP,Full Finetune,HAR,WISDM,25.0,accuracy,0.7688171863555908
CNN-PFF,LFR,KH,MLP,Full Finetune,HAR,KH,1.0,accuracy,0.3611111044883728
CNN-PFF,LFR,RW-Thigh,MLP,Full Finetune,HAR,RW-Thigh,10.0,accuracy,0.4948240220546722
CNN-PFF,LFR,UCI,MLP,Full Finetune,HAR,UCI,50.0,accuracy,0.8028985261917114
CNN-PFF,LFR,UCI,MLP,Freeze,HAR,UCI,1.0,accuracy,0.3188405930995941
CNN-PFF,LFR,WISDM,MLP,Full Finetune,HAR,WISDM,5.0,accuracy,0.3360215127468109
IMU Transformer,LFR,KH,MLP,Full Finetune,HAR,KH,10.0,accuracy,0.6041666865348816
IMU Transformer,LFR,KH,MLP,Full Finetune,HAR,KH,1.0,accuracy,0.4236111044883728
CNN-PFF,LFR,RW-Waist,MLP,Freeze,HAR,RW-Waist,10.0,accuracy,0.4425154328346252
CNN-PFF,LFR,MS,MLP,Full Finetune,HAR,MS,25.0,accuracy,0.6459510326385498
IMU Transformer,LFR,MS,MLP,Full Finetune,HAR,MS,10.0,accuracy,0.7015066146850586
IMU Transformer,LFR,WISDM,MLP,Full Finetune,HAR,WISDM,1.0,accuracy,0.5568356513977051
IMU Transformer,LFR,MS,MLP,Full Finetune,HAR,MS,1000.0,accuracy,0.8305084705352783
IMU Transformer,LFR,WISDM,MLP,Freeze,HAR,WISDM,200.0,accuracy,0.7580645084381104
CNN-PFF,LFR,KH,MLP,Full Finetune,HAR,KH,50.0,accuracy,0.5138888955116272
CNN-PFF,LFR,RW-Thigh,MLP,Freeze,HAR,RW-Thigh,1.0,accuracy,0.1704623848199844
IMU Transformer,LFR,KH,MLP,Full Finetune,HAR,KH,50.0,accuracy,0.6666666865348816
CNN-PFF,LFR,RW-Thigh,MLP,Full Finetune,HAR,RW-Thigh,5.0,accuracy,0.3833678364753723
IMU Transformer,LFR,MS,MLP,Freeze,HAR,MS,100.0,accuracy,0.756120502948761
IMU Transformer,LFR,RW-Waist,MLP,Full Finetune,HAR,RW-Waist,5.0,accuracy,0.4895833432674408
CNN-PFF,LFR,MS,MLP,Full Finetune,HAR,MS,10.0,accuracy,0.4472692906856537
CNN-PFF,LFR,MS,MLP,Full Finetune,HAR,MS,5.0,accuracy,0.3625235259532928
CNN-PFF,LFR,WISDM,MLP,Full Finetune,HAR,WISDM,1000.0,accuracy,0.8667434453964233
CNN-PFF,LFR,MS,MLP,Freeze,HAR,MS,5.0,accuracy,0.3201506733894348
CNN-PFF,LFR,RW-Thigh,MLP,Freeze,HAR,RW-Thigh,10.0,accuracy,0.460317462682724
CNN-PFF,LFR,WISDM,MLP,Freeze,HAR,WISDM,25.0,accuracy,0.4646697342395782
IMU Transformer,LFR,RW-Waist,MLP,Freeze,HAR,RW-Waist,1000.0,accuracy,0.6782407164573669
IMU Transformer,LFR,KH,MLP,Freeze,HAR,KH,1000.0,accuracy,0.5486111044883728
CNN-PFF,LFR,WISDM,MLP,Freeze,HAR,WISDM,10.0,accuracy,0.4408602118492126
IMU Transformer,LFR,RW-Waist,MLP,Full Finetune,HAR,RW-Waist,100.0,accuracy,0.5451388955116272
IMU Transformer,LFR,RW-Thigh,MLP,Freeze,HAR,RW-Thigh,1.0,accuracy,0.247757077217102
CNN-PFF,LFR,UCI,MLP,Full Finetune,HAR,UCI,25.0,accuracy,0.7956521511077881
IMU Transformer,LFR,RW-Waist,MLP,Full Finetune,HAR,RW-Waist,1000.0,accuracy,0.7002314925193787
CNN-PFF,LFR,RW-Thigh,MLP,Freeze,HAR,RW-Thigh,50.0,accuracy,0.6677018404006958
CNN-PFF,LFR,WISDM,MLP,Full Finetune,HAR,WISDM,1.0,accuracy,0.3498463928699493
CNN-PFF,LFR,UCI,MLP,Freeze,HAR,UCI,10.0,accuracy,0.6739130616188049
IMU Transformer,LFR,RW-Waist,MLP,Freeze,HAR,RW-Waist,10.0,accuracy,0.2928240597248077
IMU Transformer,LFR,UCI,MLP,Freeze,HAR,UCI,1.0,accuracy,0.4043478369712829
CNN-PFF,LFR,MS,MLP,Freeze,HAR,MS,50.0,accuracy,0.7815442681312561
IMU Transformer,LFR,RW-Waist,MLP,Full Finetune,HAR,RW-Waist,1.0,accuracy,0.3711419701576233
CNN-PFF,LFR,RW-Thigh,MLP,Freeze,HAR,RW-Thigh,200.0,accuracy,0.7094547748565674
CNN-PFF,LFR,UCI,MLP,Freeze,HAR,UCI,200.0,accuracy,0.8173912763595581
IMU Transformer,LFR,MS,MLP,Freeze,HAR,MS,1000.0,accuracy,0.8314501047134399
CNN-PFF,LFR,UCI,MLP,Full Finetune,HAR,UCI,1000.0,accuracy,0.8884057998657227
CNN-PFF,LFR,KH,MLP,Freeze,HAR,KH,10.0,accuracy,0.3333333432674408
IMU Transformer,LFR,RW-Thigh,MLP,Freeze,HAR,RW-Thigh,10.0,accuracy,0.3340234756469726
IMU Transformer,LFR,KH,MLP,Freeze,HAR,KH,25.0,accuracy,0.5555555820465088
IMU Transformer,LFR,UCI,MLP,Full Finetune,HAR,UCI,1.0,accuracy,0.4159420430660248
CNN-PFF,LFR,RW-Thigh,MLP,Full Finetune,HAR,RW-Thigh,50.0,accuracy,0.6922014951705933
CNN-PFF,LFR,RW-Waist,MLP,Full Finetune,HAR,RW-Waist,10.0,accuracy,0.6242284178733826
IMU Transformer,LFR,MS,MLP,Full Finetune,HAR,MS,25.0,accuracy,0.7184557318687439
CNN-PFF,LFR,RW-Waist,MLP,Freeze,HAR,RW-Waist,1.0,accuracy,0.3827160596847534
CNN-PFF,LFR,MS,MLP,Full Finetune,HAR,MS,1.0,accuracy,0.3625235259532928
IMU Transformer,LFR,WISDM,MLP,Freeze,HAR,WISDM,1.0,accuracy,0.4923194944858551
CNN-PFF,LFR,UCI,MLP,Full Finetune,HAR,UCI,10.0,accuracy,0.7130434513092041
IMU Transformer,LFR,UCI,MLP,Freeze,HAR,UCI,10.0,accuracy,0.4521739184856415
IMU Transformer,LFR,UCI,MLP,Full Finetune,HAR,UCI,1000.0,accuracy,0.800000011920929
CNN-PFF,LFR,KH,MLP,Full Finetune,HAR,KH,25.0,accuracy,0.3819444477558136
IMU Transformer,LFR,MS,MLP,Full Finetune,HAR,MS,100.0,accuracy,0.805084764957428
IMU Transformer,LFR,UCI,MLP,Full Finetune,HAR,UCI,10.0,accuracy,0.695652186870575
CNN-PFF,LFR,UCI,MLP,Freeze,HAR,UCI,25.0,accuracy,0.760869562625885
CNN-PFF,LFR,MS,MLP,Freeze,HAR,MS,10.0,accuracy,0.3653483986854553
IMU Transformer,LFR,RW-Thigh,MLP,Full Finetune,HAR,RW-Thigh,5.0,accuracy,0.3802622556686401
IMU Transformer,LFR,RW-Waist,MLP,Full Finetune,HAR,RW-Waist,10.0,accuracy,0.4949845671653747
IMU Transformer,LFR,RW-Thigh,MLP,Full Finetune,HAR,RW-Thigh,1000.0,accuracy,0.6028295159339905
CNN-PFF,LFR,MS,MLP,Full Finetune,HAR,MS,1000.0,accuracy,0.8681732416152954
IMU Transformer,LFR,KH,MLP,Full Finetune,HAR,KH,5.0,accuracy,0.5277777910232544
IMU Transformer,LFR,WISDM,MLP,Full Finetune,HAR,WISDM,100.0,accuracy,0.746927797794342
IMU Transformer,LFR,KH,MLP,Full Finetune,HAR,KH,200.0,accuracy,0.5972222089767456
IMU Transformer,LFR,KH,MLP,Freeze,HAR,KH,1.0,accuracy,0.4375
IMU Transformer,LFR,UCI,MLP,Full Finetune,HAR,UCI,100.0,accuracy,0.7724637389183044
IMU Transformer,LFR,UCI,MLP,Freeze,HAR,UCI,25.0,accuracy,0.4855072498321533
IMU Transformer,LFR,RW-Waist,MLP,Full Finetune,HAR,RW-Waist,25.0,accuracy,0.5254629850387573
CNN-PFF,LFR,KH,MLP,Full Finetune,HAR,KH,5.0,accuracy,0.3333333432674408
CNN-PFF,LFR,RW-Waist,MLP,Full Finetune,HAR,RW-Waist,1000.0,accuracy,0.6836419701576233
IMU Transformer,LFR,RW-Waist,MLP,Freeze,HAR,RW-Waist,100.0,accuracy,0.5100308656692505
IMU Transformer,LFR,MS,MLP,Full Finetune,HAR,MS,1.0,accuracy,0.4830508530139923
CNN-PFF,LFR,MS,MLP,Freeze,HAR,MS,200.0,accuracy,0.8418079018592834
IMU Transformer,LFR,UCI,MLP,Freeze,HAR,UCI,50.0,accuracy,0.560869574546814
IMU Transformer,LFR,MS,MLP,Freeze,HAR,MS,5.0,accuracy,0.4378530979156494
IMU Transformer,LFR,KH,MLP,Full Finetune,HAR,KH,100.0,accuracy,0.7222222089767456
CNN-PFF,LFR,WISDM,MLP,Freeze,HAR,WISDM,100.0,accuracy,0.7526881694793701
CNN-PFF,LFR,RW-Waist,MLP,Freeze,HAR,RW-Waist,25.0,accuracy,0.6612654328346252
CNN-PFF,LFR,RW-Thigh,MLP,Freeze,HAR,RW-Thigh,100.0,accuracy,0.7063491940498352
IMU Transformer,LFR,MS,MLP,Full Finetune,HAR,MS,5.0,accuracy,0.6064029932022095
IMU Transformer,LFR,RW-Waist,MLP,Freeze,HAR,RW-Waist,1.0,accuracy,0.264660507440567
IMU Transformer,LFR,MS,MLP,Freeze,HAR,MS,10.0,accuracy,0.3738229870796203
CNN-PFF,LFR,UCI,MLP,Full Finetune,HAR,UCI,200.0,accuracy,0.8550724387168884
IMU Transformer,LFR,MS,MLP,Freeze,HAR,MS,50.0,accuracy,0.6760828495025635
IMU Transformer,LFR,WISDM,MLP,Freeze,HAR,WISDM,10.0,accuracy,0.5937020182609558
CNN-PFF,LFR,WISDM,MLP,Freeze,HAR,WISDM,200.0,accuracy,0.7526881694793701
CNN-PFF,LFR,KH,MLP,Freeze,HAR,KH,25.0,accuracy,0.4305555522441864
CNN-PFF,LFR,RW-Waist,MLP,Freeze,HAR,RW-Waist,50.0,accuracy,0.6878858208656311
IMU Transformer,LFR,WISDM,MLP,Freeze,HAR,WISDM,50.0,accuracy,0.6927803158760071
CNN-PFF,LFR,KH,MLP,Freeze,HAR,KH,200.0,accuracy,0.6041666865348816
IMU Transformer,LFR,RW-Waist,MLP,Freeze,HAR,RW-Waist,25.0,accuracy,0.4425154328346252
IMU Transformer,LFR,RW-Thigh,MLP,Freeze,HAR,RW-Thigh,200.0,accuracy,0.592477560043335
CNN-PFF,LFR,WISDM,MLP,Full Finetune,HAR,WISDM,50.0,accuracy,0.7453917264938354
CNN-PFF,LFR,RW-Thigh,MLP,Freeze,HAR,RW-Thigh,25.0,accuracy,0.6131815314292908
CNN-PFF,LFR,MS,MLP,Full Finetune,HAR,MS,50.0,accuracy,0.8116760849952698
IMU Transformer,LFR,UCI,MLP,Freeze,HAR,UCI,5.0,accuracy,0.4347825944423675
IMU Transformer,LFR,UCI,MLP,Full Finetune,HAR,UCI,25.0,accuracy,0.7434782385826111
CNN-PFF,LFR,UCI,MLP,Full Finetune,HAR,UCI,1.0,accuracy,0.4724637567996979
CNN-PFF,LFR,RW-Waist,MLP,Full Finetune,HAR,RW-Waist,25.0,accuracy,0.6593364477157593
IMU Transformer,LFR,KH,MLP,Freeze,HAR,KH,100.0,accuracy,0.6111111044883728
CNN-PFF,LFR,RW-Thigh,MLP,Full Finetune,HAR,RW-Thigh,1.0,accuracy,0.3647342920303345
CNN-PFF,LFR,RW-Thigh,MLP,Freeze,HAR,RW-Thigh,1000.0,accuracy,0.7204968929290771
IMU Transformer,LFR,UCI,MLP,Freeze,HAR,UCI,1000.0,accuracy,0.7681159377098083
CNN-PFF,LFR,RW-Thigh,MLP,Full Finetune,HAR,RW-Thigh,200.0,accuracy,0.7180814146995544
IMU Transformer,LFR,MS,MLP,Freeze,HAR,MS,1.0,accuracy,0.3672316372394562
IMU Transformer,LFR,WISDM,MLP,Freeze,HAR,WISDM,25.0,accuracy,0.59024578332901
CNN-PFF,LFR,KH,MLP,Full Finetune,HAR,KH,200.0,accuracy,0.4722222089767456
IMU Transformer,LFR,RW-Thigh,MLP,Full Finetune,HAR,RW-Thigh,1.0,accuracy,0.3754313290119171
CNN-PFF,LFR,KH,MLP,Freeze,HAR,KH,1.0,accuracy,0.4097222089767456
CNN-PFF,LFR,MS,MLP,Full Finetune,HAR,MS,100.0,accuracy,0.8333333134651184
CNN-PFF,LFR,WISDM,MLP,Full Finetune,HAR,WISDM,100.0,accuracy,0.7665130496025085
CNN-PFF,LFR,RW-Thigh,MLP,Full Finetune,HAR,RW-Thigh,25.0,accuracy,0.6128364205360413
CNN-PFF,LFR,MS,MLP,Freeze,HAR,MS,1000.0,accuracy,0.8239171504974365
IMU Transformer,LFR,RW-Thigh,MLP,Freeze,HAR,RW-Thigh,25.0,accuracy,0.4130434691905975
IMU Transformer,LFR,WISDM,MLP,Freeze,HAR,WISDM,5.0,accuracy,0.5937020182609558
TS2Vec Encoder,LFR,UCI,MLP,Full Finetune,HAR,UCI,5.0,accuracy,0.5840579867362976
TS2Vec Encoder,LFR,UCI,MLP,Full Finetune,HAR,UCI,50.0,accuracy,0.821739137172699
TS2Vec Encoder,LFR,UCI,MLP,Freeze,HAR,UCI,10.0,accuracy,0.6681159138679504
TS2Vec Encoder,LFR,MS,MLP,Full Finetune,HAR,MS,200.0,accuracy,0.9435028433799744
TS2Vec Encoder,LFR,MS,MLP,Freeze,HAR,MS,10.0,accuracy,0.3295668661594391
TS2Vec Encoder,LFR,MS,MLP,Full Finetune,HAR,MS,10.0,accuracy,0.2683615684509277
TS2Vec Encoder,LFR,KH,MLP,Freeze,HAR,KH,1000.0,accuracy,0.7013888955116272
TS2Vec Encoder,LFR,MS,MLP,Full Finetune,HAR,MS,1000.0,accuracy,0.9397363662719728
TS2Vec Encoder,LFR,MS,MLP,Freeze,HAR,MS,100.0,accuracy,0.8352165818214417
TS2Vec Encoder,LFR,MS,MLP,Freeze,HAR,MS,1000.0,accuracy,0.874764621257782
TS2Vec Encoder,LFR,RW-Waist,MLP,Freeze,HAR,RW-Waist,1000.0,accuracy,0.7403549551963806
TS2Vec Encoder,LFR,RW-Thigh,MLP,Freeze,HAR,RW-Thigh,25.0,accuracy,0.5531401038169861
TS2Vec Encoder,LFR,UCI,MLP,Freeze,HAR,UCI,25.0,accuracy,0.752173900604248
TS2Vec Encoder,LFR,WISDM,MLP,Freeze,HAR,WISDM,50.0,accuracy,0.7457757592201233
TS2Vec Encoder,LFR,RW-Waist,MLP,Full Finetune,HAR,RW-Waist,25.0,accuracy,0.6643518805503845
TS2Vec Encoder,LFR,MS,MLP,Full Finetune,HAR,MS,100.0,accuracy,0.903954803943634
TS2Vec Encoder,LFR,MS,MLP,Freeze,HAR,MS,50.0,accuracy,0.7768361568450928
TS2Vec Encoder,LFR,RW-Thigh,MLP,Full Finetune,HAR,RW-Thigh,25.0,accuracy,0.6618357300758362
TS2Vec Encoder,LFR,KH,MLP,Freeze,HAR,KH,10.0,accuracy,0.3611111044883728
TS2Vec Encoder,LFR,WISDM,MLP,Freeze,HAR,WISDM,25.0,accuracy,0.6812595725059509
TS2Vec Encoder,LFR,RW-Thigh,MLP,Full Finetune,HAR,RW-Thigh,1000.0,accuracy,0.7677708864212036
TS2Vec Encoder,LFR,UCI,MLP,Full Finetune,HAR,UCI,100.0,accuracy,0.8695651888847351
TS2Vec Encoder,LFR,KH,MLP,Full Finetune,HAR,KH,1000.0,accuracy,0.7638888955116272
TS2Vec Encoder,LFR,UCI,MLP,Freeze,HAR,UCI,1000.0,accuracy,0.8304347991943359
TS2Vec Encoder,LFR,RW-Thigh,MLP,Freeze,HAR,RW-Thigh,50.0,accuracy,0.5414078831672668
TS2Vec Encoder,LFR,RW-Waist,MLP,Freeze,HAR,RW-Waist,100.0,accuracy,0.6655092835426331
TS2Vec Encoder,LFR,UCI,MLP,Freeze,HAR,UCI,100.0,accuracy,0.7942029237747192
TS2Vec Encoder,LFR,RW-Thigh,MLP,Full Finetune,HAR,RW-Thigh,1.0,accuracy,0.1632160097360611
TS2Vec Encoder,LFR,UCI,MLP,Full Finetune,HAR,UCI,10.0,accuracy,0.730434775352478
TS2Vec Encoder,LFR,RW-Thigh,MLP,Freeze,HAR,RW-Thigh,5.0,accuracy,0.2494824081659317
TS2Vec Encoder,LFR,RW-Thigh,MLP,Freeze,HAR,RW-Thigh,10.0,accuracy,0.4085576236248016
TS2Vec Encoder,LFR,KH,MLP,Full Finetune,HAR,KH,50.0,accuracy,0.6041666865348816
TS2Vec Encoder,LFR,RW-Waist,MLP,Freeze,HAR,RW-Waist,50.0,accuracy,0.6222993731498718
TS2Vec Encoder,LFR,UCI,MLP,Freeze,HAR,UCI,200.0,accuracy,0.7927536368370056
TS2Vec Encoder,LFR,KH,MLP,Freeze,HAR,KH,200.0,accuracy,0.6944444179534912
TS2Vec Encoder,LFR,KH,MLP,Full Finetune,HAR,KH,25.0,accuracy,0.6041666865348816
TS2Vec Encoder,LFR,KH,MLP,Freeze,HAR,KH,1.0,accuracy,0.1875
TS2Vec Encoder,LFR,WISDM,MLP,Full Finetune,HAR,WISDM,100.0,accuracy,0.7876344323158264
TS2Vec Encoder,LFR,RW-Waist,MLP,Full Finetune,HAR,RW-Waist,10.0,accuracy,0.501928985118866
TS2Vec Encoder,LFR,RW-Waist,MLP,Full Finetune,HAR,RW-Waist,100.0,accuracy,0.7839506268501282
TS2Vec Encoder,LFR,WISDM,MLP,Full Finetune,HAR,WISDM,10.0,accuracy,0.3790322542190552
TS2Vec Encoder,LFR,RW-Waist,MLP,Full Finetune,HAR,RW-Waist,5.0,accuracy,0.3969907462596893
TS2Vec Encoder,LFR,RW-Waist,MLP,Freeze,HAR,RW-Waist,200.0,accuracy,0.6932870149612427
TS2Vec Encoder,LFR,MS,MLP,Freeze,HAR,MS,1.0,accuracy,0.1591337174177169
TS2Vec Encoder,LFR,RW-Thigh,MLP,Full Finetune,HAR,RW-Thigh,100.0,accuracy,0.7087646722793579
TS2Vec Encoder,LFR,MS,MLP,Freeze,HAR,MS,5.0,accuracy,0.2118644118309021
TS2Vec Encoder,LFR,WISDM,MLP,Freeze,HAR,WISDM,200.0,accuracy,0.7968509793281555
TS2Vec Encoder,LFR,MS,MLP,Freeze,HAR,MS,200.0,accuracy,0.729755163192749
TS2Vec Encoder,LFR,RW-Waist,MLP,Freeze,HAR,RW-Waist,25.0,accuracy,0.5640432238578796
TS2Vec Encoder,LFR,MS,MLP,Full Finetune,HAR,MS,50.0,accuracy,0.9058380126953124
TS2Vec Encoder,LFR,UCI,MLP,Full Finetune,HAR,UCI,25.0,accuracy,0.7855072617530823
TS2Vec Encoder,LFR,KH,MLP,Freeze,HAR,KH,50.0,accuracy,0.6111111044883728
TS2Vec Encoder,LFR,MS,MLP,Full Finetune,HAR,MS,25.0,accuracy,0.8201506733894348
TS2Vec Encoder,LFR,RW-Thigh,MLP,Full Finetune,HAR,RW-Thigh,200.0,accuracy,0.7215321063995361
TS2Vec Encoder,LFR,WISDM,MLP,Full Finetune,HAR,WISDM,1.0,accuracy,0.4020737409591675
TS2Vec Encoder,LFR,RW-Thigh,MLP,Full Finetune,HAR,RW-Thigh,5.0,accuracy,0.3616287112236023
TS2Vec Encoder,LFR,KH,MLP,Full Finetune,HAR,KH,1.0,accuracy,0.2708333432674408
TS2Vec Encoder,LFR,RW-Waist,MLP,Full Finetune,HAR,RW-Waist,1.0,accuracy,0.2214506119489669
TS2Vec Encoder,LFR,WISDM,MLP,Freeze,HAR,WISDM,1.0,accuracy,0.4907834231853485
TS2Vec Encoder,LFR,KH,MLP,Freeze,HAR,KH,25.0,accuracy,0.3263888955116272
TS2Vec Encoder,LFR,RW-Waist,MLP,Freeze,HAR,RW-Waist,5.0,accuracy,0.3823302388191223
TS2Vec Encoder,LFR,WISDM,MLP,Full Finetune,HAR,WISDM,25.0,accuracy,0.722734272480011
TS2Vec Encoder,LFR,WISDM,MLP,Full Finetune,HAR,WISDM,200.0,accuracy,0.8452380895614624
TS2Vec Encoder,LFR,MS,MLP,Full Finetune,HAR,MS,5.0,accuracy,0.3964218497276306
TS2Vec Encoder,LFR,WISDM,MLP,Freeze,HAR,WISDM,10.0,accuracy,0.3817204236984253
TS2Vec Encoder,LFR,UCI,MLP,Freeze,HAR,UCI,50.0,accuracy,0.8028985261917114
TS2Vec Encoder,LFR,RW-Thigh,MLP,Full Finetune,HAR,RW-Thigh,50.0,accuracy,0.6721876859664917
TS2Vec Encoder,LFR,UCI,MLP,Full Finetune,HAR,UCI,1.0,accuracy,0.5753623247146606
TS2Vec Encoder,LFR,KH,MLP,Full Finetune,HAR,KH,200.0,accuracy,0.7013888955116272
TS2Vec Encoder,LFR,RW-Waist,MLP,Freeze,HAR,RW-Waist,1.0,accuracy,0.1820987612009048
TS2Vec Encoder,LFR,UCI,MLP,Freeze,HAR,UCI,5.0,accuracy,0.5695652365684509
TS2Vec Encoder,LFR,WISDM,MLP,Full Finetune,HAR,WISDM,1000.0,accuracy,0.8928571343421936
TS2Vec Encoder,LFR,RW-Waist,MLP,Full Finetune,HAR,RW-Waist,200.0,accuracy,0.7503858208656311
TS2Vec Encoder,LFR,MS,MLP,Full Finetune,HAR,MS,1.0,accuracy,0.3512240946292877
TS2Vec Encoder,LFR,KH,MLP,Freeze,HAR,KH,100.0,accuracy,0.5486111044883728
TS2Vec Encoder,LFR,WISDM,MLP,Full Finetune,HAR,WISDM,50.0,accuracy,0.798003077507019
TS2Vec Encoder,LFR,UCI,MLP,Full Finetune,HAR,UCI,200.0,accuracy,0.8999999761581421
TS2Vec Encoder,LFR,RW-Thigh,MLP,Freeze,HAR,RW-Thigh,1000.0,accuracy,0.6839199662208557
TS2Vec Encoder,LFR,RW-Thigh,MLP,Freeze,HAR,RW-Thigh,1.0,accuracy,0.1652864068746566
TS2Vec Encoder,LFR,KH,MLP,Full Finetune,HAR,KH,10.0,accuracy,0.5625
TS2Vec Encoder,LFR,UCI,MLP,Full Finetune,HAR,UCI,1000.0,accuracy,0.9449275135993958
TS2Vec Encoder,LFR,RW-Waist,MLP,Full Finetune,HAR,RW-Waist,1000.0,accuracy,0.7469135522842407
TS2Vec Encoder,LFR,KH,MLP,Full Finetune,HAR,KH,5.0,accuracy,0.5347222089767456
TS2Vec Encoder,LFR,RW-Waist,MLP,Freeze,HAR,RW-Waist,10.0,accuracy,0.2893518507480621
TS2Vec Encoder,LFR,WISDM,MLP,Freeze,HAR,WISDM,1000.0,accuracy,0.8509984612464905
TS2Vec Encoder,LFR,UCI,MLP,Freeze,HAR,UCI,1.0,accuracy,0.3072463870048523
TS2Vec Encoder,LFR,KH,MLP,Full Finetune,HAR,KH,100.0,accuracy,0.8125
TS2Vec Encoder,LFR,RW-Thigh,MLP,Full Finetune,HAR,RW-Thigh,10.0,accuracy,0.5848861336708069
TS2Vec Encoder,LFR,RW-Waist,MLP,Full Finetune,HAR,RW-Waist,50.0,accuracy,0.7445987462997437
TS2Vec Encoder,LFR,KH,MLP,Freeze,HAR,KH,5.0,accuracy,0.2083333283662796
TS2Vec Encoder,LFR,RW-Thigh,MLP,Freeze,HAR,RW-Thigh,200.0,accuracy,0.6211180090904236
TS2Vec Encoder,LFR,MS,MLP,Freeze,HAR,MS,25.0,accuracy,0.6261770129203796
TS2Vec Encoder,LFR,WISDM,MLP,Full Finetune,HAR,WISDM,5.0,accuracy,0.6109830737113953
TS2Vec Encoder,LFR,RW-Thigh,MLP,Freeze,HAR,RW-Thigh,100.0,accuracy,0.6507936716079712
TS2Vec Encoder,LFR,WISDM,MLP,Freeze,HAR,WISDM,5.0,accuracy,0.6009984612464905
TS2Vec Encoder,LFR,WISDM,MLP,Freeze,HAR,WISDM,100.0,accuracy,0.7791858911514282
RNN,TNC,KH,MLP,Freeze,HAR,KH,1.0,accuracy,0.3333333432674408
RNN,TNC,KH,MLP,Full Finetune,HAR,KH,50.0,accuracy,0.5
RNN,TNC,UCI,MLP,Freeze,HAR,UCI,25.0,accuracy,0.4130434691905975
RNN,TNC,RW-Waist,MLP,Freeze,HAR,RW-Waist,100.0,accuracy,0.4020061790943146
RNN,TNC,WISDM,MLP,Full Finetune,HAR,WISDM,200.0,accuracy,0.6904761791229248
RNN,TNC,WISDM,MLP,Freeze,HAR,WISDM,50.0,accuracy,0.5364823341369629
RNN,TNC,UCI,MLP,Freeze,HAR,UCI,200.0,accuracy,0.4869565069675445
RNN,TNC,RW-Thigh,MLP,Freeze,HAR,RW-Thigh,5.0,accuracy,0.30158731341362
RNN,TNC,KH,MLP,Full Finetune,HAR,KH,10.0,accuracy,0.4027777910232544
RNN,TNC,KH,MLP,Full Finetune,HAR,KH,5.0,accuracy,0.375
RNN,TNC,KH,MLP,Freeze,HAR,KH,5.0,accuracy,0.3055555522441864
RNN,TNC,WISDM,MLP,Freeze,HAR,WISDM,25.0,accuracy,0.5295698642730713
RNN,TNC,WISDM,MLP,Freeze,HAR,WISDM,5.0,accuracy,0.4431643486022949
RNN,TNC,UCI,MLP,Freeze,HAR,UCI,10.0,accuracy,0.2565217316150665
RNN,TNC,KH,MLP,Freeze,HAR,KH,10.0,accuracy,0.2222222238779068
RNN,TNC,RW-Thigh,MLP,Freeze,HAR,RW-Thigh,200.0,accuracy,0.4585921466350555
RNN,TNC,MS,MLP,Full Finetune,HAR,MS,5.0,accuracy,0.382297545671463
RNN,TNC,MS,MLP,Full Finetune,HAR,MS,100.0,accuracy,0.590395450592041
RNN,TNC,UCI,MLP,Freeze,HAR,UCI,1.0,accuracy,0.3420289754867553
RNN,TNC,WISDM,MLP,Freeze,HAR,WISDM,1.0,accuracy,0.4036098420619964
RNN,TNC,RW-Waist,MLP,Freeze,HAR,RW-Waist,10.0,accuracy,0.3213734626770019
RNN,TNC,MS,MLP,Freeze,HAR,MS,25.0,accuracy,0.4124293923377991
RNN,TNC,KH,MLP,Full Finetune,HAR,KH,1000.0,accuracy,0.5208333134651184
RNN,TNC,UCI,MLP,Full Finetune,HAR,UCI,25.0,accuracy,0.4710144996643066
RNN,TNC,WISDM,MLP,Full Finetune,HAR,WISDM,1000.0,accuracy,0.726190447807312
RNN,TNC,RW-Waist,MLP,Full Finetune,HAR,RW-Waist,200.0,accuracy,0.6496913433074951
RNN,TNC,MS,MLP,Full Finetune,HAR,MS,10.0,accuracy,0.4453860521316528
RNN,TNC,MS,MLP,Full Finetune,HAR,MS,50.0,accuracy,0.5809792876243591
RNN,TNC,MS,MLP,Full Finetune,HAR,MS,1.0,accuracy,0.3069679737091064
RNN,TNC,RW-Waist,MLP,Full Finetune,HAR,RW-Waist,1000.0,accuracy,0.6971450448036194
RNN,TNC,RW-Waist,MLP,Full Finetune,HAR,RW-Waist,10.0,accuracy,0.3688271641731262
RNN,TNC,RW-Waist,MLP,Freeze,HAR,RW-Waist,200.0,accuracy,0.4340277910232544
RNN,TNC,RW-Thigh,MLP,Full Finetune,HAR,RW-Thigh,50.0,accuracy,0.460317462682724
RNN,TNC,WISDM,MLP,Freeze,HAR,WISDM,10.0,accuracy,0.4992319643497467
RNN,TNC,RW-Thigh,MLP,Full Finetune,HAR,RW-Thigh,100.0,accuracy,0.5552104711532593
RNN,TNC,WISDM,MLP,Freeze,HAR,WISDM,200.0,accuracy,0.6367127299308777
RNN,TNC,MS,MLP,Freeze,HAR,MS,200.0,accuracy,0.5979284644126892
RNN,TNC,RW-Thigh,MLP,Full Finetune,HAR,RW-Thigh,200.0,accuracy,0.6052449941635132
RNN,TNC,WISDM,MLP,Freeze,HAR,WISDM,100.0,accuracy,0.6040706634521484
RNN,TNC,MS,MLP,Freeze,HAR,MS,100.0,accuracy,0.4905838072299957
RNN,TNC,WISDM,MLP,Full Finetune,HAR,WISDM,100.0,accuracy,0.7119815945625305
RNN,TNC,MS,MLP,Full Finetune,HAR,MS,1000.0,accuracy,0.6355932354927063
RNN,TNC,RW-Thigh,MLP,Full Finetune,HAR,RW-Thigh,5.0,accuracy,0.3467908799648285
RNN,TNC,MS,MLP,Freeze,HAR,MS,10.0,accuracy,0.2636534869670868
RNN,TNC,MS,MLP,Full Finetune,HAR,MS,200.0,accuracy,0.6092278957366943
RNN,TNC,RW-Waist,MLP,Freeze,HAR,RW-Waist,5.0,accuracy,0.1570216119289398
RNN,TNC,UCI,MLP,Full Finetune,HAR,UCI,50.0,accuracy,0.6420289874076843
RNN,TNC,RW-Waist,MLP,Full Finetune,HAR,RW-Waist,5.0,accuracy,0.295910507440567
RNN,TNC,RW-Thigh,MLP,Full Finetune,HAR,RW-Thigh,1.0,accuracy,0.1839199513196945
RNN,TNC,KH,MLP,Freeze,HAR,KH,200.0,accuracy,0.5347222089767456
RNN,TNC,RW-Waist,MLP,Freeze,HAR,RW-Waist,1000.0,accuracy,0.5358796119689941
RNN,TNC,RW-Waist,MLP,Freeze,HAR,RW-Waist,50.0,accuracy,0.3823302388191223
RNN,TNC,KH,MLP,Freeze,HAR,KH,25.0,accuracy,0.4583333432674408
RNN,TNC,RW-Waist,MLP,Freeze,HAR,RW-Waist,25.0,accuracy,0.3850308656692505
RNN,TNC,UCI,MLP,Full Finetune,HAR,UCI,1.0,accuracy,0.3681159317493438
RNN,TNC,WISDM,MLP,Full Finetune,HAR,WISDM,10.0,accuracy,0.4673579037189483
RNN,TNC,RW-Thigh,MLP,Freeze,HAR,RW-Thigh,100.0,accuracy,0.4330572783946991
RNN,TNC,RW-Thigh,MLP,Freeze,HAR,RW-Thigh,10.0,accuracy,0.3126294016838074
RNN,TNC,RW-Waist,MLP,Full Finetune,HAR,RW-Waist,50.0,accuracy,0.5767747163772583
RNN,TNC,UCI,MLP,Full Finetune,HAR,UCI,1000.0,accuracy,0.7956521511077881
RNN,TNC,KH,MLP,Full Finetune,HAR,KH,200.0,accuracy,0.5069444179534912
RNN,TNC,UCI,MLP,Full Finetune,HAR,UCI,10.0,accuracy,0.4275362193584442
RNN,TNC,UCI,MLP,Freeze,HAR,UCI,50.0,accuracy,0.4304347932338714
RNN,TNC,UCI,MLP,Full Finetune,HAR,UCI,200.0,accuracy,0.7681159377098083
RNN,TNC,RW-Waist,MLP,Full Finetune,HAR,RW-Waist,100.0,accuracy,0.5486111044883728
RNN,TNC,WISDM,MLP,Full Finetune,HAR,WISDM,25.0,accuracy,0.617511510848999
RNN,TNC,MS,MLP,Full Finetune,HAR,MS,25.0,accuracy,0.5357815623283386
RNN,TNC,UCI,MLP,Freeze,HAR,UCI,1000.0,accuracy,0.5347825884819031
RNN,TNC,RW-Waist,MLP,Full Finetune,HAR,RW-Waist,1.0,accuracy,0.3287037014961242
RNN,TNC,RW-Waist,MLP,Full Finetune,HAR,RW-Waist,25.0,accuracy,0.4857253134250641
RNN,TNC,UCI,MLP,Full Finetune,HAR,UCI,5.0,accuracy,0.4043478369712829
RNN,TNC,UCI,MLP,Freeze,HAR,UCI,5.0,accuracy,0.2260869592428207
RNN,TNC,UCI,MLP,Freeze,HAR,UCI,100.0,accuracy,0.460869550704956
RNN,TNC,MS,MLP,Freeze,HAR,MS,50.0,accuracy,0.4679849445819855
RNN,TNC,WISDM,MLP,Full Finetune,HAR,WISDM,5.0,accuracy,0.4377880096435547
RNN,TNC,RW-Thigh,MLP,Freeze,HAR,RW-Thigh,1.0,accuracy,0.1856452673673629
RNN,TNC,MS,MLP,Freeze,HAR,MS,5.0,accuracy,0.3436911404132843
RNN,TNC,WISDM,MLP,Full Finetune,HAR,WISDM,1.0,accuracy,0.4208909273147583
RNN,TNC,KH,MLP,Full Finetune,HAR,KH,25.0,accuracy,0.4444444477558136
RNN,TNC,KH,MLP,Freeze,HAR,KH,50.0,accuracy,0.4513888955116272
RNN,TNC,WISDM,MLP,Freeze,HAR,WISDM,1000.0,accuracy,0.7112135291099548
RNN,TNC,KH,MLP,Freeze,HAR,KH,1000.0,accuracy,0.5138888955116272
RNN,TNC,RW-Thigh,MLP,Full Finetune,HAR,RW-Thigh,1000.0,accuracy,0.5810903906822205
RNN,TNC,MS,MLP,Freeze,HAR,MS,1.0,accuracy,0.3145009279251098
RNN,TNC,KH,MLP,Full Finetune,HAR,KH,100.0,accuracy,0.5069444179534912
RNN,TNC,MS,MLP,Freeze,HAR,MS,1000.0,accuracy,0.6516007781028748
RNN,TNC,RW-Thigh,MLP,Full Finetune,HAR,RW-Thigh,10.0,accuracy,0.3706004023551941
RNN,TNC,RW-Thigh,MLP,Freeze,HAR,RW-Thigh,50.0,accuracy,0.3830227851867676
RNN,TNC,RW-Thigh,MLP,Freeze,HAR,RW-Thigh,25.0,accuracy,0.3602484464645386
RNN,TNC,WISDM,MLP,Full Finetune,HAR,WISDM,50.0,accuracy,0.6824116706848145
RNN,TNC,KH,MLP,Freeze,HAR,KH,100.0,accuracy,0.5208333134651184
RNN,TNC,UCI,MLP,Full Finetune,HAR,UCI,100.0,accuracy,0.7318840622901917
RNN,TNC,KH,MLP,Full Finetune,HAR,KH,1.0,accuracy,0.3958333432674408
RNN,TNC,RW-Thigh,MLP,Full Finetune,HAR,RW-Thigh,25.0,accuracy,0.4434092342853546
RNN,TNC,RW-Thigh,MLP,Freeze,HAR,RW-Thigh,1000.0,accuracy,0.4958592057228088
RNN,TNC,RW-Waist,MLP,Freeze,HAR,RW-Waist,1.0,accuracy,0.349537044763565
RNN,TNC,KH,MLP,Full Finetune,HAR,KH,1000.0,accuracy,0.5555555820465088
RNN,TNC,KH,MLP,Full Finetune,HAR,KH,10.0,accuracy,0.4375
RNN,TNC,RW-Thigh,MLP,Full Finetune,HAR,RW-Thigh,100.0,accuracy,0.578329861164093
RNN,TNC,RW-Thigh,MLP,Freeze,HAR,RW-Thigh,25.0,accuracy,0.359213262796402
RNN,TNC,RW-Waist,MLP,Freeze,HAR,RW-Waist,25.0,accuracy,0.3225308656692505
RNN,TNC,RW-Waist,MLP,Full Finetune,HAR,RW-Waist,50.0,accuracy,0.5991512537002563
RNN,TNC,MS,MLP,Full Finetune,HAR,MS,10.0,accuracy,0.4661017060279846
RNN,TNC,UCI,MLP,Freeze,HAR,UCI,1.0,accuracy,0.2797101438045501
RNN,TNC,RW-Thigh,MLP,Full Finetune,HAR,RW-Thigh,200.0,accuracy,0.5883367657661438
RNN,TNC,MS,MLP,Full Finetune,HAR,MS,50.0,accuracy,0.630885124206543
RNN,TNC,RW-Waist,MLP,Full Finetune,HAR,RW-Waist,200.0,accuracy,0.6647376418113708
RNN,TNC,UCI,MLP,Full Finetune,HAR,UCI,10.0,accuracy,0.4420289993286133
RNN,TNC,UCI,MLP,Full Finetune,HAR,UCI,100.0,accuracy,0.7869565486907959
RNN,TNC,WISDM,MLP,Full Finetune,HAR,WISDM,200.0,accuracy,0.7281106114387512
RNN,TNC,WISDM,MLP,Freeze,HAR,WISDM,5.0,accuracy,0.4404761791229248
RNN,TNC,WISDM,MLP,Full Finetune,HAR,WISDM,5.0,accuracy,0.4258832633495331
RNN,TNC,KH,MLP,Freeze,HAR,KH,50.0,accuracy,0.4305555522441864
RNN,TNC,WISDM,MLP,Full Finetune,HAR,WISDM,25.0,accuracy,0.6647465229034424
RNN,TNC,WISDM,MLP,Freeze,HAR,WISDM,50.0,accuracy,0.5975422263145447
RNN,TNC,MS,MLP,Freeze,HAR,MS,25.0,accuracy,0.4397363364696502
RNN,TNC,WISDM,MLP,Full Finetune,HAR,WISDM,50.0,accuracy,0.6962365508079529
RNN,TNC,RW-Thigh,MLP,Full Finetune,HAR,RW-Thigh,1000.0,accuracy,0.5848861336708069
RNN,TNC,UCI,MLP,Full Finetune,HAR,UCI,1000.0,accuracy,0.782608687877655
RNN,TNC,RW-Thigh,MLP,Freeze,HAR,RW-Thigh,5.0,accuracy,0.3105590045452118
RNN,TNC,RW-Thigh,MLP,Freeze,HAR,RW-Thigh,50.0,accuracy,0.4033816456794739
RNN,TNC,RW-Thigh,MLP,Full Finetune,HAR,RW-Thigh,1.0,accuracy,0.2998619675636291
RNN,TNC,MS,MLP,Full Finetune,HAR,MS,1.0,accuracy,0.3145009279251098
RNN,TNC,WISDM,MLP,Freeze,HAR,WISDM,1000.0,accuracy,0.713901698589325
RNN,TNC,UCI,MLP,Freeze,HAR,UCI,200.0,accuracy,0.5028985738754272
RNN,TNC,MS,MLP,Freeze,HAR,MS,5.0,accuracy,0.3653483986854553
RNN,TNC,KH,MLP,Freeze,HAR,KH,100.0,accuracy,0.4722222089767456
RNN,TNC,UCI,MLP,Full Finetune,HAR,UCI,50.0,accuracy,0.686956524848938
RNN,TNC,UCI,MLP,Full Finetune,HAR,UCI,5.0,accuracy,0.3637681305408478
RNN,TNC,RW-Waist,MLP,Full Finetune,HAR,RW-Waist,1000.0,accuracy,0.654321014881134
RNN,TNC,MS,MLP,Freeze,HAR,MS,50.0,accuracy,0.5150659084320068
RNN,TNC,RW-Waist,MLP,Freeze,HAR,RW-Waist,100.0,accuracy,0.4112654328346252
RNN,TNC,RW-Thigh,MLP,Full Finetune,HAR,RW-Thigh,5.0,accuracy,0.3464458286762237
RNN,TNC,KH,MLP,Freeze,HAR,KH,25.0,accuracy,0.3819444477558136
RNN,TNC,RW-Waist,MLP,Freeze,HAR,RW-Waist,50.0,accuracy,0.3877314925193786
RNN,TNC,RW-Thigh,MLP,Freeze,HAR,RW-Thigh,200.0,accuracy,0.4710144996643066
RNN,TNC,RW-Waist,MLP,Full Finetune,HAR,RW-Waist,25.0,accuracy,0.4810956716537475
RNN,TNC,KH,MLP,Full Finetune,HAR,KH,100.0,accuracy,0.5208333134651184
RNN,TNC,UCI,MLP,Freeze,HAR,UCI,10.0,accuracy,0.4159420430660248
RNN,TNC,KH,MLP,Freeze,HAR,KH,1.0,accuracy,0.3194444477558136
RNN,TNC,MS,MLP,Freeze,HAR,MS,1000.0,accuracy,0.6713747382164001
RNN,TNC,WISDM,MLP,Full Finetune,HAR,WISDM,1.0,accuracy,0.3924731314182281
RNN,TNC,MS,MLP,Full Finetune,HAR,MS,25.0,accuracy,0.5687382221221924
RNN,TNC,UCI,MLP,Full Finetune,HAR,UCI,200.0,accuracy,0.7579709887504578
RNN,TNC,RW-Waist,MLP,Freeze,HAR,RW-Waist,1.0,accuracy,0.2843364179134369
RNN,TNC,WISDM,MLP,Full Finetune,HAR,WISDM,1000.0,accuracy,0.7281106114387512
RNN,TNC,RW-Waist,MLP,Full Finetune,HAR,RW-Waist,10.0,accuracy,0.3649691343307495
RNN,TNC,RW-Waist,MLP,Freeze,HAR,RW-Waist,1000.0,accuracy,0.5227623581886292
RNN,TNC,WISDM,MLP,Freeze,HAR,WISDM,1.0,accuracy,0.3694316446781158
RNN,TNC,WISDM,MLP,Freeze,HAR,WISDM,10.0,accuracy,0.289170503616333
RNN,TNC,RW-Thigh,MLP,Full Finetune,HAR,RW-Thigh,10.0,accuracy,0.3540372550487518
RNN,TNC,RW-Waist,MLP,Freeze,HAR,RW-Waist,5.0,accuracy,0.2716049253940582
RNN,TNC,KH,MLP,Full Finetune,HAR,KH,1.0,accuracy,0.0694444477558136
RNN,TNC,RW-Waist,MLP,Freeze,HAR,RW-Waist,200.0,accuracy,0.4421296417713165
RNN,TNC,MS,MLP,Full Finetune,HAR,MS,200.0,accuracy,0.7325800657272339
RNN,TNC,RW-Thigh,MLP,Full Finetune,HAR,RW-Thigh,25.0,accuracy,0.4713595509529114
RNN,TNC,MS,MLP,Freeze,HAR,MS,200.0,accuracy,0.5762711763381958
RNN,TNC,KH,MLP,Full Finetune,HAR,KH,25.0,accuracy,0.4722222089767456
RNN,TNC,RW-Waist,MLP,Freeze,HAR,RW-Waist,10.0,accuracy,0.3206018507480621
RNN,TNC,WISDM,MLP,Full Finetune,HAR,WISDM,10.0,accuracy,0.518433153629303
RNN,TNC,UCI,MLP,Freeze,HAR,UCI,1000.0,accuracy,0.5623188614845276
RNN,TNC,MS,MLP,Freeze,HAR,MS,1.0,accuracy,0.1996233463287353
RNN,TNC,KH,MLP,Freeze,HAR,KH,5.0,accuracy,0.3888888955116272
RNN,TNC,RW-Waist,MLP,Full Finetune,HAR,RW-Waist,100.0,accuracy,0.6300154328346252
RNN,TNC,KH,MLP,Full Finetune,HAR,KH,200.0,accuracy,0.5208333134651184
RNN,TNC,UCI,MLP,Full Finetune,HAR,UCI,1.0,accuracy,0.3608695566654205
RNN,TNC,WISDM,MLP,Freeze,HAR,WISDM,25.0,accuracy,0.5065284371376038
RNN,TNC,RW-Waist,MLP,Full Finetune,HAR,RW-Waist,5.0,accuracy,0.2893518507480621
RNN,TNC,UCI,MLP,Freeze,HAR,UCI,50.0,accuracy,0.4449275434017181
RNN,TNC,UCI,MLP,Freeze,HAR,UCI,5.0,accuracy,0.3144927620887756
RNN,TNC,KH,MLP,Full Finetune,HAR,KH,5.0,accuracy,0.3541666567325592
RNN,TNC,KH,MLP,Full Finetune,HAR,KH,50.0,accuracy,0.5138888955116272
RNN,TNC,RW-Thigh,MLP,Freeze,HAR,RW-Thigh,100.0,accuracy,0.4768806099891662
RNN,TNC,MS,MLP,Full Finetune,HAR,MS,1000.0,accuracy,0.7956685423851013
RNN,TNC,KH,MLP,Freeze,HAR,KH,10.0,accuracy,0.3541666567325592
RNN,TNC,MS,MLP,Full Finetune,HAR,MS,5.0,accuracy,0.395480215549469
RNN,TNC,RW-Thigh,MLP,Freeze,HAR,RW-Thigh,1000.0,accuracy,0.509661853313446
RNN,TNC,KH,MLP,Freeze,HAR,KH,200.0,accuracy,0.5069444179534912
RNN,TNC,RW-Thigh,MLP,Full Finetune,HAR,RW-Thigh,50.0,accuracy,0.558661162853241
RNN,TNC,WISDM,MLP,Freeze,HAR,WISDM,200.0,accuracy,0.6155914068222046
RNN,TNC,WISDM,MLP,Full Finetune,HAR,WISDM,100.0,accuracy,0.707757294178009
RNN,TNC,UCI,MLP,Freeze,HAR,UCI,100.0,accuracy,0.4565217494964599
RNN,TNC,UCI,MLP,Freeze,HAR,UCI,25.0,accuracy,0.4072463810443878
RNN,TNC,WISDM,MLP,Freeze,HAR,WISDM,100.0,accuracy,0.6109830737113953
RNN,TNC,UCI,MLP,Full Finetune,HAR,UCI,25.0,accuracy,0.5289855003356934
RNN,TNC,RW-Waist,MLP,Full Finetune,HAR,RW-Waist,1.0,accuracy,0.2762345671653747
RNN,TNC,MS,MLP,Freeze,HAR,MS,10.0,accuracy,0.3794727027416229
RNN,TNC,MS,MLP,Freeze,HAR,MS,100.0,accuracy,0.5216572284698486
RNN,TNC,KH,MLP,Freeze,HAR,KH,1000.0,accuracy,0.5347222089767456
RNN,TNC,RW-Thigh,MLP,Freeze,HAR,RW-Thigh,1.0,accuracy,0.1497584581375122
RNN,TNC,MS,MLP,Full Finetune,HAR,MS,100.0,accuracy,0.6883239150047302
RNN,TNC,RW-Thigh,MLP,Freeze,HAR,RW-Thigh,10.0,accuracy,0.3409247696399688
RNN,TNC,KH,MLP,Freeze,HAR,KH,100.0,accuracy,0.5138888955116272
RNN,TNC,UCI,MLP,Full Finetune,HAR,UCI,200.0,accuracy,0.7724637389183044
RNN,TNC,UCI,MLP,Full Finetune,HAR,UCI,100.0,accuracy,0.7565217614173889
RNN,TNC,KH,MLP,Full Finetune,HAR,KH,1.0,accuracy,0.3263888955116272
RNN,TNC,UCI,MLP,Freeze,HAR,UCI,50.0,accuracy,0.3913043439388275
RNN,TNC,WISDM,MLP,Full Finetune,HAR,WISDM,100.0,accuracy,0.6962365508079529
RNN,TNC,KH,MLP,Freeze,HAR,KH,50.0,accuracy,0.4583333432674408
RNN,TNC,RW-Waist,MLP,Full Finetune,HAR,RW-Waist,1.0,accuracy,0.2966820895671844
RNN,TNC,MS,MLP,Freeze,HAR,MS,10.0,accuracy,0.4406779706478119
RNN,TNC,RW-Waist,MLP,Freeze,HAR,RW-Waist,5.0,accuracy,0.303626537322998
RNN,TNC,WISDM,MLP,Full Finetune,HAR,WISDM,10.0,accuracy,0.489631325006485
RNN,TNC,MS,MLP,Freeze,HAR,MS,5.0,accuracy,0.2363465130329132
RNN,TNC,UCI,MLP,Freeze,HAR,UCI,25.0,accuracy,0.3942028880119324
RNN,TNC,WISDM,MLP,Freeze,HAR,WISDM,10.0,accuracy,0.4485407173633575
RNN,TNC,UCI,MLP,Full Finetune,HAR,UCI,1.0,accuracy,0.3318840563297272
RNN,TNC,KH,MLP,Full Finetune,HAR,KH,50.0,accuracy,0.5208333134651184
RNN,TNC,UCI,MLP,Freeze,HAR,UCI,10.0,accuracy,0.4043478369712829
RNN,TNC,MS,MLP,Freeze,HAR,MS,200.0,accuracy,0.6054614186286926
RNN,TNC,UCI,MLP,Freeze,HAR,UCI,5.0,accuracy,0.3768115937709808
RNN,TNC,KH,MLP,Full Finetune,HAR,KH,25.0,accuracy,0.4444444477558136
RNN,TNC,RW-Waist,MLP,Full Finetune,HAR,RW-Waist,200.0,accuracy,0.6292438507080078
RNN,TNC,WISDM,MLP,Full Finetune,HAR,WISDM,5.0,accuracy,0.4615975320339203
RNN,TNC,MS,MLP,Freeze,HAR,MS,100.0,accuracy,0.5207156538963318
RNN,TNC,KH,MLP,Full Finetune,HAR,KH,100.0,accuracy,0.5555555820465088
RNN,TNC,RW-Waist,MLP,Freeze,HAR,RW-Waist,1.0,accuracy,0.2928240597248077
RNN,TNC,UCI,MLP,Freeze,HAR,UCI,100.0,accuracy,0.4188405871391296
RNN,TNC,MS,MLP,Full Finetune,HAR,MS,200.0,accuracy,0.7834274768829346
RNN,TNC,MS,MLP,Full Finetune,HAR,MS,1000.0,accuracy,0.7495291829109192
RNN,TNC,WISDM,MLP,Freeze,HAR,WISDM,5.0,accuracy,0.415514588356018
RNN,TNC,RW-Thigh,MLP,Full Finetune,HAR,RW-Thigh,10.0,accuracy,0.3661145567893982
RNN,TNC,KH,MLP,Freeze,HAR,KH,1000.0,accuracy,0.5694444179534912
RNN,TNC,RW-Waist,MLP,Freeze,HAR,RW-Waist,50.0,accuracy,0.4027777910232544
RNN,TNC,KH,MLP,Full Finetune,HAR,KH,200.0,accuracy,0.5138888955116272
RNN,TNC,RW-Thigh,MLP,Freeze,HAR,RW-Thigh,5.0,accuracy,0.319530725479126
RNN,TNC,UCI,MLP,Freeze,HAR,UCI,1000.0,accuracy,0.5420289635658264
RNN,TNC,MS,MLP,Freeze,HAR,MS,1.0,accuracy,0.1798493415117263
RNN,TNC,WISDM,MLP,Full Finetune,HAR,WISDM,25.0,accuracy,0.644777238368988
RNN,TNC,MS,MLP,Full Finetune,HAR,MS,100.0,accuracy,0.6487758755683899
RNN,TNC,WISDM,MLP,Freeze,HAR,WISDM,100.0,accuracy,0.5714285969734192
RNN,TNC,RW-Thigh,MLP,Freeze,HAR,RW-Thigh,10.0,accuracy,0.3081435561180115
RNN,TNC,MS,MLP,Full Finetune,HAR,MS,25.0,accuracy,0.569679856300354
RNN,TNC,RW-Waist,MLP,Freeze,HAR,RW-Waist,25.0,accuracy,0.4020061790943146
RNN,TNC,RW-Thigh,MLP,Freeze,HAR,RW-Thigh,50.0,accuracy,0.3940648734569549
RNN,TNC,MS,MLP,Freeze,HAR,MS,50.0,accuracy,0.4576271176338196
RNN,TNC,UCI,MLP,Freeze,HAR,UCI,1.0,accuracy,0.3101449310779571
RNN,TNC,RW-Waist,MLP,Freeze,HAR,RW-Waist,200.0,accuracy,0.4699074029922485
RNN,TNC,RW-Thigh,MLP,Freeze,HAR,RW-Thigh,200.0,accuracy,0.4627329111099243
RNN,TNC,RW-Thigh,MLP,Full Finetune,HAR,RW-Thigh,200.0,accuracy,0.6245686411857605
RNN,TNC,WISDM,MLP,Full Finetune,HAR,WISDM,50.0,accuracy,0.689324140548706
RNN,TNC,KH,MLP,Freeze,HAR,KH,10.0,accuracy,0.2361111044883728
RNN,TNC,RW-Thigh,MLP,Full Finetune,HAR,RW-Thigh,100.0,accuracy,0.5728088617324829
RNN,TNC,MS,MLP,Full Finetune,HAR,MS,50.0,accuracy,0.6374764442443848
RNN,TNC,RW-Thigh,MLP,Freeze,HAR,RW-Thigh,100.0,accuracy,0.3871635496616363
RNN,TNC,WISDM,MLP,Freeze,HAR,WISDM,1000.0,accuracy,0.7188940048217773
RNN,TNC,RW-Waist,MLP,Full Finetune,HAR,RW-Waist,50.0,accuracy,0.5760030746459961
RNN,TNC,UCI,MLP,Full Finetune,HAR,UCI,50.0,accuracy,0.6188405752182007
RNN,TNC,RW-Waist,MLP,Freeze,HAR,RW-Waist,1000.0,accuracy,0.5273919701576233
RNN,TNC,RW-Waist,MLP,Full Finetune,HAR,RW-Waist,5.0,accuracy,0.3410493731498718
RNN,TNC,RW-Thigh,MLP,Full Finetune,HAR,RW-Thigh,50.0,accuracy,0.5545203685760498
RNN,TNC,KH,MLP,Full Finetune,HAR,KH,1000.0,accuracy,0.5416666865348816
RNN,TNC,MS,MLP,Freeze,HAR,MS,1000.0,accuracy,0.6619585752487183
RNN,TNC,MS,MLP,Full Finetune,HAR,MS,10.0,accuracy,0.4623352289199829
RNN,TNC,RW-Thigh,MLP,Full Finetune,HAR,RW-Thigh,1.0,accuracy,0.2612146437168121
RNN,TNC,UCI,MLP,Freeze,HAR,UCI,200.0,accuracy,0.4753623306751251
RNN,TNC,WISDM,MLP,Full Finetune,HAR,WISDM,1.0,accuracy,0.4028417766094208
RNN,TNC,RW-Thigh,MLP,Freeze,HAR,RW-Thigh,1.0,accuracy,0.2481021434068679
RNN,TNC,RW-Thigh,MLP,Freeze,HAR,RW-Thigh,1000.0,accuracy,0.4996549487113952
RNN,TNC,MS,MLP,Full Finetune,HAR,MS,5.0,accuracy,0.3860640227794647
RNN,TNC,WISDM,MLP,Full Finetune,HAR,WISDM,1000.0,accuracy,0.7269585132598877
RNN,TNC,KH,MLP,Freeze,HAR,KH,200.0,accuracy,0.5625
RNN,TNC,UCI,MLP,Full Finetune,HAR,UCI,10.0,accuracy,0.4000000059604645
RNN,TNC,RW-Thigh,MLP,Full Finetune,HAR,RW-Thigh,1000.0,accuracy,0.6197377443313599
RNN,TNC,KH,MLP,Full Finetune,HAR,KH,5.0,accuracy,0.4305555522441864
RNN,TNC,WISDM,MLP,Full Finetune,HAR,WISDM,200.0,accuracy,0.7081413269042969
RNN,TNC,WISDM,MLP,Freeze,HAR,WISDM,1.0,accuracy,0.3828724920749664
RNN,TNC,RW-Waist,MLP,Full Finetune,HAR,RW-Waist,10.0,accuracy,0.3614969253540039
RNN,TNC,RW-Waist,MLP,Full Finetune,HAR,RW-Waist,25.0,accuracy,0.501928985118866
RNN,TNC,UCI,MLP,Full Finetune,HAR,UCI,25.0,accuracy,0.4826087057590484
RNN,TNC,UCI,MLP,Full Finetune,HAR,UCI,5.0,accuracy,0.408695638179779
RNN,TNC,WISDM,MLP,Freeze,HAR,WISDM,50.0,accuracy,0.5656682252883911
RNN,TNC,KH,MLP,Freeze,HAR,KH,1.0,accuracy,0.3263888955116272
RNN,TNC,KH,MLP,Full Finetune,HAR,KH,10.0,accuracy,0.4236111044883728
RNN,TNC,MS,MLP,Full Finetune,HAR,MS,1.0,accuracy,0.2777777910232544
RNN,TNC,RW-Thigh,MLP,Full Finetune,HAR,RW-Thigh,5.0,accuracy,0.3478260934352875
RNN,TNC,KH,MLP,Freeze,HAR,KH,5.0,accuracy,0.3333333432674408
RNN,TNC,WISDM,MLP,Freeze,HAR,WISDM,25.0,accuracy,0.5522273182868958
RNN,TNC,RW-Waist,MLP,Freeze,HAR,RW-Waist,100.0,accuracy,0.4382716119289398
RNN,TNC,RW-Waist,MLP,Full Finetune,HAR,RW-Waist,100.0,accuracy,0.6238425970077515
RNN,TNC,RW-Thigh,MLP,Full Finetune,HAR,RW-Thigh,25.0,accuracy,0.4855072498321533
RNN,TNC,KH,MLP,Freeze,HAR,KH,25.0,accuracy,0.4236111044883728
RNN,TNC,MS,MLP,Freeze,HAR,MS,25.0,accuracy,0.4529190063476562
RNN,TNC,RW-Waist,MLP,Freeze,HAR,RW-Waist,10.0,accuracy,0.3472222089767456
RNN,TNC,UCI,MLP,Full Finetune,HAR,UCI,1000.0,accuracy,0.7681159377098083
RNN,TNC,RW-Waist,MLP,Full Finetune,HAR,RW-Waist,1000.0,accuracy,0.6462191343307495
RNN,TNC,WISDM,MLP,Freeze,HAR,WISDM,200.0,accuracy,0.6232718825340271
RNN,TNC,RW-Thigh,MLP,Freeze,HAR,RW-Thigh,25.0,accuracy,0.3764665424823761
RNN,TFC,KH,MLP,Freeze,HAR,KH,50.0,accuracy,0.6111111044883728
RNN,TFC,UCI,MLP,Full Finetune,HAR,UCI,200.0,accuracy,0.9159420132637024
RNN,TFC,MS,MLP,Freeze,HAR,MS,1000.0,accuracy,0.7052730917930603
RNN,TFC,KH,MLP,Full Finetune,HAR,KH,50.0,accuracy,0.7013888955116272
RNN,TFC,UCI,MLP,Freeze,HAR,UCI,1000.0,accuracy,0.6086956262588501
RNN,TFC,KH,MLP,Freeze,HAR,KH,200.0,accuracy,0.5833333134651184
RNN,TFC,RW-Waist,MLP,Freeze,HAR,RW-Waist,200.0,accuracy,0.6261574029922485
RNN,TFC,WISDM,MLP,Freeze,HAR,WISDM,10.0,accuracy,0.6985406875610352
RNN,TFC,RW-Waist,MLP,Freeze,HAR,RW-Waist,50.0,accuracy,0.6253858208656311
RNN,TFC,WISDM,MLP,Full Finetune,HAR,WISDM,10.0,accuracy,0.75
RNN,TFC,UCI,MLP,Full Finetune,HAR,UCI,1.0,accuracy,0.5101449489593506
RNN,TFC,KH,MLP,Full Finetune,HAR,KH,10.0,accuracy,0.6180555820465088
RNN,TFC,RW-Thigh,MLP,Full Finetune,HAR,RW-Thigh,100.0,accuracy,0.7701863646507263
RNN,TFC,KH,MLP,Freeze,HAR,KH,100.0,accuracy,0.5347222089767456
RNN,TFC,KH,MLP,Full Finetune,HAR,KH,5.0,accuracy,0.6597222089767456
RNN,TFC,KH,MLP,Full Finetune,HAR,KH,25.0,accuracy,0.6666666865348816
RNN,TFC,MS,MLP,Full Finetune,HAR,MS,100.0,accuracy,0.8841807842254639
RNN,TFC,WISDM,MLP,Full Finetune,HAR,WISDM,1.0,accuracy,0.5579876899719238
RNN,TFC,UCI,MLP,Full Finetune,HAR,UCI,1000.0,accuracy,0.9492753744125366
RNN,TFC,UCI,MLP,Freeze,HAR,UCI,50.0,accuracy,0.5347825884819031
RNN,TFC,WISDM,MLP,Freeze,HAR,WISDM,1000.0,accuracy,0.7761136889457703
RNN,TFC,WISDM,MLP,Full Finetune,HAR,WISDM,200.0,accuracy,0.8125960230827332
RNN,TFC,KH,MLP,Full Finetune,HAR,KH,100.0,accuracy,0.6736111044883728
RNN,TFC,RW-Thigh,MLP,Full Finetune,HAR,RW-Thigh,5.0,accuracy,0.693581759929657
RNN,TFC,RW-Waist,MLP,Freeze,HAR,RW-Waist,5.0,accuracy,0.4652777910232544
RNN,TFC,KH,MLP,Freeze,HAR,KH,10.0,accuracy,0.5208333134651184
RNN,TFC,WISDM,MLP,Full Finetune,HAR,WISDM,5.0,accuracy,0.6801075339317322
RNN,TFC,RW-Thigh,MLP,Freeze,HAR,RW-Thigh,1.0,accuracy,0.3008971810340881
RNN,TFC,UCI,MLP,Freeze,HAR,UCI,5.0,accuracy,0.4217391312122345
RNN,TFC,MS,MLP,Full Finetune,HAR,MS,5.0,accuracy,0.6214689016342163
RNN,TFC,RW-Thigh,MLP,Freeze,HAR,RW-Thigh,1000.0,accuracy,0.727053165435791
RNN,TFC,WISDM,MLP,Freeze,HAR,WISDM,25.0,accuracy,0.7930107712745667
RNN,TFC,UCI,MLP,Freeze,HAR,UCI,200.0,accuracy,0.5637680888175964
RNN,TFC,MS,MLP,Freeze,HAR,MS,10.0,accuracy,0.6016949415206909
RNN,TFC,RW-Waist,MLP,Full Finetune,HAR,RW-Waist,50.0,accuracy,0.7129629850387573
RNN,TFC,RW-Thigh,MLP,Freeze,HAR,RW-Thigh,10.0,accuracy,0.5990338325500488
RNN,TFC,RW-Waist,MLP,Full Finetune,HAR,RW-Waist,1000.0,accuracy,0.7596450448036194
RNN,TFC,MS,MLP,Full Finetune,HAR,MS,200.0,accuracy,0.8860640525817871
RNN,TFC,UCI,MLP,Full Finetune,HAR,UCI,50.0,accuracy,0.8942028880119324
RNN,TFC,UCI,MLP,Full Finetune,HAR,UCI,5.0,accuracy,0.6463767886161804
RNN,TFC,RW-Thigh,MLP,Full Finetune,HAR,RW-Thigh,1.0,accuracy,0.3202208280563354
RNN,TFC,RW-Waist,MLP,Full Finetune,HAR,RW-Waist,5.0,accuracy,0.6006944179534912
RNN,TFC,RW-Waist,MLP,Freeze,HAR,RW-Waist,1000.0,accuracy,0.6558641791343689
RNN,TFC,KH,MLP,Full Finetune,HAR,KH,200.0,accuracy,0.7083333134651184
RNN,TFC,MS,MLP,Freeze,HAR,MS,200.0,accuracy,0.7099811434745789
RNN,TFC,MS,MLP,Freeze,HAR,MS,5.0,accuracy,0.5282486081123352
RNN,TFC,RW-Thigh,MLP,Freeze,HAR,RW-Thigh,5.0,accuracy,0.4140786826610565
RNN,TFC,WISDM,MLP,Freeze,HAR,WISDM,5.0,accuracy,0.5894777178764343
RNN,TFC,KH,MLP,Freeze,HAR,KH,5.0,accuracy,0.5694444179534912
RNN,TFC,MS,MLP,Freeze,HAR,MS,25.0,accuracy,0.6798493266105652
RNN,TFC,MS,MLP,Freeze,HAR,MS,100.0,accuracy,0.7193973660469055
RNN,TFC,KH,MLP,Full Finetune,HAR,KH,1.0,accuracy,0.4097222089767456
RNN,TFC,RW-Thigh,MLP,Full Finetune,HAR,RW-Thigh,10.0,accuracy,0.7008281350135803
RNN,TFC,UCI,MLP,Freeze,HAR,UCI,100.0,accuracy,0.5536231994628906
RNN,TFC,RW-Waist,MLP,Full Finetune,HAR,RW-Waist,25.0,accuracy,0.6631944179534912
RNN,TFC,UCI,MLP,Full Finetune,HAR,UCI,100.0,accuracy,0.8826087117195129
RNN,TFC,KH,MLP,Freeze,HAR,KH,25.0,accuracy,0.5347222089767456
RNN,TFC,RW-Thigh,MLP,Freeze,HAR,RW-Thigh,100.0,accuracy,0.7387853860855103
RNN,TFC,RW-Waist,MLP,Freeze,HAR,RW-Waist,25.0,accuracy,0.6103395223617554
RNN,TFC,MS,MLP,Full Finetune,HAR,MS,10.0,accuracy,0.700564980506897
RNN,TFC,MS,MLP,Freeze,HAR,MS,50.0,accuracy,0.7193973660469055
RNN,TFC,WISDM,MLP,Freeze,HAR,WISDM,100.0,accuracy,0.8152841925621033
RNN,TFC,RW-Thigh,MLP,Full Finetune,HAR,RW-Thigh,200.0,accuracy,0.7615597248077393
RNN,TFC,WISDM,MLP,Freeze,HAR,WISDM,50.0,accuracy,0.8125960230827332
RNN,TFC,RW-Waist,MLP,Full Finetune,HAR,RW-Waist,10.0,accuracy,0.6454475522041321
RNN,TFC,RW-Waist,MLP,Freeze,HAR,RW-Waist,100.0,accuracy,0.6273148059844971
RNN,TFC,MS,MLP,Full Finetune,HAR,MS,1.0,accuracy,0.5376647710800171
RNN,TFC,MS,MLP,Freeze,HAR,MS,1.0,accuracy,0.1374764591455459
RNN,TFC,MS,MLP,Full Finetune,HAR,MS,50.0,accuracy,0.8860640525817871
RNN,TFC,MS,MLP,Full Finetune,HAR,MS,25.0,accuracy,0.8418079018592834
RNN,TFC,WISDM,MLP,Freeze,HAR,WISDM,1.0,accuracy,0.1090629771351814
RNN,TFC,RW-Waist,MLP,Full Finetune,HAR,RW-Waist,100.0,accuracy,0.7530864477157593
RNN,TFC,WISDM,MLP,Full Finetune,HAR,WISDM,100.0,accuracy,0.8241167664527893
RNN,TFC,RW-Thigh,MLP,Full Finetune,HAR,RW-Thigh,50.0,accuracy,0.7688060998916626
RNN,TFC,KH,MLP,Freeze,HAR,KH,1.0,accuracy,0.4444444477558136
RNN,TFC,KH,MLP,Freeze,HAR,KH,1000.0,accuracy,0.5625
RNN,TFC,UCI,MLP,Full Finetune,HAR,UCI,25.0,accuracy,0.8362318873405457
RNN,TFC,MS,MLP,Full Finetune,HAR,MS,1000.0,accuracy,0.895480215549469
RNN,TFC,UCI,MLP,Freeze,HAR,UCI,1.0,accuracy,0.4724637567996979
RNN,TFC,WISDM,MLP,Full Finetune,HAR,WISDM,1000.0,accuracy,0.8924731016159058
RNN,TFC,RW-Thigh,MLP,Freeze,HAR,RW-Thigh,25.0,accuracy,0.6104210019111633
RNN,TFC,RW-Waist,MLP,Freeze,HAR,RW-Waist,1.0,accuracy,0.3433642089366913
RNN,TFC,UCI,MLP,Freeze,HAR,UCI,25.0,accuracy,0.5463768243789673
RNN,TFC,WISDM,MLP,Full Finetune,HAR,WISDM,25.0,accuracy,0.8483102917671204
RNN,TFC,UCI,MLP,Full Finetune,HAR,UCI,10.0,accuracy,0.7956521511077881
RNN,TFC,RW-Waist,MLP,Freeze,HAR,RW-Waist,10.0,accuracy,0.5335648059844971
RNN,TFC,WISDM,MLP,Full Finetune,HAR,WISDM,50.0,accuracy,0.8091397881507874
RNN,TFC,UCI,MLP,Freeze,HAR,UCI,10.0,accuracy,0.573913037776947
RNN,TFC,RW-Thigh,MLP,Full Finetune,HAR,RW-Thigh,25.0,accuracy,0.7612146139144897
RNN,TFC,RW-Thigh,MLP,Freeze,HAR,RW-Thigh,200.0,accuracy,0.7280883193016052
RNN,TFC,KH,MLP,Full Finetune,HAR,KH,1000.0,accuracy,0.6875
RNN,TFC,RW-Waist,MLP,Full Finetune,HAR,RW-Waist,1.0,accuracy,0.5729166865348816
RNN,TFC,WISDM,MLP,Freeze,HAR,WISDM,200.0,accuracy,0.8110598921775818
RNN,TFC,RW-Thigh,MLP,Full Finetune,HAR,RW-Thigh,1000.0,accuracy,0.8098688721656799
RNN,TFC,RW-Waist,MLP,Full Finetune,HAR,RW-Waist,200.0,accuracy,0.7920524477958679
RNN,TFC,RW-Thigh,MLP,Freeze,HAR,RW-Thigh,50.0,accuracy,0.6573498845100403
RNN,TFC,KH,MLP,Freeze,HAR,KH,200.0,accuracy,0.5486111044883728
RNN,TFC,MS,MLP,Full Finetune,HAR,MS,1.0,accuracy,0.5677965879440308
RNN,TFC,MS,MLP,Freeze,HAR,MS,1.0,accuracy,0.4152542352676391
RNN,TFC,RW-Waist,MLP,Freeze,HAR,RW-Waist,10.0,accuracy,0.5748456716537476
RNN,TFC,WISDM,MLP,Freeze,HAR,WISDM,50.0,accuracy,0.7553763389587402
RNN,TFC,RW-Thigh,MLP,Freeze,HAR,RW-Thigh,10.0,accuracy,0.4685990214347839
RNN,TFC,KH,MLP,Freeze,HAR,KH,10.0,accuracy,0.5
RNN,TFC,MS,MLP,Full Finetune,HAR,MS,200.0,accuracy,0.9171375036239624
RNN,TFC,MS,MLP,Full Finetune,HAR,MS,1000.0,accuracy,0.8992466926574707
RNN,TFC,MS,MLP,Full Finetune,HAR,MS,100.0,accuracy,0.8898305296897888
RNN,TFC,UCI,MLP,Freeze,HAR,UCI,200.0,accuracy,0.5420289635658264
RNN,TFC,MS,MLP,Freeze,HAR,MS,10.0,accuracy,0.596045196056366
RNN,TFC,WISDM,MLP,Freeze,HAR,WISDM,10.0,accuracy,0.6221198439598083
RNN,TFC,WISDM,MLP,Freeze,HAR,WISDM,25.0,accuracy,0.7338709831237793
RNN,TFC,RW-Thigh,MLP,Full Finetune,HAR,RW-Thigh,1.0,accuracy,0.1859903335571289
RNN,TFC,KH,MLP,Full Finetune,HAR,KH,1000.0,accuracy,0.6805555820465088
RNN,TFC,UCI,MLP,Full Finetune,HAR,UCI,10.0,accuracy,0.804347813129425
RNN,TFC,MS,MLP,Freeze,HAR,MS,1000.0,accuracy,0.7401130199432373
RNN,TFC,KH,MLP,Full Finetune,HAR,KH,25.0,accuracy,0.7291666865348816
RNN,TFC,RW-Thigh,MLP,Full Finetune,HAR,RW-Thigh,100.0,accuracy,0.7763975262641907
RNN,TFC,RW-Thigh,MLP,Full Finetune,HAR,RW-Thigh,1000.0,accuracy,0.7757073640823364
RNN,TFC,RW-Waist,MLP,Freeze,HAR,RW-Waist,25.0,accuracy,0.6277006268501282
RNN,TFC,UCI,MLP,Freeze,HAR,UCI,1000.0,accuracy,0.6086956262588501
RNN,TFC,RW-Waist,MLP,Full Finetune,HAR,RW-Waist,5.0,accuracy,0.6477623581886292
RNN,TFC,KH,MLP,Freeze,HAR,KH,50.0,accuracy,0.4722222089767456
RNN,TFC,RW-Thigh,MLP,Freeze,HAR,RW-Thigh,1000.0,accuracy,0.7470669150352478
RNN,TFC,WISDM,MLP,Freeze,HAR,WISDM,5.0,accuracy,0.5856375098228455
RNN,TFC,UCI,MLP,Full Finetune,HAR,UCI,100.0,accuracy,0.9101449251174928
RNN,TFC,KH,MLP,Full Finetune,HAR,KH,100.0,accuracy,0.6319444179534912
RNN,TFC,UCI,MLP,Freeze,HAR,UCI,25.0,accuracy,0.539130449295044
RNN,TFC,WISDM,MLP,Full Finetune,HAR,WISDM,10.0,accuracy,0.7569124698638916
RNN,TFC,WISDM,MLP,Freeze,HAR,WISDM,200.0,accuracy,0.7561444044113159
RNN,TFC,MS,MLP,Freeze,HAR,MS,100.0,accuracy,0.7693032026290894
RNN,TFC,RW-Waist,MLP,Full Finetune,HAR,RW-Waist,50.0,accuracy,0.7361111044883728
RNN,TFC,WISDM,MLP,Freeze,HAR,WISDM,1.0,accuracy,0.0687403976917266
RNN,TFC,WISDM,MLP,Full Finetune,HAR,WISDM,25.0,accuracy,0.7688171863555908
RNN,TFC,MS,MLP,Freeze,HAR,MS,5.0,accuracy,0.529190182685852
RNN,TFC,RW-Waist,MLP,Full Finetune,HAR,RW-Waist,10.0,accuracy,0.6496913433074951
RNN,TFC,RW-Waist,MLP,Freeze,HAR,RW-Waist,200.0,accuracy,0.6485339403152466
RNN,TFC,WISDM,MLP,Freeze,HAR,WISDM,100.0,accuracy,0.7549923062324524
RNN,TFC,UCI,MLP,Full Finetune,HAR,UCI,50.0,accuracy,0.8724637627601624
RNN,TFC,WISDM,MLP,Freeze,HAR,WISDM,1000.0,accuracy,0.7699692845344543
RNN,TFC,KH,MLP,Freeze,HAR,KH,5.0,accuracy,0.4513888955116272
RNN,TFC,KH,MLP,Full Finetune,HAR,KH,10.0,accuracy,0.7013888955116272
RNN,TFC,KH,MLP,Freeze,HAR,KH,1000.0,accuracy,0.5347222089767456
RNN,TFC,MS,MLP,Freeze,HAR,MS,50.0,accuracy,0.735404908657074
RNN,TFC,KH,MLP,Full Finetune,HAR,KH,1.0,accuracy,0.4166666567325592
RNN,TFC,MS,MLP,Full Finetune,HAR,MS,50.0,accuracy,0.8738229870796204
RNN,TFC,WISDM,MLP,Full Finetune,HAR,WISDM,1.0,accuracy,0.3728878796100616
RNN,TFC,RW-Waist,MLP,Full Finetune,HAR,RW-Waist,1000.0,accuracy,0.8182870149612427
RNN,TFC,RW-Waist,MLP,Full Finetune,HAR,RW-Waist,100.0,accuracy,0.7102623581886292
RNN,TFC,RW-Thigh,MLP,Full Finetune,HAR,RW-Thigh,50.0,accuracy,0.7443064451217651
RNN,TFC,RW-Thigh,MLP,Full Finetune,HAR,RW-Thigh,5.0,accuracy,0.5224292874336243
RNN,TFC,KH,MLP,Freeze,HAR,KH,1.0,accuracy,0.375
RNN,TFC,KH,MLP,Freeze,HAR,KH,25.0,accuracy,0.4583333432674408
RNN,TFC,WISDM,MLP,Full Finetune,HAR,WISDM,200.0,accuracy,0.8421658873558044
RNN,TFC,MS,MLP,Freeze,HAR,MS,200.0,accuracy,0.7401130199432373
RNN,TFC,RW-Waist,MLP,Freeze,HAR,RW-Waist,100.0,accuracy,0.6504629850387573
RNN,TFC,RW-Thigh,MLP,Freeze,HAR,RW-Thigh,100.0,accuracy,0.7284334301948547
RNN,TFC,UCI,MLP,Freeze,HAR,UCI,50.0,accuracy,0.5565217137336731
RNN,TFC,UCI,MLP,Freeze,HAR,UCI,100.0,accuracy,0.5782608985900879
RNN,TFC,RW-Thigh,MLP,Freeze,HAR,RW-Thigh,50.0,accuracy,0.614216685295105
RNN,TFC,RW-Thigh,MLP,Full Finetune,HAR,RW-Thigh,10.0,accuracy,0.6066252589225769
RNN,TFC,WISDM,MLP,Full Finetune,HAR,WISDM,5.0,accuracy,0.7254224419593811
RNN,TFC,UCI,MLP,Freeze,HAR,UCI,1.0,accuracy,0.1086956486105918
RNN,TFC,RW-Thigh,MLP,Full Finetune,HAR,RW-Thigh,200.0,accuracy,0.751207709312439
RNN,TFC,UCI,MLP,Full Finetune,HAR,UCI,200.0,accuracy,0.9159420132637024
RNN,TFC,UCI,MLP,Freeze,HAR,UCI,10.0,accuracy,0.5637680888175964
RNN,TFC,RW-Waist,MLP,Full Finetune,HAR,RW-Waist,25.0,accuracy,0.6863425970077515
RNN,TFC,UCI,MLP,Full Finetune,HAR,UCI,1000.0,accuracy,0.9376811385154724
RNN,TFC,UCI,MLP,Full Finetune,HAR,UCI,5.0,accuracy,0.5420289635658264
RNN,TFC,MS,MLP,Full Finetune,HAR,MS,25.0,accuracy,0.8615819215774536
RNN,TFC,MS,MLP,Full Finetune,HAR,MS,5.0,accuracy,0.6233521699905396
RNN,TFC,RW-Waist,MLP,Full Finetune,HAR,RW-Waist,200.0,accuracy,0.7978395223617554
RNN,TFC,UCI,MLP,Full Finetune,HAR,UCI,1.0,accuracy,0.12898550927639
RNN,TFC,UCI,MLP,Freeze,HAR,UCI,5.0,accuracy,0.5811594128608704
RNN,TFC,UCI,MLP,Full Finetune,HAR,UCI,25.0,accuracy,0.8188405632972717
RNN,TFC,RW-Thigh,MLP,Freeze,HAR,RW-Thigh,200.0,accuracy,0.718426525592804
RNN,TFC,WISDM,MLP,Full Finetune,HAR,WISDM,100.0,accuracy,0.7845622301101685
RNN,TFC,RW-Thigh,MLP,Freeze,HAR,RW-Thigh,5.0,accuracy,0.3992408514022827
RNN,TFC,MS,MLP,Freeze,HAR,MS,25.0,accuracy,0.7203390002250671
RNN,TFC,KH,MLP,Freeze,HAR,KH,100.0,accuracy,0.5069444179534912
RNN,TFC,RW-Waist,MLP,Freeze,HAR,RW-Waist,1000.0,accuracy,0.6535493731498718
RNN,TFC,RW-Waist,MLP,Full Finetune,HAR,RW-Waist,1.0,accuracy,0.5949074029922485
RNN,TFC,KH,MLP,Full Finetune,HAR,KH,50.0,accuracy,0.6944444179534912
RNN,TFC,RW-Thigh,MLP,Freeze,HAR,RW-Thigh,25.0,accuracy,0.5372670888900757
RNN,TFC,KH,MLP,Full Finetune,HAR,KH,200.0,accuracy,0.7222222089767456
RNN,TFC,KH,MLP,Full Finetune,HAR,KH,5.0,accuracy,0.5486111044883728
RNN,TFC,MS,MLP,Full Finetune,HAR,MS,10.0,accuracy,0.7175140976905823
RNN,TFC,RW-Waist,MLP,Freeze,HAR,RW-Waist,1.0,accuracy,0.3954475224018097
RNN,TFC,WISDM,MLP,Full Finetune,HAR,WISDM,1000.0,accuracy,0.8782641887664795
RNN,TFC,RW-Waist,MLP,Freeze,HAR,RW-Waist,50.0,accuracy,0.6485339403152466
RNN,TFC,RW-Thigh,MLP,Full Finetune,HAR,RW-Thigh,25.0,accuracy,0.7025535106658936
RNN,TFC,RW-Waist,MLP,Freeze,HAR,RW-Waist,5.0,accuracy,0.6076388955116272
RNN,TFC,WISDM,MLP,Full Finetune,HAR,WISDM,50.0,accuracy,0.7845622301101685
RNN,TFC,RW-Thigh,MLP,Freeze,HAR,RW-Thigh,1.0,accuracy,0.2173912972211837
RNN,TFC,KH,MLP,Freeze,HAR,KH,1.0,accuracy,0.375
RNN,TFC,UCI,MLP,Full Finetune,HAR,UCI,1000.0,accuracy,0.9405797123908995
RNN,TFC,UCI,MLP,Freeze,HAR,UCI,1000.0,accuracy,0.5971014499664307
RNN,TFC,MS,MLP,Full Finetune,HAR,MS,1.0,accuracy,0.5480226278305054
RNN,TFC,RW-Waist,MLP,Freeze,HAR,RW-Waist,200.0,accuracy,0.6064814925193787
RNN,TFC,MS,MLP,Freeze,HAR,MS,1000.0,accuracy,0.7080979347229004
RNN,TFC,WISDM,MLP,Full Finetune,HAR,WISDM,25.0,accuracy,0.7995391488075256
RNN,TFC,RW-Thigh,MLP,Freeze,HAR,RW-Thigh,100.0,accuracy,0.6880607604980469
RNN,TFC,WISDM,MLP,Full Finetune,HAR,WISDM,5.0,accuracy,0.7557603716850281
RNN,TFC,RW-Thigh,MLP,Freeze,HAR,RW-Thigh,1000.0,accuracy,0.740165650844574
RNN,TFC,KH,MLP,Full Finetune,HAR,KH,10.0,accuracy,0.5902777910232544
RNN,TFC,RW-Waist,MLP,Freeze,HAR,RW-Waist,100.0,accuracy,0.5852623581886292
RNN,TFC,UCI,MLP,Full Finetune,HAR,UCI,100.0,accuracy,0.9144927263259888
RNN,TFC,RW-Thigh,MLP,Freeze,HAR,RW-Thigh,5.0,accuracy,0.5310559272766113
RNN,TFC,KH,MLP,Freeze,HAR,KH,50.0,accuracy,0.5
RNN,TFC,MS,MLP,Full Finetune,HAR,MS,5.0,accuracy,0.598870038986206
RNN,TFC,UCI,MLP,Freeze,HAR,UCI,10.0,accuracy,0.5594202876091003
RNN,TFC,WISDM,MLP,Full Finetune,HAR,WISDM,200.0,accuracy,0.8613671064376831
RNN,TFC,RW-Thigh,MLP,Full Finetune,HAR,RW-Thigh,25.0,accuracy,0.7636300921440125
RNN,TFC,MS,MLP,Freeze,HAR,MS,200.0,accuracy,0.7080979347229004
RNN,TFC,KH,MLP,Full Finetune,HAR,KH,50.0,accuracy,0.6527777910232544
RNN,TFC,RW-Thigh,MLP,Full Finetune,HAR,RW-Thigh,5.0,accuracy,0.5148378014564514
RNN,TFC,RW-Thigh,MLP,Freeze,HAR,RW-Thigh,10.0,accuracy,0.5048308968544006
RNN,TFC,UCI,MLP,Full Finetune,HAR,UCI,5.0,accuracy,0.613043487071991
RNN,TFC,RW-Waist,MLP,Freeze,HAR,RW-Waist,10.0,accuracy,0.4317129552364349
RNN,TFC,MS,MLP,Freeze,HAR,MS,5.0,accuracy,0.5075329542160034
RNN,TFC,RW-Thigh,MLP,Freeze,HAR,RW-Thigh,1.0,accuracy,0.1649413406848907
RNN,TFC,UCI,MLP,Freeze,HAR,UCI,5.0,accuracy,0.5623188614845276
RNN,TFC,RW-Waist,MLP,Full Finetune,HAR,RW-Waist,10.0,accuracy,0.6253858208656311
RNN,TFC,KH,MLP,Full Finetune,HAR,KH,200.0,accuracy,0.6666666865348816
RNN,TFC,UCI,MLP,Freeze,HAR,UCI,50.0,accuracy,0.5347825884819031
RNN,TFC,MS,MLP,Freeze,HAR,MS,10.0,accuracy,0.6337099671363831
RNN,TFC,WISDM,MLP,Full Finetune,HAR,WISDM,1000.0,accuracy,0.888248860836029
RNN,TFC,RW-Thigh,MLP,Freeze,HAR,RW-Thigh,50.0,accuracy,0.6863353848457336
RNN,TFC,MS,MLP,Full Finetune,HAR,MS,25.0,accuracy,0.8700565099716187
RNN,TFC,RW-Waist,MLP,Full Finetune,HAR,RW-Waist,25.0,accuracy,0.6153549551963806
RNN,TFC,KH,MLP,Full Finetune,HAR,KH,100.0,accuracy,0.6875
RNN,TFC,KH,MLP,Full Finetune,HAR,KH,1000.0,accuracy,0.7430555820465088
RNN,TFC,RW-Thigh,MLP,Full Finetune,HAR,RW-Thigh,1000.0,accuracy,0.7650103569030762
RNN,TFC,RW-Waist,MLP,Full Finetune,HAR,RW-Waist,50.0,accuracy,0.6180555820465088
RNN,TFC,KH,MLP,Freeze,HAR,KH,5.0,accuracy,0.4791666567325592
RNN,TFC,RW-Waist,MLP,Full Finetune,HAR,RW-Waist,5.0,accuracy,0.5810185074806213
RNN,TFC,RW-Thigh,MLP,Full Finetune,HAR,RW-Thigh,50.0,accuracy,0.773982048034668
RNN,TFC,MS,MLP,Freeze,HAR,MS,100.0,accuracy,0.6854990720748901
RNN,TFC,UCI,MLP,Full Finetune,HAR,UCI,1.0,accuracy,0.5463768243789673
RNN,TFC,KH,MLP,Freeze,HAR,KH,10.0,accuracy,0.4583333432674408
RNN,TFC,UCI,MLP,Full Finetune,HAR,UCI,200.0,accuracy,0.9376811385154724
RNN,TFC,UCI,MLP,Freeze,HAR,UCI,25.0,accuracy,0.5347825884819031
RNN,TFC,KH,MLP,Freeze,HAR,KH,25.0,accuracy,0.4722222089767456
RNN,TFC,KH,MLP,Freeze,HAR,KH,100.0,accuracy,0.5555555820465088
RNN,TFC,UCI,MLP,Full Finetune,HAR,UCI,50.0,accuracy,0.8420289754867554
RNN,TFC,MS,MLP,Full Finetune,HAR,MS,100.0,accuracy,0.8879472613334656
RNN,TFC,KH,MLP,Full Finetune,HAR,KH,1.0,accuracy,0.4027777910232544
RNN,TFC,WISDM,MLP,Freeze,HAR,WISDM,5.0,accuracy,0.7112135291099548
RNN,TFC,RW-Thigh,MLP,Freeze,HAR,RW-Thigh,200.0,accuracy,0.7046238780021667
RNN,TFC,MS,MLP,Freeze,HAR,MS,1.0,accuracy,0.4350282549858093
RNN,TFC,UCI,MLP,Freeze,HAR,UCI,100.0,accuracy,0.6115942001342773
RNN,TFC,MS,MLP,Full Finetune,HAR,MS,10.0,accuracy,0.7551789283752441
RNN,TFC,RW-Waist,MLP,Freeze,HAR,RW-Waist,50.0,accuracy,0.5675154328346252
RNN,TFC,RW-Waist,MLP,Full Finetune,HAR,RW-Waist,100.0,accuracy,0.6905864477157593
RNN,TFC,WISDM,MLP,Freeze,HAR,WISDM,200.0,accuracy,0.8018433451652527
RNN,TFC,WISDM,MLP,Freeze,HAR,WISDM,10.0,accuracy,0.7307987809181213
RNN,TFC,UCI,MLP,Freeze,HAR,UCI,1.0,accuracy,0.4956521689891815
RNN,TFC,KH,MLP,Freeze,HAR,KH,200.0,accuracy,0.6111111044883728
RNN,TFC,MS,MLP,Full Finetune,HAR,MS,50.0,accuracy,0.8757061958312988
RNN,TFC,RW-Waist,MLP,Freeze,HAR,RW-Waist,25.0,accuracy,0.5181326866149902
RNN,TFC,RW-Waist,MLP,Full Finetune,HAR,RW-Waist,1000.0,accuracy,0.821373462677002
RNN,TFC,WISDM,MLP,Freeze,HAR,WISDM,25.0,accuracy,0.7665130496025085
RNN,TFC,KH,MLP,Freeze,HAR,KH,1000.0,accuracy,0.6388888955116272
RNN,TFC,MS,MLP,Full Finetune,HAR,MS,1000.0,accuracy,0.9199623465538024
RNN,TFC,RW-Thigh,MLP,Full Finetune,HAR,RW-Thigh,100.0,accuracy,0.7011732459068298
RNN,TFC,RW-Waist,MLP,Freeze,HAR,RW-Waist,1.0,accuracy,0.3981481492519378
RNN,TFC,WISDM,MLP,Freeze,HAR,WISDM,100.0,accuracy,0.7784178256988525
RNN,TFC,MS,MLP,Full Finetune,HAR,MS,200.0,accuracy,0.8794726729393005
RNN,TFC,MS,MLP,Freeze,HAR,MS,50.0,accuracy,0.674199640750885
RNN,TFC,RW-Waist,MLP,Full Finetune,HAR,RW-Waist,200.0,accuracy,0.7557870149612427
RNN,TFC,KH,MLP,Full Finetune,HAR,KH,5.0,accuracy,0.5694444179534912
RNN,TFC,WISDM,MLP,Full Finetune,HAR,WISDM,100.0,accuracy,0.8175883293151855
RNN,TFC,UCI,MLP,Full Finetune,HAR,UCI,10.0,accuracy,0.686956524848938
RNN,TFC,RW-Thigh,MLP,Full Finetune,HAR,RW-Thigh,10.0,accuracy,0.6204279065132141
RNN,TFC,KH,MLP,Full Finetune,HAR,KH,25.0,accuracy,0.7013888955116272
RNN,TFC,WISDM,MLP,Full Finetune,HAR,WISDM,10.0,accuracy,0.7761136889457703
RNN,TFC,RW-Waist,MLP,Full Finetune,HAR,RW-Waist,1.0,accuracy,0.4247685074806213
RNN,TFC,RW-Thigh,MLP,Full Finetune,HAR,RW-Thigh,1.0,accuracy,0.3923395574092865
RNN,TFC,RW-Thigh,MLP,Freeze,HAR,RW-Thigh,25.0,accuracy,0.611801266670227
RNN,TFC,UCI,MLP,Full Finetune,HAR,UCI,25.0,accuracy,0.760869562625885
RNN,TFC,WISDM,MLP,Freeze,HAR,WISDM,1000.0,accuracy,0.7968509793281555
RNN,TFC,WISDM,MLP,Freeze,HAR,WISDM,50.0,accuracy,0.7722734212875366
RNN,TFC,UCI,MLP,Freeze,HAR,UCI,200.0,accuracy,0.6202898621559143
RNN,TFC,WISDM,MLP,Full Finetune,HAR,WISDM,50.0,accuracy,0.8006912469863892
RNN,TFC,RW-Thigh,MLP,Full Finetune,HAR,RW-Thigh,200.0,accuracy,0.7229123711585999
RNN,TFC,RW-Waist,MLP,Freeze,HAR,RW-Waist,1000.0,accuracy,0.6277006268501282
RNN,TFC,MS,MLP,Freeze,HAR,MS,25.0,accuracy,0.6685498952865601
RNN,TFC,WISDM,MLP,Freeze,HAR,WISDM,1.0,accuracy,0.3982334733009338
RNN,TFC,RW-Waist,MLP,Freeze,HAR,RW-Waist,5.0,accuracy,0.4891975224018097
RNN,TFC,WISDM,MLP,Full Finetune,HAR,WISDM,1.0,accuracy,0.6002303957939148
RNN,Diet,UCI,MLP,Full Finetune,HAR,UCI,1.0,accuracy,0.2985507249832153
RNN,Diet,UCI,MLP,Freeze,HAR,UCI,100.0,accuracy,0.6304348111152649
RNN,Diet,UCI,MLP,Full Finetune,HAR,UCI,1000.0,accuracy,0.7956521511077881
RNN,Diet,UCI,MLP,Full Finetune,HAR,UCI,200.0,accuracy,0.804347813129425
RNN,Diet,RW-Waist,MLP,Freeze,HAR,RW-Waist,200.0,accuracy,0.5455247163772583
RNN,Diet,WISDM,MLP,Full Finetune,HAR,WISDM,1000.0,accuracy,0.7964669466018677
RNN,Diet,RW-Thigh,MLP,Full Finetune,HAR,RW-Thigh,1000.0,accuracy,0.5873016119003296
RNN,Diet,RW-Thigh,MLP,Freeze,HAR,RW-Thigh,1.0,accuracy,0.3050379455089569
RNN,Diet,RW-Thigh,MLP,Full Finetune,HAR,RW-Thigh,50.0,accuracy,0.5055210590362549
RNN,Diet,UCI,MLP,Full Finetune,HAR,UCI,10.0,accuracy,0.4333333373069763
RNN,Diet,KH,MLP,Full Finetune,HAR,KH,1.0,accuracy,0.2569444477558136
RNN,Diet,RW-Waist,MLP,Full Finetune,HAR,RW-Waist,100.0,accuracy,0.5625
RNN,Diet,RW-Waist,MLP,Freeze,HAR,RW-Waist,1000.0,accuracy,0.5879629850387573
RNN,Diet,KH,MLP,Freeze,HAR,KH,1000.0,accuracy,0.5555555820465088
RNN,Diet,MS,MLP,Full Finetune,HAR,MS,10.0,accuracy,0.4020715653896332
RNN,Diet,MS,MLP,Full Finetune,HAR,MS,5.0,accuracy,0.3917137384414673
RNN,Diet,KH,MLP,Full Finetune,HAR,KH,5.0,accuracy,0.4236111044883728
RNN,Diet,KH,MLP,Full Finetune,HAR,KH,25.0,accuracy,0.5625
RNN,Diet,UCI,MLP,Freeze,HAR,UCI,1000.0,accuracy,0.7362318634986877
RNN,Diet,RW-Waist,MLP,Freeze,HAR,RW-Waist,100.0,accuracy,0.5320215821266174
RNN,Diet,WISDM,MLP,Freeze,HAR,WISDM,10.0,accuracy,0.4162826538085937
RNN,Diet,WISDM,MLP,Freeze,HAR,WISDM,1000.0,accuracy,0.7127496004104614
RNN,Diet,UCI,MLP,Full Finetune,HAR,UCI,50.0,accuracy,0.6942028999328613
RNN,Diet,UCI,MLP,Full Finetune,HAR,UCI,100.0,accuracy,0.7623188495635986
RNN,Diet,UCI,MLP,Freeze,HAR,UCI,5.0,accuracy,0.3420289754867553
RNN,Diet,WISDM,MLP,Full Finetune,HAR,WISDM,200.0,accuracy,0.6520737409591675
RNN,Diet,RW-Waist,MLP,Full Finetune,HAR,RW-Waist,5.0,accuracy,0.3927469253540039
RNN,Diet,MS,MLP,Freeze,HAR,MS,50.0,accuracy,0.596045196056366
RNN,Diet,MS,MLP,Freeze,HAR,MS,10.0,accuracy,0.3870056569576263
RNN,Diet,UCI,MLP,Full Finetune,HAR,UCI,5.0,accuracy,0.3623188436031341
RNN,Diet,KH,MLP,Freeze,HAR,KH,100.0,accuracy,0.6319444179534912
RNN,Diet,RW-Waist,MLP,Full Finetune,HAR,RW-Waist,50.0,accuracy,0.5
RNN,Diet,RW-Thigh,MLP,Freeze,HAR,RW-Thigh,5.0,accuracy,0.3833678364753723
RNN,Diet,MS,MLP,Full Finetune,HAR,MS,1000.0,accuracy,0.8248587846755981
RNN,Diet,WISDM,MLP,Full Finetune,HAR,WISDM,1.0,accuracy,0.3801843225955963
RNN,Diet,RW-Waist,MLP,Full Finetune,HAR,RW-Waist,10.0,accuracy,0.4456018507480621
RNN,Diet,RW-Thigh,MLP,Full Finetune,HAR,RW-Thigh,10.0,accuracy,0.384748101234436
RNN,Diet,KH,MLP,Freeze,HAR,KH,25.0,accuracy,0.5277777910232544
RNN,Diet,WISDM,MLP,Full Finetune,HAR,WISDM,10.0,accuracy,0.4585253596305847
RNN,Diet,RW-Waist,MLP,Freeze,HAR,RW-Waist,50.0,accuracy,0.5204475522041321
RNN,Diet,KH,MLP,Full Finetune,HAR,KH,1000.0,accuracy,0.5972222089767456
RNN,Diet,MS,MLP,Full Finetune,HAR,MS,100.0,accuracy,0.6873822808265686
RNN,Diet,WISDM,MLP,Full Finetune,HAR,WISDM,50.0,accuracy,0.5825653076171875
RNN,Diet,WISDM,MLP,Freeze,HAR,WISDM,50.0,accuracy,0.5610598921775818
RNN,Diet,KH,MLP,Freeze,HAR,KH,50.0,accuracy,0.5694444179534912
RNN,Diet,KH,MLP,Freeze,HAR,KH,1.0,accuracy,0.1875
RNN,Diet,RW-Waist,MLP,Freeze,HAR,RW-Waist,1.0,accuracy,0.318287044763565
RNN,Diet,RW-Thigh,MLP,Full Finetune,HAR,RW-Thigh,1.0,accuracy,0.349896490573883
RNN,Diet,MS,MLP,Freeze,HAR,MS,200.0,accuracy,0.7165725231170654
RNN,Diet,MS,MLP,Freeze,HAR,MS,5.0,accuracy,0.3992466926574707
RNN,Diet,WISDM,MLP,Freeze,HAR,WISDM,1.0,accuracy,0.3325652778148651
RNN,Diet,MS,MLP,Full Finetune,HAR,MS,1.0,accuracy,0.3267419934272766
RNN,Diet,UCI,MLP,Full Finetune,HAR,UCI,25.0,accuracy,0.6144927740097046
RNN,Diet,UCI,MLP,Freeze,HAR,UCI,1.0,accuracy,0.2507246434688568
RNN,Diet,KH,MLP,Full Finetune,HAR,KH,200.0,accuracy,0.5902777910232544
RNN,Diet,RW-Waist,MLP,Full Finetune,HAR,RW-Waist,25.0,accuracy,0.4425154328346252
RNN,Diet,KH,MLP,Full Finetune,HAR,KH,100.0,accuracy,0.6180555820465088
RNN,Diet,RW-Thigh,MLP,Full Finetune,HAR,RW-Thigh,100.0,accuracy,0.5766045451164246
RNN,Diet,WISDM,MLP,Freeze,HAR,WISDM,100.0,accuracy,0.6347926259040833
RNN,Diet,RW-Waist,MLP,Freeze,HAR,RW-Waist,10.0,accuracy,0.4421296417713165
RNN,Diet,RW-Waist,MLP,Full Finetune,HAR,RW-Waist,1.0,accuracy,0.2982253134250641
RNN,Diet,MS,MLP,Full Finetune,HAR,MS,25.0,accuracy,0.5442560911178589
RNN,Diet,KH,MLP,Full Finetune,HAR,KH,50.0,accuracy,0.5347222089767456
RNN,Diet,KH,MLP,Freeze,HAR,KH,5.0,accuracy,0.4097222089767456
RNN,Diet,UCI,MLP,Freeze,HAR,UCI,50.0,accuracy,0.5855072736740112
RNN,Diet,WISDM,MLP,Freeze,HAR,WISDM,5.0,accuracy,0.3936251997947693
RNN,Diet,RW-Waist,MLP,Freeze,HAR,RW-Waist,5.0,accuracy,0.4070216119289398
RNN,Diet,KH,MLP,Full Finetune,HAR,KH,10.0,accuracy,0.4791666567325592
RNN,Diet,MS,MLP,Freeze,HAR,MS,1000.0,accuracy,0.7485875487327576
RNN,Diet,MS,MLP,Freeze,HAR,MS,25.0,accuracy,0.534839928150177
RNN,Diet,MS,MLP,Freeze,HAR,MS,100.0,accuracy,0.6280602812767029
RNN,Diet,RW-Thigh,MLP,Full Finetune,HAR,RW-Thigh,200.0,accuracy,0.534851610660553
RNN,Diet,UCI,MLP,Freeze,HAR,UCI,10.0,accuracy,0.4521739184856415
RNN,Diet,WISDM,MLP,Full Finetune,HAR,WISDM,25.0,accuracy,0.5199692845344543
RNN,Diet,RW-Thigh,MLP,Freeze,HAR,RW-Thigh,200.0,accuracy,0.5693581700325012
RNN,Diet,WISDM,MLP,Freeze,HAR,WISDM,25.0,accuracy,0.5080645084381104
RNN,Diet,WISDM,MLP,Full Finetune,HAR,WISDM,100.0,accuracy,0.5983102917671204
RNN,Diet,MS,MLP,Full Finetune,HAR,MS,50.0,accuracy,0.6158192157745361
RNN,Diet,RW-Thigh,MLP,Freeze,HAR,RW-Thigh,10.0,accuracy,0.3661145567893982
RNN,Diet,RW-Thigh,MLP,Full Finetune,HAR,RW-Thigh,5.0,accuracy,0.3295376002788543
RNN,Diet,RW-Waist,MLP,Freeze,HAR,RW-Waist,25.0,accuracy,0.4787808656692505
RNN,Diet,RW-Thigh,MLP,Freeze,HAR,RW-Thigh,25.0,accuracy,0.4444444477558136
RNN,Diet,RW-Waist,MLP,Full Finetune,HAR,RW-Waist,1000.0,accuracy,0.6400462985038757
RNN,Diet,WISDM,MLP,Full Finetune,HAR,WISDM,5.0,accuracy,0.4354838728904724
RNN,Diet,UCI,MLP,Freeze,HAR,UCI,200.0,accuracy,0.678260862827301
RNN,Diet,RW-Thigh,MLP,Freeze,HAR,RW-Thigh,1000.0,accuracy,0.6042097806930542
RNN,Diet,MS,MLP,Full Finetune,HAR,MS,200.0,accuracy,0.7749529480934143
RNN,Diet,RW-Waist,MLP,Full Finetune,HAR,RW-Waist,200.0,accuracy,0.5991512537002563
RNN,Diet,RW-Thigh,MLP,Freeze,HAR,RW-Thigh,100.0,accuracy,0.5489993095397949
RNN,Diet,KH,MLP,Freeze,HAR,KH,10.0,accuracy,0.4652777910232544
RNN,Diet,RW-Thigh,MLP,Freeze,HAR,RW-Thigh,50.0,accuracy,0.4979296028614044
RNN,Diet,KH,MLP,Freeze,HAR,KH,200.0,accuracy,0.5694444179534912
RNN,Diet,RW-Thigh,MLP,Full Finetune,HAR,RW-Thigh,25.0,accuracy,0.4685990214347839
RNN,Diet,MS,MLP,Freeze,HAR,MS,1.0,accuracy,0.2853107452392578
RNN,Diet,UCI,MLP,Freeze,HAR,UCI,25.0,accuracy,0.5057970881462097
RNN,Diet,WISDM,MLP,Freeze,HAR,WISDM,200.0,accuracy,0.644777238368988
RNN,Diet,KH,MLP,Freeze,HAR,KH,200.0,accuracy,0.6319444179534912
RNN,Diet,UCI,MLP,Freeze,HAR,UCI,1.0,accuracy,0.313043475151062
RNN,Diet,UCI,MLP,Full Finetune,HAR,UCI,50.0,accuracy,0.7115942239761353
RNN,Diet,MS,MLP,Full Finetune,HAR,MS,50.0,accuracy,0.6384180784225464
RNN,Diet,MS,MLP,Full Finetune,HAR,MS,100.0,accuracy,0.7259886860847473
RNN,Diet,KH,MLP,Freeze,HAR,KH,25.0,accuracy,0.5347222089767456
RNN,Diet,RW-Waist,MLP,Full Finetune,HAR,RW-Waist,5.0,accuracy,0.4054783880710602
RNN,Diet,RW-Waist,MLP,Full Finetune,HAR,RW-Waist,1.0,accuracy,0.2874228358268738
RNN,Diet,RW-Waist,MLP,Full Finetune,HAR,RW-Waist,200.0,accuracy,0.6176697611808777
RNN,Diet,WISDM,MLP,Freeze,HAR,WISDM,50.0,accuracy,0.5894777178764343
RNN,Diet,WISDM,MLP,Full Finetune,HAR,WISDM,25.0,accuracy,0.5376344323158264
RNN,Diet,WISDM,MLP,Freeze,HAR,WISDM,5.0,accuracy,0.369047611951828
RNN,Diet,RW-Thigh,MLP,Full Finetune,HAR,RW-Thigh,25.0,accuracy,0.4768806099891662
RNN,Diet,RW-Thigh,MLP,Full Finetune,HAR,RW-Thigh,10.0,accuracy,0.376121461391449
RNN,Diet,KH,MLP,Full Finetune,HAR,KH,200.0,accuracy,0.6041666865348816
RNN,Diet,UCI,MLP,Freeze,HAR,UCI,50.0,accuracy,0.6231883764266968
RNN,Diet,WISDM,MLP,Freeze,HAR,WISDM,200.0,accuracy,0.6570660471916199
RNN,Diet,RW-Waist,MLP,Freeze,HAR,RW-Waist,200.0,accuracy,0.5910493731498718
RNN,Diet,RW-Waist,MLP,Full Finetune,HAR,RW-Waist,10.0,accuracy,0.4359567761421203
RNN,Diet,KH,MLP,Full Finetune,HAR,KH,100.0,accuracy,0.5694444179534912
RNN,Diet,WISDM,MLP,Full Finetune,HAR,WISDM,10.0,accuracy,0.4585253596305847
RNN,Diet,UCI,MLP,Freeze,HAR,UCI,100.0,accuracy,0.6768115758895874
RNN,Diet,UCI,MLP,Freeze,HAR,UCI,25.0,accuracy,0.5492753386497498
RNN,Diet,WISDM,MLP,Freeze,HAR,WISDM,25.0,accuracy,0.5153610110282898
RNN,Diet,KH,MLP,Freeze,HAR,KH,10.0,accuracy,0.4166666567325592
RNN,Diet,MS,MLP,Freeze,HAR,MS,1.0,accuracy,0.2137476503849029
RNN,Diet,WISDM,MLP,Full Finetune,HAR,WISDM,50.0,accuracy,0.6113671064376831
RNN,Diet,RW-Thigh,MLP,Full Finetune,HAR,RW-Thigh,50.0,accuracy,0.4282263517379761
RNN,Diet,RW-Thigh,MLP,Freeze,HAR,RW-Thigh,1000.0,accuracy,0.5590062141418457
RNN,Diet,MS,MLP,Freeze,HAR,MS,100.0,accuracy,0.6873822808265686
RNN,Diet,RW-Thigh,MLP,Full Finetune,HAR,RW-Thigh,200.0,accuracy,0.533816397190094
RNN,Diet,UCI,MLP,Freeze,HAR,UCI,10.0,accuracy,0.4376811683177948
RNN,Diet,UCI,MLP,Full Finetune,HAR,UCI,100.0,accuracy,0.7594202756881714
RNN,Diet,RW-Thigh,MLP,Full Finetune,HAR,RW-Thigh,100.0,accuracy,0.5590062141418457
RNN,Diet,RW-Waist,MLP,Full Finetune,HAR,RW-Waist,1000.0,accuracy,0.6662808656692505
RNN,Diet,KH,MLP,Freeze,HAR,KH,1.0,accuracy,0.3263888955116272
RNN,Diet,KH,MLP,Freeze,HAR,KH,1000.0,accuracy,0.6527777910232544
RNN,Diet,RW-Thigh,MLP,Freeze,HAR,RW-Thigh,25.0,accuracy,0.4623878598213196
RNN,Diet,RW-Waist,MLP,Full Finetune,HAR,RW-Waist,100.0,accuracy,0.5621141791343689
RNN,Diet,RW-Thigh,MLP,Freeze,HAR,RW-Thigh,50.0,accuracy,0.4841269850730896
RNN,Diet,RW-Thigh,MLP,Freeze,HAR,RW-Thigh,5.0,accuracy,0.3381642401218414
RNN,Diet,RW-Waist,MLP,Freeze,HAR,RW-Waist,100.0,accuracy,0.5675154328346252
RNN,Diet,RW-Waist,MLP,Full Finetune,HAR,RW-Waist,50.0,accuracy,0.5308641791343689
RNN,Diet,WISDM,MLP,Freeze,HAR,WISDM,100.0,accuracy,0.638248860836029
RNN,Diet,UCI,MLP,Full Finetune,HAR,UCI,5.0,accuracy,0.4463768005371094
RNN,Diet,RW-Thigh,MLP,Freeze,HAR,RW-Thigh,1.0,accuracy,0.1880607306957245
RNN,Diet,MS,MLP,Full Finetune,HAR,MS,10.0,accuracy,0.4821092188358307
RNN,Diet,MS,MLP,Full Finetune,HAR,MS,200.0,accuracy,0.7853107452392578
RNN,Diet,MS,MLP,Freeze,HAR,MS,5.0,accuracy,0.3747645914554596
RNN,Diet,RW-Waist,MLP,Freeze,HAR,RW-Waist,1.0,accuracy,0.264660507440567
RNN,Diet,UCI,MLP,Full Finetune,HAR,UCI,10.0,accuracy,0.4985507130622864
RNN,Diet,KH,MLP,Freeze,HAR,KH,50.0,accuracy,0.6319444179534912
RNN,Diet,RW-Thigh,MLP,Full Finetune,HAR,RW-Thigh,1.0,accuracy,0.2356797754764557
RNN,Diet,RW-Thigh,MLP,Full Finetune,HAR,RW-Thigh,5.0,accuracy,0.3471359610557556
RNN,Diet,MS,MLP,Freeze,HAR,MS,50.0,accuracy,0.6261770129203796
RNN,Diet,RW-Waist,MLP,Freeze,HAR,RW-Waist,25.0,accuracy,0.4895833432674408
RNN,Diet,UCI,MLP,Full Finetune,HAR,UCI,200.0,accuracy,0.7971014380455017
RNN,Diet,RW-Waist,MLP,Freeze,HAR,RW-Waist,10.0,accuracy,0.4124228358268738
RNN,Diet,RW-Thigh,MLP,Freeze,HAR,RW-Thigh,100.0,accuracy,0.5234644412994385
RNN,Diet,UCI,MLP,Full Finetune,HAR,UCI,1000.0,accuracy,0.8159420490264893
RNN,Diet,MS,MLP,Freeze,HAR,MS,200.0,accuracy,0.7165725231170654
RNN,Diet,MS,MLP,Full Finetune,HAR,MS,5.0,accuracy,0.4237288236618042
RNN,Diet,KH,MLP,Freeze,HAR,KH,5.0,accuracy,0.4791666567325592
RNN,Diet,KH,MLP,Freeze,HAR,KH,100.0,accuracy,0.6319444179534912
RNN,Diet,RW-Thigh,MLP,Freeze,HAR,RW-Thigh,10.0,accuracy,0.4089027047157287
RNN,Diet,WISDM,MLP,Full Finetune,HAR,WISDM,1.0,accuracy,0.3579109013080597
RNN,Diet,RW-Waist,MLP,Freeze,HAR,RW-Waist,5.0,accuracy,0.375
RNN,Diet,MS,MLP,Freeze,HAR,MS,10.0,accuracy,0.403954803943634
RNN,Diet,MS,MLP,Freeze,HAR,MS,25.0,accuracy,0.5367231369018555
RNN,Diet,UCI,MLP,Freeze,HAR,UCI,1000.0,accuracy,0.717391312122345
RNN,Diet,UCI,MLP,Freeze,HAR,UCI,200.0,accuracy,0.7217391133308411
RNN,Diet,WISDM,MLP,Freeze,HAR,WISDM,10.0,accuracy,0.471198171377182
RNN,Diet,KH,MLP,Full Finetune,HAR,KH,1.0,accuracy,0.3888888955116272
RNN,Diet,RW-Thigh,MLP,Freeze,HAR,RW-Thigh,200.0,accuracy,0.5458937287330627
RNN,Diet,WISDM,MLP,Full Finetune,HAR,WISDM,1000.0,accuracy,0.7795698642730713
RNN,Diet,KH,MLP,Full Finetune,HAR,KH,50.0,accuracy,0.6319444179534912
RNN,Diet,UCI,MLP,Full Finetune,HAR,UCI,25.0,accuracy,0.6188405752182007
RNN,Diet,RW-Thigh,MLP,Full Finetune,HAR,RW-Thigh,1000.0,accuracy,0.6121463179588318
RNN,Diet,UCI,MLP,Full Finetune,HAR,UCI,1.0,accuracy,0.3260869681835174
RNN,Diet,RW-Waist,MLP,Freeze,HAR,RW-Waist,1000.0,accuracy,0.6219135522842407
RNN,Diet,KH,MLP,Full Finetune,HAR,KH,25.0,accuracy,0.5416666865348816
RNN,Diet,RW-Waist,MLP,Freeze,HAR,RW-Waist,50.0,accuracy,0.5397376418113708
RNN,Diet,WISDM,MLP,Freeze,HAR,WISDM,1.0,accuracy,0.3521505296230316
RNN,Diet,RW-Waist,MLP,Full Finetune,HAR,RW-Waist,25.0,accuracy,0.4918981492519378
RNN,Diet,WISDM,MLP,Full Finetune,HAR,WISDM,5.0,accuracy,0.3237327337265014
RNN,Diet,KH,MLP,Full Finetune,HAR,KH,10.0,accuracy,0.4513888955116272
RNN,Diet,MS,MLP,Full Finetune,HAR,MS,1000.0,accuracy,0.8389830589294434
RNN,Diet,KH,MLP,Full Finetune,HAR,KH,5.0,accuracy,0.4236111044883728
RNN,Diet,UCI,MLP,Freeze,HAR,UCI,5.0,accuracy,0.4144927561283111
RNN,Diet,KH,MLP,Full Finetune,HAR,KH,1000.0,accuracy,0.625
RNN,Diet,MS,MLP,Freeze,HAR,MS,1000.0,accuracy,0.778719425201416
RNN,Diet,MS,MLP,Full Finetune,HAR,MS,25.0,accuracy,0.6035781502723694
RNN,Diet,MS,MLP,Full Finetune,HAR,MS,1.0,accuracy,0.2815442681312561
RNN,Diet,WISDM,MLP,Full Finetune,HAR,WISDM,200.0,accuracy,0.6762672662734985
RNN,Diet,WISDM,MLP,Full Finetune,HAR,WISDM,100.0,accuracy,0.6463133692741394
RNN,Diet,WISDM,MLP,Freeze,HAR,WISDM,1000.0,accuracy,0.7069892287254333
RNN,Diet,KH,MLP,Full Finetune,HAR,KH,1000.0,accuracy,0.6319444179534912
RNN,Diet,KH,MLP,Freeze,HAR,KH,1.0,accuracy,0.2708333432674408
RNN,Diet,UCI,MLP,Freeze,HAR,UCI,10.0,accuracy,0.4202898442745209
RNN,Diet,KH,MLP,Freeze,HAR,KH,50.0,accuracy,0.6041666865348816
RNN,Diet,MS,MLP,Freeze,HAR,MS,5.0,accuracy,0.3493408560752868
RNN,Diet,UCI,MLP,Full Finetune,HAR,UCI,25.0,accuracy,0.5782608985900879
RNN,Diet,KH,MLP,Freeze,HAR,KH,1000.0,accuracy,0.5902777910232544
RNN,Diet,WISDM,MLP,Freeze,HAR,WISDM,1000.0,accuracy,0.713901698589325
RNN,Diet,WISDM,MLP,Full Finetune,HAR,WISDM,50.0,accuracy,0.5794931054115295
RNN,Diet,WISDM,MLP,Full Finetune,HAR,WISDM,200.0,accuracy,0.6539938449859619
RNN,Diet,UCI,MLP,Freeze,HAR,UCI,5.0,accuracy,0.3927536308765411
RNN,Diet,RW-Thigh,MLP,Freeze,HAR,RW-Thigh,5.0,accuracy,0.3029675781726837
RNN,Diet,UCI,MLP,Full Finetune,HAR,UCI,1.0,accuracy,0.2159420251846313
RNN,Diet,RW-Waist,MLP,Freeze,HAR,RW-Waist,1.0,accuracy,0.3587962985038757
RNN,Diet,UCI,MLP,Full Finetune,HAR,UCI,50.0,accuracy,0.6507246494293213
RNN,Diet,RW-Thigh,MLP,Full Finetune,HAR,RW-Thigh,10.0,accuracy,0.2888198792934418
RNN,Diet,UCI,MLP,Full Finetune,HAR,UCI,100.0,accuracy,0.7318840622901917
RNN,Diet,RW-Waist,MLP,Full Finetune,HAR,RW-Waist,200.0,accuracy,0.551311731338501
RNN,Diet,WISDM,MLP,Freeze,HAR,WISDM,25.0,accuracy,0.5257296562194824
RNN,Diet,WISDM,MLP,Freeze,HAR,WISDM,10.0,accuracy,0.466589868068695
RNN,Diet,RW-Thigh,MLP,Freeze,HAR,RW-Thigh,10.0,accuracy,0.3302277326583862
RNN,Diet,RW-Thigh,MLP,Freeze,HAR,RW-Thigh,25.0,accuracy,0.3995859324932098
RNN,Diet,UCI,MLP,Full Finetune,HAR,UCI,1000.0,accuracy,0.7811594009399414
RNN,Diet,RW-Waist,MLP,Full Finetune,HAR,RW-Waist,25.0,accuracy,0.4942129552364349
RNN,Diet,UCI,MLP,Freeze,HAR,UCI,1.0,accuracy,0.2652173936367035
RNN,Diet,RW-Waist,MLP,Full Finetune,HAR,RW-Waist,50.0,accuracy,0.5096450448036194
RNN,Diet,MS,MLP,Freeze,HAR,MS,25.0,accuracy,0.5668550133705139
RNN,Diet,MS,MLP,Full Finetune,HAR,MS,25.0,accuracy,0.6082862615585327
RNN,Diet,MS,MLP,Full Finetune,HAR,MS,50.0,accuracy,0.5847457647323608
RNN,Diet,UCI,MLP,Freeze,HAR,UCI,200.0,accuracy,0.6840579509735107
RNN,Diet,MS,MLP,Freeze,HAR,MS,50.0,accuracy,0.5913370847702026
RNN,Diet,KH,MLP,Freeze,HAR,KH,10.0,accuracy,0.4444444477558136
RNN,Diet,RW-Thigh,MLP,Full Finetune,HAR,RW-Thigh,25.0,accuracy,0.2049689441919326
RNN,Diet,RW-Thigh,MLP,Freeze,HAR,RW-Thigh,100.0,accuracy,0.4510006904602051
RNN,Diet,RW-Waist,MLP,Full Finetune,HAR,RW-Waist,100.0,accuracy,0.5632715821266174
RNN,Diet,WISDM,MLP,Freeze,HAR,WISDM,5.0,accuracy,0.3798003196716308
RNN,Diet,WISDM,MLP,Freeze,HAR,WISDM,100.0,accuracy,0.6436251997947693
RNN,Diet,KH,MLP,Full Finetune,HAR,KH,5.0,accuracy,0.3680555522441864
RNN,Diet,RW-Thigh,MLP,Full Finetune,HAR,RW-Thigh,100.0,accuracy,0.4520358741283417
RNN,Diet,WISDM,MLP,Full Finetune,HAR,WISDM,10.0,accuracy,0.4243471622467041
RNN,Diet,UCI,MLP,Freeze,HAR,UCI,1000.0,accuracy,0.7115942239761353
RNN,Diet,RW-Waist,MLP,Freeze,HAR,RW-Waist,5.0,accuracy,0.3553240597248077
RNN,Diet,KH,MLP,Freeze,HAR,KH,25.0,accuracy,0.5138888955116272
RNN,Diet,MS,MLP,Full Finetune,HAR,MS,100.0,accuracy,0.6676082611083984
RNN,Diet,KH,MLP,Full Finetune,HAR,KH,10.0,accuracy,0.4513888955116272
RNN,Diet,KH,MLP,Full Finetune,HAR,KH,200.0,accuracy,0.6111111044883728
RNN,Diet,RW-Waist,MLP,Freeze,HAR,RW-Waist,25.0,accuracy,0.4764660596847534
RNN,Diet,MS,MLP,Freeze,HAR,MS,10.0,accuracy,0.4312617778778076
RNN,Diet,MS,MLP,Freeze,HAR,MS,100.0,accuracy,0.6318267583847046
RNN,Diet,RW-Thigh,MLP,Freeze,HAR,RW-Thigh,1000.0,accuracy,0.5106970071792603
RNN,Diet,RW-Waist,MLP,Freeze,HAR,RW-Waist,50.0,accuracy,0.5069444179534912
RNN,Diet,RW-Thigh,MLP,Full Finetune,HAR,RW-Thigh,1.0,accuracy,0.2222222238779068
RNN,Diet,WISDM,MLP,Full Finetune,HAR,WISDM,100.0,accuracy,0.6221198439598083
RNN,Diet,RW-Waist,MLP,Freeze,HAR,RW-Waist,1000.0,accuracy,0.5652006268501282
RNN,Diet,RW-Waist,MLP,Freeze,HAR,RW-Waist,100.0,accuracy,0.5405092835426331
RNN,Diet,MS,MLP,Full Finetune,HAR,MS,1000.0,accuracy,0.8210923075675964
RNN,Diet,WISDM,MLP,Freeze,HAR,WISDM,1.0,accuracy,0.2503840327262878
RNN,Diet,RW-Thigh,MLP,Freeze,HAR,RW-Thigh,1.0,accuracy,0.2536231875419616
RNN,Diet,UCI,MLP,Full Finetune,HAR,UCI,10.0,accuracy,0.4246376752853393
RNN,Diet,MS,MLP,Full Finetune,HAR,MS,1.0,accuracy,0.3276836276054382
RNN,Diet,KH,MLP,Full Finetune,HAR,KH,1.0,accuracy,0.3125
RNN,Diet,RW-Thigh,MLP,Freeze,HAR,RW-Thigh,50.0,accuracy,0.4365079402923584
RNN,Diet,KH,MLP,Freeze,HAR,KH,200.0,accuracy,0.6041666865348816
RNN,Diet,WISDM,MLP,Full Finetune,HAR,WISDM,1.0,accuracy,0.2530722022056579
RNN,Diet,RW-Thigh,MLP,Full Finetune,HAR,RW-Thigh,1000.0,accuracy,0.5072463750839233
RNN,Diet,WISDM,MLP,Full Finetune,HAR,WISDM,1000.0,accuracy,0.7857142686843872
RNN,Diet,MS,MLP,Full Finetune,HAR,MS,200.0,accuracy,0.7721280455589294
RNN,Diet,MS,MLP,Freeze,HAR,MS,1000.0,accuracy,0.7504708170890808
RNN,Diet,KH,MLP,Freeze,HAR,KH,5.0,accuracy,0.3333333432674408
RNN,Diet,KH,MLP,Full Finetune,HAR,KH,50.0,accuracy,0.625
RNN,Diet,UCI,MLP,Freeze,HAR,UCI,50.0,accuracy,0.5637680888175964
RNN,Diet,RW-Waist,MLP,Full Finetune,HAR,RW-Waist,10.0,accuracy,0.4402006268501282
RNN,Diet,UCI,MLP,Full Finetune,HAR,UCI,200.0,accuracy,0.7884057760238647
RNN,Diet,UCI,MLP,Freeze,HAR,UCI,100.0,accuracy,0.6202898621559143
RNN,Diet,MS,MLP,Full Finetune,HAR,MS,10.0,accuracy,0.5065913200378418
RNN,Diet,KH,MLP,Full Finetune,HAR,KH,25.0,accuracy,0.5972222089767456
RNN,Diet,UCI,MLP,Freeze,HAR,UCI,25.0,accuracy,0.5130434632301331
RNN,Diet,RW-Waist,MLP,Full Finetune,HAR,RW-Waist,1000.0,accuracy,0.6477623581886292
RNN,Diet,MS,MLP,Full Finetune,HAR,MS,5.0,accuracy,0.4124293923377991
RNN,Diet,RW-Thigh,MLP,Full Finetune,HAR,RW-Thigh,5.0,accuracy,0.2860593497753143
RNN,Diet,RW-Waist,MLP,Freeze,HAR,RW-Waist,200.0,accuracy,0.5632715821266174
RNN,Diet,KH,MLP,Freeze,HAR,KH,100.0,accuracy,0.5972222089767456
RNN,Diet,MS,MLP,Freeze,HAR,MS,1.0,accuracy,0.2617702484130859
RNN,Diet,RW-Thigh,MLP,Full Finetune,HAR,RW-Thigh,200.0,accuracy,0.4889579117298126
RNN,Diet,MS,MLP,Freeze,HAR,MS,200.0,accuracy,0.6958568692207336
RNN,Diet,RW-Waist,MLP,Full Finetune,HAR,RW-Waist,5.0,accuracy,0.3881172835826874
RNN,Diet,UCI,MLP,Full Finetune,HAR,UCI,5.0,accuracy,0.3637681305408478
RNN,Diet,WISDM,MLP,Full Finetune,HAR,WISDM,5.0,accuracy,0.3997695744037628
RNN,Diet,RW-Waist,MLP,Full Finetune,HAR,RW-Waist,1.0,accuracy,0.3464506268501282
RNN,Diet,WISDM,MLP,Freeze,HAR,WISDM,200.0,accuracy,0.6874039769172668
RNN,Diet,KH,MLP,Full Finetune,HAR,KH,100.0,accuracy,0.6458333134651184
RNN,Diet,RW-Thigh,MLP,Full Finetune,HAR,RW-Thigh,50.0,accuracy,0.3726707994937897
RNN,Diet,WISDM,MLP,Freeze,HAR,WISDM,50.0,accuracy,0.5545315146446228
RNN,Diet,RW-Waist,MLP,Freeze,HAR,RW-Waist,10.0,accuracy,0.4201388955116272
RNN,Diet,WISDM,MLP,Full Finetune,HAR,WISDM,25.0,accuracy,0.5387864708900452
RNN,Diet,RW-Thigh,MLP,Freeze,HAR,RW-Thigh,200.0,accuracy,0.5048308968544006
RNN,LFR,KH,MLP,Freeze,HAR,KH,5.0,accuracy,0.4861111044883728
RNN,LFR,KH,MLP,Full Finetune,HAR,KH,5.0,accuracy,0.5277777910232544
RNN,LFR,UCI,MLP,Full Finetune,HAR,UCI,10.0,accuracy,0.6507246494293213
RNN,LFR,MS,MLP,Freeze,HAR,MS,10.0,accuracy,0.4952918887138366
RNN,LFR,MS,MLP,Full Finetune,HAR,MS,5.0,accuracy,0.5574387907981873
RNN,LFR,WISDM,MLP,Full Finetune,HAR,WISDM,50.0,accuracy,0.7638248801231384
RNN,LFR,WISDM,MLP,Full Finetune,HAR,WISDM,200.0,accuracy,0.7645929455757141
RNN,LFR,RW-Thigh,MLP,Freeze,HAR,RW-Thigh,5.0,accuracy,0.4482401609420776
RNN,LFR,RW-Thigh,MLP,Freeze,HAR,RW-Thigh,1000.0,accuracy,0.6425120830535889
RNN,LFR,RW-Waist,MLP,Full Finetune,HAR,RW-Waist,50.0,accuracy,0.623071014881134
RNN,LFR,RW-Waist,MLP,Freeze,HAR,RW-Waist,1000.0,accuracy,0.6878858208656311
RNN,LFR,WISDM,MLP,Full Finetune,HAR,WISDM,25.0,accuracy,0.738095223903656
RNN,LFR,MS,MLP,Full Finetune,HAR,MS,50.0,accuracy,0.7532956600189209
RNN,LFR,RW-Thigh,MLP,Freeze,HAR,RW-Thigh,25.0,accuracy,0.5541753172874451
RNN,LFR,KH,MLP,Freeze,HAR,KH,50.0,accuracy,0.5972222089767456
RNN,LFR,MS,MLP,Freeze,HAR,MS,25.0,accuracy,0.6271186470985413
RNN,LFR,RW-Thigh,MLP,Full Finetune,HAR,RW-Thigh,5.0,accuracy,0.3961352705955505
RNN,LFR,KH,MLP,Freeze,HAR,KH,25.0,accuracy,0.5555555820465088
RNN,LFR,RW-Waist,MLP,Freeze,HAR,RW-Waist,5.0,accuracy,0.3935185074806213
RNN,LFR,RW-Waist,MLP,Freeze,HAR,RW-Waist,10.0,accuracy,0.4695216119289398
RNN,LFR,UCI,MLP,Freeze,HAR,UCI,25.0,accuracy,0.643478274345398
RNN,LFR,WISDM,MLP,Freeze,HAR,WISDM,5.0,accuracy,0.2530722022056579
RNN,LFR,UCI,MLP,Freeze,HAR,UCI,1.0,accuracy,0.4231884181499481
RNN,LFR,UCI,MLP,Full Finetune,HAR,UCI,1.0,accuracy,0.417391300201416
RNN,LFR,RW-Waist,MLP,Freeze,HAR,RW-Waist,50.0,accuracy,0.5875771641731262
RNN,LFR,MS,MLP,Freeze,HAR,MS,100.0,accuracy,0.7118644118309021
RNN,LFR,RW-Thigh,MLP,Full Finetune,HAR,RW-Thigh,100.0,accuracy,0.6746031641960144
RNN,LFR,MS,MLP,Freeze,HAR,MS,5.0,accuracy,0.4246704280376434
RNN,LFR,MS,MLP,Freeze,HAR,MS,50.0,accuracy,0.6525423526763916
RNN,LFR,RW-Thigh,MLP,Full Finetune,HAR,RW-Thigh,1000.0,accuracy,0.6828847527503967
RNN,LFR,RW-Thigh,MLP,Full Finetune,HAR,RW-Thigh,10.0,accuracy,0.501035213470459
RNN,LFR,RW-Waist,MLP,Freeze,HAR,RW-Waist,25.0,accuracy,0.5316358208656311
RNN,LFR,UCI,MLP,Full Finetune,HAR,UCI,5.0,accuracy,0.6333333253860474
RNN,LFR,KH,MLP,Full Finetune,HAR,KH,1000.0,accuracy,0.5486111044883728
RNN,LFR,RW-Thigh,MLP,Freeze,HAR,RW-Thigh,200.0,accuracy,0.6242235898971558
RNN,LFR,WISDM,MLP,Freeze,HAR,WISDM,100.0,accuracy,0.7753456234931946
RNN,LFR,MS,MLP,Full Finetune,HAR,MS,1.0,accuracy,0.4274953007698059
RNN,LFR,UCI,MLP,Freeze,HAR,UCI,200.0,accuracy,0.7405797243118286
RNN,LFR,WISDM,MLP,Full Finetune,HAR,WISDM,10.0,accuracy,0.7211981415748596
RNN,LFR,RW-Waist,MLP,Full Finetune,HAR,RW-Waist,10.0,accuracy,0.520061731338501
RNN,LFR,RW-Thigh,MLP,Full Finetune,HAR,RW-Thigh,200.0,accuracy,0.7097998857498169
RNN,LFR,WISDM,MLP,Freeze,HAR,WISDM,50.0,accuracy,0.6632104516029358
RNN,LFR,RW-Thigh,MLP,Full Finetune,HAR,RW-Thigh,1.0,accuracy,0.2891649305820465
RNN,LFR,MS,MLP,Freeze,HAR,MS,200.0,accuracy,0.7598869800567627
RNN,LFR,RW-Thigh,MLP,Freeze,HAR,RW-Thigh,1.0,accuracy,0.1790890246629715
RNN,LFR,RW-Waist,MLP,Full Finetune,HAR,RW-Waist,200.0,accuracy,0.6682098507881165
RNN,LFR,UCI,MLP,Freeze,HAR,UCI,10.0,accuracy,0.591304361820221
RNN,LFR,MS,MLP,Full Finetune,HAR,MS,25.0,accuracy,0.6977401375770569
RNN,LFR,KH,MLP,Full Finetune,HAR,KH,25.0,accuracy,0.5763888955116272
RNN,LFR,MS,MLP,Freeze,HAR,MS,1000.0,accuracy,0.8022598624229431
RNN,LFR,KH,MLP,Freeze,HAR,KH,1.0,accuracy,0.4861111044883728
RNN,LFR,RW-Thigh,MLP,Freeze,HAR,RW-Thigh,10.0,accuracy,0.4730848968029022
RNN,LFR,KH,MLP,Full Finetune,HAR,KH,50.0,accuracy,0.5277777910232544
RNN,LFR,RW-Thigh,MLP,Freeze,HAR,RW-Thigh,50.0,accuracy,0.5579710006713867
RNN,LFR,UCI,MLP,Full Finetune,HAR,UCI,100.0,accuracy,0.7898550629615784
RNN,LFR,RW-Waist,MLP,Full Finetune,HAR,RW-Waist,1000.0,accuracy,0.6728395223617554
RNN,LFR,UCI,MLP,Freeze,HAR,UCI,5.0,accuracy,0.5724637508392334
RNN,LFR,KH,MLP,Freeze,HAR,KH,10.0,accuracy,0.5
RNN,LFR,WISDM,MLP,Freeze,HAR,WISDM,1.0,accuracy,0.4304915368556976
RNN,LFR,KH,MLP,Freeze,HAR,KH,1000.0,accuracy,0.5902777910232544
RNN,LFR,KH,MLP,Full Finetune,HAR,KH,100.0,accuracy,0.5902777910232544
RNN,LFR,MS,MLP,Full Finetune,HAR,MS,10.0,accuracy,0.5508474707603455
RNN,LFR,MS,MLP,Full Finetune,HAR,MS,100.0,accuracy,0.7853107452392578
RNN,LFR,WISDM,MLP,Freeze,HAR,WISDM,200.0,accuracy,0.7907066345214844
RNN,LFR,KH,MLP,Full Finetune,HAR,KH,200.0,accuracy,0.5833333134651184
RNN,LFR,WISDM,MLP,Full Finetune,HAR,WISDM,1000.0,accuracy,0.8145161271095276
RNN,LFR,UCI,MLP,Full Finetune,HAR,UCI,1000.0,accuracy,0.7724637389183044
RNN,LFR,RW-Waist,MLP,Full Finetune,HAR,RW-Waist,25.0,accuracy,0.6539351940155029
RNN,LFR,WISDM,MLP,Full Finetune,HAR,WISDM,5.0,accuracy,0.7173579335212708
RNN,LFR,WISDM,MLP,Freeze,HAR,WISDM,25.0,accuracy,0.6271121501922607
RNN,LFR,MS,MLP,Freeze,HAR,MS,1.0,accuracy,0.3455743789672851
RNN,LFR,KH,MLP,Freeze,HAR,KH,200.0,accuracy,0.6041666865348816
RNN,LFR,WISDM,MLP,Full Finetune,HAR,WISDM,1.0,accuracy,0.5138248801231384
RNN,LFR,UCI,MLP,Full Finetune,HAR,UCI,50.0,accuracy,0.7666666507720947
RNN,LFR,UCI,MLP,Full Finetune,HAR,UCI,25.0,accuracy,0.7420290112495422
RNN,LFR,UCI,MLP,Freeze,HAR,UCI,50.0,accuracy,0.6710144877433777
RNN,LFR,MS,MLP,Full Finetune,HAR,MS,1000.0,accuracy,0.7655367255210876
RNN,LFR,UCI,MLP,Full Finetune,HAR,UCI,200.0,accuracy,0.7898550629615784
RNN,LFR,RW-Waist,MLP,Full Finetune,HAR,RW-Waist,5.0,accuracy,0.4652777910232544
RNN,LFR,RW-Waist,MLP,Freeze,HAR,RW-Waist,100.0,accuracy,0.6234567761421204
RNN,LFR,UCI,MLP,Freeze,HAR,UCI,1000.0,accuracy,0.7637681365013123
RNN,LFR,KH,MLP,Freeze,HAR,KH,100.0,accuracy,0.5763888955116272
RNN,LFR,WISDM,MLP,Freeze,HAR,WISDM,10.0,accuracy,0.4992319643497467
RNN,LFR,RW-Thigh,MLP,Full Finetune,HAR,RW-Thigh,25.0,accuracy,0.6459627151489258
RNN,LFR,UCI,MLP,Freeze,HAR,UCI,100.0,accuracy,0.699999988079071
RNN,LFR,RW-Thigh,MLP,Full Finetune,HAR,RW-Thigh,50.0,accuracy,0.659765362739563
RNN,LFR,MS,MLP,Full Finetune,HAR,MS,200.0,accuracy,0.7777777910232544
RNN,LFR,KH,MLP,Full Finetune,HAR,KH,10.0,accuracy,0.5625
RNN,LFR,RW-Waist,MLP,Full Finetune,HAR,RW-Waist,100.0,accuracy,0.6350308656692505
RNN,LFR,KH,MLP,Full Finetune,HAR,KH,1.0,accuracy,0.4791666567325592
RNN,LFR,WISDM,MLP,Full Finetune,HAR,WISDM,100.0,accuracy,0.7657449841499329
RNN,LFR,WISDM,MLP,Freeze,HAR,WISDM,1000.0,accuracy,0.7968509793281555
RNN,LFR,RW-Thigh,MLP,Freeze,HAR,RW-Thigh,100.0,accuracy,0.5997239351272583
RNN,LFR,RW-Waist,MLP,Freeze,HAR,RW-Waist,200.0,accuracy,0.6346450448036194
RNN,LFR,RW-Waist,MLP,Freeze,HAR,RW-Waist,1.0,accuracy,0.3387345671653747
RNN,LFR,RW-Waist,MLP,Full Finetune,HAR,RW-Waist,1.0,accuracy,0.4220679104328155
RNN,LFR,KH,MLP,Full Finetune,HAR,KH,1.0,accuracy,0.3194444477558136
RNN,LFR,KH,MLP,Full Finetune,HAR,KH,25.0,accuracy,0.5625
RNN,LFR,UCI,MLP,Full Finetune,HAR,UCI,5.0,accuracy,0.5942028760910034
RNN,LFR,UCI,MLP,Full Finetune,HAR,UCI,1000.0,accuracy,0.7855072617530823
RNN,LFR,MS,MLP,Full Finetune,HAR,MS,25.0,accuracy,0.6798493266105652
RNN,LFR,MS,MLP,Full Finetune,HAR,MS,1000.0,accuracy,0.790960431098938
RNN,LFR,KH,MLP,Full Finetune,HAR,KH,1000.0,accuracy,0.5347222089767456
RNN,LFR,UCI,MLP,Freeze,HAR,UCI,1.0,accuracy,0.426086962223053
RNN,LFR,UCI,MLP,Freeze,HAR,UCI,1000.0,accuracy,0.7681159377098083
RNN,LFR,UCI,MLP,Freeze,HAR,UCI,25.0,accuracy,0.6362318992614746
RNN,LFR,UCI,MLP,Full Finetune,HAR,UCI,25.0,accuracy,0.7057970762252808
RNN,LFR,UCI,MLP,Freeze,HAR,UCI,50.0,accuracy,0.6318840384483337
RNN,LFR,RW-Thigh,MLP,Freeze,HAR,RW-Thigh,50.0,accuracy,0.477225661277771
RNN,LFR,RW-Thigh,MLP,Freeze,HAR,RW-Thigh,1.0,accuracy,0.2839889526367187
RNN,LFR,RW-Waist,MLP,Full Finetune,HAR,RW-Waist,200.0,accuracy,0.6631944179534912
RNN,LFR,MS,MLP,Freeze,HAR,MS,25.0,accuracy,0.6064029932022095
RNN,LFR,UCI,MLP,Freeze,HAR,UCI,200.0,accuracy,0.7434782385826111
RNN,LFR,UCI,MLP,Full Finetune,HAR,UCI,10.0,accuracy,0.591304361820221
RNN,LFR,RW-Waist,MLP,Full Finetune,HAR,RW-Waist,1000.0,accuracy,0.6689814925193787
RNN,LFR,WISDM,MLP,Freeze,HAR,WISDM,1.0,accuracy,0.5330260992050171
RNN,LFR,KH,MLP,Freeze,HAR,KH,1000.0,accuracy,0.625
RNN,LFR,WISDM,MLP,Full Finetune,HAR,WISDM,25.0,accuracy,0.726190447807312
RNN,LFR,MS,MLP,Freeze,HAR,MS,5.0,accuracy,0.5423728823661804
RNN,LFR,WISDM,MLP,Freeze,HAR,WISDM,200.0,accuracy,0.8006912469863892
RNN,LFR,WISDM,MLP,Full Finetune,HAR,WISDM,1000.0,accuracy,0.8145161271095276
RNN,LFR,WISDM,MLP,Full Finetune,HAR,WISDM,50.0,accuracy,0.7749615907669067
RNN,LFR,RW-Waist,MLP,Full Finetune,HAR,RW-Waist,1.0,accuracy,0.4270833432674408
RNN,LFR,UCI,MLP,Full Finetune,HAR,UCI,100.0,accuracy,0.7768115997314453
RNN,LFR,WISDM,MLP,Full Finetune,HAR,WISDM,10.0,accuracy,0.7546082735061646
RNN,LFR,RW-Thigh,MLP,Full Finetune,HAR,RW-Thigh,1.0,accuracy,0.3595583140850067
RNN,LFR,WISDM,MLP,Freeze,HAR,WISDM,1000.0,accuracy,0.801075279712677
RNN,LFR,RW-Thigh,MLP,Full Finetune,HAR,RW-Thigh,200.0,accuracy,0.6504485607147217
RNN,LFR,MS,MLP,Full Finetune,HAR,MS,100.0,accuracy,0.7344632744789124
RNN,LFR,MS,MLP,Full Finetune,HAR,MS,5.0,accuracy,0.5659133791923523
RNN,LFR,RW-Thigh,MLP,Full Finetune,HAR,RW-Thigh,5.0,accuracy,0.3002070486545563
RNN,LFR,RW-Thigh,MLP,Freeze,HAR,RW-Thigh,25.0,accuracy,0.4872325658798218
RNN,LFR,RW-Waist,MLP,Freeze,HAR,RW-Waist,10.0,accuracy,0.501928985118866
RNN,LFR,UCI,MLP,Freeze,HAR,UCI,10.0,accuracy,0.4956521689891815
RNN,LFR,WISDM,MLP,Freeze,HAR,WISDM,100.0,accuracy,0.7250384092330933
RNN,LFR,KH,MLP,Full Finetune,HAR,KH,100.0,accuracy,0.5416666865348816
RNN,LFR,WISDM,MLP,Full Finetune,HAR,WISDM,5.0,accuracy,0.6528418064117432
RNN,LFR,MS,MLP,Freeze,HAR,MS,200.0,accuracy,0.7862523794174194
RNN,LFR,WISDM,MLP,Freeze,HAR,WISDM,25.0,accuracy,0.5587557554244995
RNN,LFR,WISDM,MLP,Freeze,HAR,WISDM,50.0,accuracy,0.6954684853553772
RNN,LFR,RW-Waist,MLP,Freeze,HAR,RW-Waist,1.0,accuracy,0.3302469253540039
RNN,LFR,KH,MLP,Full Finetune,HAR,KH,50.0,accuracy,0.5902777910232544
RNN,LFR,UCI,MLP,Full Finetune,HAR,UCI,50.0,accuracy,0.7652173638343811
RNN,LFR,KH,MLP,Freeze,HAR,KH,10.0,accuracy,0.5347222089767456
RNN,LFR,RW-Waist,MLP,Freeze,HAR,RW-Waist,25.0,accuracy,0.5482252836227417
RNN,LFR,WISDM,MLP,Freeze,HAR,WISDM,10.0,accuracy,0.641321063041687
RNN,LFR,KH,MLP,Freeze,HAR,KH,1.0,accuracy,0.4097222089767456
RNN,LFR,MS,MLP,Full Finetune,HAR,MS,1.0,accuracy,0.4246704280376434
RNN,LFR,MS,MLP,Freeze,HAR,MS,50.0,accuracy,0.6346516013145447
RNN,LFR,RW-Thigh,MLP,Full Finetune,HAR,RW-Thigh,100.0,accuracy,0.6984127163887024
RNN,LFR,MS,MLP,Freeze,HAR,MS,1000.0,accuracy,0.7928436994552612
RNN,LFR,RW-Thigh,MLP,Full Finetune,HAR,RW-Thigh,10.0,accuracy,0.5628019571304321
RNN,LFR,UCI,MLP,Freeze,HAR,UCI,5.0,accuracy,0.4869565069675445
RNN,LFR,MS,MLP,Full Finetune,HAR,MS,10.0,accuracy,0.6374764442443848
RNN,LFR,MS,MLP,Freeze,HAR,MS,10.0,accuracy,0.5037664771080017
RNN,LFR,RW-Waist,MLP,Full Finetune,HAR,RW-Waist,5.0,accuracy,0.5084876418113708
RNN,LFR,MS,MLP,Full Finetune,HAR,MS,200.0,accuracy,0.7900188565254211
RNN,LFR,RW-Thigh,MLP,Freeze,HAR,RW-Thigh,5.0,accuracy,0.2750172615051269
RNN,LFR,KH,MLP,Freeze,HAR,KH,5.0,accuracy,0.5416666865348816
RNN,LFR,RW-Waist,MLP,Freeze,HAR,RW-Waist,100.0,accuracy,0.5972222089767456
RNN,LFR,WISDM,MLP,Full Finetune,HAR,WISDM,1.0,accuracy,0.460829496383667
RNN,LFR,MS,MLP,Full Finetune,HAR,MS,50.0,accuracy,0.7617702484130859
RNN,LFR,RW-Thigh,MLP,Freeze,HAR,RW-Thigh,10.0,accuracy,0.3795721232891083
RNN,LFR,KH,MLP,Freeze,HAR,KH,25.0,accuracy,0.5625
RNN,LFR,RW-Waist,MLP,Freeze,HAR,RW-Waist,1000.0,accuracy,0.6496913433074951
RNN,LFR,WISDM,MLP,Full Finetune,HAR,WISDM,200.0,accuracy,0.7788018584251404
RNN,LFR,KH,MLP,Freeze,HAR,KH,50.0,accuracy,0.6180555820465088
RNN,LFR,RW-Waist,MLP,Full Finetune,HAR,RW-Waist,10.0,accuracy,0.4884259402751922
RNN,LFR,MS,MLP,Freeze,HAR,MS,1.0,accuracy,0.4011299312114715
RNN,LFR,MS,MLP,Freeze,HAR,MS,100.0,accuracy,0.7071563005447388
RNN,LFR,UCI,MLP,Full Finetune,HAR,UCI,200.0,accuracy,0.7884057760238647
RNN,LFR,RW-Thigh,MLP,Freeze,HAR,RW-Thigh,200.0,accuracy,0.6159420013427734
RNN,LFR,UCI,MLP,Full Finetune,HAR,UCI,1.0,accuracy,0.3855072557926178
RNN,LFR,UCI,MLP,Freeze,HAR,UCI,100.0,accuracy,0.7043478488922119
RNN,LFR,RW-Waist,MLP,Freeze,HAR,RW-Waist,5.0,accuracy,0.4297839403152466
RNN,LFR,RW-Waist,MLP,Full Finetune,HAR,RW-Waist,100.0,accuracy,0.6165123581886292
RNN,LFR,KH,MLP,Full Finetune,HAR,KH,5.0,accuracy,0.5416666865348816
RNN,LFR,RW-Thigh,MLP,Full Finetune,HAR,RW-Thigh,25.0,accuracy,0.6511387228965759
RNN,LFR,KH,MLP,Freeze,HAR,KH,200.0,accuracy,0.6180555820465088
RNN,LFR,RW-Waist,MLP,Full Finetune,HAR,RW-Waist,25.0,accuracy,0.5883487462997437
RNN,LFR,RW-Thigh,MLP,Freeze,HAR,RW-Thigh,100.0,accuracy,0.5693581700325012
RNN,LFR,WISDM,MLP,Freeze,HAR,WISDM,5.0,accuracy,0.5134408473968506
RNN,LFR,KH,MLP,Freeze,HAR,KH,100.0,accuracy,0.6041666865348816
RNN,LFR,RW-Waist,MLP,Freeze,HAR,RW-Waist,200.0,accuracy,0.6234567761421204
RNN,LFR,KH,MLP,Full Finetune,HAR,KH,10.0,accuracy,0.5902777910232544
RNN,LFR,KH,MLP,Full Finetune,HAR,KH,200.0,accuracy,0.5
RNN,LFR,RW-Waist,MLP,Full Finetune,HAR,RW-Waist,50.0,accuracy,0.6527777910232544
RNN,LFR,WISDM,MLP,Full Finetune,HAR,WISDM,100.0,accuracy,0.738095223903656
RNN,LFR,RW-Thigh,MLP,Full Finetune,HAR,RW-Thigh,1000.0,accuracy,0.6942719221115112
RNN,LFR,RW-Thigh,MLP,Full Finetune,HAR,RW-Thigh,50.0,accuracy,0.6649413108825684
RNN,LFR,RW-Thigh,MLP,Freeze,HAR,RW-Thigh,1000.0,accuracy,0.6801242232322693
RNN,LFR,RW-Waist,MLP,Freeze,HAR,RW-Waist,50.0,accuracy,0.5991512537002563
RNN,LFR,KH,MLP,Freeze,HAR,KH,1.0,accuracy,0.4513888955116272
RNN,LFR,UCI,MLP,Full Finetune,HAR,UCI,10.0,accuracy,0.5507246255874634
RNN,LFR,MS,MLP,Freeze,HAR,MS,200.0,accuracy,0.8022598624229431
RNN,LFR,MS,MLP,Full Finetune,HAR,MS,200.0,accuracy,0.7674199342727661
RNN,LFR,WISDM,MLP,Full Finetune,HAR,WISDM,100.0,accuracy,0.75
RNN,LFR,UCI,MLP,Freeze,HAR,UCI,200.0,accuracy,0.7260869741439819
RNN,LFR,RW-Waist,MLP,Full Finetune,HAR,RW-Waist,100.0,accuracy,0.6184413433074951
RNN,LFR,WISDM,MLP,Full Finetune,HAR,WISDM,10.0,accuracy,0.7492319345474243
RNN,LFR,RW-Thigh,MLP,Freeze,HAR,RW-Thigh,1.0,accuracy,0.3426501154899597
RNN,LFR,RW-Waist,MLP,Freeze,HAR,RW-Waist,100.0,accuracy,0.6180555820465088
RNN,LFR,KH,MLP,Freeze,HAR,KH,50.0,accuracy,0.6458333134651184
RNN,LFR,UCI,MLP,Freeze,HAR,UCI,50.0,accuracy,0.665217399597168
RNN,LFR,RW-Thigh,MLP,Freeze,HAR,RW-Thigh,200.0,accuracy,0.6242235898971558
RNN,LFR,MS,MLP,Full Finetune,HAR,MS,10.0,accuracy,0.5819209218025208
RNN,LFR,MS,MLP,Freeze,HAR,MS,1000.0,accuracy,0.8107344508171082
RNN,LFR,MS,MLP,Freeze,HAR,MS,50.0,accuracy,0.6384180784225464
RNN,LFR,UCI,MLP,Freeze,HAR,UCI,1.0,accuracy,0.4623188376426697
RNN,LFR,WISDM,MLP,Freeze,HAR,WISDM,200.0,accuracy,0.7807219624519348
RNN,LFR,WISDM,MLP,Full Finetune,HAR,WISDM,50.0,accuracy,0.7699692845344543
RNN,LFR,RW-Thigh,MLP,Full Finetune,HAR,RW-Thigh,200.0,accuracy,0.6621808409690857
RNN,LFR,UCI,MLP,Full Finetune,HAR,UCI,50.0,accuracy,0.7623188495635986
RNN,LFR,WISDM,MLP,Freeze,HAR,WISDM,5.0,accuracy,0.4938555955886841
RNN,LFR,RW-Waist,MLP,Freeze,HAR,RW-Waist,50.0,accuracy,0.5945215821266174
RNN,LFR,UCI,MLP,Full Finetune,HAR,UCI,100.0,accuracy,0.7681159377098083
RNN,LFR,RW-Thigh,MLP,Freeze,HAR,RW-Thigh,25.0,accuracy,0.4882677793502807
RNN,LFR,RW-Waist,MLP,Full Finetune,HAR,RW-Waist,10.0,accuracy,0.4895833432674408
RNN,LFR,KH,MLP,Full Finetune,HAR,KH,100.0,accuracy,0.5902777910232544
RNN,LFR,UCI,MLP,Full Finetune,HAR,UCI,5.0,accuracy,0.52173912525177
RNN,LFR,MS,MLP,Full Finetune,HAR,MS,50.0,accuracy,0.7570621371269226
RNN,LFR,RW-Waist,MLP,Full Finetune,HAR,RW-Waist,5.0,accuracy,0.4837962985038757
RNN,LFR,RW-Thigh,MLP,Freeze,HAR,RW-Thigh,5.0,accuracy,0.3792270421981811
RNN,LFR,UCI,MLP,Full Finetune,HAR,UCI,1.0,accuracy,0.4594202935695648
RNN,LFR,UCI,MLP,Freeze,HAR,UCI,1000.0,accuracy,0.7724637389183044
RNN,LFR,RW-Thigh,MLP,Full Finetune,HAR,RW-Thigh,100.0,accuracy,0.6497584581375122
RNN,LFR,RW-Waist,MLP,Full Finetune,HAR,RW-Waist,50.0,accuracy,0.6435185074806213
RNN,LFR,KH,MLP,Full Finetune,HAR,KH,25.0,accuracy,0.5486111044883728
RNN,LFR,UCI,MLP,Freeze,HAR,UCI,5.0,accuracy,0.5101449489593506
RNN,LFR,MS,MLP,Freeze,HAR,MS,10.0,accuracy,0.5574387907981873
RNN,LFR,RW-Thigh,MLP,Freeze,HAR,RW-Thigh,100.0,accuracy,0.5821256041526794
RNN,LFR,KH,MLP,Full Finetune,HAR,KH,10.0,accuracy,0.5277777910232544
RNN,LFR,RW-Waist,MLP,Full Finetune,HAR,RW-Waist,200.0,accuracy,0.6111111044883728
RNN,LFR,MS,MLP,Freeze,HAR,MS,25.0,accuracy,0.5320150852203369
RNN,LFR,RW-Thigh,MLP,Full Finetune,HAR,RW-Thigh,1.0,accuracy,0.3429951667785644
RNN,LFR,MS,MLP,Freeze,HAR,MS,1.0,accuracy,0.3389830589294433
RNN,LFR,RW-Thigh,MLP,Full Finetune,HAR,RW-Thigh,25.0,accuracy,0.5766045451164246
RNN,LFR,KH,MLP,Full Finetune,HAR,KH,1000.0,accuracy,0.5625
RNN,LFR,MS,MLP,Full Finetune,HAR,MS,5.0,accuracy,0.5075329542160034
RNN,LFR,RW-Thigh,MLP,Freeze,HAR,RW-Thigh,1000.0,accuracy,0.6677018404006958
RNN,LFR,WISDM,MLP,Full Finetune,HAR,WISDM,1.0,accuracy,0.5418586730957031
RNN,LFR,UCI,MLP,Full Finetune,HAR,UCI,200.0,accuracy,0.7782608866691589
RNN,LFR,UCI,MLP,Freeze,HAR,UCI,10.0,accuracy,0.5347825884819031
RNN,LFR,KH,MLP,Freeze,HAR,KH,1000.0,accuracy,0.625
RNN,LFR,MS,MLP,Full Finetune,HAR,MS,1.0,accuracy,0.4331450164318084
RNN,LFR,RW-Waist,MLP,Freeze,HAR,RW-Waist,1.0,accuracy,0.2449845671653747
RNN,LFR,UCI,MLP,Full Finetune,HAR,UCI,25.0,accuracy,0.6028985381126404
RNN,LFR,RW-Thigh,MLP,Freeze,HAR,RW-Thigh,10.0,accuracy,0.4437543153762817
RNN,LFR,RW-Waist,MLP,Freeze,HAR,RW-Waist,10.0,accuracy,0.4494598805904388
RNN,LFR,MS,MLP,Freeze,HAR,MS,100.0,accuracy,0.709039568901062
RNN,LFR,WISDM,MLP,Freeze,HAR,WISDM,100.0,accuracy,0.7715053558349609
RNN,LFR,RW-Thigh,MLP,Full Finetune,HAR,RW-Thigh,10.0,accuracy,0.5303657650947571
RNN,LFR,KH,MLP,Full Finetune,HAR,KH,200.0,accuracy,0.625
RNN,LFR,WISDM,MLP,Freeze,HAR,WISDM,50.0,accuracy,0.6609063148498535
RNN,LFR,MS,MLP,Full Finetune,HAR,MS,1000.0,accuracy,0.7758945226669312
RNN,LFR,RW-Waist,MLP,Freeze,HAR,RW-Waist,5.0,accuracy,0.4845679104328155
RNN,LFR,WISDM,MLP,Full Finetune,HAR,WISDM,1000.0,accuracy,0.7976190447807312
RNN,LFR,RW-Waist,MLP,Freeze,HAR,RW-Waist,25.0,accuracy,0.511188268661499
RNN,LFR,RW-Waist,MLP,Full Finetune,HAR,RW-Waist,1.0,accuracy,0.360339492559433
RNN,LFR,MS,MLP,Full Finetune,HAR,MS,25.0,accuracy,0.6280602812767029
RNN,LFR,KH,MLP,Full Finetune,HAR,KH,50.0,accuracy,0.5625
RNN,LFR,RW-Thigh,MLP,Full Finetune,HAR,RW-Thigh,5.0,accuracy,0.4551414847373962
RNN,LFR,WISDM,MLP,Freeze,HAR,WISDM,1.0,accuracy,0.5330260992050171
RNN,LFR,UCI,MLP,Freeze,HAR,UCI,25.0,accuracy,0.5782608985900879
RNN,LFR,KH,MLP,Freeze,HAR,KH,100.0,accuracy,0.6388888955116272
RNN,LFR,RW-Thigh,MLP,Freeze,HAR,RW-Thigh,50.0,accuracy,0.5079365372657776
RNN,LFR,KH,MLP,Freeze,HAR,KH,25.0,accuracy,0.5833333134651184
RNN,LFR,KH,MLP,Full Finetune,HAR,KH,5.0,accuracy,0.5277777910232544
RNN,LFR,KH,MLP,Freeze,HAR,KH,200.0,accuracy,0.6319444179534912
RNN,LFR,RW-Waist,MLP,Freeze,HAR,RW-Waist,1000.0,accuracy,0.6952160596847534
RNN,LFR,MS,MLP,Full Finetune,HAR,MS,100.0,accuracy,0.7382297515869141
RNN,LFR,WISDM,MLP,Freeze,HAR,WISDM,10.0,accuracy,0.466589868068695
RNN,LFR,WISDM,MLP,Full Finetune,HAR,WISDM,200.0,accuracy,0.7757296562194824
RNN,LFR,UCI,MLP,Freeze,HAR,UCI,100.0,accuracy,0.6913043260574341
RNN,LFR,WISDM,MLP,Full Finetune,HAR,WISDM,5.0,accuracy,0.6109830737113953
RNN,LFR,KH,MLP,Freeze,HAR,KH,10.0,accuracy,0.4861111044883728
RNN,LFR,RW-Thigh,MLP,Full Finetune,HAR,RW-Thigh,50.0,accuracy,0.6145617961883545
RNN,LFR,KH,MLP,Freeze,HAR,KH,5.0,accuracy,0.4583333432674408
RNN,LFR,RW-Thigh,MLP,Full Finetune,HAR,RW-Thigh,1000.0,accuracy,0.672877848148346
RNN,LFR,WISDM,MLP,Freeze,HAR,WISDM,1000.0,accuracy,0.8033794164657593
RNN,LFR,MS,MLP,Freeze,HAR,MS,5.0,accuracy,0.4990583658218384
RNN,LFR,RW-Waist,MLP,Full Finetune,HAR,RW-Waist,25.0,accuracy,0.6199845671653748
RNN,LFR,WISDM,MLP,Full Finetune,HAR,WISDM,25.0,accuracy,0.722734272480011
RNN,LFR,KH,MLP,Full Finetune,HAR,KH,1.0,accuracy,0.4305555522441864
RNN,LFR,UCI,MLP,Full Finetune,HAR,UCI,1000.0,accuracy,0.791304349899292
RNN,LFR,WISDM,MLP,Freeze,HAR,WISDM,25.0,accuracy,0.578341007232666
RNN,LFR,RW-Waist,MLP,Full Finetune,HAR,RW-Waist,1000.0,accuracy,0.6832561492919922
RNN,LFR,RW-Waist,MLP,Freeze,HAR,RW-Waist,200.0,accuracy,0.6624228358268738
TS-TCC Encoder,Diet,KH,MLP,Full Finetune,HAR,KH,10.0,accuracy,0.5069444179534912
TS-TCC Encoder,Diet,UCI,MLP,Full Finetune,HAR,UCI,200.0,accuracy,0.8318840861320496
TS-TCC Encoder,Diet,UCI,MLP,Full Finetune,HAR,UCI,1.0,accuracy,0.4521739184856415
TS-TCC Encoder,Diet,MS,MLP,Freeze,HAR,MS,1.0,accuracy,0.4133709967136383
TS-TCC Encoder,Diet,MS,MLP,Freeze,HAR,MS,25.0,accuracy,0.5414312481880188
TS-TCC Encoder,Diet,WISDM,MLP,Freeze,HAR,WISDM,10.0,accuracy,0.5971581935882568
TS-TCC Encoder,Diet,KH,MLP,Freeze,HAR,KH,1.0,accuracy,0.3472222089767456
TS-TCC Encoder,Diet,MS,MLP,Full Finetune,HAR,MS,100.0,accuracy,0.8596986532211304
TS-TCC Encoder,Diet,WISDM,MLP,Full Finetune,HAR,WISDM,25.0,accuracy,0.7334869503974915
TS-TCC Encoder,Diet,RW-Thigh,MLP,Full Finetune,HAR,RW-Thigh,200.0,accuracy,0.5886818766593933
TS-TCC Encoder,Diet,RW-Waist,MLP,Freeze,HAR,RW-Waist,100.0,accuracy,0.4903549253940582
TS-TCC Encoder,Diet,RW-Waist,MLP,Freeze,HAR,RW-Waist,10.0,accuracy,0.4270833432674408
TS-TCC Encoder,Diet,RW-Waist,MLP,Freeze,HAR,RW-Waist,1000.0,accuracy,0.6956018805503845
TS-TCC Encoder,Diet,UCI,MLP,Full Finetune,HAR,UCI,10.0,accuracy,0.5753623247146606
TS-TCC Encoder,Diet,MS,MLP,Freeze,HAR,MS,1000.0,accuracy,0.8738229870796204
TS-TCC Encoder,Diet,WISDM,MLP,Full Finetune,HAR,WISDM,1000.0,accuracy,0.8525345325469971
TS-TCC Encoder,Diet,RW-Waist,MLP,Freeze,HAR,RW-Waist,200.0,accuracy,0.5613425970077515
TS-TCC Encoder,Diet,RW-Thigh,MLP,Freeze,HAR,RW-Thigh,50.0,accuracy,0.4403036534786224
TS-TCC Encoder,Diet,UCI,MLP,Freeze,HAR,UCI,5.0,accuracy,0.3797101378440857
TS-TCC Encoder,Diet,KH,MLP,Full Finetune,HAR,KH,50.0,accuracy,0.6041666865348816
TS-TCC Encoder,Diet,WISDM,MLP,Freeze,HAR,WISDM,200.0,accuracy,0.7949308753013611
TS-TCC Encoder,Diet,RW-Waist,MLP,Full Finetune,HAR,RW-Waist,200.0,accuracy,0.6304012537002563
TS-TCC Encoder,Diet,RW-Waist,MLP,Full Finetune,HAR,RW-Waist,10.0,accuracy,0.4429012238979339
TS-TCC Encoder,Diet,RW-Thigh,MLP,Full Finetune,HAR,RW-Thigh,25.0,accuracy,0.4330572783946991
TS-TCC Encoder,Diet,RW-Waist,MLP,Full Finetune,HAR,RW-Waist,1000.0,accuracy,0.7156635522842407
TS-TCC Encoder,Diet,WISDM,MLP,Full Finetune,HAR,WISDM,1.0,accuracy,0.4750384092330932
TS-TCC Encoder,Diet,WISDM,MLP,Full Finetune,HAR,WISDM,100.0,accuracy,0.7937787771224976
TS-TCC Encoder,Diet,MS,MLP,Full Finetune,HAR,MS,1000.0,accuracy,0.825800359249115
TS-TCC Encoder,Diet,RW-Thigh,MLP,Full Finetune,HAR,RW-Thigh,5.0,accuracy,0.3840579688549042
TS-TCC Encoder,Diet,MS,MLP,Freeze,HAR,MS,10.0,accuracy,0.4595103561878204
TS-TCC Encoder,Diet,UCI,MLP,Freeze,HAR,UCI,50.0,accuracy,0.6420289874076843
TS-TCC Encoder,Diet,KH,MLP,Freeze,HAR,KH,50.0,accuracy,0.6388888955116272
TS-TCC Encoder,Diet,WISDM,MLP,Full Finetune,HAR,WISDM,200.0,accuracy,0.810675859451294
TS-TCC Encoder,Diet,RW-Thigh,MLP,Full Finetune,HAR,RW-Thigh,1.0,accuracy,0.2977915704250335
TS-TCC Encoder,Diet,RW-Waist,MLP,Full Finetune,HAR,RW-Waist,25.0,accuracy,0.5173611044883728
TS-TCC Encoder,Diet,UCI,MLP,Full Finetune,HAR,UCI,50.0,accuracy,0.7666666507720947
TS-TCC Encoder,Diet,UCI,MLP,Full Finetune,HAR,UCI,100.0,accuracy,0.782608687877655
TS-TCC Encoder,Diet,WISDM,MLP,Full Finetune,HAR,WISDM,50.0,accuracy,0.7634408473968506
TS-TCC Encoder,Diet,RW-Thigh,MLP,Full Finetune,HAR,RW-Thigh,100.0,accuracy,0.5628019571304321
TS-TCC Encoder,Diet,RW-Thigh,MLP,Full Finetune,HAR,RW-Thigh,10.0,accuracy,0.4354727268218994
TS-TCC Encoder,Diet,MS,MLP,Full Finetune,HAR,MS,200.0,accuracy,0.869114875793457
TS-TCC Encoder,Diet,MS,MLP,Full Finetune,HAR,MS,10.0,accuracy,0.5706214904785156
TS-TCC Encoder,Diet,RW-Waist,MLP,Full Finetune,HAR,RW-Waist,100.0,accuracy,0.6107252836227417
TS-TCC Encoder,Diet,KH,MLP,Full Finetune,HAR,KH,25.0,accuracy,0.5763888955116272
TS-TCC Encoder,Diet,RW-Thigh,MLP,Freeze,HAR,RW-Thigh,5.0,accuracy,0.3861283659934997
TS-TCC Encoder,Diet,KH,MLP,Freeze,HAR,KH,10.0,accuracy,0.4791666567325592
TS-TCC Encoder,Diet,UCI,MLP,Full Finetune,HAR,UCI,1000.0,accuracy,0.8971014618873596
TS-TCC Encoder,Diet,UCI,MLP,Freeze,HAR,UCI,1000.0,accuracy,0.8115941882133484
TS-TCC Encoder,Diet,RW-Waist,MLP,Freeze,HAR,RW-Waist,1.0,accuracy,0.3155864179134369
TS-TCC Encoder,Diet,RW-Thigh,MLP,Freeze,HAR,RW-Thigh,1000.0,accuracy,0.6280193328857422
TS-TCC Encoder,Diet,MS,MLP,Full Finetune,HAR,MS,5.0,accuracy,0.5131826996803284
TS-TCC Encoder,Diet,KH,MLP,Freeze,HAR,KH,1000.0,accuracy,0.6736111044883728
TS-TCC Encoder,Diet,RW-Waist,MLP,Full Finetune,HAR,RW-Waist,1.0,accuracy,0.3641975224018097
TS-TCC Encoder,Diet,UCI,MLP,Freeze,HAR,UCI,100.0,accuracy,0.7057970762252808
TS-TCC Encoder,Diet,UCI,MLP,Freeze,HAR,UCI,200.0,accuracy,0.7971014380455017
TS-TCC Encoder,Diet,KH,MLP,Freeze,HAR,KH,25.0,accuracy,0.5902777910232544
TS-TCC Encoder,Diet,MS,MLP,Freeze,HAR,MS,100.0,accuracy,0.7693032026290894
TS-TCC Encoder,Diet,KH,MLP,Freeze,HAR,KH,100.0,accuracy,0.6736111044883728
TS-TCC Encoder,Diet,UCI,MLP,Full Finetune,HAR,UCI,25.0,accuracy,0.6768115758895874
TS-TCC Encoder,Diet,UCI,MLP,Freeze,HAR,UCI,1.0,accuracy,0.4057970941066742
TS-TCC Encoder,Diet,WISDM,MLP,Full Finetune,HAR,WISDM,5.0,accuracy,0.5725806355476379
TS-TCC Encoder,Diet,MS,MLP,Freeze,HAR,MS,200.0,accuracy,0.8295668363571167
TS-TCC Encoder,Diet,KH,MLP,Full Finetune,HAR,KH,1.0,accuracy,0.4097222089767456
TS-TCC Encoder,Diet,KH,MLP,Freeze,HAR,KH,200.0,accuracy,0.6875
TS-TCC Encoder,Diet,RW-Thigh,MLP,Freeze,HAR,RW-Thigh,25.0,accuracy,0.4044168293476105
TS-TCC Encoder,Diet,WISDM,MLP,Full Finetune,HAR,WISDM,10.0,accuracy,0.7054531574249268
TS-TCC Encoder,Diet,KH,MLP,Full Finetune,HAR,KH,200.0,accuracy,0.6458333134651184
TS-TCC Encoder,Diet,KH,MLP,Full Finetune,HAR,KH,5.0,accuracy,0.4861111044883728
TS-TCC Encoder,Diet,RW-Thigh,MLP,Full Finetune,HAR,RW-Thigh,50.0,accuracy,0.5624568462371826
TS-TCC Encoder,Diet,RW-Waist,MLP,Freeze,HAR,RW-Waist,25.0,accuracy,0.4205246865749359
TS-TCC Encoder,Diet,MS,MLP,Freeze,HAR,MS,50.0,accuracy,0.647834300994873
TS-TCC Encoder,Diet,WISDM,MLP,Freeze,HAR,WISDM,25.0,accuracy,0.6520737409591675
TS-TCC Encoder,Diet,RW-Thigh,MLP,Freeze,HAR,RW-Thigh,1.0,accuracy,0.3274672329425812
TS-TCC Encoder,Diet,RW-Waist,MLP,Full Finetune,HAR,RW-Waist,5.0,accuracy,0.4587191343307495
TS-TCC Encoder,Diet,RW-Waist,MLP,Full Finetune,HAR,RW-Waist,50.0,accuracy,0.5455247163772583
TS-TCC Encoder,Diet,RW-Thigh,MLP,Freeze,HAR,RW-Thigh,200.0,accuracy,0.4930986762046814
TS-TCC Encoder,Diet,KH,MLP,Full Finetune,HAR,KH,1000.0,accuracy,0.6319444179534912
TS-TCC Encoder,Diet,MS,MLP,Full Finetune,HAR,MS,50.0,accuracy,0.8248587846755981
TS-TCC Encoder,Diet,MS,MLP,Freeze,HAR,MS,5.0,accuracy,0.4425612092018127
TS-TCC Encoder,Diet,KH,MLP,Full Finetune,HAR,KH,100.0,accuracy,0.6805555820465088
TS-TCC Encoder,Diet,KH,MLP,Freeze,HAR,KH,5.0,accuracy,0.3958333432674408
TS-TCC Encoder,Diet,MS,MLP,Full Finetune,HAR,MS,1.0,accuracy,0.4105461537837982
TS-TCC Encoder,Diet,UCI,MLP,Freeze,HAR,UCI,25.0,accuracy,0.5840579867362976
TS-TCC Encoder,Diet,RW-Thigh,MLP,Freeze,HAR,RW-Thigh,10.0,accuracy,0.3750862777233124
TS-TCC Encoder,Diet,WISDM,MLP,Freeze,HAR,WISDM,1000.0,accuracy,0.8548387289047241
TS-TCC Encoder,Diet,UCI,MLP,Freeze,HAR,UCI,10.0,accuracy,0.4884057939052582
TS-TCC Encoder,Diet,RW-Thigh,MLP,Full Finetune,HAR,RW-Thigh,1000.0,accuracy,0.6742581129074097
TS-TCC Encoder,Diet,WISDM,MLP,Freeze,HAR,WISDM,50.0,accuracy,0.7043010592460632
TS-TCC Encoder,Diet,RW-Waist,MLP,Freeze,HAR,RW-Waist,50.0,accuracy,0.4494598805904388
TS-TCC Encoder,Diet,MS,MLP,Full Finetune,HAR,MS,25.0,accuracy,0.7269303202629089
TS-TCC Encoder,Diet,RW-Waist,MLP,Freeze,HAR,RW-Waist,5.0,accuracy,0.4000771641731262
TS-TCC Encoder,Diet,RW-Thigh,MLP,Freeze,HAR,RW-Thigh,100.0,accuracy,0.4530710875988006
TS-TCC Encoder,Diet,UCI,MLP,Full Finetune,HAR,UCI,5.0,accuracy,0.4724637567996979
TS-TCC Encoder,Diet,WISDM,MLP,Freeze,HAR,WISDM,100.0,accuracy,0.735023021697998
TS-TCC Encoder,Diet,WISDM,MLP,Freeze,HAR,WISDM,1.0,accuracy,0.4738863408565521
TS-TCC Encoder,Diet,WISDM,MLP,Freeze,HAR,WISDM,5.0,accuracy,0.5449308753013611
TS-TCC Encoder,LFR,KH,MLP,Freeze,HAR,KH,10.0,accuracy,0.5625
TS-TCC Encoder,LFR,KH,MLP,Freeze,HAR,KH,1000.0,accuracy,0.7361111044883728
TS-TCC Encoder,LFR,KH,MLP,Freeze,HAR,KH,100.0,accuracy,0.7291666865348816
TS-TCC Encoder,LFR,MS,MLP,Full Finetune,HAR,MS,200.0,accuracy,0.8286252617835999
TS-TCC Encoder,LFR,MS,MLP,Freeze,HAR,MS,5.0,accuracy,0.5122410655021667
TS-TCC Encoder,LFR,UCI,MLP,Freeze,HAR,UCI,1.0,accuracy,0.3782608807086944
TS-TCC Encoder,LFR,KH,MLP,Full Finetune,HAR,KH,5.0,accuracy,0.5694444179534912
TS-TCC Encoder,LFR,KH,MLP,Freeze,HAR,KH,5.0,accuracy,0.4861111044883728
TS-TCC Encoder,LFR,MS,MLP,Freeze,HAR,MS,100.0,accuracy,0.8465160131454468
TS-TCC Encoder,LFR,WISDM,MLP,Full Finetune,HAR,WISDM,5.0,accuracy,0.6109830737113953
TS-TCC Encoder,LFR,MS,MLP,Full Finetune,HAR,MS,1.0,accuracy,0.3549905717372894
TS-TCC Encoder,LFR,WISDM,MLP,Freeze,HAR,WISDM,100.0,accuracy,0.7181259393692017
TS-TCC Encoder,LFR,RW-Waist,MLP,Freeze,HAR,RW-Waist,5.0,accuracy,0.4664351940155029
TS-TCC Encoder,LFR,KH,MLP,Full Finetune,HAR,KH,10.0,accuracy,0.5763888955116272
TS-TCC Encoder,LFR,MS,MLP,Full Finetune,HAR,MS,50.0,accuracy,0.7881355881690979
TS-TCC Encoder,LFR,KH,MLP,Full Finetune,HAR,KH,200.0,accuracy,0.6666666865348816
TS-TCC Encoder,LFR,RW-Thigh,MLP,Full Finetune,HAR,RW-Thigh,100.0,accuracy,0.6701173186302185
TS-TCC Encoder,LFR,WISDM,MLP,Freeze,HAR,WISDM,200.0,accuracy,0.7857142686843872
TS-TCC Encoder,LFR,RW-Thigh,MLP,Freeze,HAR,RW-Thigh,10.0,accuracy,0.4610075950622558
TS-TCC Encoder,LFR,RW-Thigh,MLP,Full Finetune,HAR,RW-Thigh,10.0,accuracy,0.5465838313102722
TS-TCC Encoder,LFR,RW-Waist,MLP,Full Finetune,HAR,RW-Waist,1.0,accuracy,0.2939814925193786
TS-TCC Encoder,LFR,RW-Thigh,MLP,Full Finetune,HAR,RW-Thigh,1.0,accuracy,0.424430638551712
TS-TCC Encoder,LFR,KH,MLP,Full Finetune,HAR,KH,50.0,accuracy,0.75
TS-TCC Encoder,LFR,MS,MLP,Full Finetune,HAR,MS,1000.0,accuracy,0.920903980731964
TS-TCC Encoder,LFR,RW-Thigh,MLP,Full Finetune,HAR,RW-Thigh,25.0,accuracy,0.7039337754249573
TS-TCC Encoder,LFR,UCI,MLP,Freeze,HAR,UCI,1000.0,accuracy,0.8420289754867554
TS-TCC Encoder,LFR,KH,MLP,Full Finetune,HAR,KH,1000.0,accuracy,0.75
TS-TCC Encoder,LFR,MS,MLP,Freeze,HAR,MS,25.0,accuracy,0.6629002094268799
TS-TCC Encoder,LFR,MS,MLP,Full Finetune,HAR,MS,100.0,accuracy,0.8757061958312988
TS-TCC Encoder,LFR,RW-Thigh,MLP,Freeze,HAR,RW-Thigh,1000.0,accuracy,0.693581759929657
TS-TCC Encoder,LFR,UCI,MLP,Full Finetune,HAR,UCI,100.0,accuracy,0.8028985261917114
TS-TCC Encoder,LFR,WISDM,MLP,Freeze,HAR,WISDM,10.0,accuracy,0.5887096524238586
TS-TCC Encoder,LFR,RW-Waist,MLP,Freeze,HAR,RW-Waist,10.0,accuracy,0.4872685074806213
TS-TCC Encoder,LFR,KH,MLP,Full Finetune,HAR,KH,100.0,accuracy,0.6805555820465088
TS-TCC Encoder,LFR,WISDM,MLP,Freeze,HAR,WISDM,5.0,accuracy,0.5764209032058716
TS-TCC Encoder,LFR,RW-Waist,MLP,Full Finetune,HAR,RW-Waist,200.0,accuracy,0.6766975522041321
TS-TCC Encoder,LFR,RW-Thigh,MLP,Full Finetune,HAR,RW-Thigh,50.0,accuracy,0.6739130616188049
TS-TCC Encoder,LFR,WISDM,MLP,Full Finetune,HAR,WISDM,1.0,accuracy,0.5503072142601013
TS-TCC Encoder,LFR,RW-Waist,MLP,Freeze,HAR,RW-Waist,100.0,accuracy,0.6720678806304932
TS-TCC Encoder,LFR,WISDM,MLP,Freeze,HAR,WISDM,50.0,accuracy,0.6762672662734985
TS-TCC Encoder,LFR,UCI,MLP,Full Finetune,HAR,UCI,50.0,accuracy,0.8057971000671387
TS-TCC Encoder,LFR,RW-Waist,MLP,Freeze,HAR,RW-Waist,1000.0,accuracy,0.7214506268501282
TS-TCC Encoder,LFR,UCI,MLP,Freeze,HAR,UCI,25.0,accuracy,0.7057970762252808
TS-TCC Encoder,LFR,WISDM,MLP,Full Finetune,HAR,WISDM,50.0,accuracy,0.7764977216720581
TS-TCC Encoder,LFR,WISDM,MLP,Freeze,HAR,WISDM,1000.0,accuracy,0.8529185652732849
TS-TCC Encoder,LFR,MS,MLP,Freeze,HAR,MS,50.0,accuracy,0.7815442681312561
TS-TCC Encoder,LFR,MS,MLP,Freeze,HAR,MS,1000.0,accuracy,0.8785310983657837
TS-TCC Encoder,LFR,WISDM,MLP,Freeze,HAR,WISDM,25.0,accuracy,0.6201996803283691
TS-TCC Encoder,LFR,RW-Waist,MLP,Full Finetune,HAR,RW-Waist,1000.0,accuracy,0.7002314925193787
TS-TCC Encoder,LFR,MS,MLP,Full Finetune,HAR,MS,25.0,accuracy,0.764595091342926
TS-TCC Encoder,LFR,UCI,MLP,Full Finetune,HAR,UCI,1000.0,accuracy,0.8913043737411499
TS-TCC Encoder,LFR,RW-Thigh,MLP,Freeze,HAR,RW-Thigh,200.0,accuracy,0.6970324516296387
TS-TCC Encoder,LFR,UCI,MLP,Full Finetune,HAR,UCI,10.0,accuracy,0.7289854884147644
TS-TCC Encoder,LFR,RW-Thigh,MLP,Freeze,HAR,RW-Thigh,5.0,accuracy,0.4037266969680786
TS-TCC Encoder,LFR,RW-Thigh,MLP,Freeze,HAR,RW-Thigh,25.0,accuracy,0.5079365372657776
TS-TCC Encoder,LFR,MS,MLP,Full Finetune,HAR,MS,5.0,accuracy,0.5734463334083557
TS-TCC Encoder,LFR,UCI,MLP,Full Finetune,HAR,UCI,1.0,accuracy,0.4347825944423675
TS-TCC Encoder,LFR,RW-Thigh,MLP,Full Finetune,HAR,RW-Thigh,1000.0,accuracy,0.7629399299621582
TS-TCC Encoder,LFR,KH,MLP,Full Finetune,HAR,KH,25.0,accuracy,0.7013888955116272
TS-TCC Encoder,LFR,MS,MLP,Freeze,HAR,MS,10.0,accuracy,0.5423728823661804
TS-TCC Encoder,LFR,UCI,MLP,Freeze,HAR,UCI,200.0,accuracy,0.800000011920929
TS-TCC Encoder,LFR,WISDM,MLP,Freeze,HAR,WISDM,1.0,accuracy,0.469662070274353
TS-TCC Encoder,LFR,RW-Thigh,MLP,Freeze,HAR,RW-Thigh,1.0,accuracy,0.3171152472496032
TS-TCC Encoder,LFR,MS,MLP,Full Finetune,HAR,MS,10.0,accuracy,0.6629002094268799
TS-TCC Encoder,LFR,MS,MLP,Freeze,HAR,MS,200.0,accuracy,0.8757061958312988
TS-TCC Encoder,LFR,RW-Waist,MLP,Freeze,HAR,RW-Waist,50.0,accuracy,0.6477623581886292
TS-TCC Encoder,LFR,RW-Waist,MLP,Full Finetune,HAR,RW-Waist,100.0,accuracy,0.7191358208656311
TS-TCC Encoder,LFR,UCI,MLP,Freeze,HAR,UCI,50.0,accuracy,0.7840579748153687
TS-TCC Encoder,LFR,UCI,MLP,Full Finetune,HAR,UCI,25.0,accuracy,0.7768115997314453
TS-TCC Encoder,LFR,RW-Waist,MLP,Full Finetune,HAR,RW-Waist,25.0,accuracy,0.6712962985038757
TS-TCC Encoder,LFR,KH,MLP,Freeze,HAR,KH,50.0,accuracy,0.7361111044883728
TS-TCC Encoder,LFR,RW-Waist,MLP,Freeze,HAR,RW-Waist,1.0,accuracy,0.297839492559433
TS-TCC Encoder,LFR,RW-Thigh,MLP,Full Finetune,HAR,RW-Thigh,200.0,accuracy,0.747757077217102
TS-TCC Encoder,LFR,RW-Waist,MLP,Full Finetune,HAR,RW-Waist,10.0,accuracy,0.6072530746459961
TS-TCC Encoder,LFR,KH,MLP,Freeze,HAR,KH,200.0,accuracy,0.7291666865348816
TS-TCC Encoder,LFR,RW-Waist,MLP,Freeze,HAR,RW-Waist,25.0,accuracy,0.5516975522041321
TS-TCC Encoder,LFR,RW-Waist,MLP,Full Finetune,HAR,RW-Waist,5.0,accuracy,0.5752314925193787
TS-TCC Encoder,LFR,MS,MLP,Freeze,HAR,MS,1.0,accuracy,0.3672316372394562
TS-TCC Encoder,LFR,WISDM,MLP,Full Finetune,HAR,WISDM,10.0,accuracy,0.6866359710693359
TS-TCC Encoder,LFR,UCI,MLP,Full Finetune,HAR,UCI,5.0,accuracy,0.613043487071991
TS-TCC Encoder,LFR,KH,MLP,Freeze,HAR,KH,25.0,accuracy,0.6805555820465088
TS-TCC Encoder,LFR,WISDM,MLP,Full Finetune,HAR,WISDM,25.0,accuracy,0.7672811150550842
TS-TCC Encoder,LFR,RW-Thigh,MLP,Freeze,HAR,RW-Thigh,100.0,accuracy,0.6746031641960144
TS-TCC Encoder,LFR,UCI,MLP,Freeze,HAR,UCI,10.0,accuracy,0.6159420013427734
TS-TCC Encoder,LFR,KH,MLP,Full Finetune,HAR,KH,1.0,accuracy,0.4375
TS-TCC Encoder,LFR,RW-Waist,MLP,Full Finetune,HAR,RW-Waist,50.0,accuracy,0.6917438507080078
TS-TCC Encoder,LFR,RW-Thigh,MLP,Freeze,HAR,RW-Thigh,50.0,accuracy,0.6024844646453857
TS-TCC Encoder,LFR,UCI,MLP,Full Finetune,HAR,UCI,200.0,accuracy,0.8057971000671387
TS-TCC Encoder,LFR,UCI,MLP,Freeze,HAR,UCI,100.0,accuracy,0.8086956739425659
TS-TCC Encoder,LFR,KH,MLP,Freeze,HAR,KH,1.0,accuracy,0.4166666567325592
TS-TCC Encoder,LFR,WISDM,MLP,Full Finetune,HAR,WISDM,200.0,accuracy,0.8133640289306641
TS-TCC Encoder,LFR,RW-Waist,MLP,Freeze,HAR,RW-Waist,200.0,accuracy,0.709876537322998
TS-TCC Encoder,LFR,RW-Thigh,MLP,Full Finetune,HAR,RW-Thigh,5.0,accuracy,0.477225661277771
TS-TCC Encoder,LFR,WISDM,MLP,Full Finetune,HAR,WISDM,100.0,accuracy,0.7956989407539368
TS-TCC Encoder,LFR,UCI,MLP,Freeze,HAR,UCI,5.0,accuracy,0.5536231994628906
TS-TCC Encoder,LFR,WISDM,MLP,Full Finetune,HAR,WISDM,1000.0,accuracy,0.8755760192871094
TS-TCC Encoder,Diet,KH,MLP,Freeze,HAR,KH,1.0,accuracy,0.3472222089767456
TS-TCC Encoder,Diet,KH,MLP,Full Finetune,HAR,KH,10.0,accuracy,0.6041666865348816
TS-TCC Encoder,Diet,KH,MLP,Freeze,HAR,KH,1000.0,accuracy,0.6805555820465088
TS-TCC Encoder,Diet,UCI,MLP,Freeze,HAR,UCI,1000.0,accuracy,0.8188405632972717
TS-TCC Encoder,Diet,MS,MLP,Full Finetune,HAR,MS,200.0,accuracy,0.8559321761131287
TS-TCC Encoder,Diet,MS,MLP,Freeze,HAR,MS,5.0,accuracy,0.4472692906856537
TS-TCC Encoder,Diet,KH,MLP,Full Finetune,HAR,KH,100.0,accuracy,0.625
TS-TCC Encoder,Diet,UCI,MLP,Full Finetune,HAR,UCI,10.0,accuracy,0.5695652365684509
TS-TCC Encoder,Diet,UCI,MLP,Freeze,HAR,UCI,1.0,accuracy,0.386956512928009
TS-TCC Encoder,Diet,WISDM,MLP,Freeze,HAR,WISDM,1000.0,accuracy,0.8494623899459839
TS-TCC Encoder,Diet,UCI,MLP,Freeze,HAR,UCI,5.0,accuracy,0.460869550704956
TS-TCC Encoder,Diet,RW-Waist,MLP,Freeze,HAR,RW-Waist,1000.0,accuracy,0.6751543283462524
TS-TCC Encoder,Diet,MS,MLP,Freeze,HAR,MS,1.0,accuracy,0.3521657288074493
TS-TCC Encoder,Diet,UCI,MLP,Freeze,HAR,UCI,200.0,accuracy,0.7855072617530823
TS-TCC Encoder,Diet,KH,MLP,Full Finetune,HAR,KH,200.0,accuracy,0.6805555820465088
TS-TCC Encoder,Diet,KH,MLP,Full Finetune,HAR,KH,25.0,accuracy,0.6527777910232544
TS-TCC Encoder,Diet,RW-Waist,MLP,Freeze,HAR,RW-Waist,25.0,accuracy,0.4378857910633087
TS-TCC Encoder,Diet,MS,MLP,Freeze,HAR,MS,10.0,accuracy,0.4887005686759949
TS-TCC Encoder,Diet,WISDM,MLP,Full Finetune,HAR,WISDM,1.0,accuracy,0.4109062850475311
TS-TCC Encoder,Diet,UCI,MLP,Full Finetune,HAR,UCI,5.0,accuracy,0.5115941762924194
TS-TCC Encoder,Diet,RW-Thigh,MLP,Freeze,HAR,RW-Thigh,50.0,accuracy,0.4599723815917969
TS-TCC Encoder,Diet,MS,MLP,Freeze,HAR,MS,50.0,accuracy,0.7099811434745789
TS-TCC Encoder,Diet,UCI,MLP,Freeze,HAR,UCI,25.0,accuracy,0.5681159496307373
TS-TCC Encoder,Diet,KH,MLP,Freeze,HAR,KH,25.0,accuracy,0.6319444179534912
TS-TCC Encoder,Diet,RW-Thigh,MLP,Freeze,HAR,RW-Thigh,100.0,accuracy,0.4786059260368347
TS-TCC Encoder,Diet,RW-Waist,MLP,Freeze,HAR,RW-Waist,10.0,accuracy,0.408564805984497
TS-TCC Encoder,Diet,MS,MLP,Freeze,HAR,MS,1000.0,accuracy,0.8361582159996033
TS-TCC Encoder,Diet,RW-Thigh,MLP,Full Finetune,HAR,RW-Thigh,1000.0,accuracy,0.7253277897834778
TS-TCC Encoder,Diet,RW-Thigh,MLP,Freeze,HAR,RW-Thigh,1000.0,accuracy,0.6376811861991882
TS-TCC Encoder,Diet,UCI,MLP,Full Finetune,HAR,UCI,25.0,accuracy,0.7159420251846313
TS-TCC Encoder,Diet,UCI,MLP,Full Finetune,HAR,UCI,1.0,accuracy,0.4449275434017181
TS-TCC Encoder,Diet,KH,MLP,Full Finetune,HAR,KH,1.0,accuracy,0.4305555522441864
TS-TCC Encoder,Diet,WISDM,MLP,Freeze,HAR,WISDM,200.0,accuracy,0.7784178256988525
TS-TCC Encoder,Diet,RW-Waist,MLP,Freeze,HAR,RW-Waist,1.0,accuracy,0.2982253134250641
TS-TCC Encoder,Diet,RW-Thigh,MLP,Full Finetune,HAR,RW-Thigh,50.0,accuracy,0.5665976405143738
TS-TCC Encoder,Diet,WISDM,MLP,Freeze,HAR,WISDM,100.0,accuracy,0.719662070274353
TS-TCC Encoder,Diet,MS,MLP,Full Finetune,HAR,MS,5.0,accuracy,0.486817330121994
TS-TCC Encoder,Diet,WISDM,MLP,Full Finetune,HAR,WISDM,10.0,accuracy,0.6582181453704834
TS-TCC Encoder,Diet,WISDM,MLP,Freeze,HAR,WISDM,1.0,accuracy,0.4470046162605285
TS-TCC Encoder,Diet,MS,MLP,Full Finetune,HAR,MS,100.0,accuracy,0.8097928166389465
TS-TCC Encoder,Diet,MS,MLP,Full Finetune,HAR,MS,1000.0,accuracy,0.8286252617835999
TS-TCC Encoder,Diet,RW-Waist,MLP,Freeze,HAR,RW-Waist,200.0,accuracy,0.5682870149612427
TS-TCC Encoder,Diet,KH,MLP,Full Finetune,HAR,KH,5.0,accuracy,0.5069444179534912
TS-TCC Encoder,Diet,WISDM,MLP,Full Finetune,HAR,WISDM,100.0,accuracy,0.7807219624519348
TS-TCC Encoder,Diet,KH,MLP,Freeze,HAR,KH,200.0,accuracy,0.7013888955116272
TS-TCC Encoder,Diet,MS,MLP,Full Finetune,HAR,MS,10.0,accuracy,0.6186440587043762
TS-TCC Encoder,Diet,WISDM,MLP,Full Finetune,HAR,WISDM,50.0,accuracy,0.7465437650680542
TS-TCC Encoder,Diet,RW-Thigh,MLP,Full Finetune,HAR,RW-Thigh,1.0,accuracy,0.2805382907390594
TS-TCC Encoder,Diet,KH,MLP,Freeze,HAR,KH,5.0,accuracy,0.4722222089767456
TS-TCC Encoder,Diet,UCI,MLP,Full Finetune,HAR,UCI,100.0,accuracy,0.8028985261917114
TS-TCC Encoder,Diet,UCI,MLP,Freeze,HAR,UCI,10.0,accuracy,0.5115941762924194
TS-TCC Encoder,Diet,RW-Waist,MLP,Full Finetune,HAR,RW-Waist,5.0,accuracy,0.3919753134250641
TS-TCC Encoder,Diet,RW-Waist,MLP,Freeze,HAR,RW-Waist,50.0,accuracy,0.4544753134250641
TS-TCC Encoder,Diet,RW-Waist,MLP,Full Finetune,HAR,RW-Waist,25.0,accuracy,0.5135030746459961
TS-TCC Encoder,Diet,RW-Thigh,MLP,Freeze,HAR,RW-Thigh,1.0,accuracy,0.2625948786735534
TS-TCC Encoder,Diet,WISDM,MLP,Freeze,HAR,WISDM,50.0,accuracy,0.6712749600410461
TS-TCC Encoder,Diet,RW-Thigh,MLP,Full Finetune,HAR,RW-Thigh,25.0,accuracy,0.52173912525177
TS-TCC Encoder,Diet,KH,MLP,Freeze,HAR,KH,10.0,accuracy,0.5069444179534912
TS-TCC Encoder,Diet,WISDM,MLP,Full Finetune,HAR,WISDM,25.0,accuracy,0.7334869503974915
TS-TCC Encoder,Diet,MS,MLP,Freeze,HAR,MS,100.0,accuracy,0.7476459741592407
TS-TCC Encoder,Diet,WISDM,MLP,Freeze,HAR,WISDM,10.0,accuracy,0.5787250399589539
TS-TCC Encoder,Diet,RW-Thigh,MLP,Full Finetune,HAR,RW-Thigh,200.0,accuracy,0.6273291707038879
TS-TCC Encoder,Diet,RW-Thigh,MLP,Full Finetune,HAR,RW-Thigh,100.0,accuracy,0.5700483322143555
TS-TCC Encoder,Diet,RW-Thigh,MLP,Freeze,HAR,RW-Thigh,5.0,accuracy,0.3036576807498932
TS-TCC Encoder,Diet,UCI,MLP,Full Finetune,HAR,UCI,50.0,accuracy,0.7811594009399414
TS-TCC Encoder,Diet,RW-Thigh,MLP,Freeze,HAR,RW-Thigh,200.0,accuracy,0.5037957429885864
TS-TCC Encoder,Diet,RW-Waist,MLP,Freeze,HAR,RW-Waist,100.0,accuracy,0.4926697611808777
TS-TCC Encoder,Diet,KH,MLP,Full Finetune,HAR,KH,50.0,accuracy,0.7013888955116272
TS-TCC Encoder,Diet,KH,MLP,Freeze,HAR,KH,50.0,accuracy,0.6388888955116272
TS-TCC Encoder,Diet,RW-Waist,MLP,Full Finetune,HAR,RW-Waist,50.0,accuracy,0.5192901492118835
TS-TCC Encoder,Diet,UCI,MLP,Freeze,HAR,UCI,100.0,accuracy,0.7492753863334656
TS-TCC Encoder,Diet,RW-Waist,MLP,Full Finetune,HAR,RW-Waist,100.0,accuracy,0.5952932238578796
TS-TCC Encoder,Diet,WISDM,MLP,Freeze,HAR,WISDM,5.0,accuracy,0.5698924660682678
TS-TCC Encoder,Diet,RW-Thigh,MLP,Full Finetune,HAR,RW-Thigh,10.0,accuracy,0.4126984179019928
TS-TCC Encoder,Diet,UCI,MLP,Freeze,HAR,UCI,50.0,accuracy,0.6608695387840271
TS-TCC Encoder,Diet,MS,MLP,Full Finetune,HAR,MS,1.0,accuracy,0.3879472613334656
TS-TCC Encoder,Diet,KH,MLP,Full Finetune,HAR,KH,1000.0,accuracy,0.7013888955116272
TS-TCC Encoder,Diet,MS,MLP,Full Finetune,HAR,MS,25.0,accuracy,0.7890772223472595
TS-TCC Encoder,Diet,RW-Thigh,MLP,Freeze,HAR,RW-Thigh,10.0,accuracy,0.3536922037601471
TS-TCC Encoder,Diet,RW-Waist,MLP,Freeze,HAR,RW-Waist,5.0,accuracy,0.3483796417713165
TS-TCC Encoder,Diet,MS,MLP,Freeze,HAR,MS,200.0,accuracy,0.7937853336334229
TS-TCC Encoder,Diet,RW-Waist,MLP,Full Finetune,HAR,RW-Waist,10.0,accuracy,0.4232253134250641
TS-TCC Encoder,Diet,UCI,MLP,Full Finetune,HAR,UCI,1000.0,accuracy,0.9289855360984802
TS-TCC Encoder,Diet,RW-Thigh,MLP,Freeze,HAR,RW-Thigh,25.0,accuracy,0.4409937858581543
TS-TCC Encoder,Diet,RW-Thigh,MLP,Full Finetune,HAR,RW-Thigh,5.0,accuracy,0.3471359610557556
TS-TCC Encoder,Diet,WISDM,MLP,Full Finetune,HAR,WISDM,1000.0,accuracy,0.8771121501922607
TS-TCC Encoder,Diet,WISDM,MLP,Full Finetune,HAR,WISDM,5.0,accuracy,0.6255760192871094
TS-TCC Encoder,Diet,MS,MLP,Full Finetune,HAR,MS,50.0,accuracy,0.8305084705352783
TS-TCC Encoder,Diet,KH,MLP,Freeze,HAR,KH,100.0,accuracy,0.6805555820465088
TS-TCC Encoder,Diet,WISDM,MLP,Full Finetune,HAR,WISDM,200.0,accuracy,0.8252688050270081
TS-TCC Encoder,Diet,UCI,MLP,Full Finetune,HAR,UCI,200.0,accuracy,0.8420289754867554
TS-TCC Encoder,Diet,MS,MLP,Freeze,HAR,MS,25.0,accuracy,0.6073446273803711
TS-TCC Encoder,Diet,WISDM,MLP,Freeze,HAR,WISDM,25.0,accuracy,0.6463133692741394
TS-TCC Encoder,Diet,RW-Waist,MLP,Full Finetune,HAR,RW-Waist,1.0,accuracy,0.2974537014961242
TS-TCC Encoder,Diet,RW-Waist,MLP,Full Finetune,HAR,RW-Waist,200.0,accuracy,0.6354166865348816
TS-TCC Encoder,Diet,RW-Waist,MLP,Full Finetune,HAR,RW-Waist,1000.0,accuracy,0.7507715821266174
TS-TCC Encoder,Diet,UCI,MLP,Full Finetune,HAR,UCI,100.0,accuracy,0.8333333134651184
TS-TCC Encoder,Diet,UCI,MLP,Full Finetune,HAR,UCI,1.0,accuracy,0.4318840503692627
TS-TCC Encoder,Diet,UCI,MLP,Full Finetune,HAR,UCI,10.0,accuracy,0.604347825050354
TS-TCC Encoder,Diet,MS,MLP,Freeze,HAR,MS,25.0,accuracy,0.6261770129203796
TS-TCC Encoder,Diet,KH,MLP,Freeze,HAR,KH,10.0,accuracy,0.5347222089767456
TS-TCC Encoder,Diet,RW-Thigh,MLP,Freeze,HAR,RW-Thigh,100.0,accuracy,0.4910283088684082
TS-TCC Encoder,Diet,RW-Waist,MLP,Full Finetune,HAR,RW-Waist,1.0,accuracy,0.3491512238979339
TS-TCC Encoder,Diet,RW-Thigh,MLP,Freeze,HAR,RW-Thigh,1000.0,accuracy,0.660800576210022
TS-TCC Encoder,Diet,RW-Waist,MLP,Freeze,HAR,RW-Waist,200.0,accuracy,0.5594135522842407
TS-TCC Encoder,Diet,KH,MLP,Freeze,HAR,KH,1.0,accuracy,0.3472222089767456
TS-TCC Encoder,Diet,RW-Waist,MLP,Freeze,HAR,RW-Waist,50.0,accuracy,0.4629629552364349
TS-TCC Encoder,Diet,MS,MLP,Full Finetune,HAR,MS,1000.0,accuracy,0.8935970067977905
TS-TCC Encoder,Diet,RW-Waist,MLP,Freeze,HAR,RW-Waist,100.0,accuracy,0.5104166865348816
TS-TCC Encoder,Diet,RW-Thigh,MLP,Full Finetune,HAR,RW-Thigh,1.0,accuracy,0.3495514094829559
TS-TCC Encoder,Diet,RW-Waist,MLP,Full Finetune,HAR,RW-Waist,200.0,accuracy,0.6226851940155029
TS-TCC Encoder,Diet,RW-Thigh,MLP,Full Finetune,HAR,RW-Thigh,10.0,accuracy,0.4351276755332947
TS-TCC Encoder,Diet,UCI,MLP,Full Finetune,HAR,UCI,5.0,accuracy,0.5260869860649109
TS-TCC Encoder,Diet,MS,MLP,Freeze,HAR,MS,100.0,accuracy,0.7664783596992493
TS-TCC Encoder,Diet,WISDM,MLP,Full Finetune,HAR,WISDM,25.0,accuracy,0.7246543765068054
TS-TCC Encoder,Diet,MS,MLP,Full Finetune,HAR,MS,1.0,accuracy,0.390772134065628
TS-TCC Encoder,Diet,UCI,MLP,Full Finetune,HAR,UCI,25.0,accuracy,0.7260869741439819
TS-TCC Encoder,Diet,RW-Thigh,MLP,Full Finetune,HAR,RW-Thigh,5.0,accuracy,0.3954451382160187
TS-TCC Encoder,Diet,RW-Waist,MLP,Full Finetune,HAR,RW-Waist,100.0,accuracy,0.5999228358268738
TS-TCC Encoder,Diet,MS,MLP,Full Finetune,HAR,MS,100.0,accuracy,0.8531073331832886
TS-TCC Encoder,Diet,MS,MLP,Full Finetune,HAR,MS,5.0,accuracy,0.5762711763381958
TS-TCC Encoder,Diet,KH,MLP,Freeze,HAR,KH,200.0,accuracy,0.6875
TS-TCC Encoder,Diet,UCI,MLP,Full Finetune,HAR,UCI,200.0,accuracy,0.8608695864677429
TS-TCC Encoder,Diet,KH,MLP,Freeze,HAR,KH,5.0,accuracy,0.4722222089767456
TS-TCC Encoder,Diet,RW-Thigh,MLP,Freeze,HAR,RW-Thigh,25.0,accuracy,0.3916494250297546
TS-TCC Encoder,Diet,KH,MLP,Full Finetune,HAR,KH,50.0,accuracy,0.6111111044883728
TS-TCC Encoder,Diet,UCI,MLP,Freeze,HAR,UCI,1.0,accuracy,0.4000000059604645
TS-TCC Encoder,Diet,RW-Thigh,MLP,Freeze,HAR,RW-Thigh,5.0,accuracy,0.3726707994937897
TS-TCC Encoder,Diet,KH,MLP,Full Finetune,HAR,KH,25.0,accuracy,0.6736111044883728
TS-TCC Encoder,Diet,UCI,MLP,Freeze,HAR,UCI,1000.0,accuracy,0.8492753505706787
TS-TCC Encoder,Diet,WISDM,MLP,Freeze,HAR,WISDM,5.0,accuracy,0.4965437650680542
TS-TCC Encoder,Diet,WISDM,MLP,Full Finetune,HAR,WISDM,10.0,accuracy,0.6328725218772888
TS-TCC Encoder,Diet,KH,MLP,Freeze,HAR,KH,25.0,accuracy,0.5555555820465088
TS-TCC Encoder,Diet,WISDM,MLP,Full Finetune,HAR,WISDM,1000.0,accuracy,0.8736559152603149
TS-TCC Encoder,Diet,UCI,MLP,Freeze,HAR,UCI,50.0,accuracy,0.6579710245132446
TS-TCC Encoder,Diet,RW-Thigh,MLP,Full Finetune,HAR,RW-Thigh,200.0,accuracy,0.6387163400650024
TS-TCC Encoder,Diet,RW-Waist,MLP,Freeze,HAR,RW-Waist,25.0,accuracy,0.4375
TS-TCC Encoder,Diet,RW-Thigh,MLP,Freeze,HAR,RW-Thigh,10.0,accuracy,0.3671497702598572
TS-TCC Encoder,Diet,RW-Waist,MLP,Full Finetune,HAR,RW-Waist,50.0,accuracy,0.5659722089767456
TS-TCC Encoder,Diet,UCI,MLP,Freeze,HAR,UCI,200.0,accuracy,0.800000011920929
TS-TCC Encoder,Diet,UCI,MLP,Freeze,HAR,UCI,25.0,accuracy,0.573913037776947
TS-TCC Encoder,Diet,KH,MLP,Full Finetune,HAR,KH,100.0,accuracy,0.5763888955116272
TS-TCC Encoder,Diet,WISDM,MLP,Full Finetune,HAR,WISDM,100.0,accuracy,0.8229646682739258
TS-TCC Encoder,Diet,WISDM,MLP,Full Finetune,HAR,WISDM,50.0,accuracy,0.7849462628364563
TS-TCC Encoder,Diet,KH,MLP,Full Finetune,HAR,KH,200.0,accuracy,0.6597222089767456
TS-TCC Encoder,Diet,WISDM,MLP,Full Finetune,HAR,WISDM,1.0,accuracy,0.4293394684791565
TS-TCC Encoder,Diet,UCI,MLP,Freeze,HAR,UCI,100.0,accuracy,0.7623188495635986
TS-TCC Encoder,Diet,KH,MLP,Full Finetune,HAR,KH,1000.0,accuracy,0.7013888955116272
TS-TCC Encoder,Diet,WISDM,MLP,Freeze,HAR,WISDM,100.0,accuracy,0.7434715628623962
TS-TCC Encoder,Diet,WISDM,MLP,Freeze,HAR,WISDM,25.0,accuracy,0.6082949042320251
TS-TCC Encoder,Diet,RW-Thigh,MLP,Full Finetune,HAR,RW-Thigh,25.0,accuracy,0.4585921466350555
TS-TCC Encoder,Diet,RW-Thigh,MLP,Full Finetune,HAR,RW-Thigh,1000.0,accuracy,0.7353346943855286
TS-TCC Encoder,Diet,KH,MLP,Full Finetune,HAR,KH,1.0,accuracy,0.375
TS-TCC Encoder,Diet,RW-Waist,MLP,Freeze,HAR,RW-Waist,1.0,accuracy,0.3194444477558136
TS-TCC Encoder,Diet,WISDM,MLP,Freeze,HAR,WISDM,10.0,accuracy,0.5963901877403259
TS-TCC Encoder,Diet,KH,MLP,Full Finetune,HAR,KH,5.0,accuracy,0.5486111044883728
TS-TCC Encoder,Diet,MS,MLP,Freeze,HAR,MS,1000.0,accuracy,0.8832391500473022
TS-TCC Encoder,Diet,MS,MLP,Full Finetune,HAR,MS,200.0,accuracy,0.8672316670417786
TS-TCC Encoder,Diet,WISDM,MLP,Freeze,HAR,WISDM,1.0,accuracy,0.4642857015132904
TS-TCC Encoder,Diet,MS,MLP,Freeze,HAR,MS,5.0,accuracy,0.4698681831359863
TS-TCC Encoder,Diet,WISDM,MLP,Freeze,HAR,WISDM,200.0,accuracy,0.7722734212875366
TS-TCC Encoder,Diet,KH,MLP,Freeze,HAR,KH,50.0,accuracy,0.5694444179534912
TS-TCC Encoder,Diet,RW-Waist,MLP,Full Finetune,HAR,RW-Waist,5.0,accuracy,0.3923611044883728
TS-TCC Encoder,Diet,WISDM,MLP,Freeze,HAR,WISDM,50.0,accuracy,0.6751152276992798
TS-TCC Encoder,Diet,MS,MLP,Freeze,HAR,MS,200.0,accuracy,0.8276836276054382
TS-TCC Encoder,Diet,MS,MLP,Full Finetune,HAR,MS,25.0,accuracy,0.7711864113807678
TS-TCC Encoder,Diet,UCI,MLP,Full Finetune,HAR,UCI,1000.0,accuracy,0.9144927263259888
TS-TCC Encoder,Diet,UCI,MLP,Freeze,HAR,UCI,5.0,accuracy,0.469565212726593
TS-TCC Encoder,Diet,KH,MLP,Full Finetune,HAR,KH,10.0,accuracy,0.5972222089767456
TS-TCC Encoder,Diet,RW-Waist,MLP,Freeze,HAR,RW-Waist,5.0,accuracy,0.3402777910232544
TS-TCC Encoder,Diet,RW-Thigh,MLP,Freeze,HAR,RW-Thigh,200.0,accuracy,0.5700483322143555
TS-TCC Encoder,Diet,KH,MLP,Freeze,HAR,KH,100.0,accuracy,0.6041666865348816
TS-TCC Encoder,Diet,RW-Thigh,MLP,Freeze,HAR,RW-Thigh,1.0,accuracy,0.2929606735706329
TS-TCC Encoder,Diet,RW-Thigh,MLP,Full Finetune,HAR,RW-Thigh,50.0,accuracy,0.5458937287330627
TS-TCC Encoder,Diet,RW-Waist,MLP,Full Finetune,HAR,RW-Waist,25.0,accuracy,0.5258487462997437
TS-TCC Encoder,Diet,RW-Waist,MLP,Full Finetune,HAR,RW-Waist,1000.0,accuracy,0.7195215821266174
TS-TCC Encoder,Diet,RW-Waist,MLP,Freeze,HAR,RW-Waist,1000.0,accuracy,0.6431326866149902
TS-TCC Encoder,Diet,MS,MLP,Full Finetune,HAR,MS,10.0,accuracy,0.6261770129203796
TS-TCC Encoder,Diet,WISDM,MLP,Freeze,HAR,WISDM,1000.0,accuracy,0.852150559425354
TS-TCC Encoder,Diet,RW-Thigh,MLP,Full Finetune,HAR,RW-Thigh,100.0,accuracy,0.593512773513794
TS-TCC Encoder,Diet,RW-Thigh,MLP,Freeze,HAR,RW-Thigh,50.0,accuracy,0.4344375431537628
TS-TCC Encoder,Diet,RW-Waist,MLP,Freeze,HAR,RW-Waist,10.0,accuracy,0.4050925970077514
TS-TCC Encoder,Diet,MS,MLP,Full Finetune,HAR,MS,50.0,accuracy,0.8248587846755981
TS-TCC Encoder,Diet,MS,MLP,Freeze,HAR,MS,1.0,accuracy,0.3615819215774536
TS-TCC Encoder,Diet,UCI,MLP,Full Finetune,HAR,UCI,50.0,accuracy,0.7956521511077881
TS-TCC Encoder,Diet,WISDM,MLP,Full Finetune,HAR,WISDM,200.0,accuracy,0.8294931054115295
TS-TCC Encoder,Diet,KH,MLP,Freeze,HAR,KH,1000.0,accuracy,0.6458333134651184
TS-TCC Encoder,Diet,UCI,MLP,Freeze,HAR,UCI,10.0,accuracy,0.4898550808429718
TS-TCC Encoder,Diet,MS,MLP,Freeze,HAR,MS,10.0,accuracy,0.5527306795120239
TS-TCC Encoder,Diet,MS,MLP,Freeze,HAR,MS,50.0,accuracy,0.6798493266105652
TS-TCC Encoder,Diet,RW-Waist,MLP,Full Finetune,HAR,RW-Waist,10.0,accuracy,0.4513888955116272
TS-TCC Encoder,Diet,WISDM,MLP,Full Finetune,HAR,WISDM,5.0,accuracy,0.5188171863555908
TS-TCC Encoder,LFR,KH,MLP,Freeze,HAR,KH,1000.0,accuracy,0.7430555820465088
TS-TCC Encoder,LFR,UCI,MLP,Full Finetune,HAR,UCI,5.0,accuracy,0.6405797004699707
TS-TCC Encoder,LFR,MS,MLP,Full Finetune,HAR,MS,100.0,accuracy,0.8719397187232971
TS-TCC Encoder,LFR,UCI,MLP,Full Finetune,HAR,UCI,1.0,accuracy,0.4637681245803833
TS-TCC Encoder,LFR,RW-Waist,MLP,Full Finetune,HAR,RW-Waist,50.0,accuracy,0.6898148059844971
TS-TCC Encoder,LFR,UCI,MLP,Full Finetune,HAR,UCI,50.0,accuracy,0.8014492988586426
TS-TCC Encoder,LFR,WISDM,MLP,Freeze,HAR,WISDM,10.0,accuracy,0.6171274781227112
TS-TCC Encoder,LFR,WISDM,MLP,Full Finetune,HAR,WISDM,1.0,accuracy,0.5134408473968506
TS-TCC Encoder,LFR,WISDM,MLP,Freeze,HAR,WISDM,1.0,accuracy,0.3874807953834533
TS-TCC Encoder,LFR,RW-Waist,MLP,Freeze,HAR,RW-Waist,10.0,accuracy,0.5324074029922485
TS-TCC Encoder,LFR,KH,MLP,Freeze,HAR,KH,50.0,accuracy,0.7152777910232544
TS-TCC Encoder,LFR,MS,MLP,Freeze,HAR,MS,1000.0,accuracy,0.8653483986854553
TS-TCC Encoder,LFR,RW-Thigh,MLP,Freeze,HAR,RW-Thigh,5.0,accuracy,0.4337474107742309
TS-TCC Encoder,LFR,MS,MLP,Full Finetune,HAR,MS,5.0,accuracy,0.543314516544342
TS-TCC Encoder,LFR,KH,MLP,Freeze,HAR,KH,200.0,accuracy,0.7291666865348816
TS-TCC Encoder,LFR,MS,MLP,Full Finetune,HAR,MS,50.0,accuracy,0.8681732416152954
TS-TCC Encoder,LFR,WISDM,MLP,Full Finetune,HAR,WISDM,25.0,accuracy,0.7692012190818787
TS-TCC Encoder,LFR,RW-Waist,MLP,Full Finetune,HAR,RW-Waist,200.0,accuracy,0.6983024477958679
TS-TCC Encoder,LFR,RW-Thigh,MLP,Freeze,HAR,RW-Thigh,1000.0,accuracy,0.6773636937141418
TS-TCC Encoder,LFR,RW-Waist,MLP,Freeze,HAR,RW-Waist,1.0,accuracy,0.4124228358268738
TS-TCC Encoder,LFR,KH,MLP,Full Finetune,HAR,KH,10.0,accuracy,0.6388888955116272
TS-TCC Encoder,LFR,UCI,MLP,Full Finetune,HAR,UCI,10.0,accuracy,0.678260862827301
TS-TCC Encoder,LFR,MS,MLP,Freeze,HAR,MS,50.0,accuracy,0.805084764957428
TS-TCC Encoder,LFR,KH,MLP,Full Finetune,HAR,KH,1.0,accuracy,0.4722222089767456
TS-TCC Encoder,LFR,UCI,MLP,Freeze,HAR,UCI,1.0,accuracy,0.4057970941066742
TS-TCC Encoder,LFR,RW-Waist,MLP,Freeze,HAR,RW-Waist,100.0,accuracy,0.6967592835426331
TS-TCC Encoder,LFR,RW-Waist,MLP,Freeze,HAR,RW-Waist,5.0,accuracy,0.4672067761421203
TS-TCC Encoder,LFR,UCI,MLP,Freeze,HAR,UCI,25.0,accuracy,0.7405797243118286
TS-TCC Encoder,LFR,KH,MLP,Freeze,HAR,KH,1.0,accuracy,0.4444444477558136
TS-TCC Encoder,LFR,WISDM,MLP,Full Finetune,HAR,WISDM,1000.0,accuracy,0.8717358112335205
TS-TCC Encoder,LFR,RW-Thigh,MLP,Freeze,HAR,RW-Thigh,100.0,accuracy,0.6649413108825684
TS-TCC Encoder,LFR,MS,MLP,Full Finetune,HAR,MS,1000.0,accuracy,0.9143126010894777
TS-TCC Encoder,LFR,MS,MLP,Full Finetune,HAR,MS,10.0,accuracy,0.6694915294647217
TS-TCC Encoder,LFR,KH,MLP,Freeze,HAR,KH,5.0,accuracy,0.4791666567325592
TS-TCC Encoder,LFR,WISDM,MLP,Full Finetune,HAR,WISDM,200.0,accuracy,0.7987711429595947
TS-TCC Encoder,LFR,RW-Waist,MLP,Full Finetune,HAR,RW-Waist,1.0,accuracy,0.4058642089366913
TS-TCC Encoder,LFR,KH,MLP,Full Finetune,HAR,KH,50.0,accuracy,0.7152777910232544
TS-TCC Encoder,LFR,KH,MLP,Freeze,HAR,KH,25.0,accuracy,0.6875
TS-TCC Encoder,LFR,RW-Waist,MLP,Full Finetune,HAR,RW-Waist,5.0,accuracy,0.5679012537002563
TS-TCC Encoder,LFR,UCI,MLP,Full Finetune,HAR,UCI,100.0,accuracy,0.8086956739425659
TS-TCC Encoder,LFR,RW-Thigh,MLP,Full Finetune,HAR,RW-Thigh,25.0,accuracy,0.7301587462425232
TS-TCC Encoder,LFR,KH,MLP,Full Finetune,HAR,KH,25.0,accuracy,0.7083333134651184
TS-TCC Encoder,LFR,UCI,MLP,Freeze,HAR,UCI,100.0,accuracy,0.800000011920929
TS-TCC Encoder,LFR,MS,MLP,Freeze,HAR,MS,25.0,accuracy,0.7288135886192322
TS-TCC Encoder,LFR,RW-Waist,MLP,Full Finetune,HAR,RW-Waist,1000.0,accuracy,0.7245370149612427
TS-TCC Encoder,LFR,KH,MLP,Full Finetune,HAR,KH,100.0,accuracy,0.7083333134651184
TS-TCC Encoder,LFR,MS,MLP,Freeze,HAR,MS,100.0,accuracy,0.756120502948761
TS-TCC Encoder,LFR,KH,MLP,Full Finetune,HAR,KH,1000.0,accuracy,0.7152777910232544
TS-TCC Encoder,LFR,RW-Thigh,MLP,Full Finetune,HAR,RW-Thigh,1000.0,accuracy,0.7091097235679626
TS-TCC Encoder,LFR,UCI,MLP,Freeze,HAR,UCI,5.0,accuracy,0.5420289635658264
TS-TCC Encoder,LFR,UCI,MLP,Freeze,HAR,UCI,1000.0,accuracy,0.8391304612159729
TS-TCC Encoder,LFR,UCI,MLP,Freeze,HAR,UCI,10.0,accuracy,0.6072463989257812
TS-TCC Encoder,LFR,RW-Thigh,MLP,Full Finetune,HAR,RW-Thigh,10.0,accuracy,0.5714285969734192
TS-TCC Encoder,LFR,RW-Thigh,MLP,Full Finetune,HAR,RW-Thigh,200.0,accuracy,0.7239475250244141
TS-TCC Encoder,LFR,MS,MLP,Full Finetune,HAR,MS,25.0,accuracy,0.8305084705352783
TS-TCC Encoder,LFR,KH,MLP,Full Finetune,HAR,KH,200.0,accuracy,0.7430555820465088
TS-TCC Encoder,LFR,RW-Waist,MLP,Full Finetune,HAR,RW-Waist,10.0,accuracy,0.6500771641731262
TS-TCC Encoder,LFR,RW-Thigh,MLP,Freeze,HAR,RW-Thigh,10.0,accuracy,0.5569358468055725
TS-TCC Encoder,LFR,RW-Waist,MLP,Freeze,HAR,RW-Waist,1000.0,accuracy,0.7056326866149902
TS-TCC Encoder,LFR,KH,MLP,Full Finetune,HAR,KH,5.0,accuracy,0.5902777910232544
TS-TCC Encoder,LFR,RW-Waist,MLP,Freeze,HAR,RW-Waist,50.0,accuracy,0.6257715821266174
TS-TCC Encoder,LFR,RW-Waist,MLP,Full Finetune,HAR,RW-Waist,25.0,accuracy,0.6570215821266174
TS-TCC Encoder,LFR,RW-Waist,MLP,Full Finetune,HAR,RW-Waist,100.0,accuracy,0.7006173133850098
TS-TCC Encoder,LFR,WISDM,MLP,Full Finetune,HAR,WISDM,10.0,accuracy,0.7484639286994934
TS-TCC Encoder,LFR,UCI,MLP,Freeze,HAR,UCI,50.0,accuracy,0.7739130258560181
TS-TCC Encoder,LFR,WISDM,MLP,Full Finetune,HAR,WISDM,5.0,accuracy,0.5633640289306641
TS-TCC Encoder,LFR,WISDM,MLP,Freeze,HAR,WISDM,100.0,accuracy,0.7638248801231384
TS-TCC Encoder,LFR,RW-Thigh,MLP,Freeze,HAR,RW-Thigh,200.0,accuracy,0.6790890097618103
TS-TCC Encoder,LFR,MS,MLP,Freeze,HAR,MS,5.0,accuracy,0.4821092188358307
TS-TCC Encoder,LFR,MS,MLP,Freeze,HAR,MS,200.0,accuracy,0.8625235557556152
TS-TCC Encoder,LFR,MS,MLP,Full Finetune,HAR,MS,1.0,accuracy,0.3813559412956238
TS-TCC Encoder,LFR,WISDM,MLP,Freeze,HAR,WISDM,25.0,accuracy,0.6812595725059509
TS-TCC Encoder,LFR,RW-Thigh,MLP,Freeze,HAR,RW-Thigh,25.0,accuracy,0.6463078260421753
TS-TCC Encoder,LFR,RW-Waist,MLP,Freeze,HAR,RW-Waist,25.0,accuracy,0.6064814925193787
TS-TCC Encoder,LFR,UCI,MLP,Full Finetune,HAR,UCI,1000.0,accuracy,0.9101449251174928
TS-TCC Encoder,LFR,WISDM,MLP,Freeze,HAR,WISDM,1000.0,accuracy,0.8467742204666138
TS-TCC Encoder,LFR,RW-Waist,MLP,Freeze,HAR,RW-Waist,200.0,accuracy,0.7172067761421204
TS-TCC Encoder,LFR,KH,MLP,Freeze,HAR,KH,100.0,accuracy,0.7083333134651184
TS-TCC Encoder,LFR,RW-Thigh,MLP,Full Finetune,HAR,RW-Thigh,50.0,accuracy,0.7291235327720642
TS-TCC Encoder,LFR,RW-Thigh,MLP,Full Finetune,HAR,RW-Thigh,100.0,accuracy,0.7332643270492554
TS-TCC Encoder,LFR,RW-Thigh,MLP,Full Finetune,HAR,RW-Thigh,1.0,accuracy,0.1570048332214355
TS-TCC Encoder,LFR,MS,MLP,Freeze,HAR,MS,1.0,accuracy,0.3794727027416229
TS-TCC Encoder,LFR,MS,MLP,Freeze,HAR,MS,10.0,accuracy,0.5197740197181702
TS-TCC Encoder,LFR,WISDM,MLP,Freeze,HAR,WISDM,5.0,accuracy,0.5652841925621033
TS-TCC Encoder,LFR,MS,MLP,Full Finetune,HAR,MS,200.0,accuracy,0.906779646873474
TS-TCC Encoder,LFR,WISDM,MLP,Full Finetune,HAR,WISDM,100.0,accuracy,0.7365591526031494
TS-TCC Encoder,LFR,RW-Thigh,MLP,Full Finetune,HAR,RW-Thigh,5.0,accuracy,0.5155279636383057
TS-TCC Encoder,LFR,UCI,MLP,Full Finetune,HAR,UCI,200.0,accuracy,0.7971014380455017
TS-TCC Encoder,LFR,KH,MLP,Freeze,HAR,KH,10.0,accuracy,0.5694444179534912
TS-TCC Encoder,LFR,UCI,MLP,Freeze,HAR,UCI,200.0,accuracy,0.8014492988586426
TS-TCC Encoder,LFR,WISDM,MLP,Freeze,HAR,WISDM,50.0,accuracy,0.7572964429855347
TS-TCC Encoder,LFR,RW-Thigh,MLP,Freeze,HAR,RW-Thigh,50.0,accuracy,0.6293995976448059
TS-TCC Encoder,LFR,UCI,MLP,Full Finetune,HAR,UCI,25.0,accuracy,0.791304349899292
TS-TCC Encoder,LFR,WISDM,MLP,Full Finetune,HAR,WISDM,50.0,accuracy,0.7526881694793701
TS-TCC Encoder,LFR,RW-Thigh,MLP,Freeze,HAR,RW-Thigh,1.0,accuracy,0.3067632913589477
TS-TCC Encoder,LFR,WISDM,MLP,Freeze,HAR,WISDM,200.0,accuracy,0.7887864708900452
TS-TCC Encoder,LFR,KH,MLP,Freeze,HAR,KH,100.0,accuracy,0.75
TS-TCC Encoder,LFR,KH,MLP,Full Finetune,HAR,KH,50.0,accuracy,0.7638888955116272
TS-TCC Encoder,LFR,UCI,MLP,Freeze,HAR,UCI,10.0,accuracy,0.6086956262588501
TS-TCC Encoder,LFR,MS,MLP,Full Finetune,HAR,MS,10.0,accuracy,0.6930320262908936
TS-TCC Encoder,LFR,MS,MLP,Freeze,HAR,MS,100.0,accuracy,0.8389830589294434
TS-TCC Encoder,LFR,KH,MLP,Freeze,HAR,KH,200.0,accuracy,0.7986111044883728
TS-TCC Encoder,LFR,RW-Thigh,MLP,Full Finetune,HAR,RW-Thigh,200.0,accuracy,0.7384402751922607
TS-TCC Encoder,LFR,RW-Thigh,MLP,Freeze,HAR,RW-Thigh,1000.0,accuracy,0.695652186870575
TS-TCC Encoder,LFR,RW-Waist,MLP,Freeze,HAR,RW-Waist,1.0,accuracy,0.4216820895671844
TS-TCC Encoder,LFR,MS,MLP,Freeze,HAR,MS,50.0,accuracy,0.6798493266105652
TS-TCC Encoder,LFR,MS,MLP,Full Finetune,HAR,MS,100.0,accuracy,0.8276836276054382
TS-TCC Encoder,LFR,KH,MLP,Freeze,HAR,KH,1.0,accuracy,0.3680555522441864
TS-TCC Encoder,LFR,RW-Thigh,MLP,Full Finetune,HAR,RW-Thigh,25.0,accuracy,0.6107660531997681
TS-TCC Encoder,LFR,RW-Thigh,MLP,Full Finetune,HAR,RW-Thigh,1000.0,accuracy,0.7429261803627014
TS-TCC Encoder,LFR,UCI,MLP,Freeze,HAR,UCI,25.0,accuracy,0.708695650100708
TS-TCC Encoder,LFR,UCI,MLP,Freeze,HAR,UCI,200.0,accuracy,0.8318840861320496
TS-TCC Encoder,LFR,UCI,MLP,Full Finetune,HAR,UCI,1000.0,accuracy,0.93478262424469
TS-TCC Encoder,LFR,RW-Waist,MLP,Full Finetune,HAR,RW-Waist,50.0,accuracy,0.6905864477157593
TS-TCC Encoder,LFR,KH,MLP,Freeze,HAR,KH,5.0,accuracy,0.5416666865348816
TS-TCC Encoder,LFR,KH,MLP,Full Finetune,HAR,KH,25.0,accuracy,0.7777777910232544
TS-TCC Encoder,LFR,UCI,MLP,Full Finetune,HAR,UCI,10.0,accuracy,0.708695650100708
TS-TCC Encoder,LFR,MS,MLP,Freeze,HAR,MS,5.0,accuracy,0.5414312481880188
TS-TCC Encoder,LFR,UCI,MLP,Full Finetune,HAR,UCI,1.0,accuracy,0.4463768005371094
TS-TCC Encoder,LFR,UCI,MLP,Freeze,HAR,UCI,5.0,accuracy,0.5550724864006042
TS-TCC Encoder,LFR,RW-Thigh,MLP,Full Finetune,HAR,RW-Thigh,5.0,accuracy,0.4644582569599151
TS-TCC Encoder,LFR,RW-Thigh,MLP,Full Finetune,HAR,RW-Thigh,100.0,accuracy,0.7035886645317078
TS-TCC Encoder,LFR,KH,MLP,Freeze,HAR,KH,1000.0,accuracy,0.7638888955116272
TS-TCC Encoder,LFR,KH,MLP,Full Finetune,HAR,KH,1.0,accuracy,0.4305555522441864
TS-TCC Encoder,LFR,RW-Waist,MLP,Full Finetune,HAR,RW-Waist,25.0,accuracy,0.6917438507080078
TS-TCC Encoder,LFR,KH,MLP,Full Finetune,HAR,KH,5.0,accuracy,0.5972222089767456
TS-TCC Encoder,LFR,MS,MLP,Freeze,HAR,MS,10.0,accuracy,0.5621469020843506
TS-TCC Encoder,LFR,KH,MLP,Freeze,HAR,KH,50.0,accuracy,0.6875
TS-TCC Encoder,LFR,WISDM,MLP,Freeze,HAR,WISDM,50.0,accuracy,0.725806474685669
TS-TCC Encoder,LFR,RW-Waist,MLP,Full Finetune,HAR,RW-Waist,5.0,accuracy,0.6076388955116272
TS-TCC Encoder,LFR,RW-Waist,MLP,Freeze,HAR,RW-Waist,100.0,accuracy,0.6431326866149902
TS-TCC Encoder,LFR,UCI,MLP,Full Finetune,HAR,UCI,50.0,accuracy,0.7898550629615784
TS-TCC Encoder,LFR,RW-Waist,MLP,Full Finetune,HAR,RW-Waist,10.0,accuracy,0.6319444179534912
TS-TCC Encoder,LFR,RW-Thigh,MLP,Freeze,HAR,RW-Thigh,1.0,accuracy,0.3416149020195007
TS-TCC Encoder,LFR,WISDM,MLP,Freeze,HAR,WISDM,1000.0,accuracy,0.8344854116439819
TS-TCC Encoder,LFR,WISDM,MLP,Full Finetune,HAR,WISDM,50.0,accuracy,0.774193525314331
TS-TCC Encoder,LFR,UCI,MLP,Full Finetune,HAR,UCI,200.0,accuracy,0.8478260636329651
TS-TCC Encoder,LFR,WISDM,MLP,Freeze,HAR,WISDM,10.0,accuracy,0.5948540568351746
TS-TCC Encoder,LFR,WISDM,MLP,Full Finetune,HAR,WISDM,1.0,accuracy,0.4746543765068054
TS-TCC Encoder,LFR,KH,MLP,Full Finetune,HAR,KH,1000.0,accuracy,0.6875
TS-TCC Encoder,LFR,RW-Thigh,MLP,Freeze,HAR,RW-Thigh,5.0,accuracy,0.406487226486206
TS-TCC Encoder,LFR,MS,MLP,Full Finetune,HAR,MS,25.0,accuracy,0.8220338821411133
TS-TCC Encoder,LFR,WISDM,MLP,Full Finetune,HAR,WISDM,200.0,accuracy,0.7964669466018677
TS-TCC Encoder,LFR,KH,MLP,Freeze,HAR,KH,25.0,accuracy,0.7083333134651184
TS-TCC Encoder,LFR,RW-Waist,MLP,Full Finetune,HAR,RW-Waist,200.0,accuracy,0.7121913433074951
TS-TCC Encoder,LFR,WISDM,MLP,Freeze,HAR,WISDM,200.0,accuracy,0.7895545363426208
TS-TCC Encoder,LFR,MS,MLP,Freeze,HAR,MS,25.0,accuracy,0.6431261897087097
TS-TCC Encoder,LFR,RW-Waist,MLP,Full Finetune,HAR,RW-Waist,1000.0,accuracy,0.7052469253540039
TS-TCC Encoder,LFR,UCI,MLP,Full Finetune,HAR,UCI,25.0,accuracy,0.7681159377098083
TS-TCC Encoder,LFR,MS,MLP,Full Finetune,HAR,MS,5.0,accuracy,0.5357815623283386
TS-TCC Encoder,LFR,MS,MLP,Freeze,HAR,MS,200.0,accuracy,0.8512241244316101
TS-TCC Encoder,LFR,RW-Waist,MLP,Full Finetune,HAR,RW-Waist,1.0,accuracy,0.452160507440567
TS-TCC Encoder,LFR,WISDM,MLP,Freeze,HAR,WISDM,100.0,accuracy,0.7446236610412598
TS-TCC Encoder,LFR,WISDM,MLP,Full Finetune,HAR,WISDM,5.0,accuracy,0.5387864708900452
TS-TCC Encoder,LFR,MS,MLP,Freeze,HAR,MS,1.0,accuracy,0.3436911404132843
TS-TCC Encoder,LFR,UCI,MLP,Freeze,HAR,UCI,1000.0,accuracy,0.8391304612159729
TS-TCC Encoder,LFR,MS,MLP,Full Finetune,HAR,MS,1.0,accuracy,0.3634651601314544
TS-TCC Encoder,LFR,MS,MLP,Full Finetune,HAR,MS,200.0,accuracy,0.869114875793457
TS-TCC Encoder,LFR,KH,MLP,Freeze,HAR,KH,10.0,accuracy,0.5972222089767456
TS-TCC Encoder,LFR,RW-Thigh,MLP,Freeze,HAR,RW-Thigh,10.0,accuracy,0.4465148448944092
TS-TCC Encoder,LFR,RW-Waist,MLP,Freeze,HAR,RW-Waist,10.0,accuracy,0.5270061492919922
TS-TCC Encoder,LFR,RW-Waist,MLP,Freeze,HAR,RW-Waist,5.0,accuracy,0.5030864477157593
TS-TCC Encoder,LFR,RW-Thigh,MLP,Freeze,HAR,RW-Thigh,100.0,accuracy,0.6542443037033081
TS-TCC Encoder,LFR,UCI,MLP,Freeze,HAR,UCI,100.0,accuracy,0.800000011920929
TS-TCC Encoder,LFR,UCI,MLP,Freeze,HAR,UCI,1.0,accuracy,0.4144927561283111
TS-TCC Encoder,LFR,WISDM,MLP,Full Finetune,HAR,WISDM,10.0,accuracy,0.7231183052062988
TS-TCC Encoder,LFR,RW-Thigh,MLP,Freeze,HAR,RW-Thigh,50.0,accuracy,0.5403726696968079
TS-TCC Encoder,LFR,MS,MLP,Full Finetune,HAR,MS,1000.0,accuracy,0.9284369349479676
TS-TCC Encoder,LFR,RW-Waist,MLP,Full Finetune,HAR,RW-Waist,100.0,accuracy,0.7214506268501282
TS-TCC Encoder,LFR,RW-Waist,MLP,Freeze,HAR,RW-Waist,200.0,accuracy,0.7025462985038757
TS-TCC Encoder,LFR,RW-Thigh,MLP,Full Finetune,HAR,RW-Thigh,1.0,accuracy,0.361973762512207
TS-TCC Encoder,LFR,MS,MLP,Freeze,HAR,MS,1000.0,accuracy,0.8681732416152954
TS-TCC Encoder,LFR,WISDM,MLP,Freeze,HAR,WISDM,25.0,accuracy,0.6758832335472107
TS-TCC Encoder,LFR,RW-Thigh,MLP,Full Finetune,HAR,RW-Thigh,50.0,accuracy,0.691166341304779
TS-TCC Encoder,LFR,WISDM,MLP,Full Finetune,HAR,WISDM,25.0,accuracy,0.7607526779174805
TS-TCC Encoder,LFR,RW-Waist,MLP,Freeze,HAR,RW-Waist,50.0,accuracy,0.6134259104728699
TS-TCC Encoder,LFR,KH,MLP,Full Finetune,HAR,KH,100.0,accuracy,0.7013888955116272
TS-TCC Encoder,LFR,KH,MLP,Full Finetune,HAR,KH,10.0,accuracy,0.6597222089767456
TS-TCC Encoder,LFR,WISDM,MLP,Freeze,HAR,WISDM,1.0,accuracy,0.4447004497051239
TS-TCC Encoder,LFR,RW-Thigh,MLP,Full Finetune,HAR,RW-Thigh,10.0,accuracy,0.5162180662155151
TS-TCC Encoder,LFR,UCI,MLP,Full Finetune,HAR,UCI,5.0,accuracy,0.6159420013427734
TS-TCC Encoder,LFR,UCI,MLP,Freeze,HAR,UCI,50.0,accuracy,0.7724637389183044
TS-TCC Encoder,LFR,KH,MLP,Full Finetune,HAR,KH,200.0,accuracy,0.7291666865348816
TS-TCC Encoder,LFR,RW-Waist,MLP,Freeze,HAR,RW-Waist,25.0,accuracy,0.6242284178733826
TS-TCC Encoder,LFR,UCI,MLP,Full Finetune,HAR,UCI,100.0,accuracy,0.7985507249832153
TS-TCC Encoder,LFR,WISDM,MLP,Full Finetune,HAR,WISDM,100.0,accuracy,0.7991551756858826
TS-TCC Encoder,LFR,WISDM,MLP,Full Finetune,HAR,WISDM,1000.0,accuracy,0.8805683851242065
TS-TCC Encoder,LFR,MS,MLP,Full Finetune,HAR,MS,50.0,accuracy,0.7683615684509277
TS-TCC Encoder,LFR,WISDM,MLP,Freeze,HAR,WISDM,5.0,accuracy,0.5218893885612488
TS-TCC Encoder,LFR,RW-Thigh,MLP,Freeze,HAR,RW-Thigh,25.0,accuracy,0.4886128306388855
TS-TCC Encoder,LFR,RW-Waist,MLP,Freeze,HAR,RW-Waist,1000.0,accuracy,0.6882715821266174
TS-TCC Encoder,LFR,RW-Thigh,MLP,Freeze,HAR,RW-Thigh,200.0,accuracy,0.6794341206550598
TS-TCC Encoder,TFC,KH,MLP,Freeze,HAR,KH,1000.0,accuracy,0.4791666567325592
TS-TCC Encoder,TFC,KH,MLP,Full Finetune,HAR,KH,200.0,accuracy,0.7569444179534912
TS-TCC Encoder,TFC,UCI,MLP,Full Finetune,HAR,UCI,25.0,accuracy,0.717391312122345
TS-TCC Encoder,TFC,RW-Thigh,MLP,Freeze,HAR,RW-Thigh,25.0,accuracy,0.5873016119003296
TS-TCC Encoder,TFC,WISDM,MLP,Full Finetune,HAR,WISDM,25.0,accuracy,0.8037634491920471
TS-TCC Encoder,TFC,WISDM,MLP,Full Finetune,HAR,WISDM,10.0,accuracy,0.8064516186714172
TS-TCC Encoder,TFC,RW-Waist,MLP,Full Finetune,HAR,RW-Waist,50.0,accuracy,0.7179784178733826
TS-TCC Encoder,TFC,KH,MLP,Full Finetune,HAR,KH,1.0,accuracy,0.3333333432674408
TS-TCC Encoder,TFC,UCI,MLP,Full Finetune,HAR,UCI,100.0,accuracy,0.782608687877655
TS-TCC Encoder,TFC,RW-Thigh,MLP,Freeze,HAR,RW-Thigh,10.0,accuracy,0.5110421180725098
TS-TCC Encoder,TFC,WISDM,MLP,Full Finetune,HAR,WISDM,1000.0,accuracy,0.882488489151001
TS-TCC Encoder,TFC,UCI,MLP,Freeze,HAR,UCI,5.0,accuracy,0.5463768243789673
TS-TCC Encoder,TFC,WISDM,MLP,Freeze,HAR,WISDM,25.0,accuracy,0.7834101319313049
TS-TCC Encoder,TFC,KH,MLP,Freeze,HAR,KH,25.0,accuracy,0.5763888955116272
TS-TCC Encoder,TFC,RW-Waist,MLP,Freeze,HAR,RW-Waist,200.0,accuracy,0.6512345671653748
TS-TCC Encoder,TFC,RW-Waist,MLP,Freeze,HAR,RW-Waist,100.0,accuracy,0.6489197611808777
TS-TCC Encoder,TFC,RW-Thigh,MLP,Freeze,HAR,RW-Thigh,200.0,accuracy,0.6004140973091125
TS-TCC Encoder,TFC,RW-Thigh,MLP,Full Finetune,HAR,RW-Thigh,50.0,accuracy,0.6145617961883545
TS-TCC Encoder,TFC,RW-Waist,MLP,Full Finetune,HAR,RW-Waist,5.0,accuracy,0.6207561492919922
TS-TCC Encoder,TFC,WISDM,MLP,Full Finetune,HAR,WISDM,200.0,accuracy,0.8813363909721375
TS-TCC Encoder,TFC,RW-Thigh,MLP,Freeze,HAR,RW-Thigh,100.0,accuracy,0.5983436703681946
TS-TCC Encoder,TFC,WISDM,MLP,Freeze,HAR,WISDM,200.0,accuracy,0.764976978302002
TS-TCC Encoder,TFC,MS,MLP,Full Finetune,HAR,MS,1.0,accuracy,0.5536723136901855
TS-TCC Encoder,TFC,RW-Thigh,MLP,Freeze,HAR,RW-Thigh,1.0,accuracy,0.3095238208770752
TS-TCC Encoder,TFC,KH,MLP,Freeze,HAR,KH,100.0,accuracy,0.6180555820465088
TS-TCC Encoder,TFC,MS,MLP,Full Finetune,HAR,MS,10.0,accuracy,0.7410545945167542
TS-TCC Encoder,TFC,WISDM,MLP,Full Finetune,HAR,WISDM,1.0,accuracy,0.6536098122596741
TS-TCC Encoder,TFC,UCI,MLP,Full Finetune,HAR,UCI,1.0,accuracy,0.4797101318836212
TS-TCC Encoder,TFC,WISDM,MLP,Freeze,HAR,WISDM,1.0,accuracy,0.4293394684791565
TS-TCC Encoder,TFC,UCI,MLP,Freeze,HAR,UCI,1000.0,accuracy,0.6797101497650146
TS-TCC Encoder,TFC,UCI,MLP,Freeze,HAR,UCI,200.0,accuracy,0.6463767886161804
TS-TCC Encoder,TFC,WISDM,MLP,Freeze,HAR,WISDM,1000.0,accuracy,0.7876344323158264
TS-TCC Encoder,TFC,MS,MLP,Freeze,HAR,MS,200.0,accuracy,0.8305084705352783
TS-TCC Encoder,TFC,KH,MLP,Full Finetune,HAR,KH,1000.0,accuracy,0.75
TS-TCC Encoder,TFC,UCI,MLP,Full Finetune,HAR,UCI,1000.0,accuracy,0.921739101409912
TS-TCC Encoder,TFC,MS,MLP,Freeze,HAR,MS,1000.0,accuracy,0.8286252617835999
TS-TCC Encoder,TFC,UCI,MLP,Full Finetune,HAR,UCI,50.0,accuracy,0.7115942239761353
TS-TCC Encoder,TFC,RW-Waist,MLP,Freeze,HAR,RW-Waist,1000.0,accuracy,0.6520061492919922
TS-TCC Encoder,TFC,RW-Thigh,MLP,Full Finetune,HAR,RW-Thigh,100.0,accuracy,0.6556245684623718
TS-TCC Encoder,TFC,UCI,MLP,Full Finetune,HAR,UCI,5.0,accuracy,0.6420289874076843
TS-TCC Encoder,TFC,MS,MLP,Freeze,HAR,MS,50.0,accuracy,0.83427494764328
TS-TCC Encoder,TFC,RW-Thigh,MLP,Freeze,HAR,RW-Thigh,1000.0,accuracy,0.5503795742988586
TS-TCC Encoder,TFC,WISDM,MLP,Freeze,HAR,WISDM,10.0,accuracy,0.6793394684791565
TS-TCC Encoder,TFC,UCI,MLP,Freeze,HAR,UCI,10.0,accuracy,0.5637680888175964
TS-TCC Encoder,TFC,MS,MLP,Full Finetune,HAR,MS,100.0,accuracy,0.8286252617835999
TS-TCC Encoder,TFC,MS,MLP,Full Finetune,HAR,MS,200.0,accuracy,0.8380414247512817
TS-TCC Encoder,TFC,RW-Thigh,MLP,Freeze,HAR,RW-Thigh,50.0,accuracy,0.5659075379371643
TS-TCC Encoder,TFC,RW-Thigh,MLP,Full Finetune,HAR,RW-Thigh,10.0,accuracy,0.623878538608551
TS-TCC Encoder,TFC,WISDM,MLP,Full Finetune,HAR,WISDM,50.0,accuracy,0.8149001598358154
TS-TCC Encoder,TFC,MS,MLP,Full Finetune,HAR,MS,1000.0,accuracy,0.7495291829109192
TS-TCC Encoder,TFC,KH,MLP,Full Finetune,HAR,KH,5.0,accuracy,0.6527777910232544
TS-TCC Encoder,TFC,UCI,MLP,Freeze,HAR,UCI,1.0,accuracy,0.3724637627601623
TS-TCC Encoder,TFC,UCI,MLP,Freeze,HAR,UCI,50.0,accuracy,0.6115942001342773
TS-TCC Encoder,TFC,RW-Waist,MLP,Full Finetune,HAR,RW-Waist,1.0,accuracy,0.4564043283462524
TS-TCC Encoder,TFC,MS,MLP,Freeze,HAR,MS,100.0,accuracy,0.8361582159996033
TS-TCC Encoder,TFC,MS,MLP,Full Finetune,HAR,MS,5.0,accuracy,0.6647834181785583
TS-TCC Encoder,TFC,RW-Waist,MLP,Full Finetune,HAR,RW-Waist,100.0,accuracy,0.6531635522842407
TS-TCC Encoder,TFC,UCI,MLP,Freeze,HAR,UCI,25.0,accuracy,0.5579710006713867
TS-TCC Encoder,TFC,RW-Thigh,MLP,Full Finetune,HAR,RW-Thigh,5.0,accuracy,0.5521048903465271
TS-TCC Encoder,TFC,RW-Thigh,MLP,Full Finetune,HAR,RW-Thigh,1.0,accuracy,0.5200138092041016
TS-TCC Encoder,TFC,KH,MLP,Freeze,HAR,KH,1.0,accuracy,0.2083333283662796
TS-TCC Encoder,TFC,KH,MLP,Full Finetune,HAR,KH,50.0,accuracy,0.6111111044883728
TS-TCC Encoder,TFC,RW-Waist,MLP,Full Finetune,HAR,RW-Waist,10.0,accuracy,0.6195987462997437
TS-TCC Encoder,TFC,KH,MLP,Freeze,HAR,KH,10.0,accuracy,0.5972222089767456
TS-TCC Encoder,TFC,MS,MLP,Freeze,HAR,MS,1.0,accuracy,0.3276836276054382
TS-TCC Encoder,TFC,UCI,MLP,Freeze,HAR,UCI,100.0,accuracy,0.6608695387840271
TS-TCC Encoder,TFC,RW-Waist,MLP,Full Finetune,HAR,RW-Waist,200.0,accuracy,0.6508487462997437
TS-TCC Encoder,TFC,KH,MLP,Freeze,HAR,KH,5.0,accuracy,0.5694444179534912
TS-TCC Encoder,TFC,RW-Thigh,MLP,Full Finetune,HAR,RW-Thigh,1000.0,accuracy,0.592477560043335
TS-TCC Encoder,TFC,MS,MLP,Freeze,HAR,MS,25.0,accuracy,0.8276836276054382
TS-TCC Encoder,TFC,RW-Waist,MLP,Freeze,HAR,RW-Waist,25.0,accuracy,0.5486111044883728
TS-TCC Encoder,TFC,WISDM,MLP,Full Finetune,HAR,WISDM,5.0,accuracy,0.7841781973838806
TS-TCC Encoder,TFC,RW-Waist,MLP,Full Finetune,HAR,RW-Waist,25.0,accuracy,0.6535493731498718
TS-TCC Encoder,TFC,KH,MLP,Freeze,HAR,KH,50.0,accuracy,0.5902777910232544
TS-TCC Encoder,TFC,RW-Thigh,MLP,Full Finetune,HAR,RW-Thigh,200.0,accuracy,0.6897860765457153
TS-TCC Encoder,TFC,RW-Waist,MLP,Freeze,HAR,RW-Waist,10.0,accuracy,0.454089492559433
TS-TCC Encoder,TFC,MS,MLP,Freeze,HAR,MS,5.0,accuracy,0.5160075426101685
TS-TCC Encoder,TFC,MS,MLP,Full Finetune,HAR,MS,25.0,accuracy,0.8851224184036255
TS-TCC Encoder,TFC,RW-Waist,MLP,Freeze,HAR,RW-Waist,5.0,accuracy,0.4429012238979339
TS-TCC Encoder,TFC,RW-Waist,MLP,Freeze,HAR,RW-Waist,1.0,accuracy,0.3132716119289398
TS-TCC Encoder,TFC,WISDM,MLP,Freeze,HAR,WISDM,5.0,accuracy,0.6317204236984253
TS-TCC Encoder,TFC,UCI,MLP,Full Finetune,HAR,UCI,200.0,accuracy,0.9101449251174928
TS-TCC Encoder,TFC,RW-Thigh,MLP,Full Finetune,HAR,RW-Thigh,25.0,accuracy,0.6083505749702454
TS-TCC Encoder,TFC,WISDM,MLP,Freeze,HAR,WISDM,50.0,accuracy,0.7718893885612488
TS-TCC Encoder,TFC,MS,MLP,Full Finetune,HAR,MS,50.0,accuracy,0.7862523794174194
TS-TCC Encoder,TFC,UCI,MLP,Full Finetune,HAR,UCI,10.0,accuracy,0.6927536129951477
TS-TCC Encoder,TFC,RW-Waist,MLP,Freeze,HAR,RW-Waist,50.0,accuracy,0.6369598507881165
TS-TCC Encoder,TFC,KH,MLP,Full Finetune,HAR,KH,25.0,accuracy,0.6597222089767456
TS-TCC Encoder,TFC,WISDM,MLP,Freeze,HAR,WISDM,100.0,accuracy,0.7611367106437683
TS-TCC Encoder,TFC,KH,MLP,Full Finetune,HAR,KH,10.0,accuracy,0.6319444179534912
TS-TCC Encoder,TFC,WISDM,MLP,Full Finetune,HAR,WISDM,100.0,accuracy,0.812980055809021
TS-TCC Encoder,TFC,MS,MLP,Freeze,HAR,MS,10.0,accuracy,0.7288135886192322
TS-TCC Encoder,TFC,KH,MLP,Freeze,HAR,KH,200.0,accuracy,0.6805555820465088
TS-TCC Encoder,TFC,RW-Thigh,MLP,Freeze,HAR,RW-Thigh,5.0,accuracy,0.4948240220546722
TS-TCC Encoder,TFC,KH,MLP,Full Finetune,HAR,KH,100.0,accuracy,0.7569444179534912
TS-TCC Encoder,TFC,RW-Waist,MLP,Full Finetune,HAR,RW-Waist,1000.0,accuracy,0.7650462985038757
TS-TCC Encoder,TFC,UCI,MLP,Full Finetune,HAR,UCI,100.0,accuracy,0.8536232113838196
TS-TCC Encoder,TFC,RW-Thigh,MLP,Freeze,HAR,RW-Thigh,50.0,accuracy,0.6904761791229248
TS-TCC Encoder,TFC,KH,MLP,Full Finetune,HAR,KH,50.0,accuracy,0.75
TS-TCC Encoder,TFC,UCI,MLP,Freeze,HAR,UCI,5.0,accuracy,0.6173912882804871
TS-TCC Encoder,TFC,WISDM,MLP,Full Finetune,HAR,WISDM,1.0,accuracy,0.5253456234931946
TS-TCC Encoder,TFC,UCI,MLP,Full Finetune,HAR,UCI,5.0,accuracy,0.6681159138679504
TS-TCC Encoder,TFC,KH,MLP,Full Finetune,HAR,KH,200.0,accuracy,0.7569444179534912
TS-TCC Encoder,TFC,MS,MLP,Full Finetune,HAR,MS,5.0,accuracy,0.6685498952865601
TS-TCC Encoder,TFC,RW-Thigh,MLP,Freeze,HAR,RW-Thigh,5.0,accuracy,0.4975845515727997
TS-TCC Encoder,TFC,WISDM,MLP,Freeze,HAR,WISDM,5.0,accuracy,0.4827188849449157
TS-TCC Encoder,TFC,RW-Waist,MLP,Full Finetune,HAR,RW-Waist,1.0,accuracy,0.4857253134250641
TS-TCC Encoder,TFC,UCI,MLP,Full Finetune,HAR,UCI,25.0,accuracy,0.7797101736068726
TS-TCC Encoder,TFC,UCI,MLP,Full Finetune,HAR,UCI,10.0,accuracy,0.7202898263931274
TS-TCC Encoder,TFC,MS,MLP,Full Finetune,HAR,MS,50.0,accuracy,0.8446327447891235
TS-TCC Encoder,TFC,RW-Waist,MLP,Freeze,HAR,RW-Waist,50.0,accuracy,0.6682098507881165
TS-TCC Encoder,TFC,MS,MLP,Freeze,HAR,MS,50.0,accuracy,0.7485875487327576
TS-TCC Encoder,TFC,MS,MLP,Full Finetune,HAR,MS,200.0,accuracy,0.6732580065727234
TS-TCC Encoder,TFC,RW-Thigh,MLP,Freeze,HAR,RW-Thigh,100.0,accuracy,0.6614906787872314
TS-TCC Encoder,TFC,RW-Waist,MLP,Freeze,HAR,RW-Waist,100.0,accuracy,0.6929012537002563
TS-TCC Encoder,TFC,KH,MLP,Full Finetune,HAR,KH,100.0,accuracy,0.7638888955116272
TS-TCC Encoder,TFC,WISDM,MLP,Full Finetune,HAR,WISDM,200.0,accuracy,0.8740399479866028
TS-TCC Encoder,TFC,RW-Thigh,MLP,Full Finetune,HAR,RW-Thigh,10.0,accuracy,0.7039337754249573
TS-TCC Encoder,TFC,MS,MLP,Freeze,HAR,MS,100.0,accuracy,0.7410545945167542
TS-TCC Encoder,TFC,WISDM,MLP,Freeze,HAR,WISDM,50.0,accuracy,0.7814900279045105
TS-TCC Encoder,TFC,WISDM,MLP,Freeze,HAR,WISDM,10.0,accuracy,0.56950843334198
TS-TCC Encoder,TFC,WISDM,MLP,Freeze,HAR,WISDM,100.0,accuracy,0.7323348522186279
TS-TCC Encoder,TFC,KH,MLP,Freeze,HAR,KH,50.0,accuracy,0.6944444179534912
TS-TCC Encoder,TFC,KH,MLP,Full Finetune,HAR,KH,1000.0,accuracy,0.7708333134651184
TS-TCC Encoder,TFC,RW-Thigh,MLP,Full Finetune,HAR,RW-Thigh,1000.0,accuracy,0.6853002309799194
TS-TCC Encoder,TFC,KH,MLP,Freeze,HAR,KH,200.0,accuracy,0.6944444179534912
TS-TCC Encoder,TFC,MS,MLP,Freeze,HAR,MS,25.0,accuracy,0.7542372941970825
TS-TCC Encoder,TFC,UCI,MLP,Full Finetune,HAR,UCI,50.0,accuracy,0.8623188138008118
TS-TCC Encoder,TFC,KH,MLP,Freeze,HAR,KH,100.0,accuracy,0.7222222089767456
TS-TCC Encoder,TFC,UCI,MLP,Freeze,HAR,UCI,25.0,accuracy,0.6231883764266968
TS-TCC Encoder,TFC,MS,MLP,Freeze,HAR,MS,10.0,accuracy,0.7683615684509277
TS-TCC Encoder,TFC,WISDM,MLP,Full Finetune,HAR,WISDM,5.0,accuracy,0.6113671064376831
TS-TCC Encoder,TFC,MS,MLP,Full Finetune,HAR,MS,100.0,accuracy,0.6902071833610535
TS-TCC Encoder,TFC,UCI,MLP,Full Finetune,HAR,UCI,1.0,accuracy,0.6666666865348816
TS-TCC Encoder,TFC,WISDM,MLP,Full Finetune,HAR,WISDM,25.0,accuracy,0.8052995204925537
TS-TCC Encoder,TFC,WISDM,MLP,Freeze,HAR,WISDM,25.0,accuracy,0.710829496383667
TS-TCC Encoder,TFC,KH,MLP,Freeze,HAR,KH,5.0,accuracy,0.5902777910232544
TS-TCC Encoder,TFC,RW-Thigh,MLP,Freeze,HAR,RW-Thigh,1.0,accuracy,0.2888198792934418
TS-TCC Encoder,TFC,UCI,MLP,Full Finetune,HAR,UCI,1000.0,accuracy,0.9434782862663268
TS-TCC Encoder,TFC,UCI,MLP,Freeze,HAR,UCI,100.0,accuracy,0.6159420013427734
TS-TCC Encoder,TFC,RW-Thigh,MLP,Freeze,HAR,RW-Thigh,10.0,accuracy,0.6366459727287292
TS-TCC Encoder,TFC,RW-Thigh,MLP,Freeze,HAR,RW-Thigh,1000.0,accuracy,0.6735679507255554
TS-TCC Encoder,TFC,RW-Thigh,MLP,Full Finetune,HAR,RW-Thigh,25.0,accuracy,0.7436162829399109
TS-TCC Encoder,TFC,WISDM,MLP,Full Finetune,HAR,WISDM,1000.0,accuracy,0.8894008994102478
TS-TCC Encoder,TFC,UCI,MLP,Full Finetune,HAR,UCI,200.0,accuracy,0.8913043737411499
TS-TCC Encoder,TFC,KH,MLP,Full Finetune,HAR,KH,10.0,accuracy,0.6875
TS-TCC Encoder,TFC,UCI,MLP,Freeze,HAR,UCI,200.0,accuracy,0.643478274345398
TS-TCC Encoder,TFC,WISDM,MLP,Full Finetune,HAR,WISDM,100.0,accuracy,0.8172042965888977
TS-TCC Encoder,TFC,KH,MLP,Freeze,HAR,KH,25.0,accuracy,0.7083333134651184
TS-TCC Encoder,TFC,MS,MLP,Full Finetune,HAR,MS,25.0,accuracy,0.8286252617835999
TS-TCC Encoder,TFC,RW-Waist,MLP,Full Finetune,HAR,RW-Waist,10.0,accuracy,0.6975308656692505
TS-TCC Encoder,TFC,KH,MLP,Freeze,HAR,KH,10.0,accuracy,0.4652777910232544
TS-TCC Encoder,TFC,MS,MLP,Freeze,HAR,MS,200.0,accuracy,0.756120502948761
TS-TCC Encoder,TFC,RW-Waist,MLP,Freeze,HAR,RW-Waist,200.0,accuracy,0.685571014881134
TS-TCC Encoder,TFC,UCI,MLP,Freeze,HAR,UCI,50.0,accuracy,0.6028985381126404
TS-TCC Encoder,TFC,MS,MLP,Freeze,HAR,MS,1000.0,accuracy,0.7448210716247559
TS-TCC Encoder,TFC,RW-Thigh,MLP,Full Finetune,HAR,RW-Thigh,200.0,accuracy,0.7387853860855103
TS-TCC Encoder,TFC,KH,MLP,Full Finetune,HAR,KH,1.0,accuracy,0.5208333134651184
TS-TCC Encoder,TFC,RW-Waist,MLP,Full Finetune,HAR,RW-Waist,25.0,accuracy,0.716821014881134
TS-TCC Encoder,TFC,KH,MLP,Freeze,HAR,KH,1.0,accuracy,0.3611111044883728
TS-TCC Encoder,TFC,RW-Thigh,MLP,Freeze,HAR,RW-Thigh,25.0,accuracy,0.7011732459068298
TS-TCC Encoder,TFC,RW-Thigh,MLP,Full Finetune,HAR,RW-Thigh,5.0,accuracy,0.6004140973091125
TS-TCC Encoder,TFC,WISDM,MLP,Freeze,HAR,WISDM,1.0,accuracy,0.0564516112208366
TS-TCC Encoder,TFC,RW-Waist,MLP,Freeze,HAR,RW-Waist,10.0,accuracy,0.6118826866149902
TS-TCC Encoder,TFC,KH,MLP,Freeze,HAR,KH,1000.0,accuracy,0.6805555820465088
TS-TCC Encoder,TFC,UCI,MLP,Freeze,HAR,UCI,1000.0,accuracy,0.6666666865348816
TS-TCC Encoder,TFC,MS,MLP,Full Finetune,HAR,MS,1000.0,accuracy,0.8813559412956238
TS-TCC Encoder,TFC,KH,MLP,Full Finetune,HAR,KH,5.0,accuracy,0.6458333134651184
TS-TCC Encoder,TFC,MS,MLP,Freeze,HAR,MS,5.0,accuracy,0.6563088297843933
TS-TCC Encoder,TFC,RW-Thigh,MLP,Freeze,HAR,RW-Thigh,200.0,accuracy,0.6790890097618103
TS-TCC Encoder,TFC,RW-Waist,MLP,Full Finetune,HAR,RW-Waist,1000.0,accuracy,0.7442129850387573
TS-TCC Encoder,TFC,WISDM,MLP,Full Finetune,HAR,WISDM,50.0,accuracy,0.8122119903564453
TS-TCC Encoder,TFC,RW-Waist,MLP,Freeze,HAR,RW-Waist,5.0,accuracy,0.5185185074806213
TS-TCC Encoder,TFC,UCI,MLP,Freeze,HAR,UCI,10.0,accuracy,0.6072463989257812
TS-TCC Encoder,TFC,RW-Waist,MLP,Freeze,HAR,RW-Waist,1.0,accuracy,0.1840277761220932
TS-TCC Encoder,TFC,MS,MLP,Freeze,HAR,MS,1.0,accuracy,0.5414312481880188
TS-TCC Encoder,TFC,WISDM,MLP,Full Finetune,HAR,WISDM,10.0,accuracy,0.6036866307258606
TS-TCC Encoder,TFC,RW-Waist,MLP,Full Finetune,HAR,RW-Waist,50.0,accuracy,0.7361111044883728
TS-TCC Encoder,TFC,RW-Thigh,MLP,Full Finetune,HAR,RW-Thigh,50.0,accuracy,0.6977225542068481
TS-TCC Encoder,TFC,KH,MLP,Full Finetune,HAR,KH,25.0,accuracy,0.7013888955116272
TS-TCC Encoder,TFC,RW-Thigh,MLP,Full Finetune,HAR,RW-Thigh,100.0,accuracy,0.6435472965240479
TS-TCC Encoder,TFC,RW-Waist,MLP,Full Finetune,HAR,RW-Waist,5.0,accuracy,0.6886574029922485
TS-TCC Encoder,TFC,WISDM,MLP,Freeze,HAR,WISDM,200.0,accuracy,0.7281106114387512
TS-TCC Encoder,TFC,RW-Waist,MLP,Full Finetune,HAR,RW-Waist,100.0,accuracy,0.7546296119689941
TS-TCC Encoder,TFC,MS,MLP,Full Finetune,HAR,MS,10.0,accuracy,0.7193973660469055
TS-TCC Encoder,TFC,RW-Waist,MLP,Freeze,HAR,RW-Waist,1000.0,accuracy,0.6736111044883728
TS-TCC Encoder,TFC,RW-Waist,MLP,Freeze,HAR,RW-Waist,25.0,accuracy,0.636188268661499
TS-TCC Encoder,TFC,MS,MLP,Full Finetune,HAR,MS,1.0,accuracy,0.6403013467788696
TS-TCC Encoder,TFC,RW-Waist,MLP,Full Finetune,HAR,RW-Waist,200.0,accuracy,0.7434413433074951
TS-TCC Encoder,TFC,WISDM,MLP,Freeze,HAR,WISDM,1000.0,accuracy,0.8026113510131836
TS-TCC Encoder,TFC,UCI,MLP,Freeze,HAR,UCI,1.0,accuracy,0.4521739184856415
TS-TCC Encoder,TFC,RW-Thigh,MLP,Full Finetune,HAR,RW-Thigh,1.0,accuracy,0.2891649305820465
TS-TCC Encoder,TNC,MS,MLP,Freeze,HAR,MS,1000.0,accuracy,0.839924693107605
TS-TCC Encoder,TNC,RW-Thigh,MLP,Full Finetune,HAR,RW-Thigh,200.0,accuracy,0.6759834289550781
TS-TCC Encoder,TNC,KH,MLP,Full Finetune,HAR,KH,1.0,accuracy,0.4652777910232544
TS-TCC Encoder,TNC,WISDM,MLP,Freeze,HAR,WISDM,100.0,accuracy,0.7054531574249268
TS-TCC Encoder,TNC,RW-Thigh,MLP,Freeze,HAR,RW-Thigh,200.0,accuracy,0.6469979286193848
TS-TCC Encoder,TNC,UCI,MLP,Freeze,HAR,UCI,10.0,accuracy,0.560869574546814
TS-TCC Encoder,TNC,KH,MLP,Freeze,HAR,KH,1.0,accuracy,0.4722222089767456
TS-TCC Encoder,TNC,KH,MLP,Full Finetune,HAR,KH,100.0,accuracy,0.5486111044883728
TS-TCC Encoder,TNC,RW-Thigh,MLP,Full Finetune,HAR,RW-Thigh,25.0,accuracy,0.6318150162696838
TS-TCC Encoder,TNC,WISDM,MLP,Freeze,HAR,WISDM,5.0,accuracy,0.75
TS-TCC Encoder,TNC,KH,MLP,Freeze,HAR,KH,1000.0,accuracy,0.6944444179534912
TS-TCC Encoder,TNC,UCI,MLP,Freeze,HAR,UCI,1000.0,accuracy,0.7681159377098083
TS-TCC Encoder,TNC,WISDM,MLP,Freeze,HAR,WISDM,1000.0,accuracy,0.7872503995895386
TS-TCC Encoder,TNC,UCI,MLP,Freeze,HAR,UCI,1.0,accuracy,0.4246376752853393
TS-TCC Encoder,TNC,RW-Waist,MLP,Full Finetune,HAR,RW-Waist,200.0,accuracy,0.716821014881134
TS-TCC Encoder,TNC,UCI,MLP,Freeze,HAR,UCI,100.0,accuracy,0.7159420251846313
TS-TCC Encoder,TNC,MS,MLP,Full Finetune,HAR,MS,1000.0,accuracy,0.8804143071174622
TS-TCC Encoder,TNC,UCI,MLP,Full Finetune,HAR,UCI,10.0,accuracy,0.6492753624916077
TS-TCC Encoder,TNC,WISDM,MLP,Full Finetune,HAR,WISDM,5.0,accuracy,0.707757294178009
TS-TCC Encoder,TNC,WISDM,MLP,Freeze,HAR,WISDM,25.0,accuracy,0.7361751198768616
TS-TCC Encoder,TNC,RW-Thigh,MLP,Freeze,HAR,RW-Thigh,5.0,accuracy,0.4886128306388855
TS-TCC Encoder,TNC,WISDM,MLP,Full Finetune,HAR,WISDM,100.0,accuracy,0.7534562349319458
TS-TCC Encoder,TNC,RW-Waist,MLP,Freeze,HAR,RW-Waist,10.0,accuracy,0.4930555522441864
TS-TCC Encoder,TNC,MS,MLP,Freeze,HAR,MS,200.0,accuracy,0.8267419934272766
TS-TCC Encoder,TNC,RW-Thigh,MLP,Full Finetune,HAR,RW-Thigh,5.0,accuracy,0.5134575366973877
TS-TCC Encoder,TNC,UCI,MLP,Freeze,HAR,UCI,5.0,accuracy,0.5565217137336731
TS-TCC Encoder,TNC,UCI,MLP,Freeze,HAR,UCI,25.0,accuracy,0.6492753624916077
TS-TCC Encoder,TNC,KH,MLP,Full Finetune,HAR,KH,50.0,accuracy,0.5486111044883728
TS-TCC Encoder,TNC,WISDM,MLP,Full Finetune,HAR,WISDM,25.0,accuracy,0.7868663668632507
TS-TCC Encoder,TNC,KH,MLP,Full Finetune,HAR,KH,200.0,accuracy,0.6388888955116272
TS-TCC Encoder,TNC,KH,MLP,Full Finetune,HAR,KH,1000.0,accuracy,0.5138888955116272
TS-TCC Encoder,TNC,WISDM,MLP,Freeze,HAR,WISDM,200.0,accuracy,0.7553763389587402
TS-TCC Encoder,TNC,WISDM,MLP,Full Finetune,HAR,WISDM,1000.0,accuracy,0.8629032373428345
TS-TCC Encoder,TNC,KH,MLP,Freeze,HAR,KH,5.0,accuracy,0.5277777910232544
TS-TCC Encoder,TNC,KH,MLP,Full Finetune,HAR,KH,5.0,accuracy,0.5
TS-TCC Encoder,TNC,RW-Waist,MLP,Freeze,HAR,RW-Waist,1000.0,accuracy,0.6658950448036194
TS-TCC Encoder,TNC,UCI,MLP,Full Finetune,HAR,UCI,25.0,accuracy,0.7840579748153687
TS-TCC Encoder,TNC,UCI,MLP,Full Finetune,HAR,UCI,1.0,accuracy,0.4492753744125366
TS-TCC Encoder,TNC,UCI,MLP,Freeze,HAR,UCI,200.0,accuracy,0.7376811504364014
TS-TCC Encoder,TNC,MS,MLP,Full Finetune,HAR,MS,50.0,accuracy,0.7467043399810791
TS-TCC Encoder,TNC,RW-Thigh,MLP,Full Finetune,HAR,RW-Thigh,1.0,accuracy,0.4371980726718902
TS-TCC Encoder,TNC,RW-Waist,MLP,Freeze,HAR,RW-Waist,100.0,accuracy,0.6319444179534912
TS-TCC Encoder,TNC,MS,MLP,Freeze,HAR,MS,1.0,accuracy,0.4642184674739837
TS-TCC Encoder,TNC,KH,MLP,Freeze,HAR,KH,50.0,accuracy,0.6527777910232544
TS-TCC Encoder,TNC,RW-Waist,MLP,Freeze,HAR,RW-Waist,50.0,accuracy,0.5740740895271301
TS-TCC Encoder,TNC,WISDM,MLP,Full Finetune,HAR,WISDM,1.0,accuracy,0.6040706634521484
TS-TCC Encoder,TNC,UCI,MLP,Full Finetune,HAR,UCI,100.0,accuracy,0.7971014380455017
TS-TCC Encoder,TNC,KH,MLP,Full Finetune,HAR,KH,10.0,accuracy,0.5694444179534912
TS-TCC Encoder,TNC,RW-Waist,MLP,Full Finetune,HAR,RW-Waist,10.0,accuracy,0.5405092835426331
TS-TCC Encoder,TNC,MS,MLP,Freeze,HAR,MS,10.0,accuracy,0.6073446273803711
TS-TCC Encoder,TNC,RW-Thigh,MLP,Full Finetune,HAR,RW-Thigh,1000.0,accuracy,0.6922014951705933
TS-TCC Encoder,TNC,RW-Waist,MLP,Full Finetune,HAR,RW-Waist,50.0,accuracy,0.5810185074806213
TS-TCC Encoder,TNC,MS,MLP,Full Finetune,HAR,MS,25.0,accuracy,0.6986817121505737
TS-TCC Encoder,TNC,MS,MLP,Freeze,HAR,MS,25.0,accuracy,0.6177024245262146
TS-TCC Encoder,TNC,MS,MLP,Freeze,HAR,MS,100.0,accuracy,0.7325800657272339
TS-TCC Encoder,TNC,UCI,MLP,Full Finetune,HAR,UCI,200.0,accuracy,0.804347813129425
TS-TCC Encoder,TNC,KH,MLP,Freeze,HAR,KH,10.0,accuracy,0.5694444179534912
TS-TCC Encoder,TNC,WISDM,MLP,Freeze,HAR,WISDM,50.0,accuracy,0.7165898680686951
TS-TCC Encoder,TNC,WISDM,MLP,Freeze,HAR,WISDM,10.0,accuracy,0.7131336331367493
TS-TCC Encoder,TNC,RW-Thigh,MLP,Full Finetune,HAR,RW-Thigh,100.0,accuracy,0.7494823932647705
TS-TCC Encoder,TNC,RW-Waist,MLP,Freeze,HAR,RW-Waist,200.0,accuracy,0.6107252836227417
TS-TCC Encoder,TNC,RW-Waist,MLP,Freeze,HAR,RW-Waist,1.0,accuracy,0.4625771641731262
TS-TCC Encoder,TNC,MS,MLP,Full Finetune,HAR,MS,100.0,accuracy,0.7862523794174194
TS-TCC Encoder,TNC,UCI,MLP,Freeze,HAR,UCI,50.0,accuracy,0.6971014738082886
TS-TCC Encoder,TNC,MS,MLP,Full Finetune,HAR,MS,200.0,accuracy,0.8323917388916016
TS-TCC Encoder,TNC,RW-Thigh,MLP,Freeze,HAR,RW-Thigh,25.0,accuracy,0.5296756625175476
TS-TCC Encoder,TNC,WISDM,MLP,Full Finetune,HAR,WISDM,10.0,accuracy,0.701996922492981
TS-TCC Encoder,TNC,KH,MLP,Full Finetune,HAR,KH,25.0,accuracy,0.5694444179534912
TS-TCC Encoder,TNC,MS,MLP,Freeze,HAR,MS,50.0,accuracy,0.7457627058029175
TS-TCC Encoder,TNC,UCI,MLP,Full Finetune,HAR,UCI,50.0,accuracy,0.7855072617530823
TS-TCC Encoder,TNC,UCI,MLP,Full Finetune,HAR,UCI,5.0,accuracy,0.5768116116523743
TS-TCC Encoder,TNC,RW-Thigh,MLP,Freeze,HAR,RW-Thigh,1.0,accuracy,0.4475500285625458
TS-TCC Encoder,TNC,RW-Waist,MLP,Full Finetune,HAR,RW-Waist,1.0,accuracy,0.4490740597248077
TS-TCC Encoder,TNC,MS,MLP,Freeze,HAR,MS,5.0,accuracy,0.6007533073425293
TS-TCC Encoder,TNC,RW-Waist,MLP,Full Finetune,HAR,RW-Waist,100.0,accuracy,0.6697530746459961
TS-TCC Encoder,TNC,RW-Thigh,MLP,Freeze,HAR,RW-Thigh,100.0,accuracy,0.6159420013427734
TS-TCC Encoder,TNC,RW-Waist,MLP,Full Finetune,HAR,RW-Waist,25.0,accuracy,0.5466821193695068
TS-TCC Encoder,TNC,RW-Thigh,MLP,Full Finetune,HAR,RW-Thigh,50.0,accuracy,0.6973775029182434
TS-TCC Encoder,TNC,MS,MLP,Full Finetune,HAR,MS,5.0,accuracy,0.6553672552108765
TS-TCC Encoder,TNC,WISDM,MLP,Full Finetune,HAR,WISDM,200.0,accuracy,0.7968509793281555
TS-TCC Encoder,TNC,RW-Thigh,MLP,Freeze,HAR,RW-Thigh,10.0,accuracy,0.5220841765403748
TS-TCC Encoder,TNC,KH,MLP,Freeze,HAR,KH,100.0,accuracy,0.6666666865348816
TS-TCC Encoder,TNC,MS,MLP,Full Finetune,HAR,MS,1.0,accuracy,0.4943502843379974
TS-TCC Encoder,TNC,KH,MLP,Freeze,HAR,KH,25.0,accuracy,0.6388888955116272
TS-TCC Encoder,TNC,WISDM,MLP,Full Finetune,HAR,WISDM,50.0,accuracy,0.7400153875350952
TS-TCC Encoder,TNC,RW-Waist,MLP,Freeze,HAR,RW-Waist,5.0,accuracy,0.5030864477157593
TS-TCC Encoder,TNC,MS,MLP,Full Finetune,HAR,MS,10.0,accuracy,0.6553672552108765
TS-TCC Encoder,TNC,RW-Thigh,MLP,Freeze,HAR,RW-Thigh,50.0,accuracy,0.5628019571304321
TS-TCC Encoder,TNC,RW-Waist,MLP,Freeze,HAR,RW-Waist,25.0,accuracy,0.5381944179534912
TS-TCC Encoder,TNC,RW-Waist,MLP,Full Finetune,HAR,RW-Waist,1000.0,accuracy,0.7434413433074951
TS-TCC Encoder,TNC,RW-Thigh,MLP,Freeze,HAR,RW-Thigh,1000.0,accuracy,0.7246376872062683
TS-TCC Encoder,TNC,UCI,MLP,Full Finetune,HAR,UCI,1000.0,accuracy,0.9115942120552064
TS-TCC Encoder,TNC,KH,MLP,Freeze,HAR,KH,200.0,accuracy,0.6041666865348816
TS-TCC Encoder,TNC,RW-Waist,MLP,Full Finetune,HAR,RW-Waist,5.0,accuracy,0.5289351940155029
TS-TCC Encoder,TNC,WISDM,MLP,Freeze,HAR,WISDM,1.0,accuracy,0.6136713027954102
TS-TCC Encoder,TNC,RW-Thigh,MLP,Full Finetune,HAR,RW-Thigh,10.0,accuracy,0.556590735912323
TS-TCC Encoder,TNC,KH,MLP,Full Finetune,HAR,KH,100.0,accuracy,0.6180555820465088
TS-TCC Encoder,TNC,UCI,MLP,Freeze,HAR,UCI,1.0,accuracy,0.4536231756210327
TS-TCC Encoder,TNC,MS,MLP,Freeze,HAR,MS,50.0,accuracy,0.7250470519065857
TS-TCC Encoder,TNC,UCI,MLP,Freeze,HAR,UCI,5.0,accuracy,0.5536231994628906
TS-TCC Encoder,TNC,WISDM,MLP,Freeze,HAR,WISDM,10.0,accuracy,0.6370967626571655
TS-TCC Encoder,TNC,MS,MLP,Freeze,HAR,MS,1000.0,accuracy,0.7674199342727661
TS-TCC Encoder,TNC,MS,MLP,Full Finetune,HAR,MS,200.0,accuracy,0.770244836807251
TS-TCC Encoder,TNC,UCI,MLP,Freeze,HAR,UCI,10.0,accuracy,0.5855072736740112
TS-TCC Encoder,TNC,RW-Waist,MLP,Full Finetune,HAR,RW-Waist,5.0,accuracy,0.4390432238578796
TS-TCC Encoder,TNC,RW-Thigh,MLP,Freeze,HAR,RW-Thigh,1000.0,accuracy,0.6890959143638611
TS-TCC Encoder,TNC,RW-Thigh,MLP,Freeze,HAR,RW-Thigh,5.0,accuracy,0.4582470655441284
TS-TCC Encoder,TNC,RW-Thigh,MLP,Freeze,HAR,RW-Thigh,100.0,accuracy,0.5572808980941772
TS-TCC Encoder,TNC,RW-Thigh,MLP,Full Finetune,HAR,RW-Thigh,10.0,accuracy,0.5072463750839233
TS-TCC Encoder,TNC,RW-Waist,MLP,Freeze,HAR,RW-Waist,1.0,accuracy,0.391589492559433
TS-TCC Encoder,TNC,UCI,MLP,Full Finetune,HAR,UCI,1.0,accuracy,0.4811594188213348
TS-TCC Encoder,TNC,RW-Thigh,MLP,Freeze,HAR,RW-Thigh,25.0,accuracy,0.5458937287330627
TS-TCC Encoder,TNC,WISDM,MLP,Freeze,HAR,WISDM,50.0,accuracy,0.7342550158500671
TS-TCC Encoder,TNC,MS,MLP,Freeze,HAR,MS,25.0,accuracy,0.6694915294647217
TS-TCC Encoder,TNC,KH,MLP,Full Finetune,HAR,KH,25.0,accuracy,0.6041666865348816
TS-TCC Encoder,TNC,UCI,MLP,Freeze,HAR,UCI,200.0,accuracy,0.7420290112495422
TS-TCC Encoder,TNC,MS,MLP,Full Finetune,HAR,MS,10.0,accuracy,0.6035781502723694
TS-TCC Encoder,TNC,MS,MLP,Freeze,HAR,MS,5.0,accuracy,0.647834300994873
TS-TCC Encoder,TNC,RW-Waist,MLP,Full Finetune,HAR,RW-Waist,1000.0,accuracy,0.6589506268501282
TS-TCC Encoder,TNC,RW-Thigh,MLP,Full Finetune,HAR,RW-Thigh,50.0,accuracy,0.7201518416404724
TS-TCC Encoder,TNC,UCI,MLP,Full Finetune,HAR,UCI,50.0,accuracy,0.7884057760238647
TS-TCC Encoder,TNC,MS,MLP,Full Finetune,HAR,MS,1000.0,accuracy,0.7655367255210876
TS-TCC Encoder,TNC,WISDM,MLP,Full Finetune,HAR,WISDM,25.0,accuracy,0.7273425459861755
TS-TCC Encoder,TNC,RW-Thigh,MLP,Freeze,HAR,RW-Thigh,50.0,accuracy,0.5769495964050293
TS-TCC Encoder,TNC,KH,MLP,Full Finetune,HAR,KH,200.0,accuracy,0.5486111044883728
TS-TCC Encoder,TNC,RW-Waist,MLP,Freeze,HAR,RW-Waist,200.0,accuracy,0.6265432238578796
TS-TCC Encoder,TNC,WISDM,MLP,Freeze,HAR,WISDM,1000.0,accuracy,0.7956989407539368
TS-TCC Encoder,TNC,UCI,MLP,Full Finetune,HAR,UCI,25.0,accuracy,0.7927536368370056
TS-TCC Encoder,TNC,UCI,MLP,Freeze,HAR,UCI,50.0,accuracy,0.7420290112495422
TS-TCC Encoder,TNC,RW-Waist,MLP,Freeze,HAR,RW-Waist,5.0,accuracy,0.4116512238979339
TS-TCC Encoder,TNC,UCI,MLP,Full Finetune,HAR,UCI,1000.0,accuracy,0.8681159615516663
TS-TCC Encoder,TNC,RW-Waist,MLP,Freeze,HAR,RW-Waist,10.0,accuracy,0.4490740597248077
TS-TCC Encoder,TNC,UCI,MLP,Freeze,HAR,UCI,25.0,accuracy,0.7159420251846313
TS-TCC Encoder,TNC,WISDM,MLP,Freeze,HAR,WISDM,25.0,accuracy,0.7031490206718445
TS-TCC Encoder,TNC,UCI,MLP,Full Finetune,HAR,UCI,10.0,accuracy,0.6666666865348816
TS-TCC Encoder,TNC,MS,MLP,Freeze,HAR,MS,1.0,accuracy,0.3926553726196289
TS-TCC Encoder,TNC,UCI,MLP,Full Finetune,HAR,UCI,200.0,accuracy,0.791304349899292
TS-TCC Encoder,TNC,MS,MLP,Full Finetune,HAR,MS,1.0,accuracy,0.4839924573898315
TS-TCC Encoder,TNC,RW-Thigh,MLP,Full Finetune,HAR,RW-Thigh,25.0,accuracy,0.6494134068489075
TS-TCC Encoder,TNC,RW-Thigh,MLP,Full Finetune,HAR,RW-Thigh,5.0,accuracy,0.4437543153762817
TS-TCC Encoder,TNC,RW-Waist,MLP,Full Finetune,HAR,RW-Waist,200.0,accuracy,0.665123462677002
TS-TCC Encoder,TNC,RW-Thigh,MLP,Freeze,HAR,RW-Thigh,1.0,accuracy,0.3291925489902496
TS-TCC Encoder,TNC,MS,MLP,Full Finetune,HAR,MS,100.0,accuracy,0.7391713857650757
TS-TCC Encoder,TNC,WISDM,MLP,Full Finetune,HAR,WISDM,1.0,accuracy,0.4704301059246063
TS-TCC Encoder,TNC,RW-Thigh,MLP,Freeze,HAR,RW-Thigh,10.0,accuracy,0.4989648163318634
TS-TCC Encoder,TNC,KH,MLP,Freeze,HAR,KH,1.0,accuracy,0.4861111044883728
TS-TCC Encoder,TNC,KH,MLP,Freeze,HAR,KH,25.0,accuracy,0.6736111044883728
TS-TCC Encoder,TNC,MS,MLP,Full Finetune,HAR,MS,25.0,accuracy,0.7015066146850586
TS-TCC Encoder,TNC,KH,MLP,Full Finetune,HAR,KH,50.0,accuracy,0.6666666865348816
TS-TCC Encoder,TNC,WISDM,MLP,Freeze,HAR,WISDM,1.0,accuracy,0.4815668165683746
TS-TCC Encoder,TNC,RW-Waist,MLP,Full Finetune,HAR,RW-Waist,50.0,accuracy,0.6516203880310059
TS-TCC Encoder,TNC,KH,MLP,Freeze,HAR,KH,1000.0,accuracy,0.6736111044883728
TS-TCC Encoder,TNC,MS,MLP,Freeze,HAR,MS,10.0,accuracy,0.6261770129203796
TS-TCC Encoder,TNC,RW-Waist,MLP,Freeze,HAR,RW-Waist,100.0,accuracy,0.5983796119689941
TS-TCC Encoder,TNC,WISDM,MLP,Full Finetune,HAR,WISDM,1000.0,accuracy,0.8540706634521484
TS-TCC Encoder,TNC,RW-Waist,MLP,Full Finetune,HAR,RW-Waist,25.0,accuracy,0.6053240895271301
TS-TCC Encoder,TNC,MS,MLP,Full Finetune,HAR,MS,50.0,accuracy,0.7542372941970825
TS-TCC Encoder,TNC,RW-Thigh,MLP,Full Finetune,HAR,RW-Thigh,100.0,accuracy,0.7039337754249573
TS-TCC Encoder,TNC,WISDM,MLP,Freeze,HAR,WISDM,200.0,accuracy,0.738095223903656
TS-TCC Encoder,TNC,KH,MLP,Freeze,HAR,KH,50.0,accuracy,0.6875
TS-TCC Encoder,TNC,RW-Waist,MLP,Full Finetune,HAR,RW-Waist,10.0,accuracy,0.4726080298423767
TS-TCC Encoder,TNC,KH,MLP,Full Finetune,HAR,KH,5.0,accuracy,0.5902777910232544
TS-TCC Encoder,TNC,MS,MLP,Freeze,HAR,MS,200.0,accuracy,0.7749529480934143
TS-TCC Encoder,TNC,RW-Thigh,MLP,Full Finetune,HAR,RW-Thigh,200.0,accuracy,0.6532090902328491
TS-TCC Encoder,TNC,RW-Waist,MLP,Full Finetune,HAR,RW-Waist,100.0,accuracy,0.6820987462997437
TS-TCC Encoder,TNC,UCI,MLP,Freeze,HAR,UCI,1000.0,accuracy,0.769565224647522
TS-TCC Encoder,TNC,KH,MLP,Freeze,HAR,KH,10.0,accuracy,0.625
TS-TCC Encoder,TNC,KH,MLP,Full Finetune,HAR,KH,1.0,accuracy,0.5069444179534912
TS-TCC Encoder,TNC,WISDM,MLP,Full Finetune,HAR,WISDM,5.0,accuracy,0.6589861512184143
TS-TCC Encoder,TNC,RW-Waist,MLP,Freeze,HAR,RW-Waist,1000.0,accuracy,0.6658950448036194
TS-TCC Encoder,TNC,KH,MLP,Freeze,HAR,KH,5.0,accuracy,0.5486111044883728
TS-TCC Encoder,TNC,UCI,MLP,Freeze,HAR,UCI,100.0,accuracy,0.7492753863334656
TS-TCC Encoder,TNC,WISDM,MLP,Full Finetune,HAR,WISDM,50.0,accuracy,0.7300307154655457
TS-TCC Encoder,TNC,WISDM,MLP,Full Finetune,HAR,WISDM,10.0,accuracy,0.6724270582199097
TS-TCC Encoder,TNC,MS,MLP,Full Finetune,HAR,MS,5.0,accuracy,0.6035781502723694
TS-TCC Encoder,TNC,RW-Waist,MLP,Freeze,HAR,RW-Waist,50.0,accuracy,0.5486111044883728
TS-TCC Encoder,TNC,RW-Waist,MLP,Freeze,HAR,RW-Waist,25.0,accuracy,0.4980709850788116
TS-TCC Encoder,TNC,RW-Thigh,MLP,Full Finetune,HAR,RW-Thigh,1.0,accuracy,0.3236714899539947
TS-TCC Encoder,TNC,RW-Thigh,MLP,Freeze,HAR,RW-Thigh,200.0,accuracy,0.6183574795722961
TS-TCC Encoder,TNC,RW-Waist,MLP,Full Finetune,HAR,RW-Waist,1.0,accuracy,0.4108796417713165
TS-TCC Encoder,TNC,WISDM,MLP,Full Finetune,HAR,WISDM,200.0,accuracy,0.7845622301101685
TS-TCC Encoder,TNC,UCI,MLP,Full Finetune,HAR,UCI,100.0,accuracy,0.800000011920929
TS-TCC Encoder,TNC,WISDM,MLP,Freeze,HAR,WISDM,100.0,accuracy,0.7607526779174805
TS-TCC Encoder,TNC,KH,MLP,Freeze,HAR,KH,100.0,accuracy,0.6458333134651184
TS-TCC Encoder,TNC,KH,MLP,Full Finetune,HAR,KH,10.0,accuracy,0.5902777910232544
TS-TCC Encoder,TNC,KH,MLP,Full Finetune,HAR,KH,1000.0,accuracy,0.5208333134651184
TS-TCC Encoder,TNC,KH,MLP,Freeze,HAR,KH,200.0,accuracy,0.7361111044883728
TS-TCC Encoder,TNC,MS,MLP,Freeze,HAR,MS,100.0,accuracy,0.7523540258407593
TS-TCC Encoder,TNC,UCI,MLP,Full Finetune,HAR,UCI,5.0,accuracy,0.6217391490936279
TS-TCC Encoder,TNC,RW-Thigh,MLP,Full Finetune,HAR,RW-Thigh,1000.0,accuracy,0.6659765243530273
TS-TCC Encoder,TNC,WISDM,MLP,Full Finetune,HAR,WISDM,100.0,accuracy,0.7603686451911926
TS-TCC Encoder,TNC,WISDM,MLP,Freeze,HAR,WISDM,5.0,accuracy,0.6432411670684814
TS-TCC Encoder,TNC,UCI,MLP,Full Finetune,HAR,UCI,25.0,accuracy,0.7637681365013123
TS-TCC Encoder,TNC,MS,MLP,Freeze,HAR,MS,100.0,accuracy,0.7589454054832458
TS-TCC Encoder,TNC,RW-Waist,MLP,Full Finetune,HAR,RW-Waist,25.0,accuracy,0.6388888955116272
TS-TCC Encoder,TNC,RW-Waist,MLP,Full Finetune,HAR,RW-Waist,5.0,accuracy,0.5239197611808777
TS-TCC Encoder,TNC,UCI,MLP,Freeze,HAR,UCI,100.0,accuracy,0.6927536129951477
TS-TCC Encoder,TNC,UCI,MLP,Full Finetune,HAR,UCI,50.0,accuracy,0.7956521511077881
TS-TCC Encoder,TNC,KH,MLP,Freeze,HAR,KH,5.0,accuracy,0.6111111044883728
TS-TCC Encoder,TNC,KH,MLP,Freeze,HAR,KH,100.0,accuracy,0.7013888955116272
TS-TCC Encoder,TNC,MS,MLP,Freeze,HAR,MS,1.0,accuracy,0.4613935947418213
TS-TCC Encoder,TNC,KH,MLP,Full Finetune,HAR,KH,5.0,accuracy,0.5902777910232544
TS-TCC Encoder,TNC,KH,MLP,Full Finetune,HAR,KH,100.0,accuracy,0.5694444179534912
TS-TCC Encoder,TNC,MS,MLP,Freeze,HAR,MS,50.0,accuracy,0.7118644118309021
TS-TCC Encoder,TNC,RW-Waist,MLP,Freeze,HAR,RW-Waist,100.0,accuracy,0.5976080298423767
TS-TCC Encoder,TNC,RW-Waist,MLP,Full Finetune,HAR,RW-Waist,1.0,accuracy,0.479938268661499
TS-TCC Encoder,TNC,UCI,MLP,Full Finetune,HAR,UCI,1000.0,accuracy,0.886956512928009
TS-TCC Encoder,TNC,KH,MLP,Full Finetune,HAR,KH,1000.0,accuracy,0.5486111044883728
TS-TCC Encoder,TNC,UCI,MLP,Full Finetune,HAR,UCI,5.0,accuracy,0.6188405752182007
TS-TCC Encoder,TNC,RW-Thigh,MLP,Freeze,HAR,RW-Thigh,10.0,accuracy,0.468944102525711
TS-TCC Encoder,TNC,RW-Thigh,MLP,Freeze,HAR,RW-Thigh,1000.0,accuracy,0.7194616794586182
TS-TCC Encoder,TNC,UCI,MLP,Freeze,HAR,UCI,200.0,accuracy,0.7144927382469177
TS-TCC Encoder,TNC,RW-Thigh,MLP,Full Finetune,HAR,RW-Thigh,50.0,accuracy,0.7097998857498169
TS-TCC Encoder,TNC,KH,MLP,Freeze,HAR,KH,200.0,accuracy,0.7152777910232544
TS-TCC Encoder,TNC,UCI,MLP,Freeze,HAR,UCI,10.0,accuracy,0.6072463989257812
TS-TCC Encoder,TNC,RW-Waist,MLP,Full Finetune,HAR,RW-Waist,10.0,accuracy,0.5115740895271301
TS-TCC Encoder,TNC,RW-Thigh,MLP,Full Finetune,HAR,RW-Thigh,100.0,accuracy,0.7142857313156128
TS-TCC Encoder,TNC,KH,MLP,Freeze,HAR,KH,1.0,accuracy,0.4513888955116272
TS-TCC Encoder,TNC,MS,MLP,Freeze,HAR,MS,5.0,accuracy,0.6007533073425293
TS-TCC Encoder,TNC,RW-Waist,MLP,Freeze,HAR,RW-Waist,1000.0,accuracy,0.6577932238578796
TS-TCC Encoder,TNC,WISDM,MLP,Full Finetune,HAR,WISDM,5.0,accuracy,0.6582181453704834
TS-TCC Encoder,TNC,MS,MLP,Freeze,HAR,MS,200.0,accuracy,0.8079096078872681
TS-TCC Encoder,TNC,KH,MLP,Full Finetune,HAR,KH,1.0,accuracy,0.4652777910232544
TS-TCC Encoder,TNC,UCI,MLP,Freeze,HAR,UCI,5.0,accuracy,0.5840579867362976
TS-TCC Encoder,TNC,RW-Thigh,MLP,Freeze,HAR,RW-Thigh,5.0,accuracy,0.4323671460151672
TS-TCC Encoder,TNC,UCI,MLP,Freeze,HAR,UCI,1.0,accuracy,0.4362318813800812
TS-TCC Encoder,TNC,RW-Waist,MLP,Freeze,HAR,RW-Waist,50.0,accuracy,0.5783178806304932
TS-TCC Encoder,TNC,WISDM,MLP,Full Finetune,HAR,WISDM,200.0,accuracy,0.7400153875350952
TS-TCC Encoder,TNC,WISDM,MLP,Freeze,HAR,WISDM,10.0,accuracy,0.6966205835342407
TS-TCC Encoder,TNC,UCI,MLP,Full Finetune,HAR,UCI,200.0,accuracy,0.8072463870048523
TS-TCC Encoder,TNC,RW-Thigh,MLP,Full Finetune,HAR,RW-Thigh,10.0,accuracy,0.5069013237953186
TS-TCC Encoder,TNC,WISDM,MLP,Freeze,HAR,WISDM,50.0,accuracy,0.6950845122337341
TS-TCC Encoder,TNC,KH,MLP,Freeze,HAR,KH,1000.0,accuracy,0.6666666865348816
TS-TCC Encoder,TNC,RW-Thigh,MLP,Full Finetune,HAR,RW-Thigh,5.0,accuracy,0.4748102128505707
TS-TCC Encoder,TNC,RW-Waist,MLP,Freeze,HAR,RW-Waist,5.0,accuracy,0.4807098805904388
TS-TCC Encoder,TNC,RW-Thigh,MLP,Full Finetune,HAR,RW-Thigh,200.0,accuracy,0.659765362739563
TS-TCC Encoder,TNC,MS,MLP,Freeze,HAR,MS,1000.0,accuracy,0.7523540258407593
TS-TCC Encoder,TNC,MS,MLP,Full Finetune,HAR,MS,1.0,accuracy,0.4670433104038238
TS-TCC Encoder,TNC,MS,MLP,Freeze,HAR,MS,25.0,accuracy,0.660075306892395
TS-TCC Encoder,TNC,RW-Waist,MLP,Full Finetune,HAR,RW-Waist,50.0,accuracy,0.6932870149612427
TS-TCC Encoder,TNC,KH,MLP,Full Finetune,HAR,KH,25.0,accuracy,0.6388888955116272
TS-TCC Encoder,TNC,RW-Waist,MLP,Freeze,HAR,RW-Waist,200.0,accuracy,0.6358024477958679
TS-TCC Encoder,TNC,UCI,MLP,Full Finetune,HAR,UCI,10.0,accuracy,0.6492753624916077
TS-TCC Encoder,TNC,RW-Thigh,MLP,Freeze,HAR,RW-Thigh,100.0,accuracy,0.6114561557769775
TS-TCC Encoder,TNC,KH,MLP,Freeze,HAR,KH,10.0,accuracy,0.6736111044883728
TS-TCC Encoder,TNC,RW-Waist,MLP,Full Finetune,HAR,RW-Waist,1000.0,accuracy,0.7029321193695068
TS-TCC Encoder,TNC,MS,MLP,Full Finetune,HAR,MS,1000.0,accuracy,0.7401130199432373
TS-TCC Encoder,TNC,KH,MLP,Freeze,HAR,KH,25.0,accuracy,0.6875
TS-TCC Encoder,TNC,WISDM,MLP,Full Finetune,HAR,WISDM,1.0,accuracy,0.3506144285202026
TS-TCC Encoder,TNC,MS,MLP,Full Finetune,HAR,MS,5.0,accuracy,0.6148775815963745
TS-TCC Encoder,TNC,WISDM,MLP,Freeze,HAR,WISDM,200.0,accuracy,0.7784178256988525
TS-TCC Encoder,TNC,UCI,MLP,Full Finetune,HAR,UCI,1.0,accuracy,0.4304347932338714
TS-TCC Encoder,TNC,WISDM,MLP,Full Finetune,HAR,WISDM,25.0,accuracy,0.7334869503974915
TS-TCC Encoder,TNC,WISDM,MLP,Freeze,HAR,WISDM,1000.0,accuracy,0.8037634491920471
TS-TCC Encoder,TNC,RW-Waist,MLP,Freeze,HAR,RW-Waist,10.0,accuracy,0.4648919701576233
TS-TCC Encoder,TNC,RW-Thigh,MLP,Full Finetune,HAR,RW-Thigh,25.0,accuracy,0.6311249136924744
TS-TCC Encoder,TNC,UCI,MLP,Freeze,HAR,UCI,25.0,accuracy,0.6681159138679504
TS-TCC Encoder,TNC,RW-Thigh,MLP,Full Finetune,HAR,RW-Thigh,1000.0,accuracy,0.7556935548782349
TS-TCC Encoder,TNC,WISDM,MLP,Full Finetune,HAR,WISDM,1000.0,accuracy,0.8659754395484924
TS-TCC Encoder,TNC,MS,MLP,Full Finetune,HAR,MS,50.0,accuracy,0.7316384315490723
TS-TCC Encoder,TNC,KH,MLP,Full Finetune,HAR,KH,50.0,accuracy,0.6388888955116272
TS-TCC Encoder,TNC,WISDM,MLP,Full Finetune,HAR,WISDM,100.0,accuracy,0.7304147481918335
TS-TCC Encoder,TNC,MS,MLP,Full Finetune,HAR,MS,100.0,accuracy,0.7740113139152527
TS-TCC Encoder,TNC,WISDM,MLP,Freeze,HAR,WISDM,100.0,accuracy,0.7185099720954895
TS-TCC Encoder,TNC,MS,MLP,Full Finetune,HAR,MS,10.0,accuracy,0.7156308889389038
TS-TCC Encoder,TNC,RW-Waist,MLP,Freeze,HAR,RW-Waist,1.0,accuracy,0.4533179104328155
TS-TCC Encoder,TNC,RW-Thigh,MLP,Freeze,HAR,RW-Thigh,25.0,accuracy,0.5034506320953369
TS-TCC Encoder,TNC,RW-Waist,MLP,Freeze,HAR,RW-Waist,25.0,accuracy,0.5327932238578796
TS-TCC Encoder,TNC,UCI,MLP,Freeze,HAR,UCI,1000.0,accuracy,0.7217391133308411
TS-TCC Encoder,TNC,KH,MLP,Freeze,HAR,KH,50.0,accuracy,0.6666666865348816
TS-TCC Encoder,TNC,RW-Thigh,MLP,Full Finetune,HAR,RW-Thigh,1.0,accuracy,0.4327122271060943
TS-TCC Encoder,TNC,RW-Waist,MLP,Full Finetune,HAR,RW-Waist,200.0,accuracy,0.7114197611808777
TS-TCC Encoder,TNC,WISDM,MLP,Full Finetune,HAR,WISDM,50.0,accuracy,0.7300307154655457
TS-TCC Encoder,TNC,MS,MLP,Full Finetune,HAR,MS,200.0,accuracy,0.6760828495025635
TS-TCC Encoder,TNC,MS,MLP,Freeze,HAR,MS,10.0,accuracy,0.6431261897087097
TS-TCC Encoder,TNC,WISDM,MLP,Full Finetune,HAR,WISDM,10.0,accuracy,0.7281106114387512
TS-TCC Encoder,TNC,UCI,MLP,Full Finetune,HAR,UCI,100.0,accuracy,0.834782600402832
TS-TCC Encoder,TNC,MS,MLP,Full Finetune,HAR,MS,25.0,accuracy,0.721280574798584
TS-TCC Encoder,TNC,RW-Thigh,MLP,Freeze,HAR,RW-Thigh,50.0,accuracy,0.5790200233459473
TS-TCC Encoder,TNC,RW-Thigh,MLP,Freeze,HAR,RW-Thigh,200.0,accuracy,0.6352657079696655
TS-TCC Encoder,TNC,WISDM,MLP,Freeze,HAR,WISDM,25.0,accuracy,0.7457757592201233
TS-TCC Encoder,TNC,KH,MLP,Full Finetune,HAR,KH,10.0,accuracy,0.6319444179534912
TS-TCC Encoder,TNC,WISDM,MLP,Freeze,HAR,WISDM,5.0,accuracy,0.6678187251091003
TS-TCC Encoder,TNC,RW-Waist,MLP,Full Finetune,HAR,RW-Waist,100.0,accuracy,0.6658950448036194
TS-TCC Encoder,TNC,KH,MLP,Full Finetune,HAR,KH,200.0,accuracy,0.5555555820465088
TS-TCC Encoder,TNC,WISDM,MLP,Freeze,HAR,WISDM,1.0,accuracy,0.3214285671710968
TS-TCC Encoder,TNC,RW-Thigh,MLP,Freeze,HAR,RW-Thigh,1.0,accuracy,0.4237405061721802
TS-TCC Encoder,TNC,UCI,MLP,Freeze,HAR,UCI,50.0,accuracy,0.7028985619544983
TS-TCC Encoder,TFC,KH,MLP,Freeze,HAR,KH,50.0,accuracy,0.6388888955116272
TS-TCC Encoder,TFC,RW-Thigh,MLP,Full Finetune,HAR,RW-Thigh,10.0,accuracy,0.4934437572956085
TS-TCC Encoder,TFC,RW-Waist,MLP,Freeze,HAR,RW-Waist,10.0,accuracy,0.5100308656692505
TS-TCC Encoder,TFC,RW-Thigh,MLP,Freeze,HAR,RW-Thigh,10.0,accuracy,0.3892339468002319
TS-TCC Encoder,TFC,MS,MLP,Full Finetune,HAR,MS,100.0,accuracy,0.8154425621032715
TS-TCC Encoder,TFC,WISDM,MLP,Freeze,HAR,WISDM,25.0,accuracy,0.7553763389587402
TS-TCC Encoder,TFC,UCI,MLP,Freeze,HAR,UCI,1.0,accuracy,0.3420289754867553
TS-TCC Encoder,TFC,MS,MLP,Freeze,HAR,MS,10.0,accuracy,0.7184557318687439
TS-TCC Encoder,TFC,UCI,MLP,Full Finetune,HAR,UCI,1.0,accuracy,0.4855072498321533
TS-TCC Encoder,TFC,UCI,MLP,Freeze,HAR,UCI,5.0,accuracy,0.5159420371055603
TS-TCC Encoder,TFC,WISDM,MLP,Freeze,HAR,WISDM,200.0,accuracy,0.8026113510131836
TS-TCC Encoder,TFC,UCI,MLP,Freeze,HAR,UCI,25.0,accuracy,0.6086956262588501
TS-TCC Encoder,TFC,WISDM,MLP,Full Finetune,HAR,WISDM,50.0,accuracy,0.7999231815338135
TS-TCC Encoder,TFC,WISDM,MLP,Freeze,HAR,WISDM,1.0,accuracy,0.4047619104385376
TS-TCC Encoder,TFC,WISDM,MLP,Freeze,HAR,WISDM,1000.0,accuracy,0.8068356513977051
TS-TCC Encoder,TFC,RW-Waist,MLP,Full Finetune,HAR,RW-Waist,5.0,accuracy,0.6813271641731262
TS-TCC Encoder,TFC,KH,MLP,Full Finetune,HAR,KH,5.0,accuracy,0.6944444179534912
TS-TCC Encoder,TFC,WISDM,MLP,Full Finetune,HAR,WISDM,200.0,accuracy,0.8767281174659729
TS-TCC Encoder,TFC,WISDM,MLP,Full Finetune,HAR,WISDM,1000.0,accuracy,0.8867127299308777
TS-TCC Encoder,TFC,RW-Waist,MLP,Full Finetune,HAR,RW-Waist,200.0,accuracy,0.6608796119689941
TS-TCC Encoder,TFC,WISDM,MLP,Full Finetune,HAR,WISDM,100.0,accuracy,0.8609830737113953
TS-TCC Encoder,TFC,KH,MLP,Freeze,HAR,KH,200.0,accuracy,0.6597222089767456
TS-TCC Encoder,TFC,RW-Thigh,MLP,Full Finetune,HAR,RW-Thigh,1.0,accuracy,0.3002070486545563
TS-TCC Encoder,TFC,WISDM,MLP,Full Finetune,HAR,WISDM,5.0,accuracy,0.6947004795074463
TS-TCC Encoder,TFC,RW-Waist,MLP,Freeze,HAR,RW-Waist,100.0,accuracy,0.5875771641731262
TS-TCC Encoder,TFC,RW-Waist,MLP,Full Finetune,HAR,RW-Waist,10.0,accuracy,0.6354166865348816
TS-TCC Encoder,TFC,MS,MLP,Full Finetune,HAR,MS,50.0,accuracy,0.8154425621032715
TS-TCC Encoder,TFC,UCI,MLP,Full Finetune,HAR,UCI,25.0,accuracy,0.7637681365013123
TS-TCC Encoder,TFC,RW-Waist,MLP,Freeze,HAR,RW-Waist,200.0,accuracy,0.6242284178733826
TS-TCC Encoder,TFC,KH,MLP,Full Finetune,HAR,KH,200.0,accuracy,0.7222222089767456
TS-TCC Encoder,TFC,RW-Waist,MLP,Full Finetune,HAR,RW-Waist,1.0,accuracy,0.5717592835426331
TS-TCC Encoder,TFC,UCI,MLP,Full Finetune,HAR,UCI,100.0,accuracy,0.8608695864677429
TS-TCC Encoder,TFC,WISDM,MLP,Freeze,HAR,WISDM,100.0,accuracy,0.798003077507019
TS-TCC Encoder,TFC,UCI,MLP,Freeze,HAR,UCI,10.0,accuracy,0.5884057879447937
TS-TCC Encoder,TFC,KH,MLP,Full Finetune,HAR,KH,1.0,accuracy,0.4375
TS-TCC Encoder,TFC,MS,MLP,Full Finetune,HAR,MS,10.0,accuracy,0.7928436994552612
TS-TCC Encoder,TFC,KH,MLP,Freeze,HAR,KH,100.0,accuracy,0.6875
TS-TCC Encoder,TFC,RW-Thigh,MLP,Full Finetune,HAR,RW-Thigh,100.0,accuracy,0.7170462608337402
TS-TCC Encoder,TFC,KH,MLP,Full Finetune,HAR,KH,10.0,accuracy,0.7013888955116272
TS-TCC Encoder,TFC,WISDM,MLP,Freeze,HAR,WISDM,10.0,accuracy,0.689324140548706
TS-TCC Encoder,TFC,RW-Thigh,MLP,Full Finetune,HAR,RW-Thigh,50.0,accuracy,0.7256729006767273
TS-TCC Encoder,TFC,RW-Thigh,MLP,Freeze,HAR,RW-Thigh,1.0,accuracy,0.3029675781726837
TS-TCC Encoder,TFC,MS,MLP,Full Finetune,HAR,MS,5.0,accuracy,0.7966101765632629
TS-TCC Encoder,TFC,RW-Thigh,MLP,Freeze,HAR,RW-Thigh,1000.0,accuracy,0.6373360753059387
TS-TCC Encoder,TFC,RW-Thigh,MLP,Freeze,HAR,RW-Thigh,50.0,accuracy,0.5579710006713867
TS-TCC Encoder,TFC,RW-Waist,MLP,Full Finetune,HAR,RW-Waist,1000.0,accuracy,0.7125771641731262
TS-TCC Encoder,TFC,WISDM,MLP,Full Finetune,HAR,WISDM,10.0,accuracy,0.7907066345214844
TS-TCC Encoder,TFC,RW-Thigh,MLP,Freeze,HAR,RW-Thigh,25.0,accuracy,0.5427881479263306
TS-TCC Encoder,TFC,RW-Thigh,MLP,Freeze,HAR,RW-Thigh,100.0,accuracy,0.611801266670227
TS-TCC Encoder,TFC,MS,MLP,Freeze,HAR,MS,50.0,accuracy,0.7608286142349243
TS-TCC Encoder,TFC,KH,MLP,Freeze,HAR,KH,1.0,accuracy,0.3680555522441864
TS-TCC Encoder,TFC,RW-Thigh,MLP,Freeze,HAR,RW-Thigh,200.0,accuracy,0.6176673769950867
TS-TCC Encoder,TFC,KH,MLP,Full Finetune,HAR,KH,50.0,accuracy,0.75
TS-TCC Encoder,TFC,RW-Thigh,MLP,Full Finetune,HAR,RW-Thigh,1000.0,accuracy,0.6846100687980652
TS-TCC Encoder,TFC,MS,MLP,Freeze,HAR,MS,1000.0,accuracy,0.7871939539909363
TS-TCC Encoder,TFC,RW-Waist,MLP,Freeze,HAR,RW-Waist,5.0,accuracy,0.4560185074806213
TS-TCC Encoder,TFC,KH,MLP,Full Finetune,HAR,KH,1000.0,accuracy,0.7916666865348816
TS-TCC Encoder,TFC,RW-Waist,MLP,Freeze,HAR,RW-Waist,1.0,accuracy,0.1304012387990951
TS-TCC Encoder,TFC,MS,MLP,Full Finetune,HAR,MS,200.0,accuracy,0.7269303202629089
TS-TCC Encoder,TFC,UCI,MLP,Freeze,HAR,UCI,1000.0,accuracy,0.6623188257217407
TS-TCC Encoder,TFC,MS,MLP,Freeze,HAR,MS,1.0,accuracy,0.4199623465538025
TS-TCC Encoder,TFC,RW-Thigh,MLP,Freeze,HAR,RW-Thigh,5.0,accuracy,0.3692201375961303
TS-TCC Encoder,TFC,WISDM,MLP,Full Finetune,HAR,WISDM,1.0,accuracy,0.4738863408565521
TS-TCC Encoder,TFC,WISDM,MLP,Freeze,HAR,WISDM,5.0,accuracy,0.6132872700691223
TS-TCC Encoder,TFC,UCI,MLP,Full Finetune,HAR,UCI,200.0,accuracy,0.904347836971283
TS-TCC Encoder,TFC,UCI,MLP,Full Finetune,HAR,UCI,10.0,accuracy,0.6768115758895874
TS-TCC Encoder,TFC,RW-Thigh,MLP,Full Finetune,HAR,RW-Thigh,200.0,accuracy,0.5690131187438965
TS-TCC Encoder,TFC,MS,MLP,Freeze,HAR,MS,200.0,accuracy,0.764595091342926
TS-TCC Encoder,TFC,RW-Waist,MLP,Full Finetune,HAR,RW-Waist,25.0,accuracy,0.6790123581886292
TS-TCC Encoder,TFC,UCI,MLP,Freeze,HAR,UCI,200.0,accuracy,0.6463767886161804
TS-TCC Encoder,TFC,MS,MLP,Full Finetune,HAR,MS,1000.0,accuracy,0.7627118825912476
TS-TCC Encoder,TFC,UCI,MLP,Full Finetune,HAR,UCI,1000.0,accuracy,0.939130425453186
TS-TCC Encoder,TFC,MS,MLP,Full Finetune,HAR,MS,25.0,accuracy,0.7947269082069397
TS-TCC Encoder,TFC,RW-Waist,MLP,Freeze,HAR,RW-Waist,1000.0,accuracy,0.6408178806304932
TS-TCC Encoder,TFC,RW-Waist,MLP,Freeze,HAR,RW-Waist,25.0,accuracy,0.5254629850387573
TS-TCC Encoder,TFC,UCI,MLP,Full Finetune,HAR,UCI,5.0,accuracy,0.6623188257217407
TS-TCC Encoder,TFC,RW-Waist,MLP,Full Finetune,HAR,RW-Waist,100.0,accuracy,0.7156635522842407
TS-TCC Encoder,TFC,WISDM,MLP,Full Finetune,HAR,WISDM,25.0,accuracy,0.816436231136322
TS-TCC Encoder,TFC,UCI,MLP,Full Finetune,HAR,UCI,50.0,accuracy,0.8608695864677429
TS-TCC Encoder,TFC,KH,MLP,Full Finetune,HAR,KH,25.0,accuracy,0.6875
TS-TCC Encoder,TFC,RW-Waist,MLP,Full Finetune,HAR,RW-Waist,50.0,accuracy,0.7137345671653748
TS-TCC Encoder,TFC,MS,MLP,Full Finetune,HAR,MS,1.0,accuracy,0.7184557318687439
TS-TCC Encoder,TFC,RW-Waist,MLP,Freeze,HAR,RW-Waist,50.0,accuracy,0.5273919701576233
TS-TCC Encoder,TFC,KH,MLP,Freeze,HAR,KH,5.0,accuracy,0.5972222089767456
TS-TCC Encoder,TFC,WISDM,MLP,Freeze,HAR,WISDM,50.0,accuracy,0.7745775580406189
TS-TCC Encoder,TFC,KH,MLP,Freeze,HAR,KH,25.0,accuracy,0.6736111044883728
TS-TCC Encoder,TFC,KH,MLP,Freeze,HAR,KH,1000.0,accuracy,0.6527777910232544
TS-TCC Encoder,TFC,UCI,MLP,Freeze,HAR,UCI,50.0,accuracy,0.6420289874076843
TS-TCC Encoder,TFC,KH,MLP,Full Finetune,HAR,KH,100.0,accuracy,0.7777777910232544
TS-TCC Encoder,TFC,KH,MLP,Freeze,HAR,KH,10.0,accuracy,0.4791666567325592
TS-TCC Encoder,TFC,MS,MLP,Freeze,HAR,MS,100.0,accuracy,0.7796609997749329
TS-TCC Encoder,TFC,RW-Thigh,MLP,Full Finetune,HAR,RW-Thigh,5.0,accuracy,0.5058661103248596
TS-TCC Encoder,TFC,MS,MLP,Freeze,HAR,MS,25.0,accuracy,0.7617702484130859
TS-TCC Encoder,TFC,MS,MLP,Freeze,HAR,MS,5.0,accuracy,0.7109227776527405
TS-TCC Encoder,TFC,RW-Thigh,MLP,Full Finetune,HAR,RW-Thigh,25.0,accuracy,0.6483781933784485
TS-TCC Encoder,TFC,UCI,MLP,Freeze,HAR,UCI,100.0,accuracy,0.6492753624916077
TS-TCC Encoder,Supervised,KH,MLP,Full Finetune,HAR,KH,1000.0,accuracy,0.5277777910232544
TS-TCC Encoder,Supervised,UCI,MLP,Full Finetune,HAR,UCI,1000.0,accuracy,0.8840579986572266
TS-TCC Encoder,Supervised,KH,MLP,Full Finetune,HAR,KH,100.0,accuracy,0.6319444179534912
TS-TCC Encoder,Supervised,WISDM,MLP,Full Finetune,HAR,WISDM,1000.0,accuracy,0.8590629696846008
TS-TCC Encoder,Supervised,WISDM,MLP,Full Finetune,HAR,WISDM,100.0,accuracy,0.792242705821991
TS-TCC Encoder,Supervised,UCI,MLP,Full Finetune,HAR,UCI,1.0,accuracy,0.4652173817157745
TS-TCC Encoder,Supervised,WISDM,MLP,Full Finetune,HAR,WISDM,25.0,accuracy,0.7688171863555908
TS-TCC Encoder,Supervised,KH,MLP,Full Finetune,HAR,KH,200.0,accuracy,0.625
TS-TCC Encoder,Supervised,MS,MLP,Full Finetune,HAR,MS,1000.0,accuracy,0.8022598624229431
TS-TCC Encoder,Supervised,UCI,MLP,Full Finetune,HAR,UCI,100.0,accuracy,0.8086956739425659
TS-TCC Encoder,Supervised,WISDM,MLP,Full Finetune,HAR,WISDM,50.0,accuracy,0.7715053558349609
TS-TCC Encoder,Supervised,RW-Waist,MLP,Full Finetune,HAR,RW-Waist,50.0,accuracy,0.6709104776382446
TS-TCC Encoder,Supervised,WISDM,MLP,Full Finetune,HAR,WISDM,50.0,accuracy,0.7642089128494263
TS-TCC Encoder,Supervised,RW-Thigh,MLP,Full Finetune,HAR,RW-Thigh,5.0,accuracy,0.4827467203140259
TS-TCC Encoder,Supervised,RW-Thigh,MLP,Full Finetune,HAR,RW-Thigh,1000.0,accuracy,0.7612146139144897
TS-TCC Encoder,Supervised,RW-Waist,MLP,Full Finetune,HAR,RW-Waist,100.0,accuracy,0.6905864477157593
TS-TCC Encoder,Supervised,WISDM,MLP,Full Finetune,HAR,WISDM,10.0,accuracy,0.6962365508079529
TS-TCC Encoder,Supervised,KH,MLP,Full Finetune,HAR,KH,1.0,accuracy,0.4375
TS-TCC Encoder,Supervised,RW-Thigh,MLP,Full Finetune,HAR,RW-Thigh,200.0,accuracy,0.7191166281700134
TS-TCC Encoder,Supervised,UCI,MLP,Full Finetune,HAR,UCI,10.0,accuracy,0.665217399597168
TS-TCC Encoder,Supervised,KH,MLP,Full Finetune,HAR,KH,10.0,accuracy,0.6527777910232544
TS-TCC Encoder,Supervised,RW-Waist,MLP,Full Finetune,HAR,RW-Waist,200.0,accuracy,0.727623462677002
TS-TCC Encoder,Supervised,RW-Thigh,MLP,Full Finetune,HAR,RW-Thigh,5.0,accuracy,0.4696342349052429
TS-TCC Encoder,Supervised,MS,MLP,Full Finetune,HAR,MS,10.0,accuracy,0.6516007781028748
TS-TCC Encoder,Supervised,MS,MLP,Full Finetune,HAR,MS,1.0,accuracy,0.5273069739341736
TS-TCC Encoder,Supervised,RW-Waist,MLP,Full Finetune,HAR,RW-Waist,200.0,accuracy,0.6836419701576233
TS-TCC Encoder,Supervised,RW-Thigh,MLP,Full Finetune,HAR,RW-Thigh,25.0,accuracy,0.6083505749702454
TS-TCC Encoder,Supervised,KH,MLP,Full Finetune,HAR,KH,100.0,accuracy,0.7430555820465088
TS-TCC Encoder,Supervised,MS,MLP,Full Finetune,HAR,MS,1000.0,accuracy,0.8493408560752869
TS-TCC Encoder,Supervised,UCI,MLP,Full Finetune,HAR,UCI,1000.0,accuracy,0.8840579986572266
TS-TCC Encoder,Supervised,WISDM,MLP,Full Finetune,HAR,WISDM,200.0,accuracy,0.7976190447807312
TS-TCC Encoder,Supervised,KH,MLP,Full Finetune,HAR,KH,5.0,accuracy,0.625
TS-TCC Encoder,Supervised,UCI,MLP,Full Finetune,HAR,UCI,5.0,accuracy,0.5652173757553101
TS-TCC Encoder,Supervised,RW-Thigh,MLP,Full Finetune,HAR,RW-Thigh,25.0,accuracy,0.6780538558959961
TS-TCC Encoder,Supervised,UCI,MLP,Full Finetune,HAR,UCI,10.0,accuracy,0.6855072379112244
TS-TCC Encoder,Supervised,KH,MLP,Full Finetune,HAR,KH,1.0,accuracy,0.4236111044883728
TS-TCC Encoder,Supervised,RW-Waist,MLP,Full Finetune,HAR,RW-Waist,200.0,accuracy,0.6948302388191223
TS-TCC Encoder,Supervised,RW-Thigh,MLP,Full Finetune,HAR,RW-Thigh,10.0,accuracy,0.5141476988792419
TS-TCC Encoder,Supervised,UCI,MLP,Full Finetune,HAR,UCI,1000.0,accuracy,0.9057971239089966
TS-TCC Encoder,Supervised,KH,MLP,Full Finetune,HAR,KH,25.0,accuracy,0.6388888955116272
TS-TCC Encoder,Supervised,UCI,MLP,Full Finetune,HAR,UCI,200.0,accuracy,0.7869565486907959
TS-TCC Encoder,Supervised,RW-Thigh,MLP,Full Finetune,HAR,RW-Thigh,25.0,accuracy,0.5427881479263306
TS-TCC Encoder,Supervised,RW-Thigh,MLP,Full Finetune,HAR,RW-Thigh,200.0,accuracy,0.6901311278343201
TS-TCC Encoder,Supervised,MS,MLP,Full Finetune,HAR,MS,50.0,accuracy,0.7259886860847473
TS-TCC Encoder,Supervised,KH,MLP,Full Finetune,HAR,KH,10.0,accuracy,0.5347222089767456
TS-TCC Encoder,Supervised,RW-Thigh,MLP,Full Finetune,HAR,RW-Thigh,50.0,accuracy,0.6835748553276062
TS-TCC Encoder,Supervised,RW-Thigh,MLP,Full Finetune,HAR,RW-Thigh,50.0,accuracy,0.672877848148346
TS-TCC Encoder,Supervised,MS,MLP,Full Finetune,HAR,MS,100.0,accuracy,0.7580037713050842
TS-TCC Encoder,Supervised,WISDM,MLP,Full Finetune,HAR,WISDM,1.0,accuracy,0.4370199739933014
TS-TCC Encoder,Supervised,UCI,MLP,Full Finetune,HAR,UCI,50.0,accuracy,0.7956521511077881
TS-TCC Encoder,Supervised,WISDM,MLP,Full Finetune,HAR,WISDM,25.0,accuracy,0.7811059951782227
TS-TCC Encoder,Supervised,WISDM,MLP,Full Finetune,HAR,WISDM,200.0,accuracy,0.8079876899719238
TS-TCC Encoder,Supervised,RW-Thigh,MLP,Full Finetune,HAR,RW-Thigh,10.0,accuracy,0.5093167424201965
TS-TCC Encoder,Supervised,RW-Thigh,MLP,Full Finetune,HAR,RW-Thigh,1.0,accuracy,0.415803998708725
TS-TCC Encoder,Supervised,WISDM,MLP,Full Finetune,HAR,WISDM,1.0,accuracy,0.5518433451652527
TS-TCC Encoder,Supervised,WISDM,MLP,Full Finetune,HAR,WISDM,5.0,accuracy,0.7507680654525757
TS-TCC Encoder,Supervised,RW-Thigh,MLP,Full Finetune,HAR,RW-Thigh,5.0,accuracy,0.5075914263725281
TS-TCC Encoder,Supervised,RW-Thigh,MLP,Full Finetune,HAR,RW-Thigh,1000.0,accuracy,0.6987577676773071
TS-TCC Encoder,Supervised,UCI,MLP,Full Finetune,HAR,UCI,100.0,accuracy,0.8289855122566223
TS-TCC Encoder,Supervised,MS,MLP,Full Finetune,HAR,MS,100.0,accuracy,0.8333333134651184
TS-TCC Encoder,Supervised,RW-Thigh,MLP,Full Finetune,HAR,RW-Thigh,10.0,accuracy,0.5631470084190369
TS-TCC Encoder,Supervised,WISDM,MLP,Full Finetune,HAR,WISDM,1000.0,accuracy,0.8698156476020813
TS-TCC Encoder,Supervised,UCI,MLP,Full Finetune,HAR,UCI,1.0,accuracy,0.4318840503692627
TS-TCC Encoder,Supervised,RW-Thigh,MLP,Full Finetune,HAR,RW-Thigh,1000.0,accuracy,0.6780538558959961
TS-TCC Encoder,Supervised,MS,MLP,Full Finetune,HAR,MS,50.0,accuracy,0.7919020652770996
TS-TCC Encoder,Supervised,UCI,MLP,Full Finetune,HAR,UCI,10.0,accuracy,0.6724637746810913
TS-TCC Encoder,Supervised,KH,MLP,Full Finetune,HAR,KH,25.0,accuracy,0.6041666865348816
TS-TCC Encoder,Supervised,RW-Waist,MLP,Full Finetune,HAR,RW-Waist,1.0,accuracy,0.452160507440567
TS-TCC Encoder,Supervised,WISDM,MLP,Full Finetune,HAR,WISDM,50.0,accuracy,0.7188940048217773
TS-TCC Encoder,Supervised,RW-Waist,MLP,Full Finetune,HAR,RW-Waist,25.0,accuracy,0.6327160596847534
TS-TCC Encoder,Supervised,MS,MLP,Full Finetune,HAR,MS,200.0,accuracy,0.8135592937469482
TS-TCC Encoder,Supervised,UCI,MLP,Full Finetune,HAR,UCI,1.0,accuracy,0.5449275374412537
TS-TCC Encoder,Supervised,UCI,MLP,Full Finetune,HAR,UCI,5.0,accuracy,0.5942028760910034
TS-TCC Encoder,Supervised,KH,MLP,Full Finetune,HAR,KH,50.0,accuracy,0.6180555820465088
TS-TCC Encoder,Supervised,KH,MLP,Full Finetune,HAR,KH,50.0,accuracy,0.6111111044883728
TS-TCC Encoder,Supervised,RW-Waist,MLP,Full Finetune,HAR,RW-Waist,50.0,accuracy,0.6967592835426331
TS-TCC Encoder,Supervised,MS,MLP,Full Finetune,HAR,MS,25.0,accuracy,0.7015066146850586
TS-TCC Encoder,Supervised,UCI,MLP,Full Finetune,HAR,UCI,25.0,accuracy,0.7753623127937317
TS-TCC Encoder,Supervised,WISDM,MLP,Full Finetune,HAR,WISDM,5.0,accuracy,0.698924720287323
TS-TCC Encoder,Supervised,RW-Waist,MLP,Full Finetune,HAR,RW-Waist,50.0,accuracy,0.6925154328346252
TS-TCC Encoder,Supervised,UCI,MLP,Full Finetune,HAR,UCI,50.0,accuracy,0.8057971000671387
TS-TCC Encoder,Supervised,WISDM,MLP,Full Finetune,HAR,WISDM,100.0,accuracy,0.7995391488075256
TS-TCC Encoder,Supervised,WISDM,MLP,Full Finetune,HAR,WISDM,25.0,accuracy,0.7776497602462769
TS-TCC Encoder,Supervised,RW-Thigh,MLP,Full Finetune,HAR,RW-Thigh,200.0,accuracy,0.6880607604980469
TS-TCC Encoder,Supervised,KH,MLP,Full Finetune,HAR,KH,50.0,accuracy,0.6527777910232544
TS-TCC Encoder,Supervised,RW-Waist,MLP,Full Finetune,HAR,RW-Waist,10.0,accuracy,0.417438268661499
TS-TCC Encoder,Supervised,MS,MLP,Full Finetune,HAR,MS,100.0,accuracy,0.6516007781028748
TS-TCC Encoder,Supervised,KH,MLP,Full Finetune,HAR,KH,200.0,accuracy,0.6875
TS-TCC Encoder,Supervised,KH,MLP,Full Finetune,HAR,KH,5.0,accuracy,0.5486111044883728
TS-TCC Encoder,Supervised,RW-Thigh,MLP,Full Finetune,HAR,RW-Thigh,100.0,accuracy,0.7232574224472046
TS-TCC Encoder,Supervised,RW-Waist,MLP,Full Finetune,HAR,RW-Waist,5.0,accuracy,0.4903549253940582
TS-TCC Encoder,Supervised,WISDM,MLP,Full Finetune,HAR,WISDM,10.0,accuracy,0.647849440574646
TS-TCC Encoder,Supervised,MS,MLP,Full Finetune,HAR,MS,1.0,accuracy,0.4679849445819855
TS-TCC Encoder,Supervised,UCI,MLP,Full Finetune,HAR,UCI,25.0,accuracy,0.8115941882133484
TS-TCC Encoder,Supervised,UCI,MLP,Full Finetune,HAR,UCI,25.0,accuracy,0.8014492988586426
TS-TCC Encoder,Supervised,RW-Thigh,MLP,Full Finetune,HAR,RW-Thigh,1.0,accuracy,0.4437543153762817
TS-TCC Encoder,Supervised,KH,MLP,Full Finetune,HAR,KH,5.0,accuracy,0.6041666865348816
TS-TCC Encoder,Supervised,RW-Waist,MLP,Full Finetune,HAR,RW-Waist,1.0,accuracy,0.4162808656692505
TS-TCC Encoder,Supervised,KH,MLP,Full Finetune,HAR,KH,200.0,accuracy,0.5972222089767456
TS-TCC Encoder,Supervised,RW-Waist,MLP,Full Finetune,HAR,RW-Waist,25.0,accuracy,0.6242284178733826
TS-TCC Encoder,Supervised,WISDM,MLP,Full Finetune,HAR,WISDM,200.0,accuracy,0.8037634491920471
TS-TCC Encoder,Supervised,MS,MLP,Full Finetune,HAR,MS,5.0,accuracy,0.6516007781028748
TS-TCC Encoder,Supervised,MS,MLP,Full Finetune,HAR,MS,200.0,accuracy,0.7956685423851013
TS-TCC Encoder,Supervised,KH,MLP,Full Finetune,HAR,KH,100.0,accuracy,0.5277777910232544
TS-TCC Encoder,Supervised,WISDM,MLP,Full Finetune,HAR,WISDM,1.0,accuracy,0.3605990707874298
TS-TCC Encoder,Supervised,MS,MLP,Full Finetune,HAR,MS,5.0,accuracy,0.604519784450531
TS-TCC Encoder,Supervised,UCI,MLP,Full Finetune,HAR,UCI,200.0,accuracy,0.8101449012756348
TS-TCC Encoder,Supervised,MS,MLP,Full Finetune,HAR,MS,25.0,accuracy,0.6751412153244019
TS-TCC Encoder,Supervised,RW-Waist,MLP,Full Finetune,HAR,RW-Waist,1000.0,accuracy,0.7372685074806213
TS-TCC Encoder,Supervised,MS,MLP,Full Finetune,HAR,MS,1.0,accuracy,0.465160071849823
TS-TCC Encoder,Supervised,MS,MLP,Full Finetune,HAR,MS,50.0,accuracy,0.805084764957428
TS-TCC Encoder,Supervised,RW-Waist,MLP,Full Finetune,HAR,RW-Waist,5.0,accuracy,0.5447530746459961
TS-TCC Encoder,Supervised,MS,MLP,Full Finetune,HAR,MS,5.0,accuracy,0.5979284644126892
TS-TCC Encoder,Supervised,RW-Waist,MLP,Full Finetune,HAR,RW-Waist,10.0,accuracy,0.5262345671653748
TS-TCC Encoder,Supervised,MS,MLP,Full Finetune,HAR,MS,10.0,accuracy,0.6619585752487183
TS-TCC Encoder,Supervised,RW-Waist,MLP,Full Finetune,HAR,RW-Waist,5.0,accuracy,0.4023919701576233
TS-TCC Encoder,Supervised,RW-Waist,MLP,Full Finetune,HAR,RW-Waist,1000.0,accuracy,0.7148919701576233
TS-TCC Encoder,Supervised,KH,MLP,Full Finetune,HAR,KH,1.0,accuracy,0.5416666865348816
TS-TCC Encoder,Supervised,RW-Thigh,MLP,Full Finetune,HAR,RW-Thigh,100.0,accuracy,0.7111801505088806
TS-TCC Encoder,Supervised,KH,MLP,Full Finetune,HAR,KH,1000.0,accuracy,0.5555555820465088
TS-TCC Encoder,Supervised,RW-Waist,MLP,Full Finetune,HAR,RW-Waist,25.0,accuracy,0.6774691343307495
TS-TCC Encoder,Supervised,UCI,MLP,Full Finetune,HAR,UCI,200.0,accuracy,0.8188405632972717
TS-TCC Encoder,Supervised,MS,MLP,Full Finetune,HAR,MS,10.0,accuracy,0.5583804249763489
TS-TCC Encoder,Supervised,RW-Thigh,MLP,Full Finetune,HAR,RW-Thigh,1.0,accuracy,0.2739820480346679
TS-TCC Encoder,Supervised,RW-Waist,MLP,Full Finetune,HAR,RW-Waist,10.0,accuracy,0.5169752836227417
TS-TCC Encoder,Supervised,KH,MLP,Full Finetune,HAR,KH,25.0,accuracy,0.6388888955116272
TS-TCC Encoder,Supervised,UCI,MLP,Full Finetune,HAR,UCI,100.0,accuracy,0.7884057760238647
TS-TCC Encoder,Supervised,MS,MLP,Full Finetune,HAR,MS,1000.0,accuracy,0.7165725231170654
TS-TCC Encoder,Supervised,RW-Waist,MLP,Full Finetune,HAR,RW-Waist,100.0,accuracy,0.7345678806304932
TS-TCC Encoder,Supervised,MS,MLP,Full Finetune,HAR,MS,200.0,accuracy,0.7975518107414246
TS-TCC Encoder,Supervised,WISDM,MLP,Full Finetune,HAR,WISDM,100.0,accuracy,0.7473118305206299
TS-TCC Encoder,Supervised,RW-Thigh,MLP,Full Finetune,HAR,RW-Thigh,100.0,accuracy,0.7422360181808472
TS-TCC Encoder,Supervised,RW-Waist,MLP,Full Finetune,HAR,RW-Waist,100.0,accuracy,0.6778549551963806
TS-TCC Encoder,Supervised,UCI,MLP,Full Finetune,HAR,UCI,5.0,accuracy,0.6217391490936279
TS-TCC Encoder,Supervised,WISDM,MLP,Full Finetune,HAR,WISDM,1000.0,accuracy,0.8621351718902588
TS-TCC Encoder,Supervised,KH,MLP,Full Finetune,HAR,KH,10.0,accuracy,0.5902777910232544
TS-TCC Encoder,Supervised,UCI,MLP,Full Finetune,HAR,UCI,50.0,accuracy,0.7971014380455017
TS-TCC Encoder,Supervised,KH,MLP,Full Finetune,HAR,KH,1000.0,accuracy,0.6805555820465088
TS-TCC Encoder,Supervised,WISDM,MLP,Full Finetune,HAR,WISDM,10.0,accuracy,0.738095223903656
TS-TCC Encoder,Supervised,RW-Thigh,MLP,Full Finetune,HAR,RW-Thigh,50.0,accuracy,0.6418219208717346
TS-TCC Encoder,Supervised,RW-Waist,MLP,Full Finetune,HAR,RW-Waist,1000.0,accuracy,0.7067901492118835
TS-TCC Encoder,Supervised,MS,MLP,Full Finetune,HAR,MS,25.0,accuracy,0.778719425201416
TS-TCC Encoder,Supervised,RW-Waist,MLP,Full Finetune,HAR,RW-Waist,1.0,accuracy,0.4872685074806213
TS-TCC Encoder,Supervised,WISDM,MLP,Full Finetune,HAR,WISDM,5.0,accuracy,0.6397849321365356
IMU Transformer,Supervised,UCI,MLP,Full Finetune,HAR,UCI,25.0,accuracy,0.7652173638343811
CNN-PFF,Supervised,RW-Thigh,MLP,Full Finetune,HAR,RW-Thigh,50.0,accuracy,0.7118702530860901
IMU Transformer,Supervised,RW-Waist,MLP,Full Finetune,HAR,RW-Waist,100.0,accuracy,0.6188271641731262
IMU Transformer,Supervised,RW-Thigh,MLP,Full Finetune,HAR,RW-Thigh,200.0,accuracy,0.6269841194152832
IMU Transformer,Supervised,MS,MLP,Full Finetune,HAR,MS,5.0,accuracy,0.578154444694519
CNN-PFF,Supervised,RW-Thigh,MLP,Full Finetune,HAR,RW-Thigh,100.0,accuracy,0.6873705983161926
CNN-PFF,Supervised,RW-Waist,MLP,Full Finetune,HAR,RW-Waist,5.0,accuracy,0.5852623581886292
CNN-PFF,Supervised,WISDM,MLP,Full Finetune,HAR,WISDM,5.0,accuracy,0.5691244006156921
CNN-PFF,Supervised,RW-Thigh,MLP,Full Finetune,HAR,RW-Thigh,10.0,accuracy,0.5555555820465088
IMU Transformer,Supervised,RW-Waist,MLP,Full Finetune,HAR,RW-Waist,50.0,accuracy,0.6535493731498718
CNN-PFF,Supervised,RW-Thigh,MLP,Full Finetune,HAR,RW-Thigh,1.0,accuracy,0.0393374748528003
CNN-PFF,Supervised,RW-Thigh,MLP,Full Finetune,HAR,RW-Thigh,5.0,accuracy,0.4927536249160766
CNN-PFF,Supervised,RW-Waist,MLP,Full Finetune,HAR,RW-Waist,200.0,accuracy,0.7569444179534912
IMU Transformer,Supervised,RW-Thigh,MLP,Full Finetune,HAR,RW-Thigh,1.0,accuracy,0.4534161388874054
IMU Transformer,Supervised,UCI,MLP,Full Finetune,HAR,UCI,1000.0,accuracy,0.7971014380455017
CNN-PFF,Supervised,RW-Thigh,MLP,Full Finetune,HAR,RW-Thigh,1000.0,accuracy,0.7670807242393494
IMU Transformer,Supervised,MS,MLP,Full Finetune,HAR,MS,10.0,accuracy,0.6930320262908936
IMU Transformer,Supervised,UCI,MLP,Full Finetune,HAR,UCI,1.0,accuracy,0.6333333253860474
CNN-PFF,Supervised,RW-Thigh,MLP,Full Finetune,HAR,RW-Thigh,25.0,accuracy,0.6649413108825684
IMU Transformer,Supervised,MS,MLP,Full Finetune,HAR,MS,200.0,accuracy,0.770244836807251
IMU Transformer,Supervised,WISDM,MLP,Full Finetune,HAR,WISDM,1.0,accuracy,0.5994623899459839
IMU Transformer,Supervised,UCI,MLP,Full Finetune,HAR,UCI,25.0,accuracy,0.7507246136665344
IMU Transformer,Supervised,RW-Thigh,MLP,Full Finetune,HAR,RW-Thigh,50.0,accuracy,0.6318150162696838
IMU Transformer,Supervised,UCI,MLP,Full Finetune,HAR,UCI,200.0,accuracy,0.7768115997314453
IMU Transformer,Supervised,WISDM,MLP,Full Finetune,HAR,WISDM,25.0,accuracy,0.7334869503974915
IMU Transformer,Supervised,WISDM,MLP,Full Finetune,HAR,WISDM,1000.0,accuracy,0.8168202638626099
CNN-PFF,Supervised,MS,MLP,Full Finetune,HAR,MS,5.0,accuracy,0.4717514216899872
IMU Transformer,Supervised,RW-Waist,MLP,Full Finetune,HAR,RW-Waist,200.0,accuracy,0.6253858208656311
CNN-PFF,Supervised,KH,MLP,Full Finetune,HAR,KH,10.0,accuracy,0.2986111044883728
IMU Transformer,Supervised,UCI,MLP,Full Finetune,HAR,UCI,5.0,accuracy,0.5927536487579346
CNN-PFF,Supervised,RW-Waist,MLP,Full Finetune,HAR,RW-Waist,25.0,accuracy,0.6790123581886292
IMU Transformer,Supervised,RW-Thigh,MLP,Full Finetune,HAR,RW-Thigh,1000.0,accuracy,0.622843325138092
IMU Transformer,Supervised,MS,MLP,Full Finetune,HAR,MS,200.0,accuracy,0.7514124512672424
CNN-PFF,Supervised,MS,MLP,Full Finetune,HAR,MS,1000.0,accuracy,0.8483992218971252
IMU Transformer,Supervised,RW-Thigh,MLP,Full Finetune,HAR,RW-Thigh,200.0,accuracy,0.4717046320438385
CNN-PFF,Supervised,UCI,MLP,Full Finetune,HAR,UCI,1000.0,accuracy,0.9202898740768432
CNN-PFF,Supervised,MS,MLP,Full Finetune,HAR,MS,200.0,accuracy,0.8568738102912903
CNN-PFF,Supervised,MS,MLP,Full Finetune,HAR,MS,1.0,accuracy,0.155367225408554
CNN-PFF,Supervised,RW-Waist,MLP,Full Finetune,HAR,RW-Waist,25.0,accuracy,0.6940586566925049
CNN-PFF,Supervised,KH,MLP,Full Finetune,HAR,KH,5.0,accuracy,0.2222222238779068
CNN-PFF,Supervised,MS,MLP,Full Finetune,HAR,MS,25.0,accuracy,0.7514124512672424
CNN-PFF,Supervised,KH,MLP,Full Finetune,HAR,KH,5.0,accuracy,0.3263888955116272
IMU Transformer,Supervised,MS,MLP,Full Finetune,HAR,MS,100.0,accuracy,0.7740113139152527
IMU Transformer,Supervised,WISDM,MLP,Full Finetune,HAR,WISDM,200.0,accuracy,0.6601382493972778
IMU Transformer,Supervised,WISDM,MLP,Full Finetune,HAR,WISDM,10.0,accuracy,0.7000768184661865
IMU Transformer,Supervised,RW-Thigh,MLP,Full Finetune,HAR,RW-Thigh,25.0,accuracy,0.6124913692474365
IMU Transformer,Supervised,MS,MLP,Full Finetune,HAR,MS,1.0,accuracy,0.5273069739341736
CNN-PFF,Supervised,WISDM,MLP,Full Finetune,HAR,WISDM,25.0,accuracy,0.7534562349319458
CNN-PFF,Supervised,KH,MLP,Full Finetune,HAR,KH,5.0,accuracy,0.4513888955116272
CNN-PFF,Supervised,MS,MLP,Full Finetune,HAR,MS,1000.0,accuracy,0.8531073331832886
IMU Transformer,Supervised,RW-Waist,MLP,Full Finetune,HAR,RW-Waist,100.0,accuracy,0.6261574029922485
IMU Transformer,Supervised,KH,MLP,Full Finetune,HAR,KH,200.0,accuracy,0.5902777910232544
CNN-PFF,Supervised,WISDM,MLP,Full Finetune,HAR,WISDM,100.0,accuracy,0.7864823341369629
CNN-PFF,Supervised,KH,MLP,Full Finetune,HAR,KH,25.0,accuracy,0.5763888955116272
IMU Transformer,Supervised,MS,MLP,Full Finetune,HAR,MS,25.0,accuracy,0.7401130199432373
IMU Transformer,Supervised,KH,MLP,Full Finetune,HAR,KH,10.0,accuracy,0.5069444179534912
CNN-PFF,Supervised,RW-Waist,MLP,Full Finetune,HAR,RW-Waist,50.0,accuracy,0.7148919701576233
CNN-PFF,Supervised,WISDM,MLP,Full Finetune,HAR,WISDM,50.0,accuracy,0.7837941646575928
IMU Transformer,Supervised,RW-Waist,MLP,Full Finetune,HAR,RW-Waist,10.0,accuracy,0.5833333134651184
CNN-PFF,Supervised,RW-Waist,MLP,Full Finetune,HAR,RW-Waist,200.0,accuracy,0.7295524477958679
CNN-PFF,Supervised,KH,MLP,Full Finetune,HAR,KH,100.0,accuracy,0.7152777910232544
CNN-PFF,Supervised,RW-Thigh,MLP,Full Finetune,HAR,RW-Thigh,200.0,accuracy,0.7449965476989746
IMU Transformer,Supervised,RW-Waist,MLP,Full Finetune,HAR,RW-Waist,200.0,accuracy,0.667438268661499
CNN-PFF,Supervised,KH,MLP,Full Finetune,HAR,KH,1.0,accuracy,0.2361111044883728
IMU Transformer,Supervised,RW-Waist,MLP,Full Finetune,HAR,RW-Waist,5.0,accuracy,0.5983796119689941
IMU Transformer,Supervised,KH,MLP,Full Finetune,HAR,KH,25.0,accuracy,0.6041666865348816
CNN-PFF,Supervised,MS,MLP,Full Finetune,HAR,MS,1.0,accuracy,0.2843691110610962
IMU Transformer,Supervised,KH,MLP,Full Finetune,HAR,KH,10.0,accuracy,0.6527777910232544
CNN-PFF,Supervised,RW-Waist,MLP,Full Finetune,HAR,RW-Waist,10.0,accuracy,0.633873462677002
CNN-PFF,Supervised,WISDM,MLP,Full Finetune,HAR,WISDM,200.0,accuracy,0.8006912469863892
IMU Transformer,Supervised,RW-Waist,MLP,Full Finetune,HAR,RW-Waist,25.0,accuracy,0.5543981194496155
IMU Transformer,Supervised,WISDM,MLP,Full Finetune,HAR,WISDM,200.0,accuracy,0.7035330533981323
IMU Transformer,Supervised,MS,MLP,Full Finetune,HAR,MS,25.0,accuracy,0.6723163723945618
CNN-PFF,Supervised,RW-Thigh,MLP,Full Finetune,HAR,RW-Thigh,1000.0,accuracy,0.7553485035896301
CNN-PFF,Supervised,UCI,MLP,Full Finetune,HAR,UCI,1.0,accuracy,0.5231884121894836
IMU Transformer,Supervised,UCI,MLP,Full Finetune,HAR,UCI,100.0,accuracy,0.7985507249832153
CNN-PFF,Supervised,WISDM,MLP,Full Finetune,HAR,WISDM,100.0,accuracy,0.7910906076431274
IMU Transformer,Supervised,UCI,MLP,Full Finetune,HAR,UCI,1000.0,accuracy,0.8173912763595581
IMU Transformer,Supervised,RW-Thigh,MLP,Full Finetune,HAR,RW-Thigh,10.0,accuracy,0.4924085438251495
IMU Transformer,Supervised,RW-Thigh,MLP,Full Finetune,HAR,RW-Thigh,25.0,accuracy,0.6459627151489258
CNN-PFF,Supervised,UCI,MLP,Full Finetune,HAR,UCI,200.0,accuracy,0.8333333134651184
IMU Transformer,Supervised,WISDM,MLP,Full Finetune,HAR,WISDM,5.0,accuracy,0.5994623899459839
CNN-PFF,Supervised,KH,MLP,Full Finetune,HAR,KH,1000.0,accuracy,0.6388888955116272
CNN-PFF,Supervised,WISDM,MLP,Full Finetune,HAR,WISDM,200.0,accuracy,0.7834101319313049
CNN-PFF,Supervised,UCI,MLP,Full Finetune,HAR,UCI,25.0,accuracy,0.800000011920929
IMU Transformer,Supervised,WISDM,MLP,Full Finetune,HAR,WISDM,1.0,accuracy,0.3559907972812652
CNN-PFF,Supervised,RW-Waist,MLP,Full Finetune,HAR,RW-Waist,1.0,accuracy,0.386188268661499
CNN-PFF,Supervised,MS,MLP,Full Finetune,HAR,MS,10.0,accuracy,0.4934086501598358
IMU Transformer,Supervised,WISDM,MLP,Full Finetune,HAR,WISDM,100.0,accuracy,0.6793394684791565
IMU Transformer,Supervised,RW-Waist,MLP,Full Finetune,HAR,RW-Waist,25.0,accuracy,0.5505401492118835
CNN-PFF,Supervised,UCI,MLP,Full Finetune,HAR,UCI,100.0,accuracy,0.813043475151062
IMU Transformer,Supervised,UCI,MLP,Full Finetune,HAR,UCI,50.0,accuracy,0.752173900604248
CNN-PFF,Supervised,WISDM,MLP,Full Finetune,HAR,WISDM,5.0,accuracy,0.599846363067627
CNN-PFF,Supervised,KH,MLP,Full Finetune,HAR,KH,50.0,accuracy,0.2361111044883728
IMU Transformer,Supervised,KH,MLP,Full Finetune,HAR,KH,50.0,accuracy,0.7013888955116272
CNN-PFF,Supervised,RW-Waist,MLP,Full Finetune,HAR,RW-Waist,25.0,accuracy,0.6847993731498718
CNN-PFF,Supervised,MS,MLP,Full Finetune,HAR,MS,1.0,accuracy,0.2241054624319076
IMU Transformer,Supervised,MS,MLP,Full Finetune,HAR,MS,100.0,accuracy,0.7015066146850586
CNN-PFF,Supervised,MS,MLP,Full Finetune,HAR,MS,5.0,accuracy,0.5075329542160034
CNN-PFF,Supervised,UCI,MLP,Full Finetune,HAR,UCI,1.0,accuracy,0.4376811683177948
CNN-PFF,Supervised,RW-Thigh,MLP,Full Finetune,HAR,RW-Thigh,5.0,accuracy,0.425465852022171
CNN-PFF,Supervised,RW-Waist,MLP,Full Finetune,HAR,RW-Waist,1000.0,accuracy,0.6662808656692505
IMU Transformer,Supervised,MS,MLP,Full Finetune,HAR,MS,10.0,accuracy,0.6666666865348816
CNN-PFF,Supervised,UCI,MLP,Full Finetune,HAR,UCI,10.0,accuracy,0.6608695387840271
IMU Transformer,Supervised,RW-Waist,MLP,Full Finetune,HAR,RW-Waist,10.0,accuracy,0.5324074029922485
IMU Transformer,Supervised,KH,MLP,Full Finetune,HAR,KH,100.0,accuracy,0.6458333134651184
IMU Transformer,Supervised,MS,MLP,Full Finetune,HAR,MS,1000.0,accuracy,0.7749529480934143
IMU Transformer,Supervised,UCI,MLP,Full Finetune,HAR,UCI,5.0,accuracy,0.7260869741439819
IMU Transformer,Supervised,RW-Waist,MLP,Full Finetune,HAR,RW-Waist,1.0,accuracy,0.4259259402751922
IMU Transformer,Supervised,MS,MLP,Full Finetune,HAR,MS,5.0,accuracy,0.5564971566200256
IMU Transformer,Supervised,KH,MLP,Full Finetune,HAR,KH,10.0,accuracy,0.5138888955116272
CNN-PFF,Supervised,WISDM,MLP,Full Finetune,HAR,WISDM,5.0,accuracy,0.5103686451911926
IMU Transformer,Supervised,UCI,MLP,Full Finetune,HAR,UCI,50.0,accuracy,0.7753623127937317
IMU Transformer,Supervised,UCI,MLP,Full Finetune,HAR,UCI,25.0,accuracy,0.7463768124580383
CNN-PFF,Supervised,UCI,MLP,Full Finetune,HAR,UCI,25.0,accuracy,0.7594202756881714
CNN-PFF,Supervised,WISDM,MLP,Full Finetune,HAR,WISDM,100.0,accuracy,0.7695852518081665
CNN-PFF,Supervised,KH,MLP,Full Finetune,HAR,KH,1000.0,accuracy,0.5416666865348816
IMU Transformer,Supervised,WISDM,MLP,Full Finetune,HAR,WISDM,50.0,accuracy,0.6801075339317322
IMU Transformer,Supervised,RW-Waist,MLP,Full Finetune,HAR,RW-Waist,5.0,accuracy,0.4483024775981903
IMU Transformer,Supervised,MS,MLP,Full Finetune,HAR,MS,1.0,accuracy,0.443502813577652
IMU Transformer,Supervised,RW-Thigh,MLP,Full Finetune,HAR,RW-Thigh,50.0,accuracy,0.5931677222251892
CNN-PFF,Supervised,WISDM,MLP,Full Finetune,HAR,WISDM,10.0,accuracy,0.5353302359580994
IMU Transformer,Supervised,MS,MLP,Full Finetune,HAR,MS,10.0,accuracy,0.6713747382164001
IMU Transformer,Supervised,KH,MLP,Full Finetune,HAR,KH,200.0,accuracy,0.625
IMU Transformer,Supervised,RW-Thigh,MLP,Full Finetune,HAR,RW-Thigh,1000.0,accuracy,0.6111111044883728
IMU Transformer,Supervised,KH,MLP,Full Finetune,HAR,KH,5.0,accuracy,0.5486111044883728
CNN-PFF,Supervised,RW-Thigh,MLP,Full Finetune,HAR,RW-Thigh,1000.0,accuracy,0.7632850408554077
CNN-PFF,Supervised,KH,MLP,Full Finetune,HAR,KH,25.0,accuracy,0.4236111044883728
IMU Transformer,Supervised,RW-Thigh,MLP,Full Finetune,HAR,RW-Thigh,25.0,accuracy,0.6111111044883728
IMU Transformer,Supervised,KH,MLP,Full Finetune,HAR,KH,1000.0,accuracy,0.5138888955116272
CNN-PFF,Supervised,RW-Waist,MLP,Full Finetune,HAR,RW-Waist,1.0,accuracy,0.485339492559433
CNN-PFF,Supervised,RW-Thigh,MLP,Full Finetune,HAR,RW-Thigh,100.0,accuracy,0.7398205399513245
CNN-PFF,Supervised,UCI,MLP,Full Finetune,HAR,UCI,5.0,accuracy,0.708695650100708
CNN-PFF,Supervised,RW-Thigh,MLP,Full Finetune,HAR,RW-Thigh,25.0,accuracy,0.6211180090904236
IMU Transformer,Supervised,RW-Thigh,MLP,Full Finetune,HAR,RW-Thigh,10.0,accuracy,0.6514837741851807
IMU Transformer,Supervised,UCI,MLP,Full Finetune,HAR,UCI,10.0,accuracy,0.739130437374115
CNN-PFF,Supervised,MS,MLP,Full Finetune,HAR,MS,10.0,accuracy,0.561205267906189
CNN-PFF,Supervised,UCI,MLP,Full Finetune,HAR,UCI,10.0,accuracy,0.717391312122345
CNN-PFF,Supervised,KH,MLP,Full Finetune,HAR,KH,1.0,accuracy,0.2152777761220932
IMU Transformer,Supervised,WISDM,MLP,Full Finetune,HAR,WISDM,5.0,accuracy,0.6635944843292236
CNN-PFF,Supervised,WISDM,MLP,Full Finetune,HAR,WISDM,25.0,accuracy,0.7476958632469177
IMU Transformer,Supervised,KH,MLP,Full Finetune,HAR,KH,5.0,accuracy,0.6527777910232544
CNN-PFF,Supervised,MS,MLP,Full Finetune,HAR,MS,50.0,accuracy,0.8022598624229431
IMU Transformer,Supervised,WISDM,MLP,Full Finetune,HAR,WISDM,10.0,accuracy,0.7223502397537231
CNN-PFF,Supervised,WISDM,MLP,Full Finetune,HAR,WISDM,10.0,accuracy,0.6973886489868164
CNN-PFF,Supervised,RW-Thigh,MLP,Full Finetune,HAR,RW-Thigh,200.0,accuracy,0.7211870551109314
IMU Transformer,Supervised,RW-Thigh,MLP,Full Finetune,HAR,RW-Thigh,1000.0,accuracy,0.6269841194152832
IMU Transformer,Supervised,MS,MLP,Full Finetune,HAR,MS,5.0,accuracy,0.6751412153244019
CNN-PFF,Supervised,UCI,MLP,Full Finetune,HAR,UCI,10.0,accuracy,0.6884058117866516
IMU Transformer,Supervised,KH,MLP,Full Finetune,HAR,KH,200.0,accuracy,0.5138888955116272
CNN-PFF,Supervised,MS,MLP,Full Finetune,HAR,MS,100.0,accuracy,0.8502824902534485
IMU Transformer,Supervised,RW-Thigh,MLP,Full Finetune,HAR,RW-Thigh,1.0,accuracy,0.287439614534378
IMU Transformer,Supervised,WISDM,MLP,Full Finetune,HAR,WISDM,100.0,accuracy,0.6520737409591675
IMU Transformer,Supervised,KH,MLP,Full Finetune,HAR,KH,50.0,accuracy,0.6458333134651184
CNN-PFF,Supervised,UCI,MLP,Full Finetune,HAR,UCI,5.0,accuracy,0.7028985619544983
IMU Transformer,Supervised,WISDM,MLP,Full Finetune,HAR,WISDM,25.0,accuracy,0.7246543765068054
CNN-PFF,Supervised,MS,MLP,Full Finetune,HAR,MS,100.0,accuracy,0.8455743789672852
CNN-PFF,Supervised,MS,MLP,Full Finetune,HAR,MS,1000.0,accuracy,0.8672316670417786
IMU Transformer,Supervised,WISDM,MLP,Full Finetune,HAR,WISDM,200.0,accuracy,0.7069892287254333
IMU Transformer,Supervised,KH,MLP,Full Finetune,HAR,KH,25.0,accuracy,0.5833333134651184
IMU Transformer,Supervised,MS,MLP,Full Finetune,HAR,MS,1.0,accuracy,0.6139359474182129
IMU Transformer,Supervised,UCI,MLP,Full Finetune,HAR,UCI,10.0,accuracy,0.7231884002685547
CNN-PFF,Supervised,RW-Waist,MLP,Full Finetune,HAR,RW-Waist,5.0,accuracy,0.5814043283462524
IMU Transformer,Supervised,RW-Thigh,MLP,Full Finetune,HAR,RW-Thigh,100.0,accuracy,0.660800576210022
IMU Transformer,Supervised,RW-Waist,MLP,Full Finetune,HAR,RW-Waist,1000.0,accuracy,0.6550925970077515
IMU Transformer,Supervised,MS,MLP,Full Finetune,HAR,MS,50.0,accuracy,0.7495291829109192
CNN-PFF,Supervised,WISDM,MLP,Full Finetune,HAR,WISDM,1000.0,accuracy,0.8678955435752869
IMU Transformer,Supervised,KH,MLP,Full Finetune,HAR,KH,1000.0,accuracy,0.5347222089767456
CNN-PFF,Supervised,WISDM,MLP,Full Finetune,HAR,WISDM,25.0,accuracy,0.7427035570144653
IMU Transformer,Supervised,RW-Thigh,MLP,Full Finetune,HAR,RW-Thigh,5.0,accuracy,0.483091801404953
CNN-PFF,Supervised,RW-Waist,MLP,Full Finetune,HAR,RW-Waist,200.0,accuracy,0.7488425970077515
CNN-PFF,Supervised,RW-Waist,MLP,Full Finetune,HAR,RW-Waist,50.0,accuracy,0.6720678806304932
CNN-PFF,Supervised,UCI,MLP,Full Finetune,HAR,UCI,1.0,accuracy,0.5347825884819031
IMU Transformer,Supervised,WISDM,MLP,Full Finetune,HAR,WISDM,25.0,accuracy,0.7396313548088074
IMU Transformer,Supervised,RW-Waist,MLP,Full Finetune,HAR,RW-Waist,1.0,accuracy,0.3892746865749359
CNN-PFF,Supervised,WISDM,MLP,Full Finetune,HAR,WISDM,50.0,accuracy,0.7192780375480652
CNN-PFF,Supervised,RW-Waist,MLP,Full Finetune,HAR,RW-Waist,100.0,accuracy,0.7372685074806213
IMU Transformer,Supervised,KH,MLP,Full Finetune,HAR,KH,100.0,accuracy,0.6111111044883728
IMU Transformer,Supervised,RW-Waist,MLP,Full Finetune,HAR,RW-Waist,10.0,accuracy,0.5327932238578796
IMU Transformer,Supervised,WISDM,MLP,Full Finetune,HAR,WISDM,50.0,accuracy,0.7188940048217773
CNN-PFF,Supervised,WISDM,MLP,Full Finetune,HAR,WISDM,1000.0,accuracy,0.882488489151001
IMU Transformer,Supervised,MS,MLP,Full Finetune,HAR,MS,25.0,accuracy,0.7288135886192322
IMU Transformer,Supervised,KH,MLP,Full Finetune,HAR,KH,25.0,accuracy,0.5486111044883728
CNN-PFF,Supervised,KH,MLP,Full Finetune,HAR,KH,50.0,accuracy,0.6527777910232544
IMU Transformer,Supervised,UCI,MLP,Full Finetune,HAR,UCI,1000.0,accuracy,0.843478262424469
CNN-PFF,Supervised,RW-Waist,MLP,Full Finetune,HAR,RW-Waist,100.0,accuracy,0.7310956716537476
CNN-PFF,Supervised,RW-Thigh,MLP,Full Finetune,HAR,RW-Thigh,1.0,accuracy,0.1666666716337204
IMU Transformer,Supervised,UCI,MLP,Full Finetune,HAR,UCI,1.0,accuracy,0.5188405513763428
IMU Transformer,Supervised,MS,MLP,Full Finetune,HAR,MS,200.0,accuracy,0.764595091342926
IMU Transformer,Supervised,UCI,MLP,Full Finetune,HAR,UCI,100.0,accuracy,0.769565224647522
CNN-PFF,Supervised,KH,MLP,Full Finetune,HAR,KH,200.0,accuracy,0.2361111044883728
CNN-PFF,Supervised,UCI,MLP,Full Finetune,HAR,UCI,100.0,accuracy,0.8057971000671387
IMU Transformer,Supervised,RW-Waist,MLP,Full Finetune,HAR,RW-Waist,1000.0,accuracy,0.6886574029922485
CNN-PFF,Supervised,KH,MLP,Full Finetune,HAR,KH,100.0,accuracy,0.4027777910232544
CNN-PFF,Supervised,WISDM,MLP,Full Finetune,HAR,WISDM,200.0,accuracy,0.7661290168762207
CNN-PFF,Supervised,UCI,MLP,Full Finetune,HAR,UCI,50.0,accuracy,0.8028985261917114
CNN-PFF,Supervised,WISDM,MLP,Full Finetune,HAR,WISDM,1000.0,accuracy,0.8671274781227112
CNN-PFF,Supervised,MS,MLP,Full Finetune,HAR,MS,50.0,accuracy,0.8323917388916016
IMU Transformer,Supervised,RW-Waist,MLP,Full Finetune,HAR,RW-Waist,50.0,accuracy,0.6469907164573669
IMU Transformer,Supervised,MS,MLP,Full Finetune,HAR,MS,50.0,accuracy,0.7372881174087524
IMU Transformer,Supervised,RW-Thigh,MLP,Full Finetune,HAR,RW-Thigh,1.0,accuracy,0.4865424335002899
CNN-PFF,Supervised,KH,MLP,Full Finetune,HAR,KH,200.0,accuracy,0.6527777910232544
IMU Transformer,Supervised,UCI,MLP,Full Finetune,HAR,UCI,100.0,accuracy,0.7768115997314453
CNN-PFF,Supervised,UCI,MLP,Full Finetune,HAR,UCI,50.0,accuracy,0.7884057760238647
CNN-PFF,Supervised,UCI,MLP,Full Finetune,HAR,UCI,200.0,accuracy,0.852173924446106
IMU Transformer,Supervised,RW-Waist,MLP,Full Finetune,HAR,RW-Waist,25.0,accuracy,0.5860339403152466
CNN-PFF,Supervised,RW-Waist,MLP,Full Finetune,HAR,RW-Waist,1000.0,accuracy,0.7218364477157593
CNN-PFF,Supervised,RW-Thigh,MLP,Full Finetune,HAR,RW-Thigh,5.0,accuracy,0.4451345801353454
CNN-PFF,Supervised,WISDM,MLP,Full Finetune,HAR,WISDM,50.0,accuracy,0.7119815945625305
CNN-PFF,Supervised,RW-Thigh,MLP,Full Finetune,HAR,RW-Thigh,50.0,accuracy,0.727053165435791
CNN-PFF,Supervised,KH,MLP,Full Finetune,HAR,KH,10.0,accuracy,0.4652777910232544
IMU Transformer,Supervised,KH,MLP,Full Finetune,HAR,KH,1.0,accuracy,0.4166666567325592
CNN-PFF,Supervised,RW-Waist,MLP,Full Finetune,HAR,RW-Waist,10.0,accuracy,0.5702160596847534
CNN-PFF,Supervised,UCI,MLP,Full Finetune,HAR,UCI,100.0,accuracy,0.8362318873405457
IMU Transformer,Supervised,UCI,MLP,Full Finetune,HAR,UCI,1.0,accuracy,0.4217391312122345
CNN-PFF,Supervised,MS,MLP,Full Finetune,HAR,MS,50.0,accuracy,0.7777777910232544
IMU Transformer,Supervised,KH,MLP,Full Finetune,HAR,KH,1.0,accuracy,0.4791666567325592
IMU Transformer,Supervised,MS,MLP,Full Finetune,HAR,MS,100.0,accuracy,0.7504708170890808
IMU Transformer,Supervised,RW-Waist,MLP,Full Finetune,HAR,RW-Waist,1000.0,accuracy,0.7048611044883728
IMU Transformer,Supervised,KH,MLP,Full Finetune,HAR,KH,1.0,accuracy,0.4583333432674408
CNN-PFF,Supervised,UCI,MLP,Full Finetune,HAR,UCI,25.0,accuracy,0.7594202756881714
IMU Transformer,Supervised,RW-Thigh,MLP,Full Finetune,HAR,RW-Thigh,200.0,accuracy,0.5510696768760681
IMU Transformer,Supervised,WISDM,MLP,Full Finetune,HAR,WISDM,5.0,accuracy,0.6259600520133972
IMU Transformer,Supervised,RW-Waist,MLP,Full Finetune,HAR,RW-Waist,50.0,accuracy,0.6084104776382446
IMU Transformer,Supervised,MS,MLP,Full Finetune,HAR,MS,1000.0,accuracy,0.7721280455589294
CNN-PFF,Supervised,MS,MLP,Full Finetune,HAR,MS,5.0,accuracy,0.5094162225723267
IMU Transformer,Supervised,WISDM,MLP,Full Finetune,HAR,WISDM,1.0,accuracy,0.4934715926647186
IMU Transformer,Supervised,UCI,MLP,Full Finetune,HAR,UCI,5.0,accuracy,0.6594203114509583
CNN-PFF,Supervised,RW-Waist,MLP,Full Finetune,HAR,RW-Waist,50.0,accuracy,0.7226080298423767
IMU Transformer,Supervised,MS,MLP,Full Finetune,HAR,MS,1000.0,accuracy,0.756120502948761
CNN-PFF,Supervised,UCI,MLP,Full Finetune,HAR,UCI,5.0,accuracy,0.6463767886161804
IMU Transformer,Supervised,RW-Waist,MLP,Full Finetune,HAR,RW-Waist,100.0,accuracy,0.6655092835426331
CNN-PFF,Supervised,RW-Thigh,MLP,Full Finetune,HAR,RW-Thigh,100.0,accuracy,0.7332643270492554
CNN-PFF,Supervised,RW-Thigh,MLP,Full Finetune,HAR,RW-Thigh,25.0,accuracy,0.6121463179588318
IMU Transformer,Supervised,WISDM,MLP,Full Finetune,HAR,WISDM,1000.0,accuracy,0.690092146396637
CNN-PFF,Supervised,KH,MLP,Full Finetune,HAR,KH,25.0,accuracy,0.6041666865348816
CNN-PFF,Supervised,UCI,MLP,Full Finetune,HAR,UCI,200.0,accuracy,0.856521725654602
CNN-PFF,Supervised,RW-Waist,MLP,Full Finetune,HAR,RW-Waist,1000.0,accuracy,0.7426697611808777
IMU Transformer,Supervised,RW-Thigh,MLP,Full Finetune,HAR,RW-Thigh,100.0,accuracy,0.5465838313102722
CNN-PFF,Supervised,WISDM,MLP,Full Finetune,HAR,WISDM,1.0,accuracy,0.2031490057706833
CNN-PFF,Supervised,MS,MLP,Full Finetune,HAR,MS,25.0,accuracy,0.7514124512672424
CNN-PFF,Supervised,MS,MLP,Full Finetune,HAR,MS,100.0,accuracy,0.8276836276054382
CNN-PFF,Supervised,KH,MLP,Full Finetune,HAR,KH,1.0,accuracy,0.3680555522441864
IMU Transformer,Supervised,KH,MLP,Full Finetune,HAR,KH,5.0,accuracy,0.5902777910232544
CNN-PFF,Supervised,RW-Waist,MLP,Full Finetune,HAR,RW-Waist,1.0,accuracy,0.4513888955116272
CNN-PFF,Supervised,WISDM,MLP,Full Finetune,HAR,WISDM,1.0,accuracy,0.5249615907669067
CNN-PFF,Supervised,MS,MLP,Full Finetune,HAR,MS,25.0,accuracy,0.7749529480934143
IMU Transformer,Supervised,RW-Thigh,MLP,Full Finetune,HAR,RW-Thigh,10.0,accuracy,0.5093167424201965
IMU Transformer,Supervised,UCI,MLP,Full Finetune,HAR,UCI,10.0,accuracy,0.6942028999328613
CNN-PFF,Supervised,KH,MLP,Full Finetune,HAR,KH,1000.0,accuracy,0.5
IMU Transformer,Supervised,KH,MLP,Full Finetune,HAR,KH,1000.0,accuracy,0.7083333134651184
CNN-PFF,Supervised,UCI,MLP,Full Finetune,HAR,UCI,1000.0,accuracy,0.8768116235733032
CNN-PFF,Supervised,RW-Waist,MLP,Full Finetune,HAR,RW-Waist,100.0,accuracy,0.6705247163772583
IMU Transformer,Supervised,WISDM,MLP,Full Finetune,HAR,WISDM,1000.0,accuracy,0.7300307154655457
IMU Transformer,Supervised,RW-Thigh,MLP,Full Finetune,HAR,RW-Thigh,50.0,accuracy,0.6111111044883728
IMU Transformer,Supervised,RW-Waist,MLP,Full Finetune,HAR,RW-Waist,200.0,accuracy,0.6481481194496155
IMU Transformer,Supervised,KH,MLP,Full Finetune,HAR,KH,100.0,accuracy,0.6736111044883728
CNN-PFF,Supervised,RW-Thigh,MLP,Full Finetune,HAR,RW-Thigh,10.0,accuracy,0.4658385217189789
IMU Transformer,Supervised,RW-Thigh,MLP,Full Finetune,HAR,RW-Thigh,5.0,accuracy,0.4824016690254211
CNN-PFF,Supervised,RW-Thigh,MLP,Full Finetune,HAR,RW-Thigh,200.0,accuracy,0.7094547748565674
CNN-PFF,Supervised,WISDM,MLP,Full Finetune,HAR,WISDM,1.0,accuracy,0.5706605315208435
CNN-PFF,Supervised,RW-Thigh,MLP,Full Finetune,HAR,RW-Thigh,10.0,accuracy,0.5213940739631653
CNN-PFF,Supervised,RW-Thigh,MLP,Full Finetune,HAR,RW-Thigh,50.0,accuracy,0.724982738494873
CNN-PFF,Supervised,KH,MLP,Full Finetune,HAR,KH,50.0,accuracy,0.6041666865348816
IMU Transformer,Supervised,KH,MLP,Full Finetune,HAR,KH,50.0,accuracy,0.5277777910232544
IMU Transformer,Supervised,MS,MLP,Full Finetune,HAR,MS,50.0,accuracy,0.7306967973709106
IMU Transformer,Supervised,UCI,MLP,Full Finetune,HAR,UCI,200.0,accuracy,0.782608687877655
IMU Transformer,Supervised,UCI,MLP,Full Finetune,HAR,UCI,50.0,accuracy,0.769565224647522
CNN-PFF,Supervised,RW-Waist,MLP,Full Finetune,HAR,RW-Waist,5.0,accuracy,0.5798611044883728
CNN-PFF,Supervised,RW-Waist,MLP,Full Finetune,HAR,RW-Waist,10.0,accuracy,0.6392747163772583
CNN-PFF,Supervised,MS,MLP,Full Finetune,HAR,MS,200.0,accuracy,0.8578154444694519
IMU Transformer,Supervised,RW-Waist,MLP,Full Finetune,HAR,RW-Waist,5.0,accuracy,0.5231481194496155
IMU Transformer,Supervised,WISDM,MLP,Full Finetune,HAR,WISDM,100.0,accuracy,0.6674346923828125
IMU Transformer,Supervised,WISDM,MLP,Full Finetune,HAR,WISDM,10.0,accuracy,0.7288786768913269
CNN-PFF,Supervised,MS,MLP,Full Finetune,HAR,MS,10.0,accuracy,0.5800376534461975
CNN-PFF,Supervised,RW-Thigh,MLP,Full Finetune,HAR,RW-Thigh,1.0,accuracy,0.3419599831104278
CNN-PFF,Supervised,UCI,MLP,Full Finetune,HAR,UCI,1000.0,accuracy,0.9028985500335692
IMU Transformer,Supervised,RW-Thigh,MLP,Full Finetune,HAR,RW-Thigh,100.0,accuracy,0.6704623699188232
CNN-PFF,Supervised,KH,MLP,Full Finetune,HAR,KH,10.0,accuracy,0.2361111044883728
IMU Transformer,Supervised,UCI,MLP,Full Finetune,HAR,UCI,200.0,accuracy,0.7753623127937317
CNN-PFF,Supervised,KH,MLP,Full Finetune,HAR,KH,200.0,accuracy,0.5486111044883728
CNN-PFF,Supervised,MS,MLP,Full Finetune,HAR,MS,200.0,accuracy,0.8135592937469482
CNN-PFF,Supervised,WISDM,MLP,Full Finetune,HAR,WISDM,10.0,accuracy,0.6428571343421936
CNN-PFF,Supervised,UCI,MLP,Full Finetune,HAR,UCI,50.0,accuracy,0.791304349899292
CNN-PFF,Supervised,KH,MLP,Full Finetune,HAR,KH,100.0,accuracy,0.6875
IMU Transformer,Supervised,WISDM,MLP,Full Finetune,HAR,WISDM,50.0,accuracy,0.7162058353424072
IMU Transformer,Supervised,RW-Waist,MLP,Full Finetune,HAR,RW-Waist,1.0,accuracy,0.4629629552364349
IMU Transformer,Supervised,RW-Thigh,MLP,Full Finetune,HAR,RW-Thigh,5.0,accuracy,0.5169082283973694
RNN,Supervised,RW-Thigh,MLP,Full Finetune,HAR,RW-Thigh,100.0,accuracy,0.5638371109962463
RNN,Supervised,RW-Waist,MLP,Full Finetune,HAR,RW-Waist,1000.0,accuracy,0.6751543283462524
RNN,Supervised,RW-Waist,MLP,Full Finetune,HAR,RW-Waist,5.0,accuracy,0.3260030746459961
RNN,Supervised,UCI,MLP,Full Finetune,HAR,UCI,1000.0,accuracy,0.8231884241104126
RNN,Supervised,WISDM,MLP,Full Finetune,HAR,WISDM,1000.0,accuracy,0.7119815945625305
RNN,Supervised,WISDM,MLP,Full Finetune,HAR,WISDM,5.0,accuracy,0.4535330235958099
RNN,Supervised,UCI,MLP,Full Finetune,HAR,UCI,50.0,accuracy,0.6275362372398376
RNN,Supervised,MS,MLP,Full Finetune,HAR,MS,25.0,accuracy,0.5037664771080017
RNN,Supervised,WISDM,MLP,Full Finetune,HAR,WISDM,100.0,accuracy,0.7023809552192688
RNN,Supervised,KH,MLP,Full Finetune,HAR,KH,10.0,accuracy,0.4444444477558136
RNN,Supervised,RW-Thigh,MLP,Full Finetune,HAR,RW-Thigh,200.0,accuracy,0.5852311849594116
RNN,Supervised,WISDM,MLP,Full Finetune,HAR,WISDM,100.0,accuracy,0.7158218026161194
RNN,Supervised,RW-Waist,MLP,Full Finetune,HAR,RW-Waist,1.0,accuracy,0.3171296417713165
RNN,Supervised,UCI,MLP,Full Finetune,HAR,UCI,5.0,accuracy,0.3362318873405456
RNN,Supervised,MS,MLP,Full Finetune,HAR,MS,50.0,accuracy,0.6374764442443848
RNN,Supervised,KH,MLP,Full Finetune,HAR,KH,5.0,accuracy,0.3958333432674408
RNN,Supervised,MS,MLP,Full Finetune,HAR,MS,1.0,accuracy,0.1789077222347259
RNN,Supervised,WISDM,MLP,Full Finetune,HAR,WISDM,1.0,accuracy,0.3966974020004272
RNN,Supervised,RW-Thigh,MLP,Full Finetune,HAR,RW-Thigh,1.0,accuracy,0.3485162258148193
RNN,Supervised,WISDM,MLP,Full Finetune,HAR,WISDM,25.0,accuracy,0.6632104516029358
RNN,Supervised,MS,MLP,Full Finetune,HAR,MS,5.0,accuracy,0.4077212810516357
RNN,Supervised,RW-Thigh,MLP,Full Finetune,HAR,RW-Thigh,5.0,accuracy,0.3481711447238922
RNN,Supervised,MS,MLP,Full Finetune,HAR,MS,5.0,accuracy,0.3672316372394562
RNN,Supervised,UCI,MLP,Full Finetune,HAR,UCI,5.0,accuracy,0.395652174949646
RNN,Supervised,RW-Waist,MLP,Full Finetune,HAR,RW-Waist,50.0,accuracy,0.6057098507881165
RNN,Supervised,UCI,MLP,Full Finetune,HAR,UCI,200.0,accuracy,0.7869565486907959
RNN,Supervised,WISDM,MLP,Full Finetune,HAR,WISDM,200.0,accuracy,0.7100614309310913
RNN,Supervised,RW-Thigh,MLP,Full Finetune,HAR,RW-Thigh,10.0,accuracy,0.363008975982666
RNN,Supervised,UCI,MLP,Full Finetune,HAR,UCI,50.0,accuracy,0.6608695387840271
RNN,Supervised,RW-Waist,MLP,Full Finetune,HAR,RW-Waist,25.0,accuracy,0.5065586566925049
RNN,Supervised,UCI,MLP,Full Finetune,HAR,UCI,100.0,accuracy,0.7333333492279053
RNN,Supervised,UCI,MLP,Full Finetune,HAR,UCI,25.0,accuracy,0.5202898383140564
RNN,Supervised,UCI,MLP,Full Finetune,HAR,UCI,10.0,accuracy,0.4347825944423675
RNN,Supervised,RW-Thigh,MLP,Full Finetune,HAR,RW-Thigh,1.0,accuracy,0.2046238780021667
RNN,Supervised,RW-Thigh,MLP,Full Finetune,HAR,RW-Thigh,50.0,accuracy,0.5479640960693359
RNN,Supervised,RW-Waist,MLP,Full Finetune,HAR,RW-Waist,50.0,accuracy,0.5952932238578796
RNN,Supervised,UCI,MLP,Full Finetune,HAR,UCI,10.0,accuracy,0.4362318813800812
RNN,Supervised,WISDM,MLP,Full Finetune,HAR,WISDM,1000.0,accuracy,0.7288786768913269
RNN,Supervised,RW-Thigh,MLP,Full Finetune,HAR,RW-Thigh,25.0,accuracy,0.4723947644233703
RNN,Supervised,RW-Thigh,MLP,Full Finetune,HAR,RW-Thigh,1000.0,accuracy,0.5983436703681946
RNN,Supervised,MS,MLP,Full Finetune,HAR,MS,10.0,accuracy,0.4331450164318084
RNN,Supervised,UCI,MLP,Full Finetune,HAR,UCI,25.0,accuracy,0.5043478012084961
RNN,Supervised,UCI,MLP,Full Finetune,HAR,UCI,100.0,accuracy,0.7347826361656189
RNN,Supervised,KH,MLP,Full Finetune,HAR,KH,10.0,accuracy,0.4305555522441864
RNN,Supervised,WISDM,MLP,Full Finetune,HAR,WISDM,5.0,accuracy,0.4350998401641845
RNN,Supervised,KH,MLP,Full Finetune,HAR,KH,1.0,accuracy,0.3194444477558136
RNN,Supervised,WISDM,MLP,Full Finetune,HAR,WISDM,10.0,accuracy,0.5069124698638916
RNN,Supervised,WISDM,MLP,Full Finetune,HAR,WISDM,10.0,accuracy,0.3425499200820923
RNN,Supervised,RW-Waist,MLP,Full Finetune,HAR,RW-Waist,100.0,accuracy,0.6381173133850098
RNN,Supervised,MS,MLP,Full Finetune,HAR,MS,5.0,accuracy,0.3709981143474579
RNN,Supervised,MS,MLP,Full Finetune,HAR,MS,25.0,accuracy,0.5809792876243591
RNN,Supervised,MS,MLP,Full Finetune,HAR,MS,1.0,accuracy,0.1807909607887268
RNN,Supervised,RW-Thigh,MLP,Full Finetune,HAR,RW-Thigh,25.0,accuracy,0.4616977274417877
RNN,Supervised,RW-Waist,MLP,Full Finetune,HAR,RW-Waist,200.0,accuracy,0.6157407164573669
RNN,Supervised,UCI,MLP,Full Finetune,HAR,UCI,5.0,accuracy,0.4188405871391296
RNN,Supervised,RW-Waist,MLP,Full Finetune,HAR,RW-Waist,25.0,accuracy,0.4903549253940582
RNN,Supervised,KH,MLP,Full Finetune,HAR,KH,200.0,accuracy,0.4791666567325592
RNN,Supervised,MS,MLP,Full Finetune,HAR,MS,1000.0,accuracy,0.7721280455589294
RNN,Supervised,RW-Waist,MLP,Full Finetune,HAR,RW-Waist,100.0,accuracy,0.6030092835426331
RNN,Supervised,RW-Thigh,MLP,Full Finetune,HAR,RW-Thigh,25.0,accuracy,0.4982746839523315
RNN,Supervised,WISDM,MLP,Full Finetune,HAR,WISDM,50.0,accuracy,0.68049156665802
RNN,Supervised,KH,MLP,Full Finetune,HAR,KH,200.0,accuracy,0.5902777910232544
RNN,Supervised,RW-Waist,MLP,Full Finetune,HAR,RW-Waist,1.0,accuracy,0.2993827164173126
RNN,Supervised,WISDM,MLP,Full Finetune,HAR,WISDM,1.0,accuracy,0.4101382493972778
RNN,Supervised,MS,MLP,Full Finetune,HAR,MS,50.0,accuracy,0.598870038986206
RNN,Supervised,MS,MLP,Full Finetune,HAR,MS,10.0,accuracy,0.4124293923377991
RNN,Supervised,MS,MLP,Full Finetune,HAR,MS,100.0,accuracy,0.6403013467788696
RNN,Supervised,MS,MLP,Full Finetune,HAR,MS,25.0,accuracy,0.5875706076622009
RNN,Supervised,MS,MLP,Full Finetune,HAR,MS,10.0,accuracy,0.4595103561878204
RNN,Supervised,RW-Thigh,MLP,Full Finetune,HAR,RW-Thigh,5.0,accuracy,0.3291925489902496
RNN,Supervised,RW-Waist,MLP,Full Finetune,HAR,RW-Waist,100.0,accuracy,0.6091821193695068
RNN,Supervised,MS,MLP,Full Finetune,HAR,MS,200.0,accuracy,0.6854990720748901
RNN,Supervised,RW-Waist,MLP,Full Finetune,HAR,RW-Waist,1000.0,accuracy,0.6886574029922485
RNN,Supervised,RW-Thigh,MLP,Full Finetune,HAR,RW-Thigh,10.0,accuracy,0.3516218066215515
RNN,Supervised,RW-Thigh,MLP,Full Finetune,HAR,RW-Thigh,1.0,accuracy,0.2926155924797058
RNN,Supervised,MS,MLP,Full Finetune,HAR,MS,200.0,accuracy,0.7617702484130859
RNN,Supervised,MS,MLP,Full Finetune,HAR,MS,100.0,accuracy,0.6760828495025635
RNN,Supervised,KH,MLP,Full Finetune,HAR,KH,25.0,accuracy,0.4583333432674408
RNN,Supervised,UCI,MLP,Full Finetune,HAR,UCI,200.0,accuracy,0.7710145115852356
RNN,Supervised,WISDM,MLP,Full Finetune,HAR,WISDM,50.0,accuracy,0.6881720423698425
RNN,Supervised,RW-Waist,MLP,Full Finetune,HAR,RW-Waist,1.0,accuracy,0.2932098805904388
RNN,Supervised,MS,MLP,Full Finetune,HAR,MS,1000.0,accuracy,0.7542372941970825
RNN,Supervised,RW-Waist,MLP,Full Finetune,HAR,RW-Waist,10.0,accuracy,0.360339492559433
RNN,Supervised,KH,MLP,Full Finetune,HAR,KH,100.0,accuracy,0.5069444179534912
RNN,Supervised,RW-Thigh,MLP,Full Finetune,HAR,RW-Thigh,200.0,accuracy,0.6138716340065002
RNN,Supervised,RW-Waist,MLP,Full Finetune,HAR,RW-Waist,5.0,accuracy,0.3113425970077514
RNN,Supervised,RW-Waist,MLP,Full Finetune,HAR,RW-Waist,5.0,accuracy,0.327160507440567
RNN,Supervised,KH,MLP,Full Finetune,HAR,KH,5.0,accuracy,0.3888888955116272
RNN,Supervised,RW-Thigh,MLP,Full Finetune,HAR,RW-Thigh,100.0,accuracy,0.6297446489334106
RNN,Supervised,RW-Thigh,MLP,Full Finetune,HAR,RW-Thigh,200.0,accuracy,0.5414078831672668
RNN,Supervised,RW-Thigh,MLP,Full Finetune,HAR,RW-Thigh,50.0,accuracy,0.5314009785652161
RNN,Supervised,RW-Waist,MLP,Full Finetune,HAR,RW-Waist,10.0,accuracy,0.3746142089366913
RNN,Supervised,RW-Waist,MLP,Full Finetune,HAR,RW-Waist,10.0,accuracy,0.3587962985038757
RNN,Supervised,UCI,MLP,Full Finetune,HAR,UCI,10.0,accuracy,0.4000000059604645
RNN,Supervised,WISDM,MLP,Full Finetune,HAR,WISDM,10.0,accuracy,0.4377880096435547
RNN,Supervised,RW-Waist,MLP,Full Finetune,HAR,RW-Waist,50.0,accuracy,0.5694444179534912
RNN,Supervised,MS,MLP,Full Finetune,HAR,MS,100.0,accuracy,0.7250470519065857
RNN,Supervised,RW-Waist,MLP,Full Finetune,HAR,RW-Waist,25.0,accuracy,0.46875
RNN,Supervised,KH,MLP,Full Finetune,HAR,KH,50.0,accuracy,0.5277777910232544
RNN,Supervised,KH,MLP,Full Finetune,HAR,KH,25.0,accuracy,0.4375
RNN,Supervised,KH,MLP,Full Finetune,HAR,KH,1.0,accuracy,0.3055555522441864
RNN,Supervised,UCI,MLP,Full Finetune,HAR,UCI,1.0,accuracy,0.313043475151062
RNN,Supervised,RW-Thigh,MLP,Full Finetune,HAR,RW-Thigh,100.0,accuracy,0.5734989643096924
RNN,Supervised,WISDM,MLP,Full Finetune,HAR,WISDM,200.0,accuracy,0.7200461030006409
RNN,Supervised,WISDM,MLP,Full Finetune,HAR,WISDM,100.0,accuracy,0.7058371901512146
RNN,Supervised,WISDM,MLP,Full Finetune,HAR,WISDM,1000.0,accuracy,0.7338709831237793
RNN,Supervised,KH,MLP,Full Finetune,HAR,KH,200.0,accuracy,0.5
RNN,Supervised,MS,MLP,Full Finetune,HAR,MS,1000.0,accuracy,0.8333333134651184
RNN,Supervised,KH,MLP,Full Finetune,HAR,KH,25.0,accuracy,0.4861111044883728
RNN,Supervised,RW-Waist,MLP,Full Finetune,HAR,RW-Waist,200.0,accuracy,0.6134259104728699
RNN,Supervised,KH,MLP,Full Finetune,HAR,KH,1.0,accuracy,0.375
RNN,Supervised,WISDM,MLP,Full Finetune,HAR,WISDM,200.0,accuracy,0.7250384092330933
RNN,Supervised,KH,MLP,Full Finetune,HAR,KH,1000.0,accuracy,0.5069444179534912
RNN,Supervised,RW-Waist,MLP,Full Finetune,HAR,RW-Waist,200.0,accuracy,0.6500771641731262
RNN,Supervised,WISDM,MLP,Full Finetune,HAR,WISDM,25.0,accuracy,0.6370967626571655
RNN,Supervised,UCI,MLP,Full Finetune,HAR,UCI,1000.0,accuracy,0.7869565486907959
RNN,Supervised,WISDM,MLP,Full Finetune,HAR,WISDM,50.0,accuracy,0.7104454636573792
RNN,Supervised,UCI,MLP,Full Finetune,HAR,UCI,25.0,accuracy,0.469565212726593
RNN,Supervised,KH,MLP,Full Finetune,HAR,KH,100.0,accuracy,0.4791666567325592
RNN,Supervised,UCI,MLP,Full Finetune,HAR,UCI,1.0,accuracy,0.3318840563297272
RNN,Supervised,RW-Thigh,MLP,Full Finetune,HAR,RW-Thigh,5.0,accuracy,0.3285024166107178
RNN,Supervised,RW-Thigh,MLP,Full Finetune,HAR,RW-Thigh,1000.0,accuracy,0.6366459727287292
RNN,Supervised,UCI,MLP,Full Finetune,HAR,UCI,100.0,accuracy,0.8014492988586426
RNN,Supervised,KH,MLP,Full Finetune,HAR,KH,5.0,accuracy,0.3958333432674408
RNN,Supervised,UCI,MLP,Full Finetune,HAR,UCI,50.0,accuracy,0.695652186870575
RNN,Supervised,MS,MLP,Full Finetune,HAR,MS,200.0,accuracy,0.721280574798584
RNN,Supervised,WISDM,MLP,Full Finetune,HAR,WISDM,25.0,accuracy,0.6543778777122498
RNN,Supervised,KH,MLP,Full Finetune,HAR,KH,50.0,accuracy,0.5625
RNN,Supervised,KH,MLP,Full Finetune,HAR,KH,1000.0,accuracy,0.5555555820465088
RNN,Supervised,RW-Thigh,MLP,Full Finetune,HAR,RW-Thigh,1000.0,accuracy,0.6155969500541687
RNN,Supervised,KH,MLP,Full Finetune,HAR,KH,1000.0,accuracy,0.5277777910232544
RNN,Supervised,UCI,MLP,Full Finetune,HAR,UCI,200.0,accuracy,0.782608687877655
RNN,Supervised,WISDM,MLP,Full Finetune,HAR,WISDM,5.0,accuracy,0.4454685151576996
RNN,Supervised,UCI,MLP,Full Finetune,HAR,UCI,1000.0,accuracy,0.7797101736068726
RNN,Supervised,RW-Waist,MLP,Full Finetune,HAR,RW-Waist,1000.0,accuracy,0.7056326866149902
RNN,Supervised,MS,MLP,Full Finetune,HAR,MS,1.0,accuracy,0.3286252319812774
RNN,Supervised,RW-Thigh,MLP,Full Finetune,HAR,RW-Thigh,50.0,accuracy,0.5013802647590637
RNN,Supervised,RW-Thigh,MLP,Full Finetune,HAR,RW-Thigh,10.0,accuracy,0.359213262796402
RNN,Supervised,KH,MLP,Full Finetune,HAR,KH,100.0,accuracy,0.5625
RNN,Supervised,KH,MLP,Full Finetune,HAR,KH,10.0,accuracy,0.3958333432674408
RNN,Supervised,KH,MLP,Full Finetune,HAR,KH,50.0,accuracy,0.4791666567325592
RNN,Supervised,UCI,MLP,Full Finetune,HAR,UCI,1.0,accuracy,0.3782608807086944
RNN,Supervised,MS,MLP,Full Finetune,HAR,MS,50.0,accuracy,0.5536723136901855
RNN,Supervised,WISDM,MLP,Full Finetune,HAR,WISDM,1.0,accuracy,0.427419364452362
TS2Vec Encoder,Supervised,KH,MLP,Full Finetune,HAR,KH,100.0,accuracy,0.6388888955116272
TS2Vec Encoder,Supervised,WISDM,MLP,Full Finetune,HAR,WISDM,5.0,accuracy,0.4854070544242859
TS2Vec Encoder,Supervised,RW-Thigh,MLP,Full Finetune,HAR,RW-Thigh,1000.0,accuracy,0.7688060998916626
TS2Vec Encoder,Supervised,WISDM,MLP,Full Finetune,HAR,WISDM,5.0,accuracy,0.6781874299049377
TS2Vec Encoder,Supervised,KH,MLP,Full Finetune,HAR,KH,50.0,accuracy,0.5347222089767456
TS2Vec Encoder,Supervised,MS,MLP,Full Finetune,HAR,MS,1.0,accuracy,0.2787193953990936
TS2Vec Encoder,Supervised,WISDM,MLP,Full Finetune,HAR,WISDM,200.0,accuracy,0.7845622301101685
TS2Vec Encoder,Supervised,UCI,MLP,Full Finetune,HAR,UCI,100.0,accuracy,0.7956521511077881
TS2Vec Encoder,Supervised,WISDM,MLP,Full Finetune,HAR,WISDM,10.0,accuracy,0.7069892287254333
TS2Vec Encoder,Supervised,WISDM,MLP,Full Finetune,HAR,WISDM,200.0,accuracy,0.7599846124649048
TS2Vec Encoder,Supervised,MS,MLP,Full Finetune,HAR,MS,1000.0,accuracy,0.9482108950614928
TS2Vec Encoder,Supervised,MS,MLP,Full Finetune,HAR,MS,50.0,accuracy,0.7655367255210876
TS2Vec Encoder,Supervised,WISDM,MLP,Full Finetune,HAR,WISDM,25.0,accuracy,0.7630568146705627
TS2Vec Encoder,Supervised,RW-Thigh,MLP,Full Finetune,HAR,RW-Thigh,200.0,accuracy,0.7187715768814087
TS2Vec Encoder,Supervised,MS,MLP,Full Finetune,HAR,MS,25.0,accuracy,0.7448210716247559
TS2Vec Encoder,Supervised,MS,MLP,Full Finetune,HAR,MS,1000.0,accuracy,0.921845555305481
TS2Vec Encoder,Supervised,RW-Thigh,MLP,Full Finetune,HAR,RW-Thigh,50.0,accuracy,0.6518288254737854
TS2Vec Encoder,Supervised,KH,MLP,Full Finetune,HAR,KH,50.0,accuracy,0.5763888955116272
TS2Vec Encoder,Supervised,WISDM,MLP,Full Finetune,HAR,WISDM,5.0,accuracy,0.7300307154655457
TS2Vec Encoder,Supervised,RW-Waist,MLP,Full Finetune,HAR,RW-Waist,50.0,accuracy,0.6601080298423767
TS2Vec Encoder,Supervised,WISDM,MLP,Full Finetune,HAR,WISDM,1.0,accuracy,0.3667434751987457
TS2Vec Encoder,Supervised,KH,MLP,Full Finetune,HAR,KH,25.0,accuracy,0.6111111044883728
TS2Vec Encoder,Supervised,KH,MLP,Full Finetune,HAR,KH,1.0,accuracy,0.1666666716337204
TS2Vec Encoder,Supervised,MS,MLP,Full Finetune,HAR,MS,10.0,accuracy,0.6421845555305481
TS2Vec Encoder,Supervised,RW-Waist,MLP,Full Finetune,HAR,RW-Waist,25.0,accuracy,0.6782407164573669
TS2Vec Encoder,Supervised,MS,MLP,Full Finetune,HAR,MS,1.0,accuracy,0.1883239150047302
TS2Vec Encoder,Supervised,RW-Waist,MLP,Full Finetune,HAR,RW-Waist,1000.0,accuracy,0.7820215821266174
TS2Vec Encoder,Supervised,UCI,MLP,Full Finetune,HAR,UCI,50.0,accuracy,0.895652174949646
TS2Vec Encoder,Supervised,RW-Waist,MLP,Full Finetune,HAR,RW-Waist,100.0,accuracy,0.7542438507080078
TS2Vec Encoder,Supervised,WISDM,MLP,Full Finetune,HAR,WISDM,100.0,accuracy,0.8022273182868958
TS2Vec Encoder,Supervised,KH,MLP,Full Finetune,HAR,KH,10.0,accuracy,0.5208333134651184
TS2Vec Encoder,Supervised,WISDM,MLP,Full Finetune,HAR,WISDM,50.0,accuracy,0.7050691246986389
TS2Vec Encoder,Supervised,RW-Thigh,MLP,Full Finetune,HAR,RW-Thigh,25.0,accuracy,0.6928916573524475
TS2Vec Encoder,Supervised,UCI,MLP,Full Finetune,HAR,UCI,1000.0,accuracy,0.9420289993286132
TS2Vec Encoder,Supervised,RW-Waist,MLP,Full Finetune,HAR,RW-Waist,10.0,accuracy,0.5895061492919922
TS2Vec Encoder,Supervised,UCI,MLP,Full Finetune,HAR,UCI,5.0,accuracy,0.7144927382469177
TS2Vec Encoder,Supervised,KH,MLP,Full Finetune,HAR,KH,200.0,accuracy,0.6805555820465088
TS2Vec Encoder,Supervised,WISDM,MLP,Full Finetune,HAR,WISDM,50.0,accuracy,0.7964669466018677
TS2Vec Encoder,Supervised,MS,MLP,Full Finetune,HAR,MS,5.0,accuracy,0.5216572284698486
TS2Vec Encoder,Supervised,RW-Thigh,MLP,Full Finetune,HAR,RW-Thigh,100.0,accuracy,0.7374051213264465
TS2Vec Encoder,Supervised,MS,MLP,Full Finetune,HAR,MS,200.0,accuracy,0.927495300769806
TS2Vec Encoder,Supervised,RW-Thigh,MLP,Full Finetune,HAR,RW-Thigh,50.0,accuracy,0.7349896430969238
TS2Vec Encoder,Supervised,RW-Waist,MLP,Full Finetune,HAR,RW-Waist,5.0,accuracy,0.5104166865348816
TS2Vec Encoder,Supervised,RW-Waist,MLP,Full Finetune,HAR,RW-Waist,50.0,accuracy,0.658178985118866
TS2Vec Encoder,Supervised,RW-Waist,MLP,Full Finetune,HAR,RW-Waist,25.0,accuracy,0.6087962985038757
TS2Vec Encoder,Supervised,WISDM,MLP,Full Finetune,HAR,WISDM,10.0,accuracy,0.7046850919723511
TS2Vec Encoder,Supervised,MS,MLP,Full Finetune,HAR,MS,50.0,accuracy,0.778719425201416
TS2Vec Encoder,Supervised,RW-Thigh,MLP,Full Finetune,HAR,RW-Thigh,5.0,accuracy,0.4503105580806732
TS2Vec Encoder,Supervised,RW-Waist,MLP,Full Finetune,HAR,RW-Waist,1000.0,accuracy,0.6817129850387573
TS2Vec Encoder,Supervised,RW-Thigh,MLP,Full Finetune,HAR,RW-Thigh,10.0,accuracy,0.6259489059448242
TS2Vec Encoder,Supervised,MS,MLP,Full Finetune,HAR,MS,10.0,accuracy,0.5150659084320068
TS2Vec Encoder,Supervised,UCI,MLP,Full Finetune,HAR,UCI,50.0,accuracy,0.7971014380455017
TS2Vec Encoder,Supervised,UCI,MLP,Full Finetune,HAR,UCI,1000.0,accuracy,0.9405797123908995
TS2Vec Encoder,Supervised,WISDM,MLP,Full Finetune,HAR,WISDM,25.0,accuracy,0.7841781973838806
TS2Vec Encoder,Supervised,RW-Waist,MLP,Full Finetune,HAR,RW-Waist,5.0,accuracy,0.6466049551963806
TS2Vec Encoder,Supervised,KH,MLP,Full Finetune,HAR,KH,100.0,accuracy,0.5833333134651184
TS2Vec Encoder,Supervised,RW-Thigh,MLP,Full Finetune,HAR,RW-Thigh,1.0,accuracy,0.3209109604358673
TS2Vec Encoder,Supervised,RW-Thigh,MLP,Full Finetune,HAR,RW-Thigh,1000.0,accuracy,0.7681159377098083
TS2Vec Encoder,Supervised,MS,MLP,Full Finetune,HAR,MS,200.0,accuracy,0.8662900328636169
TS2Vec Encoder,Supervised,KH,MLP,Full Finetune,HAR,KH,5.0,accuracy,0.5347222089767456
TS2Vec Encoder,Supervised,UCI,MLP,Full Finetune,HAR,UCI,25.0,accuracy,0.7347826361656189
TS2Vec Encoder,Supervised,WISDM,MLP,Full Finetune,HAR,WISDM,10.0,accuracy,0.7373272180557251
TS2Vec Encoder,Supervised,UCI,MLP,Full Finetune,HAR,UCI,50.0,accuracy,0.7811594009399414
TS2Vec Encoder,Supervised,KH,MLP,Full Finetune,HAR,KH,50.0,accuracy,0.6180555820465088
TS2Vec Encoder,Supervised,RW-Thigh,MLP,Full Finetune,HAR,RW-Thigh,100.0,accuracy,0.7715665698051453
TS2Vec Encoder,Supervised,RW-Waist,MLP,Full Finetune,HAR,RW-Waist,1.0,accuracy,0.1662808656692505
TS2Vec Encoder,Supervised,RW-Thigh,MLP,Full Finetune,HAR,RW-Thigh,10.0,accuracy,0.601104199886322
TS2Vec Encoder,Supervised,WISDM,MLP,Full Finetune,HAR,WISDM,1.0,accuracy,0.5234255194664001
TS2Vec Encoder,Supervised,KH,MLP,Full Finetune,HAR,KH,10.0,accuracy,0.5833333134651184
TS2Vec Encoder,Supervised,RW-Thigh,MLP,Full Finetune,HAR,RW-Thigh,100.0,accuracy,0.7605245113372803
TS2Vec Encoder,Supervised,UCI,MLP,Full Finetune,HAR,UCI,1000.0,accuracy,0.947826087474823
TS2Vec Encoder,Supervised,WISDM,MLP,Full Finetune,HAR,WISDM,50.0,accuracy,0.7127496004104614
TS2Vec Encoder,Supervised,KH,MLP,Full Finetune,HAR,KH,1.0,accuracy,0.3888888955116272
TS2Vec Encoder,Supervised,KH,MLP,Full Finetune,HAR,KH,25.0,accuracy,0.6111111044883728
TS2Vec Encoder,Supervised,KH,MLP,Full Finetune,HAR,KH,100.0,accuracy,0.6944444179534912
TS2Vec Encoder,Supervised,RW-Waist,MLP,Full Finetune,HAR,RW-Waist,1000.0,accuracy,0.7581018805503845
TS2Vec Encoder,Supervised,KH,MLP,Full Finetune,HAR,KH,1000.0,accuracy,0.5763888955116272
TS2Vec Encoder,Supervised,RW-Thigh,MLP,Full Finetune,HAR,RW-Thigh,25.0,accuracy,0.716356098651886
TS2Vec Encoder,Supervised,RW-Waist,MLP,Full Finetune,HAR,RW-Waist,10.0,accuracy,0.6180555820465088
TS2Vec Encoder,Supervised,UCI,MLP,Full Finetune,HAR,UCI,100.0,accuracy,0.8913043737411499
TS2Vec Encoder,Supervised,KH,MLP,Full Finetune,HAR,KH,10.0,accuracy,0.3194444477558136
TS2Vec Encoder,Supervised,RW-Waist,MLP,Full Finetune,HAR,RW-Waist,5.0,accuracy,0.6184413433074951
TS2Vec Encoder,Supervised,MS,MLP,Full Finetune,HAR,MS,1.0,accuracy,0.2203389853239059
TS2Vec Encoder,Supervised,UCI,MLP,Full Finetune,HAR,UCI,25.0,accuracy,0.7869565486907959
TS2Vec Encoder,Supervised,MS,MLP,Full Finetune,HAR,MS,50.0,accuracy,0.852165699005127
TS2Vec Encoder,Supervised,KH,MLP,Full Finetune,HAR,KH,1000.0,accuracy,0.6111111044883728
TS2Vec Encoder,Supervised,WISDM,MLP,Full Finetune,HAR,WISDM,100.0,accuracy,0.7726574540138245
TS2Vec Encoder,Supervised,WISDM,MLP,Full Finetune,HAR,WISDM,1000.0,accuracy,0.8540706634521484
TS2Vec Encoder,Supervised,WISDM,MLP,Full Finetune,HAR,WISDM,1000.0,accuracy,0.8736559152603149
TS2Vec Encoder,Supervised,RW-Waist,MLP,Full Finetune,HAR,RW-Waist,100.0,accuracy,0.6790123581886292
TS2Vec Encoder,Supervised,UCI,MLP,Full Finetune,HAR,UCI,200.0,accuracy,0.926086962223053
TS2Vec Encoder,Supervised,RW-Waist,MLP,Full Finetune,HAR,RW-Waist,1.0,accuracy,0.4259259402751922
TS2Vec Encoder,Supervised,KH,MLP,Full Finetune,HAR,KH,5.0,accuracy,0.5555555820465088
TS2Vec Encoder,Supervised,UCI,MLP,Full Finetune,HAR,UCI,5.0,accuracy,0.699999988079071
TS2Vec Encoder,Supervised,WISDM,MLP,Full Finetune,HAR,WISDM,1.0,accuracy,0.5145929455757141
TS2Vec Encoder,Supervised,MS,MLP,Full Finetune,HAR,MS,5.0,accuracy,0.403954803943634
TS2Vec Encoder,Supervised,RW-Waist,MLP,Full Finetune,HAR,RW-Waist,1.0,accuracy,0.4683642089366913
TS2Vec Encoder,Supervised,MS,MLP,Full Finetune,HAR,MS,25.0,accuracy,0.6581920981407166
TS2Vec Encoder,Supervised,MS,MLP,Full Finetune,HAR,MS,1000.0,accuracy,0.9585687518119812
TS2Vec Encoder,Supervised,MS,MLP,Full Finetune,HAR,MS,5.0,accuracy,0.3060263693332672
TS2Vec Encoder,Supervised,KH,MLP,Full Finetune,HAR,KH,1.0,accuracy,0.3194444477558136
TS2Vec Encoder,Supervised,RW-Waist,MLP,Full Finetune,HAR,RW-Waist,200.0,accuracy,0.7121913433074951
TS2Vec Encoder,Supervised,RW-Waist,MLP,Full Finetune,HAR,RW-Waist,100.0,accuracy,0.7353395223617554
TS2Vec Encoder,Supervised,RW-Thigh,MLP,Full Finetune,HAR,RW-Thigh,200.0,accuracy,0.6563146710395813
TS2Vec Encoder,Supervised,RW-Waist,MLP,Full Finetune,HAR,RW-Waist,200.0,accuracy,0.7635030746459961
TS2Vec Encoder,Supervised,UCI,MLP,Full Finetune,HAR,UCI,1.0,accuracy,0.5043478012084961
TS2Vec Encoder,Supervised,RW-Thigh,MLP,Full Finetune,HAR,RW-Thigh,1.0,accuracy,0.3002070486545563
TS2Vec Encoder,Supervised,UCI,MLP,Full Finetune,HAR,UCI,10.0,accuracy,0.6927536129951477
TS2Vec Encoder,Supervised,UCI,MLP,Full Finetune,HAR,UCI,1.0,accuracy,0.5318840742111206
TS2Vec Encoder,Supervised,UCI,MLP,Full Finetune,HAR,UCI,10.0,accuracy,0.7275362610816956
TS2Vec Encoder,Supervised,RW-Thigh,MLP,Full Finetune,HAR,RW-Thigh,1.0,accuracy,0.2022084146738052
TS2Vec Encoder,Supervised,MS,MLP,Full Finetune,HAR,MS,100.0,accuracy,0.8728813529014587
TS2Vec Encoder,Supervised,RW-Waist,MLP,Full Finetune,HAR,RW-Waist,25.0,accuracy,0.6184413433074951
TS2Vec Encoder,Supervised,UCI,MLP,Full Finetune,HAR,UCI,25.0,accuracy,0.7898550629615784
TS2Vec Encoder,Supervised,RW-Thigh,MLP,Full Finetune,HAR,RW-Thigh,10.0,accuracy,0.4965493381023407
TS2Vec Encoder,Supervised,WISDM,MLP,Full Finetune,HAR,WISDM,25.0,accuracy,0.7288786768913269
TS2Vec Encoder,Supervised,RW-Thigh,MLP,Full Finetune,HAR,RW-Thigh,1000.0,accuracy,0.7719116806983948
TS2Vec Encoder,Supervised,MS,MLP,Full Finetune,HAR,MS,200.0,accuracy,0.9284369349479676
TS2Vec Encoder,Supervised,UCI,MLP,Full Finetune,HAR,UCI,1.0,accuracy,0.6115942001342773
TS2Vec Encoder,Supervised,RW-Thigh,MLP,Full Finetune,HAR,RW-Thigh,50.0,accuracy,0.6538992524147034
TS2Vec Encoder,Supervised,UCI,MLP,Full Finetune,HAR,UCI,200.0,accuracy,0.9028985500335692
TS2Vec Encoder,Supervised,MS,MLP,Full Finetune,HAR,MS,100.0,accuracy,0.8709981441497803
TS2Vec Encoder,Supervised,WISDM,MLP,Full Finetune,HAR,WISDM,1000.0,accuracy,0.8867127299308777
TS2Vec Encoder,Supervised,UCI,MLP,Full Finetune,HAR,UCI,100.0,accuracy,0.917391300201416
TS2Vec Encoder,Supervised,KH,MLP,Full Finetune,HAR,KH,200.0,accuracy,0.6875
TS2Vec Encoder,Supervised,KH,MLP,Full Finetune,HAR,KH,200.0,accuracy,0.5902777910232544
TS2Vec Encoder,Supervised,KH,MLP,Full Finetune,HAR,KH,25.0,accuracy,0.5416666865348816
TS2Vec Encoder,Supervised,WISDM,MLP,Full Finetune,HAR,WISDM,200.0,accuracy,0.8252688050270081
TS2Vec Encoder,Supervised,UCI,MLP,Full Finetune,HAR,UCI,10.0,accuracy,0.7333333492279053
TS2Vec Encoder,Supervised,RW-Thigh,MLP,Full Finetune,HAR,RW-Thigh,5.0,accuracy,0.5310559272766113
TS2Vec Encoder,Supervised,RW-Thigh,MLP,Full Finetune,HAR,RW-Thigh,5.0,accuracy,0.5552104711532593
TS2Vec Encoder,Supervised,KH,MLP,Full Finetune,HAR,KH,5.0,accuracy,0.5486111044883728
TS2Vec Encoder,Supervised,MS,MLP,Full Finetune,HAR,MS,25.0,accuracy,0.8022598624229431
TS2Vec Encoder,Supervised,MS,MLP,Full Finetune,HAR,MS,10.0,accuracy,0.4595103561878204
TS2Vec Encoder,Supervised,RW-Waist,MLP,Full Finetune,HAR,RW-Waist,10.0,accuracy,0.5393518805503845
TS2Vec Encoder,Supervised,KH,MLP,Full Finetune,HAR,KH,1000.0,accuracy,0.5833333134651184
TS2Vec Encoder,Supervised,RW-Thigh,MLP,Full Finetune,HAR,RW-Thigh,25.0,accuracy,0.6942719221115112
TS2Vec Encoder,Supervised,UCI,MLP,Full Finetune,HAR,UCI,5.0,accuracy,0.7014492750167847
TS2Vec Encoder,Supervised,UCI,MLP,Full Finetune,HAR,UCI,200.0,accuracy,0.9434782862663268
TS2Vec Encoder,Supervised,MS,MLP,Full Finetune,HAR,MS,100.0,accuracy,0.8427495360374451
TS2Vec Encoder,Supervised,RW-Waist,MLP,Full Finetune,HAR,RW-Waist,200.0,accuracy,0.5972222089767456
TS2Vec Encoder,Supervised,RW-Waist,MLP,Full Finetune,HAR,RW-Waist,50.0,accuracy,0.7245370149612427
TS2Vec Encoder,Supervised,WISDM,MLP,Full Finetune,HAR,WISDM,100.0,accuracy,0.7089093923568726
TS2Vec Encoder,Supervised,RW-Thigh,MLP,Full Finetune,HAR,RW-Thigh,200.0,accuracy,0.703243613243103
ResNet-SE-5,Supervised,UCI,MLP,Full Finetune,HAR,UCI,100.0,accuracy,0.9289855360984802
ResNet-SE-5,Supervised,RW-Waist,MLP,Full Finetune,HAR,RW-Waist,50.0,accuracy,0.616126537322998
ResNet-SE-5,Supervised,UCI,MLP,Full Finetune,HAR,UCI,25.0,accuracy,0.7956521511077881
ResNet-SE-5,Supervised,RW-Waist,MLP,Full Finetune,HAR,RW-Waist,200.0,accuracy,0.6724537014961243
ResNet-SE-5,Supervised,RW-Waist,MLP,Full Finetune,HAR,RW-Waist,100.0,accuracy,0.6319444179534912
ResNet-SE-5,Supervised,WISDM,MLP,Full Finetune,HAR,WISDM,50.0,accuracy,0.7634408473968506
ResNet-SE-5,Supervised,UCI,MLP,Full Finetune,HAR,UCI,10.0,accuracy,0.7724637389183044
ResNet-SE-5,Supervised,KH,MLP,Full Finetune,HAR,KH,50.0,accuracy,0.7222222089767456
ResNet-SE-5,Supervised,RW-Waist,MLP,Full Finetune,HAR,RW-Waist,1.0,accuracy,0.5393518805503845
ResNet-SE-5,Supervised,WISDM,MLP,Full Finetune,HAR,WISDM,50.0,accuracy,0.7818740606307983
ResNet-SE-5,Supervised,RW-Waist,MLP,Full Finetune,HAR,RW-Waist,10.0,accuracy,0.6531635522842407
ResNet-SE-5,Supervised,RW-Waist,MLP,Full Finetune,HAR,RW-Waist,200.0,accuracy,0.6824845671653748
ResNet-SE-5,Supervised,MS,MLP,Full Finetune,HAR,MS,200.0,accuracy,0.8013182878494263
ResNet-SE-5,Supervised,RW-Thigh,MLP,Full Finetune,HAR,RW-Thigh,5.0,accuracy,0.5707384347915649
ResNet-SE-5,Supervised,KH,MLP,Full Finetune,HAR,KH,1000.0,accuracy,0.75
ResNet-SE-5,Supervised,RW-Thigh,MLP,Full Finetune,HAR,RW-Thigh,1000.0,accuracy,0.7001380324363708
ResNet-SE-5,Supervised,MS,MLP,Full Finetune,HAR,MS,5.0,accuracy,0.7146892547607422
ResNet-SE-5,Supervised,WISDM,MLP,Full Finetune,HAR,WISDM,5.0,accuracy,0.72926265001297
ResNet-SE-5,Supervised,UCI,MLP,Full Finetune,HAR,UCI,1000.0,accuracy,0.9550724625587464
ResNet-SE-5,Supervised,UCI,MLP,Full Finetune,HAR,UCI,10.0,accuracy,0.7710145115852356
ResNet-SE-5,Supervised,RW-Waist,MLP,Full Finetune,HAR,RW-Waist,5.0,accuracy,0.6902006268501282
ResNet-SE-5,Supervised,KH,MLP,Full Finetune,HAR,KH,25.0,accuracy,0.6388888955116272
ResNet-SE-5,Supervised,KH,MLP,Full Finetune,HAR,KH,1.0,accuracy,0.5277777910232544
ResNet-SE-5,Supervised,MS,MLP,Full Finetune,HAR,MS,1.0,accuracy,0.526365339756012
ResNet-SE-5,Supervised,KH,MLP,Full Finetune,HAR,KH,5.0,accuracy,0.7013888955116272
ResNet-SE-5,Supervised,KH,MLP,Full Finetune,HAR,KH,5.0,accuracy,0.6944444179534912
ResNet-SE-5,Supervised,KH,MLP,Full Finetune,HAR,KH,200.0,accuracy,0.5972222089767456
ResNet-SE-5,Supervised,UCI,MLP,Full Finetune,HAR,UCI,50.0,accuracy,0.8318840861320496
ResNet-SE-5,Supervised,WISDM,MLP,Full Finetune,HAR,WISDM,100.0,accuracy,0.7338709831237793
ResNet-SE-5,Supervised,UCI,MLP,Full Finetune,HAR,UCI,10.0,accuracy,0.7565217614173889
ResNet-SE-5,Supervised,RW-Waist,MLP,Full Finetune,HAR,RW-Waist,5.0,accuracy,0.6624228358268738
ResNet-SE-5,Supervised,RW-Waist,MLP,Full Finetune,HAR,RW-Waist,200.0,accuracy,0.6952160596847534
ResNet-SE-5,Supervised,UCI,MLP,Full Finetune,HAR,UCI,200.0,accuracy,0.9376811385154724
ResNet-SE-5,Supervised,WISDM,MLP,Full Finetune,HAR,WISDM,200.0,accuracy,0.8110598921775818
ResNet-SE-5,Supervised,WISDM,MLP,Full Finetune,HAR,WISDM,200.0,accuracy,0.8072196841239929
ResNet-SE-5,Supervised,RW-Thigh,MLP,Full Finetune,HAR,RW-Thigh,1.0,accuracy,0.4755003452301025
ResNet-SE-5,Supervised,RW-Waist,MLP,Full Finetune,HAR,RW-Waist,100.0,accuracy,0.7006173133850098
ResNet-SE-5,Supervised,RW-Thigh,MLP,Full Finetune,HAR,RW-Thigh,25.0,accuracy,0.6507936716079712
ResNet-SE-5,Supervised,KH,MLP,Full Finetune,HAR,KH,10.0,accuracy,0.7361111044883728
ResNet-SE-5,Supervised,MS,MLP,Full Finetune,HAR,MS,1000.0,accuracy,0.930320143699646
ResNet-SE-5,Supervised,KH,MLP,Full Finetune,HAR,KH,1.0,accuracy,0.4444444477558136
ResNet-SE-5,Supervised,MS,MLP,Full Finetune,HAR,MS,100.0,accuracy,0.7843691110610962
ResNet-SE-5,Supervised,MS,MLP,Full Finetune,HAR,MS,10.0,accuracy,0.7485875487327576
ResNet-SE-5,Supervised,RW-Thigh,MLP,Full Finetune,HAR,RW-Thigh,200.0,accuracy,0.7056590914726257
ResNet-SE-5,Supervised,UCI,MLP,Full Finetune,HAR,UCI,1.0,accuracy,0.5260869860649109
ResNet-SE-5,Supervised,KH,MLP,Full Finetune,HAR,KH,50.0,accuracy,0.5763888955116272
ResNet-SE-5,Supervised,KH,MLP,Full Finetune,HAR,KH,1.0,accuracy,0.5347222089767456
ResNet-SE-5,Supervised,WISDM,MLP,Full Finetune,HAR,WISDM,25.0,accuracy,0.7484639286994934
ResNet-SE-5,Supervised,RW-Waist,MLP,Full Finetune,HAR,RW-Waist,1.0,accuracy,0.4857253134250641
ResNet-SE-5,Supervised,RW-Thigh,MLP,Full Finetune,HAR,RW-Thigh,100.0,accuracy,0.7425810694694519
ResNet-SE-5,Supervised,MS,MLP,Full Finetune,HAR,MS,50.0,accuracy,0.8408662676811218
ResNet-SE-5,Supervised,MS,MLP,Full Finetune,HAR,MS,50.0,accuracy,0.8286252617835999
ResNet-SE-5,Supervised,UCI,MLP,Full Finetune,HAR,UCI,100.0,accuracy,0.8971014618873596
ResNet-SE-5,Supervised,RW-Thigh,MLP,Full Finetune,HAR,RW-Thigh,1.0,accuracy,0.1197377517819404
ResNet-SE-5,Supervised,KH,MLP,Full Finetune,HAR,KH,200.0,accuracy,0.6666666865348816
ResNet-SE-5,Supervised,UCI,MLP,Full Finetune,HAR,UCI,1.0,accuracy,0.5188405513763428
ResNet-SE-5,Supervised,RW-Thigh,MLP,Full Finetune,HAR,RW-Thigh,1000.0,accuracy,0.6639061570167542
ResNet-SE-5,Supervised,UCI,MLP,Full Finetune,HAR,UCI,1000.0,accuracy,0.9420289993286132
ResNet-SE-5,Supervised,WISDM,MLP,Full Finetune,HAR,WISDM,5.0,accuracy,0.7200461030006409
ResNet-SE-5,Supervised,MS,MLP,Full Finetune,HAR,MS,100.0,accuracy,0.7806026339530945
ResNet-SE-5,Supervised,RW-Thigh,MLP,Full Finetune,HAR,RW-Thigh,50.0,accuracy,0.7094547748565674
ResNet-SE-5,Supervised,KH,MLP,Full Finetune,HAR,KH,25.0,accuracy,0.5625
ResNet-SE-5,Supervised,KH,MLP,Full Finetune,HAR,KH,10.0,accuracy,0.6180555820465088
ResNet-SE-5,Supervised,MS,MLP,Full Finetune,HAR,MS,25.0,accuracy,0.8483992218971252
ResNet-SE-5,Supervised,MS,MLP,Full Finetune,HAR,MS,25.0,accuracy,0.7457627058029175
ResNet-SE-5,Supervised,KH,MLP,Full Finetune,HAR,KH,100.0,accuracy,0.6111111044883728
ResNet-SE-5,Supervised,KH,MLP,Full Finetune,HAR,KH,100.0,accuracy,0.75
ResNet-SE-5,Supervised,RW-Thigh,MLP,Full Finetune,HAR,RW-Thigh,25.0,accuracy,0.660800576210022
ResNet-SE-5,Supervised,RW-Waist,MLP,Full Finetune,HAR,RW-Waist,50.0,accuracy,0.7295524477958679
ResNet-SE-5,Supervised,KH,MLP,Full Finetune,HAR,KH,1000.0,accuracy,0.7638888955116272
ResNet-SE-5,Supervised,WISDM,MLP,Full Finetune,HAR,WISDM,1.0,accuracy,0.6897081136703491
ResNet-SE-5,Supervised,KH,MLP,Full Finetune,HAR,KH,200.0,accuracy,0.75
ResNet-SE-5,Supervised,RW-Thigh,MLP,Full Finetune,HAR,RW-Thigh,10.0,accuracy,0.6155969500541687
ResNet-SE-5,Supervised,RW-Waist,MLP,Full Finetune,HAR,RW-Waist,1000.0,accuracy,0.6824845671653748
ResNet-SE-5,Supervised,RW-Waist,MLP,Full Finetune,HAR,RW-Waist,1.0,accuracy,0.5895061492919922
ResNet-SE-5,Supervised,WISDM,MLP,Full Finetune,HAR,WISDM,1000.0,accuracy,0.8582949042320251
ResNet-SE-5,Supervised,KH,MLP,Full Finetune,HAR,KH,10.0,accuracy,0.7013888955116272
ResNet-SE-5,Supervised,RW-Thigh,MLP,Full Finetune,HAR,RW-Thigh,1.0,accuracy,0.4558316171169281
ResNet-SE-5,Supervised,UCI,MLP,Full Finetune,HAR,UCI,50.0,accuracy,0.8710144758224487
ResNet-SE-5,Supervised,RW-Waist,MLP,Full Finetune,HAR,RW-Waist,25.0,accuracy,0.7380401492118835
ResNet-SE-5,Supervised,RW-Waist,MLP,Full Finetune,HAR,RW-Waist,10.0,accuracy,0.5532407164573669
ResNet-SE-5,Supervised,WISDM,MLP,Full Finetune,HAR,WISDM,25.0,accuracy,0.7373272180557251
ResNet-SE-5,Supervised,MS,MLP,Full Finetune,HAR,MS,200.0,accuracy,0.7919020652770996
ResNet-SE-5,Supervised,UCI,MLP,Full Finetune,HAR,UCI,200.0,accuracy,0.9057971239089966
ResNet-SE-5,Supervised,UCI,MLP,Full Finetune,HAR,UCI,1000.0,accuracy,0.9449275135993958
ResNet-SE-5,Supervised,WISDM,MLP,Full Finetune,HAR,WISDM,1.0,accuracy,0.3087557554244995
ResNet-SE-5,Supervised,RW-Thigh,MLP,Full Finetune,HAR,RW-Thigh,50.0,accuracy,0.6880607604980469
ResNet-SE-5,Supervised,RW-Thigh,MLP,Full Finetune,HAR,RW-Thigh,100.0,accuracy,0.7025535106658936
ResNet-SE-5,Supervised,RW-Waist,MLP,Full Finetune,HAR,RW-Waist,25.0,accuracy,0.6631944179534912
ResNet-SE-5,Supervised,MS,MLP,Full Finetune,HAR,MS,1.0,accuracy,0.6158192157745361
ResNet-SE-5,Supervised,WISDM,MLP,Full Finetune,HAR,WISDM,10.0,accuracy,0.722734272480011
ResNet-SE-5,Supervised,MS,MLP,Full Finetune,HAR,MS,1.0,accuracy,0.6158192157745361
ResNet-SE-5,Supervised,UCI,MLP,Full Finetune,HAR,UCI,5.0,accuracy,0.7855072617530823
ResNet-SE-5,Supervised,WISDM,MLP,Full Finetune,HAR,WISDM,10.0,accuracy,0.7427035570144653
ResNet-SE-5,Supervised,MS,MLP,Full Finetune,HAR,MS,50.0,accuracy,0.8305084705352783
ResNet-SE-5,Supervised,KH,MLP,Full Finetune,HAR,KH,50.0,accuracy,0.5972222089767456
ResNet-SE-5,Supervised,RW-Thigh,MLP,Full Finetune,HAR,RW-Thigh,100.0,accuracy,0.6725327968597412
ResNet-SE-5,Supervised,MS,MLP,Full Finetune,HAR,MS,100.0,accuracy,0.7947269082069397
ResNet-SE-5,Supervised,WISDM,MLP,Full Finetune,HAR,WISDM,5.0,accuracy,0.698924720287323
ResNet-SE-5,Supervised,MS,MLP,Full Finetune,HAR,MS,10.0,accuracy,0.7118644118309021
ResNet-SE-5,Supervised,MS,MLP,Full Finetune,HAR,MS,200.0,accuracy,0.8022598624229431
ResNet-SE-5,Supervised,WISDM,MLP,Full Finetune,HAR,WISDM,1.0,accuracy,0.4005376398563385
ResNet-SE-5,Supervised,WISDM,MLP,Full Finetune,HAR,WISDM,25.0,accuracy,0.7158218026161194
ResNet-SE-5,Supervised,RW-Waist,MLP,Full Finetune,HAR,RW-Waist,1000.0,accuracy,0.7164351940155029
ResNet-SE-5,Supervised,RW-Thigh,MLP,Full Finetune,HAR,RW-Thigh,5.0,accuracy,0.6483781933784485
ResNet-SE-5,Supervised,MS,MLP,Full Finetune,HAR,MS,5.0,accuracy,0.700564980506897
ResNet-SE-5,Supervised,RW-Waist,MLP,Full Finetune,HAR,RW-Waist,10.0,accuracy,0.6122685074806213
ResNet-SE-5,Supervised,UCI,MLP,Full Finetune,HAR,UCI,5.0,accuracy,0.7449275255203247
ResNet-SE-5,Supervised,UCI,MLP,Full Finetune,HAR,UCI,1.0,accuracy,0.6840579509735107
ResNet-SE-5,Supervised,WISDM,MLP,Full Finetune,HAR,WISDM,50.0,accuracy,0.7046850919723511
ResNet-SE-5,Supervised,KH,MLP,Full Finetune,HAR,KH,100.0,accuracy,0.6736111044883728
ResNet-SE-5,Supervised,RW-Thigh,MLP,Full Finetune,HAR,RW-Thigh,25.0,accuracy,0.7591442465782166
ResNet-SE-5,Supervised,MS,MLP,Full Finetune,HAR,MS,10.0,accuracy,0.7589454054832458
ResNet-SE-5,Supervised,RW-Waist,MLP,Full Finetune,HAR,RW-Waist,100.0,accuracy,0.707561731338501
ResNet-SE-5,Supervised,KH,MLP,Full Finetune,HAR,KH,5.0,accuracy,0.6944444179534912
ResNet-SE-5,Supervised,RW-Waist,MLP,Full Finetune,HAR,RW-Waist,25.0,accuracy,0.6890432238578796
ResNet-SE-5,Supervised,RW-Thigh,MLP,Full Finetune,HAR,RW-Thigh,10.0,accuracy,0.6535542011260986
ResNet-SE-5,Supervised,RW-Waist,MLP,Full Finetune,HAR,RW-Waist,1000.0,accuracy,0.6990740895271301
ResNet-SE-5,Supervised,UCI,MLP,Full Finetune,HAR,UCI,50.0,accuracy,0.8623188138008118
ResNet-SE-5,Supervised,RW-Thigh,MLP,Full Finetune,HAR,RW-Thigh,50.0,accuracy,0.7225672602653503
ResNet-SE-5,Supervised,WISDM,MLP,Full Finetune,HAR,WISDM,200.0,accuracy,0.8360214829444885
ResNet-SE-5,Supervised,RW-Waist,MLP,Full Finetune,HAR,RW-Waist,5.0,accuracy,0.5158178806304932
ResNet-SE-5,Supervised,UCI,MLP,Full Finetune,HAR,UCI,5.0,accuracy,0.7840579748153687
ResNet-SE-5,Supervised,KH,MLP,Full Finetune,HAR,KH,1000.0,accuracy,0.7569444179534912
ResNet-SE-5,Supervised,RW-Thigh,MLP,Full Finetune,HAR,RW-Thigh,5.0,accuracy,0.5583160519599915
ResNet-SE-5,Supervised,MS,MLP,Full Finetune,HAR,MS,1000.0,accuracy,0.7655367255210876
ResNet-SE-5,Supervised,RW-Thigh,MLP,Full Finetune,HAR,RW-Thigh,1000.0,accuracy,0.7149758338928223
ResNet-SE-5,Supervised,RW-Waist,MLP,Full Finetune,HAR,RW-Waist,50.0,accuracy,0.7345678806304932
ResNet-SE-5,Supervised,UCI,MLP,Full Finetune,HAR,UCI,200.0,accuracy,0.9246376752853394
ResNet-SE-5,Supervised,WISDM,MLP,Full Finetune,HAR,WISDM,100.0,accuracy,0.7515360713005066
ResNet-SE-5,Supervised,MS,MLP,Full Finetune,HAR,MS,1000.0,accuracy,0.770244836807251
ResNet-SE-5,Supervised,WISDM,MLP,Full Finetune,HAR,WISDM,100.0,accuracy,0.8045315146446228
ResNet-SE-5,Supervised,MS,MLP,Full Finetune,HAR,MS,5.0,accuracy,0.7429378628730774
ResNet-SE-5,Supervised,WISDM,MLP,Full Finetune,HAR,WISDM,1000.0,accuracy,0.8575268983840942
ResNet-SE-5,Supervised,RW-Thigh,MLP,Full Finetune,HAR,RW-Thigh,200.0,accuracy,0.7167011499404907
ResNet-SE-5,Supervised,UCI,MLP,Full Finetune,HAR,UCI,25.0,accuracy,0.8159420490264893
ResNet-SE-5,Supervised,UCI,MLP,Full Finetune,HAR,UCI,25.0,accuracy,0.7840579748153687
ResNet-SE-5,Supervised,KH,MLP,Full Finetune,HAR,KH,25.0,accuracy,0.5416666865348816
ResNet-SE-5,Supervised,RW-Thigh,MLP,Full Finetune,HAR,RW-Thigh,200.0,accuracy,0.6942719221115112
ResNet-SE-5,Supervised,MS,MLP,Full Finetune,HAR,MS,25.0,accuracy,0.7250470519065857
ResNet-SE-5,Supervised,RW-Thigh,MLP,Full Finetune,HAR,RW-Thigh,10.0,accuracy,0.6645962595939636
ResNet-SE-5,Supervised,UCI,MLP,Full Finetune,HAR,UCI,100.0,accuracy,0.9188405871391296
ResNet-SE-5,Supervised,WISDM,MLP,Full Finetune,HAR,WISDM,10.0,accuracy,0.6766512989997864
ResNet-SE-5,Supervised,WISDM,MLP,Full Finetune,HAR,WISDM,1000.0,accuracy,0.8260368704795837
ResNet-SE-5,TFC,RW-Waist,MLP,Full Finetune,HAR,RW-Waist,1.0,accuracy,0.3800154328346252
ResNet-SE-5,TFC,WISDM,MLP,Full Finetune,HAR,WISDM,50.0,accuracy,0.8317972421646118
ResNet-SE-5,TFC,RW-Waist,MLP,Full Finetune,HAR,RW-Waist,1000.0,accuracy,0.7449845671653748
ResNet-SE-5,TFC,RW-Waist,MLP,Freeze,HAR,RW-Waist,200.0,accuracy,0.6655092835426331
ResNet-SE-5,TFC,WISDM,MLP,Full Finetune,HAR,WISDM,5.0,accuracy,0.7526881694793701
ResNet-SE-5,TFC,RW-Waist,MLP,Full Finetune,HAR,RW-Waist,25.0,accuracy,0.6902006268501282
ResNet-SE-5,TFC,RW-Thigh,MLP,Full Finetune,HAR,RW-Thigh,1.0,accuracy,0.1501035243272781
ResNet-SE-5,TFC,RW-Thigh,MLP,Freeze,HAR,RW-Thigh,5.0,accuracy,0.5062111616134644
ResNet-SE-5,TFC,KH,MLP,Freeze,HAR,KH,25.0,accuracy,0.6180555820465088
ResNet-SE-5,TFC,MS,MLP,Freeze,HAR,MS,1.0,accuracy,0.2476459443569183
ResNet-SE-5,TFC,RW-Thigh,MLP,Full Finetune,HAR,RW-Thigh,100.0,accuracy,0.760869562625885
ResNet-SE-5,TFC,WISDM,MLP,Freeze,HAR,WISDM,100.0,accuracy,0.7718893885612488
ResNet-SE-5,TFC,KH,MLP,Freeze,HAR,KH,200.0,accuracy,0.6805555820465088
ResNet-SE-5,TFC,RW-Thigh,MLP,Full Finetune,HAR,RW-Thigh,25.0,accuracy,0.759834349155426
ResNet-SE-5,TFC,UCI,MLP,Freeze,HAR,UCI,200.0,accuracy,0.7536231875419617
ResNet-SE-5,TFC,MS,MLP,Full Finetune,HAR,MS,10.0,accuracy,0.7824859023094177
ResNet-SE-5,TFC,UCI,MLP,Full Finetune,HAR,UCI,5.0,accuracy,0.6739130616188049
ResNet-SE-5,TFC,MS,MLP,Full Finetune,HAR,MS,50.0,accuracy,0.9001883268356323
ResNet-SE-5,TFC,KH,MLP,Full Finetune,HAR,KH,10.0,accuracy,0.6597222089767456
ResNet-SE-5,TFC,MS,MLP,Freeze,HAR,MS,200.0,accuracy,0.7871939539909363
ResNet-SE-5,TFC,RW-Thigh,MLP,Freeze,HAR,RW-Thigh,10.0,accuracy,0.558661162853241
ResNet-SE-5,TFC,UCI,MLP,Freeze,HAR,UCI,100.0,accuracy,0.7376811504364014
ResNet-SE-5,TFC,MS,MLP,Freeze,HAR,MS,25.0,accuracy,0.7015066146850586
ResNet-SE-5,TFC,WISDM,MLP,Freeze,HAR,WISDM,50.0,accuracy,0.7611367106437683
ResNet-SE-5,TFC,KH,MLP,Freeze,HAR,KH,1.0,accuracy,0.4444444477558136
ResNet-SE-5,TFC,WISDM,MLP,Freeze,HAR,WISDM,1.0,accuracy,0.1605222672224044
ResNet-SE-5,TFC,KH,MLP,Freeze,HAR,KH,5.0,accuracy,0.5555555820465088
ResNet-SE-5,TFC,WISDM,MLP,Freeze,HAR,WISDM,200.0,accuracy,0.7761136889457703
ResNet-SE-5,TFC,MS,MLP,Full Finetune,HAR,MS,1.0,accuracy,0.5047081112861633
ResNet-SE-5,TFC,RW-Thigh,MLP,Freeze,HAR,RW-Thigh,100.0,accuracy,0.6984127163887024
ResNet-SE-5,TFC,RW-Waist,MLP,Freeze,HAR,RW-Waist,1.0,accuracy,0.1670524626970291
ResNet-SE-5,TFC,RW-Waist,MLP,Full Finetune,HAR,RW-Waist,100.0,accuracy,0.689428985118866
ResNet-SE-5,TFC,UCI,MLP,Full Finetune,HAR,UCI,50.0,accuracy,0.8014492988586426
ResNet-SE-5,TFC,RW-Thigh,MLP,Freeze,HAR,RW-Thigh,50.0,accuracy,0.6953071355819702
ResNet-SE-5,TFC,RW-Waist,MLP,Freeze,HAR,RW-Waist,100.0,accuracy,0.6523919701576233
ResNet-SE-5,TFC,RW-Waist,MLP,Full Finetune,HAR,RW-Waist,50.0,accuracy,0.6840277910232544
ResNet-SE-5,TFC,WISDM,MLP,Freeze,HAR,WISDM,25.0,accuracy,0.6578341126441956
ResNet-SE-5,TFC,KH,MLP,Freeze,HAR,KH,100.0,accuracy,0.6666666865348816
ResNet-SE-5,TFC,UCI,MLP,Freeze,HAR,UCI,10.0,accuracy,0.6231883764266968
ResNet-SE-5,TFC,WISDM,MLP,Full Finetune,HAR,WISDM,10.0,accuracy,0.7703533172607422
ResNet-SE-5,TFC,MS,MLP,Freeze,HAR,MS,100.0,accuracy,0.7853107452392578
ResNet-SE-5,TFC,KH,MLP,Freeze,HAR,KH,1000.0,accuracy,0.6458333134651184
ResNet-SE-5,TFC,WISDM,MLP,Full Finetune,HAR,WISDM,1.0,accuracy,0.4281874001026153
ResNet-SE-5,TFC,UCI,MLP,Freeze,HAR,UCI,1000.0,accuracy,0.7420290112495422
ResNet-SE-5,TFC,UCI,MLP,Freeze,HAR,UCI,1.0,accuracy,0.4043478369712829
ResNet-SE-5,TFC,MS,MLP,Freeze,HAR,MS,10.0,accuracy,0.5866289734840393
ResNet-SE-5,TFC,UCI,MLP,Full Finetune,HAR,UCI,200.0,accuracy,0.9463768005371094
ResNet-SE-5,TFC,UCI,MLP,Freeze,HAR,UCI,25.0,accuracy,0.6666666865348816
ResNet-SE-5,TFC,KH,MLP,Full Finetune,HAR,KH,5.0,accuracy,0.6319444179534912
ResNet-SE-5,TFC,RW-Waist,MLP,Freeze,HAR,RW-Waist,25.0,accuracy,0.595678985118866
ResNet-SE-5,TFC,RW-Waist,MLP,Freeze,HAR,RW-Waist,5.0,accuracy,0.4340277910232544
ResNet-SE-5,TFC,RW-Waist,MLP,Full Finetune,HAR,RW-Waist,10.0,accuracy,0.5999228358268738
ResNet-SE-5,TFC,RW-Thigh,MLP,Freeze,HAR,RW-Thigh,1000.0,accuracy,0.7046238780021667
ResNet-SE-5,TFC,MS,MLP,Full Finetune,HAR,MS,25.0,accuracy,0.8804143071174622
ResNet-SE-5,TFC,MS,MLP,Freeze,HAR,MS,1000.0,accuracy,0.7853107452392578
ResNet-SE-5,TFC,RW-Thigh,MLP,Full Finetune,HAR,RW-Thigh,200.0,accuracy,0.6894409656524658
ResNet-SE-5,TFC,KH,MLP,Full Finetune,HAR,KH,25.0,accuracy,0.6944444179534912
ResNet-SE-5,TFC,WISDM,MLP,Freeze,HAR,WISDM,5.0,accuracy,0.5602918863296509
ResNet-SE-5,TFC,KH,MLP,Full Finetune,HAR,KH,1000.0,accuracy,0.7430555820465088
ResNet-SE-5,TFC,RW-Thigh,MLP,Freeze,HAR,RW-Thigh,1.0,accuracy,0.1466528624296188
ResNet-SE-5,TFC,RW-Thigh,MLP,Full Finetune,HAR,RW-Thigh,50.0,accuracy,0.7280883193016052
ResNet-SE-5,TFC,MS,MLP,Freeze,HAR,MS,50.0,accuracy,0.7589454054832458
ResNet-SE-5,TFC,RW-Thigh,MLP,Full Finetune,HAR,RW-Thigh,10.0,accuracy,0.7125604152679443
ResNet-SE-5,TFC,RW-Thigh,MLP,Freeze,HAR,RW-Thigh,200.0,accuracy,0.7187715768814087
ResNet-SE-5,TFC,MS,MLP,Full Finetune,HAR,MS,5.0,accuracy,0.6892655491828918
ResNet-SE-5,TFC,WISDM,MLP,Freeze,HAR,WISDM,10.0,accuracy,0.5787250399589539
ResNet-SE-5,TFC,RW-Waist,MLP,Freeze,HAR,RW-Waist,50.0,accuracy,0.6423611044883728
ResNet-SE-5,TFC,UCI,MLP,Full Finetune,HAR,UCI,10.0,accuracy,0.7565217614173889
ResNet-SE-5,TFC,KH,MLP,Freeze,HAR,KH,50.0,accuracy,0.6458333134651184
ResNet-SE-5,TFC,UCI,MLP,Freeze,HAR,UCI,50.0,accuracy,0.6884058117866516
ResNet-SE-5,TFC,UCI,MLP,Full Finetune,HAR,UCI,1000.0,accuracy,0.947826087474823
ResNet-SE-5,TFC,MS,MLP,Full Finetune,HAR,MS,100.0,accuracy,0.9284369349479676
ResNet-SE-5,TFC,WISDM,MLP,Full Finetune,HAR,WISDM,25.0,accuracy,0.7788018584251404
ResNet-SE-5,TFC,MS,MLP,Freeze,HAR,MS,5.0,accuracy,0.5941619873046875
ResNet-SE-5,TFC,RW-Waist,MLP,Full Finetune,HAR,RW-Waist,5.0,accuracy,0.5829475522041321
ResNet-SE-5,TFC,UCI,MLP,Full Finetune,HAR,UCI,25.0,accuracy,0.782608687877655
ResNet-SE-5,TFC,MS,MLP,Full Finetune,HAR,MS,1000.0,accuracy,0.9265536665916444
ResNet-SE-5,TFC,UCI,MLP,Full Finetune,HAR,UCI,100.0,accuracy,0.9362319111824036
ResNet-SE-5,TFC,UCI,MLP,Full Finetune,HAR,UCI,1.0,accuracy,0.491304337978363
ResNet-SE-5,TFC,WISDM,MLP,Full Finetune,HAR,WISDM,200.0,accuracy,0.8421658873558044
ResNet-SE-5,TFC,RW-Waist,MLP,Full Finetune,HAR,RW-Waist,200.0,accuracy,0.7527006268501282
ResNet-SE-5,TFC,KH,MLP,Full Finetune,HAR,KH,200.0,accuracy,0.7222222089767456
ResNet-SE-5,TFC,RW-Thigh,MLP,Full Finetune,HAR,RW-Thigh,1000.0,accuracy,0.828157365322113
ResNet-SE-5,TFC,KH,MLP,Full Finetune,HAR,KH,1.0,accuracy,0.5208333134651184
ResNet-SE-5,TFC,RW-Thigh,MLP,Freeze,HAR,RW-Thigh,25.0,accuracy,0.6711525321006775
ResNet-SE-5,TFC,WISDM,MLP,Full Finetune,HAR,WISDM,100.0,accuracy,0.8168202638626099
ResNet-SE-5,TFC,KH,MLP,Full Finetune,HAR,KH,50.0,accuracy,0.7222222089767456
ResNet-SE-5,TFC,WISDM,MLP,Full Finetune,HAR,WISDM,1000.0,accuracy,0.8686636090278625
ResNet-SE-5,TFC,RW-Thigh,MLP,Full Finetune,HAR,RW-Thigh,5.0,accuracy,0.6124913692474365
ResNet-SE-5,TFC,UCI,MLP,Freeze,HAR,UCI,5.0,accuracy,0.52173912525177
ResNet-SE-5,TFC,KH,MLP,Freeze,HAR,KH,10.0,accuracy,0.5763888955116272
ResNet-SE-5,TFC,RW-Waist,MLP,Freeze,HAR,RW-Waist,10.0,accuracy,0.5266203880310059
ResNet-SE-5,TFC,RW-Waist,MLP,Freeze,HAR,RW-Waist,1000.0,accuracy,0.6747685074806213
ResNet-SE-5,TFC,WISDM,MLP,Freeze,HAR,WISDM,1000.0,accuracy,0.7853302359580994
ResNet-SE-5,TFC,MS,MLP,Full Finetune,HAR,MS,200.0,accuracy,0.921845555305481
ResNet-SE-5,TFC,KH,MLP,Full Finetune,HAR,KH,100.0,accuracy,0.7291666865348816
ResNet-SE-5,TFC,UCI,MLP,Freeze,HAR,UCI,1.0,accuracy,0.1942028999328613
ResNet-SE-5,TFC,RW-Waist,MLP,Full Finetune,HAR,RW-Waist,200.0,accuracy,0.7557870149612427
ResNet-SE-5,TFC,MS,MLP,Full Finetune,HAR,MS,1000.0,accuracy,0.9133710265159608
ResNet-SE-5,TFC,UCI,MLP,Freeze,HAR,UCI,5.0,accuracy,0.5898550748825073
ResNet-SE-5,TFC,RW-Thigh,MLP,Freeze,HAR,RW-Thigh,5.0,accuracy,0.4761904776096344
ResNet-SE-5,TFC,RW-Thigh,MLP,Full Finetune,HAR,RW-Thigh,10.0,accuracy,0.6494134068489075
ResNet-SE-5,TFC,KH,MLP,Full Finetune,HAR,KH,50.0,accuracy,0.7430555820465088
ResNet-SE-5,TFC,RW-Waist,MLP,Full Finetune,HAR,RW-Waist,25.0,accuracy,0.6797839403152466
ResNet-SE-5,TFC,MS,MLP,Full Finetune,HAR,MS,200.0,accuracy,0.920903980731964
ResNet-SE-5,TFC,KH,MLP,Freeze,HAR,KH,1.0,accuracy,0.3333333432674408
ResNet-SE-5,TFC,KH,MLP,Freeze,HAR,KH,1000.0,accuracy,0.6944444179534912
ResNet-SE-5,TFC,MS,MLP,Freeze,HAR,MS,50.0,accuracy,0.6845574378967285
ResNet-SE-5,TFC,KH,MLP,Freeze,HAR,KH,5.0,accuracy,0.5833333134651184
ResNet-SE-5,TFC,KH,MLP,Freeze,HAR,KH,100.0,accuracy,0.6736111044883728
ResNet-SE-5,TFC,RW-Thigh,MLP,Full Finetune,HAR,RW-Thigh,50.0,accuracy,0.7501725554466248
ResNet-SE-5,TFC,UCI,MLP,Freeze,HAR,UCI,200.0,accuracy,0.7318840622901917
ResNet-SE-5,TFC,RW-Waist,MLP,Full Finetune,HAR,RW-Waist,10.0,accuracy,0.6712962985038757
ResNet-SE-5,TFC,RW-Waist,MLP,Freeze,HAR,RW-Waist,10.0,accuracy,0.5169752836227417
ResNet-SE-5,TFC,RW-Thigh,MLP,Freeze,HAR,RW-Thigh,100.0,accuracy,0.6953071355819702
ResNet-SE-5,TFC,WISDM,MLP,Full Finetune,HAR,WISDM,1.0,accuracy,0.4523809552192688
ResNet-SE-5,TFC,UCI,MLP,Freeze,HAR,UCI,1000.0,accuracy,0.7536231875419617
ResNet-SE-5,TFC,MS,MLP,Freeze,HAR,MS,100.0,accuracy,0.729755163192749
ResNet-SE-5,TFC,UCI,MLP,Full Finetune,HAR,UCI,25.0,accuracy,0.7753623127937317
ResNet-SE-5,TFC,RW-Waist,MLP,Freeze,HAR,RW-Waist,200.0,accuracy,0.698688268661499
ResNet-SE-5,TFC,WISDM,MLP,Freeze,HAR,WISDM,5.0,accuracy,0.4857910871505737
ResNet-SE-5,TFC,UCI,MLP,Full Finetune,HAR,UCI,200.0,accuracy,0.9434782862663268
ResNet-SE-5,TFC,UCI,MLP,Freeze,HAR,UCI,25.0,accuracy,0.7072463631629944
ResNet-SE-5,TFC,UCI,MLP,Full Finetune,HAR,UCI,1.0,accuracy,0.5333333611488342
ResNet-SE-5,TFC,UCI,MLP,Full Finetune,HAR,UCI,5.0,accuracy,0.7101449370384216
ResNet-SE-5,TFC,RW-Thigh,MLP,Freeze,HAR,RW-Thigh,1.0,accuracy,0.2622498273849487
ResNet-SE-5,TFC,RW-Thigh,MLP,Freeze,HAR,RW-Thigh,1000.0,accuracy,0.7122153043746948
ResNet-SE-5,TFC,WISDM,MLP,Full Finetune,HAR,WISDM,25.0,accuracy,0.7119815945625305
ResNet-SE-5,TFC,UCI,MLP,Freeze,HAR,UCI,50.0,accuracy,0.686956524848938
ResNet-SE-5,TFC,MS,MLP,Freeze,HAR,MS,200.0,accuracy,0.7551789283752441
ResNet-SE-5,TFC,UCI,MLP,Freeze,HAR,UCI,10.0,accuracy,0.708695650100708
ResNet-SE-5,TFC,MS,MLP,Freeze,HAR,MS,5.0,accuracy,0.4510357677936554
ResNet-SE-5,TFC,WISDM,MLP,Freeze,HAR,WISDM,100.0,accuracy,0.807603657245636
ResNet-SE-5,TFC,KH,MLP,Freeze,HAR,KH,200.0,accuracy,0.6805555820465088
ResNet-SE-5,TFC,WISDM,MLP,Freeze,HAR,WISDM,10.0,accuracy,0.5856375098228455
ResNet-SE-5,TFC,RW-Waist,MLP,Freeze,HAR,RW-Waist,25.0,accuracy,0.5810185074806213
ResNet-SE-5,TFC,KH,MLP,Full Finetune,HAR,KH,5.0,accuracy,0.7083333134651184
ResNet-SE-5,TFC,MS,MLP,Full Finetune,HAR,MS,100.0,accuracy,0.8888888955116272
ResNet-SE-5,TFC,WISDM,MLP,Freeze,HAR,WISDM,1.0,accuracy,0.2692012190818786
ResNet-SE-5,TFC,RW-Waist,MLP,Freeze,HAR,RW-Waist,50.0,accuracy,0.6724537014961243
ResNet-SE-5,TFC,WISDM,MLP,Full Finetune,HAR,WISDM,200.0,accuracy,0.8667434453964233
ResNet-SE-5,TFC,RW-Waist,MLP,Full Finetune,HAR,RW-Waist,100.0,accuracy,0.758873462677002
ResNet-SE-5,TFC,RW-Thigh,MLP,Full Finetune,HAR,RW-Thigh,100.0,accuracy,0.7601794600486755
ResNet-SE-5,TFC,UCI,MLP,Full Finetune,HAR,UCI,50.0,accuracy,0.8594202995300293
ResNet-SE-5,TFC,KH,MLP,Full Finetune,HAR,KH,10.0,accuracy,0.6805555820465088
ResNet-SE-5,TFC,MS,MLP,Full Finetune,HAR,MS,1.0,accuracy,0.2824858725070953
ResNet-SE-5,TFC,RW-Waist,MLP,Full Finetune,HAR,RW-Waist,1.0,accuracy,0.5528549551963806
ResNet-SE-5,TFC,RW-Thigh,MLP,Full Finetune,HAR,RW-Thigh,200.0,accuracy,0.7881297469139099
ResNet-SE-5,TFC,WISDM,MLP,Full Finetune,HAR,WISDM,10.0,accuracy,0.5176651477813721
ResNet-SE-5,TFC,KH,MLP,Full Finetune,HAR,KH,25.0,accuracy,0.7361111044883728
ResNet-SE-5,TFC,WISDM,MLP,Full Finetune,HAR,WISDM,5.0,accuracy,0.7127496004104614
ResNet-SE-5,TFC,RW-Thigh,MLP,Freeze,HAR,RW-Thigh,200.0,accuracy,0.7084196209907532
ResNet-SE-5,TFC,RW-Thigh,MLP,Full Finetune,HAR,RW-Thigh,5.0,accuracy,0.6042097806930542
ResNet-SE-5,TFC,MS,MLP,Freeze,HAR,MS,1000.0,accuracy,0.7410545945167542
ResNet-SE-5,TFC,WISDM,MLP,Full Finetune,HAR,WISDM,100.0,accuracy,0.8287250399589539
ResNet-SE-5,TFC,RW-Waist,MLP,Freeze,HAR,RW-Waist,1000.0,accuracy,0.6820987462997437
ResNet-SE-5,TFC,WISDM,MLP,Freeze,HAR,WISDM,50.0,accuracy,0.7753456234931946
ResNet-SE-5,TFC,KH,MLP,Freeze,HAR,KH,50.0,accuracy,0.6944444179534912
ResNet-SE-5,TFC,MS,MLP,Full Finetune,HAR,MS,5.0,accuracy,0.6977401375770569
ResNet-SE-5,TFC,RW-Thigh,MLP,Freeze,HAR,RW-Thigh,50.0,accuracy,0.7070393562316895
ResNet-SE-5,TFC,MS,MLP,Freeze,HAR,MS,1.0,accuracy,0.1346516013145446
ResNet-SE-5,TFC,KH,MLP,Full Finetune,HAR,KH,200.0,accuracy,0.7430555820465088
ResNet-SE-5,TFC,KH,MLP,Full Finetune,HAR,KH,1000.0,accuracy,0.7291666865348816
ResNet-SE-5,TFC,WISDM,MLP,Freeze,HAR,WISDM,25.0,accuracy,0.7273425459861755
ResNet-SE-5,TFC,RW-Waist,MLP,Freeze,HAR,RW-Waist,5.0,accuracy,0.3881172835826874
ResNet-SE-5,TFC,KH,MLP,Full Finetune,HAR,KH,100.0,accuracy,0.7708333134651184
ResNet-SE-5,TFC,MS,MLP,Full Finetune,HAR,MS,10.0,accuracy,0.7052730917930603
ResNet-SE-5,TFC,WISDM,MLP,Freeze,HAR,WISDM,1000.0,accuracy,0.7910906076431274
ResNet-SE-5,TFC,MS,MLP,Freeze,HAR,MS,25.0,accuracy,0.6939736604690552
ResNet-SE-5,TFC,RW-Thigh,MLP,Full Finetune,HAR,RW-Thigh,1000.0,accuracy,0.8105590343475342
ResNet-SE-5,TFC,RW-Waist,MLP,Freeze,HAR,RW-Waist,1.0,accuracy,0.1385030895471573
ResNet-SE-5,TFC,KH,MLP,Freeze,HAR,KH,10.0,accuracy,0.5625
ResNet-SE-5,TFC,RW-Waist,MLP,Full Finetune,HAR,RW-Waist,50.0,accuracy,0.7635030746459961
ResNet-SE-5,TFC,UCI,MLP,Full Finetune,HAR,UCI,10.0,accuracy,0.7753623127937317
ResNet-SE-5,TFC,RW-Waist,MLP,Freeze,HAR,RW-Waist,100.0,accuracy,0.6778549551963806
ResNet-SE-5,TFC,KH,MLP,Freeze,HAR,KH,25.0,accuracy,0.6527777910232544
ResNet-SE-5,TFC,MS,MLP,Full Finetune,HAR,MS,25.0,accuracy,0.8323917388916016
ResNet-SE-5,TFC,KH,MLP,Full Finetune,HAR,KH,1.0,accuracy,0.5763888955116272
ResNet-SE-5,TFC,RW-Waist,MLP,Full Finetune,HAR,RW-Waist,1000.0,accuracy,0.7905092835426331
ResNet-SE-5,TFC,MS,MLP,Full Finetune,HAR,MS,50.0,accuracy,0.8860640525817871
ResNet-SE-5,TFC,WISDM,MLP,Full Finetune,HAR,WISDM,1000.0,accuracy,0.8682795763015747
ResNet-SE-5,TFC,RW-Thigh,MLP,Freeze,HAR,RW-Thigh,10.0,accuracy,0.5517598390579224
ResNet-SE-5,TFC,RW-Thigh,MLP,Full Finetune,HAR,RW-Thigh,25.0,accuracy,0.7670807242393494
ResNet-SE-5,TFC,WISDM,MLP,Full Finetune,HAR,WISDM,50.0,accuracy,0.8172042965888977
ResNet-SE-5,TFC,UCI,MLP,Full Finetune,HAR,UCI,100.0,accuracy,0.91304349899292
ResNet-SE-5,TFC,WISDM,MLP,Freeze,HAR,WISDM,200.0,accuracy,0.7910906076431274
ResNet-SE-5,TFC,RW-Waist,MLP,Full Finetune,HAR,RW-Waist,5.0,accuracy,0.6296296119689941
ResNet-SE-5,TFC,UCI,MLP,Full Finetune,HAR,UCI,1000.0,accuracy,0.9550724625587464
ResNet-SE-5,TFC,MS,MLP,Freeze,HAR,MS,10.0,accuracy,0.5885122418403625
ResNet-SE-5,TFC,RW-Thigh,MLP,Full Finetune,HAR,RW-Thigh,1.0,accuracy,0.3347136080265045
ResNet-SE-5,TFC,UCI,MLP,Freeze,HAR,UCI,100.0,accuracy,0.7333333492279053
ResNet-SE-5,TFC,RW-Thigh,MLP,Freeze,HAR,RW-Thigh,25.0,accuracy,0.6908212304115295
ResNet-SE-5,TFC,WISDM,MLP,Freeze,HAR,WISDM,100.0,accuracy,0.7549923062324524
ResNet-SE-5,TFC,WISDM,MLP,Freeze,HAR,WISDM,200.0,accuracy,0.7657449841499329
ResNet-SE-5,TFC,KH,MLP,Freeze,HAR,KH,25.0,accuracy,0.6736111044883728
ResNet-SE-5,TFC,MS,MLP,Full Finetune,HAR,MS,1.0,accuracy,0.4077212810516357
ResNet-SE-5,TFC,RW-Thigh,MLP,Full Finetune,HAR,RW-Thigh,10.0,accuracy,0.578329861164093
ResNet-SE-5,TFC,RW-Thigh,MLP,Freeze,HAR,RW-Thigh,50.0,accuracy,0.6438923478126526
ResNet-SE-5,TFC,UCI,MLP,Full Finetune,HAR,UCI,1000.0,accuracy,0.947826087474823
ResNet-SE-5,TFC,KH,MLP,Freeze,HAR,KH,200.0,accuracy,0.6875
ResNet-SE-5,TFC,UCI,MLP,Full Finetune,HAR,UCI,100.0,accuracy,0.9101449251174928
ResNet-SE-5,TFC,KH,MLP,Freeze,HAR,KH,1.0,accuracy,0.2430555522441864
ResNet-SE-5,TFC,RW-Thigh,MLP,Freeze,HAR,RW-Thigh,10.0,accuracy,0.1649413406848907
ResNet-SE-5,TFC,KH,MLP,Full Finetune,HAR,KH,25.0,accuracy,0.7291666865348816
ResNet-SE-5,TFC,MS,MLP,Freeze,HAR,MS,200.0,accuracy,0.7401130199432373
ResNet-SE-5,TFC,RW-Thigh,MLP,Full Finetune,HAR,RW-Thigh,1000.0,accuracy,0.7187715768814087
ResNet-SE-5,TFC,MS,MLP,Freeze,HAR,MS,25.0,accuracy,0.6836158037185669
ResNet-SE-5,TFC,RW-Thigh,MLP,Full Finetune,HAR,RW-Thigh,200.0,accuracy,0.7387853860855103
ResNet-SE-5,TFC,KH,MLP,Freeze,HAR,KH,50.0,accuracy,0.6736111044883728
ResNet-SE-5,TFC,WISDM,MLP,Full Finetune,HAR,WISDM,1000.0,accuracy,0.8536866307258606
ResNet-SE-5,TFC,UCI,MLP,Full Finetune,HAR,UCI,200.0,accuracy,0.9521738886833192
ResNet-SE-5,TFC,KH,MLP,Freeze,HAR,KH,10.0,accuracy,0.6527777910232544
ResNet-SE-5,TFC,UCI,MLP,Full Finetune,HAR,UCI,5.0,accuracy,0.7652173638343811
ResNet-SE-5,TFC,RW-Waist,MLP,Freeze,HAR,RW-Waist,50.0,accuracy,0.6577932238578796
ResNet-SE-5,TFC,WISDM,MLP,Freeze,HAR,WISDM,25.0,accuracy,0.5810291767120361
ResNet-SE-5,TFC,UCI,MLP,Freeze,HAR,UCI,1000.0,accuracy,0.7594202756881714
ResNet-SE-5,TFC,WISDM,MLP,Full Finetune,HAR,WISDM,1.0,accuracy,0.25
ResNet-SE-5,TFC,RW-Waist,MLP,Freeze,HAR,RW-Waist,1000.0,accuracy,0.6755401492118835
ResNet-SE-5,TFC,KH,MLP,Freeze,HAR,KH,100.0,accuracy,0.7222222089767456
ResNet-SE-5,TFC,RW-Waist,MLP,Freeze,HAR,RW-Waist,200.0,accuracy,0.6832561492919922
ResNet-SE-5,TFC,RW-Thigh,MLP,Full Finetune,HAR,RW-Thigh,25.0,accuracy,0.7104899883270264
ResNet-SE-5,TFC,MS,MLP,Full Finetune,HAR,MS,200.0,accuracy,0.8578154444694519
ResNet-SE-5,TFC,RW-Waist,MLP,Freeze,HAR,RW-Waist,10.0,accuracy,0.6006944179534912
ResNet-SE-5,TFC,MS,MLP,Freeze,HAR,MS,100.0,accuracy,0.7467043399810791
ResNet-SE-5,TFC,RW-Waist,MLP,Freeze,HAR,RW-Waist,1.0,accuracy,0.1531635820865631
ResNet-SE-5,TFC,KH,MLP,Full Finetune,HAR,KH,50.0,accuracy,0.7986111044883728
ResNet-SE-5,TFC,UCI,MLP,Freeze,HAR,UCI,100.0,accuracy,0.7492753863334656
ResNet-SE-5,TFC,UCI,MLP,Freeze,HAR,UCI,200.0,accuracy,0.7739130258560181
ResNet-SE-5,TFC,KH,MLP,Full Finetune,HAR,KH,1000.0,accuracy,0.7361111044883728
ResNet-SE-5,TFC,RW-Waist,MLP,Full Finetune,HAR,RW-Waist,50.0,accuracy,0.7040895223617554
ResNet-SE-5,TFC,KH,MLP,Full Finetune,HAR,KH,100.0,accuracy,0.75
ResNet-SE-5,TFC,KH,MLP,Freeze,HAR,KH,1000.0,accuracy,0.6944444179534912
ResNet-SE-5,TFC,RW-Thigh,MLP,Freeze,HAR,RW-Thigh,1000.0,accuracy,0.6970324516296387
ResNet-SE-5,TFC,RW-Waist,MLP,Full Finetune,HAR,RW-Waist,200.0,accuracy,0.7854938507080078
ResNet-SE-5,TFC,RW-Waist,MLP,Full Finetune,HAR,RW-Waist,100.0,accuracy,0.7226080298423767
ResNet-SE-5,TFC,MS,MLP,Full Finetune,HAR,MS,1000.0,accuracy,0.901129961013794
ResNet-SE-5,TFC,WISDM,MLP,Full Finetune,HAR,WISDM,5.0,accuracy,0.6539938449859619
ResNet-SE-5,TFC,WISDM,MLP,Freeze,HAR,WISDM,5.0,accuracy,0.5610598921775818
ResNet-SE-5,TFC,RW-Thigh,MLP,Freeze,HAR,RW-Thigh,1.0,accuracy,0.1197377517819404
ResNet-SE-5,TFC,WISDM,MLP,Full Finetune,HAR,WISDM,25.0,accuracy,0.7519201040267944
ResNet-SE-5,TFC,RW-Waist,MLP,Full Finetune,HAR,RW-Waist,1000.0,accuracy,0.772376537322998
ResNet-SE-5,TFC,WISDM,MLP,Full Finetune,HAR,WISDM,200.0,accuracy,0.8341013789176941
ResNet-SE-5,TFC,WISDM,MLP,Freeze,HAR,WISDM,1000.0,accuracy,0.7822580933570862
ResNet-SE-5,TFC,RW-Waist,MLP,Freeze,HAR,RW-Waist,5.0,accuracy,0.5285493731498718
ResNet-SE-5,TFC,UCI,MLP,Freeze,HAR,UCI,50.0,accuracy,0.7536231875419617
ResNet-SE-5,TFC,MS,MLP,Freeze,HAR,MS,50.0,accuracy,0.7241054773330688
ResNet-SE-5,TFC,WISDM,MLP,Freeze,HAR,WISDM,10.0,accuracy,0.5587557554244995
ResNet-SE-5,TFC,RW-Thigh,MLP,Full Finetune,HAR,RW-Thigh,50.0,accuracy,0.7553485035896301
ResNet-SE-5,TFC,MS,MLP,Freeze,HAR,MS,1.0,accuracy,0.1676082909107208
ResNet-SE-5,TFC,UCI,MLP,Freeze,HAR,UCI,1.0,accuracy,0.0956521704792976
ResNet-SE-5,TFC,UCI,MLP,Full Finetune,HAR,UCI,1.0,accuracy,0.4289855062961578
ResNet-SE-5,TFC,MS,MLP,Full Finetune,HAR,MS,25.0,accuracy,0.7608286142349243
ResNet-SE-5,TFC,UCI,MLP,Freeze,HAR,UCI,10.0,accuracy,0.6826087236404419
ResNet-SE-5,TFC,RW-Thigh,MLP,Freeze,HAR,RW-Thigh,25.0,accuracy,0.6290545463562012
ResNet-SE-5,TFC,MS,MLP,Full Finetune,HAR,MS,100.0,accuracy,0.9124293923377992
ResNet-SE-5,TFC,WISDM,MLP,Full Finetune,HAR,WISDM,10.0,accuracy,0.7473118305206299
ResNet-SE-5,TFC,UCI,MLP,Freeze,HAR,UCI,5.0,accuracy,0.6637681126594543
ResNet-SE-5,TFC,KH,MLP,Full Finetune,HAR,KH,5.0,accuracy,0.6041666865348816
ResNet-SE-5,TFC,MS,MLP,Freeze,HAR,MS,1000.0,accuracy,0.743879497051239
ResNet-SE-5,TFC,RW-Waist,MLP,Full Finetune,HAR,RW-Waist,1.0,accuracy,0.1643518507480621
ResNet-SE-5,TFC,KH,MLP,Freeze,HAR,KH,5.0,accuracy,0.5833333134651184
ResNet-SE-5,TFC,RW-Thigh,MLP,Freeze,HAR,RW-Thigh,5.0,accuracy,0.437543123960495
ResNet-SE-5,TFC,MS,MLP,Full Finetune,HAR,MS,50.0,accuracy,0.9293785095214844
ResNet-SE-5,TFC,UCI,MLP,Full Finetune,HAR,UCI,25.0,accuracy,0.8579710125923157
ResNet-SE-5,TFC,WISDM,MLP,Freeze,HAR,WISDM,1.0,accuracy,0.1881720423698425
ResNet-SE-5,TFC,MS,MLP,Full Finetune,HAR,MS,5.0,accuracy,0.6572504639625549
ResNet-SE-5,TFC,RW-Waist,MLP,Full Finetune,HAR,RW-Waist,5.0,accuracy,0.6732252836227417
ResNet-SE-5,TFC,RW-Thigh,MLP,Freeze,HAR,RW-Thigh,200.0,accuracy,0.6901311278343201
ResNet-SE-5,TFC,MS,MLP,Full Finetune,HAR,MS,10.0,accuracy,0.6440678238868713
ResNet-SE-5,TFC,RW-Waist,MLP,Freeze,HAR,RW-Waist,100.0,accuracy,0.6782407164573669
ResNet-SE-5,TFC,RW-Thigh,MLP,Full Finetune,HAR,RW-Thigh,1.0,accuracy,0.221187025308609
ResNet-SE-5,TFC,KH,MLP,Full Finetune,HAR,KH,10.0,accuracy,0.7986111044883728
ResNet-SE-5,TFC,RW-Thigh,MLP,Freeze,HAR,RW-Thigh,100.0,accuracy,0.6766735911369324
ResNet-SE-5,TFC,UCI,MLP,Freeze,HAR,UCI,25.0,accuracy,0.7420290112495422
ResNet-SE-5,TFC,UCI,MLP,Full Finetune,HAR,UCI,50.0,accuracy,0.8623188138008118
ResNet-SE-5,TFC,RW-Thigh,MLP,Full Finetune,HAR,RW-Thigh,100.0,accuracy,0.7753623127937317
ResNet-SE-5,TFC,UCI,MLP,Full Finetune,HAR,UCI,10.0,accuracy,0.8144927620887756
ResNet-SE-5,TFC,RW-Waist,MLP,Full Finetune,HAR,RW-Waist,10.0,accuracy,0.6840277910232544
ResNet-SE-5,TFC,RW-Thigh,MLP,Full Finetune,HAR,RW-Thigh,5.0,accuracy,0.6373360753059387
ResNet-SE-5,TFC,RW-Waist,MLP,Freeze,HAR,RW-Waist,25.0,accuracy,0.6454475522041321
ResNet-SE-5,TFC,KH,MLP,Full Finetune,HAR,KH,200.0,accuracy,0.7083333134651184
ResNet-SE-5,TFC,KH,MLP,Full Finetune,HAR,KH,1.0,accuracy,0.4513888955116272
ResNet-SE-5,TFC,WISDM,MLP,Full Finetune,HAR,WISDM,100.0,accuracy,0.8360214829444885
ResNet-SE-5,TFC,WISDM,MLP,Full Finetune,HAR,WISDM,50.0,accuracy,0.8156682252883911
ResNet-SE-5,TFC,RW-Waist,MLP,Full Finetune,HAR,RW-Waist,25.0,accuracy,0.7245370149612427
ResNet-SE-5,TFC,MS,MLP,Freeze,HAR,MS,5.0,accuracy,0.5282486081123352
ResNet-SE-5,TFC,MS,MLP,Freeze,HAR,MS,10.0,accuracy,0.543314516544342
ResNet-SE-5,TFC,WISDM,MLP,Freeze,HAR,WISDM,50.0,accuracy,0.6931643486022949
ResNet-SE-5,TNC,KH,MLP,Full Finetune,HAR,KH,1000.0,accuracy,0.6111111044883728
ResNet-SE-5,TNC,UCI,MLP,Freeze,HAR,UCI,50.0,accuracy,0.7115942239761353
ResNet-SE-5,TNC,RW-Thigh,MLP,Freeze,HAR,RW-Thigh,5.0,accuracy,0.3333333432674408
ResNet-SE-5,TNC,KH,MLP,Freeze,HAR,KH,1.0,accuracy,0.3194444477558136
ResNet-SE-5,TNC,RW-Thigh,MLP,Freeze,HAR,RW-Thigh,10.0,accuracy,0.3022774457931518
ResNet-SE-5,TNC,WISDM,MLP,Full Finetune,HAR,WISDM,10.0,accuracy,0.7154377698898315
ResNet-SE-5,TNC,MS,MLP,Freeze,HAR,MS,5.0,accuracy,0.3625235259532928
ResNet-SE-5,TNC,RW-Waist,MLP,Freeze,HAR,RW-Waist,1000.0,accuracy,0.7256944179534912
ResNet-SE-5,TNC,RW-Thigh,MLP,Freeze,HAR,RW-Thigh,1.0,accuracy,0.3647342920303345
ResNet-SE-5,TNC,RW-Thigh,MLP,Full Finetune,HAR,RW-Thigh,10.0,accuracy,0.6780538558959961
ResNet-SE-5,TNC,UCI,MLP,Full Finetune,HAR,UCI,10.0,accuracy,0.7840579748153687
ResNet-SE-5,TNC,RW-Thigh,MLP,Full Finetune,HAR,RW-Thigh,200.0,accuracy,0.6991028189659119
ResNet-SE-5,TNC,RW-Waist,MLP,Freeze,HAR,RW-Waist,25.0,accuracy,0.5493826866149902
ResNet-SE-5,TNC,WISDM,MLP,Full Finetune,HAR,WISDM,1.0,accuracy,0.7235022783279419
ResNet-SE-5,TNC,RW-Waist,MLP,Freeze,HAR,RW-Waist,1.0,accuracy,0.2970679104328155
ResNet-SE-5,TNC,KH,MLP,Freeze,HAR,KH,25.0,accuracy,0.4583333432674408
ResNet-SE-5,TNC,MS,MLP,Full Finetune,HAR,MS,10.0,accuracy,0.7137476205825806
ResNet-SE-5,TNC,MS,MLP,Full Finetune,HAR,MS,1000.0,accuracy,0.7881355881690979
ResNet-SE-5,TNC,MS,MLP,Freeze,HAR,MS,50.0,accuracy,0.6986817121505737
ResNet-SE-5,TNC,RW-Waist,MLP,Full Finetune,HAR,RW-Waist,50.0,accuracy,0.6824845671653748
ResNet-SE-5,TNC,KH,MLP,Full Finetune,HAR,KH,100.0,accuracy,0.6736111044883728
ResNet-SE-5,TNC,MS,MLP,Full Finetune,HAR,MS,5.0,accuracy,0.7015066146850586
ResNet-SE-5,TNC,WISDM,MLP,Freeze,HAR,WISDM,1.0,accuracy,0.5318740606307983
ResNet-SE-5,TNC,RW-Thigh,MLP,Full Finetune,HAR,RW-Thigh,1000.0,accuracy,0.6846100687980652
ResNet-SE-5,TNC,WISDM,MLP,Full Finetune,HAR,WISDM,5.0,accuracy,0.7146697640419006
ResNet-SE-5,TNC,MS,MLP,Full Finetune,HAR,MS,25.0,accuracy,0.7871939539909363
ResNet-SE-5,TNC,UCI,MLP,Full Finetune,HAR,UCI,25.0,accuracy,0.8144927620887756
ResNet-SE-5,TNC,MS,MLP,Freeze,HAR,MS,10.0,accuracy,0.3973634541034698
ResNet-SE-5,TNC,KH,MLP,Freeze,HAR,KH,50.0,accuracy,0.5763888955116272
ResNet-SE-5,TNC,RW-Waist,MLP,Full Finetune,HAR,RW-Waist,5.0,accuracy,0.5925925970077515
ResNet-SE-5,TNC,MS,MLP,Freeze,HAR,MS,100.0,accuracy,0.7344632744789124
ResNet-SE-5,TNC,RW-Waist,MLP,Full Finetune,HAR,RW-Waist,100.0,accuracy,0.665123462677002
ResNet-SE-5,TNC,RW-Thigh,MLP,Freeze,HAR,RW-Thigh,100.0,accuracy,0.5638371109962463
ResNet-SE-5,TNC,KH,MLP,Full Finetune,HAR,KH,50.0,accuracy,0.6180555820465088
ResNet-SE-5,TNC,UCI,MLP,Full Finetune,HAR,UCI,200.0,accuracy,0.9405797123908995
ResNet-SE-5,TNC,UCI,MLP,Freeze,HAR,UCI,1.0,accuracy,0.4739130437374115
ResNet-SE-5,TNC,MS,MLP,Full Finetune,HAR,MS,200.0,accuracy,0.920903980731964
ResNet-SE-5,TNC,UCI,MLP,Full Finetune,HAR,UCI,1.0,accuracy,0.5623188614845276
ResNet-SE-5,TNC,UCI,MLP,Full Finetune,HAR,UCI,5.0,accuracy,0.7159420251846313
ResNet-SE-5,TNC,WISDM,MLP,Full Finetune,HAR,WISDM,200.0,accuracy,0.8341013789176941
ResNet-SE-5,TNC,WISDM,MLP,Freeze,HAR,WISDM,100.0,accuracy,0.7396313548088074
ResNet-SE-5,TNC,UCI,MLP,Freeze,HAR,UCI,100.0,accuracy,0.7666666507720947
ResNet-SE-5,TNC,UCI,MLP,Full Finetune,HAR,UCI,100.0,accuracy,0.873913049697876
ResNet-SE-5,TNC,RW-Waist,MLP,Freeze,HAR,RW-Waist,10.0,accuracy,0.4313271641731262
ResNet-SE-5,TNC,RW-Thigh,MLP,Freeze,HAR,RW-Thigh,25.0,accuracy,0.5089716911315918
ResNet-SE-5,TNC,RW-Thigh,MLP,Freeze,HAR,RW-Thigh,200.0,accuracy,0.5683229565620422
ResNet-SE-5,TNC,MS,MLP,Full Finetune,HAR,MS,50.0,accuracy,0.8549906015396118
ResNet-SE-5,TNC,KH,MLP,Freeze,HAR,KH,200.0,accuracy,0.6458333134651184
ResNet-SE-5,TNC,UCI,MLP,Freeze,HAR,UCI,200.0,accuracy,0.7565217614173889
ResNet-SE-5,TNC,KH,MLP,Full Finetune,HAR,KH,25.0,accuracy,0.5347222089767456
ResNet-SE-5,TNC,UCI,MLP,Full Finetune,HAR,UCI,50.0,accuracy,0.7927536368370056
ResNet-SE-5,TNC,RW-Waist,MLP,Full Finetune,HAR,RW-Waist,25.0,accuracy,0.6716821193695068
ResNet-SE-5,TNC,WISDM,MLP,Freeze,HAR,WISDM,200.0,accuracy,0.7407833933830261
ResNet-SE-5,TNC,RW-Waist,MLP,Full Finetune,HAR,RW-Waist,1.0,accuracy,0.5146604776382446
ResNet-SE-5,TNC,KH,MLP,Full Finetune,HAR,KH,10.0,accuracy,0.6875
ResNet-SE-5,TNC,MS,MLP,Freeze,HAR,MS,1000.0,accuracy,0.8032014966011047
ResNet-SE-5,TNC,KH,MLP,Freeze,HAR,KH,10.0,accuracy,0.3611111044883728
ResNet-SE-5,TNC,KH,MLP,Full Finetune,HAR,KH,1.0,accuracy,0.5555555820465088
ResNet-SE-5,TNC,UCI,MLP,Freeze,HAR,UCI,10.0,accuracy,0.4144927561283111
ResNet-SE-5,TNC,KH,MLP,Freeze,HAR,KH,100.0,accuracy,0.625
ResNet-SE-5,TNC,RW-Waist,MLP,Freeze,HAR,RW-Waist,100.0,accuracy,0.6466049551963806
ResNet-SE-5,TNC,WISDM,MLP,Freeze,HAR,WISDM,50.0,accuracy,0.7273425459861755
ResNet-SE-5,TNC,MS,MLP,Freeze,HAR,MS,200.0,accuracy,0.8022598624229431
ResNet-SE-5,TNC,WISDM,MLP,Freeze,HAR,WISDM,1000.0,accuracy,0.7853302359580994
ResNet-SE-5,TNC,WISDM,MLP,Full Finetune,HAR,WISDM,25.0,accuracy,0.7488479018211365
ResNet-SE-5,TNC,RW-Waist,MLP,Freeze,HAR,RW-Waist,50.0,accuracy,0.5887345671653748
ResNet-SE-5,TNC,WISDM,MLP,Freeze,HAR,WISDM,25.0,accuracy,0.5860214829444885
ResNet-SE-5,TNC,KH,MLP,Freeze,HAR,KH,1000.0,accuracy,0.6597222089767456
ResNet-SE-5,TNC,RW-Waist,MLP,Full Finetune,HAR,RW-Waist,10.0,accuracy,0.6508487462997437
ResNet-SE-5,TNC,UCI,MLP,Freeze,HAR,UCI,1000.0,accuracy,0.7579709887504578
ResNet-SE-5,TNC,UCI,MLP,Full Finetune,HAR,UCI,1000.0,accuracy,0.9492753744125366
ResNet-SE-5,TNC,RW-Thigh,MLP,Freeze,HAR,RW-Thigh,50.0,accuracy,0.4882677793502807
ResNet-SE-5,TNC,WISDM,MLP,Full Finetune,HAR,WISDM,50.0,accuracy,0.7557603716850281
ResNet-SE-5,TNC,RW-Thigh,MLP,Full Finetune,HAR,RW-Thigh,50.0,accuracy,0.682539701461792
ResNet-SE-5,TNC,RW-Thigh,MLP,Full Finetune,HAR,RW-Thigh,100.0,accuracy,0.6863353848457336
ResNet-SE-5,TNC,WISDM,MLP,Freeze,HAR,WISDM,10.0,accuracy,0.5641320943832397
ResNet-SE-5,TNC,RW-Thigh,MLP,Full Finetune,HAR,RW-Thigh,5.0,accuracy,0.5172532796859741
ResNet-SE-5,TNC,RW-Waist,MLP,Full Finetune,HAR,RW-Waist,200.0,accuracy,0.6739969253540039
ResNet-SE-5,TNC,RW-Waist,MLP,Freeze,HAR,RW-Waist,200.0,accuracy,0.6149691343307495
ResNet-SE-5,TNC,RW-Thigh,MLP,Full Finetune,HAR,RW-Thigh,25.0,accuracy,0.6107660531997681
ResNet-SE-5,TNC,MS,MLP,Full Finetune,HAR,MS,100.0,accuracy,0.8851224184036255
ResNet-SE-5,TNC,RW-Waist,MLP,Full Finetune,HAR,RW-Waist,1000.0,accuracy,0.6847993731498718
ResNet-SE-5,TNC,MS,MLP,Freeze,HAR,MS,25.0,accuracy,0.5847457647323608
ResNet-SE-5,TNC,MS,MLP,Full Finetune,HAR,MS,1.0,accuracy,0.5885122418403625
ResNet-SE-5,TNC,WISDM,MLP,Full Finetune,HAR,WISDM,1000.0,accuracy,0.8605991005897522
ResNet-SE-5,TNC,UCI,MLP,Freeze,HAR,UCI,5.0,accuracy,0.4318840503692627
ResNet-SE-5,TNC,MS,MLP,Freeze,HAR,MS,1.0,accuracy,0.451977401971817
ResNet-SE-5,TNC,KH,MLP,Full Finetune,HAR,KH,5.0,accuracy,0.6805555820465088
ResNet-SE-5,TNC,KH,MLP,Freeze,HAR,KH,5.0,accuracy,0.3333333432674408
ResNet-SE-5,TNC,WISDM,MLP,Freeze,HAR,WISDM,5.0,accuracy,0.5537634491920471
ResNet-SE-5,TNC,RW-Waist,MLP,Freeze,HAR,RW-Waist,5.0,accuracy,0.3121142089366913
ResNet-SE-5,TNC,KH,MLP,Full Finetune,HAR,KH,200.0,accuracy,0.5972222089767456
ResNet-SE-5,TNC,RW-Thigh,MLP,Full Finetune,HAR,RW-Thigh,1.0,accuracy,0.4378882050514221
ResNet-SE-5,TNC,RW-Thigh,MLP,Freeze,HAR,RW-Thigh,1000.0,accuracy,0.5403726696968079
ResNet-SE-5,TNC,UCI,MLP,Freeze,HAR,UCI,25.0,accuracy,0.604347825050354
ResNet-SE-5,TNC,WISDM,MLP,Full Finetune,HAR,WISDM,100.0,accuracy,0.8072196841239929
ResNet-SE-5,TNC,UCI,MLP,Full Finetune,HAR,UCI,10.0,accuracy,0.769565224647522
ResNet-SE-5,TNC,KH,MLP,Freeze,HAR,KH,50.0,accuracy,0.5069444179534912
ResNet-SE-5,TNC,RW-Thigh,MLP,Full Finetune,HAR,RW-Thigh,5.0,accuracy,0.5942028760910034
ResNet-SE-5,TNC,RW-Waist,MLP,Full Finetune,HAR,RW-Waist,50.0,accuracy,0.6929012537002563
ResNet-SE-5,TNC,WISDM,MLP,Freeze,HAR,WISDM,1.0,accuracy,0.511904776096344
ResNet-SE-5,TNC,MS,MLP,Full Finetune,HAR,MS,25.0,accuracy,0.8097928166389465
ResNet-SE-5,TNC,WISDM,MLP,Freeze,HAR,WISDM,10.0,accuracy,0.6720430254936218
ResNet-SE-5,TNC,WISDM,MLP,Full Finetune,HAR,WISDM,100.0,accuracy,0.7761136889457703
ResNet-SE-5,TNC,RW-Waist,MLP,Freeze,HAR,RW-Waist,1000.0,accuracy,0.7125771641731262
ResNet-SE-5,TNC,KH,MLP,Full Finetune,HAR,KH,50.0,accuracy,0.7361111044883728
ResNet-SE-5,TNC,MS,MLP,Full Finetune,HAR,MS,1.0,accuracy,0.5404896140098572
ResNet-SE-5,TNC,KH,MLP,Full Finetune,HAR,KH,100.0,accuracy,0.6805555820465088
ResNet-SE-5,TNC,RW-Waist,MLP,Full Finetune,HAR,RW-Waist,1.0,accuracy,0.4791666567325592
ResNet-SE-5,TNC,WISDM,MLP,Freeze,HAR,WISDM,100.0,accuracy,0.7396313548088074
ResNet-SE-5,TNC,WISDM,MLP,Full Finetune,HAR,WISDM,5.0,accuracy,0.7135176658630371
ResNet-SE-5,TNC,RW-Thigh,MLP,Freeze,HAR,RW-Thigh,1.0,accuracy,0.1680469214916229
ResNet-SE-5,TNC,RW-Waist,MLP,Freeze,HAR,RW-Waist,200.0,accuracy,0.6234567761421204
ResNet-SE-5,TNC,UCI,MLP,Full Finetune,HAR,UCI,25.0,accuracy,0.7855072617530823
ResNet-SE-5,TNC,RW-Thigh,MLP,Full Finetune,HAR,RW-Thigh,1.0,accuracy,0.3447204828262329
ResNet-SE-5,TNC,RW-Waist,MLP,Freeze,HAR,RW-Waist,1.0,accuracy,0.386188268661499
ResNet-SE-5,TNC,KH,MLP,Freeze,HAR,KH,100.0,accuracy,0.5763888955116272
ResNet-SE-5,TNC,WISDM,MLP,Full Finetune,HAR,WISDM,1000.0,accuracy,0.8437020182609558
ResNet-SE-5,TNC,RW-Waist,MLP,Full Finetune,HAR,RW-Waist,10.0,accuracy,0.6211419701576233
ResNet-SE-5,TNC,RW-Thigh,MLP,Full Finetune,HAR,RW-Thigh,100.0,accuracy,0.7415459156036377
ResNet-SE-5,TNC,MS,MLP,Freeze,HAR,MS,5.0,accuracy,0.3531073331832886
ResNet-SE-5,TNC,MS,MLP,Freeze,HAR,MS,25.0,accuracy,0.5376647710800171
ResNet-SE-5,TNC,RW-Thigh,MLP,Freeze,HAR,RW-Thigh,50.0,accuracy,0.6645962595939636
ResNet-SE-5,TNC,WISDM,MLP,Freeze,HAR,WISDM,50.0,accuracy,0.7158218026161194
ResNet-SE-5,TNC,MS,MLP,Freeze,HAR,MS,10.0,accuracy,0.3389830589294433
ResNet-SE-5,TNC,WISDM,MLP,Freeze,HAR,WISDM,1000.0,accuracy,0.7699692845344543
ResNet-SE-5,TNC,RW-Waist,MLP,Full Finetune,HAR,RW-Waist,100.0,accuracy,0.7241512537002563
ResNet-SE-5,TNC,MS,MLP,Full Finetune,HAR,MS,5.0,accuracy,0.7231638431549072
ResNet-SE-5,TNC,RW-Waist,MLP,Full Finetune,HAR,RW-Waist,200.0,accuracy,0.7141203880310059
ResNet-SE-5,TNC,RW-Waist,MLP,Freeze,HAR,RW-Waist,100.0,accuracy,0.6041666865348816
ResNet-SE-5,TNC,WISDM,MLP,Freeze,HAR,WISDM,200.0,accuracy,0.7661290168762207
ResNet-SE-5,TNC,MS,MLP,Freeze,HAR,MS,200.0,accuracy,0.8210923075675964
ResNet-SE-5,TNC,KH,MLP,Freeze,HAR,KH,200.0,accuracy,0.6319444179534912
ResNet-SE-5,TNC,KH,MLP,Full Finetune,HAR,KH,25.0,accuracy,0.6388888955116272
ResNet-SE-5,TNC,RW-Thigh,MLP,Freeze,HAR,RW-Thigh,25.0,accuracy,0.5020703673362732
ResNet-SE-5,TNC,UCI,MLP,Freeze,HAR,UCI,1.0,accuracy,0.4115942120552063
ResNet-SE-5,TNC,RW-Thigh,MLP,Freeze,HAR,RW-Thigh,1000.0,accuracy,0.6963422894477844
ResNet-SE-5,TNC,KH,MLP,Full Finetune,HAR,KH,200.0,accuracy,0.7430555820465088
ResNet-SE-5,TNC,MS,MLP,Freeze,HAR,MS,100.0,accuracy,0.7325800657272339
ResNet-SE-5,TNC,RW-Thigh,MLP,Full Finetune,HAR,RW-Thigh,25.0,accuracy,0.6808143258094788
ResNet-SE-5,TNC,MS,MLP,Freeze,HAR,MS,1.0,accuracy,0.3879472613334656
ResNet-SE-5,TNC,RW-Waist,MLP,Full Finetune,HAR,RW-Waist,5.0,accuracy,0.4864969253540039
ResNet-SE-5,TNC,UCI,MLP,Freeze,HAR,UCI,10.0,accuracy,0.5405797362327576
ResNet-SE-5,TNC,RW-Thigh,MLP,Full Finetune,HAR,RW-Thigh,50.0,accuracy,0.718426525592804
ResNet-SE-5,TNC,KH,MLP,Freeze,HAR,KH,1000.0,accuracy,0.6319444179534912
ResNet-SE-5,TNC,KH,MLP,Freeze,HAR,KH,1.0,accuracy,0.3333333432674408
ResNet-SE-5,TNC,MS,MLP,Full Finetune,HAR,MS,200.0,accuracy,0.8201506733894348
ResNet-SE-5,TNC,UCI,MLP,Freeze,HAR,UCI,1000.0,accuracy,0.7797101736068726
ResNet-SE-5,TNC,MS,MLP,Full Finetune,HAR,MS,50.0,accuracy,0.887005627155304
ResNet-SE-5,TNC,RW-Thigh,MLP,Freeze,HAR,RW-Thigh,10.0,accuracy,0.4106280207633972
ResNet-SE-5,TNC,UCI,MLP,Freeze,HAR,UCI,5.0,accuracy,0.54347825050354
ResNet-SE-5,TNC,UCI,MLP,Freeze,HAR,UCI,200.0,accuracy,0.7579709887504578
ResNet-SE-5,TNC,WISDM,MLP,Full Finetune,HAR,WISDM,10.0,accuracy,0.7043010592460632
ResNet-SE-5,TNC,RW-Thigh,MLP,Full Finetune,HAR,RW-Thigh,1000.0,accuracy,0.7222222089767456
ResNet-SE-5,TNC,RW-Thigh,MLP,Freeze,HAR,RW-Thigh,100.0,accuracy,0.5807453393936157
ResNet-SE-5,TNC,KH,MLP,Freeze,HAR,KH,10.0,accuracy,0.3402777910232544
ResNet-SE-5,TNC,UCI,MLP,Freeze,HAR,UCI,25.0,accuracy,0.5231884121894836
ResNet-SE-5,TNC,KH,MLP,Full Finetune,HAR,KH,1.0,accuracy,0.5138888955116272
ResNet-SE-5,TNC,MS,MLP,Freeze,HAR,MS,1000.0,accuracy,0.8135592937469482
ResNet-SE-5,TNC,WISDM,MLP,Freeze,HAR,WISDM,25.0,accuracy,0.6781874299049377
ResNet-SE-5,TNC,RW-Thigh,MLP,Full Finetune,HAR,RW-Thigh,10.0,accuracy,0.6418219208717346
ResNet-SE-5,TNC,UCI,MLP,Full Finetune,HAR,UCI,1000.0,accuracy,0.947826087474823
ResNet-SE-5,TNC,UCI,MLP,Full Finetune,HAR,UCI,5.0,accuracy,0.7840579748153687
ResNet-SE-5,TNC,UCI,MLP,Full Finetune,HAR,UCI,200.0,accuracy,0.9159420132637024
ResNet-SE-5,TNC,UCI,MLP,Full Finetune,HAR,UCI,50.0,accuracy,0.8231884241104126
ResNet-SE-5,TNC,UCI,MLP,Full Finetune,HAR,UCI,100.0,accuracy,0.9115942120552064
ResNet-SE-5,TNC,RW-Waist,MLP,Full Finetune,HAR,RW-Waist,1000.0,accuracy,0.741126537322998
ResNet-SE-5,TNC,RW-Waist,MLP,Freeze,HAR,RW-Waist,5.0,accuracy,0.3545524775981903
ResNet-SE-5,TNC,RW-Thigh,MLP,Full Finetune,HAR,RW-Thigh,200.0,accuracy,0.7277432680130005
ResNet-SE-5,TNC,RW-Thigh,MLP,Freeze,HAR,RW-Thigh,200.0,accuracy,0.6621808409690857
ResNet-SE-5,TNC,RW-Thigh,MLP,Freeze,HAR,RW-Thigh,5.0,accuracy,0.4413388669490814
ResNet-SE-5,TNC,WISDM,MLP,Full Finetune,HAR,WISDM,25.0,accuracy,0.7503840327262878
ResNet-SE-5,TNC,KH,MLP,Freeze,HAR,KH,25.0,accuracy,0.5208333134651184
ResNet-SE-5,TNC,UCI,MLP,Freeze,HAR,UCI,100.0,accuracy,0.7579709887504578
ResNet-SE-5,TNC,WISDM,MLP,Full Finetune,HAR,WISDM,50.0,accuracy,0.7549923062324524
ResNet-SE-5,TNC,KH,MLP,Full Finetune,HAR,KH,5.0,accuracy,0.7013888955116272
ResNet-SE-5,TNC,KH,MLP,Freeze,HAR,KH,5.0,accuracy,0.3819444477558136
ResNet-SE-5,TNC,UCI,MLP,Freeze,HAR,UCI,50.0,accuracy,0.7449275255203247
ResNet-SE-5,TNC,RW-Waist,MLP,Freeze,HAR,RW-Waist,25.0,accuracy,0.5439814925193787
ResNet-SE-5,TNC,RW-Waist,MLP,Freeze,HAR,RW-Waist,50.0,accuracy,0.5547839403152466
ResNet-SE-5,TNC,RW-Waist,MLP,Freeze,HAR,RW-Waist,10.0,accuracy,0.3831018507480621
ResNet-SE-5,TNC,KH,MLP,Full Finetune,HAR,KH,10.0,accuracy,0.6944444179534912
ResNet-SE-5,TNC,KH,MLP,Full Finetune,HAR,KH,1000.0,accuracy,0.7569444179534912
ResNet-SE-5,TNC,UCI,MLP,Full Finetune,HAR,UCI,1.0,accuracy,0.6913043260574341
ResNet-SE-5,TNC,RW-Waist,MLP,Full Finetune,HAR,RW-Waist,25.0,accuracy,0.7067901492118835
ResNet-SE-5,TNC,WISDM,MLP,Freeze,HAR,WISDM,5.0,accuracy,0.5545315146446228
ResNet-SE-5,TNC,WISDM,MLP,Full Finetune,HAR,WISDM,1.0,accuracy,0.5940860509872437
ResNet-SE-5,TNC,MS,MLP,Full Finetune,HAR,MS,1000.0,accuracy,0.9161958694458008
ResNet-SE-5,TNC,MS,MLP,Full Finetune,HAR,MS,10.0,accuracy,0.7617702484130859
ResNet-SE-5,TNC,WISDM,MLP,Full Finetune,HAR,WISDM,200.0,accuracy,0.8452380895614624
ResNet-SE-5,TNC,MS,MLP,Full Finetune,HAR,MS,100.0,accuracy,0.8013182878494263
ResNet-SE-5,TNC,MS,MLP,Freeze,HAR,MS,50.0,accuracy,0.6920903921127319
ResNet-SE-5,TNC,UCI,MLP,Full Finetune,HAR,UCI,10.0,accuracy,0.7869565486907959
ResNet-SE-5,TNC,KH,MLP,Freeze,HAR,KH,50.0,accuracy,0.5277777910232544
ResNet-SE-5,TNC,RW-Thigh,MLP,Full Finetune,HAR,RW-Thigh,5.0,accuracy,0.589026927947998
ResNet-SE-5,TNC,RW-Waist,MLP,Full Finetune,HAR,RW-Waist,50.0,accuracy,0.6820987462997437
ResNet-SE-5,TNC,WISDM,MLP,Freeze,HAR,WISDM,1.0,accuracy,0.7008448243141174
ResNet-SE-5,TNC,MS,MLP,Full Finetune,HAR,MS,25.0,accuracy,0.7815442681312561
ResNet-SE-5,TNC,WISDM,MLP,Freeze,HAR,WISDM,10.0,accuracy,0.5572196841239929
ResNet-SE-5,TNC,WISDM,MLP,Full Finetune,HAR,WISDM,100.0,accuracy,0.7972350120544434
ResNet-SE-5,TNC,RW-Waist,MLP,Freeze,HAR,RW-Waist,1000.0,accuracy,0.7195215821266174
ResNet-SE-5,TNC,KH,MLP,Full Finetune,HAR,KH,50.0,accuracy,0.6527777910232544
ResNet-SE-5,TNC,MS,MLP,Full Finetune,HAR,MS,1.0,accuracy,0.4830508530139923
ResNet-SE-5,TNC,KH,MLP,Full Finetune,HAR,KH,100.0,accuracy,0.7222222089767456
ResNet-SE-5,TNC,RW-Waist,MLP,Full Finetune,HAR,RW-Waist,1.0,accuracy,0.5339506268501282
ResNet-SE-5,TNC,WISDM,MLP,Freeze,HAR,WISDM,100.0,accuracy,0.719662070274353
ResNet-SE-5,TNC,WISDM,MLP,Full Finetune,HAR,WISDM,5.0,accuracy,0.7092933654785156
ResNet-SE-5,TNC,RW-Thigh,MLP,Freeze,HAR,RW-Thigh,1.0,accuracy,0.3447204828262329
ResNet-SE-5,TNC,RW-Waist,MLP,Freeze,HAR,RW-Waist,200.0,accuracy,0.6292438507080078
ResNet-SE-5,TNC,UCI,MLP,Full Finetune,HAR,UCI,25.0,accuracy,0.7971014380455017
ResNet-SE-5,TNC,RW-Thigh,MLP,Full Finetune,HAR,RW-Thigh,1.0,accuracy,0.3247067034244537
ResNet-SE-5,TNC,RW-Waist,MLP,Freeze,HAR,RW-Waist,1.0,accuracy,0.3005401194095611
ResNet-SE-5,TNC,KH,MLP,Freeze,HAR,KH,100.0,accuracy,0.5625
ResNet-SE-5,TNC,WISDM,MLP,Full Finetune,HAR,WISDM,1000.0,accuracy,0.8682795763015747
ResNet-SE-5,TNC,RW-Waist,MLP,Full Finetune,HAR,RW-Waist,10.0,accuracy,0.6018518805503845
ResNet-SE-5,TNC,RW-Thigh,MLP,Full Finetune,HAR,RW-Thigh,100.0,accuracy,0.6652864217758179
ResNet-SE-5,TNC,MS,MLP,Freeze,HAR,MS,5.0,accuracy,0.3276836276054382
ResNet-SE-5,TNC,MS,MLP,Freeze,HAR,MS,25.0,accuracy,0.590395450592041
ResNet-SE-5,TNC,RW-Thigh,MLP,Freeze,HAR,RW-Thigh,50.0,accuracy,0.5469289422035217
ResNet-SE-5,TNC,WISDM,MLP,Freeze,HAR,WISDM,50.0,accuracy,0.701996922492981
ResNet-SE-5,TNC,MS,MLP,Freeze,HAR,MS,10.0,accuracy,0.4048964083194732
ResNet-SE-5,TNC,WISDM,MLP,Freeze,HAR,WISDM,1000.0,accuracy,0.7657449841499329
ResNet-SE-5,TNC,RW-Waist,MLP,Full Finetune,HAR,RW-Waist,100.0,accuracy,0.6797839403152466
ResNet-SE-5,TNC,MS,MLP,Full Finetune,HAR,MS,5.0,accuracy,0.7485875487327576
ResNet-SE-5,TNC,RW-Waist,MLP,Full Finetune,HAR,RW-Waist,200.0,accuracy,0.7268518805503845
ResNet-SE-5,TNC,RW-Waist,MLP,Freeze,HAR,RW-Waist,100.0,accuracy,0.5790895223617554
ResNet-SE-5,TNC,WISDM,MLP,Freeze,HAR,WISDM,200.0,accuracy,0.7711213231086731
ResNet-SE-5,TNC,MS,MLP,Freeze,HAR,MS,200.0,accuracy,0.764595091342926
ResNet-SE-5,TNC,KH,MLP,Freeze,HAR,KH,200.0,accuracy,0.5763888955116272
ResNet-SE-5,TNC,KH,MLP,Full Finetune,HAR,KH,25.0,accuracy,0.5763888955116272
ResNet-SE-5,TNC,RW-Thigh,MLP,Freeze,HAR,RW-Thigh,25.0,accuracy,0.4723947644233703
ResNet-SE-5,TNC,UCI,MLP,Freeze,HAR,UCI,1.0,accuracy,0.4333333373069763
ResNet-SE-5,TNC,RW-Thigh,MLP,Freeze,HAR,RW-Thigh,1000.0,accuracy,0.5852311849594116
ResNet-SE-5,TNC,KH,MLP,Full Finetune,HAR,KH,200.0,accuracy,0.6805555820465088
ResNet-SE-5,TNC,MS,MLP,Freeze,HAR,MS,100.0,accuracy,0.7033898234367371
ResNet-SE-5,TNC,RW-Thigh,MLP,Full Finetune,HAR,RW-Thigh,25.0,accuracy,0.6780538558959961
ResNet-SE-5,TNC,MS,MLP,Freeze,HAR,MS,1.0,accuracy,0.5564971566200256
ResNet-SE-5,TNC,RW-Waist,MLP,Full Finetune,HAR,RW-Waist,5.0,accuracy,0.5563271641731262
ResNet-SE-5,TNC,UCI,MLP,Freeze,HAR,UCI,10.0,accuracy,0.5115941762924194
ResNet-SE-5,TNC,RW-Thigh,MLP,Full Finetune,HAR,RW-Thigh,50.0,accuracy,0.6818495392799377
ResNet-SE-5,TNC,KH,MLP,Freeze,HAR,KH,1000.0,accuracy,0.5555555820465088
ResNet-SE-5,TNC,KH,MLP,Freeze,HAR,KH,1.0,accuracy,0.3472222089767456
ResNet-SE-5,TNC,MS,MLP,Full Finetune,HAR,MS,200.0,accuracy,0.8907721042633057
ResNet-SE-5,TNC,UCI,MLP,Freeze,HAR,UCI,1000.0,accuracy,0.7898550629615784
ResNet-SE-5,TNC,MS,MLP,Full Finetune,HAR,MS,50.0,accuracy,0.8323917388916016
ResNet-SE-5,TNC,RW-Thigh,MLP,Freeze,HAR,RW-Thigh,10.0,accuracy,0.4337474107742309
ResNet-SE-5,TNC,UCI,MLP,Freeze,HAR,UCI,5.0,accuracy,0.4971014559268951
ResNet-SE-5,TNC,UCI,MLP,Freeze,HAR,UCI,200.0,accuracy,0.7782608866691589
ResNet-SE-5,TNC,WISDM,MLP,Full Finetune,HAR,WISDM,10.0,accuracy,0.6678187251091003
ResNet-SE-5,TNC,RW-Thigh,MLP,Full Finetune,HAR,RW-Thigh,1000.0,accuracy,0.6635611057281494
ResNet-SE-5,TNC,RW-Thigh,MLP,Freeze,HAR,RW-Thigh,100.0,accuracy,0.5600414276123047
ResNet-SE-5,TNC,KH,MLP,Freeze,HAR,KH,10.0,accuracy,0.3888888955116272
ResNet-SE-5,TNC,UCI,MLP,Freeze,HAR,UCI,25.0,accuracy,0.6028985381126404
ResNet-SE-5,TNC,KH,MLP,Full Finetune,HAR,KH,1.0,accuracy,0.5902777910232544
ResNet-SE-5,TNC,MS,MLP,Freeze,HAR,MS,1000.0,accuracy,0.7937853336334229
ResNet-SE-5,TNC,WISDM,MLP,Freeze,HAR,WISDM,25.0,accuracy,0.6674346923828125
ResNet-SE-5,TNC,RW-Thigh,MLP,Full Finetune,HAR,RW-Thigh,10.0,accuracy,0.6383712887763977
ResNet-SE-5,TNC,UCI,MLP,Full Finetune,HAR,UCI,1000.0,accuracy,0.9536231756210328
ResNet-SE-5,TNC,UCI,MLP,Full Finetune,HAR,UCI,5.0,accuracy,0.782608687877655
ResNet-SE-5,TNC,UCI,MLP,Full Finetune,HAR,UCI,200.0,accuracy,0.939130425453186
ResNet-SE-5,TNC,UCI,MLP,Full Finetune,HAR,UCI,50.0,accuracy,0.7971014380455017
ResNet-SE-5,TNC,UCI,MLP,Full Finetune,HAR,UCI,100.0,accuracy,0.8942028880119324
ResNet-SE-5,TNC,RW-Waist,MLP,Full Finetune,HAR,RW-Waist,1000.0,accuracy,0.7326388955116272
ResNet-SE-5,TNC,RW-Waist,MLP,Freeze,HAR,RW-Waist,5.0,accuracy,0.420910507440567
ResNet-SE-5,TNC,RW-Thigh,MLP,Full Finetune,HAR,RW-Thigh,200.0,accuracy,0.6953071355819702
ResNet-SE-5,TNC,RW-Thigh,MLP,Freeze,HAR,RW-Thigh,200.0,accuracy,0.5700483322143555
ResNet-SE-5,TNC,RW-Thigh,MLP,Freeze,HAR,RW-Thigh,5.0,accuracy,0.4223602414131164
ResNet-SE-5,TNC,WISDM,MLP,Full Finetune,HAR,WISDM,25.0,accuracy,0.7288786768913269
ResNet-SE-5,TNC,KH,MLP,Freeze,HAR,KH,25.0,accuracy,0.4583333432674408
ResNet-SE-5,TNC,UCI,MLP,Freeze,HAR,UCI,100.0,accuracy,0.7550724744796753
ResNet-SE-5,TNC,WISDM,MLP,Full Finetune,HAR,WISDM,50.0,accuracy,0.7188940048217773
ResNet-SE-5,TNC,KH,MLP,Full Finetune,HAR,KH,5.0,accuracy,0.7222222089767456
ResNet-SE-5,TNC,KH,MLP,Freeze,HAR,KH,5.0,accuracy,0.4166666567325592
ResNet-SE-5,TNC,UCI,MLP,Freeze,HAR,UCI,50.0,accuracy,0.7260869741439819
ResNet-SE-5,TNC,RW-Waist,MLP,Freeze,HAR,RW-Waist,25.0,accuracy,0.5027006268501282
ResNet-SE-5,TNC,RW-Waist,MLP,Freeze,HAR,RW-Waist,50.0,accuracy,0.5540123581886292
ResNet-SE-5,TNC,RW-Waist,MLP,Freeze,HAR,RW-Waist,10.0,accuracy,0.2901234626770019
ResNet-SE-5,TNC,KH,MLP,Full Finetune,HAR,KH,10.0,accuracy,0.5972222089767456
ResNet-SE-5,TNC,KH,MLP,Full Finetune,HAR,KH,1000.0,accuracy,0.5694444179534912
ResNet-SE-5,TNC,UCI,MLP,Full Finetune,HAR,UCI,1.0,accuracy,0.6014492511749268
ResNet-SE-5,TNC,RW-Waist,MLP,Full Finetune,HAR,RW-Waist,25.0,accuracy,0.7114197611808777
ResNet-SE-5,TNC,WISDM,MLP,Freeze,HAR,WISDM,5.0,accuracy,0.4980798661708832
ResNet-SE-5,TNC,WISDM,MLP,Full Finetune,HAR,WISDM,1.0,accuracy,0.457757294178009
ResNet-SE-5,TNC,MS,MLP,Full Finetune,HAR,MS,1000.0,accuracy,0.7711864113807678
ResNet-SE-5,TNC,MS,MLP,Full Finetune,HAR,MS,10.0,accuracy,0.81732577085495
ResNet-SE-5,TNC,WISDM,MLP,Full Finetune,HAR,WISDM,200.0,accuracy,0.8279569745063782
ResNet-SE-5,TNC,MS,MLP,Full Finetune,HAR,MS,100.0,accuracy,0.764595091342926
ResNet-SE-5,TNC,MS,MLP,Freeze,HAR,MS,50.0,accuracy,0.6732580065727234
ResNet-SE-5,LFR,UCI,MLP,Freeze,HAR,UCI,1000.0,accuracy,0.7623188495635986
ResNet-SE-5,LFR,WISDM,MLP,Freeze,HAR,WISDM,100.0,accuracy,0.6274961829185486
ResNet-SE-5,LFR,KH,MLP,Full Finetune,HAR,KH,25.0,accuracy,0.6875
ResNet-SE-5,LFR,KH,MLP,Full Finetune,HAR,KH,5.0,accuracy,0.6736111044883728
ResNet-SE-5,LFR,RW-Thigh,MLP,Freeze,HAR,RW-Thigh,100.0,accuracy,0.4627329111099243
ResNet-SE-5,LFR,KH,MLP,Full Finetune,HAR,KH,10.0,accuracy,0.6180555820465088
ResNet-SE-5,LFR,MS,MLP,Freeze,HAR,MS,5.0,accuracy,0.33427494764328
ResNet-SE-5,LFR,KH,MLP,Freeze,HAR,KH,1.0,accuracy,0.3333333432674408
ResNet-SE-5,LFR,WISDM,MLP,Full Finetune,HAR,WISDM,100.0,accuracy,0.7960829734802246
ResNet-SE-5,LFR,MS,MLP,Freeze,HAR,MS,100.0,accuracy,0.7269303202629089
ResNet-SE-5,LFR,RW-Waist,MLP,Freeze,HAR,RW-Waist,10.0,accuracy,0.3503086566925049
ResNet-SE-5,LFR,RW-Waist,MLP,Freeze,HAR,RW-Waist,1.0,accuracy,0.2102623432874679
ResNet-SE-5,LFR,WISDM,MLP,Full Finetune,HAR,WISDM,5.0,accuracy,0.7872503995895386
ResNet-SE-5,LFR,RW-Thigh,MLP,Freeze,HAR,RW-Thigh,25.0,accuracy,0.3902691602706909
ResNet-SE-5,LFR,KH,MLP,Freeze,HAR,KH,200.0,accuracy,0.6111111044883728
ResNet-SE-5,LFR,RW-Thigh,MLP,Full Finetune,HAR,RW-Thigh,10.0,accuracy,0.6242235898971558
ResNet-SE-5,LFR,UCI,MLP,Freeze,HAR,UCI,1.0,accuracy,0.47826087474823
ResNet-SE-5,LFR,RW-Thigh,MLP,Freeze,HAR,RW-Thigh,200.0,accuracy,0.4899930953979492
ResNet-SE-5,LFR,RW-Waist,MLP,Full Finetune,HAR,RW-Waist,10.0,accuracy,0.6597222089767456
ResNet-SE-5,LFR,RW-Waist,MLP,Full Finetune,HAR,RW-Waist,5.0,accuracy,0.595678985118866
ResNet-SE-5,LFR,RW-Thigh,MLP,Freeze,HAR,RW-Thigh,10.0,accuracy,0.2953761219978332
ResNet-SE-5,LFR,RW-Waist,MLP,Freeze,HAR,RW-Waist,25.0,accuracy,0.3568672835826874
ResNet-SE-5,LFR,KH,MLP,Full Finetune,HAR,KH,1000.0,accuracy,0.6736111044883728
ResNet-SE-5,LFR,RW-Waist,MLP,Full Finetune,HAR,RW-Waist,1000.0,accuracy,0.7017747163772583
ResNet-SE-5,LFR,RW-Waist,MLP,Freeze,HAR,RW-Waist,200.0,accuracy,0.6277006268501282
ResNet-SE-5,LFR,UCI,MLP,Freeze,HAR,UCI,25.0,accuracy,0.4956521689891815
ResNet-SE-5,LFR,UCI,MLP,Freeze,HAR,UCI,5.0,accuracy,0.4101449251174927
ResNet-SE-5,LFR,MS,MLP,Full Finetune,HAR,MS,100.0,accuracy,0.8596986532211304
ResNet-SE-5,LFR,WISDM,MLP,Freeze,HAR,WISDM,200.0,accuracy,0.7004608511924744
ResNet-SE-5,LFR,UCI,MLP,Full Finetune,HAR,UCI,25.0,accuracy,0.7884057760238647
ResNet-SE-5,LFR,KH,MLP,Freeze,HAR,KH,50.0,accuracy,0.5694444179534912
ResNet-SE-5,LFR,UCI,MLP,Freeze,HAR,UCI,50.0,accuracy,0.5579710006713867
ResNet-SE-5,LFR,WISDM,MLP,Freeze,HAR,WISDM,5.0,accuracy,0.4431643486022949
ResNet-SE-5,LFR,WISDM,MLP,Freeze,HAR,WISDM,10.0,accuracy,0.4109062850475311
ResNet-SE-5,LFR,MS,MLP,Freeze,HAR,MS,50.0,accuracy,0.5621469020843506
ResNet-SE-5,LFR,RW-Thigh,MLP,Full Finetune,HAR,RW-Thigh,200.0,accuracy,0.751207709312439
ResNet-SE-5,LFR,RW-Thigh,MLP,Freeze,HAR,RW-Thigh,5.0,accuracy,0.3046928942203522
ResNet-SE-5,LFR,RW-Thigh,MLP,Full Finetune,HAR,RW-Thigh,100.0,accuracy,0.7122153043746948
ResNet-SE-5,LFR,RW-Thigh,MLP,Full Finetune,HAR,RW-Thigh,25.0,accuracy,0.7336093783378601
ResNet-SE-5,LFR,RW-Thigh,MLP,Full Finetune,HAR,RW-Thigh,50.0,accuracy,0.7474120259284973
ResNet-SE-5,LFR,UCI,MLP,Full Finetune,HAR,UCI,100.0,accuracy,0.8826087117195129
ResNet-SE-5,LFR,KH,MLP,Full Finetune,HAR,KH,100.0,accuracy,0.5972222089767456
ResNet-SE-5,LFR,WISDM,MLP,Full Finetune,HAR,WISDM,50.0,accuracy,0.7964669466018677
ResNet-SE-5,LFR,RW-Thigh,MLP,Freeze,HAR,RW-Thigh,1000.0,accuracy,0.6283643841743469
ResNet-SE-5,LFR,RW-Waist,MLP,Freeze,HAR,RW-Waist,100.0,accuracy,0.5663580298423767
ResNet-SE-5,LFR,KH,MLP,Full Finetune,HAR,KH,1.0,accuracy,0.4791666567325592
ResNet-SE-5,LFR,RW-Waist,MLP,Freeze,HAR,RW-Waist,5.0,accuracy,0.3738425970077514
ResNet-SE-5,LFR,WISDM,MLP,Freeze,HAR,WISDM,50.0,accuracy,0.5199692845344543
ResNet-SE-5,LFR,KH,MLP,Freeze,HAR,KH,5.0,accuracy,0.3402777910232544
ResNet-SE-5,LFR,UCI,MLP,Freeze,HAR,UCI,100.0,accuracy,0.6913043260574341
ResNet-SE-5,LFR,WISDM,MLP,Freeze,HAR,WISDM,1.0,accuracy,0.4158986210823059
ResNet-SE-5,LFR,UCI,MLP,Full Finetune,HAR,UCI,10.0,accuracy,0.747826099395752
ResNet-SE-5,LFR,RW-Waist,MLP,Full Finetune,HAR,RW-Waist,1.0,accuracy,0.4691357910633087
ResNet-SE-5,LFR,RW-Waist,MLP,Full Finetune,HAR,RW-Waist,25.0,accuracy,0.6743826866149902
ResNet-SE-5,LFR,MS,MLP,Full Finetune,HAR,MS,50.0,accuracy,0.8502824902534485
ResNet-SE-5,LFR,RW-Thigh,MLP,Full Finetune,HAR,RW-Thigh,1.0,accuracy,0.4020013809204101
ResNet-SE-5,LFR,KH,MLP,Freeze,HAR,KH,1000.0,accuracy,0.5972222089767456
ResNet-SE-5,LFR,KH,MLP,Freeze,HAR,KH,25.0,accuracy,0.5277777910232544
ResNet-SE-5,LFR,RW-Thigh,MLP,Full Finetune,HAR,RW-Thigh,1000.0,accuracy,0.718426525592804
ResNet-SE-5,LFR,RW-Thigh,MLP,Full Finetune,HAR,RW-Thigh,5.0,accuracy,0.5976535677909851
ResNet-SE-5,LFR,MS,MLP,Freeze,HAR,MS,1000.0,accuracy,0.8154425621032715
ResNet-SE-5,LFR,RW-Waist,MLP,Full Finetune,HAR,RW-Waist,100.0,accuracy,0.6990740895271301
ResNet-SE-5,LFR,RW-Thigh,MLP,Freeze,HAR,RW-Thigh,50.0,accuracy,0.4089027047157287
ResNet-SE-5,LFR,MS,MLP,Freeze,HAR,MS,200.0,accuracy,0.7862523794174194
ResNet-SE-5,LFR,WISDM,MLP,Freeze,HAR,WISDM,25.0,accuracy,0.4996159672737121
ResNet-SE-5,LFR,UCI,MLP,Full Finetune,HAR,UCI,1.0,accuracy,0.6173912882804871
ResNet-SE-5,LFR,WISDM,MLP,Full Finetune,HAR,WISDM,10.0,accuracy,0.7703533172607422
ResNet-SE-5,LFR,WISDM,MLP,Full Finetune,HAR,WISDM,200.0,accuracy,0.8183563947677612
ResNet-SE-5,LFR,MS,MLP,Full Finetune,HAR,MS,200.0,accuracy,0.8794726729393005
ResNet-SE-5,LFR,MS,MLP,Full Finetune,HAR,MS,10.0,accuracy,0.7721280455589294
ResNet-SE-5,LFR,MS,MLP,Full Finetune,HAR,MS,1.0,accuracy,0.6431261897087097
ResNet-SE-5,LFR,RW-Waist,MLP,Full Finetune,HAR,RW-Waist,50.0,accuracy,0.6311728358268738
ResNet-SE-5,LFR,WISDM,MLP,Full Finetune,HAR,WISDM,25.0,accuracy,0.7626727819442749
ResNet-SE-5,LFR,WISDM,MLP,Full Finetune,HAR,WISDM,1.0,accuracy,0.5887096524238586
ResNet-SE-5,LFR,RW-Waist,MLP,Full Finetune,HAR,RW-Waist,200.0,accuracy,0.7025462985038757
ResNet-SE-5,LFR,KH,MLP,Full Finetune,HAR,KH,200.0,accuracy,0.6875
ResNet-SE-5,LFR,RW-Waist,MLP,Freeze,HAR,RW-Waist,1000.0,accuracy,0.6759259104728699
ResNet-SE-5,LFR,MS,MLP,Freeze,HAR,MS,1.0,accuracy,0.3305084705352783
ResNet-SE-5,LFR,MS,MLP,Full Finetune,HAR,MS,25.0,accuracy,0.8502824902534485
ResNet-SE-5,LFR,KH,MLP,Freeze,HAR,KH,10.0,accuracy,0.3333333432674408
ResNet-SE-5,LFR,UCI,MLP,Full Finetune,HAR,UCI,200.0,accuracy,0.9289855360984802
ResNet-SE-5,LFR,RW-Waist,MLP,Freeze,HAR,RW-Waist,50.0,accuracy,0.4336419701576233
ResNet-SE-5,LFR,UCI,MLP,Full Finetune,HAR,UCI,50.0,accuracy,0.821739137172699
ResNet-SE-5,LFR,MS,MLP,Freeze,HAR,MS,25.0,accuracy,0.3709981143474579
ResNet-SE-5,LFR,UCI,MLP,Freeze,HAR,UCI,200.0,accuracy,0.7333333492279053
ResNet-SE-5,LFR,KH,MLP,Full Finetune,HAR,KH,50.0,accuracy,0.5416666865348816
ResNet-SE-5,LFR,UCI,MLP,Freeze,HAR,UCI,10.0,accuracy,0.4623188376426697
ResNet-SE-5,LFR,KH,MLP,Freeze,HAR,KH,100.0,accuracy,0.5972222089767456
ResNet-SE-5,LFR,MS,MLP,Full Finetune,HAR,MS,5.0,accuracy,0.6996233463287354
ResNet-SE-5,LFR,MS,MLP,Freeze,HAR,MS,10.0,accuracy,0.3568738102912903
ResNet-SE-5,LFR,WISDM,MLP,Freeze,HAR,WISDM,1000.0,accuracy,0.7680491805076599
ResNet-SE-5,LFR,RW-Thigh,MLP,Freeze,HAR,RW-Thigh,1.0,accuracy,0.1953071057796478
ResNet-SE-5,LFR,WISDM,MLP,Full Finetune,HAR,WISDM,1000.0,accuracy,0.8625192046165466
ResNet-SE-5,LFR,UCI,MLP,Full Finetune,HAR,UCI,1000.0,accuracy,0.9420289993286132
ResNet-SE-5,LFR,MS,MLP,Full Finetune,HAR,MS,1000.0,accuracy,0.9077212810516356
ResNet-SE-5,LFR,UCI,MLP,Full Finetune,HAR,UCI,5.0,accuracy,0.7333333492279053
ResNet-SE-5,LFR,KH,MLP,Full Finetune,HAR,KH,100.0,accuracy,0.5972222089767456
ResNet-SE-5,LFR,RW-Thigh,MLP,Full Finetune,HAR,RW-Thigh,25.0,accuracy,0.7398205399513245
ResNet-SE-5,LFR,UCI,MLP,Freeze,HAR,UCI,25.0,accuracy,0.4565217494964599
ResNet-SE-5,LFR,UCI,MLP,Full Finetune,HAR,UCI,1.0,accuracy,0.6927536129951477
ResNet-SE-5,LFR,UCI,MLP,Freeze,HAR,UCI,1000.0,accuracy,0.7652173638343811
ResNet-SE-5,LFR,RW-Thigh,MLP,Full Finetune,HAR,RW-Thigh,100.0,accuracy,0.7246376872062683
ResNet-SE-5,LFR,MS,MLP,Freeze,HAR,MS,100.0,accuracy,0.6271186470985413
ResNet-SE-5,LFR,RW-Waist,MLP,Full Finetune,HAR,RW-Waist,1000.0,accuracy,0.7472993731498718
ResNet-SE-5,LFR,UCI,MLP,Freeze,HAR,UCI,1.0,accuracy,0.4014492630958557
ResNet-SE-5,LFR,MS,MLP,Full Finetune,HAR,MS,1.0,accuracy,0.5094162225723267
ResNet-SE-5,LFR,KH,MLP,Full Finetune,HAR,KH,50.0,accuracy,0.5972222089767456
ResNet-SE-5,LFR,WISDM,MLP,Freeze,HAR,WISDM,50.0,accuracy,0.536098301410675
ResNet-SE-5,LFR,MS,MLP,Freeze,HAR,MS,5.0,accuracy,0.3870056569576263
ResNet-SE-5,LFR,MS,MLP,Freeze,HAR,MS,10.0,accuracy,0.4030131697654724
ResNet-SE-5,LFR,KH,MLP,Freeze,HAR,KH,25.0,accuracy,0.4583333432674408
ResNet-SE-5,LFR,UCI,MLP,Full Finetune,HAR,UCI,100.0,accuracy,0.8913043737411499
ResNet-SE-5,LFR,WISDM,MLP,Full Finetune,HAR,WISDM,25.0,accuracy,0.7331029176712036
ResNet-SE-5,LFR,MS,MLP,Freeze,HAR,MS,200.0,accuracy,0.7250470519065857
ResNet-SE-5,LFR,MS,MLP,Full Finetune,HAR,MS,5.0,accuracy,0.83427494764328
ResNet-SE-5,LFR,WISDM,MLP,Full Finetune,HAR,WISDM,10.0,accuracy,0.7465437650680542
ResNet-SE-5,LFR,MS,MLP,Freeze,HAR,MS,50.0,accuracy,0.5028248429298401
ResNet-SE-5,LFR,MS,MLP,Full Finetune,HAR,MS,50.0,accuracy,0.8465160131454468
ResNet-SE-5,LFR,MS,MLP,Full Finetune,HAR,MS,200.0,accuracy,0.8276836276054382
ResNet-SE-5,LFR,KH,MLP,Full Finetune,HAR,KH,10.0,accuracy,0.7013888955116272
ResNet-SE-5,LFR,WISDM,MLP,Freeze,HAR,WISDM,25.0,accuracy,0.45622119307518
ResNet-SE-5,LFR,WISDM,MLP,Full Finetune,HAR,WISDM,50.0,accuracy,0.7676651477813721
ResNet-SE-5,LFR,RW-Waist,MLP,Freeze,HAR,RW-Waist,25.0,accuracy,0.4247685074806213
ResNet-SE-5,LFR,RW-Waist,MLP,Freeze,HAR,RW-Waist,5.0,accuracy,0.4421296417713165
ResNet-SE-5,LFR,RW-Waist,MLP,Full Finetune,HAR,RW-Waist,100.0,accuracy,0.6616512537002563
ResNet-SE-5,LFR,MS,MLP,Freeze,HAR,MS,25.0,accuracy,0.3634651601314544
ResNet-SE-5,LFR,RW-Waist,MLP,Full Finetune,HAR,RW-Waist,200.0,accuracy,0.65625
ResNet-SE-5,LFR,RW-Thigh,MLP,Freeze,HAR,RW-Thigh,200.0,accuracy,0.5062111616134644
ResNet-SE-5,LFR,UCI,MLP,Freeze,HAR,UCI,200.0,accuracy,0.7536231875419617
ResNet-SE-5,LFR,RW-Thigh,MLP,Full Finetune,HAR,RW-Thigh,1.0,accuracy,0.3181504607200622
ResNet-SE-5,LFR,RW-Thigh,MLP,Full Finetune,HAR,RW-Thigh,50.0,accuracy,0.7398205399513245
ResNet-SE-5,LFR,WISDM,MLP,Freeze,HAR,WISDM,200.0,accuracy,0.7016128897666931
ResNet-SE-5,LFR,UCI,MLP,Full Finetune,HAR,UCI,200.0,accuracy,0.9275362491607666
ResNet-SE-5,LFR,WISDM,MLP,Full Finetune,HAR,WISDM,1.0,accuracy,0.4723502397537231
ResNet-SE-5,LFR,WISDM,MLP,Freeze,HAR,WISDM,5.0,accuracy,0.2868663668632507
ResNet-SE-5,LFR,RW-Waist,MLP,Full Finetune,HAR,RW-Waist,25.0,accuracy,0.7395833134651184
ResNet-SE-5,LFR,MS,MLP,Freeze,HAR,MS,1000.0,accuracy,0.7796609997749329
ResNet-SE-5,LFR,RW-Thigh,MLP,Freeze,HAR,RW-Thigh,10.0,accuracy,0.2922705411911011
ResNet-SE-5,LFR,KH,MLP,Freeze,HAR,KH,5.0,accuracy,0.3680555522441864
ResNet-SE-5,LFR,UCI,MLP,Full Finetune,HAR,UCI,1000.0,accuracy,0.9579710364341736
ResNet-SE-5,LFR,UCI,MLP,Full Finetune,HAR,UCI,50.0,accuracy,0.8420289754867554
ResNet-SE-5,LFR,RW-Waist,MLP,Full Finetune,HAR,RW-Waist,5.0,accuracy,0.5478395223617554
ResNet-SE-5,LFR,RW-Waist,MLP,Freeze,HAR,RW-Waist,1.0,accuracy,0.3564814925193786
ResNet-SE-5,LFR,UCI,MLP,Freeze,HAR,UCI,50.0,accuracy,0.5942028760910034
ResNet-SE-5,LFR,WISDM,MLP,Full Finetune,HAR,WISDM,5.0,accuracy,0.7238863110542297
ResNet-SE-5,LFR,MS,MLP,Full Finetune,HAR,MS,1000.0,accuracy,0.8097928166389465
ResNet-SE-5,LFR,WISDM,MLP,Full Finetune,HAR,WISDM,100.0,accuracy,0.8425499200820923
ResNet-SE-5,LFR,KH,MLP,Freeze,HAR,KH,1.0,accuracy,0.3680555522441864
ResNet-SE-5,LFR,RW-Thigh,MLP,Freeze,HAR,RW-Thigh,1000.0,accuracy,0.5724637508392334
ResNet-SE-5,LFR,KH,MLP,Full Finetune,HAR,KH,1.0,accuracy,0.5
ResNet-SE-5,LFR,RW-Thigh,MLP,Freeze,HAR,RW-Thigh,5.0,accuracy,0.3181504607200622
ResNet-SE-5,LFR,WISDM,MLP,Full Finetune,HAR,WISDM,1000.0,accuracy,0.8605991005897522
ResNet-SE-5,LFR,KH,MLP,Freeze,HAR,KH,200.0,accuracy,0.6180555820465088
ResNet-SE-5,LFR,RW-Waist,MLP,Freeze,HAR,RW-Waist,200.0,accuracy,0.584876537322998
ResNet-SE-5,LFR,WISDM,MLP,Freeze,HAR,WISDM,100.0,accuracy,0.6536098122596741
ResNet-SE-5,LFR,KH,MLP,Full Finetune,HAR,KH,5.0,accuracy,0.7152777910232544
ResNet-SE-5,LFR,UCI,MLP,Freeze,HAR,UCI,5.0,accuracy,0.4521739184856415
ResNet-SE-5,LFR,RW-Thigh,MLP,Freeze,HAR,RW-Thigh,50.0,accuracy,0.4534161388874054
ResNet-SE-5,LFR,RW-Thigh,MLP,Freeze,HAR,RW-Thigh,100.0,accuracy,0.5093167424201965
ResNet-SE-5,LFR,RW-Waist,MLP,Freeze,HAR,RW-Waist,1000.0,accuracy,0.6678240895271301
ResNet-SE-5,LFR,KH,MLP,Full Finetune,HAR,KH,25.0,accuracy,0.5694444179534912
ResNet-SE-5,LFR,RW-Waist,MLP,Full Finetune,HAR,RW-Waist,10.0,accuracy,0.6107252836227417
ResNet-SE-5,LFR,RW-Thigh,MLP,Full Finetune,HAR,RW-Thigh,10.0,accuracy,0.5962733030319214
ResNet-SE-5,LFR,KH,MLP,Freeze,HAR,KH,10.0,accuracy,0.3541666567325592
ResNet-SE-5,LFR,RW-Thigh,MLP,Freeze,HAR,RW-Thigh,1.0,accuracy,0.1928916424512863
ResNet-SE-5,LFR,WISDM,MLP,Freeze,HAR,WISDM,1.0,accuracy,0.4089861810207367
ResNet-SE-5,LFR,RW-Waist,MLP,Freeze,HAR,RW-Waist,100.0,accuracy,0.5189043283462524
ResNet-SE-5,LFR,RW-Waist,MLP,Full Finetune,HAR,RW-Waist,50.0,accuracy,0.658178985118866
ResNet-SE-5,LFR,UCI,MLP,Full Finetune,HAR,UCI,5.0,accuracy,0.7768115997314453
ResNet-SE-5,LFR,WISDM,MLP,Full Finetune,HAR,WISDM,200.0,accuracy,0.8187404274940491
ResNet-SE-5,LFR,RW-Waist,MLP,Freeze,HAR,RW-Waist,50.0,accuracy,0.4756944477558136
ResNet-SE-5,LFR,RW-Waist,MLP,Full Finetune,HAR,RW-Waist,1.0,accuracy,0.5173611044883728
ResNet-SE-5,LFR,KH,MLP,Full Finetune,HAR,KH,200.0,accuracy,0.5902777910232544
ResNet-SE-5,LFR,RW-Thigh,MLP,Full Finetune,HAR,RW-Thigh,200.0,accuracy,0.7135955691337585
ResNet-SE-5,LFR,UCI,MLP,Full Finetune,HAR,UCI,25.0,accuracy,0.791304349899292
ResNet-SE-5,LFR,MS,MLP,Full Finetune,HAR,MS,100.0,accuracy,0.8427495360374451
ResNet-SE-5,LFR,MS,MLP,Full Finetune,HAR,MS,10.0,accuracy,0.7730696797370911
ResNet-SE-5,LFR,UCI,MLP,Full Finetune,HAR,UCI,10.0,accuracy,0.7898550629615784
ResNet-SE-5,LFR,RW-Thigh,MLP,Full Finetune,HAR,RW-Thigh,5.0,accuracy,0.6535542011260986
ResNet-SE-5,LFR,RW-Thigh,MLP,Full Finetune,HAR,RW-Thigh,1000.0,accuracy,0.6980676054954529
ResNet-SE-5,LFR,KH,MLP,Freeze,HAR,KH,100.0,accuracy,0.625
ResNet-SE-5,LFR,WISDM,MLP,Freeze,HAR,WISDM,1000.0,accuracy,0.7630568146705627
ResNet-SE-5,LFR,KH,MLP,Freeze,HAR,KH,50.0,accuracy,0.5625
ResNet-SE-5,LFR,WISDM,MLP,Freeze,HAR,WISDM,10.0,accuracy,0.2553763389587402
ResNet-SE-5,LFR,RW-Thigh,MLP,Freeze,HAR,RW-Thigh,25.0,accuracy,0.3764665424823761
ResNet-SE-5,LFR,RW-Waist,MLP,Freeze,HAR,RW-Waist,10.0,accuracy,0.3260030746459961
ResNet-SE-5,LFR,UCI,MLP,Freeze,HAR,UCI,100.0,accuracy,0.6913043260574341
ResNet-SE-5,LFR,KH,MLP,Freeze,HAR,KH,1000.0,accuracy,0.6041666865348816
ResNet-SE-5,LFR,UCI,MLP,Freeze,HAR,UCI,10.0,accuracy,0.4826087057590484
ResNet-SE-5,LFR,KH,MLP,Full Finetune,HAR,KH,1000.0,accuracy,0.6041666865348816
ResNet-SE-5,LFR,MS,MLP,Full Finetune,HAR,MS,25.0,accuracy,0.7636534571647644
ResNet-SE-5,LFR,MS,MLP,Freeze,HAR,MS,1.0,accuracy,0.3295668661594391
ResNet-SE-5,LFR,MS,MLP,Full Finetune,HAR,MS,1.0,accuracy,0.6930320262908936
ResNet-SE-5,LFR,MS,MLP,Full Finetune,HAR,MS,200.0,accuracy,0.8540489673614502
ResNet-SE-5,LFR,KH,MLP,Full Finetune,HAR,KH,200.0,accuracy,0.6041666865348816
ResNet-SE-5,LFR,RW-Thigh,MLP,Full Finetune,HAR,RW-Thigh,5.0,accuracy,0.4648033082485199
ResNet-SE-5,LFR,KH,MLP,Full Finetune,HAR,KH,1000.0,accuracy,0.7083333134651184
ResNet-SE-5,LFR,RW-Thigh,MLP,Freeze,HAR,RW-Thigh,10.0,accuracy,0.3485162258148193
ResNet-SE-5,LFR,KH,MLP,Freeze,HAR,KH,50.0,accuracy,0.5763888955116272
ResNet-SE-5,LFR,RW-Waist,MLP,Full Finetune,HAR,RW-Waist,1000.0,accuracy,0.7210648059844971
ResNet-SE-5,LFR,MS,MLP,Freeze,HAR,MS,1000.0,accuracy,0.8210923075675964
ResNet-SE-5,LFR,RW-Waist,MLP,Full Finetune,HAR,RW-Waist,200.0,accuracy,0.7237654328346252
ResNet-SE-5,LFR,WISDM,MLP,Freeze,HAR,WISDM,1000.0,accuracy,0.7814900279045105
ResNet-SE-5,LFR,KH,MLP,Full Finetune,HAR,KH,10.0,accuracy,0.7708333134651184
ResNet-SE-5,LFR,WISDM,MLP,Full Finetune,HAR,WISDM,25.0,accuracy,0.7377111911773682
ResNet-SE-5,LFR,WISDM,MLP,Freeze,HAR,WISDM,1.0,accuracy,0.369047611951828
ResNet-SE-5,LFR,RW-Thigh,MLP,Freeze,HAR,RW-Thigh,5.0,accuracy,0.2891649305820465
ResNet-SE-5,LFR,WISDM,MLP,Freeze,HAR,WISDM,100.0,accuracy,0.6033025979995728
ResNet-SE-5,LFR,KH,MLP,Freeze,HAR,KH,1.0,accuracy,0.3680555522441864
ResNet-SE-5,LFR,MS,MLP,Freeze,HAR,MS,200.0,accuracy,0.7871939539909363
ResNet-SE-5,LFR,RW-Thigh,MLP,Full Finetune,HAR,RW-Thigh,50.0,accuracy,0.7412008047103882
ResNet-SE-5,LFR,WISDM,MLP,Freeze,HAR,WISDM,200.0,accuracy,0.7131336331367493
ResNet-SE-5,LFR,MS,MLP,Freeze,HAR,MS,100.0,accuracy,0.6873822808265686
ResNet-SE-5,LFR,RW-Waist,MLP,Full Finetune,HAR,RW-Waist,25.0,accuracy,0.7052469253540039
ResNet-SE-5,LFR,RW-Waist,MLP,Full Finetune,HAR,RW-Waist,5.0,accuracy,0.6952160596847534
ResNet-SE-5,LFR,KH,MLP,Freeze,HAR,KH,100.0,accuracy,0.5972222089767456
ResNet-SE-5,LFR,RW-Waist,MLP,Freeze,HAR,RW-Waist,10.0,accuracy,0.3827160596847534
ResNet-SE-5,LFR,UCI,MLP,Freeze,HAR,UCI,50.0,accuracy,0.5869565010070801
ResNet-SE-5,LFR,MS,MLP,Freeze,HAR,MS,25.0,accuracy,0.3879472613334656
ResNet-SE-5,LFR,RW-Waist,MLP,Freeze,HAR,RW-Waist,100.0,accuracy,0.5686728358268738
ResNet-SE-5,LFR,RW-Thigh,MLP,Freeze,HAR,RW-Thigh,200.0,accuracy,0.5420979857444763
ResNet-SE-5,LFR,RW-Waist,MLP,Freeze,HAR,RW-Waist,1.0,accuracy,0.332561731338501
ResNet-SE-5,LFR,RW-Thigh,MLP,Full Finetune,HAR,RW-Thigh,10.0,accuracy,0.6259489059448242
ResNet-SE-5,LFR,UCI,MLP,Freeze,HAR,UCI,200.0,accuracy,0.7246376872062683
ResNet-SE-5,LFR,RW-Thigh,MLP,Freeze,HAR,RW-Thigh,1000.0,accuracy,0.6635611057281494
ResNet-SE-5,LFR,WISDM,MLP,Full Finetune,HAR,WISDM,5.0,accuracy,0.6701228618621826
ResNet-SE-5,LFR,RW-Waist,MLP,Full Finetune,HAR,RW-Waist,10.0,accuracy,0.6458333134651184
ResNet-SE-5,LFR,KH,MLP,Full Finetune,HAR,KH,5.0,accuracy,0.6944444179534912
ResNet-SE-5,LFR,MS,MLP,Full Finetune,HAR,MS,10.0,accuracy,0.7824859023094177
ResNet-SE-5,LFR,WISDM,MLP,Full Finetune,HAR,WISDM,50.0,accuracy,0.8045315146446228
ResNet-SE-5,LFR,RW-Thigh,MLP,Full Finetune,HAR,RW-Thigh,1000.0,accuracy,0.7142857313156128
ResNet-SE-5,LFR,WISDM,MLP,Full Finetune,HAR,WISDM,1.0,accuracy,0.5291858911514282
ResNet-SE-5,LFR,KH,MLP,Full Finetune,HAR,KH,25.0,accuracy,0.6319444179534912
ResNet-SE-5,LFR,UCI,MLP,Freeze,HAR,UCI,10.0,accuracy,0.4101449251174927
ResNet-SE-5,LFR,KH,MLP,Full Finetune,HAR,KH,1.0,accuracy,0.4375
ResNet-SE-5,LFR,UCI,MLP,Freeze,HAR,UCI,25.0,accuracy,0.4420289993286133
ResNet-SE-5,LFR,WISDM,MLP,Full Finetune,HAR,WISDM,200.0,accuracy,0.8026113510131836
ResNet-SE-5,LFR,KH,MLP,Freeze,HAR,KH,1000.0,accuracy,0.625
ResNet-SE-5,LFR,RW-Waist,MLP,Freeze,HAR,RW-Waist,25.0,accuracy,0.3815586566925049
ResNet-SE-5,LFR,RW-Thigh,MLP,Freeze,HAR,RW-Thigh,100.0,accuracy,0.4789510071277618
ResNet-SE-5,LFR,WISDM,MLP,Full Finetune,HAR,WISDM,1000.0,accuracy,0.8513824939727783
ResNet-SE-5,LFR,RW-Thigh,MLP,Freeze,HAR,RW-Thigh,25.0,accuracy,0.3567977845668793
ResNet-SE-5,LFR,MS,MLP,Full Finetune,HAR,MS,100.0,accuracy,0.7984933853149414
ResNet-SE-5,LFR,KH,MLP,Freeze,HAR,KH,200.0,accuracy,0.6111111044883728
ResNet-SE-5,LFR,RW-Thigh,MLP,Full Finetune,HAR,RW-Thigh,1.0,accuracy,0.4171842634677887
ResNet-SE-5,LFR,RW-Waist,MLP,Freeze,HAR,RW-Waist,200.0,accuracy,0.5887345671653748
ResNet-SE-5,LFR,RW-Waist,MLP,Freeze,HAR,RW-Waist,50.0,accuracy,0.4259259402751922
ResNet-SE-5,LFR,RW-Waist,MLP,Full Finetune,HAR,RW-Waist,1.0,accuracy,0.5709876418113708
ResNet-SE-5,LFR,UCI,MLP,Full Finetune,HAR,UCI,50.0,accuracy,0.8420289754867554
ResNet-SE-5,LFR,MS,MLP,Full Finetune,HAR,MS,5.0,accuracy,0.7749529480934143
ResNet-SE-5,LFR,MS,MLP,Freeze,HAR,MS,10.0,accuracy,0.3380414247512817
ResNet-SE-5,LFR,UCI,MLP,Full Finetune,HAR,UCI,10.0,accuracy,0.769565224647522
ResNet-SE-5,LFR,UCI,MLP,Full Finetune,HAR,UCI,25.0,accuracy,0.7869565486907959
ResNet-SE-5,LFR,UCI,MLP,Full Finetune,HAR,UCI,100.0,accuracy,0.8999999761581421
ResNet-SE-5,LFR,UCI,MLP,Full Finetune,HAR,UCI,1.0,accuracy,0.5797101259231567
ResNet-SE-5,LFR,UCI,MLP,Full Finetune,HAR,UCI,5.0,accuracy,0.7652173638343811
ResNet-SE-5,LFR,WISDM,MLP,Freeze,HAR,WISDM,25.0,accuracy,0.4992319643497467
ResNet-SE-5,LFR,UCI,MLP,Freeze,HAR,UCI,100.0,accuracy,0.6101449131965637
ResNet-SE-5,LFR,KH,MLP,Full Finetune,HAR,KH,50.0,accuracy,0.6597222089767456
ResNet-SE-5,LFR,MS,MLP,Freeze,HAR,MS,1.0,accuracy,0.3305084705352783
ResNet-SE-5,LFR,MS,MLP,Full Finetune,HAR,MS,1000.0,accuracy,0.9378530979156494
ResNet-SE-5,LFR,WISDM,MLP,Full Finetune,HAR,WISDM,100.0,accuracy,0.8306451439857483
ResNet-SE-5,LFR,UCI,MLP,Freeze,HAR,UCI,5.0,accuracy,0.47826087474823
ResNet-SE-5,LFR,KH,MLP,Freeze,HAR,KH,25.0,accuracy,0.4236111044883728
ResNet-SE-5,LFR,UCI,MLP,Freeze,HAR,UCI,1.0,accuracy,0.3695652186870575
ResNet-SE-5,LFR,KH,MLP,Full Finetune,HAR,KH,100.0,accuracy,0.5902777910232544
ResNet-SE-5,LFR,MS,MLP,Full Finetune,HAR,MS,50.0,accuracy,0.8587570786476135
ResNet-SE-5,LFR,WISDM,MLP,Full Finetune,HAR,WISDM,10.0,accuracy,0.735023021697998
ResNet-SE-5,LFR,WISDM,MLP,Freeze,HAR,WISDM,5.0,accuracy,0.468125969171524
ResNet-SE-5,LFR,RW-Thigh,MLP,Freeze,HAR,RW-Thigh,1.0,accuracy,0.2933057248592376
ResNet-SE-5,LFR,RW-Thigh,MLP,Full Finetune,HAR,RW-Thigh,25.0,accuracy,0.6832298040390015
ResNet-SE-5,LFR,RW-Waist,MLP,Freeze,HAR,RW-Waist,5.0,accuracy,0.301311731338501
ResNet-SE-5,LFR,WISDM,MLP,Freeze,HAR,WISDM,10.0,accuracy,0.5268816947937012
ResNet-SE-5,LFR,MS,MLP,Freeze,HAR,MS,50.0,accuracy,0.590395450592041
ResNet-SE-5,LFR,RW-Thigh,MLP,Full Finetune,HAR,RW-Thigh,100.0,accuracy,0.6766735911369324
ResNet-SE-5,LFR,KH,MLP,Freeze,HAR,KH,5.0,accuracy,0.4166666567325592
ResNet-SE-5,LFR,RW-Waist,MLP,Full Finetune,HAR,RW-Waist,50.0,accuracy,0.7087191343307495
ResNet-SE-5,LFR,RW-Thigh,MLP,Full Finetune,HAR,RW-Thigh,200.0,accuracy,0.7439613342285156
ResNet-SE-5,LFR,RW-Waist,MLP,Full Finetune,HAR,RW-Waist,100.0,accuracy,0.7476851940155029
ResNet-SE-5,LFR,RW-Thigh,MLP,Freeze,HAR,RW-Thigh,50.0,accuracy,0.5213940739631653
ResNet-SE-5,LFR,KH,MLP,Freeze,HAR,KH,10.0,accuracy,0.3541666567325592
ResNet-SE-5,LFR,WISDM,MLP,Freeze,HAR,WISDM,50.0,accuracy,0.5195852518081665
ResNet-SE-5,LFR,UCI,MLP,Freeze,HAR,UCI,1000.0,accuracy,0.7739130258560181
ResNet-SE-5,LFR,UCI,MLP,Full Finetune,HAR,UCI,200.0,accuracy,0.926086962223053
ResNet-SE-5,LFR,MS,MLP,Full Finetune,HAR,MS,25.0,accuracy,0.7674199342727661
ResNet-SE-5,LFR,RW-Waist,MLP,Freeze,HAR,RW-Waist,1000.0,accuracy,0.6666666865348816
ResNet-SE-5,LFR,MS,MLP,Freeze,HAR,MS,5.0,accuracy,0.3323917090892792
ResNet-SE-5,LFR,UCI,MLP,Full Finetune,HAR,UCI,1000.0,accuracy,0.9405797123908995
ResNet-SE-5,Diet,UCI,MLP,Freeze,HAR,UCI,1.0,accuracy,0.3014492690563202
ResNet-SE-5,Diet,RW-Waist,MLP,Full Finetune,HAR,RW-Waist,5.0,accuracy,0.6273148059844971
ResNet-SE-5,Diet,WISDM,MLP,Freeze,HAR,WISDM,25.0,accuracy,0.6689708232879639
ResNet-SE-5,Diet,MS,MLP,Full Finetune,HAR,MS,1.0,accuracy,0.5404896140098572
ResNet-SE-5,Diet,UCI,MLP,Freeze,HAR,UCI,10.0,accuracy,0.5927536487579346
ResNet-SE-5,Diet,MS,MLP,Full Finetune,HAR,MS,1000.0,accuracy,0.8653483986854553
ResNet-SE-5,Diet,UCI,MLP,Freeze,HAR,UCI,5.0,accuracy,0.4507246315479278
ResNet-SE-5,Diet,RW-Thigh,MLP,Full Finetune,HAR,RW-Thigh,25.0,accuracy,0.6159420013427734
ResNet-SE-5,Diet,KH,MLP,Freeze,HAR,KH,25.0,accuracy,0.5694444179534912
ResNet-SE-5,Diet,UCI,MLP,Full Finetune,HAR,UCI,1000.0,accuracy,0.9434782862663268
ResNet-SE-5,Diet,WISDM,MLP,Full Finetune,HAR,WISDM,1000.0,accuracy,0.8640552759170532
ResNet-SE-5,Diet,UCI,MLP,Freeze,HAR,UCI,25.0,accuracy,0.6608695387840271
ResNet-SE-5,Diet,MS,MLP,Freeze,HAR,MS,5.0,accuracy,0.4425612092018127
ResNet-SE-5,Diet,UCI,MLP,Full Finetune,HAR,UCI,100.0,accuracy,0.8797101378440857
ResNet-SE-5,Diet,RW-Waist,MLP,Full Finetune,HAR,RW-Waist,50.0,accuracy,0.6601080298423767
ResNet-SE-5,Diet,UCI,MLP,Freeze,HAR,UCI,100.0,accuracy,0.760869562625885
ResNet-SE-5,Diet,RW-Thigh,MLP,Freeze,HAR,RW-Thigh,1000.0,accuracy,0.6352657079696655
ResNet-SE-5,Diet,WISDM,MLP,Freeze,HAR,WISDM,10.0,accuracy,0.5898617506027222
ResNet-SE-5,Diet,WISDM,MLP,Full Finetune,HAR,WISDM,1.0,accuracy,0.4105222821235657
ResNet-SE-5,Diet,RW-Thigh,MLP,Freeze,HAR,RW-Thigh,25.0,accuracy,0.4979296028614044
ResNet-SE-5,Diet,WISDM,MLP,Freeze,HAR,WISDM,200.0,accuracy,0.7519201040267944
ResNet-SE-5,Diet,UCI,MLP,Full Finetune,HAR,UCI,25.0,accuracy,0.8101449012756348
ResNet-SE-5,Diet,KH,MLP,Freeze,HAR,KH,50.0,accuracy,0.6458333134651184
ResNet-SE-5,Diet,RW-Thigh,MLP,Freeze,HAR,RW-Thigh,10.0,accuracy,0.4634230434894562
ResNet-SE-5,Diet,RW-Waist,MLP,Freeze,HAR,RW-Waist,1.0,accuracy,0.1481481492519378
ResNet-SE-5,Diet,UCI,MLP,Freeze,HAR,UCI,1000.0,accuracy,0.7942029237747192
ResNet-SE-5,Diet,RW-Thigh,MLP,Full Finetune,HAR,RW-Thigh,5.0,accuracy,0.5189785957336426
ResNet-SE-5,Diet,MS,MLP,Full Finetune,HAR,MS,50.0,accuracy,0.8135592937469482
ResNet-SE-5,Diet,WISDM,MLP,Freeze,HAR,WISDM,5.0,accuracy,0.5199692845344543
ResNet-SE-5,Diet,MS,MLP,Freeze,HAR,MS,25.0,accuracy,0.590395450592041
ResNet-SE-5,Diet,RW-Waist,MLP,Full Finetune,HAR,RW-Waist,1000.0,accuracy,0.7430555820465088
ResNet-SE-5,Diet,UCI,MLP,Freeze,HAR,UCI,50.0,accuracy,0.7101449370384216
ResNet-SE-5,Diet,UCI,MLP,Full Finetune,HAR,UCI,200.0,accuracy,0.9289855360984802
ResNet-SE-5,Diet,KH,MLP,Freeze,HAR,KH,1.0,accuracy,0.2569444477558136
ResNet-SE-5,Diet,KH,MLP,Full Finetune,HAR,KH,25.0,accuracy,0.6527777910232544
ResNet-SE-5,Diet,KH,MLP,Full Finetune,HAR,KH,50.0,accuracy,0.7013888955116272
ResNet-SE-5,Diet,RW-Waist,MLP,Full Finetune,HAR,RW-Waist,25.0,accuracy,0.6550925970077515
ResNet-SE-5,Diet,RW-Thigh,MLP,Freeze,HAR,RW-Thigh,100.0,accuracy,0.5552104711532593
ResNet-SE-5,Diet,MS,MLP,Freeze,HAR,MS,50.0,accuracy,0.7306967973709106
ResNet-SE-5,Diet,WISDM,MLP,Full Finetune,HAR,WISDM,10.0,accuracy,0.6666666865348816
ResNet-SE-5,Diet,MS,MLP,Full Finetune,HAR,MS,25.0,accuracy,0.8361582159996033
ResNet-SE-5,Diet,WISDM,MLP,Full Finetune,HAR,WISDM,100.0,accuracy,0.8037634491920471
ResNet-SE-5,Diet,WISDM,MLP,Full Finetune,HAR,WISDM,25.0,accuracy,0.7596006393432617
ResNet-SE-5,Diet,RW-Waist,MLP,Full Finetune,HAR,RW-Waist,10.0,accuracy,0.658178985118866
ResNet-SE-5,Diet,RW-Waist,MLP,Full Finetune,HAR,RW-Waist,1.0,accuracy,0.238425925374031
ResNet-SE-5,Diet,KH,MLP,Freeze,HAR,KH,5.0,accuracy,0.3680555522441864
ResNet-SE-5,Diet,KH,MLP,Full Finetune,HAR,KH,5.0,accuracy,0.5972222089767456
ResNet-SE-5,Diet,UCI,MLP,Freeze,HAR,UCI,200.0,accuracy,0.769565224647522
ResNet-SE-5,Diet,MS,MLP,Full Finetune,HAR,MS,5.0,accuracy,0.6384180784225464
ResNet-SE-5,Diet,KH,MLP,Full Finetune,HAR,KH,100.0,accuracy,0.75
ResNet-SE-5,Diet,RW-Thigh,MLP,Full Finetune,HAR,RW-Thigh,1.0,accuracy,0.4275362193584442
ResNet-SE-5,Diet,MS,MLP,Freeze,HAR,MS,10.0,accuracy,0.4444444477558136
ResNet-SE-5,Diet,KH,MLP,Full Finetune,HAR,KH,200.0,accuracy,0.7569444179534912
ResNet-SE-5,Diet,RW-Thigh,MLP,Freeze,HAR,RW-Thigh,5.0,accuracy,0.3737060129642486
ResNet-SE-5,Diet,MS,MLP,Full Finetune,HAR,MS,10.0,accuracy,0.7721280455589294
ResNet-SE-5,Diet,RW-Waist,MLP,Freeze,HAR,RW-Waist,50.0,accuracy,0.7152777910232544
ResNet-SE-5,Diet,MS,MLP,Full Finetune,HAR,MS,200.0,accuracy,0.8305084705352783
ResNet-SE-5,Diet,RW-Waist,MLP,Freeze,HAR,RW-Waist,1000.0,accuracy,0.7326388955116272
ResNet-SE-5,Diet,WISDM,MLP,Freeze,HAR,WISDM,1.0,accuracy,0.1194316446781158
ResNet-SE-5,Diet,UCI,MLP,Full Finetune,HAR,UCI,5.0,accuracy,0.7115942239761353
ResNet-SE-5,Diet,RW-Thigh,MLP,Full Finetune,HAR,RW-Thigh,100.0,accuracy,0.5738440155982971
ResNet-SE-5,Diet,RW-Waist,MLP,Freeze,HAR,RW-Waist,25.0,accuracy,0.6315586566925049
ResNet-SE-5,Diet,RW-Waist,MLP,Full Finetune,HAR,RW-Waist,100.0,accuracy,0.6697530746459961
ResNet-SE-5,Diet,KH,MLP,Freeze,HAR,KH,1000.0,accuracy,0.6666666865348816
ResNet-SE-5,Diet,WISDM,MLP,Freeze,HAR,WISDM,1000.0,accuracy,0.774193525314331
ResNet-SE-5,Diet,RW-Thigh,MLP,Freeze,HAR,RW-Thigh,50.0,accuracy,0.5175983309745789
ResNet-SE-5,Diet,KH,MLP,Freeze,HAR,KH,10.0,accuracy,0.4097222089767456
ResNet-SE-5,Diet,RW-Thigh,MLP,Full Finetune,HAR,RW-Thigh,200.0,accuracy,0.6335403919219971
ResNet-SE-5,Diet,RW-Waist,MLP,Freeze,HAR,RW-Waist,5.0,accuracy,0.5054012537002563
ResNet-SE-5,Diet,KH,MLP,Full Finetune,HAR,KH,10.0,accuracy,0.6875
ResNet-SE-5,Diet,KH,MLP,Freeze,HAR,KH,200.0,accuracy,0.6041666865348816
ResNet-SE-5,Diet,KH,MLP,Full Finetune,HAR,KH,1000.0,accuracy,0.75
ResNet-SE-5,Diet,MS,MLP,Full Finetune,HAR,MS,100.0,accuracy,0.9030131697654724
ResNet-SE-5,Diet,RW-Thigh,MLP,Full Finetune,HAR,RW-Thigh,1000.0,accuracy,0.6884058117866516
ResNet-SE-5,Diet,RW-Thigh,MLP,Freeze,HAR,RW-Thigh,1.0,accuracy,0.3226363062858581
ResNet-SE-5,Diet,RW-Thigh,MLP,Full Finetune,HAR,RW-Thigh,10.0,accuracy,0.4723947644233703
ResNet-SE-5,Diet,WISDM,MLP,Full Finetune,HAR,WISDM,50.0,accuracy,0.7557603716850281
ResNet-SE-5,Diet,WISDM,MLP,Freeze,HAR,WISDM,50.0,accuracy,0.698924720287323
ResNet-SE-5,Diet,UCI,MLP,Full Finetune,HAR,UCI,1.0,accuracy,0.5594202876091003
ResNet-SE-5,Diet,UCI,MLP,Full Finetune,HAR,UCI,50.0,accuracy,0.8840579986572266
ResNet-SE-5,Diet,RW-Thigh,MLP,Full Finetune,HAR,RW-Thigh,50.0,accuracy,0.6625258922576904
ResNet-SE-5,Diet,RW-Thigh,MLP,Freeze,HAR,RW-Thigh,200.0,accuracy,0.592477560043335
ResNet-SE-5,Diet,RW-Waist,MLP,Full Finetune,HAR,RW-Waist,200.0,accuracy,0.6377314925193787
ResNet-SE-5,Diet,UCI,MLP,Full Finetune,HAR,UCI,10.0,accuracy,0.739130437374115
ResNet-SE-5,Diet,RW-Waist,MLP,Freeze,HAR,RW-Waist,100.0,accuracy,0.7102623581886292
ResNet-SE-5,Diet,KH,MLP,Full Finetune,HAR,KH,1.0,accuracy,0.5
ResNet-SE-5,Diet,RW-Waist,MLP,Freeze,HAR,RW-Waist,10.0,accuracy,0.4768518507480621
ResNet-SE-5,Diet,WISDM,MLP,Full Finetune,HAR,WISDM,200.0,accuracy,0.8341013789176941
ResNet-SE-5,Diet,WISDM,MLP,Freeze,HAR,WISDM,100.0,accuracy,0.7254224419593811
ResNet-SE-5,Diet,KH,MLP,Freeze,HAR,KH,100.0,accuracy,0.6458333134651184
ResNet-SE-5,Diet,WISDM,MLP,Full Finetune,HAR,WISDM,5.0,accuracy,0.6620583534240723
ResNet-SE-5,Diet,RW-Waist,MLP,Freeze,HAR,RW-Waist,200.0,accuracy,0.7337962985038757
ResNet-SE-5,Diet,MS,MLP,Freeze,HAR,MS,1.0,accuracy,0.3935969769954681
ResNet-SE-5,Diet,MS,MLP,Freeze,HAR,MS,1000.0,accuracy,0.7758945226669312
ResNet-SE-5,Diet,MS,MLP,Freeze,HAR,MS,200.0,accuracy,0.7796609997749329
ResNet-SE-5,Diet,MS,MLP,Freeze,HAR,MS,100.0,accuracy,0.7514124512672424
ResNet-SE-5,Diet,UCI,MLP,Full Finetune,HAR,UCI,10.0,accuracy,0.791304349899292
ResNet-SE-5,Diet,RW-Thigh,MLP,Freeze,HAR,RW-Thigh,100.0,accuracy,0.6083505749702454
ResNet-SE-5,Diet,WISDM,MLP,Full Finetune,HAR,WISDM,50.0,accuracy,0.7515360713005066
ResNet-SE-5,Diet,MS,MLP,Freeze,HAR,MS,10.0,accuracy,0.4679849445819855
ResNet-SE-5,Diet,KH,MLP,Freeze,HAR,KH,10.0,accuracy,0.4861111044883728
ResNet-SE-5,Diet,WISDM,MLP,Freeze,HAR,WISDM,5.0,accuracy,0.4731182754039764
ResNet-SE-5,Diet,RW-Waist,MLP,Freeze,HAR,RW-Waist,10.0,accuracy,0.5748456716537476
ResNet-SE-5,Diet,RW-Waist,MLP,Full Finetune,HAR,RW-Waist,1000.0,accuracy,0.7696759104728699
ResNet-SE-5,Diet,WISDM,MLP,Full Finetune,HAR,WISDM,10.0,accuracy,0.7369431853294373
ResNet-SE-5,Diet,WISDM,MLP,Full Finetune,HAR,WISDM,25.0,accuracy,0.7354070544242859
ResNet-SE-5,Diet,RW-Waist,MLP,Freeze,HAR,RW-Waist,25.0,accuracy,0.604938268661499
ResNet-SE-5,Diet,RW-Waist,MLP,Full Finetune,HAR,RW-Waist,1.0,accuracy,0.4158950746059418
ResNet-SE-5,Diet,KH,MLP,Freeze,HAR,KH,200.0,accuracy,0.6736111044883728
ResNet-SE-5,Diet,RW-Thigh,MLP,Full Finetune,HAR,RW-Thigh,1.0,accuracy,0.2263630032539367
ResNet-SE-5,Diet,UCI,MLP,Full Finetune,HAR,UCI,200.0,accuracy,0.93478262424469
ResNet-SE-5,Diet,MS,MLP,Full Finetune,HAR,MS,100.0,accuracy,0.8116760849952698
ResNet-SE-5,Diet,RW-Thigh,MLP,Full Finetune,HAR,RW-Thigh,200.0,accuracy,0.6894409656524658
ResNet-SE-5,Diet,WISDM,MLP,Freeze,HAR,WISDM,1.0,accuracy,0.3886328637599945
ResNet-SE-5,Diet,MS,MLP,Freeze,HAR,MS,100.0,accuracy,0.7542372941970825
ResNet-SE-5,Diet,MS,MLP,Freeze,HAR,MS,50.0,accuracy,0.7956685423851013
ResNet-SE-5,Diet,RW-Thigh,MLP,Freeze,HAR,RW-Thigh,25.0,accuracy,0.6155969500541687
ResNet-SE-5,Diet,RW-Thigh,MLP,Full Finetune,HAR,RW-Thigh,50.0,accuracy,0.7287784814834595
ResNet-SE-5,Diet,KH,MLP,Freeze,HAR,KH,25.0,accuracy,0.6180555820465088
ResNet-SE-5,Diet,UCI,MLP,Freeze,HAR,UCI,25.0,accuracy,0.6333333253860474
ResNet-SE-5,Diet,UCI,MLP,Freeze,HAR,UCI,100.0,accuracy,0.7115942239761353
ResNet-SE-5,Diet,WISDM,MLP,Full Finetune,HAR,WISDM,1000.0,accuracy,0.8594470024108887
ResNet-SE-5,Diet,WISDM,MLP,Freeze,HAR,WISDM,100.0,accuracy,0.773809552192688
ResNet-SE-5,Diet,RW-Waist,MLP,Full Finetune,HAR,RW-Waist,100.0,accuracy,0.6770833134651184
ResNet-SE-5,Diet,WISDM,MLP,Freeze,HAR,WISDM,25.0,accuracy,0.6155914068222046
ResNet-SE-5,Diet,UCI,MLP,Freeze,HAR,UCI,200.0,accuracy,0.7420290112495422
ResNet-SE-5,Diet,MS,MLP,Full Finetune,HAR,MS,1.0,accuracy,0.4566855132579803
ResNet-SE-5,Diet,RW-Waist,MLP,Freeze,HAR,RW-Waist,1.0,accuracy,0.2349537014961242
ResNet-SE-5,Diet,KH,MLP,Freeze,HAR,KH,1.0,accuracy,0.3541666567325592
ResNet-SE-5,Diet,WISDM,MLP,Freeze,HAR,WISDM,1000.0,accuracy,0.7995391488075256
ResNet-SE-5,Diet,MS,MLP,Freeze,HAR,MS,25.0,accuracy,0.6666666865348816
ResNet-SE-5,Diet,MS,MLP,Full Finetune,HAR,MS,10.0,accuracy,0.7485875487327576
ResNet-SE-5,Diet,KH,MLP,Full Finetune,HAR,KH,25.0,accuracy,0.75
ResNet-SE-5,Diet,RW-Waist,MLP,Full Finetune,HAR,RW-Waist,50.0,accuracy,0.7237654328346252
ResNet-SE-5,Diet,KH,MLP,Full Finetune,HAR,KH,200.0,accuracy,0.7569444179534912
ResNet-SE-5,Diet,RW-Waist,MLP,Full Finetune,HAR,RW-Waist,200.0,accuracy,0.7044752836227417
ResNet-SE-5,Diet,MS,MLP,Full Finetune,HAR,MS,25.0,accuracy,0.7928436994552612
ResNet-SE-5,Diet,UCI,MLP,Full Finetune,HAR,UCI,25.0,accuracy,0.8260869383811951
ResNet-SE-5,Diet,UCI,MLP,Freeze,HAR,UCI,1.0,accuracy,0.3246376812458038
ResNet-SE-5,Diet,RW-Thigh,MLP,Freeze,HAR,RW-Thigh,5.0,accuracy,0.2760524451732635
ResNet-SE-5,Diet,KH,MLP,Freeze,HAR,KH,100.0,accuracy,0.6805555820465088
ResNet-SE-5,Diet,WISDM,MLP,Freeze,HAR,WISDM,10.0,accuracy,0.4109062850475311
ResNet-SE-5,Diet,RW-Thigh,MLP,Full Finetune,HAR,RW-Thigh,10.0,accuracy,0.459282249212265
ResNet-SE-5,Diet,RW-Waist,MLP,Full Finetune,HAR,RW-Waist,5.0,accuracy,0.667438268661499
ResNet-SE-5,Diet,RW-Thigh,MLP,Full Finetune,HAR,RW-Thigh,5.0,accuracy,0.4558316171169281
ResNet-SE-5,Diet,WISDM,MLP,Full Finetune,HAR,WISDM,200.0,accuracy,0.7884024381637573
ResNet-SE-5,Diet,RW-Thigh,MLP,Freeze,HAR,RW-Thigh,1000.0,accuracy,0.7149758338928223
ResNet-SE-5,Diet,KH,MLP,Full Finetune,HAR,KH,10.0,accuracy,0.6805555820465088
ResNet-SE-5,Diet,UCI,MLP,Freeze,HAR,UCI,50.0,accuracy,0.6855072379112244
ResNet-SE-5,Diet,MS,MLP,Freeze,HAR,MS,1000.0,accuracy,0.7815442681312561
ResNet-SE-5,Diet,RW-Thigh,MLP,Full Finetune,HAR,RW-Thigh,1000.0,accuracy,0.6345755457878113
ResNet-SE-5,Diet,WISDM,MLP,Freeze,HAR,WISDM,200.0,accuracy,0.7791858911514282
ResNet-SE-5,Diet,WISDM,MLP,Full Finetune,HAR,WISDM,1.0,accuracy,0.447388619184494
ResNet-SE-5,Diet,MS,MLP,Full Finetune,HAR,MS,5.0,accuracy,0.7118644118309021
ResNet-SE-5,Diet,UCI,MLP,Freeze,HAR,UCI,10.0,accuracy,0.4666666686534881
ResNet-SE-5,Diet,MS,MLP,Freeze,HAR,MS,200.0,accuracy,0.7768361568450928
ResNet-SE-5,Diet,RW-Thigh,MLP,Full Finetune,HAR,RW-Thigh,100.0,accuracy,0.7111801505088806
ResNet-SE-5,Diet,MS,MLP,Full Finetune,HAR,MS,200.0,accuracy,0.8483992218971252
ResNet-SE-5,Diet,UCI,MLP,Full Finetune,HAR,UCI,1.0,accuracy,0.5666666626930237
ResNet-SE-5,Diet,RW-Thigh,MLP,Freeze,HAR,RW-Thigh,200.0,accuracy,0.6625258922576904
ResNet-SE-5,Diet,MS,MLP,Full Finetune,HAR,MS,1000.0,accuracy,0.874764621257782
ResNet-SE-5,Diet,MS,MLP,Full Finetune,HAR,MS,50.0,accuracy,0.8625235557556152
ResNet-SE-5,Diet,UCI,MLP,Freeze,HAR,UCI,5.0,accuracy,0.4855072498321533
ResNet-SE-5,Diet,RW-Thigh,MLP,Freeze,HAR,RW-Thigh,50.0,accuracy,0.64665287733078
ResNet-SE-5,Diet,RW-Waist,MLP,Freeze,HAR,RW-Waist,200.0,accuracy,0.7179784178733826
ResNet-SE-5,Diet,RW-Thigh,MLP,Freeze,HAR,RW-Thigh,1.0,accuracy,0.1024844720959663
ResNet-SE-5,Diet,KH,MLP,Full Finetune,HAR,KH,50.0,accuracy,0.7291666865348816
ResNet-SE-5,Diet,UCI,MLP,Freeze,HAR,UCI,1000.0,accuracy,0.7666666507720947
ResNet-SE-5,Diet,RW-Waist,MLP,Full Finetune,HAR,RW-Waist,25.0,accuracy,0.6354166865348816
ResNet-SE-5,Diet,WISDM,MLP,Full Finetune,HAR,WISDM,100.0,accuracy,0.7711213231086731
ResNet-SE-5,Diet,KH,MLP,Full Finetune,HAR,KH,5.0,accuracy,0.6319444179534912
ResNet-SE-5,Diet,WISDM,MLP,Full Finetune,HAR,WISDM,5.0,accuracy,0.611751139163971
ResNet-SE-5,Diet,RW-Waist,MLP,Freeze,HAR,RW-Waist,5.0,accuracy,0.4367283880710602
ResNet-SE-5,Diet,MS,MLP,Freeze,HAR,MS,1.0,accuracy,0.3408662974834442
ResNet-SE-5,Diet,RW-Waist,MLP,Full Finetune,HAR,RW-Waist,10.0,accuracy,0.6909722089767456
ResNet-SE-5,Diet,RW-Thigh,MLP,Full Finetune,HAR,RW-Thigh,25.0,accuracy,0.7215321063995361
ResNet-SE-5,Diet,RW-Thigh,MLP,Freeze,HAR,RW-Thigh,10.0,accuracy,0.407522439956665
ResNet-SE-5,Diet,KH,MLP,Freeze,HAR,KH,50.0,accuracy,0.6180555820465088
ResNet-SE-5,Diet,KH,MLP,Full Finetune,HAR,KH,1.0,accuracy,0.4722222089767456
ResNet-SE-5,Diet,KH,MLP,Full Finetune,HAR,KH,1000.0,accuracy,0.7638888955116272
ResNet-SE-5,Diet,RW-Waist,MLP,Freeze,HAR,RW-Waist,1000.0,accuracy,0.7094907164573669
ResNet-SE-5,Diet,WISDM,MLP,Freeze,HAR,WISDM,50.0,accuracy,0.7208141088485718
ResNet-SE-5,Diet,UCI,MLP,Full Finetune,HAR,UCI,100.0,accuracy,0.908695638179779
ResNet-SE-5,Diet,RW-Waist,MLP,Freeze,HAR,RW-Waist,100.0,accuracy,0.6867284178733826
ResNet-SE-5,Diet,UCI,MLP,Full Finetune,HAR,UCI,1000.0,accuracy,0.9579710364341736
ResNet-SE-5,Diet,UCI,MLP,Full Finetune,HAR,UCI,50.0,accuracy,0.8666666746139526
ResNet-SE-5,Diet,KH,MLP,Freeze,HAR,KH,5.0,accuracy,0.3958333432674408
ResNet-SE-5,Diet,MS,MLP,Freeze,HAR,MS,5.0,accuracy,0.5386064052581787
ResNet-SE-5,Diet,UCI,MLP,Full Finetune,HAR,UCI,5.0,accuracy,0.7376811504364014
ResNet-SE-5,Diet,KH,MLP,Freeze,HAR,KH,1000.0,accuracy,0.7013888955116272
ResNet-SE-5,Diet,KH,MLP,Full Finetune,HAR,KH,100.0,accuracy,0.7708333134651184
ResNet-SE-5,Diet,RW-Waist,MLP,Freeze,HAR,RW-Waist,50.0,accuracy,0.6793981194496155
ResNet-SE-5,Diet,RW-Thigh,MLP,Freeze,HAR,RW-Thigh,1000.0,accuracy,0.7218771576881409
ResNet-SE-5,Diet,RW-Waist,MLP,Freeze,HAR,RW-Waist,50.0,accuracy,0.6485339403152466
ResNet-SE-5,Diet,RW-Thigh,MLP,Freeze,HAR,RW-Thigh,200.0,accuracy,0.6714975833892822
ResNet-SE-5,Diet,RW-Thigh,MLP,Freeze,HAR,RW-Thigh,25.0,accuracy,0.5848861336708069
ResNet-SE-5,Diet,UCI,MLP,Full Finetune,HAR,UCI,100.0,accuracy,0.8753623366355896
ResNet-SE-5,Diet,KH,MLP,Full Finetune,HAR,KH,50.0,accuracy,0.7777777910232544
ResNet-SE-5,Diet,UCI,MLP,Full Finetune,HAR,UCI,1.0,accuracy,0.5985507369041443
ResNet-SE-5,Diet,RW-Thigh,MLP,Full Finetune,HAR,RW-Thigh,1.0,accuracy,0.3109040856361389
ResNet-SE-5,Diet,KH,MLP,Freeze,HAR,KH,200.0,accuracy,0.6875
ResNet-SE-5,Diet,UCI,MLP,Freeze,HAR,UCI,1000.0,accuracy,0.7811594009399414
ResNet-SE-5,Diet,RW-Waist,MLP,Full Finetune,HAR,RW-Waist,200.0,accuracy,0.7199074029922485
ResNet-SE-5,Diet,MS,MLP,Full Finetune,HAR,MS,200.0,accuracy,0.8295668363571167
ResNet-SE-5,Diet,RW-Thigh,MLP,Freeze,HAR,RW-Thigh,1.0,accuracy,0.1459627300500869
ResNet-SE-5,Diet,UCI,MLP,Freeze,HAR,UCI,1.0,accuracy,0.3246376812458038
ResNet-SE-5,Diet,RW-Thigh,MLP,Full Finetune,HAR,RW-Thigh,5.0,accuracy,0.3795721232891083
ResNet-SE-5,Diet,KH,MLP,Freeze,HAR,KH,1.0,accuracy,0.3888888955116272
ResNet-SE-5,Diet,WISDM,MLP,Freeze,HAR,WISDM,25.0,accuracy,0.6570660471916199
ResNet-SE-5,Diet,RW-Waist,MLP,Freeze,HAR,RW-Waist,25.0,accuracy,0.5432098507881165
ResNet-SE-5,Diet,RW-Thigh,MLP,Full Finetune,HAR,RW-Thigh,200.0,accuracy,0.5897170305252075
ResNet-SE-5,Diet,MS,MLP,Freeze,HAR,MS,1.0,accuracy,0.3003766536712646
ResNet-SE-5,Diet,UCI,MLP,Full Finetune,HAR,UCI,200.0,accuracy,0.926086962223053
ResNet-SE-5,Diet,RW-Waist,MLP,Freeze,HAR,RW-Waist,1.0,accuracy,0.1033950597047805
ResNet-SE-5,Diet,KH,MLP,Freeze,HAR,KH,5.0,accuracy,0.5208333134651184
ResNet-SE-5,Diet,WISDM,MLP,Freeze,HAR,WISDM,100.0,accuracy,0.7496159672737122
ResNet-SE-5,Diet,RW-Waist,MLP,Freeze,HAR,RW-Waist,200.0,accuracy,0.6867284178733826
ResNet-SE-5,Diet,MS,MLP,Freeze,HAR,MS,200.0,accuracy,0.7824859023094177
ResNet-SE-5,Diet,MS,MLP,Freeze,HAR,MS,50.0,accuracy,0.7259886860847473
ResNet-SE-5,Diet,UCI,MLP,Full Finetune,HAR,UCI,1000.0,accuracy,0.9594202637672424
ResNet-SE-5,Diet,KH,MLP,Full Finetune,HAR,KH,200.0,accuracy,0.8055555820465088
ResNet-SE-5,Diet,WISDM,MLP,Full Finetune,HAR,WISDM,10.0,accuracy,0.6428571343421936
ResNet-SE-5,Diet,WISDM,MLP,Freeze,HAR,WISDM,50.0,accuracy,0.7446236610412598
ResNet-SE-5,Diet,WISDM,MLP,Freeze,HAR,WISDM,1000.0,accuracy,0.7461597323417664
ResNet-SE-5,Diet,WISDM,MLP,Freeze,HAR,WISDM,200.0,accuracy,0.7484639286994934
ResNet-SE-5,Diet,RW-Waist,MLP,Full Finetune,HAR,RW-Waist,25.0,accuracy,0.6790123581886292
ResNet-SE-5,Diet,RW-Thigh,MLP,Full Finetune,HAR,RW-Thigh,25.0,accuracy,0.718426525592804
ResNet-SE-5,Diet,WISDM,MLP,Freeze,HAR,WISDM,5.0,accuracy,0.4028417766094208
ResNet-SE-5,Diet,RW-Thigh,MLP,Full Finetune,HAR,RW-Thigh,50.0,accuracy,0.6752933263778687
ResNet-SE-5,Diet,MS,MLP,Full Finetune,HAR,MS,1000.0,accuracy,0.8276836276054382
ResNet-SE-5,Diet,RW-Thigh,MLP,Full Finetune,HAR,RW-Thigh,100.0,accuracy,0.7028985619544983
ResNet-SE-5,Diet,UCI,MLP,Freeze,HAR,UCI,25.0,accuracy,0.643478274345398
ResNet-SE-5,Diet,RW-Thigh,MLP,Full Finetune,HAR,RW-Thigh,10.0,accuracy,0.4644582569599151
ResNet-SE-5,Diet,MS,MLP,Freeze,HAR,MS,25.0,accuracy,0.6619585752487183
ResNet-SE-5,Diet,WISDM,MLP,Full Finetune,HAR,WISDM,5.0,accuracy,0.5718125700950623
ResNet-SE-5,Diet,RW-Thigh,MLP,Freeze,HAR,RW-Thigh,5.0,accuracy,0.2584541141986847
ResNet-SE-5,Diet,MS,MLP,Full Finetune,HAR,MS,100.0,accuracy,0.8003766536712646
ResNet-SE-5,Diet,WISDM,MLP,Full Finetune,HAR,WISDM,1.0,accuracy,0.5145929455757141
ResNet-SE-5,Diet,RW-Thigh,MLP,Freeze,HAR,RW-Thigh,10.0,accuracy,0.4403036534786224
ResNet-SE-5,Diet,MS,MLP,Full Finetune,HAR,MS,10.0,accuracy,0.7730696797370911
ResNet-SE-5,Diet,RW-Waist,MLP,Freeze,HAR,RW-Waist,1000.0,accuracy,0.7137345671653748
ResNet-SE-5,Diet,UCI,MLP,Freeze,HAR,UCI,10.0,accuracy,0.6000000238418579
ResNet-SE-5,Diet,UCI,MLP,Freeze,HAR,UCI,50.0,accuracy,0.7405797243118286
ResNet-SE-5,Diet,RW-Thigh,MLP,Full Finetune,HAR,RW-Thigh,1000.0,accuracy,0.6621808409690857
ResNet-SE-5,Diet,UCI,MLP,Full Finetune,HAR,UCI,50.0,accuracy,0.8710144758224487
ResNet-SE-5,Diet,RW-Waist,MLP,Full Finetune,HAR,RW-Waist,50.0,accuracy,0.6805555820465088
ResNet-SE-5,Diet,RW-Thigh,MLP,Freeze,HAR,RW-Thigh,50.0,accuracy,0.649068295955658
ResNet-SE-5,Diet,KH,MLP,Full Finetune,HAR,KH,1.0,accuracy,0.5069444179534912
ResNet-SE-5,Diet,MS,MLP,Freeze,HAR,MS,100.0,accuracy,0.7523540258407593
ResNet-SE-5,Diet,KH,MLP,Freeze,HAR,KH,1000.0,accuracy,0.7013888955116272
ResNet-SE-5,Diet,KH,MLP,Full Finetune,HAR,KH,100.0,accuracy,0.7569444179534912
ResNet-SE-5,Diet,MS,MLP,Full Finetune,HAR,MS,25.0,accuracy,0.7984933853149414
ResNet-SE-5,Diet,KH,MLP,Full Finetune,HAR,KH,5.0,accuracy,0.7430555820465088
ResNet-SE-5,Diet,MS,MLP,Freeze,HAR,MS,1000.0,accuracy,0.805084764957428
ResNet-SE-5,Diet,WISDM,MLP,Full Finetune,HAR,WISDM,1000.0,accuracy,0.8544546961784363
ResNet-SE-5,Diet,RW-Waist,MLP,Full Finetune,HAR,RW-Waist,1.0,accuracy,0.3333333432674408
ResNet-SE-5,Diet,KH,MLP,Freeze,HAR,KH,25.0,accuracy,0.6319444179534912
ResNet-SE-5,Diet,RW-Waist,MLP,Full Finetune,HAR,RW-Waist,100.0,accuracy,0.7040895223617554
ResNet-SE-5,Diet,UCI,MLP,Full Finetune,HAR,UCI,25.0,accuracy,0.8057971000671387
ResNet-SE-5,Diet,RW-Waist,MLP,Freeze,HAR,RW-Waist,100.0,accuracy,0.6925154328346252
ResNet-SE-5,Diet,KH,MLP,Freeze,HAR,KH,100.0,accuracy,0.6736111044883728
ResNet-SE-5,Diet,UCI,MLP,Full Finetune,HAR,UCI,10.0,accuracy,0.7884057760238647
ResNet-SE-5,Diet,KH,MLP,Full Finetune,HAR,KH,1000.0,accuracy,0.7777777910232544
ResNet-SE-5,Diet,WISDM,MLP,Full Finetune,HAR,WISDM,200.0,accuracy,0.8003072142601013
ResNet-SE-5,Diet,WISDM,MLP,Full Finetune,HAR,WISDM,50.0,accuracy,0.7768816947937012
ResNet-SE-5,Diet,RW-Waist,MLP,Full Finetune,HAR,RW-Waist,5.0,accuracy,0.5370370149612427
ResNet-SE-5,Diet,WISDM,MLP,Full Finetune,HAR,WISDM,25.0,accuracy,0.7672811150550842
ResNet-SE-5,Diet,RW-Waist,MLP,Freeze,HAR,RW-Waist,10.0,accuracy,0.4814814925193786
ResNet-SE-5,Diet,MS,MLP,Freeze,HAR,MS,5.0,accuracy,0.5188323855400085
ResNet-SE-5,Diet,KH,MLP,Freeze,HAR,KH,50.0,accuracy,0.7222222089767456
ResNet-SE-5,Diet,KH,MLP,Full Finetune,HAR,KH,25.0,accuracy,0.7222222089767456
ResNet-SE-5,Diet,RW-Waist,MLP,Full Finetune,HAR,RW-Waist,10.0,accuracy,0.6134259104728699
ResNet-SE-5,Diet,UCI,MLP,Full Finetune,HAR,UCI,5.0,accuracy,0.730434775352478
ResNet-SE-5,Diet,UCI,MLP,Freeze,HAR,UCI,100.0,accuracy,0.752173900604248
ResNet-SE-5,Diet,UCI,MLP,Freeze,HAR,UCI,5.0,accuracy,0.5492753386497498
ResNet-SE-5,Diet,RW-Waist,MLP,Freeze,HAR,RW-Waist,5.0,accuracy,0.3641975224018097
ResNet-SE-5,Diet,UCI,MLP,Freeze,HAR,UCI,200.0,accuracy,0.7739130258560181
ResNet-SE-5,Diet,MS,MLP,Full Finetune,HAR,MS,1.0,accuracy,0.4529190063476562
ResNet-SE-5,Diet,WISDM,MLP,Full Finetune,HAR,WISDM,100.0,accuracy,0.8022273182868958
ResNet-SE-5,Diet,RW-Thigh,MLP,Freeze,HAR,RW-Thigh,100.0,accuracy,0.6514837741851807
ResNet-SE-5,Diet,MS,MLP,Freeze,HAR,MS,10.0,accuracy,0.508474588394165
ResNet-SE-5,Diet,MS,MLP,Full Finetune,HAR,MS,50.0,accuracy,0.83427494764328
ResNet-SE-5,Diet,RW-Waist,MLP,Full Finetune,HAR,RW-Waist,1000.0,accuracy,0.7210648059844971
ResNet-SE-5,Diet,WISDM,MLP,Freeze,HAR,WISDM,10.0,accuracy,0.5023041367530823
ResNet-SE-5,Diet,MS,MLP,Full Finetune,HAR,MS,5.0,accuracy,0.743879497051239
ResNet-SE-5,Diet,KH,MLP,Freeze,HAR,KH,10.0,accuracy,0.4652777910232544
ResNet-SE-5,Diet,KH,MLP,Full Finetune,HAR,KH,10.0,accuracy,0.6527777910232544
ResNet-SE-5,Diet,WISDM,MLP,Freeze,HAR,WISDM,1.0,accuracy,0.4135944843292236
