Backbone,Mean,Std,Mean ± Std,Wins,Losses,Net Score,Dataset,Technique,Performance,Data Percentage,Dataset Name,ft_strategy
ResNet-SE-5,94.73429918289185,0.6849006100664046,94.7% ± 0.7%,0,0,0,UCI + 1000.0,Supervised,94.7% ± 0.7%,1000,UCI,Full Finetuning
TS2Vec Encoder,94.34782663981119,0.3834419022912955,94.3% ± 0.4%,0,0,0,UCI + 1000.0,Supervised,94.3% ± 0.4%,1000,UCI,Full Finetuning
TS2Vec Encoder,94.2875067392985,1.893413803411098,94.3% ± 1.9%,0,0,0,MS + 1000.0,Supervised,94.3% ± 1.9%,1000,MS,Full Finetuning
TS2Vec Encoder,92.41545995076498,2.035876389734787,92.4% ± 2.0%,0,0,0,UCI + 200.0,Supervised,92.4% ± 2.0%,200,UCI,Full Finetuning
ResNet-SE-5,92.27053125699362,1.6029601245957477,92.3% ± 1.6%,0,0,0,UCI + 200.0,Supervised,92.3% ± 1.6%,200,UCI,Full Finetuning
ResNet-SE-5,91.4975861708323,1.628958636880333,91.5% ± 1.6%,0,0,0,UCI + 100.0,Supervised,91.5% ± 1.6%,100,UCI,Full Finetuning
TS2Vec Encoder,90.74074228604636,3.5611816702408703,90.7% ± 3.6%,0,0,0,MS + 200.0,Supervised,90.7% ± 3.6%,200,MS,Full Finetuning
CNN-PFF,90.00000158945718,2.188357127683556,90.0% ± 2.2%,0,0,0,UCI + 1000.0,Supervised,90.0% ± 2.2%,1000,UCI,Full Finetuning
TS-TCC Encoder,89.13043737411499,1.2551089816056409,89.1% ± 1.3%,0,0,0,UCI + 1000.0,Supervised,89.1% ± 1.3%,1000,UCI,Full Finetuning
CNN-PFF,87.25038369496664,0.8655486168960845,87.3% ± 0.9%,0,0,0,WISDM + 1000.0,Supervised,87.3% ± 0.9%,1000,WISDM,Full Finetuning
TS2Vec Encoder,87.14797695477804,1.6429480625451371,87.1% ± 1.6%,0,0,0,WISDM + 1000.0,Supervised,87.1% ± 1.6%,1000,WISDM,Full Finetuning
TS2Vec Encoder,86.81159416834512,6.40966663835259,86.8% ± 6.4%,0,0,0,UCI + 100.0,Supervised,86.8% ± 6.4%,100,UCI,Full Finetuning
TS-TCC Encoder,86.36712630589804,0.5538474759194647,86.4% ± 0.6%,0,0,0,WISDM + 1000.0,Supervised,86.4% ± 0.6%,1000,WISDM,Full Finetuning
TS2Vec Encoder,86.2209677696228,1.687926105715308,86.2% ± 1.7%,0,0,0,MS + 100.0,Supervised,86.2% ± 1.7%,100,MS,Full Finetuning
CNN-PFF,85.62460740407309,0.9800715186108968,85.6% ± 1.0%,0,0,0,MS + 1000.0,Supervised,85.6% ± 1.0%,1000,MS,Full Finetuning
ResNet-SE-5,85.50724585851034,2.0546997280984707,85.5% ± 2.1%,0,0,0,UCI + 50.0,Supervised,85.5% ± 2.1%,50,UCI,Full Finetuning
CNN-PFF,84.73429878552756,1.2325951331472027,84.7% ± 1.2%,0,0,0,UCI + 200.0,Supervised,84.7% ± 1.2%,200,UCI,Full Finetuning
ResNet-SE-5,84.72862243652344,1.8406486320420468,84.7% ± 1.8%,0,0,0,WISDM + 1000.0,Supervised,84.7% ± 1.8%,1000,WISDM,Full Finetuning
CNN-PFF,84.274951616923,2.52838581416699,84.3% ± 2.5%,0,0,0,MS + 200.0,Supervised,84.3% ± 2.5%,200,MS,Full Finetuning
CNN-PFF,84.1180165608724,1.1923044138403853,84.1% ± 1.2%,0,0,0,MS + 100.0,Supervised,84.1% ± 1.2%,100,MS,Full Finetuning
ResNet-SE-5,83.33333333333334,0.6591315780378628,83.3% ± 0.7%,0,0,0,MS + 50.0,Supervised,83.3% ± 0.7%,50,MS,Full Finetuning
TS2Vec Encoder,82.46376713116965,6.201477188522938,82.5% ± 6.2%,0,0,0,UCI + 50.0,Supervised,82.5% ± 6.2%,50,UCI,Full Finetuning
ResNet-SE-5,82.20339020093283,9.380817758879639,82.2% ± 9.4%,0,0,0,MS + 1000.0,Supervised,82.2% ± 9.4%,1000,MS,Full Finetuning
IMU Transformer,81.93236589431763,2.3248721184325314,81.9% ± 2.3%,0,0,0,UCI + 1000.0,Supervised,81.9% ± 2.3%,1000,UCI,Full Finetuning
CNN-PFF,81.83574875195822,1.5898053801769962,81.8% ± 1.6%,0,0,0,UCI + 100.0,Supervised,81.8% ± 1.6%,100,UCI,Full Finetuning
ResNet-SE-5,81.81003530820212,1.563847726392436,81.8% ± 1.6%,0,0,0,WISDM + 200.0,Supervised,81.8% ± 1.6%,200,WISDM,Full Finetuning
TS-TCC Encoder,80.86956540743509,2.028986811638608,80.9% ± 2.0%,0,0,0,UCI + 100.0,Supervised,80.9% ± 2.0%,100,UCI,Full Finetuning
TS-TCC Encoder,80.53140044212341,1.6481831517458385,80.5% ± 1.6%,0,0,0,UCI + 200.0,Supervised,80.5% ± 1.6%,200,UCI,Full Finetuning
CNN-PFF,80.41431307792664,2.7355636534690286,80.4% ± 2.7%,0,0,0,MS + 50.0,Supervised,80.4% ± 2.7%,50,MS,Full Finetuning
TS-TCC Encoder,80.3123394648234,0.5213871223908615,80.3% ± 0.5%,0,0,0,WISDM + 200.0,Supervised,80.3% ± 0.5%,200,WISDM,Full Finetuning
TS-TCC Encoder,80.22598822911581,0.9830778166600763,80.2% ± 1.0%,0,0,0,MS + 200.0,Supervised,80.2% ± 1.0%,200,MS,Full Finetuning
TS-TCC Encoder,79.95168964068094,0.5486877679369742,80.0% ± 0.5%,0,0,0,UCI + 50.0,Supervised,80.0% ± 0.5%,50,UCI,Full Finetuning
TS2Vec Encoder,79.88072832425436,4.667747092800728,79.9% ± 4.7%,0,0,0,MS + 50.0,Supervised,79.9% ± 4.7%,50,MS,Full Finetuning
ResNet-SE-5,79.85507249832153,1.6138458568232081,79.9% ± 1.6%,0,0,0,UCI + 25.0,Supervised,79.9% ± 1.6%,25,UCI,Full Finetuning
ResNet-SE-5,79.84934051831564,0.5727648905725213,79.8% ± 0.6%,0,0,0,MS + 200.0,Supervised,79.8% ± 0.6%,200,MS,Full Finetuning
RNN,79.66183821360269,2.3293836864172563,79.7% ± 2.3%,0,0,0,UCI + 1000.0,Supervised,79.7% ± 2.3%,1000,UCI,Full Finetuning
TS-TCC Encoder,79.61352666219076,1.8691345672943147,79.6% ± 1.9%,0,0,0,UCI + 25.0,Supervised,79.6% ± 1.9%,25,UCI,Full Finetuning
CNN-PFF,79.42028840382895,0.7668838045825783,79.4% ± 0.8%,0,0,0,UCI + 50.0,Supervised,79.4% ± 0.8%,50,UCI,Full Finetuning
TS2Vec Encoder,78.99385492006937,3.2972489363768176,79.0% ± 3.3%,0,0,0,WISDM + 200.0,Supervised,79.0% ± 3.3%,200,WISDM,Full Finetuning
TS-TCC Encoder,78.93910805384317,6.7313161562354455,78.9% ± 6.7%,0,0,0,MS + 1000.0,Supervised,78.9% ± 6.7%,1000,MS,Full Finetuning
ResNet-SE-5,78.65662177403769,0.7313975602882694,78.7% ± 0.7%,0,0,0,MS + 100.0,Supervised,78.7% ± 0.7%,100,MS,Full Finetuning
RNN,78.65662177403769,4.147759248037688,78.7% ± 4.1%,0,0,0,MS + 1000.0,Supervised,78.7% ± 4.1%,1000,MS,Full Finetuning
CNN-PFF,78.3410131931305,1.7281115055084229,78.3% ± 1.7%,0,0,0,WISDM + 200.0,Supervised,78.3% ± 1.7%,200,WISDM,Full Finetuning
CNN-PFF,78.2386064529419,1.1322749265100693,78.2% ± 1.1%,0,0,0,WISDM + 100.0,Supervised,78.2% ± 1.1%,100,WISDM,Full Finetuning
IMU Transformer,78.1642516454061,1.508453263158176,78.2% ± 1.5%,0,0,0,UCI + 100.0,Supervised,78.2% ± 1.5%,100,UCI,Full Finetuning
RNN,78.01932493845621,0.8240927988048516,78.0% ± 0.8%,0,0,0,UCI + 200.0,Supervised,78.0% ± 0.8%,200,UCI,Full Finetuning
TS-TCC Encoder,77.96978950500488,2.828342981036875,78.0% ± 2.8%,0,0,0,WISDM + 100.0,Supervised,78.0% ± 2.8%,100,WISDM,Full Finetuning
IMU Transformer,77.82608668009439,0.38344190229128916,77.8% ± 0.4%,0,0,0,UCI + 200.0,Supervised,77.8% ± 0.4%,200,UCI,Full Finetuning
TS-TCC Encoder,77.58576472600302,0.633738568231445,77.6% ± 0.6%,0,0,0,WISDM + 25.0,Supervised,77.6% ± 0.6%,25,WISDM,Full Finetuning
TS-TCC Encoder,77.43251721064249,4.237638261353029,77.4% ± 4.2%,0,0,0,MS + 50.0,Supervised,77.4% ± 4.2%,50,MS,Full Finetuning
ResNet-SE-5,77.3069659868876,6.60544606034598,77.3% ± 6.6%,0,0,0,MS + 25.0,Supervised,77.3% ± 6.6%,25,MS,Full Finetuning
CNN-PFF,77.2946854432424,2.342872163762659,77.3% ± 2.3%,0,0,0,UCI + 25.0,Supervised,77.3% ± 2.3%,25,UCI,Full Finetuning
ResNet-SE-5,77.14975873629251,2.302175596901045,77.1% ± 2.3%,0,0,0,UCI + 5.0,Supervised,77.1% ± 2.3%,5,UCI,Full Finetuning
TS2Vec Encoder,77.0531415939331,3.099325390672156,77.1% ± 3.1%,0,0,0,UCI + 25.0,Supervised,77.1% ± 3.1%,25,UCI,Full Finetuning
TS2Vec Encoder,76.96112394332886,0.20219059003742038,77.0% ± 0.2%,0,0,0,RW-Thigh + 1000.0,Supervised,77.0% ± 0.2%,1000,RW-Thigh,Full Finetuning
IMU Transformer,76.77338322003683,1.0156135131634099,76.8% ± 1.0%,0,0,0,MS + 1000.0,Supervised,76.8% ± 1.0%,1000,MS,Full Finetuning
ResNet-SE-5,76.66666706403097,0.8815580089914963,76.7% ± 0.9%,0,0,0,UCI + 10.0,Supervised,76.7% ± 0.9%,10,UCI,Full Finetuning
IMU Transformer,76.57004793485007,1.206763469521179,76.6% ± 1.2%,0,0,0,UCI + 50.0,Supervised,76.6% ± 1.2%,50,UCI,Full Finetuning
ResNet-SE-5,76.33128563563028,3.677291365108087,76.3% ± 3.7%,0,0,0,WISDM + 100.0,Supervised,76.3% ± 3.7%,100,WISDM,Full Finetuning
IMU Transformer,76.20841264724731,0.9664025802809463,76.2% ± 1.0%,0,0,0,MS + 200.0,Supervised,76.2% ± 1.0%,200,MS,Full Finetuning
CNN-PFF,76.1904756228129,0.5986663476649655,76.2% ± 0.6%,0,0,0,RW-Thigh + 1000.0,Supervised,76.2% ± 0.6%,1000,RW-Thigh,Full Finetuning
TS2Vec Encoder,76.12647215525308,4.7690718066215805,76.1% ± 4.8%,0,0,0,WISDM + 100.0,Supervised,76.1% ± 4.8%,100,WISDM,Full Finetuning
CNN-PFF,75.9259283542633,1.3591112179447866,75.9% ± 1.4%,0,0,0,MS + 25.0,Supervised,75.9% ± 1.4%,25,MS,Full Finetuning
TS2Vec Encoder,75.87045629819235,2.7905479977014194,75.9% ± 2.8%,0,0,0,WISDM + 25.0,Supervised,75.9% ± 2.8%,25,WISDM,Full Finetuning
ResNet-SE-5,75.69444378217062,0.6944447755834915,75.7% ± 0.7%,0,0,0,KH + 1000.0,Supervised,75.7% ± 0.7%,1000,KH,Full Finetuning
RNN,75.65217614173889,3.8915136175508804,75.7% ± 3.9%,0,0,0,UCI + 100.0,Supervised,75.7% ± 3.9%,100,UCI,Full Finetuning
TS2Vec Encoder,75.64987341562906,1.7432908591911143,75.6% ± 1.7%,0,0,0,RW-Thigh + 100.0,Supervised,75.6% ± 1.7%,100,RW-Thigh,Full Finetuning
IMU Transformer,75.41062633196512,0.9865001765000955,75.4% ± 1.0%,0,0,0,UCI + 25.0,Supervised,75.4% ± 1.0%,25,UCI,Full Finetuning
TS-TCC Encoder,75.15360911687216,2.8503313331458657,75.2% ± 2.9%,0,0,0,WISDM + 50.0,Supervised,75.2% ± 2.9%,50,WISDM,Full Finetuning
ResNet-SE-5,75.0,4.03116174904674,75.0% ± 4.0%,0,0,0,WISDM + 50.0,Supervised,75.0% ± 4.0%,50,WISDM,Full Finetuning
CNN-PFF,74.7951885064443,0.5380908936002794,74.8% ± 0.5%,0,0,0,WISDM + 25.0,Supervised,74.8% ± 0.5%,25,WISDM,Full Finetuning
TS-TCC Encoder,74.76459542910257,9.130795081628886,74.8% ± 9.1%,0,0,0,MS + 100.0,Supervised,74.8% ± 9.1%,100,MS,Full Finetuning
IMU Transformer,74.56477085749307,6.4791371296271345,74.6% ± 6.5%,0,0,0,WISDM + 1000.0,Supervised,74.6% ± 6.5%,1000,WISDM,Full Finetuning
CNN-PFF,74.51131542523703,1.4071658208195674,74.5% ± 1.4%,0,0,0,RW-Waist + 200.0,Supervised,74.5% ± 1.4%,200,RW-Waist,Full Finetuning
IMU Transformer,74.19962485631308,3.6987789693235182,74.2% ± 3.7%,0,0,0,MS + 100.0,Supervised,74.2% ± 3.7%,100,MS,Full Finetuning
TS2Vec Encoder,74.06121492385864,5.239152305910597,74.1% ± 5.2%,0,0,0,RW-Waist + 1000.0,Supervised,74.1% ± 5.2%,1000,RW-Waist,Full Finetuning
ResNet-SE-5,73.97991220156351,2.474029757187009,74.0% ± 2.5%,0,0,0,MS + 10.0,Supervised,74.0% ± 2.5%,10,MS,Full Finetuning
IMU Transformer,73.91713658968607,0.9556393406136671,73.9% ± 1.0%,0,0,0,MS + 50.0,Supervised,73.9% ± 1.0%,50,MS,Full Finetuning
CNN-PFF,73.8351265589396,3.952344022035555,73.8% ± 4.0%,0,0,0,WISDM + 50.0,Supervised,73.8% ± 4.0%,50,WISDM,Full Finetuning
TS2Vec Encoder,73.8095223903656,5.069705055383069,73.8% ± 5.1%,0,0,0,WISDM + 50.0,Supervised,73.8% ± 5.1%,50,WISDM,Full Finetuning
TS2Vec Encoder,73.50910107294717,7.252506973515607,73.5% ± 7.3%,0,0,0,MS + 25.0,Supervised,73.5% ± 7.3%,25,MS,Full Finetuning
ResNet-SE-5,73.38709831237793,1.6593259738198622,73.4% ± 1.7%,0,0,0,WISDM + 25.0,Supervised,73.4% ± 1.7%,25,WISDM,Full Finetuning
IMU Transformer,73.2590893904368,0.7528589356168308,73.3% ± 0.8%,0,0,0,WISDM + 25.0,Supervised,73.3% ± 0.8%,25,WISDM,Full Finetuning
TS-TCC Encoder,72.55578637123108,1.5655214841238267,72.6% ± 1.6%,0,0,0,RW-Thigh + 100.0,Supervised,72.6% ± 1.6%,100,RW-Thigh,Full Finetuning
CNN-PFF,72.5212792555491,1.810964730950652,72.5% ± 1.8%,0,0,0,RW-Thigh + 200.0,Supervised,72.5% ± 1.8%,200,RW-Thigh,Full Finetuning
RNN,72.49104181925455,1.1471557902990879,72.5% ± 1.1%,0,0,0,WISDM + 1000.0,Supervised,72.5% ± 1.1%,1000,WISDM,Full Finetuning
TS2Vec Encoder,72.28652437527975,3.91363013937669,72.3% ± 3.9%,0,0,0,RW-Waist + 100.0,Supervised,72.3% ± 3.9%,100,RW-Waist,Full Finetuning
RNN,72.284996509552,3.8159799847891334,72.3% ± 3.8%,0,0,0,MS + 200.0,Supervised,72.3% ± 3.8%,200,MS,Full Finetuning
CNN-PFF,72.13020523389181,0.8233516550578758,72.1% ± 0.8%,0,0,0,RW-Thigh + 50.0,Supervised,72.1% ± 0.8%,50,RW-Thigh,Full Finetuning
CNN-PFF,72.01518217722574,2.8578006234894295,72.0% ± 2.9%,0,0,0,RW-Thigh + 100.0,Supervised,72.0% ± 2.9%,100,RW-Thigh,Full Finetuning
TS-TCC Encoder,71.96502089500427,1.5786488146311968,72.0% ± 1.6%,0,0,0,RW-Waist + 1000.0,Supervised,72.0% ± 1.6%,1000,RW-Waist,Full Finetuning
ResNet-SE-5,71.93973660469055,2.1575217818523056,71.9% ± 2.2%,0,0,0,MS + 5.0,Supervised,71.9% ± 2.2%,5,MS,Full Finetuning
IMU Transformer,71.88405791918436,2.2777150089950493,71.9% ± 2.3%,0,0,0,UCI + 10.0,Supervised,71.9% ± 2.3%,10,UCI,Full Finetuning
TS-TCC Encoder,71.84557517369589,5.382904722763325,71.8% ± 5.4%,0,0,0,MS + 25.0,Supervised,71.8% ± 5.4%,25,MS,Full Finetuning
RNN,71.83819810549417,0.7625906251212194,71.8% ± 0.8%,0,0,0,WISDM + 200.0,Supervised,71.8% ± 0.8%,200,WISDM,Full Finetuning
TS2Vec Encoder,71.78744077682495,2.1947489725887914,71.8% ± 2.2%,0,0,0,UCI + 10.0,Supervised,71.8% ± 2.2%,10,UCI,Full Finetuning
IMU Transformer,71.71019117037454,1.5101174546226326,71.7% ± 1.5%,0,0,0,WISDM + 10.0,Supervised,71.7% ± 1.5%,10,WISDM,Full Finetuning
TS2Vec Encoder,71.63338462511697,1.8217258474793836,71.6% ± 1.8%,0,0,0,WISDM + 10.0,Supervised,71.6% ± 1.8%,10,WISDM,Full Finetuning
ResNet-SE-5,71.60778244336447,1.5553389376548603,71.6% ± 1.6%,0,0,0,WISDM + 5.0,Supervised,71.6% ± 1.6%,5,WISDM,Full Finetuning
ResNet-SE-5,71.40297094980875,3.387554072984125,71.4% ± 3.4%,0,0,0,WISDM + 10.0,Supervised,71.4% ± 3.4%,10,WISDM,Full Finetuning
IMU Transformer,71.37476603190103,3.6322623822769198,71.4% ± 3.6%,0,0,0,MS + 25.0,Supervised,71.4% ± 3.6%,25,MS,Full Finetuning
CNN-PFF,71.29629651705423,3.6881969795780885,71.3% ± 3.7%,0,0,0,RW-Waist + 100.0,Supervised,71.3% ± 3.7%,100,RW-Waist,Full Finetuning
TS-TCC Encoder,71.26754124959311,4.3292072559830626,71.3% ± 4.3%,0,0,0,RW-Thigh + 1000.0,Supervised,71.3% ± 4.3%,1000,RW-Thigh,Full Finetuning
CNN-PFF,71.02623581886292,3.948778926020159,71.0% ± 3.9%,0,0,0,RW-Waist + 1000.0,Supervised,71.0% ± 3.9%,1000,RW-Waist,Full Finetuning
RNN,70.80133159955344,0.6979665998749026,70.8% ± 0.7%,0,0,0,WISDM + 100.0,Supervised,70.8% ± 0.7%,100,WISDM,Full Finetuning
ResNet-SE-5,70.6694265206655,1.741809236665065,70.7% ± 1.7%,0,0,0,RW-Thigh + 50.0,Supervised,70.7% ± 1.7%,50,RW-Thigh,Full Finetuning
ResNet-SE-5,70.5889125665029,3.5143062892524455,70.6% ± 3.5%,0,0,0,RW-Thigh + 100.0,Supervised,70.6% ± 3.5%,100,RW-Thigh,Full Finetuning
ResNet-SE-5,70.55440545082092,1.121505641441244,70.6% ± 1.1%,0,0,0,RW-Thigh + 200.0,Supervised,70.6% ± 1.1%,200,RW-Thigh,Full Finetuning
TS2Vec Encoder,70.53140004475912,0.7981981511413487,70.5% ± 0.8%,0,0,0,UCI + 5.0,Supervised,70.5% ± 0.8%,5,UCI,Full Finetuning
IMU Transformer,70.50691246986389,2.165911641776615,70.5% ± 2.2%,0,0,0,WISDM + 50.0,Supervised,70.5% ± 2.2%,50,WISDM,Full Finetuning
CNN-PFF,70.31892935434976,2.7226662493610267,70.3% ± 2.7%,0,0,0,RW-Waist + 50.0,Supervised,70.3% ± 2.7%,50,RW-Waist,Full Finetuning
TS-TCC Encoder,70.20318905512491,2.285805682491788,70.2% ± 2.3%,0,0,0,RW-Waist + 200.0,Supervised,70.2% ± 2.3%,200,RW-Waist,Full Finetuning
TS2Vec Encoder,70.11732260386148,1.3166852254597188,70.1% ± 1.3%,0,0,0,RW-Thigh + 25.0,Supervised,70.1% ± 1.3%,25,RW-Thigh,Full Finetuning
TS-TCC Encoder,70.10030945142111,2.975682906017665,70.1% ± 3.0%,0,0,0,RW-Waist + 100.0,Supervised,70.1% ± 3.0%,100,RW-Waist,Full Finetuning
ResNet-SE-5,69.9331283569336,1.6976774648344444,69.9% ± 1.7%,0,0,0,RW-Waist + 1000.0,Supervised,69.9% ± 1.7%,1000,RW-Waist,Full Finetuning
TS-TCC Encoder,69.91028388341269,1.7363335736911674,69.9% ± 1.7%,0,0,0,RW-Thigh + 200.0,Supervised,69.9% ± 1.7%,200,RW-Thigh,Full Finetuning
ResNet-SE-5,69.6759263674418,3.8014784291623664,69.7% ± 3.8%,0,0,0,RW-Waist + 25.0,Supervised,69.7% ± 3.8%,25,RW-Waist,Full Finetuning
ResNet-SE-5,69.67592438062033,0.4009395987571126,69.7% ± 0.4%,0,0,0,KH + 5.0,Supervised,69.7% ± 0.4%,5,KH,Full Finetuning
TS-TCC Encoder,69.64925726254782,5.5531526873013695,69.6% ± 5.6%,0,0,0,WISDM + 5.0,Supervised,69.6% ± 5.6%,5,WISDM,Full Finetuning
TS-TCC Encoder,69.40604050954184,4.516223045630377,69.4% ± 4.5%,0,0,0,WISDM + 10.0,Supervised,69.4% ± 4.5%,10,WISDM,Full Finetuning
ResNet-SE-5,69.3415621916453,6.698127043883492,69.3% ± 6.7%,0,0,0,RW-Waist + 50.0,Supervised,69.3% ± 6.7%,50,RW-Waist,Full Finetuning
RNN,69.30363575617471,1.55581219328266,69.3% ± 1.6%,0,0,0,WISDM + 50.0,Supervised,69.3% ± 1.6%,50,WISDM,Full Finetuning
ResNet-SE-5,69.3006674448649,2.627109008241347,69.3% ± 2.6%,0,0,0,RW-Thigh + 1000.0,Supervised,69.3% ± 2.6%,1000,RW-Thigh,Full Finetuning
TS2Vec Encoder,69.2776620388031,3.2517452643231755,69.3% ± 3.3%,0,0,0,RW-Thigh + 200.0,Supervised,69.3% ± 3.3%,200,RW-Thigh,Full Finetuning
TS2Vec Encoder,69.09722089767456,8.514705114235387,69.1% ± 8.5%,0,0,0,RW-Waist + 200.0,Supervised,69.1% ± 8.5%,200,RW-Waist,Full Finetuning
ResNet-SE-5,69.02461647987366,5.987690531079217,69.0% ± 6.0%,0,0,0,RW-Thigh + 25.0,Supervised,69.0% ± 6.0%,25,RW-Thigh,Full Finetuning
IMU Transformer,69.02201771736145,2.6108965338151813,69.0% ± 2.6%,0,0,0,WISDM + 200.0,Supervised,69.0% ± 2.6%,200,WISDM,Full Finetuning
RNN,68.9814805984497,1.527210748240837,69.0% ± 1.5%,0,0,0,RW-Waist + 1000.0,Supervised,69.0% ± 1.5%,1000,RW-Waist,Full Finetuning
CNN-PFF,68.88888875643411,2.8263983034637707,68.9% ± 2.8%,0,0,0,UCI + 10.0,Supervised,68.9% ± 2.8%,10,UCI,Full Finetuning
TS-TCC Encoder,68.67283980051675,1.3862089335980454,68.7% ± 1.4%,0,0,0,RW-Waist + 50.0,Supervised,68.7% ± 1.4%,50,RW-Waist,Full Finetuning
CNN-PFF,68.59903335571289,3.4428567568737742,68.6% ± 3.4%,0,0,0,UCI + 5.0,Supervised,68.6% ± 3.4%,5,UCI,Full Finetuning
CNN-PFF,68.59567960103354,0.7589630783205191,68.6% ± 0.8%,0,0,0,RW-Waist + 25.0,Supervised,68.6% ± 0.8%,25,RW-Waist,Full Finetuning
ResNet-SE-5,68.5185194015503,6.0672865033612755,68.5% ± 6.1%,0,0,0,KH + 10.0,Supervised,68.5% ± 6.1%,10,KH,Full Finetuning
ResNet-SE-5,68.33847761154175,1.1407849038805076,68.3% ± 1.1%,0,0,0,RW-Waist + 200.0,Supervised,68.3% ± 1.1%,200,RW-Waist,Full Finetuning
IMU Transformer,68.28703681627908,2.5383920369008837,68.3% ± 2.5%,0,0,0,RW-Waist + 1000.0,Supervised,68.3% ± 2.5%,1000,RW-Waist,Full Finetuning
TS2Vec Encoder,68.09413433074951,3.7767277418320115,68.1% ± 3.8%,0,0,0,RW-Waist + 50.0,Supervised,68.1% ± 3.8%,50,RW-Waist,Full Finetuning
RNN,68.04770827293396,4.254339665138325,68.0% ± 4.3%,0,0,0,MS + 100.0,Supervised,68.0% ± 4.3%,100,MS,Full Finetuning
TS2Vec Encoder,68.02392403284708,4.742653918862609,68.0% ± 4.7%,0,0,0,RW-Thigh + 50.0,Supervised,68.0% ± 4.7%,50,RW-Thigh,Full Finetuning
ResNet-SE-5,68.00411542256674,4.1797467210402095,68.0% ± 4.2%,0,0,0,RW-Waist + 100.0,Supervised,68.0% ± 4.2%,100,RW-Waist,Full Finetuning
ResNet-SE-5,67.8240736325582,6.956009231104426,67.8% ± 7.0%,0,0,0,KH + 100.0,Supervised,67.8% ± 7.0%,100,KH,Full Finetuning
IMU Transformer,67.70244836807251,1.4061383394646183,67.7% ± 1.4%,0,0,0,MS + 10.0,Supervised,67.7% ± 1.4%,10,MS,Full Finetuning
TS-TCC Encoder,67.43961373964945,1.028201847647378,67.4% ± 1.0%,0,0,0,UCI + 10.0,Supervised,67.4% ± 1.0%,10,UCI,Full Finetuning
ResNet-SE-5,67.12962985038757,7.64940411909574,67.1% ± 7.6%,0,0,0,KH + 200.0,Supervised,67.1% ± 7.6%,200,KH,Full Finetuning
IMU Transformer,66.62826339403787,1.3669323439353485,66.6% ± 1.4%,0,0,0,WISDM + 100.0,Supervised,66.6% ± 1.4%,100,WISDM,Full Finetuning
TS-TCC Encoder,66.60915414492288,2.168795409622442,66.6% ± 2.2%,0,0,0,RW-Thigh + 50.0,Supervised,66.6% ± 2.2%,50,RW-Thigh,Full Finetuning
RNN,66.13526542981467,3.4060544607716894,66.1% ± 3.4%,0,0,0,UCI + 50.0,Supervised,66.1% ± 3.4%,50,UCI,Full Finetuning
IMU Transformer,65.94203114509583,6.666666269302368,65.9% ± 6.7%,0,0,0,UCI + 5.0,Supervised,65.9% ± 6.7%,5,UCI,Full Finetuning
TS2Vec Encoder,65.27777910232544,5.423784412362085,65.3% ± 5.4%,0,0,0,KH + 200.0,Supervised,65.3% ± 5.4%,200,KH,Full Finetuning
RNN,65.15616973241171,1.328267072440586,65.2% ± 1.3%,0,0,0,WISDM + 25.0,Supervised,65.2% ± 1.3%,25,WISDM,Full Finetuning
IMU Transformer,64.6990736325582,2.105010078783229,64.7% ± 2.1%,0,0,0,RW-Waist + 200.0,Supervised,64.7% ± 2.1%,200,RW-Waist,Full Finetuning
TS-TCC Encoder,64.48045372962952,2.860492860412337,64.5% ± 2.9%,0,0,0,RW-Waist + 25.0,Supervised,64.5% ± 2.9%,25,RW-Waist,Full Finetuning
ResNet-SE-5,64.45824702580771,2.57021798670914,64.5% ± 2.6%,0,0,0,RW-Thigh + 10.0,Supervised,64.5% ± 2.6%,10,RW-Thigh,Full Finetuning
IMU Transformer,64.35185074806213,3.1314233905037456,64.4% ± 3.1%,0,0,0,KH + 100.0,Supervised,64.4% ± 3.1%,100,KH,Full Finetuning
TS2Vec Encoder,63.888887564341225,5.555555224418907,63.9% ± 5.6%,0,0,0,KH + 100.0,Supervised,63.9% ± 5.6%,100,KH,Full Finetuning
IMU Transformer,63.683128356933594,2.51048573415119,63.7% ± 2.5%,0,0,0,RW-Waist + 100.0,Supervised,63.7% ± 2.5%,100,RW-Waist,Full Finetuning
TS-TCC Encoder,63.65740696589152,4.623839534804018,63.7% ± 4.6%,0,0,0,KH + 200.0,Supervised,63.7% ± 4.6%,200,KH,Full Finetuning
IMU Transformer,63.63168557484945,2.438910512558237,63.6% ± 2.4%,0,0,0,RW-Waist + 50.0,Supervised,63.6% ± 2.4%,50,RW-Waist,Full Finetuning
TS2Vec Encoder,63.515945275624595,3.761985092846729,63.5% ± 3.8%,0,0,0,RW-Waist + 25.0,Supervised,63.5% ± 3.8%,25,RW-Waist,Full Finetuning
TS-TCC Encoder,63.42592636744181,10.765756225178409,63.4% ± 10.8%,0,0,0,KH + 100.0,Supervised,63.4% ± 10.8%,100,KH,Full Finetuning
CNN-PFF,63.27352126439413,2.8249732445763907,63.3% ± 2.8%,0,0,0,RW-Thigh + 25.0,Supervised,63.3% ± 2.8%,25,RW-Thigh,Full Finetuning
ResNet-SE-5,63.194443782170616,7.8873720027809195,63.2% ± 7.9%,0,0,0,KH + 50.0,Supervised,63.2% ± 7.9%,50,KH,Full Finetuning
TS2Vec Encoder,63.120839993158974,12.890095355828379,63.1% ± 12.9%,0,0,0,WISDM + 5.0,Supervised,63.1% ± 12.9%,5,WISDM,Full Finetuning
IMU Transformer,62.96723087628683,3.2226805924970097,63.0% ± 3.2%,0,0,0,WISDM + 5.0,Supervised,63.0% ± 3.2%,5,WISDM,Full Finetuning
TS-TCC Encoder,62.7314825852712,2.0046876699582517,62.7% ± 2.0%,0,0,0,KH + 25.0,Supervised,62.7% ± 2.0%,25,KH,Full Finetuning
TS-TCC Encoder,62.7314825852712,2.232327011430124,62.7% ± 2.2%,0,0,0,KH + 50.0,Supervised,62.7% ± 2.2%,50,KH,Full Finetuning
RNN,62.641459703445435,2.0525043103013974,62.6% ± 2.1%,0,0,0,RW-Waist + 200.0,Supervised,62.6% ± 2.1%,200,RW-Waist,Full Finetuning
IMU Transformer,62.59489258130392,6.890175058365862,62.6% ± 6.9%,0,0,0,RW-Thigh + 100.0,Supervised,62.6% ± 6.9%,100,RW-Thigh,Full Finetuning
CNN-PFF,62.51920064290365,8.246074742862639,62.5% ± 8.2%,0,0,0,WISDM + 10.0,Supervised,62.5% ± 8.2%,10,WISDM,Full Finetuning
IMU Transformer,62.5,8.866072474816617,62.5% ± 8.9%,0,0,0,KH + 50.0,Supervised,62.5% ± 8.9%,50,KH,Full Finetuning
TS-TCC Encoder,62.3979926109314,5.704640130717298,62.4% ± 5.7%,0,0,0,MS + 10.0,Supervised,62.4% ± 5.7%,10,MS,Full Finetuning
IMU Transformer,62.31883962949117,1.9735209199537362,62.3% ± 2.0%,0,0,0,RW-Thigh + 25.0,Supervised,62.3% ± 2.0%,25,RW-Thigh,Full Finetuning
ResNet-SE-5,62.28137811024984,9.369628304737777,62.3% ± 9.4%,0,0,0,RW-Waist + 5.0,Supervised,62.3% ± 9.4%,5,RW-Waist,Full Finetuning
IMU Transformer,62.031284968058266,0.82335065584642,62.0% ± 0.8%,0,0,0,RW-Thigh + 1000.0,Supervised,62.0% ± 0.8%,1000,RW-Thigh,Full Finetuning
TS-TCC Encoder,61.80163423220316,2.9271097007090363,61.8% ± 2.9%,0,0,0,MS + 5.0,Supervised,61.8% ± 2.9%,5,MS,Full Finetuning
RNN,61.68621977170309,1.9182471953993272,61.7% ± 1.9%,0,0,0,RW-Thigh + 1000.0,Supervised,61.7% ± 1.9%,1000,RW-Thigh,Full Finetuning
RNN,61.67695720990499,1.874354606379463,61.7% ± 1.9%,0,0,0,RW-Waist + 100.0,Supervised,61.7% ± 1.9%,100,RW-Waist,Full Finetuning
CNN-PFF,61.44547462463379,3.8406892960824357,61.4% ± 3.8%,0,0,0,RW-Waist + 10.0,Supervised,61.4% ± 3.8%,10,RW-Waist,Full Finetuning
IMU Transformer,61.20312809944153,1.9340071815846804,61.2% ± 1.9%,0,0,0,RW-Thigh + 50.0,Supervised,61.2% ± 1.9%,50,RW-Thigh,Full Finetuning
TS-TCC Encoder,60.9730859597524,6.764341673343338,61.0% ± 6.8%,0,0,0,RW-Thigh + 25.0,Supervised,61.0% ± 6.8%,25,RW-Thigh,Full Finetuning
ResNet-SE-5,60.6224258740743,5.023487819277791,60.6% ± 5.0%,0,0,0,RW-Waist + 10.0,Supervised,60.6% ± 5.0%,10,RW-Waist,Full Finetuning
IMU Transformer,60.32642722129822,6.3182123618687385,60.3% ± 6.3%,0,0,0,MS + 5.0,Supervised,60.3% ± 6.3%,5,MS,Full Finetuning
CNN-PFF,60.18518606821696,17.296174526887402,60.2% ± 17.3%,0,0,0,KH + 100.0,Supervised,60.2% ± 17.3%,100,KH,Full Finetuning
IMU Transformer,59.722222884496055,5.24294150111245,59.7% ± 5.2%,0,0,0,KH + 5.0,Supervised,59.7% ± 5.2%,5,KH,Full Finetuning
RNN,59.66729323069254,4.194524445996735,59.7% ± 4.2%,0,0,0,MS + 50.0,Supervised,59.7% ± 4.2%,50,MS,Full Finetuning
TS-TCC Encoder,59.37198003133138,2.8263983034637707,59.4% ± 2.8%,0,0,0,UCI + 5.0,Supervised,59.4% ± 2.8%,5,UCI,Full Finetuning
TS-TCC Encoder,59.25925970077515,3.948778926020159,59.3% ± 3.9%,0,0,0,KH + 5.0,Supervised,59.3% ± 3.9%,5,KH,Full Finetuning
TS-TCC Encoder,59.25925970077515,5.906182234019188,59.3% ± 5.9%,0,0,0,KH + 10.0,Supervised,59.3% ± 5.9%,10,KH,Full Finetuning
ResNet-SE-5,59.247756004333496,4.880819095452778,59.2% ± 4.9%,0,0,0,RW-Thigh + 5.0,Supervised,59.2% ± 4.9%,5,RW-Thigh,Full Finetuning
TS2Vec Encoder,59.18209950129191,7.189084321210568,59.2% ± 7.2%,0,0,0,RW-Waist + 5.0,Supervised,59.2% ± 7.2%,5,RW-Waist,Full Finetuning
TS2Vec Encoder,59.027777115503945,1.8373270490348912,59.0% ± 1.8%,0,0,0,KH + 1000.0,Supervised,59.0% ± 1.8%,1000,KH,Full Finetuning
RNN,59.01491641998291,1.867194197170894,59.0% ± 1.9%,0,0,0,RW-Waist + 50.0,Supervised,59.0% ± 1.9%,50,RW-Waist,Full Finetuning
RNN,58.90269080797831,3.5591974762999774,58.9% ± 3.6%,0,0,0,RW-Thigh + 100.0,Supervised,58.9% ± 3.6%,100,RW-Thigh,Full Finetuning
TS-TCC Encoder,58.79629850387573,8.138146707950648,58.8% ± 8.1%,0,0,0,KH + 1000.0,Supervised,58.8% ± 8.1%,1000,KH,Full Finetuning
TS2Vec Encoder,58.79629651705424,4.009375339916503,58.8% ± 4.0%,0,0,0,KH + 25.0,Supervised,58.8% ± 4.0%,25,KH,Full Finetuning
ResNet-SE-5,58.60012571016947,5.164621939935034,58.6% ± 5.2%,0,0,0,MS + 1.0,Supervised,58.6% ± 5.2%,1,MS,Full Finetuning
IMU Transformer,58.56481393178304,10.675788356906837,58.6% ± 10.7%,0,0,0,KH + 1000.0,Supervised,58.6% ± 10.7%,1000,KH,Full Finetuning
TS2Vec Encoder,58.23045372962952,3.9843011542806144,58.2% ± 4.0%,0,0,0,RW-Waist + 10.0,Supervised,58.2% ± 4.0%,10,RW-Waist,Full Finetuning
CNN-PFF,58.21759303410848,0.2782069843202212,58.2% ± 0.3%,0,0,0,RW-Waist + 5.0,Supervised,58.2% ± 0.3%,5,RW-Waist,Full Finetuning
ResNet-SE-5,58.10185273488363,5.118829329990106,58.1% ± 5.1%,0,0,0,KH + 25.0,Supervised,58.1% ± 5.1%,25,KH,Full Finetuning
RNN,58.01702340443929,3.6496009570168035,58.0% ± 3.6%,0,0,0,RW-Thigh + 200.0,Supervised,58.0% ± 3.6%,200,RW-Thigh,Full Finetuning
IMU Transformer,57.87037014961243,2.8065649010296965,57.9% ± 2.8%,0,0,0,KH + 25.0,Supervised,57.9% ± 2.8%,25,KH,Full Finetuning
TS2Vec Encoder,57.63888955116272,4.166668653488159,57.6% ± 4.2%,0,0,0,KH + 50.0,Supervised,57.6% ± 4.2%,50,KH,Full Finetuning
IMU Transformer,57.63888955116272,5.684272555970728,57.6% ± 5.7%,0,0,0,KH + 200.0,Supervised,57.6% ± 5.7%,200,KH,Full Finetuning
ResNet-SE-5,57.63284961382548,9.33667729079784,57.6% ± 9.3%,0,0,0,UCI + 1.0,Supervised,57.6% ± 9.3%,1,UCI,Full Finetuning
TS2Vec Encoder,57.4534147977829,6.866977343249638,57.5% ± 6.9%,0,0,0,RW-Thigh + 10.0,Supervised,57.5% ± 6.9%,10,RW-Thigh,Full Finetuning
IMU Transformer,56.36574029922485,1.947442041536666,56.4% ± 1.9%,0,0,0,RW-Waist + 25.0,Supervised,56.4% ± 1.9%,25,RW-Waist,Full Finetuning
CNN-PFF,56.01851940155029,7.127224329002348,56.0% ± 7.1%,0,0,0,KH + 1000.0,Supervised,56.0% ± 7.1%,1000,KH,Full Finetuning
CNN-PFF,55.977980295817055,4.546489445857552,56.0% ± 4.5%,0,0,0,WISDM + 5.0,Supervised,56.0% ± 4.5%,5,WISDM,Full Finetuning
IMU Transformer,55.78703681627909,8.226554945814184,55.8% ± 8.2%,0,0,0,KH + 10.0,Supervised,55.8% ± 8.2%,10,KH,Full Finetuning
RNN,55.743879079818726,4.65982759080588,55.7% ± 4.7%,0,0,0,MS + 25.0,Supervised,55.7% ± 4.7%,25,MS,Full Finetuning
IMU Transformer,55.106968681017555,8.737112510691823,55.1% ± 8.7%,0,0,0,RW-Thigh + 10.0,Supervised,55.1% ± 8.7%,10,RW-Thigh,Full Finetuning
IMU Transformer,54.991947611172996,7.7646133328926155,55.0% ± 7.8%,0,0,0,RW-Thigh + 200.0,Supervised,55.0% ± 7.8%,200,RW-Thigh,Full Finetuning
IMU Transformer,54.95113134384155,2.9291346483045233,55.0% ± 2.9%,0,0,0,RW-Waist + 10.0,Supervised,55.0% ± 2.9%,10,RW-Waist,Full Finetuning
TS2Vec Encoder,54.92753585179647,5.569820551883215,54.9% ± 5.6%,0,0,0,UCI + 1.0,Supervised,54.9% ± 5.6%,1,UCI,Full Finetuning
TS2Vec Encoder,54.62962985038757,1.060783217369982,54.6% ± 1.1%,0,0,0,KH + 5.0,Supervised,54.6% ± 1.1%,5,KH,Full Finetuning
CNN-PFF,54.488385717074074,4.556245591376214,54.5% ± 4.6%,0,0,0,MS + 10.0,Supervised,54.5% ± 4.6%,10,MS,Full Finetuning
TS2Vec Encoder,53.89202733834585,9.364421403271233,53.9% ± 9.4%,0,0,0,MS + 10.0,Supervised,53.9% ± 9.4%,10,MS,Full Finetuning
ResNet-SE-5,53.81944477558136,5.19000983748107,53.8% ± 5.2%,0,0,0,RW-Waist + 1.0,Supervised,53.8% ± 5.2%,1,RW-Waist,Full Finetuning
CNN-PFF,53.472222884496055,9.72222345215935,53.5% ± 9.7%,0,0,0,KH + 25.0,Supervised,53.5% ± 9.7%,25,KH,Full Finetuning
RNN,53.00925970077515,2.4388113163567366,53.0% ± 2.4%,0,0,0,KH + 1000.0,Supervised,53.0% ± 2.4%,1000,KH,Full Finetuning
TS-TCC Encoder,52.88704832394918,2.978245572254392,52.9% ± 3.0%,0,0,0,RW-Thigh + 10.0,Supervised,52.9% ± 3.0%,10,RW-Thigh,Full Finetuning
IMU Transformer,52.82485783100128,8.522046844379046,52.8% ± 8.5%,0,0,0,MS + 1.0,Supervised,52.8% ± 8.5%,1,MS,Full Finetuning
RNN,52.69151131312052,2.3613673505090524,52.7% ± 2.4%,0,0,0,RW-Thigh + 50.0,Supervised,52.7% ± 2.4%,50,RW-Thigh,Full Finetuning
IMU Transformer,52.46376693248749,10.591614930877254,52.5% ± 10.6%,0,0,0,UCI + 1.0,Supervised,52.5% ± 10.6%,1,UCI,Full Finetuning
IMU Transformer,52.32767363389333,7.503864985436665,52.3% ± 7.5%,0,0,0,RW-Waist + 5.0,Supervised,52.3% ± 7.5%,5,RW-Waist,Full Finetuning
RNN,52.31481492519379,4.185912937735709,52.3% ± 4.2%,0,0,0,KH + 50.0,Supervised,52.3% ± 4.2%,50,KH,Full Finetuning
RNN,52.31481492519379,5.906182058812375,52.3% ± 5.9%,0,0,0,KH + 200.0,Supervised,52.3% ± 5.9%,200,KH,Full Finetuning
RNN,51.62036915620168,4.24312636607777,51.6% ± 4.2%,0,0,0,KH + 100.0,Supervised,51.6% ± 4.2%,100,KH,Full Finetuning
CNN-PFF,51.4262725909551,4.528167203460746,51.4% ± 4.5%,0,0,0,RW-Thigh + 10.0,Supervised,51.4% ± 4.5%,10,RW-Thigh,Full Finetuning
TS2Vec Encoder,51.21923188368479,5.493518665833004,51.2% ± 5.5%,0,0,0,RW-Thigh + 5.0,Supervised,51.2% ± 5.5%,5,RW-Thigh,Full Finetuning
ResNet-SE-5,50.23148159186045,5.023734535831801,50.2% ± 5.0%,0,0,0,KH + 1.0,Supervised,50.2% ± 5.0%,1,KH,Full Finetuning
CNN-PFF,49.85507229963939,5.303237922301,49.9% ± 5.3%,0,0,0,UCI + 1.0,Supervised,49.9% ± 5.3%,1,UCI,Full Finetuning
RNN,49.806761741638184,2.5938917510068484,49.8% ± 2.6%,0,0,0,UCI + 25.0,Supervised,49.8% ± 2.6%,25,UCI,Full Finetuning
CNN-PFF,49.76851940155029,22.783000922585945,49.8% ± 22.8%,0,0,0,KH + 50.0,Supervised,49.8% ± 22.8%,50,KH,Full Finetuning
CNN-PFF,49.62335328261058,2.1223029924740433,49.6% ± 2.1%,0,0,0,MS + 5.0,Supervised,49.6% ± 2.1%,5,MS,Full Finetuning
IMU Transformer,49.41338996092479,1.972616560529229,49.4% ± 2.0%,0,0,0,RW-Thigh + 5.0,Supervised,49.4% ± 2.0%,5,RW-Thigh,Full Finetuning
RNN,48.855452736218766,1.8968518788450406,48.9% ± 1.9%,0,0,0,RW-Waist + 25.0,Supervised,48.9% ± 1.9%,25,RW-Waist,Full Finetuning
TS-TCC Encoder,48.68827064832051,6.0318579568905015,48.7% ± 6.0%,0,0,0,RW-Waist + 10.0,Supervised,48.7% ± 6.0%,10,RW-Waist,Full Finetuning
TS-TCC Encoder,48.6817330121994,3.5093495387551625,48.7% ± 3.5%,0,0,0,MS + 1.0,Supervised,48.7% ± 3.5%,1,MS,Full Finetuning
TS-TCC Encoder,48.66574605305989,1.9278420910494143,48.7% ± 1.9%,0,0,0,RW-Thigh + 5.0,Supervised,48.7% ± 1.9%,5,RW-Thigh,Full Finetuning
IMU Transformer,48.2974926630656,12.207472755262106,48.3% ± 12.2%,0,0,0,WISDM + 1.0,Supervised,48.3% ± 12.2%,1,WISDM,Full Finetuning
TS-TCC Encoder,48.06763231754303,5.808564061485975,48.1% ± 5.8%,0,0,0,UCI + 1.0,Supervised,48.1% ± 5.8%,1,UCI,Full Finetuning
CNN-PFF,47.91666666666667,21.684021623137376,47.9% ± 21.7%,0,0,0,KH + 200.0,Supervised,47.9% ± 21.7%,200,KH,Full Finetuning
TS-TCC Encoder,47.91666567325592,7.183699627990274,47.9% ± 7.2%,0,0,0,RW-Waist + 5.0,Supervised,47.9% ± 7.2%,5,RW-Waist,Full Finetuning
RNN,47.74557252724965,1.8806340165775042,47.7% ± 1.9%,0,0,0,RW-Thigh + 25.0,Supervised,47.7% ± 1.9%,25,RW-Thigh,Full Finetuning
TS2Vec Encoder,47.45370248953502,13.790157037843088,47.5% ± 13.8%,0,0,0,KH + 10.0,Supervised,47.5% ± 13.8%,10,KH,Full Finetuning
TS2Vec Encoder,46.82539800802867,8.802153453196903,46.8% ± 8.8%,0,0,0,WISDM + 1.0,Supervised,46.8% ± 8.8%,1,WISDM,Full Finetuning
TS-TCC Encoder,46.75925970077515,6.452482785012442,46.8% ± 6.5%,0,0,0,KH + 1.0,Supervised,46.8% ± 6.5%,1,KH,Full Finetuning
ResNet-SE-5,46.63338363170624,19.881657228408343,46.6% ± 19.9%,0,0,0,WISDM + 1.0,Supervised,46.6% ± 19.9%,1,WISDM,Full Finetuning
RNN,46.06481492519379,2.438808346209829,46.1% ± 2.4%,0,0,0,KH + 25.0,Supervised,46.1% ± 2.4%,25,KH,Full Finetuning
CNN-PFF,45.44513523578644,3.4597872459736294,45.4% ± 3.5%,0,0,0,RW-Thigh + 5.0,Supervised,45.4% ± 3.5%,5,RW-Thigh,Full Finetuning
TS-TCC Encoder,45.19032935301463,3.5494519883098223,45.2% ± 3.5%,0,0,0,RW-Waist + 1.0,Supervised,45.2% ± 3.5%,1,RW-Waist,Full Finetuning
IMU Transformer,45.13888855775197,3.182344449388419,45.1% ± 3.2%,0,0,0,KH + 1.0,Supervised,45.1% ± 3.2%,1,KH,Full Finetuning
TS-TCC Encoder,44.982079664866134,9.626260393353943,45.0% ± 9.6%,0,0,0,WISDM + 1.0,Supervised,45.0% ± 9.6%,1,WISDM,Full Finetuning
RNN,44.47004596392314,0.9240562472900344,44.5% ± 0.9%,0,0,0,WISDM + 5.0,Supervised,44.5% ± 0.9%,5,WISDM,Full Finetuning
CNN-PFF,44.09722189108531,5.038969799143862,44.1% ± 5.0%,0,0,0,RW-Waist + 1.0,Supervised,44.1% ± 5.0%,1,RW-Waist,Full Finetuning
RNN,43.50282549858093,2.3596911447268045,43.5% ± 2.4%,0,0,0,MS + 10.0,Supervised,43.5% ± 2.4%,10,MS,Full Finetuning
CNN-PFF,43.29237093528111,20.0298300295332,43.3% ± 20.0%,0,0,0,WISDM + 1.0,Supervised,43.3% ± 20.0%,1,WISDM,Full Finetuning
RNN,42.90834665298462,8.252629123986745,42.9% ± 8.3%,0,0,0,WISDM + 10.0,Supervised,42.9% ± 8.3%,10,WISDM,Full Finetuning
IMU Transformer,42.605452736218766,3.6844302620100153,42.6% ± 3.7%,0,0,0,RW-Waist + 1.0,Supervised,42.6% ± 3.7%,1,RW-Waist,Full Finetuning
RNN,42.36714939276378,2.0512913374067017,42.4% ± 2.1%,0,0,0,UCI + 10.0,Supervised,42.4% ± 2.1%,10,UCI,Full Finetuning
RNN,42.36111144224803,2.503854593201314,42.4% ± 2.5%,0,0,0,KH + 10.0,Supervised,42.4% ± 2.5%,10,KH,Full Finetuning
RNN,41.14183386166889,1.540093229423994,41.1% ± 1.5%,0,0,0,WISDM + 1.0,Supervised,41.1% ± 1.5%,1,WISDM,Full Finetuning
TS2Vec Encoder,41.054613391558334,10.796643495130509,41.1% ± 10.8%,0,0,0,MS + 5.0,Supervised,41.1% ± 10.8%,5,MS,Full Finetuning
IMU Transformer,40.91327289740245,10.668293408605974,40.9% ± 10.7%,0,0,0,RW-Thigh + 1.0,Supervised,40.9% ± 10.7%,1,RW-Thigh,Full Finetuning
RNN,39.35185273488362,0.4009378781192273,39.4% ± 0.4%,0,0,0,KH + 5.0,Supervised,39.4% ± 0.4%,5,KH,Full Finetuning
RNN,38.357488314310714,4.260803977699938,38.4% ± 4.3%,0,0,0,UCI + 5.0,Supervised,38.4% ± 4.3%,5,UCI,Full Finetuning
RNN,38.19836775461833,2.2368834638938693,38.2% ± 2.2%,0,0,0,MS + 5.0,Supervised,38.2% ± 2.2%,5,MS,Full Finetuning
TS-TCC Encoder,37.784678737322494,9.102866641258652,37.8% ± 9.1%,0,0,0,RW-Thigh + 1.0,Supervised,37.8% ± 9.1%,1,RW-Thigh,Full Finetuning
RNN,36.45833333333333,0.8721193209693754,36.5% ± 0.9%,0,0,0,RW-Waist + 10.0,Supervised,36.5% ± 0.9%,10,RW-Waist,Full Finetuning
RNN,35.79480151335399,0.5798063922634847,35.8% ± 0.6%,0,0,0,RW-Thigh + 10.0,Supervised,35.8% ± 0.6%,10,RW-Thigh,Full Finetuning
TS2Vec Encoder,35.35236716270447,16.35394537992515,35.4% ± 16.4%,0,0,0,RW-Waist + 1.0,Supervised,35.4% ± 16.4%,1,RW-Waist,Full Finetuning
ResNet-SE-5,35.03565713763237,19.99637334111551,35.0% ± 20.0%,0,0,0,RW-Thigh + 1.0,Supervised,35.0% ± 20.0%,1,RW-Thigh,Full Finetuning
RNN,34.10628040631612,3.3563589712405473,34.1% ± 3.4%,0,0,0,UCI + 1.0,Supervised,34.1% ± 3.4%,1,UCI,Full Finetuning
RNN,33.52887034416199,1.1161856508606256,33.5% ± 1.1%,0,0,0,RW-Thigh + 5.0,Supervised,33.5% ± 1.1%,5,RW-Thigh,Full Finetuning
CNN-PFF,33.33333383003871,11.474105547341862,33.3% ± 11.5%,0,0,0,KH + 5.0,Supervised,33.3% ± 11.5%,5,KH,Full Finetuning
RNN,33.33333333333333,3.6746546612798294,33.3% ± 3.7%,0,0,0,KH + 1.0,Supervised,33.3% ± 3.7%,1,KH,Full Finetuning
CNN-PFF,33.33333333333333,11.846335904538382,33.3% ± 11.8%,0,0,0,KH + 10.0,Supervised,33.3% ± 11.8%,10,KH,Full Finetuning
RNN,32.150205969810486,0.881736492870742,32.2% ± 0.9%,0,0,0,RW-Waist + 5.0,Supervised,32.2% ± 0.9%,5,RW-Waist,Full Finetuning
RNN,30.324074625968933,1.2417811378663208,30.3% ± 1.2%,0,0,0,RW-Waist + 1.0,Supervised,30.3% ± 1.2%,1,RW-Waist,Full Finetuning
TS2Vec Encoder,29.16666716337204,11.368545567058034,29.2% ± 11.4%,0,0,0,KH + 1.0,Supervised,29.2% ± 11.4%,1,KH,Full Finetuning
RNN,28.19185654322306,7.254013875434867,28.2% ± 7.3%,0,0,0,RW-Thigh + 1.0,Supervised,28.2% ± 7.3%,1,RW-Thigh,Full Finetuning
TS2Vec Encoder,27.444214125474293,6.340699040791424,27.4% ± 6.3%,0,0,0,RW-Thigh + 1.0,Supervised,27.4% ± 6.3%,1,RW-Thigh,Full Finetuning
CNN-PFF,27.314814428488415,8.284967686641501,27.3% ± 8.3%,0,0,0,KH + 1.0,Supervised,27.3% ± 8.3%,1,KH,Full Finetuning
RNN,22.944130500157673,8.590096143349484,22.9% ± 8.6%,0,0,0,MS + 1.0,Supervised,22.9% ± 8.6%,1,MS,Full Finetuning
TS2Vec Encoder,22.91274319092432,4.583408463108463,22.9% ± 4.6%,0,0,0,MS + 1.0,Supervised,22.9% ± 4.6%,1,MS,Full Finetuning
CNN-PFF,22.128059963385258,6.454731995093808,22.1% ± 6.5%,0,0,0,MS + 1.0,Supervised,22.1% ± 6.5%,1,MS,Full Finetuning
CNN-PFF,18.26547098656495,15.194343898607032,18.3% ± 15.2%,0,0,0,RW-Thigh + 1.0,Supervised,18.3% ± 15.2%,1,RW-Thigh,Full Finetuning
CNN-PFF,95.89372078577676,0.3016897936384059,95.9% ± 0.3%,0,0,0,UCI + 1000.0,TFC,95.9% ± 0.3%,1000,UCI,Full Finetuning
TS2Vec Encoder,95.60386339823404,0.7149094226582847,95.6% ± 0.7%,0,0,0,UCI + 1000.0,TFC,95.6% ± 0.7%,1000,UCI,Full Finetuning
TS2Vec Encoder,95.41062712669373,0.6033805417149951,95.4% ± 0.6%,0,0,0,UCI + 200.0,TFC,95.4% ± 0.6%,200,UCI,Full Finetuning
ResNet-SE-5,95.02415458361307,0.4183696605352201,95.0% ± 0.4%,0,0,0,UCI + 1000.0,TFC,95.0% ± 0.4%,1000,UCI,Full Finetuning
TS2Vec Encoder,94.73429918289185,0.653513728327712,94.7% ± 0.7%,0,0,0,UCI + 100.0,TFC,94.7% ± 0.7%,100,UCI,Full Finetuning
ResNet-SE-5,94.73429918289185,0.4427586199937483,94.7% ± 0.4%,0,0,0,UCI + 200.0,TFC,94.7% ± 0.4%,200,UCI,Full Finetuning
CNN-PFF,94.54106291135153,0.8735796192014218,94.5% ± 0.9%,0,0,0,UCI + 200.0,TFC,94.5% ± 0.9%,200,UCI,Full Finetuning
RNN,94.25120751063028,0.6033829278087318,94.3% ± 0.6%,0,0,0,UCI + 1000.0,TFC,94.3% ± 0.6%,1000,UCI,Full Finetuning
TS2Vec Encoder,94.00502244631448,3.5785687682703267,94.0% ± 3.6%,0,0,0,MS + 1000.0,TFC,94.0% ± 3.6%,1000,MS,Full Finetuning
CNN-PFF,93.62837473551431,1.3058805154082749,93.6% ± 1.3%,0,0,0,MS + 200.0,TFC,93.6% ± 1.3%,200,MS,Full Finetuning
TS-TCC Encoder,93.47826043764749,1.150329086138673,93.5% ± 1.2%,0,0,0,UCI + 1000.0,TFC,93.5% ± 1.2%,1000,UCI,Full Finetuning
CNN-PFF,93.42995285987854,0.9429591273567755,93.4% ± 0.9%,0,0,0,UCI + 100.0,TFC,93.4% ± 0.9%,100,UCI,Full Finetuning
CNN-PFF,93.25172503789267,0.904803507562641,93.3% ± 0.9%,0,0,0,MS + 100.0,TFC,93.3% ± 0.9%,100,MS,Full Finetuning
CNN-PFF,93.00062656402588,3.3175667353922513,93.0% ± 3.3%,0,0,0,MS + 1000.0,TFC,93.0% ± 3.3%,1000,MS,Full Finetuning
TS2Vec Encoder,92.99516876538596,0.7294521127385748,93.0% ± 0.7%,0,0,0,UCI + 50.0,TFC,93.0% ± 0.7%,50,UCI,Full Finetuning
TS2Vec Encoder,92.93785293896994,1.018514909138308,92.9% ± 1.0%,0,0,0,MS + 200.0,TFC,92.9% ± 1.0%,200,MS,Full Finetuning
RNN,92.31883883476257,1.2551089816056409,92.3% ± 1.3%,0,0,0,UCI + 200.0,TFC,92.3% ± 1.3%,200,UCI,Full Finetuning
CNN-PFF,92.12178190549216,1.4290725075128716,92.1% ± 1.4%,0,0,0,MS + 50.0,TFC,92.1% ± 1.4%,50,MS,Full Finetuning
CNN-PFF,91.99623465538025,0.5242738340792888,92.0% ± 0.5%,0,0,0,MS + 25.0,TFC,92.0% ± 0.5%,25,MS,Full Finetuning
ResNet-SE-5,91.98067784309387,1.4298222688686093,92.0% ± 1.4%,0,0,0,UCI + 100.0,TFC,92.0% ± 1.4%,100,UCI,Full Finetuning
TS2Vec Encoder,91.83929761250815,2.246770823273207,91.8% ± 2.2%,0,0,0,MS + 100.0,TFC,91.8% ± 2.2%,100,MS,Full Finetuning
ResNet-SE-5,91.36848847071329,1.2714758414945622,91.4% ± 1.3%,0,0,0,MS + 1000.0,TFC,91.4% ± 1.3%,1000,MS,Full Finetuning
ResNet-SE-5,90.99184075991312,1.98932309865178,91.0% ± 2.0%,0,0,0,MS + 100.0,TFC,91.0% ± 2.0%,100,MS,Full Finetuning
CNN-PFF,90.68100452423096,0.47397381642368086,90.7% ± 0.5%,0,0,0,WISDM + 1000.0,TFC,90.7% ± 0.5%,1000,WISDM,Full Finetuning
CNN-PFF,90.62801798184714,2.081781183107932,90.6% ± 2.1%,0,0,0,UCI + 50.0,TFC,90.6% ± 2.1%,50,UCI,Full Finetuning
ResNet-SE-5,90.52102963129678,2.2089605656704014,90.5% ± 2.2%,0,0,0,MS + 50.0,TFC,90.5% ± 2.2%,50,MS,Full Finetuning
RNN,90.48964182535806,1.3182686907904657,90.5% ± 1.3%,0,0,0,MS + 1000.0,TFC,90.5% ± 1.3%,1000,MS,Full Finetuning
TS2Vec Encoder,90.33816258112589,1.4874201975879635,90.3% ± 1.5%,0,0,0,UCI + 25.0,TFC,90.3% ± 1.5%,25,UCI,Full Finetuning
RNN,90.24154543876648,1.729034803521726,90.2% ± 1.7%,0,0,0,UCI + 100.0,TFC,90.2% ± 1.7%,100,UCI,Full Finetuning
TS-TCC Encoder,90.19323786099753,0.9649736958205781,90.2% ± 1.0%,0,0,0,UCI + 200.0,TFC,90.2% ± 1.0%,200,UCI,Full Finetuning
ResNet-SE-5,90.01883268356323,3.669901239383689,90.0% ± 3.7%,0,0,0,MS + 200.0,TFC,90.0% ± 3.7%,200,MS,Full Finetuning
TS2Vec Encoder,89.95135625203451,0.7146711762747957,90.0% ± 0.7%,0,0,0,WISDM + 1000.0,TFC,90.0% ± 0.7%,1000,WISDM,Full Finetuning
RNN,89.42247430483499,2.0114858172364762,89.4% ± 2.0%,0,0,0,MS + 200.0,TFC,89.4% ± 2.0%,200,MS,Full Finetuning
RNN,88.73195250829062,0.28767074152779165,88.7% ± 0.3%,0,0,0,MS + 100.0,TFC,88.7% ± 0.3%,100,MS,Full Finetuning
RNN,88.63287170728049,0.7296472787877343,88.6% ± 0.7%,0,0,0,WISDM + 1000.0,TFC,88.6% ± 0.7%,1000,WISDM,Full Finetuning
TS-TCC Encoder,88.6200706164042,0.3484534423906374,88.6% ± 0.3%,0,0,0,WISDM + 1000.0,TFC,88.6% ± 0.3%,1000,WISDM,Full Finetuning
CNN-PFF,88.21044564247131,1.4952323224570887,88.2% ± 1.5%,0,0,0,WISDM + 200.0,TFC,88.2% ± 1.5%,200,WISDM,Full Finetuning
TS2Vec Encoder,88.10420632362366,1.553910323972203,88.1% ± 1.6%,0,0,0,MS + 50.0,TFC,88.1% ± 1.6%,50,MS,Full Finetuning
CNN-PFF,88.06763291358948,3.527232621012798,88.1% ± 3.5%,0,0,0,UCI + 25.0,TFC,88.1% ± 3.5%,25,UCI,Full Finetuning
RNN,87.85310784975687,0.6591349840186643,87.9% ± 0.7%,0,0,0,MS + 50.0,TFC,87.9% ± 0.7%,50,MS,Full Finetuning
IMU Transformer,87.85202304522196,2.0617254647494128,87.9% ± 2.1%,0,0,0,WISDM + 1000.0,TFC,87.9% ± 2.1%,1000,WISDM,Full Finetuning
TS-TCC Encoder,87.7368152141571,0.36900885287165575,87.7% ± 0.4%,0,0,0,WISDM + 200.0,TFC,87.7% ± 0.4%,200,WISDM,Full Finetuning
TS2Vec Encoder,87.35091090202332,2.9662245316659543,87.4% ± 3.0%,0,0,0,MS + 25.0,TFC,87.4% ± 3.0%,25,MS,Full Finetuning
CNN-PFF,87.13517586390176,0.3347830807278815,87.1% ± 0.3%,0,0,0,WISDM + 100.0,TFC,87.1% ± 0.3%,100,WISDM,Full Finetuning
RNN,86.95652087529501,2.620745120277342,87.0% ± 2.6%,0,0,0,UCI + 50.0,TFC,87.0% ± 2.6%,50,UCI,Full Finetuning
IMU Transformer,86.44067843755087,4.116290452008772,86.4% ± 4.1%,0,0,0,MS + 1000.0,TFC,86.4% ± 4.1%,1000,MS,Full Finetuning
TS2Vec Encoder,86.35432720184326,2.97373134505854,86.4% ± 3.0%,0,0,0,WISDM + 200.0,TFC,86.4% ± 3.0%,200,WISDM,Full Finetuning
ResNet-SE-5,86.35432720184326,0.8538261149762398,86.4% ± 0.9%,0,0,0,WISDM + 1000.0,TFC,86.4% ± 0.9%,1000,WISDM,Full Finetuning
TS2Vec Encoder,86.07270916303,1.4493197778992721,86.1% ± 1.4%,0,0,0,WISDM + 100.0,TFC,86.1% ± 1.4%,100,WISDM,Full Finetuning
CNN-PFF,85.81669131914774,2.0358117216933937,85.8% ± 2.0%,0,0,0,WISDM + 50.0,TFC,85.8% ± 2.0%,50,WISDM,Full Finetuning
RNN,85.78154444694519,1.4496059030815867,85.8% ± 1.4%,0,0,0,MS + 25.0,TFC,85.8% ± 1.4%,25,MS,Full Finetuning
IMU Transformer,85.02415418624878,9.450713753338324,85.0% ± 9.5%,0,0,0,UCI + 1000.0,TFC,85.0% ± 9.5%,1000,UCI,Full Finetuning
CNN-PFF,84.77715055147806,2.872068161295279,84.8% ± 2.9%,0,0,0,MS + 10.0,TFC,84.8% ± 2.9%,10,MS,Full Finetuning
ResNet-SE-5,84.76702372233072,1.700292700091234,84.8% ± 1.7%,0,0,0,WISDM + 200.0,TFC,84.8% ± 1.7%,200,WISDM,Full Finetuning
ResNet-SE-5,84.10628040631613,3.433689986276864,84.1% ± 3.4%,0,0,0,UCI + 50.0,TFC,84.1% ± 3.4%,50,UCI,Full Finetuning
RNN,83.87096722920737,2.4568551235857177,83.9% ± 2.5%,0,0,0,WISDM + 200.0,TFC,83.9% ± 2.5%,200,WISDM,Full Finetuning
TS-TCC Encoder,83.61581961313883,4.566613505482866,83.6% ± 4.6%,0,0,0,MS + 25.0,TFC,83.6% ± 4.6%,25,MS,Full Finetuning
CNN-PFF,83.60215028127035,0.7416754208027052,83.6% ± 0.7%,0,0,0,WISDM + 25.0,TFC,83.6% ± 0.7%,25,WISDM,Full Finetuning
TS-TCC Encoder,83.23671619097391,4.3244153263365215,83.2% ± 4.3%,0,0,0,UCI + 100.0,TFC,83.2% ± 4.3%,100,UCI,Full Finetuning
TS-TCC Encoder,83.0389142036438,2.6579175006770974,83.0% ± 2.7%,0,0,0,WISDM + 100.0,TFC,83.0% ± 2.7%,100,WISDM,Full Finetuning
CNN-PFF,82.80193010965982,2.8263966224909574,82.8% ± 2.8%,0,0,0,UCI + 10.0,TFC,82.8% ± 2.8%,10,UCI,Full Finetuning
ResNet-SE-5,82.71889289220175,0.9692338799068251,82.7% ± 1.0%,0,0,0,WISDM + 100.0,TFC,82.7% ± 1.0%,100,WISDM,Full Finetuning
TS2Vec Encoder,82.5268805027008,1.2070823043922878,82.5% ± 1.2%,0,0,0,WISDM + 50.0,TFC,82.5% ± 1.2%,50,WISDM,Full Finetuning
ResNet-SE-5,82.45448867479959,6.017777249094445,82.5% ± 6.0%,0,0,0,MS + 25.0,TFC,82.5% ± 6.0%,25,MS,Full Finetuning
TS2Vec Encoder,82.17592438062033,6.672931644804597,82.2% ± 6.7%,0,0,0,KH + 100.0,TFC,82.2% ± 6.7%,100,KH,Full Finetuning
ResNet-SE-5,82.1556588013967,0.8901860863600434,82.2% ± 0.9%,0,0,0,WISDM + 50.0,TFC,82.2% ± 0.9%,50,WISDM,Full Finetuning
TS2Vec Encoder,81.61008358001709,0.9468553674374259,81.6% ± 0.9%,0,0,0,RW-Waist + 1000.0,TFC,81.6% ± 0.9%,1000,RW-Waist,Full Finetuning
TS-TCC Encoder,81.54425621032715,2.919018268585205,81.5% ± 2.9%,0,0,0,MS + 50.0,TFC,81.5% ± 2.9%,50,MS,Full Finetuning
TS-TCC Encoder,81.15942080815634,8.660555802476031,81.2% ± 8.7%,0,0,0,UCI + 50.0,TFC,81.2% ± 8.7%,50,UCI,Full Finetuning
TS2Vec Encoder,80.91787497202554,3.4367484048939483,80.9% ± 3.4%,0,0,0,UCI + 10.0,TFC,80.9% ± 3.4%,10,UCI,Full Finetuning
TS-TCC Encoder,80.90117772420248,0.7984891530129974,80.9% ± 0.8%,0,0,0,WISDM + 50.0,TFC,80.9% ± 0.8%,50,WISDM,Full Finetuning
RNN,80.87557752927145,2.120497215843094,80.9% ± 2.1%,0,0,0,WISDM + 100.0,TFC,80.9% ± 2.1%,100,WISDM,Full Finetuning
CNN-PFF,80.86036443710327,0.8873860862744405,80.9% ± 0.9%,0,0,0,RW-Thigh + 200.0,TFC,80.9% ± 0.9%,200,RW-Thigh,Full Finetuning
TS-TCC Encoder,80.84997336069742,0.6915986808479833,80.8% ± 0.7%,0,0,0,WISDM + 25.0,TFC,80.8% ± 0.7%,25,WISDM,Full Finetuning
IMU Transformer,80.66541155179343,10.006155821148335,80.7% ± 10.0%,0,0,0,MS + 200.0,TFC,80.7% ± 10.0%,200,MS,Full Finetuning
RNN,80.5555542310079,4.008660867515873,80.6% ± 4.0%,0,0,0,WISDM + 25.0,TFC,80.6% ± 4.0%,25,WISDM,Full Finetuning
ResNet-SE-5,80.53140044212341,4.574601480032154,80.5% ± 4.6%,0,0,0,UCI + 25.0,TFC,80.5% ± 4.6%,25,UCI,Full Finetuning
RNN,80.53140044212341,3.9460053761616583,80.5% ± 3.9%,0,0,0,UCI + 25.0,TFC,80.5% ± 3.9%,25,UCI,Full Finetuning
RNN,79.97685074806213,3.4782189878874874,80.0% ± 3.5%,0,0,0,RW-Waist + 1000.0,TFC,80.0% ± 3.5%,1000,RW-Waist,Full Finetuning
TS2Vec Encoder,79.86111243565878,0.8346184732568698,79.9% ± 0.8%,0,0,0,RW-Waist + 100.0,TFC,79.9% ± 0.8%,100,RW-Waist,Full Finetuning
RNN,79.81310884157816,1.248718938512542,79.8% ± 1.2%,0,0,0,WISDM + 50.0,TFC,79.8% ± 1.2%,50,WISDM,Full Finetuning
TS-TCC Encoder,79.78656689325967,7.260451141048156,79.8% ± 7.3%,0,0,0,MS + 1000.0,TFC,79.8% ± 7.3%,1000,MS,Full Finetuning
CNN-PFF,79.7791580359141,2.1302046417596285,79.8% ± 2.1%,0,0,0,RW-Thigh + 100.0,TFC,79.8% ± 2.1%,100,RW-Thigh,Full Finetuning
CNN-PFF,79.62962985038757,0.40093615748134204,79.6% ± 0.4%,0,0,0,KH + 100.0,TFC,79.6% ± 0.4%,100,KH,Full Finetuning
TS2Vec Encoder,79.62962985038757,9.63085417048404,79.6% ± 9.6%,0,0,0,KH + 1000.0,TFC,79.6% ± 9.6%,1000,KH,Full Finetuning
CNN-PFF,79.50310508410135,1.6480276738927244,79.5% ± 1.6%,0,0,0,RW-Thigh + 1000.0,TFC,79.5% ± 1.6%,1000,RW-Thigh,Full Finetuning
CNN-PFF,79.47530945142111,2.013948991019977,79.5% ± 2.0%,0,0,0,RW-Waist + 200.0,TFC,79.5% ± 2.0%,200,RW-Waist,Full Finetuning
CNN-PFF,78.93518408139548,2.8912041556692114,78.9% ± 2.9%,0,0,0,KH + 1000.0,TFC,78.9% ± 2.9%,1000,KH,Full Finetuning
CNN-PFF,78.70370546976724,3.2075030249538186,78.7% ± 3.2%,0,0,0,KH + 25.0,TFC,78.7% ± 3.2%,25,KH,Full Finetuning
TS2Vec Encoder,78.59903375307718,3.061826829474811,78.6% ± 3.1%,0,0,0,UCI + 5.0,TFC,78.6% ± 3.1%,5,UCI,Full Finetuning
ResNet-SE-5,78.58293255170187,5.87365435851497,78.6% ± 5.9%,0,0,0,RW-Thigh + 1000.0,TFC,78.6% ± 5.9%,1000,RW-Thigh,Full Finetuning
CNN-PFF,78.52366169293722,3.4624180829437106,78.5% ± 3.5%,0,0,0,RW-Waist + 1000.0,TFC,78.5% ± 3.5%,1000,RW-Waist,Full Finetuning
RNN,78.35288643836975,2.342975668064987,78.4% ± 2.3%,0,0,0,RW-Thigh + 1000.0,TFC,78.4% ± 2.3%,1000,RW-Thigh,Full Finetuning
CNN-PFF,78.32988301912943,1.7428397391784736,78.3% ± 1.7%,0,0,0,RW-Thigh + 50.0,TFC,78.3% ± 1.7%,50,RW-Thigh,Full Finetuning
ResNet-SE-5,78.21256120999655,2.9571369478597975,78.2% ± 3.0%,0,0,0,UCI + 10.0,TFC,78.2% ± 3.0%,10,UCI,Full Finetuning
RNN,78.18929950396219,2.279285425078085,78.2% ± 2.3%,0,0,0,RW-Waist + 200.0,TFC,78.2% ± 2.3%,200,RW-Waist,Full Finetuning
IMU Transformer,78.18581263224283,1.5016797825175927,78.2% ± 1.5%,0,0,0,MS + 100.0,TFC,78.2% ± 1.5%,100,MS,Full Finetuning
IMU Transformer,78.1362016995748,2.2201586508764466,78.1% ± 2.2%,0,0,0,WISDM + 200.0,TFC,78.1% ± 2.2%,200,WISDM,Full Finetuning
TS2Vec Encoder,78.09928059577942,3.3103433299519898,78.1% ± 3.3%,0,0,0,RW-Waist + 50.0,TFC,78.1% ± 3.3%,50,RW-Waist,Full Finetuning
CNN-PFF,78.00925771395364,0.8018757562384546,78.0% ± 0.8%,0,0,0,KH + 200.0,TFC,78.0% ± 0.8%,200,KH,Full Finetuning
TS-TCC Encoder,77.80916690826416,7.639507847778189,77.8% ± 7.6%,0,0,0,MS + 100.0,TFC,77.8% ± 7.6%,100,MS,Full Finetuning
IMU Transformer,77.61136690775552,3.645805923999066,77.6% ± 3.6%,0,0,0,WISDM + 100.0,TFC,77.6% ± 3.6%,100,WISDM,Full Finetuning
CNN-PFF,77.54629651705423,1.7476492723250863,77.5% ± 1.7%,0,0,0,KH + 50.0,TFC,77.5% ± 1.7%,50,KH,Full Finetuning
CNN-PFF,77.46390501658121,4.710292557261302,77.5% ± 4.7%,0,0,0,MS + 5.0,TFC,77.5% ± 4.7%,5,MS,Full Finetuning
CNN-PFF,77.43055621782938,2.529876170263031,77.4% ± 2.5%,0,0,0,RW-Waist + 100.0,TFC,77.4% ± 2.5%,100,RW-Waist,Full Finetuning
CNN-PFF,77.31481393178305,2.921165364884275,77.3% ± 2.9%,0,0,0,RW-Waist + 50.0,TFC,77.3% ± 2.9%,50,RW-Waist,Full Finetuning
TS-TCC Encoder,77.08333333333334,2.08333432674479,77.1% ± 2.1%,0,0,0,KH + 1000.0,TFC,77.1% ± 2.1%,1000,KH,Full Finetuning
IMU Transformer,76.9713262716929,4.372036999899723,77.0% ± 4.4%,0,0,0,WISDM + 50.0,TFC,77.0% ± 4.4%,50,WISDM,Full Finetuning
ResNet-SE-5,76.92901293436685,2.2918756204659183,76.9% ± 2.3%,0,0,0,RW-Waist + 1000.0,TFC,76.9% ± 2.3%,1000,RW-Waist,Full Finetuning
TS2Vec Encoder,76.87757213910422,1.593195627375856,76.9% ± 1.6%,0,0,0,RW-Waist + 200.0,TFC,76.9% ± 1.6%,200,RW-Waist,Full Finetuning
TS-TCC Encoder,76.62037014961243,1.060783217369982,76.6% ± 1.1%,0,0,0,KH + 100.0,TFC,76.6% ± 1.1%,100,KH,Full Finetuning
CNN-PFF,76.59465074539185,1.8600062435608338,76.6% ± 1.9%,0,0,0,RW-Waist + 25.0,TFC,76.6% ± 1.9%,25,RW-Waist,Full Finetuning
ResNet-SE-5,76.54704451560974,0.8573554946002565,76.5% ± 0.9%,0,0,0,RW-Thigh + 100.0,TFC,76.5% ± 0.9%,100,RW-Thigh,Full Finetuning
ResNet-SE-5,76.46604975064596,1.8108089410770345,76.5% ± 1.8%,0,0,0,RW-Waist + 200.0,TFC,76.5% ± 1.8%,200,RW-Waist,Full Finetuning
TS2Vec Encoder,76.38888955116272,3.1823437990490255,76.4% ± 3.2%,0,0,0,KH + 200.0,TFC,76.4% ± 3.2%,200,KH,Full Finetuning
RNN,76.23648643493652,1.5851734559491837,76.2% ± 1.6%,0,0,0,RW-Thigh + 50.0,TFC,76.2% ± 1.6%,50,RW-Thigh,Full Finetuning
RNN,76.23188296953836,6.541033082262386,76.2% ± 6.5%,0,0,0,UCI + 10.0,TFC,76.2% ± 6.5%,10,UCI,Full Finetuning
RNN,76.10087196032205,1.3530174944705102,76.1% ± 1.4%,0,0,0,WISDM + 10.0,TFC,76.1% ± 1.4%,10,WISDM,Full Finetuning
TS2Vec Encoder,75.91442267100015,7.841649191896799,75.9% ± 7.8%,0,0,0,RW-Thigh + 200.0,TFC,75.9% ± 7.8%,200,RW-Thigh,Full Finetuning
IMU Transformer,75.7487932840983,0.4427612213537036,75.7% ± 0.4%,0,0,0,UCI + 200.0,TFC,75.7% ± 0.4%,200,UCI,Full Finetuning
CNN-PFF,75.62723954518637,2.979924674676072,75.6% ± 3.0%,0,0,0,WISDM + 10.0,TFC,75.6% ± 3.0%,10,WISDM,Full Finetuning
ResNet-SE-5,75.46296318372092,3.9487780524990024,75.5% ± 3.9%,0,0,0,KH + 50.0,TFC,75.5% ± 3.9%,50,KH,Full Finetuning
TS-TCC Encoder,75.36232074101767,3.2374369706297945,75.4% ± 3.2%,0,0,0,UCI + 25.0,TFC,75.4% ± 3.2%,25,UCI,Full Finetuning
TS-TCC Encoder,75.10985533396402,3.773926078250224,75.1% ± 3.8%,0,0,0,MS + 10.0,TFC,75.1% ± 3.8%,10,MS,Full Finetuning
ResNet-SE-5,75.0,2.083331346511841,75.0% ± 2.1%,0,0,0,KH + 100.0,TFC,75.0% ± 2.1%,100,KH,Full Finetuning
TS2Vec Encoder,74.99424815177917,5.57003632817744,75.0% ± 5.6%,0,0,0,RW-Thigh + 1000.0,TFC,75.0% ± 5.6%,1000,RW-Thigh,Full Finetuning
RNN,74.92523789405823,4.175340593418808,74.9% ± 4.2%,0,0,0,RW-Thigh + 100.0,TFC,74.9% ± 4.2%,100,RW-Thigh,Full Finetuning
CNN-PFF,74.90223050117493,3.9344026124372005,74.9% ± 3.9%,0,0,0,RW-Thigh + 25.0,TFC,74.9% ± 3.9%,25,RW-Thigh,Full Finetuning
IMU Transformer,74.85875884691873,9.529915886776875,74.9% ± 9.5%,0,0,0,MS + 50.0,TFC,74.9% ± 9.5%,50,MS,Full Finetuning
ResNet-SE-5,74.75678523381552,3.36220684482402,74.8% ± 3.4%,0,0,0,WISDM + 25.0,TFC,74.8% ± 3.4%,25,WISDM,Full Finetuning
TS-TCC Encoder,74.60765838623047,8.404360941806086,74.6% ± 8.4%,0,0,0,MS + 200.0,TFC,74.6% ± 8.4%,200,MS,Full Finetuning
ResNet-SE-5,74.58016872406006,3.0794716236497703,74.6% ± 3.1%,0,0,0,RW-Thigh + 25.0,TFC,74.6% ± 3.1%,25,RW-Thigh,Full Finetuning
TS-TCC Encoder,74.53703482945761,2.0046876699582517,74.5% ± 2.0%,0,0,0,KH + 200.0,TFC,74.5% ± 2.0%,200,KH,Full Finetuning
RNN,74.52266017595926,2.0005867181640697,74.5% ± 2.0%,0,0,0,RW-Thigh + 200.0,TFC,74.5% ± 2.0%,200,RW-Thigh,Full Finetuning
ResNet-SE-5,74.45364594459534,1.4477693029307463,74.5% ± 1.4%,0,0,0,RW-Thigh + 50.0,TFC,74.5% ± 1.4%,50,RW-Thigh,Full Finetuning
IMU Transformer,74.44444298744202,6.488375025147879,74.4% ± 6.5%,0,0,0,UCI + 50.0,TFC,74.4% ± 6.5%,50,UCI,Full Finetuning
CNN-PFF,74.3055542310079,6.05402577869704,74.3% ± 6.1%,0,0,0,KH + 10.0,TFC,74.3% ± 6.1%,10,KH,Full Finetuning
RNN,74.24660722414652,3.458638550661483,74.2% ± 3.5%,0,0,0,RW-Thigh + 25.0,TFC,74.2% ± 3.5%,25,RW-Thigh,Full Finetuning
IMU Transformer,74.10628000895181,2.430870959517381,74.1% ± 2.4%,0,0,0,UCI + 100.0,TFC,74.1% ± 2.4%,100,UCI,Full Finetuning
TS2Vec Encoder,74.0740736325582,9.428433275825403,74.1% ± 9.4%,0,0,0,KH + 25.0,TFC,74.1% ± 9.4%,25,KH,Full Finetuning
TS-TCC Encoder,74.06121492385864,2.641925487593099,74.1% ± 2.6%,0,0,0,RW-Waist + 1000.0,TFC,74.1% ± 2.6%,1000,RW-Waist,Full Finetuning
CNN-PFF,74.04835422833762,1.8810904881887733,74.0% ± 1.9%,0,0,0,RW-Waist + 10.0,TFC,74.0% ± 1.9%,10,RW-Waist,Full Finetuning
ResNet-SE-5,73.87853662172952,4.934439063072505,73.9% ± 4.9%,0,0,0,RW-Thigh + 200.0,TFC,73.9% ± 4.9%,200,RW-Thigh,Full Finetuning
TS2Vec Encoder,73.85553121566772,6.337037218933358,73.9% ± 6.3%,0,0,0,RW-Thigh + 100.0,TFC,73.9% ± 6.3%,100,RW-Thigh,Full Finetuning
IMU Transformer,73.6687163511912,4.380629665840113,73.7% ± 4.4%,0,0,0,WISDM + 25.0,TFC,73.7% ± 4.4%,25,WISDM,Full Finetuning
ResNet-SE-5,73.61111243565878,0.6944447755834915,73.6% ± 0.7%,0,0,0,KH + 1000.0,TFC,73.6% ± 0.7%,1000,KH,Full Finetuning
TS2Vec Encoder,73.52109154065451,3.472722281992692,73.5% ± 3.5%,0,0,0,RW-Waist + 25.0,TFC,73.5% ± 3.5%,25,RW-Waist,Full Finetuning
TS2Vec Encoder,73.37962985038757,5.906182234019188,73.4% ± 5.9%,0,0,0,KH + 10.0,TFC,73.4% ± 5.9%,10,KH,Full Finetuning
TS-TCC Encoder,73.3614961306254,11.279629624693541,73.4% ± 11.3%,0,0,0,WISDM + 10.0,TFC,73.4% ± 11.3%,10,WISDM,Full Finetuning
TS2Vec Encoder,73.22068413098654,9.358257872550032,73.2% ± 9.4%,0,0,0,WISDM + 25.0,TFC,73.2% ± 9.4%,25,WISDM,Full Finetuning
ResNet-SE-5,72.45370348294577,1.7476492723250863,72.5% ± 1.7%,0,0,0,KH + 200.0,TFC,72.5% ± 1.7%,200,KH,Full Finetuning
RNN,72.4419335524241,2.795411521755215,72.4% ± 2.8%,0,0,0,MS + 10.0,TFC,72.4% ± 2.8%,10,MS,Full Finetuning
ResNet-SE-5,72.3636825879415,3.4733667842526827,72.4% ± 3.5%,0,0,0,RW-Waist + 100.0,TFC,72.4% ± 3.5%,100,RW-Waist,Full Finetuning
TS-TCC Encoder,72.26080298423767,1.1884962594786384,72.3% ± 1.2%,0,0,0,RW-Waist + 50.0,TFC,72.3% ± 1.2%,50,RW-Waist,Full Finetuning
CNN-PFF,72.22222288449606,5.804944582063523,72.2% ± 5.8%,0,0,0,UCI + 5.0,TFC,72.2% ± 5.8%,5,UCI,Full Finetuning
RNN,72.04301158587137,3.807269960159355,72.0% ± 3.8%,0,0,0,WISDM + 5.0,TFC,72.0% ± 3.8%,5,WISDM,Full Finetuning
ResNet-SE-5,71.99074029922485,2.2323282475728727,72.0% ± 2.2%,0,0,0,KH + 25.0,TFC,72.0% ± 2.2%,25,KH,Full Finetuning
RNN,71.79784178733826,3.1956465430238183,71.8% ± 3.2%,0,0,0,RW-Waist + 100.0,TFC,71.8% ± 3.2%,100,RW-Waist,Full Finetuning
TS2Vec Encoder,71.75925970077515,12.154432416222154,71.8% ± 12.2%,0,0,0,KH + 50.0,TFC,71.8% ± 12.2%,50,KH,Full Finetuning
CNN-PFF,71.75925771395364,3.563610906186438,71.8% ± 3.6%,0,0,0,KH + 5.0,TFC,71.8% ± 3.6%,5,KH,Full Finetuning
ResNet-SE-5,71.72067960103354,4.132949706574719,71.7% ± 4.1%,0,0,0,RW-Waist + 50.0,TFC,71.7% ± 4.1%,50,RW-Waist,Full Finetuning
ResNet-SE-5,71.64251208305359,4.597498702681022,71.6% ± 4.6%,0,0,0,UCI + 5.0,TFC,71.6% ± 4.6%,5,UCI,Full Finetuning
IMU Transformer,71.51491840680441,6.12616697044318,71.5% ± 6.1%,0,0,0,RW-Waist + 1000.0,TFC,71.5% ± 6.1%,1000,RW-Waist,Full Finetuning
CNN-PFF,71.50205771128336,1.9310684161870009,71.5% ± 1.9%,0,0,0,RW-Waist + 5.0,TFC,71.5% ± 1.9%,5,RW-Waist,Full Finetuning
ResNet-SE-5,71.29629651705423,7.49013363353475,71.3% ± 7.5%,0,0,0,KH + 10.0,TFC,71.3% ± 7.5%,10,KH,Full Finetuning
ResNet-SE-5,71.0608939329783,6.936313545572253,71.1% ± 6.9%,0,0,0,MS + 10.0,TFC,71.1% ± 6.9%,10,MS,Full Finetuning
TS-TCC Encoder,70.99811633427939,7.504655912242372,71.0% ± 7.5%,0,0,0,MS + 5.0,TFC,71.0% ± 7.5%,5,MS,Full Finetuning
TS-TCC Encoder,70.78189055124918,5.118587870905038,70.8% ± 5.1%,0,0,0,RW-Waist + 100.0,TFC,70.8% ± 5.1%,100,RW-Waist,Full Finetuning
ResNet-SE-5,70.64772049585977,4.9645237740703365,70.6% ± 5.0%,0,0,0,WISDM + 5.0,TFC,70.6% ± 5.0%,5,WISDM,Full Finetuning
CNN-PFF,70.63492139180502,5.988752392779671,70.6% ± 6.0%,0,0,0,RW-Thigh + 10.0,TFC,70.6% ± 6.0%,10,RW-Thigh,Full Finetuning
RNN,70.37037213643393,3.425613725363467,70.4% ± 3.4%,0,0,0,KH + 1000.0,TFC,70.4% ± 3.4%,1000,KH,Full Finetuning
TS-TCC Encoder,70.37037014961243,8.018754121108778,70.4% ± 8.0%,0,0,0,KH + 50.0,TFC,70.4% ± 8.0%,50,KH,Full Finetuning
RNN,69.90740895271301,3.1314233905037456,69.9% ± 3.1%,0,0,0,KH + 25.0,TFC,69.9% ± 3.1%,25,KH,Full Finetuning
RNN,69.90740696589151,2.8912008151357256,69.9% ± 2.9%,0,0,0,KH + 200.0,TFC,69.9% ± 2.9%,200,KH,Full Finetuning
ResNet-SE-5,69.81738607088724,2.341770198358913,69.8% ± 2.3%,0,0,0,RW-Waist + 25.0,TFC,69.8% ± 2.3%,25,RW-Waist,Full Finetuning
TS-TCC Encoder,69.67485944430032,8.642374887492254,69.7% ± 8.6%,0,0,0,WISDM + 5.0,TFC,69.7% ± 8.6%,5,WISDM,Full Finetuning
TS-TCC Encoder,69.66183384259543,2.199526411989151,69.7% ± 2.2%,0,0,0,UCI + 10.0,TFC,69.7% ± 2.2%,10,UCI,Full Finetuning
TS2Vec Encoder,69.08212701479593,7.365026848437224,69.1% ± 7.4%,0,0,0,RW-Thigh + 50.0,TFC,69.1% ± 7.4%,50,RW-Thigh,Full Finetuning
RNN,68.90432238578796,6.2557116509379105,68.9% ± 6.3%,0,0,0,RW-Waist + 50.0,TFC,68.9% ± 6.3%,50,RW-Waist,Full Finetuning
TS-TCC Encoder,68.50565671920776,5.0810836718698145,68.5% ± 5.1%,0,0,0,RW-Waist + 200.0,TFC,68.5% ± 5.1%,200,RW-Waist,Full Finetuning
TS-TCC Encoder,68.31275820732117,3.1835930370533845,68.3% ± 3.2%,0,0,0,RW-Waist + 25.0,TFC,68.3% ± 3.2%,25,RW-Waist,Full Finetuning
TS-TCC Encoder,68.28703681627908,2.1215638333788016,68.3% ± 2.1%,0,0,0,KH + 25.0,TFC,68.3% ± 2.1%,25,KH,Full Finetuning
RNN,68.28703681627908,2.6291231262781922,68.3% ± 2.6%,0,0,0,KH + 50.0,TFC,68.3% ± 2.6%,50,KH,Full Finetuning
ResNet-SE-5,68.14187169075012,2.135492917152403,68.1% ± 2.1%,0,0,0,MS + 5.0,TFC,68.1% ± 2.1%,5,MS,Full Finetuning
TS-TCC Encoder,67.93190836906433,5.7796497994576965,67.9% ± 5.8%,0,0,0,RW-Thigh + 50.0,TFC,67.9% ± 5.8%,50,RW-Thigh,Full Finetuning
ResNet-SE-5,67.8443431854248,13.971388620986284,67.8% ± 14.0%,0,0,0,WISDM + 10.0,TFC,67.8% ± 14.0%,10,WISDM,Full Finetuning
TS2Vec Encoder,67.78033773104349,7.711250269130105,67.8% ± 7.7%,0,0,0,WISDM + 10.0,TFC,67.8% ± 7.7%,10,WISDM,Full Finetuning
IMU Transformer,67.5282915433248,4.780578634128003,67.5% ± 4.8%,0,0,0,RW-Waist + 200.0,TFC,67.5% ± 4.8%,200,RW-Waist,Full Finetuning
TS-TCC Encoder,67.36111044883728,3.6746563509126764,67.4% ± 3.7%,0,0,0,KH + 10.0,TFC,67.4% ± 3.7%,10,KH,Full Finetuning
TS-TCC Encoder,67.207270860672,3.941358172388607,67.2% ± 3.9%,0,0,0,RW-Thigh + 100.0,TFC,67.2% ± 3.9%,100,RW-Thigh,Full Finetuning
TS-TCC Encoder,66.67816837628683,6.948538898128715,66.7% ± 6.9%,0,0,0,RW-Thigh + 25.0,TFC,66.7% ± 6.9%,25,RW-Thigh,Full Finetuning
TS-TCC Encoder,66.58615271250406,8.737816511185631,66.6% ± 8.7%,0,0,0,RW-Thigh + 200.0,TFC,66.6% ± 8.7%,200,RW-Thigh,Full Finetuning
TS-TCC Encoder,66.43518408139548,2.6291231262781922,66.4% ± 2.6%,0,0,0,KH + 5.0,TFC,66.4% ± 2.6%,5,KH,Full Finetuning
RNN,66.43518408139548,2.8912041556692114,66.4% ± 2.9%,0,0,0,KH + 100.0,TFC,66.4% ± 2.9%,100,KH,Full Finetuning
TS-TCC Encoder,66.35802388191223,3.726741315354588,66.4% ± 3.7%,0,0,0,RW-Waist + 5.0,TFC,66.4% ± 3.7%,5,RW-Waist,Full Finetuning
CNN-PFF,66.33384426434836,4.493306665658756,66.3% ± 4.5%,0,0,0,WISDM + 5.0,TFC,66.3% ± 4.5%,5,WISDM,Full Finetuning
TS2Vec Encoder,66.03652238845825,4.8875744247793795,66.0% ± 4.9%,0,0,0,RW-Waist + 5.0,TFC,66.0% ± 4.9%,5,RW-Waist,Full Finetuning
IMU Transformer,65.93364278475443,1.6562544007125812,65.9% ± 1.7%,0,0,0,RW-Waist + 100.0,TFC,65.9% ± 1.7%,100,RW-Waist,Full Finetuning
TS-TCC Encoder,65.7487908999125,1.3698001690811261,65.7% ± 1.4%,0,0,0,UCI + 5.0,TFC,65.7% ± 1.4%,5,UCI,Full Finetuning
TS2Vec Encoder,65.54783781369528,4.281016086481062,65.5% ± 4.3%,0,0,0,RW-Waist + 10.0,TFC,65.5% ± 4.3%,10,RW-Waist,Full Finetuning
RNN,65.49639900525412,3.620243472557371,65.5% ± 3.6%,0,0,0,RW-Waist + 25.0,TFC,65.5% ± 3.6%,25,RW-Waist,Full Finetuning
TS-TCC Encoder,65.41292866071066,5.339307653787949,65.4% ± 5.3%,0,0,0,RW-Thigh + 1000.0,TFC,65.4% ± 5.3%,1000,RW-Thigh,Full Finetuning
ResNet-SE-5,65.17489751180014,4.533193422754276,65.2% ± 4.5%,0,0,0,RW-Waist + 10.0,TFC,65.2% ± 4.5%,10,RW-Waist,Full Finetuning
TS-TCC Encoder,65.08487661679587,4.119424254318785,65.1% ± 4.1%,0,0,0,RW-Waist + 10.0,TFC,65.1% ± 4.1%,10,RW-Waist,Full Finetuning
TS2Vec Encoder,64.81481591860452,7.093312828782176,64.8% ± 7.1%,0,0,0,KH + 5.0,TFC,64.8% ± 7.1%,5,KH,Full Finetuning
ResNet-SE-5,64.81481393178305,5.394063385839696,64.8% ± 5.4%,0,0,0,KH + 5.0,TFC,64.8% ± 5.4%,5,KH,Full Finetuning
ResNet-SE-5,64.67678944269815,6.715437041427506,64.7% ± 6.7%,0,0,0,RW-Thigh + 10.0,TFC,64.7% ± 6.7%,10,RW-Thigh,Full Finetuning
TS2Vec Encoder,64.64413603146872,6.980625254440717,64.6% ± 7.0%,0,0,0,WISDM + 5.0,TFC,64.6% ± 7.0%,5,WISDM,Full Finetuning
IMU Transformer,64.54106370608011,5.446525544472669,64.5% ± 5.4%,0,0,0,UCI + 25.0,TFC,64.5% ± 5.4%,25,UCI,Full Finetuning
RNN,64.26271001497904,5.087385000705071,64.3% ± 5.1%,0,0,0,RW-Thigh + 10.0,TFC,64.3% ± 5.1%,10,RW-Thigh,Full Finetuning
RNN,64.0174905459086,1.2982303650220244,64.0% ± 1.3%,0,0,0,RW-Waist + 10.0,TFC,64.0% ± 1.3%,10,RW-Waist,Full Finetuning
TS-TCC Encoder,63.74764641125997,8.242802131684986,63.7% ± 8.2%,0,0,0,MS + 1.0,TFC,63.7% ± 8.2%,1,MS,Full Finetuning
RNN,63.65740895271301,5.782404970804879,63.7% ± 5.8%,0,0,0,KH + 10.0,TFC,63.7% ± 5.8%,10,KH,Full Finetuning
TS2Vec Encoder,62.96296318372091,7.172164811832826,63.0% ± 7.2%,0,0,0,RW-Thigh + 25.0,TFC,63.0% ± 7.2%,25,RW-Thigh,Full Finetuning
CNN-PFF,62.87094751993815,5.608032522441756,62.9% ± 5.6%,0,0,0,RW-Thigh + 5.0,TFC,62.9% ± 5.6%,5,RW-Thigh,Full Finetuning
ResNet-SE-5,62.860081593195595,4.514765789591995,62.9% ± 4.5%,0,0,0,RW-Waist + 5.0,TFC,62.9% ± 4.5%,5,RW-Waist,Full Finetuning
IMU Transformer,62.60880629221598,14.904524572392667,62.6% ± 14.9%,0,0,0,WISDM + 10.0,TFC,62.6% ± 14.9%,10,WISDM,Full Finetuning
IMU Transformer,62.0756189028422,1.9123504435654508,62.1% ± 1.9%,0,0,0,RW-Waist + 50.0,TFC,62.1% ± 1.9%,50,RW-Waist,Full Finetuning
ResNet-SE-5,61.801240841547646,1.7239467909891508,61.8% ± 1.7%,0,0,0,RW-Thigh + 5.0,TFC,61.8% ± 1.7%,5,RW-Thigh,Full Finetuning
RNN,61.45637035369873,1.3623692788661161,61.5% ± 1.4%,0,0,0,MS + 5.0,TFC,61.5% ± 1.4%,5,MS,Full Finetuning
RNN,60.98250945409139,3.429595228363386,61.0% ± 3.4%,0,0,0,RW-Waist + 5.0,TFC,61.0% ± 3.4%,5,RW-Waist,Full Finetuning
IMU Transformer,60.87962985038757,2.2323282475728727,60.9% ± 2.2%,0,0,0,KH + 1000.0,TFC,60.9% ± 2.2%,1000,KH,Full Finetuning
TS-TCC Encoder,60.70853571097056,10.62450946710636,60.7% ± 10.6%,0,0,0,RW-Thigh + 10.0,TFC,60.7% ± 10.6%,10,RW-Thigh,Full Finetuning
TS2Vec Encoder,60.16949117183685,12.63771332873794,60.2% ± 12.6%,0,0,0,MS + 10.0,TFC,60.2% ± 12.6%,10,MS,Full Finetuning
IMU Transformer,60.138104359308876,8.806198345799231,60.1% ± 8.8%,0,0,0,MS + 25.0,TFC,60.1% ± 8.8%,25,MS,Full Finetuning
IMU Transformer,60.087416569391884,8.108990760739736,60.1% ± 8.1%,0,0,0,RW-Thigh + 1000.0,TFC,60.1% ± 8.1%,1000,RW-Thigh,Full Finetuning
RNN,60.04830797513326,5.329577865300831,60.0% ± 5.3%,0,0,0,UCI + 5.0,TFC,60.0% ± 5.3%,5,UCI,Full Finetuning
RNN,59.25925771395365,5.906180949169604,59.3% ± 5.9%,0,0,0,KH + 5.0,TFC,59.3% ± 5.9%,5,KH,Full Finetuning
IMU Transformer,59.16509826978048,8.153213997151495,59.2% ± 8.2%,0,0,0,MS + 10.0,TFC,59.2% ± 8.2%,10,MS,Full Finetuning
IMU Transformer,58.79629651705424,4.726986701429839,58.8% ± 4.7%,0,0,0,KH + 50.0,TFC,58.8% ± 4.7%,50,KH,Full Finetuning
IMU Transformer,58.78136157989502,14.911447099355351,58.8% ± 14.9%,0,0,0,WISDM + 5.0,TFC,58.8% ± 14.9%,5,WISDM,Full Finetuning
IMU Transformer,58.56481492519379,12.2728852946326,58.6% ± 12.3%,0,0,0,KH + 200.0,TFC,58.6% ± 12.3%,200,KH,Full Finetuning
TS2Vec Encoder,58.29475323359171,4.757117789590474,58.3% ± 4.8%,0,0,0,RW-Waist + 1.0,TFC,58.3% ± 4.8%,1,RW-Waist,Full Finetuning
IMU Transformer,58.09792876243591,8.6444573281545,58.1% ± 8.6%,0,0,0,MS + 5.0,TFC,58.1% ± 8.6%,5,MS,Full Finetuning
RNN,57.694961627324425,10.107769469696557,57.7% ± 10.1%,0,0,0,RW-Thigh + 5.0,TFC,57.7% ± 10.1%,5,RW-Thigh,Full Finetuning
IMU Transformer,57.40740696589152,4.009375339916503,57.4% ± 4.0%,0,0,0,KH + 25.0,TFC,57.4% ± 4.0%,25,KH,Full Finetuning
IMU Transformer,57.40740696589152,6.415002608631867,57.4% ± 6.4%,0,0,0,KH + 100.0,TFC,57.4% ± 6.4%,100,KH,Full Finetuning
TS2Vec Encoder,56.46578768889109,14.551095434213588,56.5% ± 14.6%,0,0,0,MS + 5.0,TFC,56.5% ± 14.6%,5,MS,Full Finetuning
IMU Transformer,55.78703681627909,3.563610906186438,55.8% ± 3.6%,0,0,0,KH + 10.0,TFC,55.8% ± 3.6%,10,KH,Full Finetuning
IMU Transformer,55.45267462730408,3.47100731948385,55.5% ± 3.5%,0,0,0,RW-Waist + 10.0,TFC,55.5% ± 3.5%,10,RW-Waist,Full Finetuning
TS-TCC Encoder,55.27950326601664,4.7277771552849455,55.3% ± 4.7%,0,0,0,RW-Thigh + 5.0,TFC,55.3% ± 4.7%,5,RW-Thigh,Full Finetuning
IMU Transformer,55.25977512200674,4.905965515295559,55.3% ± 4.9%,0,0,0,RW-Waist + 25.0,TFC,55.3% ± 4.9%,25,RW-Waist,Full Finetuning
RNN,55.11613289515177,1.530915348498727,55.1% ± 1.5%,0,0,0,MS + 1.0,TFC,55.1% ± 1.5%,1,MS,Full Finetuning
TS-TCC Encoder,55.09472588698069,9.25565467363868,55.1% ± 9.3%,0,0,0,WISDM + 1.0,TFC,55.1% ± 9.3%,1,WISDM,Full Finetuning
IMU Transformer,54.475309451421104,2.7063998609923847,54.5% ± 2.7%,0,0,0,RW-Waist + 5.0,TFC,54.5% ± 2.7%,5,RW-Waist,Full Finetuning
TS-TCC Encoder,54.3961356083552,10.630545722118308,54.4% ± 10.6%,0,0,0,UCI + 1.0,TFC,54.4% ± 10.6%,1,UCI,Full Finetuning
TS2Vec Encoder,54.05797163645426,11.449275420436386,54.1% ± 11.4%,0,0,0,UCI + 1.0,TFC,54.1% ± 11.4%,1,UCI,Full Finetuning
TS2Vec Encoder,53.94524931907654,11.294262870940827,53.9% ± 11.3%,0,0,0,RW-Thigh + 10.0,TFC,53.9% ± 11.3%,10,RW-Thigh,Full Finetuning
RNN,53.086419900258385,9.253712618306045,53.1% ± 9.3%,0,0,0,RW-Waist + 1.0,TFC,53.1% ± 9.3%,1,RW-Waist,Full Finetuning
TS2Vec Encoder,52.43846376736959,11.980502356507083,52.4% ± 12.0%,0,0,0,RW-Thigh + 5.0,TFC,52.4% ± 12.0%,5,RW-Thigh,Full Finetuning
IMU Transformer,52.12790469328562,5.094870491899235,52.1% ± 5.1%,0,0,0,RW-Thigh + 100.0,TFC,52.1% ± 5.1%,100,RW-Thigh,Full Finetuning
IMU Transformer,51.62180761496226,6.28350906256989,51.6% ± 6.3%,0,0,0,RW-Thigh + 200.0,TFC,51.6% ± 6.3%,200,RW-Thigh,Full Finetuning
ResNet-SE-5,51.62037014961243,6.262846781007491,51.6% ± 6.3%,0,0,0,KH + 1.0,TFC,51.6% ± 6.3%,1,KH,Full Finetuning
IMU Transformer,51.20772918065389,9.602839963035814,51.2% ± 9.6%,0,0,0,UCI + 10.0,TFC,51.2% ± 9.6%,10,UCI,Full Finetuning
IMU Transformer,51.20772918065389,3.2866468077869944,51.2% ± 3.3%,0,0,0,RW-Thigh + 25.0,TFC,51.2% ± 3.3%,25,RW-Thigh,Full Finetuning
RNN,51.03686551253001,12.09207768582156,51.0% ± 12.1%,0,0,0,WISDM + 1.0,TFC,51.0% ± 12.1%,1,WISDM,Full Finetuning
TS2Vec Encoder,51.02406640847524,7.312653143134653,51.0% ± 7.3%,0,0,0,WISDM + 1.0,TFC,51.0% ± 7.3%,1,WISDM,Full Finetuning
IMU Transformer,50.97768505414327,2.5310822719029775,51.0% ± 2.5%,0,0,0,RW-Thigh + 50.0,TFC,51.0% ± 2.5%,50,RW-Thigh,Full Finetuning
TS-TCC Encoder,50.46296417713165,5.995599757119332,50.5% ± 6.0%,0,0,0,RW-Waist + 1.0,TFC,50.5% ± 6.0%,1,RW-Waist,Full Finetuning
IMU Transformer,50.23148059844971,3.1314233905037456,50.2% ± 3.1%,0,0,0,KH + 5.0,TFC,50.2% ± 3.1%,5,KH,Full Finetuning
TS2Vec Encoder,49.99999801317851,2.5038545932013134,50.0% ± 2.5%,0,0,0,KH + 1.0,TFC,50.0% ± 2.5%,1,KH,Full Finetuning
IMU Transformer,48.53922327359517,3.955533120101616,48.5% ± 4.0%,0,0,0,RW-Thigh + 10.0,TFC,48.5% ± 4.0%,10,RW-Thigh,Full Finetuning
CNN-PFF,48.50241541862488,3.2287737132507632,48.5% ± 3.2%,0,0,0,UCI + 1.0,TFC,48.5% ± 3.2%,1,UCI,Full Finetuning
ResNet-SE-5,48.454106847445175,5.250166724853327,48.5% ± 5.3%,0,0,0,UCI + 1.0,TFC,48.5% ± 5.3%,1,UCI,Full Finetuning
CNN-PFF,48.27674925327301,5.172391552058109,48.3% ± 5.2%,0,0,0,RW-Waist + 1.0,TFC,48.3% ± 5.2%,1,RW-Waist,Full Finetuning
IMU Transformer,48.115942875544235,16.088915922034662,48.1% ± 16.1%,0,0,0,UCI + 5.0,TFC,48.1% ± 16.1%,5,UCI,Full Finetuning
CNN-PFF,47.91666666666667,2.4056238274395936,47.9% ± 2.4%,0,0,0,KH + 1.0,TFC,47.9% ± 2.4%,1,KH,Full Finetuning
IMU Transformer,45.63716252644856,7.323678545486609,45.6% ± 7.3%,0,0,0,MS + 1.0,TFC,45.6% ± 7.3%,1,MS,Full Finetuning
IMU Transformer,44.2129631837209,10.308077966169012,44.2% ± 10.3%,0,0,0,KH + 1.0,TFC,44.2% ± 10.3%,1,KH,Full Finetuning
IMU Transformer,44.20289893945058,2.6641654518632207,44.2% ± 2.7%,0,0,0,RW-Thigh + 5.0,TFC,44.2% ± 2.7%,5,RW-Thigh,Full Finetuning
CNN-PFF,44.156889120737716,7.2826258891596245,44.2% ± 7.3%,0,0,0,RW-Thigh + 1.0,TFC,44.2% ± 7.3%,1,RW-Thigh,Full Finetuning
TS2Vec Encoder,43.97285481293995,4.035102830448455,44.0% ± 4.0%,0,0,0,RW-Thigh + 1.0,TFC,44.0% ± 4.0%,1,RW-Thigh,Full Finetuning
TS-TCC Encoder,43.05555522441864,9.394268849680328,43.1% ± 9.4%,0,0,0,KH + 1.0,TFC,43.1% ± 9.4%,1,KH,Full Finetuning
CNN-PFF,42.46031741301219,13.74101542201546,42.5% ± 13.7%,0,0,0,WISDM + 1.0,TFC,42.5% ± 13.7%,1,WISDM,Full Finetuning
IMU Transformer,42.27053125699361,5.564788471002801,42.3% ± 5.6%,0,0,0,UCI + 1.0,TFC,42.3% ± 5.6%,1,UCI,Full Finetuning
IMU Transformer,41.39784822861354,18.790733519256214,41.4% ± 18.8%,0,0,0,WISDM + 1.0,TFC,41.4% ± 18.8%,1,WISDM,Full Finetuning
RNN,40.97222189108531,0.6944432854657734,41.0% ± 0.7%,0,0,0,KH + 1.0,TFC,41.0% ± 0.7%,1,KH,Full Finetuning
CNN-PFF,40.238544344902024,5.046531051383131,40.2% ± 5.0%,0,0,0,MS + 1.0,TFC,40.2% ± 5.0%,1,MS,Full Finetuning
TS2Vec Encoder,40.08160730202992,10.14344800494439,40.1% ± 10.1%,0,0,0,MS + 1.0,TFC,40.1% ± 10.1%,1,MS,Full Finetuning
ResNet-SE-5,39.83050882816315,11.140996080560614,39.8% ± 11.1%,0,0,0,MS + 1.0,TFC,39.8% ± 11.1%,1,MS,Full Finetuning
RNN,39.516909420490265,23.123248660850333,39.5% ± 23.1%,0,0,0,UCI + 1.0,TFC,39.5% ± 23.1%,1,UCI,Full Finetuning
ResNet-SE-5,37.685611844062805,11.052460412352819,37.7% ± 11.1%,0,0,0,WISDM + 1.0,TFC,37.7% ± 11.1%,1,WISDM,Full Finetuning
IMU Transformer,37.46141990025838,6.956009231104426,37.5% ± 7.0%,0,0,0,RW-Waist + 1.0,TFC,37.5% ± 7.0%,1,RW-Waist,Full Finetuning
TS-TCC Encoder,36.97952628135681,13.021017952773681,37.0% ± 13.0%,0,0,0,RW-Thigh + 1.0,TFC,37.0% ± 13.0%,1,RW-Thigh,Full Finetuning
ResNet-SE-5,36.57407462596893,19.46445235528212,36.6% ± 19.5%,0,0,0,RW-Waist + 1.0,TFC,36.6% ± 19.5%,1,RW-Waist,Full Finetuning
IMU Transformer,30.469288925329835,10.003865989821234,30.5% ± 10.0%,0,0,0,RW-Thigh + 1.0,TFC,30.5% ± 10.0%,1,RW-Thigh,Full Finetuning
RNN,29.951690634091694,10.472100948183986,30.0% ± 10.5%,0,0,0,RW-Thigh + 1.0,TFC,30.0% ± 10.5%,1,RW-Thigh,Full Finetuning
ResNet-SE-5,23.53347192207972,9.311465342862837,23.5% ± 9.3%,0,0,0,RW-Thigh + 1.0,TFC,23.5% ± 9.3%,1,RW-Thigh,Full Finetuning
TS2Vec Encoder,95.91965079307556,1.7774760816854827,95.9% ± 1.8%,0,0,0,MS + 1000.0,LFR,95.9% ± 1.8%,1000,MS,Full Finetuning
TS2Vec Encoder,95.07246216138205,0.5020442808974169,95.1% ± 0.5%,0,0,0,UCI + 1000.0,LFR,95.1% ± 0.5%,1000,UCI,Full Finetuning
ResNet-SE-5,94.6859916051229,0.96497593379408,94.7% ± 1.0%,0,0,0,UCI + 1000.0,LFR,94.7% ± 1.0%,1000,UCI,Full Finetuning
ResNet-SE-5,92.75362491607666,0.1449286937713623,92.8% ± 0.1%,0,0,0,UCI + 200.0,LFR,92.8% ± 0.1%,200,UCI,Full Finetuning
TS2Vec Encoder,92.46376752853394,2.144733101224658,92.5% ± 2.1%,0,0,0,UCI + 200.0,LFR,92.5% ± 2.1%,200,UCI,Full Finetuning
TS2Vec Encoder,92.21594532330832,1.932808451537487,92.2% ± 1.9%,0,0,0,MS + 200.0,LFR,92.2% ± 1.9%,200,MS,Full Finetuning
TS-TCC Encoder,92.12178389231363,0.7067395698533245,92.1% ± 0.7%,0,0,0,MS + 1000.0,LFR,92.1% ± 0.7%,1000,MS,Full Finetuning
TS2Vec Encoder,91.55681133270261,0.8439657129222103,91.6% ± 0.8%,0,0,0,MS + 50.0,LFR,91.6% ± 0.8%,50,MS,Full Finetuning
TS-TCC Encoder,91.20773077011108,2.1803443387438834,91.2% ± 2.2%,0,0,0,UCI + 1000.0,LFR,91.2% ± 2.2%,1000,UCI,Full Finetuning
TS2Vec Encoder,89.24731016159058,0.2899324289996439,89.2% ± 0.3%,0,0,0,WISDM + 1000.0,LFR,89.2% ± 0.3%,1000,WISDM,Full Finetuning
TS2Vec Encoder,89.22705252965292,1.9676746030187777,89.2% ± 2.0%,0,0,0,UCI + 100.0,LFR,89.2% ± 2.0%,100,UCI,Full Finetuning
ResNet-SE-5,89.13043538729349,0.8695632219331598,89.1% ± 0.9%,0,0,0,UCI + 100.0,LFR,89.1% ± 0.9%,100,UCI,Full Finetuning
CNN-PFF,89.13043538729349,1.6138426452291934,89.1% ± 1.6%,0,0,0,UCI + 1000.0,LFR,89.1% ± 1.6%,1000,UCI,Full Finetuning
TS2Vec Encoder,88.88888955116272,3.28353861738776,88.9% ± 3.3%,0,0,0,MS + 100.0,LFR,88.9% ± 3.3%,100,MS,Full Finetuning
ResNet-SE-5,88.51223985354105,6.695439513880827,88.5% ± 6.7%,0,0,0,MS + 1000.0,LFR,88.5% ± 6.7%,1000,MS,Full Finetuning
TS-TCC Encoder,87.59600718816122,0.44287935919520327,87.6% ± 0.4%,0,0,0,WISDM + 1000.0,LFR,87.6% ± 0.4%,1000,WISDM,Full Finetuning
CNN-PFF,87.25038369496664,0.932004205158947,87.3% ± 0.9%,0,0,0,WISDM + 1000.0,LFR,87.3% ± 0.9%,1000,WISDM,Full Finetuning
CNN-PFF,87.00483043988547,1.3466064854197188,87.0% ± 1.3%,0,0,0,UCI + 200.0,LFR,87.0% ± 1.3%,200,UCI,Full Finetuning
TS-TCC Encoder,86.81732614835104,3.9085700138613464,86.8% ± 3.9%,0,0,0,MS + 200.0,LFR,86.8% ± 3.9%,200,MS,Full Finetuning
TS2Vec Encoder,86.66666746139526,4.081195946915859,86.7% ± 4.1%,0,0,0,UCI + 50.0,LFR,86.7% ± 4.1%,50,UCI,Full Finetuning
CNN-PFF,86.37790282567343,1.1923044138403853,86.4% ± 1.2%,0,0,0,MS + 1000.0,LFR,86.4% ± 1.2%,1000,MS,Full Finetuning
TS-TCC Encoder,85.84431807200113,2.6705040129298827,85.8% ± 2.7%,0,0,0,MS + 100.0,LFR,85.8% ± 2.7%,100,MS,Full Finetuning
ResNet-SE-5,85.81669330596924,0.595341583979009,85.8% ± 0.6%,0,0,0,WISDM + 1000.0,LFR,85.8% ± 0.6%,1000,WISDM,Full Finetuning
ResNet-SE-5,85.3735089302063,2.5895949369068028,85.4% ± 2.6%,0,0,0,MS + 200.0,LFR,85.4% ± 2.6%,200,MS,Full Finetuning
ResNet-SE-5,85.18518606821695,0.6269618314857167,85.2% ± 0.6%,0,0,0,MS + 50.0,LFR,85.2% ± 0.6%,50,MS,Full Finetuning
CNN-PFF,84.65160131454468,0.9556387533146588,84.7% ± 1.0%,0,0,0,MS + 200.0,LFR,84.7% ± 1.0%,200,MS,Full Finetuning
TS2Vec Encoder,84.53661004702249,0.8641268684709229,84.5% ± 0.9%,0,0,0,WISDM + 200.0,LFR,84.5% ± 0.9%,200,WISDM,Full Finetuning
CNN-PFF,84.29951667785645,2.430867524363162,84.3% ± 2.4%,0,0,0,UCI + 100.0,LFR,84.3% ± 2.4%,100,UCI,Full Finetuning
TS2Vec Encoder,84.24356778462729,2.599848488101451,84.2% ± 2.6%,0,0,0,MS + 25.0,LFR,84.2% ± 2.6%,25,MS,Full Finetuning
ResNet-SE-5,83.52656960487366,1.1714343612434444,83.5% ± 1.2%,0,0,0,UCI + 50.0,LFR,83.5% ± 1.2%,50,UCI,Full Finetuning
ResNet-SE-5,83.36471915245056,3.1601593497658795,83.4% ± 3.2%,0,0,0,MS + 100.0,LFR,83.4% ± 3.2%,100,MS,Full Finetuning
IMU Transformer,83.33333333333334,3.570631851495451,83.3% ± 3.6%,0,0,0,UCI + 1000.0,LFR,83.3% ± 3.6%,1000,UCI,Full Finetuning
IMU Transformer,82.42310086886087,0.5517382914742566,82.4% ± 0.6%,0,0,0,MS + 1000.0,LFR,82.4% ± 0.6%,1000,MS,Full Finetuning
ResNet-SE-5,82.30926791826883,2.4136571319810516,82.3% ± 2.4%,0,0,0,WISDM + 100.0,LFR,82.3% ± 2.4%,100,WISDM,Full Finetuning
TS-TCC Encoder,81.69082005818686,2.7126358514061706,81.7% ± 2.7%,0,0,0,UCI + 200.0,LFR,81.7% ± 2.7%,200,UCI,Full Finetuning
IMU Transformer,81.38760924339294,0.9994485378348986,81.4% ± 1.0%,0,0,0,WISDM + 1000.0,LFR,81.4% ± 1.0%,1000,WISDM,Full Finetuning
ResNet-SE-5,81.32360577583313,0.9203269275045981,81.3% ± 0.9%,0,0,0,WISDM + 200.0,LFR,81.3% ± 0.9%,200,WISDM,Full Finetuning
RNN,80.8883766333262,0.9755535031049863,80.9% ± 1.0%,0,0,0,WISDM + 1000.0,LFR,80.9% ± 1.0%,1000,WISDM,Full Finetuning
TS-TCC Encoder,80.82234660784403,5.285106105030556,80.8% ± 5.3%,0,0,0,MS + 50.0,LFR,80.8% ± 5.3%,50,MS,Full Finetuning
CNN-PFF,80.57971000671387,0.2898573875427246,80.6% ± 0.3%,0,0,0,UCI + 50.0,LFR,80.6% ± 0.3%,50,UCI,Full Finetuning
TS-TCC Encoder,80.57124813397726,3.5859928642249272,80.6% ± 3.6%,0,0,0,MS + 25.0,LFR,80.6% ± 3.6%,25,MS,Full Finetuning
CNN-PFF,80.53986231486002,3.061834546396786,80.5% ± 3.1%,0,0,0,MS + 50.0,LFR,80.5% ± 3.1%,50,MS,Full Finetuning
IMU Transformer,80.47708670298258,3.604487554865141,80.5% ± 3.6%,0,0,0,MS + 200.0,LFR,80.5% ± 3.6%,200,MS,Full Finetuning
TS-TCC Encoder,80.3381641705831,0.508970016768614,80.3% ± 0.5%,0,0,0,UCI + 100.0,LFR,80.3% ± 0.5%,100,UCI,Full Finetuning
TS-TCC Encoder,80.28673728307089,0.9163087480444914,80.3% ± 0.9%,0,0,0,WISDM + 200.0,LFR,80.3% ± 0.9%,200,WISDM,Full Finetuning
TS-TCC Encoder,79.90338206291199,0.8240936723257798,79.9% ± 0.8%,0,0,0,UCI + 50.0,LFR,79.9% ± 0.8%,50,UCI,Full Finetuning
CNN-PFF,79.4685979684194,0.44276122135370355,79.5% ± 0.4%,0,0,0,UCI + 25.0,LFR,79.5% ± 0.4%,25,UCI,Full Finetuning
ResNet-SE-5,79.37852938969931,4.89642367913173,79.4% ± 4.9%,0,0,0,MS + 25.0,LFR,79.4% ± 4.9%,25,MS,Full Finetuning
TS2Vec Encoder,79.17874455451965,0.6535137283277009,79.2% ± 0.7%,0,0,0,UCI + 25.0,LFR,79.2% ± 0.7%,25,UCI,Full Finetuning
ResNet-SE-5,78.95545363426208,1.9380874931696286,79.0% ± 1.9%,0,0,0,WISDM + 50.0,LFR,79.0% ± 1.9%,50,WISDM,Full Finetuning
ResNet-SE-5,78.88888915379843,0.22137963517761092,78.9% ± 0.2%,0,0,0,UCI + 25.0,LFR,78.9% ± 0.2%,25,UCI,Full Finetuning
TS2Vec Encoder,78.85304689407349,5.400610925638416,78.9% ± 5.4%,0,0,0,WISDM + 50.0,LFR,78.9% ± 5.4%,50,WISDM,Full Finetuning
IMU Transformer,78.71939738591513,1.6336501921165547,78.7% ± 1.6%,0,0,0,MS + 100.0,LFR,78.7% ± 1.6%,100,MS,Full Finetuning
IMU Transformer,78.69565288225809,1.2551124228814117,78.7% ± 1.3%,0,0,0,UCI + 100.0,LFR,78.7% ± 1.3%,100,UCI,Full Finetuning
IMU Transformer,78.55072418848673,0.5020442808974106,78.6% ± 0.5%,0,0,0,UCI + 200.0,LFR,78.6% ± 0.5%,200,UCI,Full Finetuning
RNN,78.55072418848673,0.6317226930475527,78.6% ± 0.6%,0,0,0,UCI + 200.0,LFR,78.6% ± 0.6%,200,UCI,Full Finetuning
CNN-PFF,78.40501864751181,0.4282049893041063,78.4% ± 0.4%,0,0,0,WISDM + 200.0,LFR,78.4% ± 0.4%,200,WISDM,Full Finetuning
IMU Transformer,78.30918033917746,0.7149094226582847,78.3% ± 0.7%,0,0,0,UCI + 50.0,LFR,78.3% ± 0.7%,50,UCI,Full Finetuning
RNN,78.30917835235596,0.9649769781823853,78.3% ± 1.0%,0,0,0,UCI + 1000.0,LFR,78.3% ± 1.0%,1000,UCI,Full Finetuning
CNN-PFF,78.08499534924826,1.501792121664292,78.1% ± 1.5%,0,0,0,WISDM + 100.0,LFR,78.1% ± 1.5%,100,WISDM,Full Finetuning
CNN-PFF,77.93471415837607,4.76921875372111,77.9% ± 4.8%,0,0,0,MS + 100.0,LFR,77.9% ± 4.8%,100,MS,Full Finetuning
TS-TCC Encoder,77.87439624468485,1.1714355902705826,77.9% ± 1.2%,0,0,0,UCI + 25.0,LFR,77.9% ± 1.2%,25,UCI,Full Finetuning
RNN,77.84055272738138,1.1312531164402888,77.8% ± 1.1%,0,0,0,MS + 200.0,LFR,77.8% ± 1.1%,200,MS,Full Finetuning
RNN,77.82608668009439,1.0941785638417811,77.8% ± 1.1%,0,0,0,UCI + 100.0,LFR,77.8% ± 1.1%,100,UCI,Full Finetuning
RNN,77.74638930956522,1.278430263973021,77.7% ± 1.3%,0,0,0,MS + 1000.0,LFR,77.7% ± 1.3%,1000,MS,Full Finetuning
TS-TCC Encoder,77.71377563476562,3.5184566238145933,77.7% ± 3.5%,0,0,0,WISDM + 100.0,LFR,77.7% ± 3.5%,100,WISDM,Full Finetuning
ResNet-SE-5,77.58945425351462,0.5727668503569783,77.6% ± 0.6%,0,0,0,MS + 10.0,LFR,77.6% ± 0.6%,10,MS,Full Finetuning
IMU Transformer,77.46390302975973,3.215782147960851,77.5% ± 3.2%,0,0,0,MS + 50.0,LFR,77.5% ± 3.2%,50,MS,Full Finetuning
TS2Vec Encoder,77.40655541419983,6.067265523263568,77.4% ± 6.1%,0,0,0,WISDM + 100.0,LFR,77.4% ± 6.1%,100,WISDM,Full Finetuning
RNN,77.30414867401123,0.7476161612285444,77.3% ± 0.7%,0,0,0,WISDM + 200.0,LFR,77.3% ± 0.7%,200,WISDM,Full Finetuning
ResNet-SE-5,76.96170806884766,6.748419848279359,77.0% ± 6.7%,0,0,0,MS + 5.0,LFR,77.0% ± 6.7%,5,MS,Full Finetuning
RNN,76.95852518081665,0.5578278573350443,77.0% ± 0.6%,0,0,0,WISDM + 50.0,LFR,77.0% ± 0.6%,50,WISDM,Full Finetuning
ResNet-SE-5,76.90821290016174,2.1018646023393375,76.9% ± 2.1%,0,0,0,UCI + 10.0,LFR,76.9% ± 2.1%,10,UCI,Full Finetuning
TS-TCC Encoder,76.77931388219199,1.3131923101483045,76.8% ± 1.3%,0,0,0,WISDM + 50.0,LFR,76.8% ± 1.3%,50,WISDM,Full Finetuning
TS-TCC Encoder,76.57450040181479,0.4428791007710926,76.6% ± 0.4%,0,0,0,WISDM + 25.0,LFR,76.6% ± 0.4%,25,WISDM,Full Finetuning
RNN,76.47342880566916,0.2213789848290222,76.5% ± 0.2%,0,0,0,UCI + 50.0,LFR,76.5% ± 0.2%,50,UCI,Full Finetuning
TS2Vec Encoder,76.33744676907858,2.7185623329364077,76.3% ± 2.7%,0,0,0,RW-Waist + 1000.0,LFR,76.3% ± 2.7%,1000,RW-Waist,Full Finetuning
IMU Transformer,76.0869562625885,1.7391324043273926,76.1% ± 1.7%,0,0,0,UCI + 25.0,LFR,76.1% ± 1.7%,25,UCI,Full Finetuning
IMU Transformer,75.9259263674418,1.4455992145203242,75.9% ± 1.4%,0,0,0,KH + 1000.0,LFR,75.9% ± 1.4%,1000,KH,Full Finetuning
ResNet-SE-5,75.84541042645773,2.2514347130631007,75.8% ± 2.3%,0,0,0,UCI + 5.0,LFR,75.8% ± 2.3%,5,UCI,Full Finetuning
RNN,75.73760151863098,0.42460042027478845,75.7% ± 0.4%,0,0,0,MS + 50.0,LFR,75.7% ± 0.4%,50,MS,Full Finetuning
IMU Transformer,75.6784439086914,0.7910634138165241,75.7% ± 0.8%,0,0,0,WISDM + 200.0,LFR,75.7% ± 0.8%,200,WISDM,Full Finetuning
IMU Transformer,75.61444044113159,2.796005493173016,75.6% ± 2.8%,0,0,0,WISDM + 50.0,LFR,75.6% ± 2.8%,50,WISDM,Full Finetuning
RNN,75.26679237683615,2.8332171336431076,75.3% ± 2.8%,0,0,0,MS + 100.0,LFR,75.3% ± 2.8%,100,MS,Full Finetuning
RNN,75.12800693511963,1.386925533606805,75.1% ± 1.4%,0,0,0,WISDM + 100.0,LFR,75.1% ± 1.4%,100,WISDM,Full Finetuning
TS2Vec Encoder,75.07716218630472,1.9485894478985226,75.1% ± 1.9%,0,0,0,RW-Waist + 200.0,LFR,75.1% ± 1.9%,200,RW-Waist,Full Finetuning
ResNet-SE-5,75.06400346755981,1.801782491481646,75.1% ± 1.8%,0,0,0,WISDM + 10.0,LFR,75.1% ± 1.8%,10,WISDM,Full Finetuning
TS2Vec Encoder,74.65277910232544,3.632079795023937,74.7% ± 3.6%,0,0,0,RW-Waist + 100.0,LFR,74.7% ± 3.6%,100,RW-Waist,Full Finetuning
ResNet-SE-5,74.44956302642822,1.5909609629874644,74.4% ± 1.6%,0,0,0,WISDM + 25.0,LFR,74.4% ± 1.6%,25,WISDM,Full Finetuning
TS-TCC Encoder,74.30555621782938,2.503854593201314,74.3% ± 2.5%,0,0,0,KH + 50.0,LFR,74.3% ± 2.5%,50,KH,Full Finetuning
IMU Transformer,74.3055542310079,1.8373270490348912,74.3% ± 1.8%,0,0,0,KH + 100.0,LFR,74.3% ± 1.8%,100,KH,Full Finetuning
ResNet-SE-5,74.28111235300699,0.40438236684070505,74.3% ± 0.4%,0,0,0,RW-Thigh + 50.0,LFR,74.3% ± 0.4%,50,RW-Thigh,Full Finetuning
RNN,74.16794498761496,1.793987869103861,74.2% ± 1.8%,0,0,0,WISDM + 10.0,LFR,74.2% ± 1.8%,10,WISDM,Full Finetuning
TS2Vec Encoder,73.84259104728699,3.824702871221482,73.8% ± 3.8%,0,0,0,KH + 1000.0,LFR,73.8% ± 3.8%,1000,KH,Full Finetuning
TS-TCC Encoder,73.8325277964274,2.7208436325344274,73.8% ± 2.7%,0,0,0,RW-Thigh + 1000.0,LFR,73.8% ± 2.7%,1000,RW-Thigh,Full Finetuning
IMU Transformer,73.71399203936258,5.546750367837636,73.7% ± 5.5%,0,0,0,RW-Waist + 1000.0,LFR,73.7% ± 5.5%,1000,RW-Waist,Full Finetuning
TS-TCC Encoder,73.67149591445923,1.199817613232695,73.7% ± 1.2%,0,0,0,RW-Thigh + 200.0,LFR,73.7% ± 1.2%,200,RW-Thigh,Full Finetuning
ResNet-SE-5,73.6254870891571,1.9955211226091538,73.6% ± 2.0%,0,0,0,RW-Thigh + 200.0,LFR,73.6% ± 2.0%,200,RW-Thigh,Full Finetuning
CNN-PFF,73.32077821095785,8.20686963942576,73.3% ± 8.2%,0,0,0,MS + 25.0,LFR,73.3% ± 8.2%,25,MS,Full Finetuning
TS2Vec Encoder,73.28042387962341,1.1570420276725446,73.3% ± 1.2%,0,0,0,RW-Thigh + 200.0,LFR,73.3% ± 1.2%,200,RW-Thigh,Full Finetuning
IMU Transformer,73.25800458590189,1.9774023975648611,73.3% ± 2.0%,0,0,0,MS + 25.0,LFR,73.3% ± 2.0%,25,MS,Full Finetuning
TS-TCC Encoder,72.91666666666666,4.224141680373565,72.9% ± 4.2%,0,0,0,KH + 25.0,LFR,72.9% ± 4.2%,25,KH,Full Finetuning
RNN,72.90066480636597,0.8058408346118043,72.9% ± 0.8%,0,0,0,WISDM + 25.0,LFR,72.9% ± 0.8%,25,WISDM,Full Finetuning
CNN-PFF,72.88786371548971,1.5346601272841365,72.9% ± 1.5%,0,0,0,WISDM + 50.0,LFR,72.9% ± 1.5%,50,WISDM,Full Finetuning
CNN-PFF,72.75362213452658,4.525363130008208,72.8% ± 4.5%,0,0,0,UCI + 10.0,LFR,72.8% ± 4.5%,10,UCI,Full Finetuning
ResNet-SE-5,72.70865241686502,5.862931047267724,72.7% ± 5.9%,0,0,0,WISDM + 5.0,LFR,72.7% ± 5.9%,5,WISDM,Full Finetuning
IMU Transformer,72.68518606821695,4.243124415057795,72.7% ± 4.2%,0,0,0,KH + 25.0,LFR,72.7% ± 4.2%,25,KH,Full Finetuning
CNN-PFF,72.56944378217062,3.2084315052944365,72.6% ± 3.2%,0,0,0,RW-Waist + 200.0,LFR,72.6% ± 3.2%,200,RW-Waist,Full Finetuning
IMU Transformer,72.4142332871755,3.908821409763314,72.4% ± 3.9%,0,0,0,WISDM + 25.0,LFR,72.4% ± 3.9%,25,WISDM,Full Finetuning
IMU Transformer,72.36714959144592,2.5776458202535526,72.4% ± 2.6%,0,0,0,UCI + 10.0,LFR,72.4% ± 2.6%,10,UCI,Full Finetuning
TS2Vec Encoder,72.34874765078226,3.8350946015259333,72.3% ± 3.8%,0,0,0,RW-Thigh + 1000.0,LFR,72.3% ± 3.8%,1000,RW-Thigh,Full Finetuning
ResNet-SE-5,72.33796318372092,2.285043561099776,72.3% ± 2.3%,0,0,0,RW-Waist + 1000.0,LFR,72.3% ± 2.3%,1000,RW-Waist,Full Finetuning
IMU Transformer,72.28622833887735,3.462686908730958,72.3% ± 3.5%,0,0,0,WISDM + 10.0,LFR,72.3% ± 3.5%,10,WISDM,Full Finetuning
IMU Transformer,72.24782506624857,2.7947726960074917,72.2% ± 2.8%,0,0,0,WISDM + 100.0,LFR,72.2% ± 2.8%,100,WISDM,Full Finetuning
TS2Vec Encoder,72.22222288449606,1.846342876992287,72.2% ± 1.8%,0,0,0,RW-Thigh + 100.0,LFR,72.2% ± 1.8%,100,RW-Thigh,Full Finetuning
CNN-PFF,72.13220198949179,2.6688315910344937,72.1% ± 2.7%,0,0,0,RW-Waist + 100.0,LFR,72.1% ± 2.7%,100,RW-Waist,Full Finetuning
TS2Vec Encoder,71.96502089500427,2.527617980442667,72.0% ± 2.5%,0,0,0,RW-Waist + 50.0,LFR,72.0% ± 2.5%,50,RW-Waist,Full Finetuning
TS-TCC Encoder,71.94060683250427,3.108069518489017,71.9% ± 3.1%,0,0,0,WISDM + 10.0,LFR,71.9% ± 3.1%,10,WISDM,Full Finetuning
ResNet-SE-5,71.88865741093954,3.1035440564568204,71.9% ± 3.1%,0,0,0,RW-Thigh + 25.0,LFR,71.9% ± 3.1%,25,RW-Thigh,Full Finetuning
TS-TCC Encoder,71.75925970077515,3.1314233905037456,71.8% ± 3.1%,0,0,0,KH + 1000.0,LFR,71.8% ± 3.1%,1000,KH,Full Finetuning
CNN-PFF,71.6820995012919,1.2842069105827434,71.7% ± 1.3%,0,0,0,RW-Waist + 50.0,LFR,71.7% ± 1.3%,50,RW-Waist,Full Finetuning
TS2Vec Encoder,71.40096624692282,2.8449130033842995,71.4% ± 2.8%,0,0,0,UCI + 10.0,LFR,71.4% ± 2.8%,10,UCI,Full Finetuning
TS-TCC Encoder,71.37345870335898,1.141870100603666,71.4% ± 1.1%,0,0,0,RW-Waist + 100.0,LFR,71.4% ± 1.1%,100,RW-Waist,Full Finetuning
TS-TCC Encoder,71.29629850387573,4.069073353975324,71.3% ± 4.1%,0,0,0,KH + 200.0,LFR,71.3% ± 4.1%,200,KH,Full Finetuning
TS2Vec Encoder,71.07014854749045,5.06232973729178,71.1% ± 5.1%,0,0,0,WISDM + 25.0,LFR,71.1% ± 5.1%,25,WISDM,Full Finetuning
CNN-PFF,71.06050054232279,1.7302683328386521,71.1% ± 1.7%,0,0,0,RW-Thigh + 200.0,LFR,71.1% ± 1.7%,200,RW-Thigh,Full Finetuning
ResNet-SE-5,71.02599541346231,1.0759952059178224,71.0% ± 1.1%,0,0,0,RW-Thigh + 1000.0,LFR,71.0% ± 1.1%,1000,RW-Thigh,Full Finetuning
TS-TCC Encoder,71.00051442782083,1.2832384454612566,71.0% ± 1.3%,0,0,0,RW-Waist + 1000.0,LFR,71.0% ± 1.3%,1000,RW-Waist,Full Finetuning
ResNet-SE-5,70.64043084780374,3.26157184066864,70.6% ± 3.3%,0,0,0,RW-Waist + 25.0,LFR,70.6% ± 3.3%,25,RW-Waist,Full Finetuning
CNN-PFF,70.5889105796814,1.248131229423226,70.6% ± 1.2%,0,0,0,RW-Thigh + 100.0,LFR,70.6% ± 1.2%,100,RW-Thigh,Full Finetuning
TS-TCC Encoder,70.53140004475912,2.553083578791351,70.5% ± 2.6%,0,0,0,UCI + 10.0,LFR,70.5% ± 2.6%,10,UCI,Full Finetuning
ResNet-SE-5,70.45088609059653,2.4893384284577826,70.5% ± 2.5%,0,0,0,RW-Thigh + 100.0,LFR,70.5% ± 2.5%,100,RW-Thigh,Full Finetuning
IMU Transformer,70.37037213643393,3.824702149733836,70.4% ± 3.8%,0,0,0,KH + 50.0,LFR,70.4% ± 3.8%,50,KH,Full Finetuning
CNN-PFF,70.31285762786865,2.8042471699651816,70.3% ± 2.8%,0,0,0,RW-Thigh + 50.0,LFR,70.3% ± 2.8%,50,RW-Thigh,Full Finetuning
ResNet-SE-5,70.28035124142966,4.313804779826438,70.3% ± 4.3%,0,0,0,RW-Waist + 100.0,LFR,70.3% ± 4.3%,100,RW-Waist,Full Finetuning
CNN-PFF,70.27835249900818,2.877590830255155,70.3% ± 2.9%,0,0,0,RW-Thigh + 1000.0,LFR,70.3% ± 2.9%,1000,RW-Thigh,Full Finetuning
TS-TCC Encoder,70.23234367370605,3.1592511281912032,70.2% ± 3.2%,0,0,0,RW-Thigh + 100.0,LFR,70.2% ± 3.2%,100,RW-Thigh,Full Finetuning
IMU Transformer,70.13888955116272,8.533475175607762,70.1% ± 8.5%,0,0,0,KH + 10.0,LFR,70.1% ± 8.5%,10,KH,Full Finetuning
TS2Vec Encoder,69.89878018697104,2.322560738033664,69.9% ± 2.3%,0,0,0,RW-Thigh + 50.0,LFR,69.9% ± 2.3%,50,RW-Thigh,Full Finetuning
TS-TCC Encoder,69.80676452318826,2.8244823032936694,69.8% ± 2.8%,0,0,0,RW-Thigh + 50.0,LFR,69.8% ± 2.8%,50,RW-Thigh,Full Finetuning
ResNet-SE-5,69.6759263674418,7.649401233145819,69.7% ± 7.6%,0,0,0,KH + 10.0,LFR,69.7% ± 7.6%,10,KH,Full Finetuning
TS-TCC Encoder,69.6759263674418,1.4455992145203242,69.7% ± 1.4%,0,0,0,KH + 100.0,LFR,69.7% ± 1.4%,100,KH,Full Finetuning
TS-TCC Encoder,69.5730447769165,1.7886131214583914,69.6% ± 1.8%,0,0,0,RW-Waist + 200.0,LFR,69.6% ± 1.8%,200,RW-Waist,Full Finetuning
ResNet-SE-5,69.44444378217062,2.08333432674479,69.4% ± 2.1%,0,0,0,KH + 5.0,LFR,69.4% ± 2.1%,5,KH,Full Finetuning
ResNet-SE-5,69.41872437795004,3.452519029093866,69.4% ± 3.5%,0,0,0,RW-Waist + 200.0,LFR,69.4% ± 3.5%,200,RW-Waist,Full Finetuning
TS-TCC Encoder,69.07150348027548,0.09709296398465952,69.1% ± 0.1%,0,0,0,RW-Waist + 50.0,LFR,69.1% ± 0.1%,50,RW-Waist,Full Finetuning
TS2Vec Encoder,68.75,5.007712492673352,68.8% ± 5.0%,0,0,0,KH + 200.0,LFR,68.8% ± 5.0%,200,KH,Full Finetuning
TS2Vec Encoder,68.62203677495322,2.7936102228348214,68.6% ± 2.8%,0,0,0,RW-Thigh + 25.0,LFR,68.6% ± 2.8%,25,RW-Thigh,Full Finetuning
IMU Transformer,68.51851741472879,8.108462523587722,68.5% ± 8.1%,0,0,0,KH + 200.0,LFR,68.5% ± 8.1%,200,KH,Full Finetuning
RNN,68.35748751958212,7.217819478741366,68.4% ± 7.2%,0,0,0,UCI + 25.0,LFR,68.4% ± 7.2%,25,UCI,Full Finetuning
RNN,68.3344841003418,1.070445519798989,68.3% ± 1.1%,0,0,0,RW-Thigh + 1000.0,LFR,68.3% ± 1.1%,1000,RW-Thigh,Full Finetuning
TS2Vec Encoder,68.28703681627908,11.564810896047927,68.3% ± 11.6%,0,0,0,KH + 100.0,LFR,68.3% ± 11.6%,100,KH,Full Finetuning
CNN-PFF,68.20276578267416,3.5868783293794047,68.2% ± 3.6%,0,0,0,WISDM + 25.0,LFR,68.2% ± 3.6%,25,WISDM,Full Finetuning
TS-TCC Encoder,68.16195249557495,6.2746299639917344,68.2% ± 6.3%,0,0,0,RW-Thigh + 25.0,LFR,68.2% ± 6.3%,25,RW-Thigh,Full Finetuning
CNN-PFF,68.05555621782938,1.4143756721396525,68.1% ± 1.4%,0,0,0,RW-Waist + 1000.0,LFR,68.1% ± 1.4%,1000,RW-Waist,Full Finetuning
CNN-PFF,67.7340547243754,1.5668191974059598,67.7% ± 1.6%,0,0,0,RW-Waist + 25.0,LFR,67.7% ± 1.6%,25,RW-Waist,Full Finetuning
CNN-PFF,67.7294691403707,4.502873646626666,67.7% ± 4.5%,0,0,0,UCI + 5.0,LFR,67.7% ± 4.5%,5,UCI,Full Finetuning
TS2Vec Encoder,67.59259303410849,1.157405972482053,67.6% ± 1.2%,0,0,0,RW-Waist + 25.0,LFR,67.6% ± 1.2%,25,RW-Waist,Full Finetuning
TS-TCC Encoder,67.51412550608316,1.5840490723620915,67.5% ± 1.6%,0,0,0,MS + 10.0,LFR,67.5% ± 1.6%,10,MS,Full Finetuning
RNN,67.50257213910422,0.7384176063767771,67.5% ± 0.7%,0,0,0,RW-Waist + 1000.0,LFR,67.5% ± 0.7%,1000,RW-Waist,Full Finetuning
RNN,67.42581129074097,2.4328964359117364,67.4% ± 2.4%,0,0,0,RW-Thigh + 100.0,LFR,67.4% ± 2.4%,100,RW-Thigh,Full Finetuning
RNN,67.41430958112082,3.1431936013174413,67.4% ± 3.1%,0,0,0,RW-Thigh + 200.0,LFR,67.4% ± 3.1%,200,RW-Thigh,Full Finetuning
TS-TCC Encoder,67.3353910446167,1.7452343941097057,67.3% ± 1.7%,0,0,0,RW-Waist + 25.0,LFR,67.3% ± 1.7%,25,RW-Waist,Full Finetuning
CNN-PFF,67.27628310521445,8.321185933490396,67.3% ± 8.3%,0,0,0,RW-Thigh + 25.0,LFR,67.3% ± 8.3%,25,RW-Thigh,Full Finetuning
IMU Transformer,66.95652206738791,8.804870925111691,67.0% ± 8.8%,0,0,0,UCI + 5.0,LFR,67.0% ± 8.8%,5,UCI,Full Finetuning
RNN,66.85499151547751,3.618809359367979,66.9% ± 3.6%,0,0,0,MS + 25.0,LFR,66.9% ± 3.6%,25,MS,Full Finetuning
ResNet-SE-5,66.60236517588297,3.936383110079824,66.6% ± 3.9%,0,0,0,RW-Waist + 50.0,LFR,66.6% ± 3.9%,50,RW-Waist,Full Finetuning
IMU Transformer,66.25863313674927,5.34101082807076,66.3% ± 5.3%,0,0,0,MS + 10.0,LFR,66.3% ± 5.3%,10,MS,Full Finetuning
ResNet-SE-5,66.20370348294577,5.303905031067063,66.2% ± 5.3%,0,0,0,KH + 1000.0,LFR,66.2% ± 5.3%,1000,KH,Full Finetuning
RNN,66.03942712148032,5.358808163522706,66.0% ± 5.4%,0,0,0,WISDM + 5.0,LFR,66.0% ± 5.4%,5,WISDM,Full Finetuning
IMU Transformer,66.02366169293722,3.2750833787806752,66.0% ± 3.3%,0,0,0,RW-Waist + 200.0,LFR,66.0% ± 3.3%,200,RW-Waist,Full Finetuning
IMU Transformer,65.41218558947244,8.218245288851502,65.4% ± 8.2%,0,0,0,WISDM + 5.0,LFR,65.4% ± 8.2%,5,WISDM,Full Finetuning
IMU Transformer,64.94036515553793,4.82007641948923,64.9% ± 4.8%,0,0,0,MS + 5.0,LFR,64.9% ± 4.8%,5,MS,Full Finetuning
RNN,64.75051244099936,3.1617750650088183,64.8% ± 3.2%,0,0,0,RW-Waist + 200.0,LFR,64.8% ± 3.2%,200,RW-Waist,Full Finetuning
RNN,64.6422823270162,2.771355976459035,64.6% ± 2.8%,0,0,0,RW-Thigh + 50.0,LFR,64.6% ± 2.8%,50,RW-Thigh,Full Finetuning
RNN,63.97891044616699,1.5200476056618613,64.0% ± 1.5%,0,0,0,RW-Waist + 50.0,LFR,64.0% ± 1.5%,50,RW-Waist,Full Finetuning
ResNet-SE-5,63.87602686882019,2.5252636403921414,63.9% ± 2.5%,0,0,0,RW-Waist + 10.0,LFR,63.9% ± 2.5%,10,RW-Waist,Full Finetuning
TS2Vec Encoder,63.67149750391642,4.855251851568389,63.7% ± 4.9%,0,0,0,UCI + 5.0,LFR,63.7% ± 4.9%,5,UCI,Full Finetuning
ResNet-SE-5,62.99516757329305,5.755892625879562,63.0% ± 5.8%,0,0,0,UCI + 1.0,LFR,63.0% ± 5.8%,1,UCI,Full Finetuning
TS-TCC Encoder,62.97582189242045,2.1495587003002607,63.0% ± 2.1%,0,0,0,RW-Waist + 10.0,LFR,63.0% ± 2.1%,10,RW-Waist,Full Finetuning
ResNet-SE-5,62.962961196899414,5.906182234019188,63.0% ± 5.9%,0,0,0,KH + 25.0,LFR,63.0% ± 5.9%,25,KH,Full Finetuning
ResNet-SE-5,62.7314825852712,5.258247564529235,62.7% ± 5.3%,0,0,0,KH + 200.0,LFR,62.7% ± 5.3%,200,KH,Full Finetuning
TS-TCC Encoder,62.5,4.336803370189378,62.5% ± 4.3%,0,0,0,KH + 10.0,LFR,62.5% ± 4.3%,10,KH,Full Finetuning
RNN,62.456866105397545,4.161868663598179,62.5% ± 4.2%,0,0,0,RW-Thigh + 25.0,LFR,62.5% ± 4.2%,25,RW-Thigh,Full Finetuning
RNN,62.33281890551249,1.0180605377299659,62.3% ± 1.0%,0,0,0,RW-Waist + 100.0,LFR,62.3% ± 1.0%,100,RW-Waist,Full Finetuning
TS-TCC Encoder,62.31883962949117,1.5130877103676141,62.3% ± 1.5%,0,0,0,UCI + 5.0,LFR,62.3% ± 1.5%,5,UCI,Full Finetuning
RNN,62.075616916020714,3.280003137531774,62.1% ± 3.3%,0,0,0,RW-Waist + 25.0,LFR,62.1% ± 3.3%,25,RW-Waist,Full Finetuning
ResNet-SE-5,61.548193295796715,1.6657514118046561,61.5% ± 1.7%,0,0,0,RW-Thigh + 10.0,LFR,61.5% ± 1.7%,10,RW-Thigh,Full Finetuning
ResNet-SE-5,61.51914795239767,9.494183413349772,61.5% ± 9.5%,0,0,0,MS + 1.0,LFR,61.5% ± 9.5%,1,MS,Full Finetuning
ResNet-SE-5,61.291152238845825,7.518431481293272,61.3% ± 7.5%,0,0,0,RW-Waist + 5.0,LFR,61.3% ± 7.5%,5,RW-Waist,Full Finetuning
IMU Transformer,60.52449941635132,10.574952293081683,60.5% ± 10.6%,0,0,0,RW-Thigh + 25.0,LFR,60.5% ± 10.6%,25,RW-Thigh,Full Finetuning
IMU Transformer,60.45548518498739,7.368664071633696,60.5% ± 7.4%,0,0,0,RW-Thigh + 1000.0,LFR,60.5% ± 7.4%,1000,RW-Thigh,Full Finetuning
CNN-PFF,60.442386070887245,3.2318499229974864,60.4% ± 3.2%,0,0,0,RW-Waist + 10.0,LFR,60.4% ± 3.2%,10,RW-Waist,Full Finetuning
IMU Transformer,60.17232537269592,8.187138889717694,60.2% ± 8.2%,0,0,0,RW-Waist + 100.0,LFR,60.2% ± 8.2%,100,RW-Waist,Full Finetuning
ResNet-SE-5,59.95370348294576,5.9061793139064545,60.0% ± 5.9%,0,0,0,KH + 50.0,LFR,60.0% ± 5.9%,50,KH,Full Finetuning
IMU Transformer,59.91512139638265,1.1771712640801364,59.9% ± 1.2%,0,0,0,RW-Waist + 50.0,LFR,59.9% ± 1.2%,50,RW-Waist,Full Finetuning
RNN,59.75845456123352,5.0294947295330665,59.8% ± 5.0%,0,0,0,UCI + 10.0,LFR,59.8% ± 5.0%,10,UCI,Full Finetuning
ResNet-SE-5,59.49074029922485,0.40093615748134204,59.5% ± 0.4%,0,0,0,KH + 100.0,LFR,59.5% ± 0.4%,100,KH,Full Finetuning
IMU Transformer,59.2707614103953,7.127613072462186,59.3% ± 7.1%,0,0,0,RW-Thigh + 50.0,LFR,59.3% ± 7.1%,50,RW-Thigh,Full Finetuning
IMU Transformer,59.15573835372925,5.622168767643119,59.2% ± 5.6%,0,0,0,RW-Thigh + 100.0,LFR,59.2% ± 5.6%,100,RW-Thigh,Full Finetuning
CNN-PFF,59.027777115503945,9.342792729596393,59.0% ± 9.3%,0,0,0,KH + 50.0,LFR,59.0% ± 9.3%,50,KH,Full Finetuning
RNN,59.00816122690836,4.388726937726799,59.0% ± 4.4%,0,0,0,MS + 10.0,LFR,59.0% ± 4.4%,10,MS,Full Finetuning
TS-TCC Encoder,58.56481393178304,1.4456025550546374,58.6% ± 1.4%,0,0,0,KH + 5.0,LFR,58.6% ± 1.4%,5,KH,Full Finetuning
CNN-PFF,58.53814681371053,2.3096861614662565,58.5% ± 2.3%,0,0,0,WISDM + 10.0,LFR,58.5% ± 2.3%,10,WISDM,Full Finetuning
TS-TCC Encoder,58.359054724375405,2.114652196215797,58.4% ± 2.1%,0,0,0,RW-Waist + 5.0,LFR,58.4% ± 2.1%,5,RW-Waist,Full Finetuning
RNN,58.30917755762736,5.662074524314041,58.3% ± 5.7%,0,0,0,UCI + 5.0,LFR,58.3% ± 5.7%,5,UCI,Full Finetuning
TS2Vec Encoder,57.87037014961243,6.301232275037936,57.9% ± 6.3%,0,0,0,KH + 25.0,LFR,57.9% ± 6.3%,25,KH,Full Finetuning
RNN,57.40740895271301,2.8065634261967056,57.4% ± 2.8%,0,0,0,KH + 100.0,LFR,57.4% ± 2.8%,100,KH,Full Finetuning
IMU Transformer,57.40740696589152,5.303905031067063,57.4% ± 5.3%,0,0,0,KH + 5.0,LFR,57.4% ± 5.3%,5,KH,Full Finetuning
CNN-PFF,57.22736716270447,2.4647115583673584,57.2% ± 2.5%,0,0,0,RW-Waist + 5.0,LFR,57.2% ± 2.5%,5,RW-Waist,Full Finetuning
ResNet-SE-5,57.200369238853455,9.695443244969118,57.2% ± 9.7%,0,0,0,RW-Thigh + 5.0,LFR,57.2% ± 9.7%,5,RW-Thigh,Full Finetuning
TS-TCC Encoder,57.10445245107015,3.670599234460465,57.1% ± 3.7%,0,0,0,WISDM + 5.0,LFR,57.1% ± 3.7%,5,WISDM,Full Finetuning
RNN,56.944443782170616,6.364688248436547,56.9% ± 6.4%,0,0,0,KH + 200.0,LFR,56.9% ± 6.4%,200,KH,Full Finetuning
IMU Transformer,56.80298407872518,4.746520773867255,56.8% ± 4.7%,0,0,0,RW-Waist + 25.0,LFR,56.8% ± 4.7%,25,RW-Waist,Full Finetuning
TS2Vec Encoder,56.33640686670939,17.665507415131373,56.3% ± 17.7%,0,0,0,WISDM + 10.0,LFR,56.3% ± 17.7%,10,WISDM,Full Finetuning
RNN,56.25,1.3888895511627197,56.2% ± 1.4%,0,0,0,KH + 25.0,LFR,56.2% ± 1.4%,25,KH,Full Finetuning
RNN,56.01851940155029,3.1314233905037456,56.0% ± 3.1%,0,0,0,KH + 10.0,LFR,56.0% ± 3.1%,10,KH,Full Finetuning
RNN,56.01851940155029,3.1314233905037456,56.0% ± 3.1%,0,0,0,KH + 50.0,LFR,56.0% ± 3.1%,50,KH,Full Finetuning
TS-TCC Encoder,55.084747076034546,1.993032349318058,55.1% ± 2.0%,0,0,0,MS + 5.0,LFR,55.1% ± 2.0%,5,MS,Full Finetuning
RNN,54.86111044883728,1.3888895511627197,54.9% ± 1.4%,0,0,0,KH + 1000.0,LFR,54.9% ± 1.4%,1000,KH,Full Finetuning
IMU Transformer,54.646883408228554,5.74721301804675,54.6% ± 5.7%,0,0,0,RW-Thigh + 200.0,LFR,54.6% ± 5.7%,200,RW-Thigh,Full Finetuning
CNN-PFF,54.488385717074074,9.699290985960763,54.5% ± 9.7%,0,0,0,MS + 10.0,LFR,54.5% ± 9.7%,10,MS,Full Finetuning
TS-TCC Encoder,54.47434981664022,2.765123498512657,54.5% ± 2.8%,0,0,0,RW-Thigh + 10.0,LFR,54.5% ± 2.8%,10,RW-Thigh,Full Finetuning
RNN,54.36283747355143,3.154543071465146,54.4% ± 3.2%,0,0,0,MS + 5.0,LFR,54.4% ± 3.2%,5,MS,Full Finetuning
TS2Vec Encoder,54.15380597114563,4.413915231053527,54.2% ± 4.4%,0,0,0,RW-Waist + 10.0,LFR,54.2% ± 4.4%,10,RW-Waist,Full Finetuning
RNN,53.24074228604635,0.8018757562384546,53.2% ± 0.8%,0,0,0,KH + 5.0,LFR,53.2% ± 0.8%,5,KH,Full Finetuning
TS2Vec Encoder,53.174603978792824,4.785227108287705,53.2% ± 4.8%,0,0,0,RW-Thigh + 10.0,LFR,53.2% ± 4.8%,10,RW-Thigh,Full Finetuning
RNN,53.140097856521606,3.0896381758812357,53.1% ± 3.1%,0,0,0,RW-Thigh + 10.0,LFR,53.1% ± 3.1%,10,RW-Thigh,Full Finetuning
ResNet-SE-5,53.00819277763367,5.818488111579854,53.0% ± 5.8%,0,0,0,WISDM + 1.0,LFR,53.0% ± 5.8%,1,WISDM,Full Finetuning
TS2Vec Encoder,52.54629651705424,13.035100443829636,52.5% ± 13.0%,0,0,0,KH + 50.0,LFR,52.5% ± 13.0%,50,KH,Full Finetuning
TS2Vec Encoder,52.31481591860453,10.63052084351157,52.3% ± 10.6%,0,0,0,KH + 10.0,LFR,52.3% ± 10.6%,10,KH,Full Finetuning
IMU Transformer,52.07729538281759,13.030858843600443,52.1% ± 13.0%,0,0,0,UCI + 1.0,LFR,52.1% ± 13.0%,1,UCI,Full Finetuning
ResNet-SE-5,51.91615124543508,5.094978878105727,51.9% ± 5.1%,0,0,0,RW-Waist + 1.0,LFR,51.9% ± 5.1%,1,RW-Waist,Full Finetuning
IMU Transformer,51.530349254608154,3.2882336670576864,51.5% ± 3.3%,0,0,0,RW-Waist + 10.0,LFR,51.5% ± 3.3%,10,RW-Waist,Full Finetuning
IMU Transformer,51.47227942943573,12.01726699490551,51.5% ± 12.0%,0,0,0,RW-Thigh + 10.0,LFR,51.5% ± 12.0%,10,RW-Thigh,Full Finetuning
CNN-PFF,51.357258359591164,5.14556726267995,51.4% ± 5.1%,0,0,0,RW-Thigh + 10.0,LFR,51.4% ± 5.1%,10,RW-Thigh,Full Finetuning
TS-TCC Encoder,51.280081272125244,3.7830479752721935,51.3% ± 3.8%,0,0,0,WISDM + 1.0,LFR,51.3% ± 3.8%,1,WISDM,Full Finetuning
CNN-PFF,51.15941961606344,5.920781124907946,51.2% ± 5.9%,0,0,0,UCI + 1.0,LFR,51.2% ± 5.9%,1,UCI,Full Finetuning
RNN,50.55043498675028,4.115039838760745,50.6% ± 4.1%,0,0,0,WISDM + 1.0,LFR,50.6% ± 4.1%,1,WISDM,Full Finetuning
RNN,49.935700496037796,1.7940155133563445,49.9% ± 1.8%,0,0,0,RW-Waist + 10.0,LFR,49.9% ± 1.8%,10,RW-Waist,Full Finetuning
IMU Transformer,49.729938308397934,0.9918939156138284,49.7% ± 1.0%,0,0,0,RW-Waist + 5.0,LFR,49.7% ± 1.0%,5,RW-Waist,Full Finetuning
IMU Transformer,49.07407363255818,6.067289004826602,49.1% ± 6.1%,0,0,0,KH + 1.0,LFR,49.1% ± 6.1%,1,KH,Full Finetuning
TS2Vec Encoder,48.84259104728699,6.851226041028349,48.8% ± 6.9%,0,0,0,KH + 5.0,LFR,48.8% ± 6.9%,5,KH,Full Finetuning
IMU Transformer,48.73271882534027,6.569291578504247,48.7% ± 6.6%,0,0,0,WISDM + 1.0,LFR,48.7% ± 6.6%,1,WISDM,Full Finetuning
RNN,48.5853910446167,2.1678286981715527,48.6% ± 2.2%,0,0,0,RW-Waist + 5.0,LFR,48.6% ± 2.2%,5,RW-Waist,Full Finetuning
TS-TCC Encoder,48.573729395866394,2.6577521577924563,48.6% ± 2.7%,0,0,0,RW-Thigh + 5.0,LFR,48.6% ± 2.7%,5,RW-Thigh,Full Finetuning
TS2Vec Encoder,48.36677014827728,7.695993887041156,48.4% ± 7.7%,0,0,0,RW-Waist + 5.0,LFR,48.4% ± 7.7%,5,RW-Waist,Full Finetuning
TS2Vec Encoder,47.23791579405467,20.110212620393128,47.2% ± 20.1%,0,0,0,MS + 10.0,LFR,47.2% ± 20.1%,10,MS,Full Finetuning
CNN-PFF,47.22797373930614,12.585499867110684,47.2% ± 12.6%,0,0,0,RW-Thigh + 5.0,LFR,47.2% ± 12.6%,5,RW-Thigh,Full Finetuning
ResNet-SE-5,47.22222189108531,3.182344124218274,47.2% ± 3.2%,0,0,0,KH + 1.0,LFR,47.2% ± 3.2%,1,KH,Full Finetuning
IMU Transformer,46.92404270172119,2.39203595005937,46.9% ± 2.4%,0,0,0,MS + 1.0,LFR,46.9% ± 2.4%,1,MS,Full Finetuning
TS2Vec Encoder,46.63338363170624,16.96729506503462,46.6% ± 17.0%,0,0,0,WISDM + 5.0,LFR,46.6% ± 17.0%,5,WISDM,Full Finetuning
CNN-PFF,45.83333333333333,5.2429387379227625,45.8% ± 5.2%,0,0,0,KH + 100.0,LFR,45.8% ± 5.2%,100,KH,Full Finetuning
TS2Vec Encoder,45.009416341781616,5.033042394400171,45.0% ± 5.0%,0,0,0,MS + 5.0,LFR,45.0% ± 5.0%,5,MS,Full Finetuning
IMU Transformer,44.90453203519185,12.394788476205134,44.9% ± 12.4%,0,0,0,RW-Thigh + 5.0,LFR,44.9% ± 12.4%,5,RW-Thigh,Full Finetuning
TS-TCC Encoder,44.830917318662,1.4589063965446454,44.8% ± 1.5%,0,0,0,UCI + 1.0,LFR,44.8% ± 1.5%,1,UCI,Full Finetuning
TS2Vec Encoder,44.72606182098389,12.003721128064866,44.7% ± 12.0%,0,0,0,WISDM + 1.0,LFR,44.7% ± 12.0%,1,WISDM,Full Finetuning
TS-TCC Encoder,44.67592537403107,2.232325929804658,44.7% ± 2.2%,0,0,0,KH + 1.0,LFR,44.7% ± 2.2%,1,KH,Full Finetuning
CNN-PFF,43.10035904248555,17.90050203972778,43.1% ± 17.9%,0,0,0,WISDM + 5.0,LFR,43.1% ± 17.9%,5,WISDM,Full Finetuning
TS2Vec Encoder,42.898551623026535,14.356606734448896,42.9% ± 14.4%,0,0,0,UCI + 1.0,LFR,42.9% ± 14.4%,1,UCI,Full Finetuning
RNN,42.843691507975265,0.43150481160876336,42.8% ± 0.4%,0,0,0,MS + 1.0,LFR,42.8% ± 0.4%,1,MS,Full Finetuning
CNN-PFF,42.8240751226743,22.8675122906281,42.8% ± 22.9%,0,0,0,KH + 1000.0,LFR,42.8% ± 22.9%,1000,KH,Full Finetuning
CNN-PFF,42.65232980251312,8.629224260714045,42.7% ± 8.6%,0,0,0,WISDM + 1.0,LFR,42.7% ± 8.6%,1,WISDM,Full Finetuning
RNN,42.07729498545329,3.7072374541380793,42.1% ± 3.7%,0,0,0,UCI + 1.0,LFR,42.1% ± 3.7%,1,UCI,Full Finetuning
TS2Vec Encoder,41.93696876366933,7.172164343444008,41.9% ± 7.2%,0,0,0,RW-Thigh + 5.0,LFR,41.9% ± 7.2%,5,RW-Thigh,Full Finetuning
CNN-PFF,41.02322657903035,14.625852665498027,41.0% ± 14.6%,0,0,0,MS + 5.0,LFR,41.0% ± 14.6%,5,MS,Full Finetuning
RNN,40.97222189108531,8.187378605778612,41.0% ± 8.2%,0,0,0,KH + 1.0,LFR,41.0% ± 8.2%,1,KH,Full Finetuning
RNN,40.31635820865631,3.717143559913177,40.3% ± 3.7%,0,0,0,RW-Waist + 1.0,LFR,40.3% ± 3.7%,1,RW-Waist,Full Finetuning
IMU Transformer,38.90174825986226,1.9445103380070754,38.9% ± 1.9%,0,0,0,RW-Waist + 1.0,LFR,38.9% ± 1.9%,1,RW-Waist,Full Finetuning
TS-TCC Encoder,38.40020696322124,8.132413566454746,38.4% ± 8.1%,0,0,0,RW-Waist + 1.0,LFR,38.4% ± 8.1%,1,RW-Waist,Full Finetuning
RNN,38.38279346625011,7.81970124710887,38.4% ± 7.8%,0,0,0,RW-Thigh + 5.0,LFR,38.4% ± 7.8%,5,RW-Thigh,Full Finetuning
CNN-PFF,37.962963680426284,21.181504639642473,38.0% ± 21.2%,0,0,0,KH + 25.0,LFR,38.0% ± 21.2%,25,KH,Full Finetuning
CNN-PFF,37.9629631837209,4.877616833855006,38.0% ± 4.9%,0,0,0,KH + 5.0,LFR,38.0% ± 4.9%,5,KH,Full Finetuning
ResNet-SE-5,37.911203503608704,5.333727718892327,37.9% ± 5.3%,0,0,0,RW-Thigh + 1.0,LFR,37.9% ± 5.3%,1,RW-Thigh,Full Finetuning
TS-TCC Encoder,36.66038910547893,1.3460011212614575,36.7% ± 1.3%,0,0,0,MS + 1.0,LFR,36.7% ± 1.3%,1,MS,Full Finetuning
CNN-PFF,36.11111144224803,10.015418786088928,36.1% ± 10.0%,0,0,0,KH + 200.0,LFR,36.1% ± 10.0%,200,KH,Full Finetuning
CNN-PFF,35.40489574273427,12.498026650165022,35.4% ± 12.5%,0,0,0,MS + 1.0,LFR,35.4% ± 12.5%,1,MS,Full Finetuning
CNN-PFF,35.18518408139546,0.4009378781192273,35.2% ± 0.4%,0,0,0,KH + 10.0,LFR,35.2% ± 0.4%,10,KH,Full Finetuning
CNN-PFF,34.375,10.73633565640321,34.4% ± 10.7%,0,0,0,RW-Waist + 1.0,LFR,34.4% ± 10.7%,1,RW-Waist,Full Finetuning
CNN-PFF,33.56481492519379,13.720038820420433,33.6% ± 13.7%,0,0,0,KH + 1.0,LFR,33.6% ± 13.7%,1,KH,Full Finetuning
RNN,33.057280381520584,3.6804122546853,33.1% ± 3.7%,0,0,0,RW-Thigh + 1.0,LFR,33.1% ± 3.7%,1,RW-Thigh,Full Finetuning
TS-TCC Encoder,31.44697447617848,13.98985851106474,31.4% ± 14.0%,0,0,0,RW-Thigh + 1.0,LFR,31.4% ± 14.0%,1,RW-Thigh,Full Finetuning
IMU Transformer,30.561306575934093,7.129953679438921,30.6% ± 7.1%,0,0,0,RW-Thigh + 1.0,LFR,30.6% ± 7.1%,1,RW-Thigh,Full Finetuning
CNN-PFF,30.009201169013977,9.797026200301259,30.0% ± 9.8%,0,0,0,RW-Thigh + 1.0,LFR,30.0% ± 9.8%,1,RW-Thigh,Full Finetuning
TS2Vec Encoder,25.141242643197376,8.676705793513023,25.1% ± 8.7%,0,0,0,MS + 1.0,LFR,25.1% ± 8.7%,1,MS,Full Finetuning
TS2Vec Encoder,23.611111442248024,3.866503267638903,23.6% ± 3.9%,0,0,0,KH + 1.0,LFR,23.6% ± 3.9%,1,KH,Full Finetuning
TS2Vec Encoder,23.315328856309254,1.106341108886128,23.3% ± 1.1%,0,0,0,RW-Waist + 1.0,LFR,23.3% ± 1.1%,1,RW-Waist,Full Finetuning
TS2Vec Encoder,16.62065784136454,0.2934746326197949,16.6% ± 0.3%,0,0,0,RW-Thigh + 1.0,LFR,16.6% ± 0.3%,1,RW-Thigh,Full Finetuning
ResNet-SE-5,95.36231954892477,0.8815580089915027,95.4% ± 0.9%,0,0,0,UCI + 1000.0,Diet,95.4% ± 0.9%,1000,UCI,Full Finetuning
TS2Vec Encoder,94.29951508839926,1.8914756630678191,94.3% ± 1.9%,0,0,0,UCI + 1000.0,Diet,94.3% ± 1.9%,1000,UCI,Full Finetuning
TS2Vec Encoder,94.09918387730917,2.3338758910755977,94.1% ± 2.3%,0,0,0,MS + 1000.0,Diet,94.1% ± 2.3%,1000,MS,Full Finetuning
ResNet-SE-5,92.99517075220743,0.4427612213537096,93.0% ± 0.4%,0,0,0,UCI + 200.0,Diet,93.0% ± 0.4%,200,UCI,Full Finetuning
TS2Vec Encoder,92.81230370203653,1.2853498252762436,92.8% ± 1.3%,0,0,0,MS + 200.0,Diet,92.8% ± 1.3%,200,MS,Full Finetuning
TS2Vec Encoder,92.56038467089334,1.1069020778706906,92.6% ± 1.1%,0,0,0,UCI + 200.0,Diet,92.6% ± 1.1%,200,UCI,Full Finetuning
TS-TCC Encoder,91.35265747706094,1.5963979256314285,91.4% ± 1.6%,0,0,0,UCI + 1000.0,Diet,91.4% ± 1.6%,1000,UCI,Full Finetuning
TS2Vec Encoder,90.57971040407816,1.0144919157042789,90.6% ± 1.0%,0,0,0,UCI + 100.0,Diet,90.6% ± 1.0%,100,UCI,Full Finetuning
CNN-PFF,88.93719911575317,1.7290348035217236,88.9% ± 1.7%,0,0,0,UCI + 1000.0,Diet,88.9% ± 1.7%,1000,UCI,Full Finetuning
ResNet-SE-5,88.79227042198181,1.8120759719609545,88.8% ± 1.8%,0,0,0,UCI + 100.0,Diet,88.8% ± 1.8%,100,UCI,Full Finetuning
TS2Vec Encoder,88.68407607078552,1.1085829005691625,88.7% ± 1.1%,0,0,0,WISDM + 1000.0,Diet,88.7% ± 1.1%,1000,WISDM,Full Finetuning
TS2Vec Encoder,87.79033422470093,3.724260222019607,87.8% ± 3.7%,0,0,0,MS + 100.0,Diet,87.8% ± 3.7%,100,MS,Full Finetuning
ResNet-SE-5,87.3913049697876,0.9050736758851261,87.4% ± 0.9%,0,0,0,UCI + 50.0,Diet,87.4% ± 0.9%,50,UCI,Full Finetuning
CNN-PFF,86.9114875793457,3.383285672737304,86.9% ± 3.4%,0,0,0,MS + 1000.0,Diet,86.9% ± 3.4%,1000,MS,Full Finetuning
TS-TCC Encoder,86.77675326665243,1.3304871643775331,86.8% ± 1.3%,0,0,0,WISDM + 1000.0,Diet,86.8% ± 1.3%,1000,WISDM,Full Finetuning
TS-TCC Encoder,86.40929063161215,0.7129849709855618,86.4% ± 0.7%,0,0,0,MS + 200.0,Diet,86.4% ± 0.7%,200,MS,Full Finetuning
ResNet-SE-5,85.93189915021262,0.4801569839537609,85.9% ± 0.5%,0,0,0,WISDM + 1000.0,Diet,85.9% ± 0.5%,1000,WISDM,Full Finetuning
ResNet-SE-5,85.59322158495584,2.4912915630698196,85.6% ± 2.5%,0,0,0,MS + 1000.0,Diet,85.6% ± 2.5%,1000,MS,Full Finetuning
TS-TCC Encoder,84.93408759435019,3.835295108888338,84.9% ± 3.8%,0,0,0,MS + 1000.0,Diet,84.9% ± 3.8%,1000,MS,Full Finetuning
CNN-PFF,84.68599120775858,3.406054418501748,84.7% ± 3.4%,0,0,0,UCI + 200.0,Diet,84.7% ± 3.4%,200,UCI,Full Finetuning
TS2Vec Encoder,84.49275493621826,2.9736643545597428,84.5% ± 3.0%,0,0,0,UCI + 50.0,Diet,84.5% ± 3.0%,50,UCI,Full Finetuning
TS-TCC Encoder,84.49275493621826,1.470853851717097,84.5% ± 1.5%,0,0,0,UCI + 200.0,Diet,84.5% ± 1.5%,200,UCI,Full Finetuning
TS-TCC Encoder,84.08662676811218,2.7111453201795777,84.1% ± 2.7%,0,0,0,MS + 100.0,Diet,84.1% ± 2.7%,100,MS,Full Finetuning
ResNet-SE-5,83.8355302810669,5.627965090883451,83.8% ± 5.6%,0,0,0,MS + 100.0,Diet,83.8% ± 5.6%,100,MS,Full Finetuning
ResNet-SE-5,83.6785932381948,2.4578517485432565,83.7% ± 2.5%,0,0,0,MS + 50.0,Diet,83.7% ± 2.5%,50,MS,Full Finetuning
ResNet-SE-5,83.61581762631735,1.0611506367652934,83.6% ± 1.1%,0,0,0,MS + 200.0,Diet,83.6% ± 1.1%,200,MS,Full Finetuning
CNN-PFF,83.427494764328,2.6914499632839153,83.4% ± 2.7%,0,0,0,MS + 200.0,Diet,83.4% ± 2.7%,200,MS,Full Finetuning
CNN-PFF,83.23092659314474,0.9725268345833411,83.2% ± 1.0%,0,0,0,WISDM + 1000.0,Diet,83.2% ± 1.0%,1000,WISDM,Full Finetuning
RNN,82.83113837242126,0.9431864938373916,82.8% ± 0.9%,0,0,0,MS + 1000.0,Diet,82.8% ± 0.9%,1000,MS,Full Finetuning
TS-TCC Encoder,82.67420132954916,0.3261847651923172,82.7% ± 0.3%,0,0,0,MS + 50.0,Diet,82.7% ± 0.3%,50,MS,Full Finetuning
TS-TCC Encoder,82.18125899632773,0.987325950773456,82.2% ± 1.0%,0,0,0,WISDM + 200.0,Diet,82.2% ± 1.0%,200,WISDM,Full Finetuning
TS2Vec Encoder,82.0464531580607,7.536684502799318,82.0% ± 7.5%,0,0,0,MS + 50.0,Diet,82.0% ± 7.5%,50,MS,Full Finetuning
CNN-PFF,81.98367754618326,2.5007647786694376,82.0% ± 2.5%,0,0,0,MS + 100.0,Diet,82.0% ± 2.5%,100,MS,Full Finetuning
ResNet-SE-5,81.40096465746561,1.0682770093583815,81.4% ± 1.1%,0,0,0,UCI + 25.0,Diet,81.4% ± 1.1%,25,UCI,Full Finetuning
ResNet-SE-5,80.91651002566019,2.3546782385594978,80.9% ± 2.4%,0,0,0,MS + 25.0,Diet,80.9% ± 2.4%,25,MS,Full Finetuning
ResNet-SE-5,80.7603677113851,2.3707110202217105,80.8% ± 2.4%,0,0,0,WISDM + 200.0,Diet,80.8% ± 2.4%,200,WISDM,Full Finetuning
TS-TCC Encoder,80.62801758448282,2.553083578791351,80.6% ± 2.6%,0,0,0,UCI + 100.0,Diet,80.6% ± 2.6%,100,UCI,Full Finetuning
TS-TCC Encoder,79.91551359494528,2.162846445007022,79.9% ± 2.2%,0,0,0,WISDM + 100.0,Diet,79.9% ± 2.2%,100,WISDM,Full Finetuning
CNN-PFF,79.90338206291199,0.8491990540055591,79.9% ± 0.8%,0,0,0,UCI + 100.0,Diet,79.9% ± 0.8%,100,UCI,Full Finetuning
TS2Vec Encoder,79.78656689325967,4.106944022440765,79.8% ± 4.1%,0,0,0,MS + 25.0,Diet,79.8% ± 4.1%,25,MS,Full Finetuning
RNN,79.75845336914062,1.7471655010767035,79.8% ± 1.7%,0,0,0,UCI + 1000.0,Diet,79.8% ± 1.7%,1000,UCI,Full Finetuning
RNN,79.66183423995972,0.7981990530004676,79.7% ± 0.8%,0,0,0,UCI + 200.0,Diet,79.7% ± 0.8%,200,UCI,Full Finetuning
ResNet-SE-5,79.23706968625388,1.8418518893712468,79.2% ± 1.8%,0,0,0,WISDM + 100.0,Diet,79.2% ± 1.8%,100,WISDM,Full Finetuning
RNN,78.72503598531088,0.855263292007198,78.7% ± 0.9%,0,0,0,WISDM + 1000.0,Diet,78.7% ± 0.9%,1000,WISDM,Full Finetuning
CNN-PFF,78.55072418848673,1.75715473733635,78.6% ± 1.8%,0,0,0,UCI + 50.0,Diet,78.6% ± 1.8%,50,UCI,Full Finetuning
TS-TCC Encoder,78.11594009399414,1.449275016784668,78.1% ± 1.4%,0,0,0,UCI + 50.0,Diet,78.1% ± 1.4%,50,UCI,Full Finetuning
CNN-PFF,77.87193854649863,4.2975407056696255,77.9% ± 4.3%,0,0,0,MS + 50.0,Diet,77.9% ± 4.3%,50,MS,Full Finetuning
RNN,77.74639129638672,0.6940792544869696,77.7% ± 0.7%,0,0,0,MS + 200.0,Diet,77.7% ± 0.7%,200,MS,Full Finetuning
ResNet-SE-5,77.31481393178305,2.806566867472477,77.3% ± 2.8%,0,0,0,KH + 200.0,Diet,77.3% ± 2.8%,200,KH,Full Finetuning
ResNet-SE-5,77.2946854432424,2.9321715154880392,77.3% ± 2.9%,0,0,0,UCI + 10.0,Diet,77.3% ± 2.9%,10,UCI,Full Finetuning
CNN-PFF,76.9457240899404,1.27038155537637,76.9% ± 1.3%,0,0,0,WISDM + 200.0,Diet,76.9% ± 1.3%,200,WISDM,Full Finetuning
TS-TCC Encoder,76.4976958433787,1.9247277380226548,76.5% ± 1.9%,0,0,0,WISDM + 50.0,Diet,76.5% ± 1.9%,50,WISDM,Full Finetuning
ResNet-SE-5,76.4595091342926,1.387093126086492,76.5% ± 1.4%,0,0,0,MS + 10.0,Diet,76.5% ± 1.4%,10,MS,Full Finetuning
ResNet-SE-5,76.38888955116272,1.3888895511627197,76.4% ± 1.4%,0,0,0,KH + 1000.0,Diet,76.4% ± 1.4%,1000,KH,Full Finetuning
TS-TCC Encoder,76.23979846636453,3.199197856951236,76.2% ± 3.2%,0,0,0,MS + 25.0,Diet,76.2% ± 3.2%,25,MS,Full Finetuning
ResNet-SE-5,76.13927125930786,1.3579123890850577,76.1% ± 1.4%,0,0,0,WISDM + 50.0,Diet,76.1% ± 1.4%,50,WISDM,Full Finetuning
ResNet-SE-5,75.92592438062033,1.0607806160100157,75.9% ± 1.1%,0,0,0,KH + 100.0,Diet,75.9% ± 1.1%,100,KH,Full Finetuning
TS2Vec Encoder,75.61728358268738,3.5095324271906687,75.6% ± 3.5%,0,0,0,RW-Waist + 1000.0,Diet,75.6% ± 3.5%,1000,RW-Waist,Full Finetuning
ResNet-SE-5,75.4096269607544,1.6634677631819816,75.4% ± 1.7%,0,0,0,WISDM + 25.0,Diet,75.4% ± 1.7%,25,WISDM,Full Finetuning
RNN,75.1207729180654,1.6797425671750636,75.1% ± 1.7%,0,0,0,UCI + 100.0,Diet,75.1% ± 1.7%,100,UCI,Full Finetuning
IMU Transformer,74.85875686009726,0.4315044864442816,74.9% ± 0.4%,0,0,0,MS + 1000.0,Diet,74.9% ± 0.4%,1000,MS,Full Finetuning
IMU Transformer,74.71838196118674,3.9448744467536363,74.7% ± 3.9%,0,0,0,WISDM + 25.0,Diet,74.7% ± 3.9%,25,WISDM,Full Finetuning
IMU Transformer,74.68599081039429,0.8735827505383518,74.7% ± 0.9%,0,0,0,UCI + 1000.0,Diet,74.7% ± 0.9%,1000,UCI,Full Finetuning
CNN-PFF,74.58936969439188,3.5627817524506105,74.6% ± 3.6%,0,0,0,UCI + 25.0,Diet,74.6% ± 3.6%,25,UCI,Full Finetuning
ResNet-SE-5,74.45987661679587,2.434226638625491,74.5% ± 2.4%,0,0,0,RW-Waist + 1000.0,Diet,74.5% ± 2.4%,1000,RW-Waist,Full Finetuning
CNN-PFF,74.3471602598826,2.6203876421724477,74.3% ± 2.6%,0,0,0,WISDM + 100.0,Diet,74.3% ± 2.6%,100,WISDM,Full Finetuning
IMU Transformer,74.05273914337158,0.4033778377275872,74.1% ± 0.4%,0,0,0,WISDM + 1000.0,Diet,74.1% ± 0.4%,1000,WISDM,Full Finetuning
ResNet-SE-5,73.61111243565878,3.866503267638903,73.6% ± 3.9%,0,0,0,KH + 50.0,Diet,73.6% ± 3.9%,50,KH,Full Finetuning
TS-TCC Encoder,73.0542759100596,0.5099488913424843,73.1% ± 0.5%,0,0,0,WISDM + 25.0,Diet,73.1% ± 0.5%,25,WISDM,Full Finetuning
TS-TCC Encoder,72.86522388458252,1.9252794834680855,72.9% ± 1.9%,0,0,0,RW-Waist + 1000.0,Diet,72.9% ± 1.9%,1000,RW-Waist,Full Finetuning
TS2Vec Encoder,72.73982167243958,2.8696534703203693,72.7% ± 2.9%,0,0,0,RW-Thigh + 1000.0,Diet,72.7% ± 2.9%,1000,RW-Thigh,Full Finetuning
IMU Transformer,72.72441784540811,1.2853488791983563,72.7% ± 1.3%,0,0,0,MS + 200.0,Diet,72.7% ± 1.3%,200,MS,Full Finetuning
ResNet-SE-5,72.65700499216715,1.3466031710473387,72.7% ± 1.3%,0,0,0,UCI + 5.0,Diet,72.7% ± 1.3%,5,UCI,Full Finetuning
IMU Transformer,72.54224220911661,2.3744416784594815,72.5% ± 2.4%,0,0,0,WISDM + 100.0,Diet,72.5% ± 2.4%,100,WISDM,Full Finetuning
CNN-PFF,72.46543765068054,2.9614728239249777,72.5% ± 3.0%,0,0,0,WISDM + 50.0,Diet,72.5% ± 3.0%,50,WISDM,Full Finetuning
IMU Transformer,72.45263655980429,1.9785034462548208,72.5% ± 2.0%,0,0,0,WISDM + 50.0,Diet,72.5% ± 2.0%,50,WISDM,Full Finetuning
CNN-PFF,72.03389803568521,5.948622786570541,72.0% ± 5.9%,0,0,0,MS + 25.0,Diet,72.0% ± 5.9%,25,MS,Full Finetuning
IMU Transformer,71.87696099281311,2.7586946786120468,71.9% ± 2.8%,0,0,0,MS + 100.0,Diet,71.9% ± 2.8%,100,MS,Full Finetuning
IMU Transformer,71.35176658630371,3.068354626196939,71.4% ± 3.1%,0,0,0,WISDM + 10.0,Diet,71.4% ± 3.1%,10,WISDM,Full Finetuning
TS-TCC Encoder,71.16401990254721,3.275820213064673,71.2% ± 3.3%,0,0,0,RW-Thigh + 1000.0,Diet,71.2% ± 3.3%,1000,RW-Thigh,Full Finetuning
IMU Transformer,71.10854983329773,2.758926164939832,71.1% ± 2.8%,0,0,0,WISDM + 200.0,Diet,71.1% ± 2.8%,200,WISDM,Full Finetuning
TS2Vec Encoder,70.91653744379678,7.771385013040293,70.9% ± 7.8%,0,0,0,WISDM + 200.0,Diet,70.9% ± 7.8%,200,WISDM,Full Finetuning
IMU Transformer,70.84117929140726,3.080597072781225,70.8% ± 3.1%,0,0,0,MS + 50.0,Diet,70.8% ± 3.1%,50,MS,Full Finetuning
ResNet-SE-5,70.83333333333334,5.007709186402628,70.8% ± 5.0%,0,0,0,KH + 25.0,Diet,70.8% ± 5.0%,25,KH,Full Finetuning
TS-TCC Encoder,70.62801917394003,2.6019790303244896,70.6% ± 2.6%,0,0,0,UCI + 25.0,Diet,70.6% ± 2.6%,25,UCI,Full Finetuning
ResNet-SE-5,69.80539957682291,5.407007858938426,69.8% ± 5.4%,0,0,0,MS + 5.0,Diet,69.8% ± 5.4%,5,MS,Full Finetuning
TS2Vec Encoder,69.61122552553812,4.0136530542689455,69.6% ± 4.0%,0,0,0,RW-Thigh + 200.0,Diet,69.6% ± 4.0%,200,RW-Thigh,Full Finetuning
RNN,69.36597426732382,2.9692143751034026,69.4% ± 3.0%,0,0,0,MS + 100.0,Diet,69.4% ± 3.0%,100,MS,Full Finetuning
IMU Transformer,68.93241008122763,0.3897415464729917,68.9% ± 0.4%,0,0,0,WISDM + 5.0,Diet,68.9% ± 0.4%,5,WISDM,Full Finetuning
ResNet-SE-5,68.88659000396729,3.514985720644463,68.9% ± 3.5%,0,0,0,RW-Thigh + 50.0,Diet,68.9% ± 3.5%,50,RW-Thigh,Full Finetuning
TS2Vec Encoder,68.85287960370383,4.637070749722999,68.9% ± 4.6%,0,0,0,RW-Waist + 100.0,Diet,68.9% ± 4.6%,100,RW-Waist,Full Finetuning
ResNet-SE-5,68.81430149078369,3.2499893722876303,68.8% ± 3.2%,0,0,0,RW-Waist + 50.0,Diet,68.8% ± 3.2%,50,RW-Waist,Full Finetuning
CNN-PFF,68.75,3.6746563509126764,68.8% ± 3.7%,0,0,0,KH + 1000.0,Diet,68.8% ± 3.7%,1000,KH,Full Finetuning
ResNet-SE-5,68.73713930447897,4.367639374064895,68.7% ± 4.4%,0,0,0,RW-Waist + 200.0,Diet,68.7% ± 4.4%,200,RW-Waist,Full Finetuning
RNN,68.55072577794394,3.135262223041022,68.6% ± 3.1%,0,0,0,UCI + 50.0,Diet,68.6% ± 3.1%,50,UCI,Full Finetuning
ResNet-SE-5,68.53002111117044,6.008603918382431,68.5% ± 6.0%,0,0,0,RW-Thigh + 25.0,Diet,68.5% ± 6.0%,25,RW-Thigh,Full Finetuning
TS2Vec Encoder,68.415637811025,3.704775641649887,68.4% ± 3.7%,0,0,0,RW-Waist + 200.0,Diet,68.4% ± 3.7%,200,RW-Waist,Full Finetuning
ResNet-SE-5,68.36419701576233,1.8083414877778807,68.4% ± 1.8%,0,0,0,RW-Waist + 100.0,Diet,68.4% ± 1.8%,100,RW-Waist,Full Finetuning
CNN-PFF,68.2227373123169,1.6880070083860013,68.2% ± 1.7%,0,0,0,RW-Waist + 1000.0,Diet,68.2% ± 1.7%,1000,RW-Waist,Full Finetuning
ResNet-SE-5,68.21556687355042,4.891807104539135,68.2% ± 4.9%,0,0,0,WISDM + 10.0,Diet,68.2% ± 4.9%,10,WISDM,Full Finetuning
TS2Vec Encoder,67.86289413770041,3.5386186258572776,67.9% ± 3.5%,0,0,0,RW-Thigh + 100.0,Diet,67.9% ± 3.5%,100,RW-Thigh,Full Finetuning
TS-TCC Encoder,67.8240736325582,4.009378781192273,67.8% ± 4.0%,0,0,0,KH + 1000.0,Diet,67.8% ± 4.0%,1000,KH,Full Finetuning
ResNet-SE-5,67.36111243565878,1.8373270490348912,67.4% ± 1.8%,0,0,0,KH + 10.0,Diet,67.4% ± 1.8%,10,KH,Full Finetuning
CNN-PFF,66.88428123792013,2.6904572330100676,66.9% ± 2.7%,0,0,0,WISDM + 25.0,Diet,66.9% ± 2.7%,25,WISDM,Full Finetuning
TS2Vec Encoder,66.66666666666666,4.166665673256276,66.7% ± 4.2%,0,0,0,KH + 1000.0,Diet,66.7% ± 4.2%,1000,KH,Full Finetuning
TS-TCC Encoder,66.55146082242331,3.6836339961468374,66.6% ± 3.7%,0,0,0,WISDM + 10.0,Diet,66.6% ± 3.7%,10,WISDM,Full Finetuning
CNN-PFF,66.43518606821695,0.4009395987571126,66.4% ± 0.4%,0,0,0,KH + 200.0,Diet,66.4% ± 0.4%,200,KH,Full Finetuning
ResNet-SE-5,66.26409093538919,7.701176814440649,66.3% ± 7.7%,0,0,0,RW-Thigh + 100.0,Diet,66.3% ± 7.7%,100,RW-Thigh,Full Finetuning
TS2Vec Encoder,66.20370546976724,1.6037515124769093,66.2% ± 1.6%,0,0,0,KH + 25.0,Diet,66.2% ± 1.6%,25,KH,Full Finetuning
TS-TCC Encoder,66.20370348294577,1.7476492723250863,66.2% ± 1.7%,0,0,0,KH + 200.0,Diet,66.2% ± 1.7%,200,KH,Full Finetuning
ResNet-SE-5,66.17207328478494,2.6918082379487904,66.2% ± 2.7%,0,0,0,RW-Thigh + 1000.0,Diet,66.2% ± 2.7%,1000,RW-Thigh,Full Finetuning
RNN,66.0778284072876,1.344816445009615,66.1% ± 1.3%,0,0,0,WISDM + 200.0,Diet,66.1% ± 1.3%,200,WISDM,Full Finetuning
ResNet-SE-5,65.74074029922485,7.61781850698687,65.7% ± 7.6%,0,0,0,KH + 5.0,Diet,65.7% ± 7.6%,5,KH,Full Finetuning
CNN-PFF,65.74074029922485,0.40093615748134204,65.7% ± 0.4%,0,0,0,KH + 50.0,Diet,65.7% ± 0.4%,50,KH,Full Finetuning
IMU Transformer,65.69366057713827,6.174852138620307,65.7% ± 6.2%,0,0,0,MS + 25.0,Diet,65.7% ± 6.2%,25,MS,Full Finetuning
ResNet-SE-5,65.65072139104208,2.183223539794609,65.7% ± 2.2%,0,0,0,RW-Waist + 25.0,Diet,65.7% ± 2.2%,25,RW-Waist,Full Finetuning
ResNet-SE-5,65.41923681894937,3.892655827091855,65.4% ± 3.9%,0,0,0,RW-Waist + 10.0,Diet,65.4% ± 3.9%,10,RW-Waist,Full Finetuning
CNN-PFF,65.26570121447244,3.0959383990939537,65.3% ± 3.1%,0,0,0,UCI + 10.0,Diet,65.3% ± 3.1%,10,UCI,Full Finetuning
RNN,65.1363174120585,1.3482860791408873,65.1% ± 1.3%,0,0,0,RW-Waist + 1000.0,Diet,65.1% ± 1.3%,1000,RW-Waist,Full Finetuning
IMU Transformer,64.81481591860452,2.1215638333788016,64.8% ± 2.1%,0,0,0,KH + 25.0,Diet,64.8% ± 2.1%,25,KH,Full Finetuning
IMU Transformer,64.81481591860452,3.2075030249538186,64.8% ± 3.2%,0,0,0,KH + 100.0,Diet,64.8% ± 3.2%,100,KH,Full Finetuning
IMU Transformer,64.81481591860452,8.284966624980928,64.8% ± 8.3%,0,0,0,KH + 1000.0,Diet,64.8% ± 8.3%,1000,KH,Full Finetuning
CNN-PFF,64.58333333333334,4.937818208247136,64.6% ± 4.9%,0,0,0,RW-Waist + 200.0,Diet,64.6% ± 4.9%,200,RW-Waist,Full Finetuning
CNN-PFF,64.35185273488364,8.2849688732035,64.4% ± 8.3%,0,0,0,KH + 25.0,Diet,64.4% ± 8.3%,25,KH,Full Finetuning
TS-TCC Encoder,63.88888955116272,5.423784412362085,63.9% ± 5.4%,0,0,0,KH + 50.0,Diet,63.9% ± 5.4%,50,KH,Full Finetuning
CNN-PFF,63.81412545839945,0.5360554516590692,63.8% ± 0.5%,0,0,0,RW-Thigh + 1000.0,Diet,63.8% ± 0.5%,1000,RW-Thigh,Full Finetuning
ResNet-SE-5,63.75661293665568,4.998370465257455,63.8% ± 5.0%,0,0,0,RW-Thigh + 200.0,Diet,63.8% ± 5.0%,200,RW-Thigh,Full Finetuning
CNN-PFF,63.605968157450356,3.364749415651243,63.6% ± 3.4%,0,0,0,RW-Waist + 100.0,Diet,63.6% ± 3.4%,100,RW-Waist,Full Finetuning
TS-TCC Encoder,63.42592636744181,5.118829329990106,63.4% ± 5.1%,0,0,0,KH + 25.0,Diet,63.4% ± 5.1%,25,KH,Full Finetuning
IMU Transformer,63.28502297401428,6.501309898164822,63.3% ± 6.5%,0,0,0,UCI + 100.0,Diet,63.3% ± 6.5%,100,UCI,Full Finetuning
TS-TCC Encoder,62.95010447502136,0.6413307068747878,63.0% ± 0.6%,0,0,0,RW-Waist + 200.0,Diet,63.0% ± 0.6%,200,RW-Waist,Full Finetuning
IMU Transformer,62.7314825852712,7.425469050257402,62.7% ± 7.4%,0,0,0,KH + 10.0,Diet,62.7% ± 7.4%,10,KH,Full Finetuning
TS-TCC Encoder,62.7314825852712,5.212190959625672,62.7% ± 5.2%,0,0,0,KH + 100.0,Diet,62.7% ± 5.2%,100,KH,Full Finetuning
CNN-PFF,62.7314825852712,2.438808487645478,62.7% ± 2.4%,0,0,0,KH + 100.0,Diet,62.7% ± 2.4%,100,KH,Full Finetuning
TS2Vec Encoder,62.65700360139211,15.548726200257448,62.7% ± 15.5%,0,0,0,UCI + 5.0,Diet,62.7% ± 15.5%,5,UCI,Full Finetuning
TS2Vec Encoder,62.5642995039622,2.656535796667341,62.6% ± 2.7%,0,0,0,RW-Waist + 50.0,Diet,62.6% ± 2.7%,50,RW-Waist,Full Finetuning
IMU Transformer,62.41545875867208,3.5568796411187433,62.4% ± 3.6%,0,0,0,UCI + 200.0,Diet,62.4% ± 3.6%,200,UCI,Full Finetuning
IMU Transformer,62.26851940155029,1.7476461143938606,62.3% ± 1.7%,0,0,0,KH + 50.0,Diet,62.3% ± 1.7%,50,KH,Full Finetuning
RNN,62.224783500035606,2.400179469989827,62.2% ± 2.4%,0,0,0,WISDM + 100.0,Diet,62.2% ± 2.4%,100,WISDM,Full Finetuning
TS2Vec Encoder,62.03703681627909,6.452481608944885,62.0% ± 6.5%,0,0,0,KH + 10.0,Diet,62.0% ± 6.5%,10,KH,Full Finetuning
CNN-PFF,61.833020051320396,4.237636142252035,61.8% ± 4.2%,0,0,0,MS + 10.0,Diet,61.8% ± 4.2%,10,MS,Full Finetuning
TS-TCC Encoder,61.82424624760946,2.6225714134882883,61.8% ± 2.6%,0,0,0,RW-Thigh + 200.0,Diet,61.8% ± 2.6%,200,RW-Thigh,Full Finetuning
RNN,61.805554231007896,1.8373270490348912,61.8% ± 1.8%,0,0,0,KH + 1000.0,Diet,61.8% ± 1.8%,1000,KH,Full Finetuning
ResNet-SE-5,61.52073542277018,4.5222056776441795,61.5% ± 4.5%,0,0,0,WISDM + 5.0,Diet,61.5% ± 4.5%,5,WISDM,Full Finetuning
CNN-PFF,61.398667097091675,1.3847133911310432,61.4% ± 1.4%,0,0,0,RW-Thigh + 200.0,Diet,61.4% ± 1.4%,200,RW-Thigh,Full Finetuning
RNN,61.29943529764811,2.694743404454859,61.3% ± 2.7%,0,0,0,MS + 50.0,Diet,61.3% ± 2.7%,50,MS,Full Finetuning
RNN,61.11111044883728,3.8665038029053655,61.1% ± 3.9%,0,0,0,KH + 100.0,Diet,61.1% ± 3.9%,100,KH,Full Finetuning
ResNet-SE-5,61.05966965357462,6.678879493826015,61.1% ± 6.7%,0,0,0,RW-Waist + 5.0,Diet,61.1% ± 6.7%,5,RW-Waist,Full Finetuning
IMU Transformer,60.87962985038757,7.64940411909574,60.9% ± 7.6%,0,0,0,KH + 200.0,Diet,60.9% ± 7.6%,200,KH,Full Finetuning
TS-TCC Encoder,60.51475207010905,3.0136712196301643,60.5% ± 3.0%,0,0,0,MS + 10.0,Diet,60.5% ± 3.0%,10,MS,Full Finetuning
RNN,60.38647492726644,2.227989499905475,60.4% ± 2.2%,0,0,0,UCI + 25.0,Diet,60.4% ± 2.2%,25,UCI,Full Finetuning
TS-TCC Encoder,60.198044776916504,0.7919118784647907,60.2% ± 0.8%,0,0,0,RW-Waist + 100.0,Diet,60.2% ± 0.8%,100,RW-Waist,Full Finetuning
TS2Vec Encoder,60.18518606821696,2.438808487645478,60.2% ± 2.4%,0,0,0,KH + 100.0,Diet,60.2% ± 2.4%,100,KH,Full Finetuning
RNN,60.18518606821696,1.0607806160100157,60.2% ± 1.1%,0,0,0,KH + 200.0,Diet,60.2% ± 1.1%,200,KH,Full Finetuning
TS2Vec Encoder,59.95370348294576,7.617815156270899,60.0% ± 7.6%,0,0,0,KH + 50.0,Diet,60.0% ± 7.6%,50,KH,Full Finetuning
RNN,59.72222089767456,5.423784412362085,59.7% ± 5.4%,0,0,0,KH + 50.0,Diet,59.7% ± 5.4%,50,KH,Full Finetuning
IMU Transformer,59.51690673828125,2.4948296343587204,59.5% ± 2.5%,0,0,0,UCI + 50.0,Diet,59.5% ± 2.5%,50,UCI,Full Finetuning
IMU Transformer,59.1304341952006,2.8214380509151975,59.1% ± 2.8%,0,0,0,UCI + 10.0,Diet,59.1% ± 2.8%,10,UCI,Full Finetuning
RNN,59.11418398221334,1.7582822977288515,59.1% ± 1.8%,0,0,0,WISDM + 50.0,Diet,59.1% ± 1.8%,50,WISDM,Full Finetuning
IMU Transformer,59.039549032847084,8.843708567451069,59.0% ± 8.8%,0,0,0,MS + 10.0,Diet,59.0% ± 8.8%,10,MS,Full Finetuning
IMU Transformer,58.98550748825073,0.9503550915584009,59.0% ± 1.0%,0,0,0,UCI + 25.0,Diet,59.0% ± 1.0%,25,UCI,Full Finetuning
RNN,58.93775820732117,3.424164896650588,58.9% ± 3.4%,0,0,0,RW-Waist + 200.0,Diet,58.9% ± 3.4%,200,RW-Waist,Full Finetuning
RNN,58.53735009829203,3.568644873729122,58.5% ± 3.6%,0,0,0,MS + 25.0,Diet,58.5% ± 3.6%,25,MS,Full Finetuning
TS-TCC Encoder,58.30917954444885,1.8635065164839204,58.3% ± 1.9%,0,0,0,UCI + 10.0,Diet,58.3% ± 1.9%,10,UCI,Full Finetuning
TS2Vec Encoder,58.10185273488363,8.793251328417599,58.1% ± 8.8%,0,0,0,KH + 200.0,Diet,58.1% ± 8.8%,200,KH,Full Finetuning
TS-TCC Encoder,57.545435428619385,1.605326654341863,57.5% ± 1.6%,0,0,0,RW-Thigh + 100.0,Diet,57.5% ± 1.6%,100,RW-Thigh,Full Finetuning
ResNet-SE-5,57.48792290687561,2.0817845718634276,57.5% ± 2.1%,0,0,0,UCI + 1.0,Diet,57.5% ± 2.1%,1,UCI,Full Finetuning
IMU Transformer,57.43961135546366,6.11507115466952,57.4% ± 6.1%,0,0,0,UCI + 5.0,Diet,57.4% ± 6.1%,5,UCI,Full Finetuning
CNN-PFF,57.3913037776947,2.4722768240698034,57.4% ± 2.5%,0,0,0,UCI + 5.0,Diet,57.4% ± 2.5%,5,UCI,Full Finetuning
TS2Vec Encoder,57.29468613862991,32.916848332709066,57.3% ± 32.9%,0,0,0,UCI + 25.0,Diet,57.3% ± 32.9%,25,UCI,Full Finetuning
TS-TCC Encoder,57.23246137301127,5.337987694443722,57.2% ± 5.3%,0,0,0,WISDM + 5.0,Diet,57.2% ± 5.3%,5,WISDM,Full Finetuning
TS-TCC Encoder,56.944443782170616,5.423786320260328,56.9% ± 5.4%,0,0,0,KH + 10.0,Diet,56.9% ± 5.4%,10,KH,Full Finetuning
RNN,56.88981016476949,5.481802984423908,56.9% ± 5.5%,0,0,0,RW-Thigh + 1000.0,Diet,56.9% ± 5.5%,1000,RW-Thigh,Full Finetuning
RNN,56.71296318372091,2.8065621971696775,56.7% ± 2.8%,0,0,0,KH + 25.0,Diet,56.7% ± 2.8%,25,KH,Full Finetuning
CNN-PFF,56.705774863561,0.9338065598512938,56.7% ± 0.9%,0,0,0,RW-Thigh + 100.0,Diet,56.7% ± 0.9%,100,RW-Thigh,Full Finetuning
CNN-PFF,56.70010248819987,5.682482265455933,56.7% ± 5.7%,0,0,0,RW-Waist + 25.0,Diet,56.7% ± 5.7%,25,RW-Waist,Full Finetuning
IMU Transformer,56.6854993502299,8.232578517922484,56.7% ± 8.2%,0,0,0,MS + 5.0,Diet,56.7% ± 8.2%,5,MS,Full Finetuning
RNN,56.26285870869955,0.05893185902573801,56.3% ± 0.1%,0,0,0,RW-Waist + 100.0,Diet,56.3% ± 0.1%,100,RW-Waist,Full Finetuning
IMU Transformer,56.249998013178505,2.5038545932013134,56.2% ± 2.5%,0,0,0,KH + 5.0,Diet,56.2% ± 2.5%,5,KH,Full Finetuning
TS-TCC Encoder,55.83160718282064,1.0955478095071973,55.8% ± 1.1%,0,0,0,RW-Thigh + 50.0,Diet,55.8% ± 1.1%,50,RW-Thigh,Full Finetuning
CNN-PFF,55.42695621649424,6.208943255401641,55.4% ± 6.2%,0,0,0,RW-Waist + 50.0,Diet,55.4% ± 6.2%,50,RW-Waist,Full Finetuning
CNN-PFF,54.91551558176676,3.4201901259085705,54.9% ± 3.4%,0,0,0,WISDM + 10.0,Diet,54.9% ± 3.4%,10,WISDM,Full Finetuning
TS-TCC Encoder,54.35956915219625,2.3400737779860705,54.4% ± 2.3%,0,0,0,RW-Waist + 50.0,Diet,54.4% ± 2.3%,50,RW-Waist,Full Finetuning
CNN-PFF,53.70370248953501,6.45248176931781,53.7% ± 6.5%,0,0,0,KH + 5.0,Diet,53.7% ± 6.5%,5,KH,Full Finetuning
CNN-PFF,53.49666476249695,2.7129550132317153,53.5% ± 2.7%,0,0,0,RW-Thigh + 50.0,Diet,53.5% ± 2.7%,50,RW-Thigh,Full Finetuning
TS2Vec Encoder,53.472222884496055,8.866073175106058,53.5% ± 8.9%,0,0,0,KH + 5.0,Diet,53.5% ± 8.9%,5,KH,Full Finetuning
RNN,53.213006258010864,1.0547283547239672,53.2% ± 1.1%,0,0,0,WISDM + 25.0,Diet,53.2% ± 1.1%,25,WISDM,Full Finetuning
RNN,52.9215544462204,6.741625507179595,52.9% ± 6.7%,0,0,0,RW-Thigh + 100.0,Diet,52.9% ± 6.7%,100,RW-Thigh,Full Finetuning
TS2Vec Encoder,52.84178157647451,13.543005615284837,52.8% ± 13.5%,0,0,0,WISDM + 100.0,Diet,52.8% ± 13.5%,100,WISDM,Full Finetuning
TS-TCC Encoder,52.54237353801727,4.5966072999241705,52.5% ± 4.6%,0,0,0,MS + 5.0,Diet,52.5% ± 4.6%,5,MS,Full Finetuning
RNN,51.92086398601532,2.620301186971049,51.9% ± 2.6%,0,0,0,RW-Thigh + 200.0,Diet,51.9% ± 2.6%,200,RW-Thigh,Full Finetuning
TS-TCC Encoder,51.89043084780375,0.6315853945494965,51.9% ± 0.6%,0,0,0,RW-Waist + 25.0,Diet,51.9% ± 0.6%,25,RW-Waist,Full Finetuning
TS2Vec Encoder,51.74091160297394,18.287004937569414,51.7% ± 18.3%,0,0,0,WISDM + 50.0,Diet,51.7% ± 18.3%,50,WISDM,Full Finetuning
CNN-PFF,51.38888955116272,11.11111044883728,51.4% ± 11.1%,0,0,0,KH + 10.0,Diet,51.4% ± 11.1%,10,KH,Full Finetuning
TS-TCC Encoder,51.388887564341225,3.182344449388419,51.4% ± 3.2%,0,0,0,KH + 5.0,Diet,51.4% ± 3.2%,5,KH,Full Finetuning
RNN,51.35030746459961,1.578963850466834,51.4% ± 1.6%,0,0,0,RW-Waist + 50.0,Diet,51.4% ± 1.6%,50,RW-Waist,Full Finetuning
CNN-PFF,51.17322305838267,5.116636383579167,51.2% ± 5.1%,0,0,0,RW-Thigh + 25.0,Diet,51.2% ± 5.1%,25,RW-Thigh,Full Finetuning
TS-TCC Encoder,50.33816397190094,2.7738907637731467,50.3% ± 2.8%,0,0,0,UCI + 5.0,Diet,50.3% ± 2.8%,5,UCI,Full Finetuning
IMU Transformer,49.99999900658925,5.614889267587318,50.0% ± 5.6%,0,0,0,UCI + 1.0,Diet,50.0% ± 5.6%,1,UCI,Full Finetuning
TS2Vec Encoder,49.811677138010666,23.434035616164188,49.8% ± 23.4%,0,0,0,MS + 10.0,Diet,49.8% ± 23.4%,10,MS,Full Finetuning
ResNet-SE-5,49.30555423100789,1.8373270490348912,49.3% ± 1.8%,0,0,0,KH + 1.0,Diet,49.3% ± 1.8%,1,KH,Full Finetuning
TS2Vec Encoder,48.366689682006836,11.18674446097326,48.4% ± 11.2%,0,0,0,RW-Thigh + 50.0,Diet,48.4% ± 11.2%,50,RW-Thigh,Full Finetuning
ResNet-SE-5,48.336471120516464,4.950744927695795,48.3% ± 5.0%,0,0,0,MS + 1.0,Diet,48.3% ± 5.0%,1,MS,Full Finetuning
RNN,47.620884577433266,2.920229679889408,47.6% ± 2.9%,0,0,0,RW-Waist + 25.0,Diet,47.6% ± 2.9%,25,RW-Waist,Full Finetuning
CNN-PFF,47.457628448804215,6.450609752295228,47.5% ± 6.5%,0,0,0,MS + 5.0,Diet,47.5% ± 6.5%,5,MS,Full Finetuning
TS-TCC Encoder,47.11295167605083,4.565092252892805,47.1% ± 4.6%,0,0,0,RW-Thigh + 25.0,Diet,47.1% ± 4.6%,25,RW-Thigh,Full Finetuning
ResNet-SE-5,46.53784235318501,0.6604509344413628,46.5% ± 0.7%,0,0,0,RW-Thigh + 10.0,Diet,46.5% ± 0.7%,10,RW-Thigh,Full Finetuning
RNN,46.359070142110184,5.466531252412395,46.4% ± 5.5%,0,0,0,MS + 10.0,Diet,46.4% ± 5.5%,10,MS,Full Finetuning
RNN,46.06481492519379,1.603749791839024,46.1% ± 1.6%,0,0,0,KH + 10.0,Diet,46.1% ± 1.6%,10,KH,Full Finetuning
ResNet-SE-5,45.75012822945912,5.276717932793383,45.8% ± 5.3%,0,0,0,WISDM + 1.0,Diet,45.8% ± 5.3%,1,WISDM,Full Finetuning
TS2Vec Encoder,45.44290900230408,17.862112989129226,45.4% ± 17.9%,0,0,0,WISDM + 10.0,Diet,45.4% ± 17.9%,10,WISDM,Full Finetuning
RNN,45.2173908551534,4.03981389666658,45.2% ± 4.0%,0,0,0,UCI + 10.0,Diet,45.2% ± 4.0%,10,UCI,Full Finetuning
ResNet-SE-5,45.14607787132263,6.980594037129384,45.1% ± 7.0%,0,0,0,RW-Thigh + 5.0,Diet,45.1% ± 7.0%,5,RW-Thigh,Full Finetuning
IMU Transformer,45.13888855775197,5.242938540551893,45.1% ± 5.2%,0,0,0,KH + 1.0,Diet,45.1% ± 5.2%,1,KH,Full Finetuning
RNN,44.71326271692912,1.973279145999964,44.7% ± 2.0%,0,0,0,WISDM + 10.0,Diet,44.7% ± 2.0%,10,WISDM,Full Finetuning
TS-TCC Encoder,44.29951707522075,1.0282034579179538,44.3% ± 1.0%,0,0,0,UCI + 1.0,Diet,44.3% ± 1.0%,1,UCI,Full Finetuning
RNN,44.05864179134369,0.48340968232899867,44.1% ± 0.5%,0,0,0,RW-Waist + 10.0,Diet,44.1% ± 0.5%,10,RW-Waist,Full Finetuning
TS-TCC Encoder,43.9171810944875,1.4447429865463162,43.9% ± 1.4%,0,0,0,RW-Waist + 10.0,Diet,43.9% ± 1.4%,10,RW-Waist,Full Finetuning
TS-TCC Encoder,43.842805425326034,3.3017936514385964,43.8% ± 3.3%,0,0,0,WISDM + 1.0,Diet,43.8% ± 3.3%,1,WISDM,Full Finetuning
CNN-PFF,43.82716019948323,5.681128642628815,43.8% ± 5.7%,0,0,0,RW-Waist + 10.0,Diet,43.8% ± 5.7%,10,RW-Waist,Full Finetuning
RNN,43.54727367560069,6.672091453957483,43.5% ± 6.7%,0,0,0,RW-Thigh + 50.0,Diet,43.5% ± 6.7%,50,RW-Thigh,Full Finetuning
TS-TCC Encoder,42.776627341906234,1.3050286108373383,42.8% ± 1.3%,0,0,0,RW-Thigh + 10.0,Diet,42.8% ± 1.3%,10,RW-Thigh,Full Finetuning
TS2Vec Encoder,42.70833383003871,20.34869466411505,42.7% ± 20.3%,0,0,0,RW-Waist + 25.0,Diet,42.7% ± 20.3%,25,RW-Waist,Full Finetuning
CNN-PFF,41.898149251937866,3.4256130205141746,41.9% ± 3.4%,0,0,0,KH + 1.0,Diet,41.9% ± 3.4%,1,KH,Full Finetuning
IMU Transformer,41.870683431625366,1.905084697953761,41.9% ± 1.9%,0,0,0,MS + 1.0,Diet,41.9% ± 1.9%,1,MS,Full Finetuning
IMU Transformer,41.64106448491414,4.015643899963104,41.6% ± 4.0%,0,0,0,WISDM + 1.0,Diet,41.6% ± 4.0%,1,WISDM,Full Finetuning
TS-TCC Encoder,41.43518507480621,3.8423678872097646,41.4% ± 3.8%,0,0,0,RW-Waist + 5.0,Diet,41.4% ± 3.8%,5,RW-Waist,Full Finetuning
RNN,40.92906514803569,1.6236692737253842,40.9% ± 1.6%,0,0,0,MS + 5.0,Diet,40.9% ± 1.6%,5,MS,Full Finetuning
TS-TCC Encoder,40.509258707364395,2.8065635490994842,40.5% ± 2.8%,0,0,0,KH + 1.0,Diet,40.5% ± 2.8%,1,KH,Full Finetuning
RNN,40.509258707364395,3.2075013043159335,40.5% ± 3.2%,0,0,0,KH + 5.0,Diet,40.5% ± 3.2%,5,KH,Full Finetuning
TS-TCC Encoder,39.64218497276306,1.2313283489448845,39.6% ± 1.2%,0,0,0,MS + 1.0,Diet,39.6% ± 1.2%,1,MS,Full Finetuning
RNN,39.54475323359172,0.8990102658875399,39.5% ± 0.9%,0,0,0,RW-Waist + 5.0,Diet,39.5% ± 0.9%,5,RW-Waist,Full Finetuning
RNN,39.08212582270305,4.811796773744904,39.1% ± 4.8%,0,0,0,UCI + 5.0,Diet,39.1% ± 4.8%,5,UCI,Full Finetuning
CNN-PFF,38.9144907395045,4.456229701114984,38.9% ± 4.5%,0,0,0,WISDM + 5.0,Diet,38.9% ± 4.5%,5,WISDM,Full Finetuning
RNN,38.63287270069122,5.707513959834327,38.6% ± 5.7%,0,0,0,WISDM + 5.0,Diet,38.6% ± 5.7%,5,WISDM,Full Finetuning
RNN,38.348285853862755,15.465302903202502,38.3% ± 15.5%,0,0,0,RW-Thigh + 25.0,Diet,38.3% ± 15.5%,25,RW-Thigh,Full Finetuning
CNN-PFF,37.6236488421758,10.03104634541556,37.6% ± 10.0%,0,0,0,RW-Thigh + 10.0,Diet,37.6% ± 10.0%,10,RW-Thigh,Full Finetuning
TS-TCC Encoder,37.55463560422261,2.525430288050195,37.6% ± 2.5%,0,0,0,RW-Thigh + 5.0,Diet,37.6% ± 2.5%,5,RW-Thigh,Full Finetuning
TS2Vec Encoder,36.80555522441864,14.698617518697352,36.8% ± 14.7%,0,0,0,KH + 1.0,Diet,36.8% ± 14.7%,1,KH,Full Finetuning
TS2Vec Encoder,35.79710125923157,11.749860131332767,35.8% ± 11.7%,0,0,0,UCI + 1.0,Diet,35.8% ± 11.7%,1,UCI,Full Finetuning
TS2Vec Encoder,35.655996203422546,21.885787500567147,35.7% ± 21.9%,0,0,0,MS + 5.0,Diet,35.7% ± 21.9%,5,MS,Full Finetuning
TS2Vec Encoder,35.0282480319341,7.941487671107884,35.0% ± 7.9%,0,0,0,MS + 1.0,Diet,35.0% ± 7.9%,1,MS,Full Finetuning
RNN,34.989648063977555,5.306946535211552,35.0% ± 5.3%,0,0,0,RW-Thigh + 10.0,Diet,35.0% ± 5.3%,10,RW-Thigh,Full Finetuning
TS2Vec Encoder,34.882232546806335,6.564498687717039,34.9% ± 6.6%,0,0,0,WISDM + 5.0,Diet,34.9% ± 6.6%,5,WISDM,Full Finetuning
TS-TCC Encoder,33.69341492652893,3.500895730677024,33.7% ± 3.5%,0,0,0,RW-Waist + 1.0,Diet,33.7% ± 3.5%,1,RW-Waist,Full Finetuning
CNN-PFF,33.191871643066406,3.483420532774532,33.2% ± 3.5%,0,0,0,RW-Waist + 5.0,Diet,33.2% ± 3.5%,5,RW-Waist,Full Finetuning
CNN-PFF,33.1541230281194,5.973321208294953,33.2% ± 6.0%,0,0,0,WISDM + 1.0,Diet,33.2% ± 6.0%,1,WISDM,Full Finetuning
RNN,33.0389142036438,6.787826023522091,33.0% ± 6.8%,0,0,0,WISDM + 1.0,Diet,33.0% ± 6.8%,1,WISDM,Full Finetuning
ResNet-SE-5,32.92181144158046,8.880611501270932,32.9% ± 8.9%,0,0,0,RW-Waist + 1.0,Diet,32.9% ± 8.9%,1,RW-Waist,Full Finetuning
CNN-PFF,32.723717888196305,4.969942531601614,32.7% ± 5.0%,0,0,0,RW-Thigh + 5.0,Diet,32.7% ± 5.0%,5,RW-Thigh,Full Finetuning
TS2Vec Encoder,32.603686551253006,17.761749083146725,32.6% ± 17.8%,0,0,0,WISDM + 1.0,Diet,32.6% ± 17.8%,1,WISDM,Full Finetuning
CNN-PFF,32.512076695760086,6.367472905202827,32.5% ± 6.4%,0,0,0,UCI + 1.0,Diet,32.5% ± 6.4%,1,UCI,Full Finetuning
ResNet-SE-5,32.16011027495067,10.101230296751226,32.2% ± 10.1%,0,0,0,RW-Thigh + 1.0,Diet,32.2% ± 10.1%,1,RW-Thigh,Full Finetuning
RNN,32.09109703699748,3.1438863991310426,32.1% ± 3.1%,0,0,0,RW-Thigh + 5.0,Diet,32.1% ± 3.1%,5,RW-Thigh,Full Finetuning
RNN,31.94444477558136,6.624577978536878,31.9% ± 6.6%,0,0,0,KH + 1.0,Diet,31.9% ± 6.6%,1,KH,Full Finetuning
RNN,31.1989963054657,2.637094847095888,31.2% ± 2.6%,0,0,0,MS + 1.0,Diet,31.2% ± 2.6%,1,MS,Full Finetuning
RNN,31.069959203402203,3.1428899891368727,31.1% ± 3.1%,0,0,0,RW-Waist + 1.0,Diet,31.1% ± 3.1%,1,RW-Waist,Full Finetuning
TS-TCC Encoder,30.929375688234956,3.591556570157204,30.9% ± 3.6%,0,0,0,RW-Thigh + 1.0,Diet,30.9% ± 3.6%,1,RW-Thigh,Full Finetuning
TS2Vec Encoder,30.452674130598705,6.889176024922467,30.5% ± 6.9%,0,0,0,RW-Waist + 1.0,Diet,30.5% ± 6.9%,1,RW-Waist,Full Finetuning
TS2Vec Encoder,30.319761236508686,14.67183425899366,30.3% ± 14.7%,0,0,0,RW-Thigh + 25.0,Diet,30.3% ± 14.7%,25,RW-Thigh,Full Finetuning
TS2Vec Encoder,28.617436687151592,6.112759408379205,28.6% ± 6.1%,0,0,0,RW-Thigh + 10.0,Diet,28.6% ± 6.1%,10,RW-Thigh,Full Finetuning
TS2Vec Encoder,28.16425065199533,11.438568685830564,28.2% ± 11.4%,0,0,0,UCI + 10.0,Diet,28.2% ± 11.4%,10,UCI,Full Finetuning
RNN,28.019323945045464,5.732124452043155,28.0% ± 5.7%,0,0,0,UCI + 1.0,Diet,28.0% ± 5.7%,1,UCI,Full Finetuning
TS2Vec Encoder,27.85493830839793,8.154681398212329,27.9% ± 8.2%,0,0,0,RW-Waist + 5.0,Diet,27.9% ± 8.2%,5,RW-Waist,Full Finetuning
RNN,26.926616330941517,7.01513626370742,26.9% ± 7.0%,0,0,0,RW-Thigh + 1.0,Diet,26.9% ± 7.0%,1,RW-Thigh,Full Finetuning
CNN-PFF,25.868414342403412,3.381172321190652,25.9% ± 3.4%,0,0,0,RW-Thigh + 1.0,Diet,25.9% ± 3.4%,1,RW-Thigh,Full Finetuning
TS2Vec Encoder,25.437242289384205,12.570372852422723,25.4% ± 12.6%,0,0,0,RW-Waist + 10.0,Diet,25.4% ± 12.6%,10,RW-Waist,Full Finetuning
CNN-PFF,24.125514427820836,4.926855759450099,24.1% ± 4.9%,0,0,0,RW-Waist + 1.0,Diet,24.1% ± 4.9%,1,RW-Waist,Full Finetuning
CNN-PFF,23.320778210957847,2.1188177400158557,23.3% ± 2.1%,0,0,0,MS + 1.0,Diet,23.3% ± 2.1%,1,MS,Full Finetuning
TS2Vec Encoder,21.877156694730125,6.521738852773396,21.9% ± 6.5%,0,0,0,RW-Thigh + 1.0,Diet,21.9% ± 6.5%,1,RW-Thigh,Full Finetuning
TS2Vec Encoder,19.553714990615845,5.56105326395914,19.6% ± 5.6%,0,0,0,RW-Thigh + 5.0,Diet,19.6% ± 5.6%,5,RW-Thigh,Full Finetuning
TS2Vec Encoder,17.498719692230218,11.462302087105389,17.5% ± 11.5%,0,0,0,WISDM + 25.0,Diet,17.5% ± 11.5%,25,WISDM,Full Finetuning
IMU Transformer,16.66666716337204,0.0,16.7% ± 0.0%,0,0,0,RW-Thigh + 1.0,Diet,16.7% ± 0.0%,1,RW-Thigh,Full Finetuning
IMU Transformer,16.66666716337204,0.0,16.7% ± 0.0%,0,0,0,RW-Thigh + 5.0,Diet,16.7% ± 0.0%,5,RW-Thigh,Full Finetuning
IMU Transformer,16.66666716337204,0.0,16.7% ± 0.0%,0,0,0,RW-Thigh + 10.0,Diet,16.7% ± 0.0%,10,RW-Thigh,Full Finetuning
IMU Transformer,16.66666716337204,0.0,16.7% ± 0.0%,0,0,0,RW-Thigh + 25.0,Diet,16.7% ± 0.0%,25,RW-Thigh,Full Finetuning
IMU Transformer,16.66666716337204,0.0,16.7% ± 0.0%,0,0,0,RW-Thigh + 50.0,Diet,16.7% ± 0.0%,50,RW-Thigh,Full Finetuning
IMU Transformer,16.66666716337204,0.0,16.7% ± 0.0%,0,0,0,RW-Thigh + 100.0,Diet,16.7% ± 0.0%,100,RW-Thigh,Full Finetuning
IMU Transformer,16.66666716337204,0.0,16.7% ± 0.0%,0,0,0,RW-Thigh + 200.0,Diet,16.7% ± 0.0%,200,RW-Thigh,Full Finetuning
IMU Transformer,16.66666716337204,0.0,16.7% ± 0.0%,0,0,0,RW-Thigh + 1000.0,Diet,16.7% ± 0.0%,1000,RW-Thigh,Full Finetuning
IMU Transformer,16.66666716337204,0.0,16.7% ± 0.0%,0,0,0,RW-Waist + 1.0,Diet,16.7% ± 0.0%,1,RW-Waist,Full Finetuning
IMU Transformer,16.66666716337204,0.0,16.7% ± 0.0%,0,0,0,RW-Waist + 5.0,Diet,16.7% ± 0.0%,5,RW-Waist,Full Finetuning
IMU Transformer,16.66666716337204,0.0,16.7% ± 0.0%,0,0,0,RW-Waist + 10.0,Diet,16.7% ± 0.0%,10,RW-Waist,Full Finetuning
IMU Transformer,16.66666716337204,0.0,16.7% ± 0.0%,0,0,0,RW-Waist + 25.0,Diet,16.7% ± 0.0%,25,RW-Waist,Full Finetuning
IMU Transformer,16.66666716337204,0.0,16.7% ± 0.0%,0,0,0,RW-Waist + 50.0,Diet,16.7% ± 0.0%,50,RW-Waist,Full Finetuning
IMU Transformer,16.66666716337204,0.0,16.7% ± 0.0%,0,0,0,RW-Waist + 100.0,Diet,16.7% ± 0.0%,100,RW-Waist,Full Finetuning
IMU Transformer,16.66666716337204,0.0,16.7% ± 0.0%,0,0,0,RW-Waist + 200.0,Diet,16.7% ± 0.0%,200,RW-Waist,Full Finetuning
IMU Transformer,16.66666716337204,0.0,16.7% ± 0.0%,0,0,0,RW-Waist + 1000.0,Diet,16.7% ± 0.0%,1000,RW-Waist,Full Finetuning
ResNet-SE-5,95.02415458361307,0.3016897936384184,95.0% ± 0.3%,0,0,0,UCI + 1000.0,TNC,95.0% ± 0.3%,1000,UCI,Full Finetuning
TS2Vec Encoder,93.9130425453186,1.2634488046555041,93.9% ± 1.3%,0,0,0,UCI + 1000.0,TNC,93.9% ± 1.3%,1000,UCI,Full Finetuning
ResNet-SE-5,93.18840503692627,1.3825213143501693,93.2% ± 1.4%,0,0,0,UCI + 200.0,TNC,93.2% ± 1.4%,200,UCI,Full Finetuning
TS2Vec Encoder,93.04347634315491,0.8695662021637018,93.0% ± 0.9%,0,0,0,UCI + 200.0,TNC,93.0% ± 0.9%,200,UCI,Full Finetuning
TS2Vec Encoder,92.90646711985269,2.2781231036443352,92.9% ± 2.3%,0,0,0,MS + 1000.0,TNC,92.9% ± 2.3%,1000,MS,Full Finetuning
CNN-PFF,91.78743958473206,0.6849006100663815,91.8% ± 0.7%,0,0,0,UCI + 1000.0,TNC,91.8% ± 0.7%,1000,UCI,Full Finetuning
ResNet-SE-5,89.32367165883383,1.8859152010753333,89.3% ± 1.9%,0,0,0,UCI + 100.0,TNC,89.3% ± 1.9%,100,UCI,Full Finetuning
TS-TCC Encoder,88.88888955116272,2.1803443387438843,88.9% ± 2.2%,0,0,0,UCI + 1000.0,TNC,88.9% ± 2.2%,1000,UCI,Full Finetuning
TS2Vec Encoder,87.7589464187622,0.5727634207271937,87.8% ± 0.6%,0,0,0,MS + 200.0,TNC,87.8% ± 0.6%,200,MS,Full Finetuning
ResNet-SE-5,87.72755861282349,5.171483574799653,87.7% ± 5.2%,0,0,0,MS + 200.0,TNC,87.7% ± 5.2%,200,MS,Full Finetuning
TS2Vec Encoder,86.85990373293558,6.25431340436441,86.9% ± 6.3%,0,0,0,UCI + 100.0,TNC,86.9% ± 6.3%,100,UCI,Full Finetuning
TS2Vec Encoder,86.82795564333597,1.097664792264465,86.8% ± 1.1%,0,0,0,WISDM + 1000.0,TNC,86.8% ± 1.1%,1000,WISDM,Full Finetuning
CNN-PFF,86.78955435752869,1.3989239206779598,86.8% ± 1.4%,0,0,0,WISDM + 1000.0,TNC,86.8% ± 1.4%,1000,WISDM,Full Finetuning
TS-TCC Encoder,86.0983113447825,0.618029775214433,86.1% ± 0.6%,0,0,0,WISDM + 1000.0,TNC,86.1% ± 0.6%,1000,WISDM,Full Finetuning
CNN-PFF,85.84431807200113,1.8698504400137435,85.8% ± 1.9%,0,0,0,MS + 200.0,TNC,85.8% ± 1.9%,200,MS,Full Finetuning
ResNet-SE-5,85.81293225288391,2.744189998717662,85.8% ± 2.7%,0,0,0,MS + 50.0,TNC,85.8% ± 2.7%,50,MS,Full Finetuning
ResNet-SE-5,85.75268983840942,1.2573500292453763,85.8% ± 1.3%,0,0,0,WISDM + 1000.0,TNC,85.8% ± 1.3%,1000,WISDM,Full Finetuning
CNN-PFF,85.02824703852335,0.6790129701736493,85.0% ± 0.7%,0,0,0,MS + 1000.0,TNC,85.0% ± 0.7%,1000,MS,Full Finetuning
ResNet-SE-5,83.57654809951782,0.8759917875184672,83.6% ± 0.9%,0,0,0,WISDM + 200.0,TNC,83.6% ± 0.9%,200,WISDM,Full Finetuning
CNN-PFF,83.04347793261209,1.884058117867302,83.0% ± 1.9%,0,0,0,UCI + 200.0,TNC,83.0% ± 1.9%,200,UCI,Full Finetuning
CNN-PFF,82.76836077372232,0.4892805890642464,82.8% ± 0.5%,0,0,0,MS + 100.0,TNC,82.8% ± 0.5%,100,MS,Full Finetuning
ResNet-SE-5,82.51726229985556,7.928267272107746,82.5% ± 7.9%,0,0,0,MS + 1000.0,TNC,82.5% ± 7.9%,1000,MS,Full Finetuning
ResNet-SE-5,81.70119325319925,6.177723694587016,81.7% ± 6.2%,0,0,0,MS + 100.0,TNC,81.7% ± 6.2%,100,MS,Full Finetuning
TS2Vec Encoder,81.69082204500833,5.1958780172854,81.7% ± 5.2%,0,0,0,UCI + 50.0,TNC,81.7% ± 5.2%,50,UCI,Full Finetuning
CNN-PFF,81.40096664428711,0.743710485968889,81.4% ± 0.7%,0,0,0,UCI + 100.0,TNC,81.4% ± 0.7%,100,UCI,Full Finetuning
CNN-PFF,81.38731916745505,2.5620590685719513,81.4% ± 2.6%,0,0,0,MS + 50.0,TNC,81.4% ± 2.6%,50,MS,Full Finetuning
TS-TCC Encoder,81.06280167897543,2.0968628108884526,81.1% ± 2.1%,0,0,0,UCI + 100.0,TNC,81.1% ± 2.1%,100,UCI,Full Finetuning
ResNet-SE-5,80.434783299764,1.6460612046523821,80.4% ± 1.6%,0,0,0,UCI + 50.0,TNC,80.4% ± 1.6%,50,UCI,Full Finetuning
TS-TCC Encoder,80.0966183344523,0.8491978672274638,80.1% ± 0.8%,0,0,0,UCI + 200.0,TNC,80.1% ± 0.8%,200,UCI,Full Finetuning
IMU Transformer,80.0000011920929,2.7952620924947,80.0% ± 2.8%,0,0,0,UCI + 100.0,TNC,80.0% ± 2.8%,100,UCI,Full Finetuning
IMU Transformer,80.0000011920929,0.1449286937713623,80.0% ± 0.1%,0,0,0,UCI + 1000.0,TNC,80.0% ± 0.1%,1000,UCI,Full Finetuning
ResNet-SE-5,79.90338206291199,1.4589050149503326,79.9% ± 1.5%,0,0,0,UCI + 25.0,TNC,79.9% ± 1.5%,25,UCI,Full Finetuning
TS2Vec Encoder,79.74910537401834,2.2171692424140956,79.7% ± 2.2%,0,0,0,WISDM + 200.0,TNC,79.7% ± 2.2%,200,WISDM,Full Finetuning
TS2Vec Encoder,79.68107064565024,1.6729463569790073,79.7% ± 1.7%,0,0,0,RW-Waist + 1000.0,TNC,79.7% ± 1.7%,1000,RW-Waist,Full Finetuning
TS2Vec Encoder,79.62962786356607,7.788356233394847,79.6% ± 7.8%,0,0,0,MS + 100.0,TNC,79.6% ± 7.8%,100,MS,Full Finetuning
TS-TCC Encoder,79.53546841939291,7.475256377039878,79.5% ± 7.5%,0,0,0,MS + 1000.0,TNC,79.5% ± 7.5%,1000,MS,Full Finetuning
ResNet-SE-5,79.35227950414023,1.5881786749948414,79.4% ± 1.6%,0,0,0,WISDM + 100.0,TNC,79.4% ± 1.6%,100,WISDM,Full Finetuning
ResNet-SE-5,79.28436795870462,1.4947731355672016,79.3% ± 1.5%,0,0,0,MS + 25.0,TNC,79.3% ± 1.5%,25,MS,Full Finetuning
IMU Transformer,79.22705411911011,1.3774461808981457,79.2% ± 1.4%,0,0,0,UCI + 200.0,TNC,79.2% ± 1.4%,200,UCI,Full Finetuning
TS-TCC Encoder,78.98550629615784,0.5225420507066998,79.0% ± 0.5%,0,0,0,UCI + 50.0,TNC,79.0% ± 0.5%,50,UCI,Full Finetuning
CNN-PFF,78.88888716697693,1.6671930824651706,78.9% ± 1.7%,0,0,0,UCI + 50.0,TNC,78.9% ± 1.7%,50,UCI,Full Finetuning
CNN-PFF,78.81356080373129,3.1890194180023896,78.8% ± 3.2%,0,0,0,MS + 25.0,TNC,78.8% ± 3.2%,25,MS,Full Finetuning
CNN-PFF,78.64734331766763,1.215437197335809,78.6% ± 1.2%,0,0,0,UCI + 25.0,TNC,78.6% ± 1.2%,25,UCI,Full Finetuning
TS2Vec Encoder,78.21255922317505,3.399881640555739,78.2% ± 3.4%,0,0,0,UCI + 25.0,TNC,78.2% ± 3.4%,25,UCI,Full Finetuning
RNN,78.21255922317505,1.3774461808981457,78.2% ± 1.4%,0,0,0,UCI + 1000.0,TNC,78.2% ± 1.4%,1000,UCI,Full Finetuning
ResNet-SE-5,78.01932493845621,0.9317543398674414,78.0% ± 0.9%,0,0,0,UCI + 10.0,TNC,78.0% ± 0.9%,10,UCI,Full Finetuning
TS-TCC Encoder,78.01932493845621,1.4874201975879635,78.0% ± 1.5%,0,0,0,UCI + 25.0,TNC,78.0% ± 1.5%,25,UCI,Full Finetuning
CNN-PFF,77.96979149182638,1.3911723909557494,78.0% ± 1.4%,0,0,0,WISDM + 200.0,TNC,78.0% ± 1.4%,200,WISDM,Full Finetuning
CNN-PFF,77.70097454388937,1.3448189697375674,77.7% ± 1.3%,0,0,0,WISDM + 50.0,TNC,77.7% ± 1.3%,50,WISDM,Full Finetuning
TS-TCC Encoder,77.3809532324473,2.9904623486506567,77.4% ± 3.0%,0,0,0,WISDM + 200.0,TNC,77.4% ± 3.0%,200,WISDM,Full Finetuning
IMU Transformer,77.2946854432424,1.3698001690811261,77.3% ± 1.4%,0,0,0,UCI + 50.0,TNC,77.3% ± 1.4%,50,UCI,Full Finetuning
TS2Vec Encoder,77.17966437339783,1.4237189258576335,77.2% ± 1.4%,0,0,0,RW-Thigh + 1000.0,TNC,77.2% ± 1.4%,1000,RW-Thigh,Full Finetuning
IMU Transformer,77.06093390782675,7.193912241098752,77.1% ± 7.2%,0,0,0,WISDM + 1000.0,TNC,77.1% ± 7.2%,1000,WISDM,Full Finetuning
TS2Vec Encoder,76.8689195315043,5.667108331574706,76.9% ± 5.7%,0,0,0,WISDM + 100.0,TNC,76.9% ± 5.7%,100,WISDM,Full Finetuning
TS-TCC Encoder,76.64783596992493,2.4427730967863366,76.6% ± 2.4%,0,0,0,MS + 100.0,TNC,76.6% ± 2.4%,100,MS,Full Finetuning
RNN,76.61835551261902,0.743710485968889,76.6% ± 0.7%,0,0,0,UCI + 200.0,TNC,76.6% ± 0.7%,200,UCI,Full Finetuning
ResNet-SE-5,76.42812132835388,5.18347085638269,76.4% ± 5.2%,0,0,0,MS + 10.0,TNC,76.4% ± 5.2%,10,MS,Full Finetuning
CNN-PFF,76.40809019406638,2.8597132351404424,76.4% ± 2.9%,0,0,0,WISDM + 100.0,TNC,76.4% ± 2.9%,100,WISDM,Full Finetuning
TS2Vec Encoder,76.33395989735922,9.188070850480038,76.3% ± 9.2%,0,0,0,MS + 50.0,TNC,76.3% ± 9.2%,50,MS,Full Finetuning
ResNet-SE-5,76.0869562625885,3.8915136175508804,76.1% ± 3.9%,0,0,0,UCI + 5.0,TNC,76.1% ± 3.9%,5,UCI,Full Finetuning
TS-TCC Encoder,75.95731417338052,7.869899003363441,76.0% ± 7.9%,0,0,0,MS + 200.0,TNC,76.0% ± 7.9%,200,MS,Full Finetuning
RNN,75.8454124132792,2.7587047845575925,75.8% ± 2.8%,0,0,0,UCI + 100.0,TNC,75.8% ± 2.8%,100,UCI,Full Finetuning
IMU Transformer,75.79710086186728,0.8069197168180626,75.8% ± 0.8%,0,0,0,UCI + 25.0,TNC,75.8% ± 0.8%,25,UCI,Full Finetuning
CNN-PFF,75.79364975293478,1.8759628850118775,75.8% ± 1.9%,0,0,0,WISDM + 25.0,TNC,75.8% ± 1.9%,25,WISDM,Full Finetuning
CNN-PFF,75.06326039632162,1.2490868875646672,75.1% ± 1.2%,0,0,0,RW-Thigh + 1000.0,TNC,75.1% ± 1.2%,1000,RW-Thigh,Full Finetuning
TS-TCC Encoder,74.92319544156393,3.2736832110027847,74.9% ± 3.3%,0,0,0,WISDM + 25.0,TNC,74.9% ± 3.3%,25,WISDM,Full Finetuning
TS-TCC Encoder,74.80798761049905,1.568400178650806,74.8% ± 1.6%,0,0,0,WISDM + 100.0,TNC,74.8% ± 1.6%,100,WISDM,Full Finetuning
IMU Transformer,74.60765838623047,0.7896909234349205,74.6% ± 0.8%,0,0,0,MS + 1000.0,TNC,74.6% ± 0.8%,1000,MS,Full Finetuning
TS-TCC Encoder,74.41933552424112,1.1506777633824128,74.4% ± 1.2%,0,0,0,MS + 50.0,TNC,74.4% ± 1.2%,50,MS,Full Finetuning
ResNet-SE-5,74.3215560913086,2.1066586082274052,74.3% ± 2.1%,0,0,0,WISDM + 50.0,TNC,74.3% ± 2.1%,50,WISDM,Full Finetuning
CNN-PFF,74.29261406262717,1.8903155741196338,74.3% ± 1.9%,0,0,0,RW-Thigh + 200.0,TNC,74.3% ± 1.9%,200,RW-Thigh,Full Finetuning
ResNet-SE-5,74.27035371462503,1.199729116678273,74.3% ± 1.2%,0,0,0,WISDM + 25.0,TNC,74.3% ± 1.2%,25,WISDM,Full Finetuning
TS2Vec Encoder,74.12954568862915,8.914775332360579,74.1% ± 8.9%,0,0,0,WISDM + 50.0,TNC,74.1% ± 8.9%,50,WISDM,Full Finetuning
CNN-PFF,73.73971144358316,1.4066374205451375,73.7% ± 1.4%,0,0,0,RW-Waist + 1000.0,TNC,73.7% ± 1.4%,1000,RW-Waist,Full Finetuning
TS2Vec Encoder,73.49896430969238,1.358087468734094,73.5% ± 1.4%,0,0,0,RW-Thigh + 50.0,TNC,73.5% ± 1.4%,50,RW-Thigh,Full Finetuning
TS-TCC Encoder,73.3358939488729,0.5764653107124577,73.3% ± 0.6%,0,0,0,WISDM + 50.0,TNC,73.3% ± 0.6%,50,WISDM,Full Finetuning
IMU Transformer,73.16384116808572,3.52824582285391,73.2% ± 3.5%,0,0,0,MS + 200.0,TNC,73.2% ± 3.5%,200,MS,Full Finetuning
CNN-PFF,73.07338515917459,2.1890139777854816,73.1% ± 2.2%,0,0,0,RW-Thigh + 100.0,TNC,73.1% ± 2.2%,100,RW-Thigh,Full Finetuning
RNN,72.70865241686502,0.09664611670662848,72.7% ± 0.1%,0,0,0,WISDM + 1000.0,TNC,72.7% ± 0.1%,1000,WISDM,Full Finetuning
RNN,72.6930320262909,8.239573662460538,72.7% ± 8.2%,0,0,0,MS + 1000.0,TNC,72.7% ± 8.2%,1000,MS,Full Finetuning
CNN-PFF,72.5694457689921,2.592639658766772,72.6% ± 2.6%,0,0,0,RW-Waist + 200.0,TNC,72.6% ± 2.6%,200,RW-Waist,Full Finetuning
TS2Vec Encoder,72.56784439086914,5.886275022479727,72.6% ± 5.9%,0,0,0,WISDM + 25.0,TNC,72.6% ± 5.9%,25,WISDM,Full Finetuning
ResNet-SE-5,72.4419335524241,2.356556350945245,72.4% ± 2.4%,0,0,0,MS + 5.0,TNC,72.4% ± 2.4%,5,MS,Full Finetuning
TS-TCC Encoder,72.25673000017801,2.3876922576142836,72.3% ± 2.4%,0,0,0,RW-Thigh + 100.0,TNC,72.3% ± 2.4%,100,RW-Thigh,Full Finetuning
IMU Transformer,72.20942179361978,3.816424569255129,72.2% ± 3.8%,0,0,0,WISDM + 25.0,TNC,72.2% ± 3.8%,25,WISDM,Full Finetuning
IMU Transformer,72.19083507855734,5.04653276594501,72.2% ± 5.0%,0,0,0,MS + 100.0,TNC,72.2% ± 5.0%,100,MS,Full Finetuning
TS2Vec Encoder,72.02898661295572,3.8426278941296332,72.0% ± 3.8%,0,0,0,UCI + 10.0,TNC,72.0% ± 3.8%,10,UCI,Full Finetuning
ResNet-SE-5,71.95216019948325,3.036832062941396,72.0% ± 3.0%,0,0,0,RW-Waist + 1000.0,TNC,72.0% ± 3.0%,1000,RW-Waist,Full Finetuning
CNN-PFF,71.73353830973306,3.2200820412293107,71.7% ± 3.2%,0,0,0,RW-Waist + 100.0,TNC,71.7% ± 3.2%,100,RW-Waist,Full Finetuning
CNN-PFF,71.540637811025,0.7364013393505978,71.5% ± 0.7%,0,0,0,RW-Waist + 50.0,TNC,71.5% ± 0.7%,50,RW-Waist,Full Finetuning
ResNet-SE-5,71.24935984611511,0.28307156181425636,71.2% ± 0.3%,0,0,0,WISDM + 5.0,TNC,71.2% ± 0.3%,5,WISDM,Full Finetuning
TS2Vec Encoder,71.18702530860901,1.1282120063173453,71.2% ± 1.1%,0,0,0,RW-Thigh + 100.0,TNC,71.2% ± 1.1%,100,RW-Thigh,Full Finetuning
TS2Vec Encoder,71.11111283302307,3.3375308387476874,71.1% ± 3.3%,0,0,0,UCI + 5.0,TNC,71.1% ± 3.3%,5,UCI,Full Finetuning
CNN-PFF,71.00299000740051,1.8260239231314646,71.0% ± 1.8%,0,0,0,RW-Thigh + 50.0,TNC,71.0% ± 1.8%,50,RW-Thigh,Full Finetuning
TS-TCC Encoder,70.91097434361777,1.140284387196946,70.9% ± 1.1%,0,0,0,RW-Thigh + 50.0,TNC,70.9% ± 1.1%,50,RW-Thigh,Full Finetuning
RNN,70.89093724886575,1.8828968225804938,70.9% ± 1.9%,0,0,0,WISDM + 200.0,TNC,70.9% ± 1.9%,200,WISDM,Full Finetuning
IMU Transformer,70.89093526204428,3.1846264994486244,70.9% ± 3.2%,0,0,0,WISDM + 200.0,TNC,70.9% ± 3.2%,200,WISDM,Full Finetuning
RNN,70.84118127822876,8.95793048404014,70.8% ± 9.0%,0,0,0,MS + 200.0,TNC,70.8% ± 9.0%,200,MS,Full Finetuning
TS2Vec Encoder,70.7561731338501,0.8211342183256136,70.8% ± 0.8%,0,0,0,RW-Waist + 200.0,TNC,70.8% ± 0.8%,200,RW-Waist,Full Finetuning
IMU Transformer,70.7470178604126,5.774925115470677,70.7% ± 5.8%,0,0,0,MS + 50.0,TNC,70.7% ± 5.8%,50,MS,Full Finetuning
ResNet-SE-5,70.73844075202942,1.773313856904329,70.7% ± 1.8%,0,0,0,RW-Thigh + 200.0,TNC,70.7% ± 1.8%,200,RW-Thigh,Full Finetuning
TS-TCC Encoder,70.71563005447388,1.2313259559544372,70.7% ± 1.2%,0,0,0,MS + 25.0,TNC,70.7% ± 1.2%,25,MS,Full Finetuning
RNN,70.53251465161642,0.8149423746201583,70.5% ± 0.8%,0,0,0,WISDM + 100.0,TNC,70.5% ± 0.8%,100,WISDM,Full Finetuning
ResNet-SE-5,70.49897313117981,2.758510904991787,70.5% ± 2.8%,0,0,0,RW-Waist + 200.0,TNC,70.5% ± 2.8%,200,RW-Waist,Full Finetuning
TS-TCC Encoder,70.46238581339517,4.6130496612981755,70.5% ± 4.6%,0,0,0,RW-Thigh + 1000.0,TNC,70.5% ± 4.6%,1000,RW-Thigh,Full Finetuning
TS-TCC Encoder,70.17746965090433,4.225724804845007,70.2% ± 4.2%,0,0,0,RW-Waist + 1000.0,TNC,70.2% ± 4.2%,1000,RW-Waist,Full Finetuning
ResNet-SE-5,70.13888955116272,2.083331346511841,70.1% ± 2.1%,0,0,0,KH + 5.0,TNC,70.1% ± 2.1%,5,KH,Full Finetuning
CNN-PFF,70.09661992390951,4.8768355554380465,70.1% ± 4.9%,0,0,0,UCI + 10.0,TNC,70.1% ± 4.9%,10,UCI,Full Finetuning
TS-TCC Encoder,70.08448640505472,2.7859647409110853,70.1% ± 2.8%,0,0,0,WISDM + 10.0,TNC,70.1% ± 2.8%,10,WISDM,Full Finetuning
TS2Vec Encoder,69.99372243881226,3.8884803281338565,70.0% ± 3.9%,0,0,0,MS + 25.0,TNC,70.0% ± 3.9%,25,MS,Full Finetuning
IMU Transformer,69.98207767804465,2.8815508910224765,70.0% ± 2.9%,0,0,0,WISDM + 50.0,TNC,70.0% ± 2.9%,50,WISDM,Full Finetuning
TS-TCC Encoder,69.77880795796713,2.8417006940074523,69.8% ± 2.8%,0,0,0,RW-Waist + 200.0,TNC,69.8% ± 2.8%,200,RW-Waist,Full Finetuning
ResNet-SE-5,69.77225740750632,3.9384370740526498,69.8% ± 3.9%,0,0,0,RW-Thigh + 100.0,TNC,69.8% ± 3.9%,100,RW-Thigh,Full Finetuning
ResNet-SE-5,69.66306765874228,2.1729730950648682,69.7% ± 2.2%,0,0,0,RW-Waist + 25.0,TNC,69.7% ± 2.2%,25,RW-Waist,Full Finetuning
ResNet-SE-5,69.5852518081665,2.490836691379463,69.6% ± 2.5%,0,0,0,WISDM + 10.0,TNC,69.6% ± 2.5%,10,WISDM,Full Finetuning
ResNet-SE-5,69.42719221115112,2.092134634680986,69.4% ± 2.1%,0,0,0,RW-Thigh + 50.0,TNC,69.4% ± 2.1%,50,RW-Thigh,Full Finetuning
ResNet-SE-5,69.21296318372092,2.6291231262781922,69.2% ± 2.6%,0,0,0,KH + 100.0,TNC,69.2% ± 2.6%,100,KH,Full Finetuning
TS2Vec Encoder,69.15002663930258,4.53739656781895,69.2% ± 4.5%,0,0,0,WISDM + 10.0,TNC,69.2% ± 4.5%,10,WISDM,Full Finetuning
ResNet-SE-5,69.013112783432,2.971771909563341,69.0% ± 3.0%,0,0,0,RW-Thigh + 1000.0,TNC,69.0% ± 3.0%,1000,RW-Thigh,Full Finetuning
ResNet-SE-5,68.96862188975015,3.073453056598862,69.0% ± 3.1%,0,0,0,RW-Waist + 100.0,TNC,69.0% ± 3.1%,100,RW-Waist,Full Finetuning
RNN,68.9324120680491,0.6912440061590629,68.9% ± 0.7%,0,0,0,WISDM + 50.0,TNC,68.9% ± 0.7%,50,WISDM,Full Finetuning
IMU Transformer,68.9068098862966,2.940066239278368,68.9% ± 2.9%,0,0,0,WISDM + 10.0,TNC,68.9% ± 2.9%,10,WISDM,Full Finetuning
CNN-PFF,68.86574029922485,0.9121582496157721,68.9% ± 0.9%,0,0,0,RW-Waist + 25.0,TNC,68.9% ± 0.9%,25,RW-Waist,Full Finetuning
IMU Transformer,68.84280641873679,1.1171968940863084,68.8% ± 1.1%,0,0,0,WISDM + 100.0,TNC,68.8% ± 1.1%,100,WISDM,Full Finetuning
IMU Transformer,68.8010056813558,6.213499623884579,68.8% ± 6.2%,0,0,0,MS + 25.0,TNC,68.8% ± 6.2%,25,MS,Full Finetuning
TS2Vec Encoder,68.61053506533304,2.185747939881067,68.6% ± 2.2%,0,0,0,RW-Thigh + 25.0,TNC,68.6% ± 2.2%,25,RW-Thigh,Full Finetuning
ResNet-SE-5,68.58281890551248,0.612849060052679,68.6% ± 0.6%,0,0,0,RW-Waist + 50.0,TNC,68.6% ± 0.6%,50,RW-Waist,Full Finetuning
CNN-PFF,68.05555621782938,4.811251096154958,68.1% ± 4.8%,0,0,0,KH + 25.0,TNC,68.1% ± 4.8%,25,KH,Full Finetuning
TS2Vec Encoder,67.9655353228251,1.695045516546078,68.0% ± 1.7%,0,0,0,RW-Waist + 50.0,TNC,68.0% ± 1.7%,50,RW-Waist,Full Finetuning
IMU Transformer,67.72119402885437,1.1918310332577577,67.7% ± 1.2%,0,0,0,RW-Waist + 1000.0,TNC,67.7% ± 1.2%,1000,RW-Waist,Full Finetuning
TS-TCC Encoder,67.49871969223022,2.838233453852898,67.5% ± 2.8%,0,0,0,WISDM + 5.0,TNC,67.5% ± 2.8%,5,WISDM,Full Finetuning
IMU Transformer,67.48792131741843,3.638613573071846,67.5% ± 3.6%,0,0,0,UCI + 5.0,TNC,67.5% ± 3.6%,5,UCI,Full Finetuning
ResNet-SE-5,67.36111243565878,7.316428291647169,67.4% ± 7.3%,0,0,0,KH + 200.0,TNC,67.4% ± 7.3%,200,KH,Full Finetuning
TS-TCC Encoder,67.25822885831198,0.8464237955680705,67.3% ± 0.8%,0,0,0,RW-Waist + 100.0,TNC,67.3% ± 0.8%,100,RW-Waist,Full Finetuning
TS2Vec Encoder,67.2072688738505,6.660955463676041,67.2% ± 6.7%,0,0,0,RW-Thigh + 200.0,TNC,67.2% ± 6.7%,200,RW-Thigh,Full Finetuning
ResNet-SE-5,66.89814925193787,6.0672865033612755,66.9% ± 6.1%,0,0,0,KH + 50.0,TNC,66.9% ± 6.1%,50,KH,Full Finetuning
IMU Transformer,66.76328579584757,6.383945562113616,66.8% ± 6.4%,0,0,0,UCI + 10.0,TNC,66.8% ± 6.4%,10,UCI,Full Finetuning
TS2Vec Encoder,66.71810746192932,2.0092622248310295,66.7% ± 2.0%,0,0,0,RW-Waist + 25.0,TNC,66.7% ± 2.0%,25,RW-Waist,Full Finetuning
RNN,66.58950646718344,2.736477774057184,66.6% ± 2.7%,0,0,0,RW-Waist + 1000.0,TNC,66.6% ± 2.7%,1000,RW-Waist,Full Finetuning
TS-TCC Encoder,66.29859606424967,1.1723771329994066,66.3% ± 1.2%,0,0,0,RW-Thigh + 200.0,TNC,66.3% ± 1.2%,200,RW-Thigh,Full Finetuning
IMU Transformer,66.0236636797587,2.6610117875990666,66.0% ± 2.7%,0,0,0,RW-Waist + 200.0,TNC,66.0% ± 2.7%,200,RW-Waist,Full Finetuning
ResNet-SE-5,65.97222089767456,5.423784412362085,66.0% ± 5.4%,0,0,0,KH + 10.0,TNC,66.0% ± 5.4%,10,KH,Full Finetuning
TS2Vec Encoder,65.9207820892334,0.6796389619748091,65.9% ± 0.7%,0,0,0,RW-Waist + 100.0,TNC,65.9% ± 0.7%,100,RW-Waist,Full Finetuning
CNN-PFF,65.88581601778665,4.422845845354709,65.9% ± 4.4%,0,0,0,WISDM + 10.0,TNC,65.9% ± 4.4%,10,WISDM,Full Finetuning
TS-TCC Encoder,65.81920981407166,5.6079754491718,65.8% ± 5.6%,0,0,0,MS + 10.0,TNC,65.8% ± 5.6%,10,MS,Full Finetuning
ResNet-SE-5,65.65447449684143,3.966952877930806,65.7% ± 4.0%,0,0,0,RW-Thigh + 25.0,TNC,65.7% ± 4.0%,25,RW-Thigh,Full Finetuning
TS-TCC Encoder,65.50724705060324,1.0040885617948212,65.5% ± 1.0%,0,0,0,UCI + 10.0,TNC,65.5% ± 1.0%,10,UCI,Full Finetuning
ResNet-SE-5,65.27490218480429,2.1982440381135673,65.3% ± 2.2%,0,0,0,RW-Thigh + 10.0,TNC,65.3% ± 2.2%,10,RW-Thigh,Full Finetuning
RNN,64.92753624916077,3.463131693160057,64.9% ± 3.5%,0,0,0,UCI + 50.0,TNC,64.9% ± 3.5%,50,UCI,Full Finetuning
RNN,64.78909452756247,1.781525684707256,64.8% ± 1.8%,0,0,0,RW-Waist + 200.0,TNC,64.8% ± 1.8%,200,RW-Waist,Full Finetuning
ResNet-SE-5,64.58333134651184,9.845448871010703,64.6% ± 9.8%,0,0,0,KH + 1000.0,TNC,64.6% ± 9.8%,1000,KH,Full Finetuning
TS2Vec Encoder,64.35185273488364,2.1215638333788016,64.4% ± 2.1%,0,0,0,KH + 100.0,TNC,64.4% ± 2.1%,100,KH,Full Finetuning
RNN,64.24984137217203,4.926510865698083,64.2% ± 4.9%,0,0,0,MS + 100.0,TNC,64.2% ± 4.9%,100,MS,Full Finetuning
RNN,64.23450907071432,2.3711244118194545,64.2% ± 2.4%,0,0,0,WISDM + 25.0,TNC,64.2% ± 2.4%,25,WISDM,Full Finetuning
TS-TCC Encoder,64.19753034909567,5.675231435650976,64.2% ± 5.7%,0,0,0,RW-Waist + 50.0,TNC,64.2% ± 5.7%,50,RW-Waist,Full Finetuning
TS2Vec Encoder,63.837687174479164,8.195604683557091,63.8% ± 8.2%,0,0,0,WISDM + 5.0,TNC,63.8% ± 8.2%,5,WISDM,Full Finetuning
TS-TCC Encoder,63.74511122703552,1.0365395751239463,63.7% ± 1.0%,0,0,0,RW-Thigh + 25.0,TNC,63.7% ± 1.0%,25,RW-Thigh,Full Finetuning
IMU Transformer,63.65740696589152,6.81594220738898,63.7% ± 6.8%,0,0,0,KH + 50.0,TNC,63.7% ± 6.8%,50,KH,Full Finetuning
IMU Transformer,63.194445768992104,4.336805756285046,63.2% ± 4.3%,0,0,0,KH + 10.0,TNC,63.2% ± 4.3%,10,KH,Full Finetuning
CNN-PFF,63.170001904169716,2.4390885308237995,63.2% ± 2.4%,0,0,0,RW-Thigh + 25.0,TNC,63.2% ± 2.4%,25,RW-Thigh,Full Finetuning
CNN-PFF,62.946859995524086,5.636047751899674,62.9% ± 5.6%,0,0,0,UCI + 5.0,TNC,62.9% ± 5.6%,5,UCI,Full Finetuning
IMU Transformer,62.512860695521034,2.8721761446633733,62.5% ± 2.9%,0,0,0,RW-Waist + 100.0,TNC,62.5% ± 2.9%,100,RW-Waist,Full Finetuning
ResNet-SE-5,62.461419900258385,2.4682291084480235,62.5% ± 2.5%,0,0,0,RW-Waist + 10.0,TNC,62.5% ± 2.5%,10,RW-Waist,Full Finetuning
TS-TCC Encoder,62.46076623598734,2.723111641727316,62.5% ± 2.7%,0,0,0,MS + 5.0,TNC,62.5% ± 2.7%,5,MS,Full Finetuning
IMU Transformer,62.0370348294576,2.0046876699582517,62.0% ± 2.0%,0,0,0,KH + 200.0,TNC,62.0% ± 2.0%,200,KH,Full Finetuning
ResNet-SE-5,61.835747957229614,6.61341716393676,61.8% ± 6.6%,0,0,0,UCI + 1.0,TNC,61.8% ± 6.6%,1,UCI,Full Finetuning
TS-TCC Encoder,61.805556217829384,6.172358500944616,61.8% ± 6.2%,0,0,0,KH + 50.0,TNC,61.8% ± 6.2%,50,KH,Full Finetuning
TS2Vec Encoder,61.805556217829384,9.027776122093364,61.8% ± 9.0%,0,0,0,KH + 200.0,TNC,61.8% ± 9.0%,200,KH,Full Finetuning
IMU Transformer,61.71274979909261,7.067616046879252,61.7% ± 7.1%,0,0,0,WISDM + 5.0,TNC,61.7% ± 7.1%,5,WISDM,Full Finetuning
IMU Transformer,61.70922517776489,2.778651621505799,61.7% ± 2.8%,0,0,0,RW-Thigh + 200.0,TNC,61.7% ± 2.8%,200,RW-Thigh,Full Finetuning
RNN,61.64469520250956,3.0892196239386513,61.6% ± 3.1%,0,0,0,MS + 50.0,TNC,61.6% ± 3.1%,50,MS,Full Finetuning
CNN-PFF,61.496911446253456,1.8746186401162566,61.5% ± 1.9%,0,0,0,RW-Waist + 10.0,TNC,61.5% ± 1.9%,10,RW-Waist,Full Finetuning
IMU Transformer,61.329652865727745,2.613022665822437,61.3% ± 2.6%,0,0,0,RW-Thigh + 25.0,TNC,61.3% ± 2.6%,25,RW-Thigh,Full Finetuning
IMU Transformer,60.69703300793966,1.1868465579596787,60.7% ± 1.2%,0,0,0,RW-Thigh + 100.0,TNC,60.7% ± 1.2%,100,RW-Thigh,Full Finetuning
RNN,60.605013370513916,1.8129351515340348,60.6% ± 1.8%,0,0,0,RW-Thigh + 200.0,TNC,60.6% ± 1.8%,200,RW-Thigh,Full Finetuning
TS-TCC Encoder,60.57971119880676,2.514398247912783,60.6% ± 2.5%,0,0,0,UCI + 5.0,TNC,60.6% ± 2.5%,5,UCI,Full Finetuning
IMU Transformer,60.4938288529714,3.074098006745073,60.5% ± 3.1%,0,0,0,RW-Waist + 25.0,TNC,60.5% ± 3.1%,25,RW-Waist,Full Finetuning
TS-TCC Encoder,60.416666666666664,3.472223877907226,60.4% ± 3.5%,0,0,0,KH + 25.0,TNC,60.4% ± 3.5%,25,KH,Full Finetuning
CNN-PFF,60.37808656692505,2.5986583304753252,60.4% ± 2.6%,0,0,0,RW-Waist + 5.0,TNC,60.4% ± 2.6%,5,RW-Waist,Full Finetuning
IMU Transformer,60.32896240552267,2.315113840144124,60.3% ± 2.3%,0,0,0,RW-Thigh + 1000.0,TNC,60.3% ± 2.3%,1000,RW-Thigh,Full Finetuning
IMU Transformer,60.30092636744181,5.029656697382295,60.3% ± 5.0%,0,0,0,RW-Waist + 50.0,TNC,60.3% ± 5.0%,50,RW-Waist,Full Finetuning
IMU Transformer,60.106716553370156,8.122708642860482,60.1% ± 8.1%,0,0,0,MS + 10.0,TNC,60.1% ± 8.1%,10,MS,Full Finetuning
RNN,60.08230447769165,4.53220807891388,60.1% ± 4.5%,0,0,0,RW-Waist + 100.0,TNC,60.1% ± 4.5%,100,RW-Waist,Full Finetuning
TS-TCC Encoder,59.72222089767456,3.1823437990490255,59.7% ± 3.2%,0,0,0,KH + 10.0,TNC,59.7% ± 3.2%,10,KH,Full Finetuning
TS-TCC Encoder,59.696503480275474,4.666827336150976,59.7% ± 4.7%,0,0,0,RW-Waist + 25.0,TNC,59.7% ± 4.7%,25,RW-Waist,Full Finetuning
CNN-PFF,59.600613514582314,4.0344512640336285,59.6% ± 4.0%,0,0,0,WISDM + 5.0,TNC,59.6% ± 4.0%,5,WISDM,Full Finetuning
RNN,59.52380895614624,2.1302035796889704,59.5% ± 2.1%,0,0,0,RW-Thigh + 1000.0,TNC,59.5% ± 2.1%,1000,RW-Thigh,Full Finetuning
IMU Transformer,59.36277906099955,7.425752802568628,59.4% ± 7.4%,0,0,0,RW-Thigh + 50.0,TNC,59.4% ± 7.4%,50,RW-Thigh,Full Finetuning
ResNet-SE-5,59.178187449773155,13.288747522691196,59.2% ± 13.3%,0,0,0,WISDM + 1.0,TNC,59.2% ± 13.3%,1,WISDM,Full Finetuning
IMU Transformer,58.56481393178304,7.425469050257402,58.6% ± 7.4%,0,0,0,KH + 100.0,TNC,58.6% ± 7.4%,100,KH,Full Finetuning
IMU Transformer,58.537352085113525,5.072815996521126,58.5% ± 5.1%,0,0,0,MS + 5.0,TNC,58.5% ± 5.1%,5,MS,Full Finetuning
RNN,58.39763482411703,1.3147515906417728,58.4% ± 1.3%,0,0,0,RW-Waist + 50.0,TNC,58.4% ± 1.3%,50,RW-Waist,Full Finetuning
IMU Transformer,58.333333333333336,3.472223877907226,58.3% ± 3.5%,0,0,0,KH + 5.0,TNC,58.3% ± 3.5%,5,KH,Full Finetuning
ResNet-SE-5,58.333333333333336,5.24294150111245,58.3% ± 5.2%,0,0,0,KH + 25.0,TNC,58.3% ± 5.2%,25,KH,Full Finetuning
TS-TCC Encoder,58.10185273488363,5.023734741814688,58.1% ± 5.0%,0,0,0,KH + 200.0,TNC,58.1% ± 5.0%,200,KH,Full Finetuning
TS2Vec Encoder,57.87037014961243,9.37714308574813,57.9% ± 9.4%,0,0,0,KH + 10.0,TNC,57.9% ± 9.4%,10,KH,Full Finetuning
TS-TCC Encoder,57.87037014961243,3.5636141971638424,57.9% ± 3.6%,0,0,0,KH + 100.0,TNC,57.9% ± 3.6%,100,KH,Full Finetuning
TS2Vec Encoder,57.40740696589152,5.303905031067063,57.4% ± 5.3%,0,0,0,KH + 1000.0,TNC,57.4% ± 5.3%,1000,KH,Full Finetuning
TS2Vec Encoder,56.931583086649574,5.169514093764234,56.9% ± 5.2%,0,0,0,RW-Waist + 5.0,TNC,56.9% ± 5.2%,5,RW-Waist,Full Finetuning
RNN,56.87830646832784,1.2074014660803485,56.9% ± 1.2%,0,0,0,RW-Thigh + 100.0,TNC,56.9% ± 1.2%,100,RW-Thigh,Full Finetuning
TS2Vec Encoder,56.71296318372091,6.956007148410202,56.7% ± 7.0%,0,0,0,KH + 25.0,TNC,56.7% ± 7.0%,25,KH,Full Finetuning
CNN-PFF,56.712961196899414,14.23752184061847,56.7% ± 14.2%,0,0,0,KH + 200.0,TNC,56.7% ± 14.2%,200,KH,Full Finetuning
ResNet-SE-5,56.682769457499184,4.301063320257118,56.7% ± 4.3%,0,0,0,RW-Thigh + 5.0,TNC,56.7% ± 4.3%,5,RW-Thigh,Full Finetuning
CNN-PFF,56.089138984680176,1.836358041219708,56.1% ± 1.8%,0,0,0,MS + 10.0,TNC,56.1% ± 1.8%,10,MS,Full Finetuning
TS-TCC Encoder,56.01851940155029,5.212190694912071,56.0% ± 5.2%,0,0,0,KH + 5.0,TNC,56.0% ± 5.2%,5,KH,Full Finetuning
IMU Transformer,56.0185174147288,8.371825545856861,56.0% ± 8.4%,0,0,0,KH + 1000.0,TNC,56.0% ± 8.4%,1000,KH,Full Finetuning
RNN,55.80665469169617,1.9305104825349837,55.8% ± 1.9%,0,0,0,MS + 25.0,TNC,55.8% ± 1.9%,25,MS,Full Finetuning
IMU Transformer,55.64557711283366,4.974656076699578,55.6% ± 5.0%,0,0,0,RW-Waist + 10.0,TNC,55.6% ± 5.0%,10,RW-Waist,Full Finetuning
CNN-PFF,55.55555522441864,17.718542321888258,55.6% ± 17.7%,0,0,0,KH + 1000.0,TNC,55.6% ± 17.7%,1000,KH,Full Finetuning
TS2Vec Encoder,55.44053316116333,2.8169566558832515,55.4% ± 2.8%,0,0,0,RW-Thigh + 10.0,TNC,55.4% ± 2.8%,10,RW-Thigh,Full Finetuning
ResNet-SE-5,55.32407561937968,3.824702149733836,55.3% ± 3.8%,0,0,0,KH + 1.0,TNC,55.3% ± 3.8%,1,KH,Full Finetuning
TS2Vec Encoder,55.265700817108154,8.889543991264867,55.3% ± 8.9%,0,0,0,UCI + 1.0,TNC,55.3% ± 8.9%,1,UCI,Full Finetuning
ResNet-SE-5,54.51388955116272,5.392546617922153,54.5% ± 5.4%,0,0,0,RW-Waist + 5.0,TNC,54.5% ± 5.4%,5,RW-Waist,Full Finetuning
TS2Vec Encoder,54.05092636744181,6.076970275359998,54.1% ± 6.1%,0,0,0,RW-Waist + 10.0,TNC,54.1% ± 6.1%,10,RW-Waist,Full Finetuning
RNN,53.93518606821696,1.7476492723250863,53.9% ± 1.7%,0,0,0,KH + 1000.0,TNC,53.9% ± 1.7%,1000,KH,Full Finetuning
ResNet-SE-5,53.73509029547373,5.280070798400681,53.7% ± 5.3%,0,0,0,MS + 1.0,TNC,53.7% ± 5.3%,1,MS,Full Finetuning
TS2Vec Encoder,53.70370546976725,3.2075030249538186,53.7% ± 3.2%,0,0,0,KH + 50.0,TNC,53.7% ± 3.2%,50,KH,Full Finetuning
IMU Transformer,53.4046471118927,4.426578405236687,53.4% ± 4.4%,0,0,0,RW-Thigh + 10.0,TNC,53.4% ± 4.4%,10,RW-Thigh,Full Finetuning
IMU Transformer,53.39506169160207,6.265105535838737,53.4% ± 6.3%,0,0,0,RW-Waist + 5.0,TNC,53.4% ± 6.3%,5,RW-Waist,Full Finetuning
IMU Transformer,53.327056765556335,5.851188795416346,53.3% ± 5.9%,0,0,0,MS + 1.0,TNC,53.3% ± 5.9%,1,MS,Full Finetuning
IMU Transformer,53.186104695002236,2.7906242415874116,53.2% ± 2.8%,0,0,0,RW-Thigh + 5.0,TNC,53.2% ± 2.8%,5,RW-Thigh,Full Finetuning
IMU Transformer,52.777778108914696,8.533475781927406,52.8% ± 8.5%,0,0,0,KH + 25.0,TNC,52.8% ± 8.5%,25,KH,Full Finetuning
RNN,52.777777115503945,2.5038578994721292,52.8% ± 2.5%,0,0,0,KH + 100.0,TNC,52.8% ± 2.5%,100,KH,Full Finetuning
TS-TCC Encoder,52.777777115503945,1.8373270490348912,52.8% ± 1.8%,0,0,0,KH + 1000.0,TNC,52.8% ± 1.8%,1000,KH,Full Finetuning
RNN,52.44996647040049,5.562196361633499,52.4% ± 5.6%,0,0,0,RW-Thigh + 50.0,TNC,52.4% ± 5.6%,50,RW-Thigh,Full Finetuning
TS-TCC Encoder,52.3579478263855,2.8589108306278033,52.4% ± 2.9%,0,0,0,RW-Thigh + 10.0,TNC,52.4% ± 2.9%,10,RW-Thigh,Full Finetuning
TS2Vec Encoder,51.62037114302317,5.023734535831801,51.6% ± 5.0%,0,0,0,KH + 5.0,TNC,51.6% ± 5.0%,5,KH,Full Finetuning
RNN,51.388887564341225,0.6944447755834915,51.4% ± 0.7%,0,0,0,KH + 200.0,TNC,51.4% ± 0.7%,200,KH,Full Finetuning
RNN,51.15740696589152,1.0607806160100157,51.2% ± 1.1%,0,0,0,KH + 50.0,TNC,51.2% ± 1.1%,50,KH,Full Finetuning
CNN-PFF,51.067169507344566,0.6940803326508549,51.1% ± 0.7%,0,0,0,MS + 5.0,TNC,51.1% ± 0.7%,5,MS,Full Finetuning
ResNet-SE-5,50.92592537403107,2.7788500502139053,50.9% ± 2.8%,0,0,0,RW-Waist + 1.0,TNC,50.9% ± 2.8%,1,RW-Waist,Full Finetuning
TS-TCC Encoder,50.823046763738,3.4073889109153015,50.8% ± 3.4%,0,0,0,RW-Waist + 10.0,TNC,50.8% ± 3.4%,10,RW-Waist,Full Finetuning
IMU Transformer,50.19201238950094,5.367697983939649,50.2% ± 5.4%,0,0,0,WISDM + 1.0,TNC,50.2% ± 5.4%,1,WISDM,Full Finetuning
TS-TCC Encoder,49.72993930180867,5.051360782548266,49.7% ± 5.1%,0,0,0,RW-Waist + 5.0,TNC,49.7% ± 5.1%,5,RW-Waist,Full Finetuning
RNN,49.42029019196828,3.0675369079587833,49.4% ± 3.1%,0,0,0,UCI + 25.0,TNC,49.4% ± 3.1%,25,UCI,Full Finetuning
RNN,49.18074607849121,2.5607068624618265,49.2% ± 2.6%,0,0,0,WISDM + 10.0,TNC,49.2% ± 2.6%,10,WISDM,Full Finetuning
RNN,48.95833233992259,1.0939374671548658,49.0% ± 1.1%,0,0,0,RW-Waist + 25.0,TNC,49.0% ± 1.1%,25,RW-Waist,Full Finetuning
TS2Vec Encoder,48.775894443194076,13.996914415709924,48.8% ± 14.0%,0,0,0,MS + 10.0,TNC,48.8% ± 14.0%,10,MS,Full Finetuning
CNN-PFF,48.481711745262146,2.2027497285488,48.5% ± 2.2%,0,0,0,RW-Thigh + 10.0,TNC,48.5% ± 2.2%,10,RW-Thigh,Full Finetuning
IMU Transformer,48.40579827626546,6.290589943204745,48.4% ± 6.3%,0,0,0,UCI + 1.0,TNC,48.4% ± 6.3%,1,UCI,Full Finetuning
TS-TCC Encoder,48.17953507105509,1.3785433061043584,48.2% ± 1.4%,0,0,0,MS + 1.0,TNC,48.2% ± 1.4%,1,MS,Full Finetuning
TS-TCC Encoder,47.91666666666667,2.4056238274395936,47.9% ± 2.4%,0,0,0,KH + 1.0,TNC,47.9% ± 2.4%,1,KH,Full Finetuning
CNN-PFF,47.826087474823,5.8834155536882715,47.8% ± 5.9%,0,0,0,UCI + 1.0,TNC,47.8% ± 5.9%,1,UCI,Full Finetuning
TS2Vec Encoder,47.75985678037007,8.059606850680208,47.8% ± 8.1%,0,0,0,WISDM + 1.0,TNC,47.8% ± 8.1%,1,WISDM,Full Finetuning
TS-TCC Encoder,47.734068830808,3.4920441651925946,47.7% ± 3.5%,0,0,0,RW-Thigh + 5.0,TNC,47.7% ± 3.5%,5,RW-Thigh,Full Finetuning
TS-TCC Encoder,47.503839929898575,12.679094223302268,47.5% ± 12.7%,0,0,0,WISDM + 1.0,TNC,47.5% ± 12.7%,1,WISDM,Full Finetuning
IMU Transformer,46.9907393058141,4.243124740227679,47.0% ± 4.2%,0,0,0,KH + 1.0,TNC,47.0% ± 4.2%,1,KH,Full Finetuning
RNN,46.67586783568065,2.1422809099854727,46.7% ± 2.1%,0,0,0,RW-Thigh + 25.0,TNC,46.7% ± 2.1%,25,RW-Thigh,Full Finetuning
TS2Vec Encoder,46.07658386230469,10.160914287089733,46.1% ± 10.2%,0,0,0,MS + 5.0,TNC,46.1% ± 10.2%,5,MS,Full Finetuning
CNN-PFF,45.967742800712585,9.859715480948003,46.0% ± 9.9%,0,0,0,WISDM + 1.0,TNC,46.0% ± 9.9%,1,WISDM,Full Finetuning
CNN-PFF,45.83333184321721,27.751722807130818,45.8% ± 27.8%,0,0,0,KH + 50.0,TNC,45.8% ± 27.8%,50,KH,Full Finetuning
RNN,45.79409956932068,1.1034787869579992,45.8% ± 1.1%,0,0,0,MS + 10.0,TNC,45.8% ± 1.1%,10,MS,Full Finetuning
TS2Vec Encoder,45.422130823135376,1.976334871485662,45.4% ± 2.0%,0,0,0,RW-Thigh + 5.0,TNC,45.4% ± 2.0%,5,RW-Thigh,Full Finetuning
RNN,45.37037014961243,1.603749791839024,45.4% ± 1.6%,0,0,0,KH + 25.0,TNC,45.4% ± 1.6%,25,KH,Full Finetuning
TS-TCC Encoder,45.36231954892476,2.564029195101735,45.4% ± 2.6%,0,0,0,UCI + 1.0,TNC,45.4% ± 2.6%,1,UCI,Full Finetuning
CNN-PFF,45.1388880610466,30.357627937427488,45.1% ± 30.4%,0,0,0,KH + 100.0,TNC,45.1% ± 30.4%,100,KH,Full Finetuning
TS-TCC Encoder,44.663065671920776,3.4594091268238167,44.7% ± 3.5%,0,0,0,RW-Waist + 1.0,TNC,44.7% ± 3.5%,1,RW-Waist,Full Finetuning
RNN,44.1756268342336,1.8184816599033669,44.2% ± 1.8%,0,0,0,WISDM + 5.0,TNC,44.2% ± 1.8%,5,WISDM,Full Finetuning
CNN-PFF,43.22521289189656,0.5694455919048824,43.2% ± 0.6%,0,0,0,RW-Thigh + 5.0,TNC,43.2% ± 0.6%,5,RW-Thigh,Full Finetuning
RNN,42.31884082158406,2.1349160807483387,42.3% ± 2.1%,0,0,0,UCI + 10.0,TNC,42.3% ± 2.1%,10,UCI,Full Finetuning
RNN,42.12962985038757,1.7476461143938606,42.1% ± 1.7%,0,0,0,KH + 10.0,TNC,42.1% ± 1.7%,10,KH,Full Finetuning
TS2Vec Encoder,41.85956815878551,4.774608534064176,41.9% ± 4.8%,0,0,0,RW-Waist + 1.0,TNC,41.9% ± 4.8%,1,RW-Waist,Full Finetuning
RNN,40.540194511413574,1.4380842394783868,40.5% ± 1.4%,0,0,0,WISDM + 1.0,TNC,40.5% ± 1.4%,1,WISDM,Full Finetuning
IMU Transformer,39.91258343060811,7.108128129635406,39.9% ± 7.1%,0,0,0,RW-Thigh + 1.0,TNC,39.9% ± 7.1%,1,RW-Thigh,Full Finetuning
TS-TCC Encoder,39.786059657732636,6.428878874878653,39.8% ± 6.4%,0,0,0,RW-Thigh + 1.0,TNC,39.8% ± 6.4%,1,RW-Thigh,Full Finetuning
RNN,39.22705352306366,2.477934923807565,39.2% ± 2.5%,0,0,0,UCI + 5.0,TNC,39.2% ± 2.5%,5,UCI,Full Finetuning
IMU Transformer,38.85030845801036,13.211073530619391,38.9% ± 13.2%,0,0,0,RW-Waist + 1.0,TNC,38.9% ± 13.2%,1,RW-Waist,Full Finetuning
RNN,38.79472613334656,0.6790113170380739,38.8% ± 0.7%,0,0,0,MS + 5.0,TNC,38.8% ± 0.7%,5,MS,Full Finetuning
RNN,38.657406965891525,3.9487784892592295,38.7% ± 3.9%,0,0,0,KH + 5.0,TNC,38.7% ± 3.9%,5,KH,Full Finetuning
CNN-PFF,38.19444477558136,18.608161879280914,38.2% ± 18.6%,0,0,0,RW-Waist + 1.0,TNC,38.2% ± 18.6%,1,RW-Waist,Full Finetuning
ResNet-SE-5,36.910513043403625,6.040257740238761,36.9% ± 6.0%,0,0,0,RW-Thigh + 1.0,TNC,36.9% ± 6.0%,1,RW-Thigh,Full Finetuning
RNN,36.50977412859599,0.36668112983951445,36.5% ± 0.4%,0,0,0,RW-Waist + 10.0,TNC,36.5% ± 0.4%,10,RW-Waist,Full Finetuning
RNN,36.35840713977814,0.8566620069293169,36.4% ± 0.9%,0,0,0,RW-Thigh + 10.0,TNC,36.4% ± 0.9%,10,RW-Thigh,Full Finetuning
RNN,35.36231815814972,1.9172106378755926,35.4% ± 1.9%,0,0,0,UCI + 1.0,TNC,35.4% ± 1.9%,1,UCI,Full Finetuning
RNN,34.70209340254466,0.07183149409440757,34.7% ± 0.1%,0,0,0,RW-Thigh + 5.0,TNC,34.7% ± 0.1%,5,RW-Thigh,Full Finetuning
CNN-PFF,31.575643519560497,8.456946323291739,31.6% ± 8.5%,0,0,0,MS + 1.0,TNC,31.6% ± 8.5%,1,MS,Full Finetuning
RNN,30.877057711283367,2.8145949968033928,30.9% ± 2.8%,0,0,0,RW-Waist + 5.0,TNC,30.9% ± 2.8%,5,RW-Waist,Full Finetuning
CNN-PFF,30.555555721124012,12.861291596084834,30.6% ± 12.9%,0,0,0,KH + 5.0,TNC,30.6% ± 12.9%,5,KH,Full Finetuning
CNN-PFF,30.354267358779907,10.628598117886042,30.4% ± 10.6%,0,0,0,RW-Thigh + 1.0,TNC,30.4% ± 10.6%,1,RW-Thigh,Full Finetuning
RNN,30.05401194095611,2.6446470654003362,30.1% ± 2.6%,0,0,0,RW-Waist + 1.0,TNC,30.1% ± 2.6%,1,RW-Waist,Full Finetuning
RNN,29.974889755249016,1.9396739194884587,30.0% ± 1.9%,0,0,0,MS + 1.0,TNC,30.0% ± 1.9%,1,MS,Full Finetuning
TS2Vec Encoder,28.625235458215077,12.01183387952988,28.6% ± 12.0%,0,0,0,MS + 1.0,TNC,28.6% ± 12.0%,1,MS,Full Finetuning
TS2Vec Encoder,27.041637400786072,4.296078158414953,27.0% ± 4.3%,0,0,0,RW-Thigh + 1.0,TNC,27.0% ± 4.3%,1,RW-Thigh,Full Finetuning
RNN,26.38888955116272,17.193636985328315,26.4% ± 17.2%,0,0,0,KH + 1.0,TNC,26.4% ± 17.2%,1,KH,Full Finetuning
RNN,24.833218753337853,5.903478669958724,24.8% ± 5.9%,0,0,0,RW-Thigh + 1.0,TNC,24.8% ± 5.9%,1,RW-Thigh,Full Finetuning
TS2Vec Encoder,24.305556217829384,13.230943955701905,24.3% ± 13.2%,0,0,0,KH + 1.0,TNC,24.3% ± 13.2%,1,KH,Full Finetuning
CNN-PFF,20.601852238178253,0.801874895919512,20.6% ± 0.8%,0,0,0,KH + 10.0,TNC,20.6% ± 0.8%,10,KH,Full Finetuning
CNN-PFF,19.67592636744181,5.212189834593127,19.7% ± 5.2%,0,0,0,KH + 1.0,TNC,19.7% ± 5.2%,1,KH,Full Finetuning
