Backbone,Mean,Std,Mean ± Std,Wins,Losses,Net Score,Dataset,Technique,Performance,Data Percentage,Dataset Name,ft_strategy
CNN-PFF,89.704958597819,1.5652804804178782,89.7% ± 1.6%,0,0,0,MS + 1000.0,TFC,89.7% ± 1.6%,1000,MS,Freeze
CNN-PFF,89.661834637324,1.6797412815084785,89.7% ± 1.7%,0,0,0,UCI + 1000.0,TFC,89.7% ± 1.7%,1000,UCI,Freeze
TS2Vec Encoder,89.17874495188394,1.846524199844792,89.2% ± 1.8%,0,0,0,UCI + 1000.0,TFC,89.2% ± 1.8%,1000,UCI,Freeze
CNN-PFF,88.84057998657227,0.9503550915584009,88.8% ± 1.0%,0,0,0,UCI + 200.0,TFC,88.8% ± 1.0%,200,UCI,Freeze
CNN-PFF,88.82611592610678,1.8363584487283022,88.8% ± 1.8%,0,0,0,MS + 200.0,TFC,88.8% ± 1.8%,200,MS,Freeze
CNN-PFF,88.66917888323465,0.7611015544669655,88.7% ± 0.8%,0,0,0,MS + 100.0,TFC,88.7% ± 0.8%,100,MS,Freeze
TS2Vec Encoder,88.06763291358948,4.7414435303936715,88.1% ± 4.7%,0,0,0,UCI + 200.0,TFC,88.1% ± 4.7%,200,UCI,Freeze
CNN-PFF,87.72946993509927,0.5857189012596073,87.7% ± 0.6%,0,0,0,UCI + 100.0,TFC,87.7% ± 0.6%,100,UCI,Freeze
CNN-PFF,87.19917933146158,1.3660335620168957,87.2% ± 1.4%,0,0,0,WISDM + 1000.0,TFC,87.2% ± 1.4%,1000,WISDM,Freeze
CNN-PFF,86.94287339846292,1.087288286100675,86.9% ± 1.1%,0,0,0,MS + 50.0,TFC,86.9% ± 1.1%,50,MS,Freeze
CNN-PFF,86.2209657828013,1.3720965673644008,86.2% ± 1.4%,0,0,0,MS + 25.0,TFC,86.2% ± 1.4%,25,MS,Freeze
CNN-PFF,85.80389221509299,1.3890511895313091,85.8% ± 1.4%,0,0,0,WISDM + 200.0,TFC,85.8% ± 1.4%,200,WISDM,Freeze
CNN-PFF,85.74879368146262,1.95696969103572,85.7% ± 2.0%,0,0,0,UCI + 50.0,TFC,85.7% ± 2.0%,50,UCI,Freeze
TS2Vec Encoder,85.74879169464111,3.5509696659608103,85.7% ± 3.6%,0,0,0,UCI + 50.0,TFC,85.7% ± 3.6%,50,UCI,Freeze
CNN-PFF,84.65181787808737,2.2439463114243883,84.7% ± 2.2%,0,0,0,WISDM + 100.0,TFC,84.7% ± 2.2%,100,WISDM,Freeze
TS2Vec Encoder,84.54106450080872,6.052931004577383,84.5% ± 6.1%,0,0,0,UCI + 100.0,TFC,84.5% ± 6.1%,100,UCI,Freeze
TS2Vec Encoder,84.05797084172568,1.708671713513079,84.1% ± 1.7%,0,0,0,UCI + 25.0,TFC,84.1% ± 1.7%,25,UCI,Freeze
CNN-PFF,84.0245763460795,2.31404776510402,84.0% ± 2.3%,0,0,0,WISDM + 50.0,TFC,84.0% ± 2.3%,50,WISDM,Freeze
CNN-PFF,81.35265707969666,2.0564063557434094,81.4% ± 2.1%,0,0,0,UCI + 25.0,TFC,81.4% ± 2.1%,25,UCI,Freeze
TS2Vec Encoder,81.14439249038696,2.5014698173063,81.1% ± 2.5%,0,0,0,WISDM + 1000.0,TFC,81.1% ± 2.5%,1000,WISDM,Freeze
TS-TCC Encoder,79.9027144908905,1.0089925847400272,79.9% ± 1.0%,0,0,0,WISDM + 1000.0,TFC,79.9% ± 1.0%,1000,WISDM,Freeze
RNN,78.96825472513834,2.940818684615219,79.0% ± 2.9%,0,0,0,WISDM + 200.0,TFC,79.0% ± 2.9%,200,WISDM,Freeze
TS2Vec Encoder,78.76344323158264,4.67990293602515,78.8% ± 4.7%,0,0,0,WISDM + 200.0,TFC,78.8% ± 4.7%,200,WISDM,Freeze
TS-TCC Encoder,78.68800957997641,4.19029766516419,78.7% ± 4.2%,0,0,0,MS + 1000.0,TFC,78.7% ± 4.2%,1000,MS,Freeze
ResNet-SE-5,78.62263123194376,0.4483920359160352,78.6% ± 0.4%,0,0,0,WISDM + 1000.0,TFC,78.6% ± 0.4%,1000,WISDM,Freeze
TS-TCC Encoder,78.562460343043,4.783145545776498,78.6% ± 4.8%,0,0,0,MS + 100.0,TFC,78.6% ± 4.8%,100,MS,Freeze
TS2Vec Encoder,78.4055252869924,3.3967971936539594,78.4% ± 3.4%,0,0,0,MS + 200.0,TFC,78.4% ± 3.4%,200,MS,Freeze
TS2Vec Encoder,78.4055252869924,3.654567204603355,78.4% ± 3.7%,0,0,0,MS + 1000.0,TFC,78.4% ± 3.7%,1000,MS,Freeze
TS-TCC Encoder,78.37413549423218,4.072256116425327,78.4% ± 4.1%,0,0,0,MS + 200.0,TFC,78.4% ± 4.1%,200,MS,Freeze
RNN,78.28981081644693,3.039461444936703,78.3% ± 3.0%,0,0,0,WISDM + 100.0,TFC,78.3% ± 3.0%,100,WISDM,Freeze
TS-TCC Encoder,78.12303900718689,4.040561604304236,78.1% ± 4.0%,0,0,0,MS + 25.0,TFC,78.1% ± 4.0%,25,MS,Freeze
TS-TCC Encoder,78.12303702036539,4.634389191650231,78.1% ± 4.6%,0,0,0,MS + 50.0,TFC,78.1% ± 4.6%,50,MS,Freeze
RNN,78.09779842694601,1.4085538878313384,78.1% ± 1.4%,0,0,0,WISDM + 1000.0,TFC,78.1% ± 1.4%,1000,WISDM,Freeze
RNN,78.00819277763367,2.9398174144011158,78.0% ± 2.9%,0,0,0,WISDM + 50.0,TFC,78.0% ± 2.9%,50,WISDM,Freeze
ResNet-SE-5,77.81617840131125,2.686067334201663,77.8% ± 2.7%,0,0,0,WISDM + 100.0,TFC,77.8% ± 2.7%,100,WISDM,Freeze
ResNet-SE-5,77.76497602462769,1.2742440654948104,77.8% ± 1.3%,0,0,0,WISDM + 200.0,TFC,77.8% ± 1.3%,200,WISDM,Freeze
TS2Vec Encoder,77.68361369768778,5.180618615270074,77.7% ± 5.2%,0,0,0,MS + 100.0,TFC,77.7% ± 5.2%,100,MS,Freeze
TS-TCC Encoder,77.59856581687927,0.49527899640574874,77.6% ± 0.5%,0,0,0,WISDM + 50.0,TFC,77.6% ± 0.5%,50,WISDM,Freeze
CNN-PFF,77.48335798581442,0.8460170761850941,77.5% ± 0.8%,0,0,0,WISDM + 25.0,TFC,77.5% ± 0.8%,25,WISDM,Freeze
TS2Vec Encoder,77.07373102506003,10.468526775046946,77.1% ± 10.5%,0,0,0,WISDM + 50.0,TFC,77.1% ± 10.5%,50,WISDM,Freeze
CNN-PFF,76.91511313120523,1.3350962295327955,76.9% ± 1.3%,0,0,0,RW-Thigh + 200.0,TFC,76.9% ± 1.3%,200,RW-Thigh,Freeze
TS2Vec Encoder,76.8689195315043,5.657860085242264,76.9% ± 5.7%,0,0,0,WISDM + 100.0,TFC,76.9% ± 5.7%,100,WISDM,Freeze
CNN-PFF,76.82613134384155,1.166586711134867,76.8% ± 1.2%,0,0,0,RW-Waist + 1000.0,TFC,76.8% ± 1.2%,1000,RW-Waist,Freeze
TS2Vec Encoder,76.76182985305786,2.98500716175534,76.8% ± 3.0%,0,0,0,RW-Waist + 100.0,TFC,76.8% ± 3.0%,100,RW-Waist,Freeze
TS-TCC Encoder,76.52329802513123,3.725102954326077,76.5% ± 3.7%,0,0,0,WISDM + 200.0,TFC,76.5% ± 3.7%,200,WISDM,Freeze
CNN-PFF,76.50462786356607,0.8346184732568698,76.5% ± 0.8%,0,0,0,RW-Waist + 100.0,TFC,76.5% ± 0.8%,100,RW-Waist,Freeze
RNN,76.44649346669516,2.9623043677548413,76.4% ± 3.0%,0,0,0,WISDM + 25.0,TFC,76.4% ± 3.0%,25,WISDM,Freeze
CNN-PFF,76.42051974932352,0.9222573821122815,76.4% ± 0.9%,0,0,0,RW-Thigh + 100.0,TFC,76.4% ± 0.9%,100,RW-Thigh,Freeze
CNN-PFF,76.40174825986227,1.2443770298718955,76.4% ± 1.2%,0,0,0,RW-Waist + 200.0,TFC,76.4% ± 1.2%,200,RW-Waist,Freeze
TS-TCC Encoder,76.38248801231384,3.2916540591229895,76.4% ± 3.3%,0,0,0,WISDM + 100.0,TFC,76.4% ± 3.3%,100,WISDM,Freeze
ResNet-SE-5,76.08286341031393,2.404356397894878,76.1% ± 2.4%,0,0,0,MS + 200.0,TFC,76.1% ± 2.4%,200,MS,Freeze
TS2Vec Encoder,75.99022587140402,1.956719963389142,76.0% ± 2.0%,0,0,0,RW-Waist + 50.0,TFC,76.0% ± 2.0%,50,RW-Waist,Freeze
TS2Vec Encoder,75.74879129727682,3.7015672973613967,75.7% ± 3.7%,0,0,0,UCI + 10.0,TFC,75.7% ± 3.7%,10,UCI,Freeze
CNN-PFF,75.68438053131104,0.581854481697025,75.7% ± 0.6%,0,0,0,RW-Thigh + 1000.0,TFC,75.7% ± 0.6%,1000,RW-Thigh,Freeze
ResNet-SE-5,75.67482789357504,2.477611510278771,75.7% ± 2.5%,0,0,0,MS + 1000.0,TFC,75.7% ± 2.5%,1000,MS,Freeze
ResNet-SE-5,75.39234161376953,2.8472653012107267,75.4% ± 2.8%,0,0,0,MS + 100.0,TFC,75.4% ± 2.8%,100,MS,Freeze
TS2Vec Encoder,75.33436020215353,4.144698218357236,75.3% ± 4.1%,0,0,0,RW-Waist + 200.0,TFC,75.3% ± 4.1%,200,RW-Waist,Freeze
ResNet-SE-5,75.31400918960571,2.1018646023393375,75.3% ± 2.1%,0,0,0,UCI + 200.0,TFC,75.3% ± 2.1%,200,UCI,Freeze
CNN-PFF,75.2314805984497,3.1314233905037456,75.2% ± 3.1%,0,0,0,KH + 200.0,TFC,75.2% ± 3.1%,200,KH,Freeze
TS2Vec Encoder,75.20576119422913,2.9989387854785026,75.2% ± 3.0%,0,0,0,RW-Waist + 1000.0,TFC,75.2% ± 3.0%,1000,RW-Waist,Freeze
ResNet-SE-5,75.16908248265585,0.8855198413445752,75.2% ± 0.9%,0,0,0,UCI + 1000.0,TFC,75.2% ± 0.9%,1000,UCI,Freeze
TS-TCC Encoder,74.98719890912375,3.6602056837323635,75.0% ± 3.7%,0,0,0,WISDM + 25.0,TFC,75.0% ± 3.7%,25,WISDM,Freeze
CNN-PFF,74.67043201128641,5.997608463596625,74.7% ± 6.0%,0,0,0,MS + 10.0,TFC,74.7% ± 6.0%,10,MS,Freeze
CNN-PFF,74.53703681627908,2.8912041556692114,74.5% ± 2.9%,0,0,0,KH + 50.0,TFC,74.5% ± 2.9%,50,KH,Freeze
CNN-PFF,74.43415522575378,1.354343278752059,74.4% ± 1.4%,0,0,0,RW-Waist + 50.0,TFC,74.4% ± 1.4%,50,RW-Waist,Freeze
ResNet-SE-5,74.3215560913086,4.392398196231253,74.3% ± 4.4%,0,0,0,WISDM + 50.0,TFC,74.3% ± 4.4%,50,WISDM,Freeze
ResNet-SE-5,74.00966286659241,0.8240936723257798,74.0% ± 0.8%,0,0,0,UCI + 100.0,TFC,74.0% ± 0.8%,100,UCI,Freeze
TS-TCC Encoder,73.85436296463013,2.6337300640598036,73.9% ± 2.6%,0,0,0,MS + 10.0,TFC,73.9% ± 2.6%,10,MS,Freeze
CNN-PFF,73.84259303410849,4.009375339916503,73.8% ± 4.0%,0,0,0,KH + 1000.0,TFC,73.8% ± 4.0%,1000,KH,Freeze
RNN,73.8095243771871,1.0166242292138392,73.8% ± 1.0%,0,0,0,RW-Thigh + 1000.0,TFC,73.8% ± 1.0%,1000,RW-Thigh,Freeze
CNN-PFF,73.61111044883728,3.4722208976745605,73.6% ± 3.5%,0,0,0,KH + 100.0,TFC,73.6% ± 3.5%,100,KH,Freeze
CNN-PFF,73.37962985038757,2.1215605816791427,73.4% ± 2.1%,0,0,0,KH + 25.0,TFC,73.4% ± 2.1%,25,KH,Freeze
RNN,72.47332135836282,4.215609714131136,72.5% ± 4.2%,0,0,0,MS + 100.0,TFC,72.5% ± 4.2%,100,MS,Freeze
ResNet-SE-5,72.25361069043478,3.721880738376898,72.3% ± 3.7%,0,0,0,MS + 50.0,TFC,72.3% ± 3.7%,50,MS,Freeze
TS2Vec Encoder,72.22222288449606,2.0041245118977495,72.2% ± 2.0%,0,0,0,MS + 50.0,TFC,72.2% ± 2.0%,50,MS,Freeze
RNN,71.93973660469055,1.7964975815877244,71.9% ± 1.8%,0,0,0,MS + 200.0,TFC,71.9% ± 1.8%,200,MS,Freeze
RNN,71.8426525592804,2.6802061768322885,71.8% ± 2.7%,0,0,0,RW-Thigh + 100.0,TFC,71.8% ± 2.7%,100,RW-Thigh,Freeze
RNN,71.78280154863992,1.9350994861389765,71.8% ± 1.9%,0,0,0,MS + 1000.0,TFC,71.8% ± 1.9%,1000,MS,Freeze
RNN,71.70462409655252,1.1792959366203413,71.7% ± 1.2%,0,0,0,RW-Thigh + 200.0,TFC,71.7% ± 1.2%,200,RW-Thigh,Freeze
RNN,70.96673051516214,3.1741562164401147,71.0% ± 3.2%,0,0,0,MS + 50.0,TFC,71.0% ± 3.2%,50,MS,Freeze
ResNet-SE-5,70.96618413925171,3.80785382415137,71.0% ± 3.8%,0,0,0,UCI + 50.0,TFC,71.0% ± 3.8%,50,UCI,Freeze
CNN-PFF,70.91049353281656,1.7818058402680965,70.9% ± 1.8%,0,0,0,RW-Waist + 25.0,TFC,70.9% ± 1.8%,25,RW-Waist,Freeze
TS2Vec Encoder,70.5900808175405,3.8941786331458688,70.6% ± 3.9%,0,0,0,MS + 25.0,TFC,70.6% ± 3.9%,25,MS,Freeze
ResNet-SE-5,70.57741085688272,1.450234058301083,70.6% ± 1.5%,0,0,0,RW-Thigh + 200.0,TFC,70.6% ± 1.5%,200,RW-Thigh,Freeze
CNN-PFF,70.55440545082092,3.0873885830479515,70.6% ± 3.1%,0,0,0,RW-Thigh + 25.0,TFC,70.6% ± 3.1%,25,RW-Thigh,Freeze
ResNet-SE-5,70.5314020315806,3.7718304021506555,70.5% ± 3.8%,0,0,0,UCI + 25.0,TFC,70.5% ± 3.8%,25,UCI,Freeze
ResNet-SE-5,70.46238780021667,0.7591426372528076,70.5% ± 0.8%,0,0,0,RW-Thigh + 1000.0,TFC,70.5% ± 0.8%,1000,RW-Thigh,Freeze
TS2Vec Encoder,70.05981206893921,4.472738615405817,70.1% ± 4.5%,0,0,0,RW-Thigh + 1000.0,TFC,70.1% ± 4.5%,1000,RW-Thigh,Freeze
TS2Vec Encoder,69.40604050954184,5.506480979320526,69.4% ± 5.5%,0,0,0,WISDM + 25.0,TFC,69.4% ± 5.5%,25,WISDM,Freeze
CNN-PFF,69.32367285092673,5.819402510691747,69.3% ± 5.8%,0,0,0,UCI + 10.0,TFC,69.3% ± 5.8%,10,UCI,Freeze
ResNet-SE-5,69.30320262908936,0.8982498842404407,69.3% ± 0.9%,0,0,0,MS + 25.0,TFC,69.3% ± 0.9%,25,MS,Freeze
IMU Transformer,69.1116233666738,16.85064510076673,69.1% ± 16.9%,0,0,0,WISDM + 1000.0,TFC,69.1% ± 16.9%,1000,WISDM,Freeze
ResNet-SE-5,69.01311477025351,1.1757573285932834,69.0% ± 1.2%,0,0,0,RW-Thigh + 100.0,TFC,69.0% ± 1.2%,100,RW-Thigh,Freeze
RNN,68.9579407374064,2.723111641727316,69.0% ± 2.7%,0,0,0,MS + 25.0,TFC,69.0% ± 2.7%,25,MS,Freeze
ResNet-SE-5,68.75,3.027011863780497,68.8% ± 3.0%,0,0,0,KH + 100.0,TFC,68.8% ± 3.0%,100,KH,Freeze
TS2Vec Encoder,68.67283781369528,2.0414741234532796,68.7% ± 2.0%,0,0,0,RW-Waist + 25.0,TFC,68.7% ± 2.0%,25,RW-Waist,Freeze
RNN,68.38197708129883,5.5814934175580975,68.4% ± 5.6%,0,0,0,WISDM + 10.0,TFC,68.4% ± 5.6%,10,WISDM,Freeze
ResNet-SE-5,68.28703880310059,0.40093615748134204,68.3% ± 0.4%,0,0,0,KH + 200.0,TFC,68.3% ± 0.4%,200,KH,Freeze
ResNet-SE-5,68.24845671653748,1.660294454646732,68.2% ± 1.7%,0,0,0,RW-Waist + 200.0,TFC,68.2% ± 1.7%,200,RW-Waist,Freeze
ResNet-SE-5,68.20796132087708,3.3587373805771086,68.2% ± 3.4%,0,0,0,RW-Thigh + 50.0,TFC,68.2% ± 3.4%,50,RW-Thigh,Freeze
CNN-PFF,68.13894510269165,13.336922602323009,68.1% ± 13.3%,0,0,0,RW-Thigh + 50.0,TFC,68.1% ± 13.3%,50,RW-Thigh,Freeze
TS-TCC Encoder,67.8240736325582,1.7476465091372697,67.8% ± 1.7%,0,0,0,KH + 200.0,TFC,67.8% ± 1.7%,200,KH,Freeze
ResNet-SE-5,67.8240716457367,2.8065634261967056,67.8% ± 2.8%,0,0,0,KH + 1000.0,TFC,67.8% ± 2.8%,1000,KH,Freeze
TS2Vec Encoder,67.74787306785583,2.9119391585617294,67.7% ± 2.9%,0,0,0,RW-Thigh + 100.0,TFC,67.7% ± 2.9%,100,RW-Thigh,Freeze
ResNet-SE-5,67.74691343307495,0.4027882567546711,67.7% ± 0.4%,0,0,0,RW-Waist + 1000.0,TFC,67.7% ± 0.4%,1000,RW-Waist,Freeze
CNN-PFF,67.63967275619507,2.024666162431099,67.6% ± 2.0%,0,0,0,MS + 5.0,TFC,67.6% ± 2.0%,5,MS,Freeze
IMU Transformer,67.61392752329508,15.806207468496373,67.6% ± 15.8%,0,0,0,WISDM + 100.0,TFC,67.6% ± 15.8%,100,WISDM,Freeze
TS-TCC Encoder,67.59259303410849,5.303905031067063,67.6% ± 5.3%,0,0,0,KH + 100.0,TFC,67.6% ± 5.3%,100,KH,Freeze
TS2Vec Encoder,67.43731300036112,5.247418054005306,67.4% ± 5.2%,0,0,0,RW-Thigh + 200.0,TFC,67.4% ± 5.2%,200,RW-Thigh,Freeze
IMU Transformer,67.40911404291788,15.639956595448682,67.4% ± 15.6%,0,0,0,WISDM + 200.0,TFC,67.4% ± 15.6%,200,WISDM,Freeze
ResNet-SE-5,67.14975833892822,4.382312792409128,67.1% ± 4.4%,0,0,0,UCI + 10.0,TFC,67.1% ± 4.4%,10,UCI,Freeze
ResNet-SE-5,67.12962786356607,2.438808487645478,67.1% ± 2.4%,0,0,0,KH + 50.0,TFC,67.1% ± 2.4%,50,KH,Freeze
TS-TCC Encoder,66.95652206738791,0.9050727214469534,67.0% ± 0.9%,0,0,0,UCI + 1000.0,TFC,67.0% ± 0.9%,1000,UCI,Freeze
ResNet-SE-5,66.94958806037903,1.4813676699269993,66.9% ± 1.5%,0,0,0,RW-Waist + 100.0,TFC,66.9% ± 1.5%,100,RW-Waist,Freeze
IMU Transformer,66.67946577072144,15.015524516570672,66.7% ± 15.0%,0,0,0,WISDM + 50.0,TFC,66.7% ± 15.0%,50,WISDM,Freeze
ResNet-SE-5,66.36761029561362,3.1554770786090343,66.4% ± 3.2%,0,0,0,RW-Thigh + 25.0,TFC,66.4% ± 3.2%,25,RW-Thigh,Freeze
TS2Vec Encoder,66.2410875161489,7.365055466673931,66.2% ± 7.4%,0,0,0,RW-Thigh + 50.0,TFC,66.2% ± 7.4%,50,RW-Thigh,Freeze
ResNet-SE-5,65.75360099474588,1.504794729903446,65.8% ± 1.5%,0,0,0,RW-Waist + 50.0,TFC,65.8% ± 1.5%,50,RW-Waist,Freeze
TS2Vec Encoder,65.74074029922485,4.464651859609316,65.7% ± 4.5%,0,0,0,KH + 100.0,TFC,65.7% ± 4.5%,100,KH,Freeze
TS-TCC Encoder,65.54783781369528,1.667006786465141,65.5% ± 1.7%,0,0,0,RW-Waist + 1000.0,TFC,65.5% ± 1.7%,1000,RW-Waist,Freeze
ResNet-SE-5,65.54019451141357,7.318700080108748,65.5% ± 7.3%,0,0,0,WISDM + 25.0,TFC,65.5% ± 7.3%,25,WISDM,Freeze
TS-TCC Encoder,65.36779999732971,3.0744207988318277,65.4% ± 3.1%,0,0,0,RW-Waist + 200.0,TFC,65.4% ± 3.1%,200,RW-Waist,Freeze
CNN-PFF,65.33538301785788,1.8522299867570071,65.3% ± 1.9%,0,0,0,WISDM + 10.0,TFC,65.3% ± 1.9%,10,WISDM,Freeze
TS-TCC Encoder,65.27777711550394,6.839483306949969,65.3% ± 6.8%,0,0,0,KH + 25.0,TFC,65.3% ± 6.8%,25,KH,Freeze
RNN,65.26339848836264,3.6289895124996856,65.3% ± 3.6%,0,0,0,RW-Thigh + 50.0,TFC,65.3% ± 3.6%,50,RW-Thigh,Freeze
ResNet-SE-5,64.81481591860452,2.8065621971696775,64.8% ± 2.8%,0,0,0,KH + 25.0,TFC,64.8% ± 2.8%,25,KH,Freeze
TS2Vec Encoder,64.81481393178305,1.0607806160100157,64.8% ± 1.1%,0,0,0,KH + 50.0,TFC,64.8% ± 1.1%,50,KH,Freeze
TS-TCC Encoder,64.60573474566141,6.6481016900927,64.6% ± 6.6%,0,0,0,WISDM + 10.0,TFC,64.6% ± 6.6%,10,WISDM,Freeze
RNN,64.57047263781229,1.563490586946153,64.6% ± 1.6%,0,0,0,RW-Waist + 1000.0,TFC,64.6% ± 1.6%,1000,RW-Waist,Freeze
TS-TCC Encoder,64.54106171925864,0.16734579944862313,64.5% ± 0.2%,0,0,0,UCI + 200.0,TFC,64.5% ± 0.2%,200,UCI,Freeze
TS2Vec Encoder,64.4777258237203,8.255994748729659,64.5% ± 8.3%,0,0,0,WISDM + 10.0,TFC,64.5% ± 8.3%,10,WISDM,Freeze
TS-TCC Encoder,64.313272635142,5.289998381632784,64.3% ± 5.3%,0,0,0,RW-Waist + 100.0,TFC,64.3% ± 5.3%,100,RW-Waist,Freeze
TS-TCC Encoder,64.20289675394693,2.332388443174922,64.2% ± 2.3%,0,0,0,UCI + 100.0,TFC,64.2% ± 2.3%,100,UCI,Freeze
TS2Vec Encoder,64.12037014961243,5.023736252354995,64.1% ± 5.0%,0,0,0,KH + 25.0,TFC,64.1% ± 5.0%,25,KH,Freeze
TS-TCC Encoder,64.12037014961243,5.212187915420148,64.1% ± 5.2%,0,0,0,KH + 50.0,TFC,64.1% ± 5.2%,50,KH,Freeze
TS2Vec Encoder,64.12037014961243,8.048768046224634,64.1% ± 8.0%,0,0,0,KH + 1000.0,TFC,64.1% ± 8.0%,1000,KH,Freeze
TS2Vec Encoder,63.67127497990926,8.272054426359363,63.7% ± 8.3%,0,0,0,WISDM + 5.0,TFC,63.7% ± 8.3%,5,WISDM,Freeze
TS2Vec Encoder,63.42592636744181,9.630853382541959,63.4% ± 9.6%,0,0,0,KH + 200.0,TFC,63.4% ± 9.6%,200,KH,Freeze
TS-TCC Encoder,63.23901613553365,4.135221574291669,63.2% ± 4.1%,0,0,0,RW-Thigh + 200.0,TFC,63.2% ± 4.1%,200,RW-Thigh,Freeze
CNN-PFF,63.18840583165487,6.885202958584345,63.2% ± 6.9%,0,0,0,UCI + 5.0,TFC,63.2% ± 6.9%,5,UCI,Freeze
TS2Vec Encoder,62.89855241775513,5.99832004585525,62.9% ± 6.0%,0,0,0,UCI + 5.0,TFC,62.9% ± 6.0%,5,UCI,Freeze
RNN,62.87762522697449,7.141859183080953,62.9% ± 7.1%,0,0,0,WISDM + 5.0,TFC,62.9% ± 7.1%,5,WISDM,Freeze
TS-TCC Encoder,62.77463833491007,10.054773603966423,62.8% ± 10.1%,0,0,0,MS + 5.0,TFC,62.8% ± 10.1%,5,MS,Freeze
RNN,62.705761194229126,2.1040671888543674,62.7% ± 2.1%,0,0,0,RW-Waist + 200.0,TFC,62.7% ± 2.1%,200,RW-Waist,Freeze
TS-TCC Encoder,62.3878538608551,3.326081089168827,62.4% ± 3.3%,0,0,0,RW-Thigh + 100.0,TFC,62.4% ± 3.3%,100,RW-Thigh,Freeze
RNN,62.10133830706278,3.3053916310582485,62.1% ± 3.3%,0,0,0,RW-Waist + 100.0,TFC,62.1% ± 3.3%,100,RW-Waist,Freeze
TS-TCC Encoder,62.04278667767843,6.331081786243496,62.0% ± 6.3%,0,0,0,RW-Thigh + 1000.0,TFC,62.0% ± 6.3%,1000,RW-Thigh,Freeze
TS-TCC Encoder,61.88405752182007,2.0547030914482027,61.9% ± 2.1%,0,0,0,UCI + 50.0,TFC,61.9% ± 2.1%,50,UCI,Freeze
RNN,61.3811731338501,4.173091539714162,61.4% ± 4.2%,0,0,0,RW-Waist + 50.0,TFC,61.4% ± 4.2%,50,RW-Waist,Freeze
TS2Vec Encoder,61.111112435658775,7.216878364870323,61.1% ± 7.2%,0,0,0,KH + 10.0,TFC,61.1% ± 7.2%,10,KH,Freeze
TS-TCC Encoder,61.085389057795204,7.394971092023937,61.1% ± 7.4%,0,0,0,RW-Waist + 50.0,TFC,61.1% ± 7.4%,50,RW-Waist,Freeze
RNN,61.048336823781334,2.0312215001057763,61.0% ± 2.0%,0,0,0,MS + 10.0,TFC,61.0% ± 2.0%,10,MS,Freeze
TS-TCC Encoder,61.04210019111633,8.1684389337424,61.0% ± 8.2%,0,0,0,RW-Thigh + 25.0,TFC,61.0% ± 8.2%,25,RW-Thigh,Freeze
IMU Transformer,60.765487949053444,11.006999615780991,60.8% ± 11.0%,0,0,0,WISDM + 25.0,TFC,60.8% ± 11.0%,25,WISDM,Freeze
ResNet-SE-5,60.738168160120644,3.3771145667779403,60.7% ± 3.4%,0,0,0,RW-Waist + 25.0,TFC,60.7% ± 3.4%,25,RW-Waist,Freeze
CNN-PFF,60.616517066955566,11.489714393385157,60.6% ± 11.5%,0,0,0,RW-Thigh + 10.0,TFC,60.6% ± 11.5%,10,RW-Thigh,Freeze
RNN,60.48309008280436,0.6693900803460338,60.5% ± 0.7%,0,0,0,UCI + 1000.0,TFC,60.5% ± 0.7%,1000,UCI,Freeze
TS-TCC Encoder,60.478490591049194,7.4316841190396605,60.5% ± 7.4%,0,0,0,RW-Thigh + 50.0,TFC,60.5% ± 7.4%,50,RW-Thigh,Freeze
TS-TCC Encoder,60.416667660077415,10.914052933637205,60.4% ± 10.9%,0,0,0,KH + 1000.0,TFC,60.4% ± 10.9%,1000,KH,Freeze
TS2Vec Encoder,60.416666666666664,2.5038545932013134,60.4% ± 2.5%,0,0,0,KH + 5.0,TFC,60.4% ± 2.5%,5,KH,Freeze
ResNet-SE-5,59.722222884496055,4.861111726079674,59.7% ± 4.9%,0,0,0,KH + 10.0,TFC,59.7% ± 4.9%,10,KH,Freeze
TS-TCC Encoder,59.66183344523112,3.4245032605292476,59.7% ± 3.4%,0,0,0,UCI + 25.0,TFC,59.7% ± 3.4%,25,UCI,Freeze
TS2Vec Encoder,59.57313279310862,11.55176955316659,59.6% ± 11.6%,0,0,0,MS + 10.0,TFC,59.6% ± 11.6%,10,MS,Freeze
TS2Vec Encoder,59.351277351379395,5.845070048527865,59.4% ± 5.8%,0,0,0,RW-Thigh + 25.0,TFC,59.4% ± 5.8%,25,RW-Thigh,Freeze
IMU Transformer,59.32355920473734,3.280532088968328,59.3% ± 3.3%,0,0,0,RW-Waist + 1000.0,TFC,59.3% ± 3.3%,1000,RW-Waist,Freeze
CNN-PFF,59.25925970077515,3.824699083412144,59.3% ± 3.8%,0,0,0,KH + 10.0,TFC,59.3% ± 3.8%,10,KH,Freeze
ResNet-SE-5,59.178743759791054,7.1034208908531875,59.2% ± 7.1%,0,0,0,UCI + 5.0,TFC,59.2% ± 7.1%,5,UCI,Freeze
RNN,58.649645249048866,4.263946485449284,58.6% ± 4.3%,0,0,0,RW-Thigh + 25.0,TFC,58.6% ± 4.3%,25,RW-Thigh,Freeze
TS-TCC Encoder,58.64734252293905,2.1803471781204524,58.6% ± 2.2%,0,0,0,UCI + 10.0,TFC,58.6% ± 2.2%,10,UCI,Freeze
TS-TCC Encoder,58.56481393178304,1.4456025550546374,58.6% ± 1.4%,0,0,0,KH + 5.0,TFC,58.6% ± 1.4%,5,KH,Freeze
TS2Vec Encoder,58.551955223083496,1.0846031313781268,58.6% ± 1.1%,0,0,0,RW-Waist + 10.0,TFC,58.6% ± 1.1%,10,RW-Waist,Freeze
IMU Transformer,58.5509459177653,10.349680529936878,58.6% ± 10.3%,0,0,0,WISDM + 10.0,TFC,58.6% ± 10.3%,10,WISDM,Freeze
RNN,58.53909452756246,5.88906359772897,58.5% ± 5.9%,0,0,0,RW-Waist + 25.0,TFC,58.5% ± 5.9%,25,RW-Waist,Freeze
IMU Transformer,58.474576473236084,8.34383371469244,58.5% ± 8.3%,0,0,0,MS + 1000.0,TFC,58.5% ± 8.3%,1000,MS,Freeze
RNN,58.11594327290853,2.9093991730710993,58.1% ± 2.9%,0,0,0,UCI + 100.0,TFC,58.1% ± 2.9%,100,UCI,Freeze
RNN,58.101850748062134,3.1314233905037456,58.1% ± 3.1%,0,0,0,KH + 200.0,TFC,58.1% ± 3.1%,200,KH,Freeze
RNN,57.87037014961243,5.394065815825476,57.9% ± 5.4%,0,0,0,KH + 1000.0,TFC,57.9% ± 5.4%,1000,KH,Freeze
TS-TCC Encoder,57.590885957082115,8.122945165556049,57.6% ± 8.1%,0,0,0,WISDM + 5.0,TFC,57.6% ± 8.1%,5,WISDM,Freeze
RNN,57.53623048464457,4.039816141886565,57.5% ± 4.0%,0,0,0,UCI + 200.0,TFC,57.5% ± 4.0%,200,UCI,Freeze
ResNet-SE-5,57.43727684020996,1.3959365338785996,57.4% ± 1.4%,0,0,0,WISDM + 10.0,TFC,57.4% ± 1.4%,10,WISDM,Freeze
ResNet-SE-5,57.40740696589152,1.6037480712011387,57.4% ± 1.6%,0,0,0,KH + 5.0,TFC,57.4% ± 1.6%,5,KH,Freeze
ResNet-SE-5,57.28185772895813,2.5568611132980186,57.3% ± 2.6%,0,0,0,MS + 10.0,TFC,57.3% ± 2.6%,10,MS,Freeze
IMU Transformer,57.250471909840904,4.8050285015048715,57.3% ± 4.8%,0,0,0,MS + 25.0,TFC,57.3% ± 4.8%,25,MS,Freeze
TS-TCC Encoder,57.00874527295431,5.840331547665902,57.0% ± 5.8%,0,0,0,RW-Waist + 25.0,TFC,57.0% ± 5.8%,25,RW-Waist,Freeze
IMU Transformer,56.91872239112854,2.1248337259771546,56.9% ± 2.1%,0,0,0,RW-Waist + 200.0,TFC,56.9% ± 2.1%,200,RW-Waist,Freeze
RNN,56.57004714012146,0.743710485968889,56.6% ± 0.7%,0,0,0,UCI + 10.0,TFC,56.6% ± 0.7%,10,UCI,Freeze
CNN-PFF,56.250000993410744,6.487105167578869,56.3% ± 6.5%,0,0,0,RW-Waist + 5.0,TFC,56.3% ± 6.5%,5,RW-Waist,Freeze
CNN-PFF,56.25,9.394270171511238,56.2% ± 9.4%,0,0,0,KH + 5.0,TFC,56.2% ± 9.4%,5,KH,Freeze
IMU Transformer,56.06996019681295,2.3455807342809876,56.1% ± 2.3%,0,0,0,RW-Waist + 100.0,TFC,56.1% ± 2.3%,100,RW-Waist,Freeze
TS-TCC Encoder,55.99033832550049,5.205971078731161,56.0% ± 5.2%,0,0,0,UCI + 5.0,TFC,56.0% ± 5.2%,5,UCI,Freeze
TS2Vec Encoder,55.900816122690834,15.691556315913733,55.9% ± 15.7%,0,0,0,MS + 5.0,TFC,55.9% ± 15.7%,5,MS,Freeze
CNN-PFF,55.64557711283366,4.6226045632469885,55.6% ± 4.6%,0,0,0,RW-Waist + 10.0,TFC,55.6% ± 4.6%,10,RW-Waist,Freeze
CNN-PFF,55.36354382832845,0.9610874950415886,55.4% ± 1.0%,0,0,0,WISDM + 5.0,TFC,55.4% ± 1.0%,5,WISDM,Freeze
IMU Transformer,55.08474508921305,3.821397393624689,55.1% ± 3.8%,0,0,0,MS + 200.0,TFC,55.1% ± 3.8%,200,MS,Freeze
IMU Transformer,54.95919585227966,4.307157171733459,55.0% ± 4.3%,0,0,0,MS + 100.0,TFC,55.0% ± 4.3%,100,MS,Freeze
ResNet-SE-5,54.80966965357462,4.580553714907849,54.8% ± 4.6%,0,0,0,RW-Waist + 10.0,TFC,54.8% ± 4.6%,10,RW-Waist,Freeze
IMU Transformer,54.26867604255676,8.25695508227533,54.3% ± 8.3%,0,0,0,MS + 50.0,TFC,54.3% ± 8.3%,50,MS,Freeze
RNN,54.20289635658264,1.2551089816056409,54.2% ± 1.3%,0,0,0,UCI + 50.0,TFC,54.2% ± 1.3%,50,UCI,Freeze
IMU Transformer,54.166666666666664,3.182344449388419,54.2% ± 3.2%,0,0,0,KH + 1000.0,TFC,54.2% ± 3.2%,1000,KH,Freeze
RNN,54.00966207186381,0.5857191470664121,54.0% ± 0.6%,0,0,0,UCI + 25.0,TFC,54.0% ± 0.6%,25,UCI,Freeze
IMU Transformer,53.755142291386925,4.531714261032829,53.8% ± 4.5%,0,0,0,RW-Waist + 50.0,TFC,53.8% ± 4.5%,50,RW-Waist,Freeze
IMU Transformer,53.70370348294576,1.4456025550546374,53.7% ± 1.4%,0,0,0,KH + 200.0,TFC,53.7% ± 1.4%,200,KH,Freeze
ResNet-SE-5,53.571428855260216,4.323646593925358,53.6% ± 4.3%,0,0,0,WISDM + 5.0,TFC,53.6% ± 4.3%,5,WISDM,Freeze
IMU Transformer,53.34101517995199,10.664273875834992,53.3% ± 10.7%,0,0,0,WISDM + 5.0,TFC,53.3% ± 10.7%,5,WISDM,Freeze
RNN,53.24074029922485,2.4388113163567366,53.2% ± 2.4%,0,0,0,KH + 100.0,TFC,53.2% ± 2.4%,100,KH,Freeze
IMU Transformer,53.00925970077515,6.452482785012442,53.0% ± 6.5%,0,0,0,KH + 5.0,TFC,53.0% ± 6.5%,5,KH,Freeze
IMU Transformer,52.777778108914696,3.1823454248986556,52.8% ± 3.2%,0,0,0,KH + 100.0,TFC,52.8% ± 3.2%,100,KH,Freeze
RNN,52.777777115503945,7.349309322559659,52.8% ± 7.3%,0,0,0,KH + 50.0,TFC,52.8% ± 7.3%,50,KH,Freeze
IMU Transformer,52.772027254104614,1.1156547222777504,52.8% ± 1.1%,0,0,0,RW-Thigh + 1000.0,TFC,52.8% ± 1.1%,1000,RW-Thigh,Freeze
TS2Vec Encoder,52.62249708175659,2.1012206691183573,52.6% ± 2.1%,0,0,0,RW-Thigh + 10.0,TFC,52.6% ± 2.1%,10,RW-Thigh,Freeze
TS-TCC Encoder,52.53343482812246,8.000200283495989,52.5% ± 8.0%,0,0,0,RW-Waist + 10.0,TFC,52.5% ± 8.0%,10,RW-Waist,Freeze
ResNet-SE-5,52.448212107022606,7.163740989426418,52.4% ± 7.2%,0,0,0,MS + 5.0,TFC,52.4% ± 7.2%,5,MS,Freeze
RNN,52.41545836130778,6.733025798353454,52.4% ± 6.7%,0,0,0,RW-Thigh + 10.0,TFC,52.4% ± 6.7%,10,RW-Thigh,Freeze
RNN,52.173913518587746,8.711338697403296,52.2% ± 8.7%,0,0,0,UCI + 5.0,TFC,52.2% ± 8.7%,5,UCI,Freeze
RNN,52.16572483380636,1.2241054039755739,52.2% ± 1.2%,0,0,0,MS + 5.0,TFC,52.2% ± 1.2%,5,MS,Freeze
IMU Transformer,52.08333432674408,2.503856246336676,52.1% ± 2.5%,0,0,0,KH + 50.0,TFC,52.1% ± 2.5%,50,KH,Freeze
RNN,52.070473631223045,7.623122335424709,52.1% ± 7.6%,0,0,0,RW-Waist + 5.0,TFC,52.1% ± 7.6%,5,RW-Waist,Freeze
CNN-PFF,52.01288362344106,7.311592294012302,52.0% ± 7.3%,0,0,0,RW-Thigh + 5.0,TFC,52.0% ± 7.3%,5,RW-Thigh,Freeze
IMU Transformer,51.506590843200684,4.257118964278122,51.5% ± 4.3%,0,0,0,MS + 10.0,TFC,51.5% ± 4.3%,10,MS,Freeze
TS-TCC Encoder,51.388888557751976,7.250211886036677,51.4% ± 7.3%,0,0,0,KH + 10.0,TFC,51.4% ± 7.3%,10,KH,Freeze
IMU Transformer,51.388887564341225,0.6944447755834915,51.4% ± 0.7%,0,0,0,KH + 10.0,TFC,51.4% ± 0.7%,10,KH,Freeze
RNN,51.33744776248932,7.3671437115758645,51.3% ± 7.4%,0,0,0,RW-Waist + 10.0,TFC,51.3% ± 7.4%,10,RW-Waist,Freeze
TS-TCC Encoder,51.2307345867157,12.371086550719838,51.2% ± 12.4%,0,0,0,RW-Thigh + 10.0,TFC,51.2% ± 12.4%,10,RW-Thigh,Freeze
IMU Transformer,51.15740795930227,4.304941213259171,51.2% ± 4.3%,0,0,0,RW-Waist + 25.0,TFC,51.2% ± 4.3%,25,RW-Waist,Freeze
TS2Vec Encoder,50.74588557084402,4.733647948446451,50.7% ± 4.7%,0,0,0,RW-Waist + 5.0,TFC,50.7% ± 4.7%,5,RW-Waist,Freeze
IMU Transformer,50.694443782170616,3.027013914917175,50.7% ± 3.0%,0,0,0,KH + 25.0,TFC,50.7% ± 3.0%,25,KH,Freeze
RNN,49.99999900658925,6.172355650874874,50.0% ± 6.2%,0,0,0,KH + 5.0,TFC,50.0% ± 6.2%,5,KH,Freeze
IMU Transformer,49.56275820732117,1.6827074230671708,49.6% ± 1.7%,0,0,0,RW-Waist + 10.0,TFC,49.6% ± 1.7%,10,RW-Waist,Freeze
RNN,49.30555522441864,3.1823428235382902,49.3% ± 3.2%,0,0,0,KH + 10.0,TFC,49.3% ± 3.2%,10,KH,Freeze
IMU Transformer,49.08976753552754,3.9055456069190786,49.1% ± 3.9%,0,0,0,MS + 5.0,TFC,49.1% ± 3.9%,5,MS,Freeze
IMU Transformer,49.03381665547688,2.8377307364526114,49.0% ± 2.8%,0,0,0,RW-Thigh + 100.0,TFC,49.0% ± 2.8%,100,RW-Thigh,Freeze
RNN,48.84259204069774,4.069072251968767,48.8% ± 4.1%,0,0,0,KH + 25.0,TFC,48.8% ± 4.1%,25,KH,Freeze
IMU Transformer,47.8145847717921,2.5712218106632174,47.8% ± 2.6%,0,0,0,RW-Thigh + 200.0,TFC,47.8% ± 2.6%,200,RW-Thigh,Freeze
IMU Transformer,47.61904776096344,1.725327968597412,47.6% ± 1.7%,0,0,0,RW-Thigh + 50.0,TFC,47.6% ± 1.7%,50,RW-Thigh,Freeze
ResNet-SE-5,47.331492106119796,3.4424213395150316,47.3% ± 3.4%,0,0,0,RW-Thigh + 5.0,TFC,47.3% ± 3.4%,5,RW-Thigh,Freeze
TS-TCC Encoder,47.24794129530589,4.040686143262721,47.2% ± 4.0%,0,0,0,RW-Waist + 5.0,TFC,47.2% ± 4.0%,5,RW-Waist,Freeze
IMU Transformer,46.71037495136261,5.143946860504729,46.7% ± 5.1%,0,0,0,RW-Thigh + 25.0,TFC,46.7% ± 5.1%,25,RW-Thigh,Freeze
TS2Vec Encoder,46.63338363170624,6.33655994067518,46.6% ± 6.3%,0,0,0,WISDM + 1.0,TFC,46.6% ± 6.3%,1,WISDM,Freeze
TS-TCC Encoder,45.387623707453415,7.332732447715625,45.4% ± 7.3%,0,0,0,RW-Thigh + 5.0,TFC,45.4% ± 7.3%,5,RW-Thigh,Freeze
ResNet-SE-5,45.023148258527115,7.160455753811457,45.0% ± 7.2%,0,0,0,RW-Waist + 5.0,TFC,45.0% ± 7.2%,5,RW-Waist,Freeze
RNN,44.81251537799835,7.220232131779213,44.8% ± 7.2%,0,0,0,RW-Thigh + 5.0,TFC,44.8% ± 7.2%,5,RW-Thigh,Freeze
IMU Transformer,44.611625870068856,4.174934384102148,44.6% ± 4.2%,0,0,0,RW-Waist + 5.0,TFC,44.6% ± 4.2%,5,RW-Waist,Freeze
IMU Transformer,43.55877637863159,4.543392367714957,43.6% ± 4.5%,0,0,0,RW-Thigh + 10.0,TFC,43.6% ± 4.5%,10,RW-Thigh,Freeze
TS-TCC Encoder,42.969240744908646,10.720548908497252,43.0% ± 10.7%,0,0,0,MS + 1.0,TFC,43.0% ± 10.7%,1,MS,Freeze
IMU Transformer,42.94685920079548,4.505203689805587,42.9% ± 4.5%,0,0,0,UCI + 200.0,TFC,42.9% ± 4.5%,200,UCI,Freeze
TS2Vec Encoder,42.75362292925517,4.282112398228016,42.8% ± 4.3%,0,0,0,UCI + 1.0,TFC,42.8% ± 4.3%,1,UCI,Freeze
IMU Transformer,42.71814127763112,9.166816926216931,42.7% ± 9.2%,0,0,0,MS + 1.0,TFC,42.7% ± 9.2%,1,MS,Freeze
ResNet-SE-5,42.51207808653514,22.534842552588508,42.5% ± 22.5%,0,0,0,RW-Thigh + 10.0,TFC,42.5% ± 22.5%,10,RW-Thigh,Freeze
IMU Transformer,42.07729498545329,3.359485862893554,42.1% ± 3.4%,0,0,0,UCI + 100.0,TFC,42.1% ± 3.4%,100,UCI,Freeze
IMU Transformer,41.982976595560714,3.599999797133003,42.0% ± 3.6%,0,0,0,RW-Thigh + 5.0,TFC,42.0% ± 3.6%,5,RW-Thigh,Freeze
IMU Transformer,41.35265648365021,3.8517286923778697,41.4% ± 3.9%,0,0,0,UCI + 25.0,TFC,41.4% ± 3.9%,25,UCI,Freeze
IMU Transformer,40.97222288449605,10.91405179587138,41.0% ± 10.9%,0,0,0,KH + 1.0,TFC,41.0% ± 10.9%,1,KH,Freeze
IMU Transformer,40.67632853984833,2.677567203935676,40.7% ± 2.7%,0,0,0,UCI + 50.0,TFC,40.7% ± 2.7%,50,UCI,Freeze
IMU Transformer,40.67632853984833,1.298969116395362,40.7% ± 1.3%,0,0,0,UCI + 1000.0,TFC,40.7% ± 1.3%,1000,UCI,Freeze
IMU Transformer,40.62801897525787,0.9317532582419581,40.6% ± 0.9%,0,0,0,UCI + 1.0,TFC,40.6% ± 0.9%,1,UCI,Freeze
TS2Vec Encoder,40.533701578776046,5.375976628511286,40.5% ± 5.4%,0,0,0,RW-Thigh + 5.0,TFC,40.5% ± 5.4%,5,RW-Thigh,Freeze
CNN-PFF,40.27777711550395,9.722222387790719,40.3% ± 9.7%,0,0,0,KH + 1.0,TFC,40.3% ± 9.7%,1,KH,Freeze
IMU Transformer,39.9999996026357,0.5225432905563495,40.0% ± 0.5%,0,0,0,UCI + 10.0,TFC,40.0% ± 0.5%,10,UCI,Freeze
RNN,39.81481492519379,4.009377060554389,39.8% ± 4.0%,0,0,0,KH + 1.0,TFC,39.8% ± 4.0%,1,KH,Freeze
IMU Transformer,38.937199115753174,1.5963970237696807,38.9% ± 1.6%,0,0,0,UCI + 5.0,TFC,38.9% ± 1.6%,5,UCI,Freeze
TS-TCC Encoder,38.88888855775197,5.687983484268328,38.9% ± 5.7%,0,0,0,UCI + 1.0,TFC,38.9% ± 5.7%,1,UCI,Freeze
RNN,37.89866268634796,3.0879456610487583,37.9% ± 3.1%,0,0,0,RW-Waist + 1.0,TFC,37.9% ± 3.1%,1,RW-Waist,Freeze
TS2Vec Encoder,37.0370368162791,4.243124740227679,37.0% ± 4.2%,0,0,0,KH + 1.0,TFC,37.0% ± 4.2%,1,KH,Freeze
RNN,35.89371914664905,21.702545459724938,35.9% ± 21.7%,0,0,0,UCI + 1.0,TFC,35.9% ± 21.7%,1,UCI,Freeze
ResNet-SE-5,34.02777810891469,10.087388522974086,34.0% ± 10.1%,0,0,0,KH + 1.0,TFC,34.0% ± 10.1%,1,KH,Freeze
RNN,32.92529831329981,16.637737024152656,32.9% ± 16.6%,0,0,0,MS + 1.0,TFC,32.9% ± 16.6%,1,MS,Freeze
IMU Transformer,32.01484928528467,16.144310301268785,32.0% ± 16.1%,0,0,0,WISDM + 1.0,TFC,32.0% ± 16.1%,1,WISDM,Freeze
TS2Vec Encoder,31.584362188975017,3.1288873019092147,31.6% ± 3.1%,0,0,0,RW-Waist + 1.0,TFC,31.6% ± 3.1%,1,RW-Waist,Freeze
TS-TCC Encoder,31.249999503294628,9.027777784145796,31.2% ± 9.0%,0,0,0,KH + 1.0,TFC,31.2% ± 9.0%,1,KH,Freeze
TS-TCC Encoder,30.04370927810669,1.0581390103030692,30.0% ± 1.1%,0,0,0,RW-Thigh + 1.0,TFC,30.0% ± 1.1%,1,RW-Thigh,Freeze
TS-TCC Encoder,29.68509967128436,20.855433943821673,29.7% ± 20.9%,0,0,0,WISDM + 1.0,TFC,29.7% ± 20.9%,1,WISDM,Freeze
CNN-PFF,29.661836226781208,6.9540053406891555,29.7% ± 7.0%,0,0,0,UCI + 1.0,TFC,29.7% ± 7.0%,1,UCI,Freeze
CNN-PFF,27.739197512467694,8.249409206631254,27.7% ± 8.2%,0,0,0,RW-Waist + 1.0,TFC,27.7% ± 8.2%,1,RW-Waist,Freeze
CNN-PFF,26.93031976620356,6.87511276609321,26.9% ± 6.9%,0,0,0,MS + 1.0,TFC,26.9% ± 6.9%,1,MS,Freeze
CNN-PFF,24.407637615998585,4.429805616059681,24.4% ± 4.4%,0,0,0,RW-Thigh + 1.0,TFC,24.4% ± 4.4%,1,RW-Thigh,Freeze
TS2Vec Encoder,23.41494063536326,11.688352516858021,23.4% ± 11.7%,0,0,0,MS + 1.0,TFC,23.4% ± 11.7%,1,MS,Freeze
ResNet-SE-5,23.14009691278139,15.76737958305283,23.1% ± 15.8%,0,0,0,UCI + 1.0,TFC,23.1% ± 15.8%,1,UCI,Freeze
RNN,22.774327298005414,6.856653836127571,22.8% ± 6.9%,0,0,0,RW-Thigh + 1.0,TFC,22.8% ± 6.9%,1,RW-Thigh,Freeze
CNN-PFF,22.734254598617547,7.532071878115451,22.7% ± 7.5%,0,0,0,WISDM + 1.0,TFC,22.7% ± 7.5%,1,WISDM,Freeze
TS2Vec Encoder,21.578099578618996,14.175448286767606,21.6% ± 14.2%,0,0,0,RW-Thigh + 1.0,TFC,21.6% ± 14.2%,1,RW-Thigh,Freeze
TS-TCC Encoder,20.923354228337608,9.400474098679872,20.9% ± 9.4%,0,0,0,RW-Waist + 1.0,TFC,20.9% ± 9.4%,1,RW-Waist,Freeze
ResNet-SE-5,20.59651762247085,5.648207993338563,20.6% ± 5.6%,0,0,0,WISDM + 1.0,TFC,20.6% ± 5.6%,1,WISDM,Freeze
RNN,19.20122827092806,17.97271882326729,19.2% ± 18.0%,0,0,0,WISDM + 1.0,TFC,19.2% ± 18.0%,1,WISDM,Freeze
ResNet-SE-5,18.330194552739457,5.810893637225682,18.3% ± 5.8%,0,0,0,MS + 1.0,TFC,18.3% ± 5.8%,1,MS,Freeze
IMU Transformer,18.31147919098536,3.8901200817494557,18.3% ± 3.9%,0,0,0,RW-Thigh + 1.0,TFC,18.3% ± 3.9%,1,RW-Thigh,Freeze
IMU Transformer,17.991255720456433,6.625514103241723,18.0% ± 6.6%,0,0,0,RW-Waist + 1.0,TFC,18.0% ± 6.6%,1,RW-Waist,Freeze
ResNet-SE-5,17.621348053216927,7.571522654078909,17.6% ± 7.6%,0,0,0,RW-Thigh + 1.0,TFC,17.6% ± 7.6%,1,RW-Thigh,Freeze
ResNet-SE-5,15.290637811024984,1.427642435019109,15.3% ± 1.4%,0,0,0,RW-Waist + 1.0,TFC,15.3% ± 1.4%,1,RW-Waist,Freeze
TS-TCC Encoder,87.0684246222178,0.6940803326508549,87.1% ± 0.7%,0,0,0,MS + 1000.0,LFR,87.1% ± 0.7%,1000,MS,Freeze
TS-TCC Encoder,86.31512920061746,1.2253101428008502,86.3% ± 1.2%,0,0,0,MS + 200.0,LFR,86.3% ± 1.2%,200,MS,Freeze
TS2Vec Encoder,85.27934749921164,2.2129744675806013,85.3% ± 2.2%,0,0,0,MS + 1000.0,LFR,85.3% ± 2.2%,1000,MS,Freeze
TS2Vec Encoder,84.71582134564719,1.1255252538865124,84.7% ± 1.1%,0,0,0,WISDM + 1000.0,LFR,84.7% ± 1.1%,1000,WISDM,Freeze
TS2Vec Encoder,84.68599120775858,1.5360495644015526,84.7% ± 1.5%,0,0,0,UCI + 1000.0,LFR,84.7% ± 1.5%,1000,UCI,Freeze
CNN-PFF,84.63767965634665,3.135262223041022,84.6% ± 3.1%,0,0,0,UCI + 1000.0,LFR,84.6% ± 3.1%,1000,UCI,Freeze
TS-TCC Encoder,84.47260657946268,0.9385706758185965,84.5% ± 0.9%,0,0,0,WISDM + 1000.0,LFR,84.5% ± 0.9%,1000,WISDM,Freeze
TS-TCC Encoder,84.0096632639567,0.16734579944862313,84.0% ± 0.2%,0,0,0,UCI + 1000.0,LFR,84.0% ± 0.2%,1000,UCI,Freeze
CNN-PFF,83.80414247512817,1.4617855434449534,83.8% ± 1.5%,0,0,0,MS + 1000.0,LFR,83.8% ± 1.5%,1000,MS,Freeze
CNN-PFF,83.45888257026672,1.2503806686968335,83.5% ± 1.3%,0,0,0,MS + 200.0,LFR,83.5% ± 1.3%,200,MS,Freeze
IMU Transformer,82.54865010579428,1.2853488791983563,82.5% ± 1.3%,0,0,0,MS + 1000.0,LFR,82.5% ± 1.3%,1000,MS,Freeze
CNN-PFF,82.42447574933371,0.7845133722817118,82.4% ± 0.8%,0,0,0,WISDM + 1000.0,LFR,82.4% ± 0.8%,1000,WISDM,Freeze
CNN-PFF,82.12560415267944,1.6289593439477672,82.1% ± 1.6%,0,0,0,UCI + 200.0,LFR,82.1% ± 1.6%,200,UCI,Freeze
TS2Vec Encoder,81.59420490264893,2.0547030914482027,81.6% ± 2.1%,0,0,0,UCI + 200.0,LFR,81.6% ± 2.1%,200,UCI,Freeze
IMU Transformer,81.54425422350565,0.24912960687655983,81.5% ± 0.2%,0,0,0,MS + 200.0,LFR,81.5% ± 0.2%,200,MS,Freeze
TS-TCC Encoder,81.38731916745505,5.0156915187225595,81.4% ± 5.0%,0,0,0,MS + 100.0,LFR,81.4% ± 5.0%,100,MS,Freeze
TS-TCC Encoder,81.11111323038736,1.8004494333849022,81.1% ± 1.8%,0,0,0,UCI + 200.0,LFR,81.1% ± 1.8%,200,UCI,Freeze
CNN-PFF,80.96618254979452,1.4298202550149766,81.0% ± 1.4%,0,0,0,UCI + 100.0,LFR,81.0% ± 1.4%,100,UCI,Freeze
TS2Vec Encoder,80.86956540743509,1.526903544258707,80.9% ± 1.5%,0,0,0,UCI + 100.0,LFR,80.9% ± 1.5%,100,UCI,Freeze
TS2Vec Encoder,80.85373640060425,4.378616137370714,80.9% ± 4.4%,0,0,0,MS + 100.0,LFR,80.9% ± 4.4%,100,MS,Freeze
ResNet-SE-5,80.53986231486002,2.2467729049605296,80.5% ± 2.2%,0,0,0,MS + 1000.0,LFR,80.5% ± 2.2%,1000,MS,Freeze
TS2Vec Encoder,80.53140044212341,0.22138223652611425,80.5% ± 0.2%,0,0,0,UCI + 50.0,LFR,80.5% ± 0.2%,50,UCI,Freeze
IMU Transformer,80.35074273745218,2.9085473761154734,80.4% ± 2.9%,0,0,0,WISDM + 1000.0,LFR,80.4% ± 2.9%,1000,WISDM,Freeze
TS-TCC Encoder,80.28985659281412,0.5020442808974106,80.3% ± 0.5%,0,0,0,UCI + 100.0,LFR,80.3% ± 0.5%,100,UCI,Freeze
CNN-PFF,80.22598822911581,3.924419742970024,80.2% ± 3.9%,0,0,0,MS + 100.0,LFR,80.2% ± 3.9%,100,MS,Freeze
RNN,80.19460042317709,0.8949504248615191,80.2% ± 0.9%,0,0,0,MS + 1000.0,LFR,80.2% ± 0.9%,1000,MS,Freeze
RNN,80.04352251688638,0.3310947784125085,80.0% ± 0.3%,0,0,0,WISDM + 1000.0,LFR,80.0% ± 0.3%,1000,WISDM,Freeze
TS2Vec Encoder,79.34714357058206,6.095367408780981,79.3% ± 6.1%,0,0,0,MS + 200.0,LFR,79.3% ± 6.1%,200,MS,Freeze
CNN-PFF,79.08212542533875,0.7294525074751663,79.1% ± 0.7%,0,0,0,UCI + 50.0,LFR,79.1% ± 0.7%,50,UCI,Freeze
RNN,79.07066146532694,0.9984642267242,79.1% ± 1.0%,0,0,0,WISDM + 200.0,LFR,79.1% ± 1.0%,200,WISDM,Freeze
TS2Vec Encoder,78.82744471232095,0.8843667866119858,78.8% ± 0.9%,0,0,0,WISDM + 200.0,LFR,78.8% ± 0.9%,200,WISDM,Freeze
TS-TCC Encoder,78.80184253056845,0.20320763854887125,78.8% ± 0.2%,0,0,0,WISDM + 200.0,LFR,78.8% ± 0.2%,200,WISDM,Freeze
IMU Transformer,78.50241661071777,1.602963268176051,78.5% ± 1.6%,0,0,0,UCI + 1000.0,LFR,78.5% ± 1.6%,1000,UCI,Freeze
RNN,78.27997406323752,2.139639749910099,78.3% ± 2.1%,0,0,0,MS + 200.0,LFR,78.3% ± 2.1%,200,MS,Freeze
TS-TCC Encoder,77.68115798632303,0.6317261116080134,77.7% ± 0.6%,0,0,0,UCI + 50.0,LFR,77.7% ± 0.6%,50,UCI,Freeze
TS2Vec Encoder,77.34299500783285,2.1018675477328346,77.3% ± 2.1%,0,0,0,UCI + 25.0,LFR,77.3% ± 2.1%,25,UCI,Freeze
ResNet-SE-5,77.08653410275778,0.9533829639106441,77.1% ± 1.0%,0,0,0,WISDM + 1000.0,LFR,77.1% ± 1.0%,1000,WISDM,Freeze
IMU Transformer,76.8675446510315,4.374561224024421,76.9% ± 4.4%,0,0,0,MS + 100.0,LFR,76.9% ± 4.4%,100,MS,Freeze
TS2Vec Encoder,76.84331933657327,1.8624218883257788,76.8% ± 1.9%,0,0,0,WISDM + 100.0,LFR,76.8% ± 1.9%,100,WISDM,Freeze
RNN,76.81159377098083,0.4347801208496094,76.8% ± 0.4%,0,0,0,UCI + 1000.0,LFR,76.8% ± 0.4%,1000,UCI,Freeze
ResNet-SE-5,76.71497464179993,0.603380541714997,76.7% ± 0.6%,0,0,0,UCI + 1000.0,LFR,76.7% ± 0.6%,1000,UCI,Freeze
ResNet-SE-5,76.6164461771647,3.5611833513285474,76.6% ± 3.6%,0,0,0,MS + 200.0,LFR,76.6% ± 3.6%,200,MS,Freeze
IMU Transformer,76.3952891031901,1.8386468756013414,76.4% ± 1.8%,0,0,0,WISDM + 200.0,LFR,76.4% ± 1.8%,200,WISDM,Freeze
IMU Transformer,76.03864868481955,3.609635925993191,76.0% ± 3.6%,0,0,0,UCI + 200.0,LFR,76.0% ± 3.6%,200,UCI,Freeze
RNN,75.72964628537497,2.8002204046584858,75.7% ± 2.8%,0,0,0,WISDM + 100.0,LFR,75.7% ± 2.8%,100,WISDM,Freeze
TS2Vec Encoder,75.62724153200784,0.9122760903366149,75.6% ± 0.9%,0,0,0,WISDM + 50.0,LFR,75.6% ± 0.9%,50,WISDM,Freeze
TS-TCC Encoder,75.54927865664163,6.655815895346794,75.5% ± 6.7%,0,0,0,MS + 50.0,LFR,75.5% ± 6.7%,50,MS,Freeze
CNN-PFF,75.42242606480917,1.6183784089401971,75.4% ± 1.6%,0,0,0,WISDM + 200.0,LFR,75.4% ± 1.6%,200,WISDM,Freeze
TS-TCC Encoder,75.23148258527121,4.009375339916503,75.2% ± 4.0%,0,0,0,KH + 200.0,LFR,75.2% ± 4.0%,200,KH,Freeze
TS-TCC Encoder,74.7685194015503,1.4456016006164645,74.8% ± 1.4%,0,0,0,KH + 1000.0,LFR,74.8% ± 1.4%,1000,KH,Freeze
TS-TCC Encoder,74.21914935112,2.294634776339502,74.2% ± 2.3%,0,0,0,WISDM + 100.0,LFR,74.2% ± 2.3%,100,WISDM,Freeze
IMU Transformer,74.15514787038168,1.374465703354311,74.2% ± 1.4%,0,0,0,WISDM + 100.0,LFR,74.2% ± 1.4%,100,WISDM,Freeze
CNN-PFF,73.79158933957419,6.000070725254323,73.8% ± 6.0%,0,0,0,MS + 50.0,LFR,73.8% ± 6.0%,50,MS,Freeze
ResNet-SE-5,73.71980746587118,1.4874201975879635,73.7% ± 1.5%,0,0,0,UCI + 200.0,LFR,73.7% ± 1.5%,200,UCI,Freeze
RNN,73.67149790128073,0.9317521766184007,73.7% ± 0.9%,0,0,0,UCI + 200.0,LFR,73.7% ± 0.9%,200,UCI,Freeze
TS2Vec Encoder,73.5404888788859,9.459880162483856,73.5% ± 9.5%,0,0,0,MS + 25.0,LFR,73.5% ± 9.5%,25,MS,Freeze
CNN-PFF,73.48950306574503,2.0574319642057244,73.5% ± 2.1%,0,0,0,WISDM + 100.0,LFR,73.5% ± 2.1%,100,WISDM,Freeze
TS-TCC Encoder,72.91666666666666,2.08333432674479,72.9% ± 2.1%,0,0,0,KH + 100.0,LFR,72.9% ± 2.1%,100,KH,Freeze
TS2Vec Encoder,72.63025641441345,4.584376402314893,72.6% ± 4.6%,0,0,0,MS + 50.0,LFR,72.6% ± 4.6%,50,MS,Freeze
CNN-PFF,72.40143418312073,3.8940811780828866,72.4% ± 3.9%,0,0,0,WISDM + 50.0,LFR,72.4% ± 3.9%,50,WISDM,Freeze
IMU Transformer,72.27053046226501,4.82487772939274,72.3% ± 4.8%,0,0,0,UCI + 100.0,LFR,72.3% ± 4.8%,100,UCI,Freeze
CNN-PFF,72.01646169026694,4.390752847763814,72.0% ± 4.4%,0,0,0,RW-Waist + 200.0,LFR,72.0% ± 4.4%,200,RW-Waist,Freeze
IMU Transformer,72.00251022974649,8.43962742516436,72.0% ± 8.4%,0,0,0,MS + 50.0,LFR,72.0% ± 8.4%,50,MS,Freeze
TS-TCC Encoder,71.97900613149008,4.084825323124067,72.0% ± 4.1%,0,0,0,WISDM + 50.0,LFR,72.0% ± 4.1%,50,WISDM,Freeze
TS-TCC Encoder,71.8357483545939,1.929951867588147,71.8% ± 1.9%,0,0,0,UCI + 25.0,LFR,71.8% ± 1.9%,25,UCI,Freeze
CNN-PFF,71.61779999732971,1.5366053901785501,71.6% ± 1.5%,0,0,0,RW-Waist + 1000.0,LFR,71.6% ± 1.5%,1000,RW-Waist,Freeze
TS-TCC Encoder,71.29629651705423,2.438808487645478,71.3% ± 2.4%,0,0,0,KH + 50.0,LFR,71.3% ± 2.4%,50,KH,Freeze
TS-TCC Encoder,70.9876537322998,0.7330238819122314,71.0% ± 0.7%,0,0,0,RW-Waist + 200.0,LFR,71.0% ± 0.7%,200,RW-Waist,Freeze
TS2Vec Encoder,70.97479502360025,3.4195970022303435,71.0% ± 3.4%,0,0,0,RW-Waist + 1000.0,LFR,71.0% ± 3.4%,1000,RW-Waist,Freeze
RNN,70.93534270922342,0.2369695801964692,70.9% ± 0.2%,0,0,0,MS + 100.0,LFR,70.9% ± 0.2%,100,MS,Freeze
CNN-PFF,70.77294588088989,9.838364307986671,70.8% ± 9.8%,0,0,0,UCI + 25.0,LFR,70.8% ± 9.8%,25,UCI,Freeze
IMU Transformer,70.69892287254333,4.014297591076478,70.7% ± 4.0%,0,0,0,WISDM + 50.0,LFR,70.7% ± 4.0%,50,WISDM,Freeze
CNN-PFF,70.67901293436685,1.0607806160100157,70.7% ± 1.1%,0,0,0,RW-Waist + 100.0,LFR,70.7% ± 1.1%,100,RW-Waist,Freeze
TS-TCC Encoder,70.51182985305786,1.6595502358085459,70.5% ± 1.7%,0,0,0,RW-Waist + 1000.0,LFR,70.5% ± 1.7%,1000,RW-Waist,Freeze
ResNet-SE-5,70.50691246986389,0.7007782850544585,70.5% ± 0.7%,0,0,0,WISDM + 200.0,LFR,70.5% ± 0.7%,200,WISDM,Freeze
TS2Vec Encoder,70.13888756434122,0.6944447755834915,70.1% ± 0.7%,0,0,0,KH + 1000.0,LFR,70.1% ± 0.7%,1000,KH,Freeze
CNN-PFF,69.90740895271301,1.5542629970063093,69.9% ± 1.6%,0,0,0,RW-Waist + 50.0,LFR,69.9% ± 1.6%,50,RW-Waist,Freeze
RNN,69.85507210095724,0.6641434578793401,69.9% ± 0.7%,0,0,0,UCI + 100.0,LFR,69.9% ± 0.7%,100,UCI,Freeze
TS-TCC Encoder,69.21296318372092,1.4455992145203242,69.2% ± 1.4%,0,0,0,KH + 25.0,LFR,69.2% ± 1.4%,25,KH,Freeze
CNN-PFF,68.97860566775003,1.6563147306451198,69.0% ± 1.7%,0,0,0,RW-Thigh + 100.0,LFR,69.0% ± 1.7%,100,RW-Thigh,Freeze
IMU Transformer,68.9429004987081,1.1188298463834643,68.9% ± 1.1%,0,0,0,RW-Waist + 1000.0,LFR,68.9% ± 1.1%,1000,RW-Waist,Freeze
TS-TCC Encoder,68.88658801714578,1.0014833343774066,68.9% ± 1.0%,0,0,0,RW-Thigh + 1000.0,LFR,68.9% ± 1.0%,1000,RW-Thigh,Freeze
IMU Transformer,68.6440666516622,10.180382975933414,68.6% ± 10.2%,0,0,0,MS + 25.0,LFR,68.6% ± 10.2%,25,MS,Freeze
CNN-PFF,68.57602993647257,4.0829183564974985,68.6% ± 4.1%,0,0,0,RW-Thigh + 1000.0,LFR,68.6% ± 4.1%,1000,RW-Thigh,Freeze
TS-TCC Encoder,68.5185194015503,1.026147699475728,68.5% ± 1.0%,0,0,0,RW-Thigh + 200.0,LFR,68.5% ± 1.0%,200,RW-Thigh,Freeze
ResNet-SE-5,68.04770827293396,5.026284756695665,68.0% ± 5.0%,0,0,0,MS + 100.0,LFR,68.0% ± 5.0%,100,MS,Freeze
TS2Vec Encoder,67.91409452756247,2.093429558265415,67.9% ± 2.1%,0,0,0,RW-Waist + 200.0,LFR,67.9% ± 2.1%,200,RW-Waist,Freeze
TS-TCC Encoder,67.82799959182739,4.486631205485249,67.8% ± 4.5%,0,0,0,MS + 25.0,LFR,67.8% ± 4.5%,25,MS,Freeze
RNN,67.75977412859598,2.44439846666964,67.8% ± 2.4%,0,0,0,RW-Waist + 1000.0,LFR,67.8% ± 2.4%,1000,RW-Waist,Freeze
TS2Vec Encoder,67.7419344584147,1.2360562171421343,67.7% ± 1.2%,0,0,0,WISDM + 25.0,LFR,67.7% ± 1.2%,25,WISDM,Freeze
CNN-PFF,67.67885883649191,2.8543252153928442,67.7% ± 2.9%,0,0,0,RW-Thigh + 200.0,LFR,67.7% ± 2.9%,200,RW-Thigh,Freeze
TS2Vec Encoder,67.53623088200888,1.0144940444406096,67.5% ± 1.0%,0,0,0,UCI + 10.0,LFR,67.5% ± 1.0%,10,UCI,Freeze
CNN-PFF,67.48331983884177,3.879698806847464,67.5% ± 3.9%,0,0,0,RW-Thigh + 50.0,LFR,67.5% ± 3.9%,50,RW-Thigh,Freeze
RNN,67.31950839360556,1.932370486304082,67.3% ± 1.9%,0,0,0,WISDM + 50.0,LFR,67.3% ± 1.9%,50,WISDM,Freeze
TS-TCC Encoder,67.06532835960388,2.684127023982626,67.1% ± 2.7%,0,0,0,RW-Waist + 100.0,LFR,67.1% ± 2.7%,100,RW-Waist,Freeze
CNN-PFF,67.05246965090433,0.9668196025052049,67.1% ± 1.0%,0,0,0,RW-Waist + 25.0,LFR,67.1% ± 1.0%,25,RW-Waist,Freeze
ResNet-SE-5,67.01388955116272,0.5045002680162954,67.0% ± 0.5%,0,0,0,RW-Waist + 1000.0,LFR,67.0% ± 0.5%,1000,RW-Waist,Freeze
TS-TCC Encoder,66.45962595939636,1.0183815367247935,66.5% ± 1.0%,0,0,0,RW-Thigh + 100.0,LFR,66.5% ± 1.0%,100,RW-Thigh,Freeze
ResNet-SE-5,66.42511884371439,4.685740886249548,66.4% ± 4.7%,0,0,0,UCI + 100.0,LFR,66.4% ± 4.7%,100,UCI,Freeze
RNN,66.34460488955179,1.9163822510314437,66.3% ± 1.9%,0,0,0,RW-Thigh + 1000.0,LFR,66.3% ± 1.9%,1000,RW-Thigh,Freeze
TS2Vec Encoder,66.18357499440512,1.9375997359505996,66.2% ± 1.9%,0,0,0,RW-Thigh + 1000.0,LFR,66.2% ± 1.9%,1000,RW-Thigh,Freeze
TS2Vec Encoder,66.03652238845825,3.347675377727994,66.0% ± 3.3%,0,0,0,RW-Waist + 100.0,LFR,66.0% ± 3.3%,100,RW-Waist,Freeze
TS-TCC Encoder,65.91141621271768,3.3807971329290427,65.9% ± 3.4%,0,0,0,WISDM + 25.0,LFR,65.9% ± 3.4%,25,WISDM,Freeze
TS2Vec Encoder,65.74074029922485,3.4952922287877213,65.7% ± 3.5%,0,0,0,KH + 200.0,LFR,65.7% ± 3.5%,200,KH,Freeze
RNN,65.60386419296265,2.1118361909665015,65.6% ± 2.1%,0,0,0,UCI + 50.0,LFR,65.6% ± 2.1%,50,UCI,Freeze
IMU Transformer,64.92753624916077,9.647210035882384,64.9% ± 9.6%,0,0,0,UCI + 50.0,LFR,64.9% ± 9.6%,50,UCI,Freeze
IMU Transformer,64.35185074806213,5.987275053011913,64.4% ± 6.0%,0,0,0,KH + 200.0,LFR,64.4% ± 6.0%,200,KH,Freeze
TS2Vec Encoder,64.27421172459921,2.477353786980351,64.3% ± 2.5%,0,0,0,RW-Thigh + 200.0,LFR,64.3% ± 2.5%,200,RW-Thigh,Freeze
RNN,64.18706774711609,0.9431864938373916,64.2% ± 0.9%,0,0,0,MS + 50.0,LFR,64.2% ± 0.9%,50,MS,Freeze
RNN,64.01748855908713,2.006297102096812,64.0% ± 2.0%,0,0,0,RW-Waist + 200.0,LFR,64.0% ± 2.0%,200,RW-Waist,Freeze
IMU Transformer,63.901748259862266,6.542091015431477,63.9% ± 6.5%,0,0,0,RW-Waist + 200.0,LFR,63.9% ± 6.5%,200,RW-Waist,Freeze
TS2Vec Encoder,63.74742786089579,1.4687555765997622,63.7% ± 1.5%,0,0,0,RW-Waist + 50.0,LFR,63.7% ± 1.5%,50,RW-Waist,Freeze
IMU Transformer,63.65740696589152,7.680858676769961,63.7% ± 7.7%,0,0,0,KH + 25.0,LFR,63.7% ± 7.7%,25,KH,Freeze
CNN-PFF,63.465159138043724,13.397496508678596,63.5% ± 13.4%,0,0,0,MS + 25.0,LFR,63.5% ± 13.4%,25,MS,Freeze
IMU Transformer,63.42592636744181,4.623838490416586,63.4% ± 4.6%,0,0,0,KH + 100.0,LFR,63.4% ± 4.6%,100,KH,Freeze
IMU Transformer,63.42592636744181,7.490134922985427,63.4% ± 7.5%,0,0,0,KH + 1000.0,LFR,63.4% ± 7.5%,1000,KH,Freeze
IMU Transformer,63.194445768992104,4.553777560954121,63.2% ± 4.6%,0,0,0,KH + 50.0,LFR,63.2% ± 4.6%,50,KH,Freeze
IMU Transformer,63.181505600611366,3.5345216683967497,63.2% ± 3.5%,0,0,0,RW-Thigh + 1000.0,LFR,63.2% ± 3.5%,1000,RW-Thigh,Freeze
CNN-PFF,63.170001904169716,3.6339060426632708,63.2% ± 3.6%,0,0,0,RW-Thigh + 25.0,LFR,63.2% ± 3.6%,25,RW-Thigh,Freeze
CNN-PFF,63.140096267064415,7.615709311915114,63.1% ± 7.6%,0,0,0,UCI + 10.0,LFR,63.1% ± 7.6%,10,UCI,Freeze
TS2Vec Encoder,63.07798624038696,2.972977108021712,63.1% ± 3.0%,0,0,0,RW-Thigh + 100.0,LFR,63.1% ± 3.0%,100,RW-Thigh,Freeze
TS-TCC Encoder,62.89866169293722,1.7392534232292332,62.9% ± 1.7%,0,0,0,RW-Waist + 50.0,LFR,62.9% ± 1.7%,50,RW-Waist,Freeze
ResNet-SE-5,62.81361977259318,2.51597131515482,62.8% ± 2.5%,0,0,0,WISDM + 100.0,LFR,62.8% ± 2.5%,100,WISDM,Freeze
IMU Transformer,62.480797370274864,4.100978299139768,62.5% ± 4.1%,0,0,0,WISDM + 25.0,LFR,62.5% ± 4.1%,25,WISDM,Freeze
ResNet-SE-5,62.14630802472433,4.593912291130481,62.1% ± 4.6%,0,0,0,RW-Thigh + 1000.0,LFR,62.1% ± 4.6%,1000,RW-Thigh,Freeze
RNN,62.14630603790283,0.47813773811903587,62.1% ± 0.5%,0,0,0,RW-Thigh + 200.0,LFR,62.1% ± 0.5%,200,RW-Thigh,Freeze
RNN,62.03703681627909,2.438808204775386,62.0% ± 2.4%,0,0,0,KH + 50.0,LFR,62.0% ± 2.4%,50,KH,Freeze
RNN,61.93236907323202,3.5745519465400903,61.9% ± 3.6%,0,0,0,UCI + 25.0,LFR,61.9% ± 3.6%,25,UCI,Freeze
RNN,61.805556217829384,1.3888865709315468,61.8% ± 1.4%,0,0,0,KH + 200.0,LFR,61.8% ± 1.4%,200,KH,Freeze
ResNet-SE-5,61.34259303410848,0.4009395987571126,61.3% ± 0.4%,0,0,0,KH + 200.0,LFR,61.3% ± 0.4%,200,KH,Freeze
RNN,61.34259303410848,2.0046876699582517,61.3% ± 2.0%,0,0,0,KH + 1000.0,LFR,61.3% ± 2.0%,1000,KH,Freeze
RNN,61.291152238845825,1.385312747767908,61.3% ± 1.4%,0,0,0,RW-Waist + 100.0,LFR,61.3% ± 1.4%,100,RW-Waist,Freeze
TS-TCC Encoder,61.062800884246826,0.4658750066885238,61.1% ± 0.5%,0,0,0,UCI + 10.0,LFR,61.1% ± 0.5%,10,UCI,Freeze
ResNet-SE-5,60.87962985038757,1.4456016006164645,60.9% ± 1.4%,0,0,0,KH + 1000.0,LFR,60.9% ± 1.4%,1000,KH,Freeze
RNN,60.648149251937866,3.1314233905037456,60.6% ± 3.1%,0,0,0,KH + 100.0,LFR,60.6% ± 3.1%,100,KH,Freeze
ResNet-SE-5,60.64814726511637,1.6037515124769093,60.6% ± 1.6%,0,0,0,KH + 100.0,LFR,60.6% ± 1.6%,100,KH,Freeze
CNN-PFF,60.28985579808553,13.994328622037822,60.3% ± 14.0%,0,0,0,UCI + 5.0,LFR,60.3% ± 14.0%,5,UCI,Freeze
IMU Transformer,60.156428813934326,3.893332852886987,60.2% ± 3.9%,0,0,0,RW-Thigh + 200.0,LFR,60.2% ± 3.9%,200,RW-Thigh,Freeze
ResNet-SE-5,60.043724377950035,2.3689452102317925,60.0% ± 2.4%,0,0,0,RW-Waist + 200.0,LFR,60.0% ± 2.4%,200,RW-Waist,Freeze
TS-TCC Encoder,60.02303957939148,1.4952323224570887,60.0% ± 1.5%,0,0,0,WISDM + 10.0,LFR,60.0% ± 1.5%,10,WISDM,Freeze
CNN-PFF,59.94623601436615,12.09567651649552,59.9% ± 12.1%,0,0,0,WISDM + 25.0,LFR,59.9% ± 12.1%,25,WISDM,Freeze
TS-TCC Encoder,59.41358208656311,3.780864087902822,59.4% ± 3.8%,0,0,0,RW-Waist + 25.0,LFR,59.4% ± 3.8%,25,RW-Waist,Freeze
RNN,59.375,0.5825494942843263,59.4% ± 0.6%,0,0,0,RW-Waist + 50.0,LFR,59.4% ± 0.6%,50,RW-Waist,Freeze
CNN-PFF,59.25925970077515,8.929303719218632,59.3% ± 8.9%,0,0,0,KH + 100.0,LFR,59.3% ± 8.9%,100,KH,Freeze
IMU Transformer,59.1304341952006,13.089291070054307,59.1% ± 13.1%,0,0,0,UCI + 25.0,LFR,59.1% ± 13.1%,25,UCI,Freeze
TS-TCC Encoder,59.07522439956665,4.565832044649456,59.1% ± 4.6%,0,0,0,RW-Thigh + 50.0,LFR,59.1% ± 4.6%,50,RW-Thigh,Freeze
IMU Transformer,59.040637811024986,9.367798317568647,59.0% ± 9.4%,0,0,0,RW-Waist + 100.0,LFR,59.0% ± 9.4%,100,RW-Waist,Freeze
TS2Vec Encoder,59.014918406804405,2.348751189220789,59.0% ± 2.3%,0,0,0,RW-Waist + 25.0,LFR,59.0% ± 2.3%,25,RW-Waist,Freeze
RNN,58.851224184036255,5.001230957173375,58.9% ± 5.0%,0,0,0,MS + 25.0,LFR,58.9% ± 5.0%,25,MS,Freeze
IMU Transformer,58.806963761647545,1.2865293160991675,58.8% ± 1.3%,0,0,0,WISDM + 10.0,LFR,58.8% ± 1.3%,10,WISDM,Freeze
RNN,58.806963761647545,3.5201333259836742,58.8% ± 3.5%,0,0,0,WISDM + 25.0,LFR,58.8% ± 3.5%,25,WISDM,Freeze
TS2Vec Encoder,58.79629651705424,6.224225450501812,58.8% ± 6.2%,0,0,0,KH + 100.0,LFR,58.8% ± 6.2%,100,KH,Freeze
RNN,58.373590310414635,1.5246793744335672,58.4% ± 1.5%,0,0,0,RW-Thigh + 100.0,LFR,58.4% ± 1.5%,100,RW-Thigh,Freeze
IMU Transformer,58.33333134651184,9.845448871010703,58.3% ± 9.8%,0,0,0,KH + 5.0,LFR,58.3% ± 9.8%,5,KH,Freeze
IMU Transformer,58.11571975549062,8.213487468582462,58.1% ± 8.2%,0,0,0,WISDM + 5.0,LFR,58.1% ± 8.2%,5,WISDM,Freeze
TS2Vec Encoder,58.01932414372762,2.494828537900031,58.0% ± 2.5%,0,0,0,UCI + 5.0,LFR,58.0% ± 2.5%,5,UCI,Freeze
ResNet-SE-5,57.971012592315674,1.9172106378755958,58.0% ± 1.9%,0,0,0,UCI + 50.0,LFR,58.0% ± 1.9%,50,UCI,Freeze
TS-TCC Encoder,57.638887564341225,1.8373270490348912,57.6% ± 1.8%,0,0,0,KH + 10.0,LFR,57.6% ± 1.8%,10,KH,Freeze
ResNet-SE-5,56.944443782170616,0.6944447755834915,56.9% ± 0.7%,0,0,0,KH + 50.0,LFR,56.9% ± 0.7%,50,KH,Freeze
TS2Vec Encoder,56.912813584009804,2.8131485829050193,56.9% ± 2.8%,0,0,0,RW-Thigh + 50.0,LFR,56.9% ± 2.8%,50,RW-Thigh,Freeze
RNN,56.71296318372091,1.4455992145203242,56.7% ± 1.4%,0,0,0,KH + 25.0,LFR,56.7% ± 1.4%,25,KH,Freeze
TS2Vec Encoder,56.47573073705038,2.696444781327271,56.5% ± 2.7%,0,0,0,RW-Thigh + 25.0,LFR,56.5% ± 2.7%,25,RW-Thigh,Freeze
IMU Transformer,56.32850329081217,16.797429785878197,56.3% ± 16.8%,0,0,0,UCI + 10.0,LFR,56.3% ± 16.8%,10,UCI,Freeze
IMU Transformer,55.774096647898354,5.570039934544087,55.8% ± 5.6%,0,0,0,RW-Thigh + 100.0,LFR,55.8% ± 5.6%,100,RW-Thigh,Freeze
TS-TCC Encoder,55.453149477640785,2.8812096498034503,55.5% ± 2.9%,0,0,0,WISDM + 5.0,LFR,55.5% ± 2.9%,5,WISDM,Freeze
IMU Transformer,55.375513434410095,8.419101025114971,55.4% ± 8.4%,0,0,0,RW-Waist + 50.0,LFR,55.4% ± 8.4%,50,RW-Waist,Freeze
ResNet-SE-5,55.178906520207725,4.4694702373341935,55.2% ± 4.5%,0,0,0,MS + 50.0,LFR,55.2% ± 4.5%,50,MS,Freeze
ResNet-SE-5,55.1311731338501,2.808948928359085,55.1% ± 2.8%,0,0,0,RW-Waist + 100.0,LFR,55.1% ± 2.8%,100,RW-Waist,Freeze
IMU Transformer,55.09259303410848,7.897556978518459,55.1% ± 7.9%,0,0,0,KH + 10.0,LFR,55.1% ± 7.9%,10,KH,Freeze
TS2Vec Encoder,55.09259104728699,7.127224329002348,55.1% ± 7.1%,0,0,0,KH + 50.0,LFR,55.1% ± 7.1%,50,KH,Freeze
TS-TCC Encoder,55.02415498097738,0.7149128462103737,55.0% ± 0.7%,0,0,0,UCI + 5.0,LFR,55.0% ± 0.7%,5,UCI,Freeze
TS-TCC Encoder,54.761906464894615,8.601136627474208,54.8% ± 8.6%,0,0,0,RW-Thigh + 25.0,LFR,54.8% ± 8.6%,25,RW-Thigh,Freeze
IMU Transformer,54.44444417953491,16.905245254193154,54.4% ± 16.9%,0,0,0,UCI + 5.0,LFR,54.4% ± 16.9%,5,UCI,Freeze
TS-TCC Encoder,54.143126805623375,2.120212885858548,54.1% ± 2.1%,0,0,0,MS + 10.0,LFR,54.1% ± 2.1%,10,MS,Freeze
RNN,54.05797064304352,4.808888053103838,54.1% ± 4.8%,0,0,0,UCI + 10.0,LFR,54.1% ± 4.8%,10,UCI,Freeze
RNN,53.57142984867096,9.290300400004938,53.6% ± 9.3%,0,0,0,WISDM + 10.0,LFR,53.6% ± 9.3%,10,WISDM,Freeze
CNN-PFF,53.472221891085304,10.27684006846985,53.5% ± 10.3%,0,0,0,KH + 200.0,LFR,53.5% ± 10.3%,200,KH,Freeze
IMU Transformer,53.32705577214559,17.842468270187556,53.3% ± 17.8%,0,0,0,MS + 10.0,LFR,53.3% ± 17.8%,10,MS,Freeze
RNN,53.03497910499573,1.8551968192753294,53.0% ± 1.9%,0,0,0,RW-Waist + 25.0,LFR,53.0% ± 1.9%,25,RW-Waist,Freeze
CNN-PFF,52.803380290667214,12.889218053421011,52.8% ± 12.9%,0,0,0,WISDM + 5.0,LFR,52.8% ± 12.9%,5,WISDM,Freeze
CNN-PFF,52.54629751046499,11.031252468758671,52.5% ± 11.0%,0,0,0,KH + 50.0,LFR,52.5% ± 11.0%,50,KH,Freeze
ResNet-SE-5,52.5217612584432,0.942490913928953,52.5% ± 0.9%,0,0,0,WISDM + 50.0,LFR,52.5% ± 0.9%,50,WISDM,Freeze
RNN,52.31884022553762,4.422070718619637,52.3% ± 4.4%,0,0,0,UCI + 5.0,LFR,52.3% ± 4.4%,5,UCI,Freeze
RNN,51.883238554000854,3.3701566096127893,51.9% ± 3.4%,0,0,0,MS + 10.0,LFR,51.9% ± 3.4%,10,MS,Freeze
IMU Transformer,51.64481202761332,18.90494433959981,51.6% ± 18.9%,0,0,0,RW-Thigh + 25.0,LFR,51.6% ± 18.9%,25,RW-Thigh,Freeze
TS-TCC Encoder,51.556068658828735,2.4650130514437945,51.6% ± 2.5%,0,0,0,RW-Waist + 10.0,LFR,51.6% ± 2.5%,10,RW-Waist,Freeze
RNN,51.43777330716451,4.075621683871912,51.4% ± 4.1%,0,0,0,RW-Thigh + 50.0,LFR,51.4% ± 4.1%,50,RW-Thigh,Freeze
ResNet-SE-5,51.27674142519633,2.666398762377397,51.3% ± 2.7%,0,0,0,RW-Thigh + 200.0,LFR,51.3% ± 2.7%,200,RW-Thigh,Freeze
TS-TCC Encoder,51.19271775086721,2.966226029603631,51.2% ± 3.0%,0,0,0,MS + 5.0,LFR,51.2% ± 3.0%,5,MS,Freeze
RNN,50.98918875058492,3.835406799348023,51.0% ± 3.8%,0,0,0,RW-Thigh + 25.0,LFR,51.0% ± 3.8%,25,RW-Thigh,Freeze
RNN,50.694443782170616,2.503854593201314,50.7% ± 2.5%,0,0,0,KH + 10.0,LFR,50.7% ± 2.5%,10,KH,Freeze
IMU Transformer,50.64412256081899,10.887918010654737,50.6% ± 10.9%,0,0,0,RW-Thigh + 50.0,LFR,50.6% ± 10.9%,50,RW-Thigh,Freeze
CNN-PFF,50.53358475367228,19.11866525569902,50.5% ± 19.1%,0,0,0,MS + 10.0,LFR,50.5% ± 19.1%,10,MS,Freeze
TS-TCC Encoder,50.23148159186045,3.4256147322903425,50.2% ± 3.4%,0,0,0,KH + 5.0,LFR,50.2% ± 3.4%,5,KH,Freeze
TS2Vec Encoder,50.0,15.512713347646859,50.0% ± 15.5%,0,0,0,KH + 25.0,LFR,50.0% ± 15.5%,25,KH,Freeze
RNN,49.8847911755244,5.919835717362008,49.9% ± 5.9%,0,0,0,WISDM + 1.0,LFR,49.9% ± 5.9%,1,WISDM,Freeze
IMU Transformer,49.843062957127884,13.534559943775173,49.8% ± 13.5%,0,0,0,MS + 5.0,LFR,49.8% ± 13.5%,5,MS,Freeze
CNN-PFF,49.71707860628764,6.094255488639113,49.7% ± 6.1%,0,0,0,RW-Waist + 10.0,LFR,49.7% ± 6.1%,10,RW-Waist,Freeze
RNN,49.537037809689835,4.24312636607777,49.5% ± 4.2%,0,0,0,KH + 5.0,LFR,49.5% ± 4.2%,5,KH,Freeze
CNN-PFF,49.07407462596893,9.580649182161157,49.1% ± 9.6%,0,0,0,KH + 1000.0,LFR,49.1% ± 9.6%,1000,KH,Freeze
RNN,48.870055874188736,5.9530916878286435,48.9% ± 6.0%,0,0,0,MS + 5.0,LFR,48.9% ± 6.0%,5,MS,Freeze
CNN-PFF,48.86072675387065,13.934130543789827,48.9% ± 13.9%,0,0,0,WISDM + 10.0,LFR,48.9% ± 13.9%,10,WISDM,Freeze
TS-TCC Encoder,48.815276225407914,6.000703702208863,48.8% ± 6.0%,0,0,0,RW-Thigh + 10.0,LFR,48.8% ± 6.0%,10,RW-Thigh,Freeze
ResNet-SE-5,48.50230415662129,2.4943871430407825,48.5% ± 2.5%,0,0,0,WISDM + 25.0,LFR,48.5% ± 2.5%,25,WISDM,Freeze
IMU Transformer,48.454105854034424,13.390968249292309,48.5% ± 13.4%,0,0,0,UCI + 1.0,LFR,48.5% ± 13.4%,1,UCI,Freeze
IMU Transformer,48.44392935434978,4.5714457133382025,48.4% ± 4.6%,0,0,0,RW-Waist + 25.0,LFR,48.4% ± 4.6%,25,RW-Waist,Freeze
ResNet-SE-5,48.366688688596085,2.3647261496975047,48.4% ± 2.4%,0,0,0,RW-Thigh + 100.0,LFR,48.4% ± 2.4%,100,RW-Thigh,Freeze
CNN-PFF,48.148149251937866,6.563634262348768,48.1% ± 6.6%,0,0,0,KH + 25.0,LFR,48.1% ± 6.6%,25,KH,Freeze
TS2Vec Encoder,48.1438805659612,13.186663172594631,48.1% ± 13.2%,0,0,0,WISDM + 10.0,LFR,48.1% ± 13.2%,10,WISDM,Freeze
TS-TCC Encoder,47.89094726244609,2.0941428513080917,47.9% ± 2.1%,0,0,0,RW-Waist + 5.0,LFR,47.9% ± 2.1%,5,RW-Waist,Freeze
RNN,47.36368258794148,2.6475516461391133,47.4% ± 2.6%,0,0,0,RW-Waist + 10.0,LFR,47.4% ± 2.6%,10,RW-Waist,Freeze
CNN-PFF,47.03021049499512,1.0378136232466484,47.0% ± 1.0%,0,0,0,WISDM + 1.0,LFR,47.0% ± 1.0%,1,WISDM,Freeze
ResNet-SE-5,46.990741292635605,5.303907957597056,47.0% ± 5.3%,0,0,0,KH + 25.0,LFR,47.0% ± 5.3%,25,KH,Freeze
CNN-PFF,46.84928158919017,7.550731046895278,46.8% ± 7.6%,0,0,0,RW-Waist + 5.0,LFR,46.8% ± 7.6%,5,RW-Waist,Freeze
ResNet-SE-5,46.47343059380849,2.7738883243412644,46.5% ± 2.8%,0,0,0,UCI + 25.0,LFR,46.5% ± 2.8%,25,UCI,Freeze
ResNet-SE-5,46.12376391887665,5.6652086801934525,46.1% ± 5.7%,0,0,0,RW-Thigh + 50.0,LFR,46.1% ± 5.7%,50,RW-Thigh,Freeze
ResNet-SE-5,45.169082283973694,3.7382695197181746,45.2% ± 3.7%,0,0,0,UCI + 10.0,LFR,45.2% ± 3.7%,10,UCI,Freeze
RNN,44.907406965891525,3.824702149733836,44.9% ± 3.8%,0,0,0,KH + 1.0,LFR,44.9% ± 3.8%,1,KH,Freeze
TS2Vec Encoder,44.68878507614136,5.820931099870617,44.7% ± 5.8%,0,0,0,RW-Waist + 5.0,LFR,44.7% ± 5.8%,5,RW-Waist,Freeze
ResNet-SE-5,44.68599061171214,3.4367494731415524,44.7% ± 3.4%,0,0,0,UCI + 5.0,LFR,44.7% ± 3.4%,5,UCI,Freeze
IMU Transformer,44.67592636744182,7.680861820349717,44.7% ± 7.7%,0,0,0,KH + 1.0,LFR,44.7% ± 7.7%,1,KH,Freeze
ResNet-SE-5,44.5087452729543,2.6785731046403343,44.5% ± 2.7%,0,0,0,RW-Waist + 50.0,LFR,44.5% ± 2.7%,50,RW-Waist,Freeze
CNN-PFF,43.97285580635071,2.183022192335201,44.0% ± 2.2%,0,0,0,RW-Thigh + 10.0,LFR,44.0% ± 2.2%,10,RW-Thigh,Freeze
RNN,43.719807267189026,2.180344041599368,43.7% ± 2.2%,0,0,0,UCI + 1.0,LFR,43.7% ± 2.2%,1,UCI,Freeze
RNN,43.59567860762279,4.583750061990079,43.6% ± 4.6%,0,0,0,RW-Waist + 5.0,LFR,43.6% ± 4.6%,5,RW-Waist,Freeze
TS-TCC Encoder,43.39477717876434,4.213259483429914,43.4% ± 4.2%,0,0,0,WISDM + 1.0,LFR,43.4% ± 4.2%,1,WISDM,Freeze
RNN,43.21371118227641,4.782655398796183,43.2% ± 4.8%,0,0,0,RW-Thigh + 10.0,LFR,43.2% ± 4.8%,10,RW-Thigh,Freeze
CNN-PFF,42.705314358075455,17.25875326967259,42.7% ± 17.3%,0,0,0,UCI + 1.0,LFR,42.7% ± 17.3%,1,UCI,Freeze
TS2Vec Encoder,42.40911404291789,15.757943750618356,42.4% ± 15.8%,0,0,0,WISDM + 5.0,LFR,42.4% ± 15.8%,5,WISDM,Freeze
IMU Transformer,42.39969154198964,11.540331662791628,42.4% ± 11.5%,0,0,0,RW-Waist + 5.0,LFR,42.4% ± 11.5%,5,RW-Waist,Freeze
IMU Transformer,42.27109054724376,12.47809254685916,42.3% ± 12.5%,0,0,0,RW-Waist + 10.0,LFR,42.3% ± 12.5%,10,RW-Waist,Freeze
TS2Vec Encoder,42.190016309420265,3.7701215707581315,42.2% ± 3.8%,0,0,0,RW-Thigh + 10.0,LFR,42.2% ± 3.8%,10,RW-Thigh,Freeze
CNN-PFF,42.129630843798324,20.39271774362405,42.1% ± 20.4%,0,0,0,KH + 5.0,LFR,42.1% ± 20.4%,5,KH,Freeze
RNN,42.01228817303975,14.500118161365192,42.0% ± 14.5%,0,0,0,WISDM + 5.0,LFR,42.0% ± 14.5%,5,WISDM,Freeze
ResNet-SE-5,41.642511884371444,5.587390807145747,41.6% ± 5.6%,0,0,0,UCI + 1.0,LFR,41.6% ± 5.6%,1,UCI,Freeze
IMU Transformer,41.51305556297302,7.226705839286267,41.5% ± 7.2%,0,0,0,WISDM + 1.0,LFR,41.5% ± 7.2%,1,WISDM,Freeze
TS-TCC Encoder,41.46537780761719,1.6593078014985823,41.5% ± 1.7%,0,0,0,RW-Thigh + 5.0,LFR,41.5% ± 1.7%,5,RW-Thigh,Freeze
TS2Vec Encoder,41.3837452729543,12.110408634760043,41.4% ± 12.1%,0,0,0,RW-Waist + 10.0,LFR,41.4% ± 12.1%,10,RW-Waist,Freeze
TS-TCC Encoder,40.97222189108531,3.866503267638903,41.0% ± 3.9%,0,0,0,KH + 1.0,LFR,41.0% ± 3.9%,1,KH,Freeze
CNN-PFF,40.97222189108531,8.333332836628005,41.0% ± 8.3%,0,0,0,KH + 1.0,LFR,41.0% ± 8.3%,1,KH,Freeze
TS2Vec Encoder,40.14438192049663,15.5644702351592,40.1% ± 15.6%,0,0,0,MS + 10.0,LFR,40.1% ± 15.6%,10,MS,Freeze
TS-TCC Encoder,39.951691031455994,1.8914749019025008,40.0% ± 1.9%,0,0,0,UCI + 1.0,LFR,40.0% ± 1.9%,1,UCI,Freeze
ResNet-SE-5,39.938556154568985,9.824050846951591,39.9% ± 9.8%,0,0,0,WISDM + 5.0,LFR,39.9% ± 9.8%,5,WISDM,Freeze
CNN-PFF,39.93055621782939,5.124495787421283,39.9% ± 5.1%,0,0,0,RW-Waist + 1.0,LFR,39.9% ± 5.1%,1,RW-Waist,Freeze
ResNet-SE-5,39.79774713516235,2.529126391800438,39.8% ± 2.5%,0,0,0,WISDM + 1.0,LFR,39.8% ± 2.5%,1,WISDM,Freeze
ResNet-SE-5,39.772143959999084,13.623204349151427,39.8% ± 13.6%,0,0,0,WISDM + 10.0,LFR,39.8% ± 13.6%,10,WISDM,Freeze
ResNet-SE-5,38.773148258527115,3.436890871610767,38.8% ± 3.4%,0,0,0,RW-Waist + 25.0,LFR,38.8% ± 3.4%,25,RW-Waist,Freeze
IMU Transformer,38.31378022829692,7.627926457877587,38.3% ± 7.6%,0,0,0,RW-Thigh + 10.0,LFR,38.3% ± 7.6%,10,RW-Thigh,Freeze
TS2Vec Encoder,38.274449606736496,12.27740102137013,38.3% ± 12.3%,0,0,0,WISDM + 1.0,LFR,38.3% ± 12.3%,1,WISDM,Freeze
IMU Transformer,38.130145271619156,12.269145952993172,38.1% ± 12.3%,0,0,0,RW-Waist + 1.0,LFR,38.1% ± 12.3%,1,RW-Waist,Freeze
CNN-PFF,38.07281951109569,10.329670482634143,38.1% ± 10.3%,0,0,0,MS + 5.0,LFR,38.1% ± 10.3%,5,MS,Freeze
TS-TCC Encoder,37.73148059844971,6.89831684395983,37.7% ± 6.9%,0,0,0,RW-Waist + 1.0,LFR,37.7% ± 6.9%,1,RW-Waist,Freeze
ResNet-SE-5,37.5,3.866501929475103,37.5% ± 3.9%,0,0,0,KH + 5.0,LFR,37.5% ± 3.9%,5,KH,Freeze
IMU Transformer,37.47645914554596,2.8075431873026253,37.5% ± 2.8%,0,0,0,MS + 1.0,LFR,37.5% ± 2.8%,1,MS,Freeze
ResNet-SE-5,37.451116243998214,1.6821143873383664,37.5% ± 1.7%,0,0,0,RW-Thigh + 25.0,LFR,37.5% ± 1.7%,25,RW-Thigh,Freeze
ResNet-SE-5,37.41368452707927,1.2539220217908387,37.4% ± 1.3%,0,0,0,MS + 25.0,LFR,37.4% ± 1.3%,25,MS,Freeze
ResNet-SE-5,37.24279900391896,7.041961239117082,37.2% ± 7.0%,0,0,0,RW-Waist + 5.0,LFR,37.2% ± 7.0%,5,RW-Waist,Freeze
CNN-PFF,36.8760069211324,8.86518532682193,36.9% ± 8.9%,0,0,0,RW-Thigh + 5.0,LFR,36.9% ± 8.9%,5,RW-Thigh,Freeze
RNN,36.749482154846184,8.72053723882093,36.7% ± 8.7%,0,0,0,RW-Thigh + 5.0,LFR,36.7% ± 8.7%,5,RW-Thigh,Freeze
ResNet-SE-5,36.597613493601486,3.3428597757021214,36.6% ± 3.3%,0,0,0,MS + 10.0,LFR,36.6% ± 3.3%,10,MS,Freeze
TS-TCC Encoder,36.34651601314545,1.818570353376578,36.3% ± 1.8%,0,0,0,MS + 1.0,LFR,36.3% ± 1.8%,1,MS,Freeze
RNN,36.18957897027333,3.413721971552581,36.2% ± 3.4%,0,0,0,MS + 1.0,LFR,36.2% ± 3.4%,1,MS,Freeze
ResNet-SE-5,35.648148258527115,2.0046876699582517,35.6% ± 2.0%,0,0,0,KH + 1.0,LFR,35.6% ± 2.0%,1,KH,Freeze
CNN-PFF,35.648148258527115,16.78679592174069,35.6% ± 16.8%,0,0,0,KH + 10.0,LFR,35.6% ± 16.8%,10,KH,Freeze
ResNet-SE-5,35.30092636744182,2.845277888984917,35.3% ± 2.8%,0,0,0,RW-Waist + 10.0,LFR,35.3% ± 2.8%,10,RW-Waist,Freeze
ResNet-SE-5,35.12241045633952,3.100203647615186,35.1% ± 3.1%,0,0,0,MS + 5.0,LFR,35.1% ± 3.1%,5,MS,Freeze
IMU Transformer,34.90913311640422,7.034711233446352,34.9% ± 7.0%,0,0,0,RW-Thigh + 5.0,LFR,34.9% ± 7.0%,5,RW-Thigh,Freeze
ResNet-SE-5,34.72222189108531,1.2028119137197968,34.7% ± 1.2%,0,0,0,KH + 10.0,LFR,34.7% ± 1.2%,10,KH,Freeze
TS2Vec Encoder,34.3478262424469,3.62318754196167,34.3% ± 3.6%,0,0,0,UCI + 1.0,LFR,34.3% ± 3.6%,1,UCI,Freeze
TS2Vec Encoder,33.427495757738754,16.98990829562815,33.4% ± 17.0%,0,0,0,MS + 5.0,LFR,33.4% ± 17.0%,5,MS,Freeze
ResNet-SE-5,33.01946024099986,0.05436355398609109,33.0% ± 0.1%,0,0,0,MS + 1.0,LFR,33.0% ± 0.1%,1,MS,Freeze
TS-TCC Encoder,32.183114687601716,1.7898001938023729,32.2% ± 1.8%,0,0,0,RW-Thigh + 1.0,LFR,32.2% ± 1.8%,1,RW-Thigh,Freeze
ResNet-SE-5,31.205429633458454,3.1615113222998197,31.2% ± 3.2%,0,0,0,RW-Thigh + 10.0,LFR,31.2% ± 3.2%,10,RW-Thigh,Freeze
TS2Vec Encoder,31.018517911434174,8.820629017028288,31.0% ± 8.8%,0,0,0,KH + 10.0,LFR,31.0% ± 8.8%,10,KH,Freeze
RNN,30.465535322825115,5.18503813669746,30.5% ± 5.2%,0,0,0,RW-Waist + 1.0,LFR,30.5% ± 5.2%,1,RW-Waist,Freeze
ResNet-SE-5,30.40027618408203,1.4505083638897525,30.4% ± 1.5%,0,0,0,RW-Thigh + 5.0,LFR,30.4% ± 1.5%,5,RW-Thigh,Freeze
ResNet-SE-5,29.976852238178246,7.8431854598659045,30.0% ± 7.8%,0,0,0,RW-Waist + 1.0,LFR,30.0% ± 7.8%,1,RW-Waist,Freeze
TS2Vec Encoder,29.951690634091694,9.66916468097286,30.0% ± 9.7%,0,0,0,RW-Thigh + 5.0,LFR,30.0% ± 9.7%,5,RW-Thigh,Freeze
RNN,26.85760309298833,8.286269501280024,26.9% ± 8.3%,0,0,0,RW-Thigh + 1.0,LFR,26.9% ± 8.3%,1,RW-Thigh,Freeze
CNN-PFF,26.396735509236652,15.424848417157294,26.4% ± 15.4%,0,0,0,MS + 1.0,LFR,26.4% ± 15.4%,1,MS,Freeze
TS2Vec Encoder,25.694444278875988,9.186636089988585,25.7% ± 9.2%,0,0,0,KH + 1.0,LFR,25.7% ± 9.2%,1,KH,Freeze
IMU Transformer,22.96986480553945,9.157987005104303,23.0% ± 9.2%,0,0,0,RW-Thigh + 1.0,LFR,23.0% ± 9.2%,1,RW-Thigh,Freeze
TS2Vec Encoder,22.826645771662392,4.201942128446094,22.8% ± 4.2%,0,0,0,RW-Waist + 1.0,LFR,22.8% ± 4.2%,1,RW-Waist,Freeze
ResNet-SE-5,22.716815769672387,5.728954493103147,22.7% ± 5.7%,0,0,0,RW-Thigh + 1.0,LFR,22.7% ± 5.7%,1,RW-Thigh,Freeze
TS2Vec Encoder,22.509777545928948,6.9664232436588645,22.5% ± 7.0%,0,0,0,RW-Thigh + 1.0,LFR,22.5% ± 7.0%,1,RW-Thigh,Freeze
TS2Vec Encoder,21.06481442848841,0.4009378781192273,21.1% ± 0.4%,0,0,0,KH + 5.0,LFR,21.1% ± 0.4%,5,KH,Freeze
CNN-PFF,19.519208371639248,5.080126275980121,19.5% ± 5.1%,0,0,0,RW-Thigh + 1.0,LFR,19.5% ± 5.1%,1,RW-Thigh,Freeze
TS2Vec Encoder,16.635279854138684,0.6680411072322837,16.6% ± 0.7%,0,0,0,MS + 1.0,LFR,16.6% ± 0.7%,1,MS,Freeze
TS-TCC Encoder,86.44067843755087,2.491289310226004,86.4% ± 2.5%,0,0,0,MS + 1000.0,Diet,86.4% ± 2.5%,1000,MS,Freeze
TS2Vec Encoder,85.3140115737915,1.3774461808981457,85.3% ± 1.4%,0,0,0,UCI + 1000.0,Diet,85.3% ± 1.4%,1000,UCI,Freeze
TS-TCC Encoder,85.2150559425354,0.2688169479370117,85.2% ± 0.3%,0,0,0,WISDM + 1000.0,Diet,85.2% ± 0.3%,1000,WISDM,Freeze
CNN-PFF,85.16908288002014,1.1257169089052237,85.2% ± 1.1%,0,0,0,UCI + 1000.0,Diet,85.2% ± 1.1%,1000,UCI,Freeze
TS2Vec Encoder,84.29951667785645,0.301693134170884,84.3% ± 0.3%,0,0,0,UCI + 200.0,Diet,84.3% ± 0.3%,200,UCI,Freeze
CNN-PFF,83.23917190233865,2.959743039883079,83.2% ± 3.0%,0,0,0,MS + 1000.0,Diet,83.2% ± 3.0%,1000,MS,Freeze
CNN-PFF,82.80193209648132,0.8240936723257798,82.8% ± 0.8%,0,0,0,UCI + 200.0,Diet,82.8% ± 0.8%,200,UCI,Freeze
TS-TCC Encoder,82.65700340270996,1.999440015285083,82.7% ± 2.0%,0,0,0,UCI + 1000.0,Diet,82.7% ± 2.0%,1000,UCI,Freeze
TS2Vec Encoder,82.26616382598877,3.8275821779958132,82.3% ± 3.8%,0,0,0,MS + 200.0,Diet,82.3% ± 3.8%,200,MS,Freeze
CNN-PFF,81.85812830924988,4.040561604304236,81.9% ± 4.0%,0,0,0,MS + 200.0,Diet,81.9% ± 4.0%,200,MS,Freeze
TS-TCC Encoder,81.70119325319925,2.0136851568626124,81.7% ± 2.0%,0,0,0,MS + 200.0,Diet,81.7% ± 2.0%,200,MS,Freeze
TS2Vec Encoder,81.49758577346802,2.1018646023393375,81.5% ± 2.1%,0,0,0,UCI + 100.0,Diet,81.5% ± 2.1%,100,UCI,Freeze
TS2Vec Encoder,80.66541155179343,1.9803860053260864,80.7% ± 2.0%,0,0,0,MS + 1000.0,Diet,80.7% ± 2.0%,1000,MS,Freeze
CNN-PFF,79.53546841939291,4.295823454794668,79.5% ± 4.3%,0,0,0,MS + 100.0,Diet,79.5% ± 4.3%,100,MS,Freeze
CNN-PFF,79.50589060783386,2.772521828338408,79.5% ± 2.8%,0,0,0,WISDM + 1000.0,Diet,79.5% ± 2.8%,1000,WISDM,Freeze
TS-TCC Encoder,79.42029039065042,0.7668838045825783,79.4% ± 0.8%,0,0,0,UCI + 200.0,Diet,79.4% ± 0.8%,200,UCI,Freeze
TS2Vec Encoder,79.27536169687906,2.2311299092095576,79.3% ± 2.2%,0,0,0,UCI + 50.0,Diet,79.3% ± 2.2%,50,UCI,Freeze
CNN-PFF,79.08212542533875,0.5089669051826923,79.1% ± 0.5%,0,0,0,UCI + 100.0,Diet,79.1% ± 0.5%,100,UCI,Freeze
ResNet-SE-5,78.75078519185385,1.5481951102345908,78.8% ± 1.5%,0,0,0,MS + 1000.0,Diet,78.8% ± 1.5%,1000,MS,Freeze
TS2Vec Encoder,78.43691110610962,2.7306973934173584,78.4% ± 2.7%,0,0,0,MS + 100.0,Diet,78.4% ± 2.7%,100,MS,Freeze
TS-TCC Encoder,78.18740407625833,1.1717470824466034,78.2% ± 1.2%,0,0,0,WISDM + 200.0,Diet,78.2% ± 1.2%,200,WISDM,Freeze
ResNet-SE-5,78.06763251622519,1.3774491074954809,78.1% ± 1.4%,0,0,0,UCI + 1000.0,Diet,78.1% ± 1.4%,1000,UCI,Freeze
ResNet-SE-5,77.96610196431479,0.28248727322148776,78.0% ± 0.3%,0,0,0,MS + 200.0,Diet,78.0% ± 0.3%,200,MS,Freeze
ResNet-SE-5,77.32974688212076,2.670098712567374,77.3% ± 2.7%,0,0,0,WISDM + 1000.0,Diet,77.3% ± 2.7%,1000,WISDM,Freeze
CNN-PFF,77.05586949984232,5.394696795376968,77.1% ± 5.4%,0,0,0,MS + 50.0,Diet,77.1% ± 5.4%,50,MS,Freeze
CNN-PFF,76.23188495635986,1.9924245205765043,76.2% ± 2.0%,0,0,0,UCI + 50.0,Diet,76.2% ± 2.0%,50,UCI,Freeze
TS2Vec Encoder,76.18357539176941,2.642030394146893,76.2% ± 2.6%,0,0,0,UCI + 25.0,Diet,76.2% ± 2.6%,25,UCI,Freeze
ResNet-SE-5,76.18357539176941,1.7290348035217236,76.2% ± 1.7%,0,0,0,UCI + 200.0,Diet,76.2% ± 1.7%,200,UCI,Freeze
TS-TCC Encoder,76.11425121625265,1.177337411068589,76.1% ± 1.2%,0,0,0,MS + 100.0,Diet,76.1% ± 1.2%,100,MS,Freeze
ResNet-SE-5,75.9856641292572,1.6828583186139896,76.0% ± 1.7%,0,0,0,WISDM + 200.0,Diet,76.0% ± 1.7%,200,WISDM,Freeze
RNN,75.9259263674418,1.6879279899276467,75.9% ± 1.7%,0,0,0,MS + 1000.0,Diet,75.9% ± 1.7%,1000,MS,Freeze
TS2Vec Encoder,75.64344008763632,6.339226566699257,75.6% ± 6.3%,0,0,0,MS + 50.0,Diet,75.6% ± 6.3%,50,MS,Freeze
ResNet-SE-5,75.26679237683615,0.14383439527044872,75.3% ± 0.1%,0,0,0,MS + 100.0,Diet,75.3% ± 0.1%,100,MS,Freeze
ResNet-SE-5,75.0784675280253,3.8941786331458688,75.1% ± 3.9%,0,0,0,MS + 50.0,Diet,75.1% ± 3.9%,50,MS,Freeze
ResNet-SE-5,74.96159871419272,2.4193555116659557,75.0% ± 2.4%,0,0,0,WISDM + 100.0,Diet,75.0% ± 2.4%,100,WISDM,Freeze
CNN-PFF,74.66717958450317,1.9025034802250305,74.7% ± 1.9%,0,0,0,WISDM + 200.0,Diet,74.7% ± 1.9%,200,WISDM,Freeze
CNN-PFF,74.18074607849121,1.8326201606421004,74.2% ± 1.8%,0,0,0,WISDM + 100.0,Diet,74.2% ± 1.8%,100,WISDM,Freeze
ResNet-SE-5,74.15458957354227,2.630077214419209,74.2% ± 2.6%,0,0,0,UCI + 100.0,Diet,74.2% ± 2.6%,100,UCI,Freeze
IMU Transformer,74.14234479268393,1.2278769216438494,74.1% ± 1.2%,0,0,0,WISDM + 50.0,Diet,74.1% ± 1.2%,50,WISDM,Freeze
TS-TCC Encoder,73.9130437374115,2.959506221260426,73.9% ± 3.0%,0,0,0,UCI + 100.0,Diet,73.9% ± 3.0%,100,UCI,Freeze
CNN-PFF,73.63465229670206,4.616817524241011,73.6% ± 4.6%,0,0,0,MS + 25.0,Diet,73.6% ± 4.6%,25,MS,Freeze
IMU Transformer,73.43830068906149,1.3036121123571707,73.4% ± 1.3%,0,0,0,WISDM + 100.0,Diet,73.4% ± 1.3%,100,WISDM,Freeze
IMU Transformer,73.28468958536783,1.0206205457829642,73.3% ± 1.0%,0,0,0,WISDM + 1000.0,Diet,73.3% ± 1.0%,1000,WISDM,Freeze
TS-TCC Encoder,73.27188849449158,1.2070823043922878,73.3% ± 1.2%,0,0,0,WISDM + 100.0,Diet,73.3% ± 1.2%,100,WISDM,Freeze
CNN-PFF,73.09178709983826,1.8351119228616548,73.1% ± 1.8%,0,0,0,UCI + 25.0,Diet,73.1% ± 1.8%,25,UCI,Freeze
IMU Transformer,72.97747135162354,0.7208353526906827,73.0% ± 0.7%,0,0,0,WISDM + 200.0,Diet,73.0% ± 0.7%,200,WISDM,Freeze
RNN,72.17391331990561,1.2881420007015125,72.2% ± 1.3%,0,0,0,UCI + 1000.0,Diet,72.2% ± 1.3%,1000,UCI,Freeze
ResNet-SE-5,72.1454163392385,2.2856192790406884,72.1% ± 2.3%,0,0,0,WISDM + 50.0,Diet,72.1% ± 2.3%,50,WISDM,Freeze
ResNet-SE-5,71.86213930447897,1.2323568832274705,71.9% ± 1.2%,0,0,0,RW-Waist + 1000.0,Diet,71.9% ± 1.2%,1000,RW-Waist,Freeze
TS2Vec Encoder,71.30434711774191,2.612720172337228,71.3% ± 2.6%,0,0,0,UCI + 10.0,Diet,71.3% ± 2.6%,10,UCI,Freeze
ResNet-SE-5,71.2834378083547,2.3951872698833956,71.3% ± 2.4%,0,0,0,RW-Waist + 200.0,Diet,71.3% ± 2.4%,200,RW-Waist,Freeze
CNN-PFF,71.21095856030783,1.8297991381793468,71.2% ± 1.8%,0,0,0,WISDM + 50.0,Diet,71.2% ± 1.8%,50,WISDM,Freeze
ResNet-SE-5,71.20772997538248,2.7587047845575925,71.2% ± 2.8%,0,0,0,UCI + 50.0,Diet,71.2% ± 2.8%,50,UCI,Freeze
RNN,71.12135092417398,0.3703409505276262,71.1% ± 0.4%,0,0,0,WISDM + 1000.0,Diet,71.1% ± 0.4%,1000,WISDM,Freeze
RNN,70.96673051516214,1.1960188353486276,71.0% ± 1.2%,0,0,0,MS + 200.0,Diet,71.0% ± 1.2%,200,MS,Freeze
IMU Transformer,70.82693179448447,0.8494960436632069,70.8% ± 0.8%,0,0,0,WISDM + 25.0,Diet,70.8% ± 0.8%,25,WISDM,Freeze
TS2Vec Encoder,70.37037014961243,1.4456016006164645,70.4% ± 1.4%,0,0,0,KH + 200.0,Diet,70.4% ± 1.4%,200,KH,Freeze
CNN-PFF,70.29320995012918,2.3238003023489955,70.3% ± 2.3%,0,0,0,RW-Waist + 1000.0,Diet,70.3% ± 2.3%,1000,RW-Waist,Freeze
TS2Vec Encoder,69.6759263674418,2.8912041556692114,69.7% ± 2.9%,0,0,0,KH + 50.0,Diet,69.7% ± 2.9%,50,KH,Freeze
TS2Vec Encoder,69.6759263674418,1.6037515124769093,69.7% ± 1.6%,0,0,0,KH + 1000.0,Diet,69.7% ± 1.6%,1000,KH,Freeze
ResNet-SE-5,69.65020696322122,1.2263015184174877,69.7% ± 1.2%,0,0,0,RW-Waist + 100.0,Diet,69.7% ± 1.2%,100,RW-Waist,Freeze
RNN,69.46859757105508,2.360732405569294,69.5% ± 2.4%,0,0,0,UCI + 200.0,Diet,69.5% ± 2.4%,200,UCI,Freeze
TS-TCC Encoder,69.21296318372092,0.8018757562384546,69.2% ± 0.8%,0,0,0,KH + 200.0,Diet,69.2% ± 0.8%,200,KH,Freeze
ResNet-SE-5,69.07062331835428,4.813674214698048,69.1% ± 4.8%,0,0,0,RW-Thigh + 1000.0,Diet,69.1% ± 4.8%,1000,RW-Thigh,Freeze
ResNet-SE-5,68.98148258527121,2.0046876699582517,69.0% ± 2.0%,0,0,0,KH + 1000.0,Diet,69.0% ± 2.0%,1000,KH,Freeze
CNN-PFF,68.75,1.3888895511627197,68.8% ± 1.4%,0,0,0,KH + 50.0,Diet,68.8% ± 1.4%,50,KH,Freeze
IMU Transformer,68.6754564444224,1.6983985968269795,68.7% ± 1.7%,0,0,0,MS + 1000.0,Diet,68.7% ± 1.7%,1000,MS,Freeze
TS-TCC Encoder,68.3563748995463,1.8061393668373278,68.4% ± 1.8%,0,0,0,WISDM + 50.0,Diet,68.4% ± 1.8%,50,WISDM,Freeze
CNN-PFF,68.28703482945761,3.281816290336901,68.3% ± 3.3%,0,0,0,KH + 200.0,Diet,68.3% ± 3.3%,200,KH,Freeze
ResNet-SE-5,68.10699502627054,3.3403318181490693,68.1% ± 3.3%,0,0,0,RW-Waist + 50.0,Diet,68.1% ± 3.3%,50,RW-Waist,Freeze
TS2Vec Encoder,68.05555621782938,0.6944447755834915,68.1% ± 0.7%,0,0,0,KH + 100.0,Diet,68.1% ± 0.7%,100,KH,Freeze
TS-TCC Encoder,67.92215903600058,3.1078176380694247,67.9% ± 3.1%,0,0,0,MS + 50.0,Diet,67.9% ± 3.1%,50,MS,Freeze
TS2Vec Encoder,67.45135188102722,2.657191429850157,67.5% ± 2.7%,0,0,0,MS + 25.0,Diet,67.5% ± 2.7%,25,MS,Freeze
TS-TCC Encoder,67.12962985038757,2.6446500217533626,67.1% ± 2.6%,0,0,0,RW-Waist + 1000.0,Diet,67.1% ± 2.6%,1000,RW-Waist,Freeze
IMU Transformer,67.12962786356607,7.649403758351866,67.1% ± 7.6%,0,0,0,KH + 1000.0,Diet,67.1% ± 7.6%,1000,KH,Freeze
IMU Transformer,66.88637932141623,3.988661188285895,66.9% ± 4.0%,0,0,0,MS + 200.0,Diet,66.9% ± 4.0%,200,MS,Freeze
ResNet-SE-5,66.66666666666666,1.8373293018787065,66.7% ± 1.8%,0,0,0,KH + 100.0,Diet,66.7% ± 1.8%,100,KH,Freeze
TS-TCC Encoder,66.66666666666666,1.8373293018787065,66.7% ± 1.8%,0,0,0,KH + 1000.0,Diet,66.7% ± 1.8%,1000,KH,Freeze
CNN-PFF,66.52520497639975,5.575121388766694,66.5% ± 5.6%,0,0,0,RW-Waist + 200.0,Diet,66.5% ± 5.6%,200,RW-Waist,Freeze
CNN-PFF,66.43518606821695,1.7476492723250863,66.4% ± 1.7%,0,0,0,KH + 100.0,Diet,66.4% ± 1.7%,100,KH,Freeze
RNN,66.30824208259583,2.1940995273615123,66.3% ± 2.2%,0,0,0,WISDM + 200.0,Diet,66.3% ± 2.2%,200,WISDM,Freeze
ResNet-SE-5,66.20370348294577,5.394063385839696,66.2% ± 5.4%,0,0,0,KH + 50.0,Diet,66.2% ± 5.4%,50,KH,Freeze
CNN-PFF,65.97222089767456,2.7777791023254395,66.0% ± 2.8%,0,0,0,KH + 25.0,Diet,66.0% ± 2.8%,25,KH,Freeze
TS2Vec Encoder,65.74074029922485,12.448452452707564,65.7% ± 12.4%,0,0,0,KH + 25.0,Diet,65.7% ± 12.4%,25,KH,Freeze
ResNet-SE-5,65.50925970077515,4.464651859609316,65.5% ± 4.5%,0,0,0,KH + 200.0,Diet,65.5% ± 4.5%,200,KH,Freeze
TS-TCC Encoder,65.36231835683188,1.014491915704279,65.4% ± 1.0%,0,0,0,UCI + 50.0,Diet,65.4% ± 1.0%,50,UCI,Freeze
TS-TCC Encoder,65.27777910232544,4.224140210532183,65.3% ± 4.2%,0,0,0,KH + 100.0,Diet,65.3% ± 4.2%,100,KH,Freeze
IMU Transformer,65.04629651705423,8.284965459235812,65.0% ± 8.3%,0,0,0,KH + 200.0,Diet,65.0% ± 8.3%,200,KH,Freeze
RNN,64.90897734959921,3.3215714288540763,64.9% ± 3.3%,0,0,0,MS + 100.0,Diet,64.9% ± 3.3%,100,MS,Freeze
ResNet-SE-5,64.72094257672629,2.802151432352585,64.7% ± 2.8%,0,0,0,WISDM + 25.0,Diet,64.7% ± 2.8%,25,WISDM,Freeze
ResNet-SE-5,64.58937128384909,1.3926109270367142,64.6% ± 1.4%,0,0,0,UCI + 25.0,Diet,64.6% ± 1.4%,25,UCI,Freeze
RNN,64.25120830535889,3.013422313503358,64.3% ± 3.0%,0,0,0,UCI + 100.0,Diet,64.3% ± 3.0%,100,UCI,Freeze
TS-TCC Encoder,64.21670317649841,1.6844719834462594,64.2% ± 1.7%,0,0,0,RW-Thigh + 1000.0,Diet,64.2% ± 1.7%,1000,RW-Thigh,Freeze
ResNet-SE-5,64.21670118967691,4.326550623257795,64.2% ± 4.3%,0,0,0,RW-Thigh + 200.0,Diet,64.2% ± 4.3%,200,RW-Thigh,Freeze
IMU Transformer,64.17050758997598,5.508043082875922,64.2% ± 5.5%,0,0,0,WISDM + 10.0,Diet,64.2% ± 5.5%,10,WISDM,Freeze
CNN-PFF,64.14490540822348,3.447321330916401,64.1% ± 3.4%,0,0,0,WISDM + 25.0,Diet,64.1% ± 3.4%,25,WISDM,Freeze
IMU Transformer,64.12037014961243,5.023736252354995,64.1% ± 5.0%,0,0,0,KH + 100.0,Diet,64.1% ± 5.0%,100,KH,Freeze
IMU Transformer,64.0929083029429,2.4488136288123554,64.1% ± 2.4%,0,0,0,MS + 100.0,Diet,64.1% ± 2.4%,100,MS,Freeze
ResNet-SE-5,63.96735707918803,4.274098063677389,64.0% ± 4.3%,0,0,0,MS + 25.0,Diet,64.0% ± 4.3%,25,MS,Freeze
RNN,63.88888955116272,0.4450935145908461,63.9% ± 0.4%,0,0,0,WISDM + 100.0,Diet,63.9% ± 0.4%,100,WISDM,Freeze
IMU Transformer,63.84180784225464,11.804845866355933,63.8% ± 11.8%,0,0,0,MS + 25.0,Diet,63.8% ± 11.8%,25,MS,Freeze
TS-TCC Encoder,63.5560671488444,2.3787854433477618,63.6% ± 2.4%,0,0,0,WISDM + 25.0,Diet,63.6% ± 2.4%,25,WISDM,Freeze
TS2Vec Encoder,63.42592636744181,8.342973821330254,63.4% ± 8.3%,0,0,0,KH + 10.0,Diet,63.4% ± 8.3%,10,KH,Freeze
CNN-PFF,63.42592636744181,1.7476465091372697,63.4% ± 1.7%,0,0,0,KH + 1000.0,Diet,63.4% ± 1.7%,1000,KH,Freeze
CNN-PFF,63.15128604571024,2.23092996433862,63.2% ± 2.2%,0,0,0,MS + 10.0,Diet,63.2% ± 2.2%,10,MS,Freeze
CNN-PFF,62.51285870869955,2.654570701707668,62.5% ± 2.7%,0,0,0,RW-Waist + 100.0,Diet,62.5% ± 2.7%,100,RW-Waist,Freeze
IMU Transformer,62.492154041926064,0.8439622770054475,62.5% ± 0.8%,0,0,0,MS + 50.0,Diet,62.5% ± 0.8%,50,MS,Freeze
RNN,62.0370348294576,2.0046876699582517,62.0% ± 2.0%,0,0,0,KH + 100.0,Diet,62.0% ± 2.0%,100,KH,Freeze
TS-TCC Encoder,61.57407363255819,4.009378781192273,61.6% ± 4.0%,0,0,0,KH + 50.0,Diet,61.6% ± 4.0%,50,KH,Freeze
TS2Vec Encoder,61.23666167259216,4.3927665602679244,61.2% ± 4.4%,0,0,0,MS + 10.0,Diet,61.2% ± 4.4%,10,MS,Freeze
IMU Transformer,61.11111044883728,4.224140210532183,61.1% ± 4.2%,0,0,0,KH + 25.0,Diet,61.1% ± 4.2%,25,KH,Freeze
IMU Transformer,60.87963183720907,6.3012304138511706,60.9% ± 6.3%,0,0,0,KH + 50.0,Diet,60.9% ± 6.3%,50,KH,Freeze
TS2Vec Encoder,60.87962985038757,6.452482785012442,60.9% ± 6.5%,0,0,0,KH + 5.0,Diet,60.9% ± 6.5%,5,KH,Freeze
TS2Vec Encoder,60.86956659952799,2.539334935620223,60.9% ± 2.5%,0,0,0,UCI + 5.0,Diet,60.9% ± 2.5%,5,UCI,Freeze
ResNet-SE-5,60.64814726511637,3.2818173413850453,60.6% ± 3.3%,0,0,0,KH + 25.0,Diet,60.6% ± 3.3%,25,KH,Freeze
ResNet-SE-5,60.50149401028951,4.822325231820488,60.5% ± 4.8%,0,0,0,RW-Thigh + 100.0,Diet,60.5% ± 4.8%,100,RW-Thigh,Freeze
RNN,60.451976458231606,1.8902880260773545,60.5% ± 1.9%,0,0,0,MS + 50.0,Diet,60.5% ± 1.9%,50,MS,Freeze
ResNet-SE-5,60.443983475367226,7.521664473867521,60.4% ± 7.5%,0,0,0,RW-Thigh + 50.0,Diet,60.4% ± 7.5%,50,RW-Thigh,Freeze
CNN-PFF,60.38647492726644,1.3536947083153967,60.4% ± 1.4%,0,0,0,RW-Thigh + 1000.0,Diet,60.4% ± 1.4%,1000,RW-Thigh,Freeze
RNN,60.18518408139547,3.1314236108098985,60.2% ± 3.1%,0,0,0,KH + 50.0,Diet,60.2% ± 3.1%,50,KH,Freeze
RNN,60.18518408139547,3.1314236108098985,60.2% ± 3.1%,0,0,0,KH + 200.0,Diet,60.2% ± 3.1%,200,KH,Freeze
RNN,59.95370546976725,4.926804189760131,60.0% ± 4.9%,0,0,0,KH + 1000.0,Diet,60.0% ± 4.9%,1000,KH,Freeze
IMU Transformer,59.565216302871704,5.789850231627482,59.6% ± 5.8%,0,0,0,UCI + 200.0,Diet,59.6% ± 5.8%,200,UCI,Freeze
IMU Transformer,59.42028959592184,4.3284589286053885,59.4% ± 4.3%,0,0,0,UCI + 1000.0,Diet,59.4% ± 4.3%,1000,UCI,Freeze
ResNet-SE-5,59.32355920473734,4.532209567235308,59.3% ± 4.5%,0,0,0,RW-Waist + 25.0,Diet,59.3% ± 4.5%,25,RW-Waist,Freeze
TS-TCC Encoder,59.25925970077515,3.824699083412144,59.3% ± 3.8%,0,0,0,KH + 25.0,Diet,59.3% ± 3.8%,25,KH,Freeze
RNN,59.169238805770874,2.8539802258987805,59.2% ± 2.9%,0,0,0,RW-Waist + 1000.0,Diet,59.2% ± 2.9%,1000,RW-Waist,Freeze
TS-TCC Encoder,59.165096282958984,4.449920774904313,59.2% ± 4.4%,0,0,0,MS + 25.0,Diet,59.2% ± 4.4%,25,MS,Freeze
RNN,59.082124630610146,3.006445365773348,59.1% ± 3.0%,0,0,0,UCI + 50.0,Diet,59.1% ± 3.0%,50,UCI,Freeze
TS-TCC Encoder,59.075780709584556,1.0427754886532832,59.1% ± 1.0%,0,0,0,WISDM + 10.0,Diet,59.1% ± 1.0%,10,WISDM,Freeze
CNN-PFF,58.64734252293905,7.9039786261245375,58.6% ± 7.9%,0,0,0,UCI + 10.0,Diet,58.6% ± 7.9%,10,UCI,Freeze
CNN-PFF,58.051530520121254,3.9756486723819555,58.1% ± 4.0%,0,0,0,RW-Thigh + 200.0,Diet,58.1% ± 4.0%,200,RW-Thigh,Freeze
CNN-PFF,57.98611044883728,1.9983681134135702,58.0% ± 2.0%,0,0,0,RW-Waist + 50.0,Diet,58.0% ± 2.0%,50,RW-Waist,Freeze
TS-TCC Encoder,57.536232471466064,0.8069229284116041,57.5% ± 0.8%,0,0,0,UCI + 25.0,Diet,57.5% ± 0.8%,25,UCI,Freeze
IMU Transformer,57.439613342285156,4.906890646073812,57.4% ± 4.9%,0,0,0,UCI + 100.0,Diet,57.4% ± 4.9%,100,UCI,Freeze
RNN,56.83563748995463,1.8580588665693925,56.8% ± 1.9%,0,0,0,WISDM + 50.0,Diet,56.8% ± 1.9%,50,WISDM,Freeze
IMU Transformer,56.71497782071432,3.8188702982391494,56.7% ± 3.8%,0,0,0,UCI + 50.0,Diet,56.7% ± 3.8%,50,UCI,Freeze
RNN,56.66152238845825,2.2945774092853624,56.7% ± 2.3%,0,0,0,RW-Waist + 200.0,Diet,56.7% ± 2.3%,200,RW-Waist,Freeze
ResNet-SE-5,56.613756219546,6.103304718036186,56.6% ± 6.1%,0,0,0,RW-Thigh + 25.0,Diet,56.6% ± 6.1%,25,RW-Thigh,Freeze
CNN-PFF,56.42512043317159,1.8914782510300914,56.4% ± 1.9%,0,0,0,UCI + 5.0,Diet,56.4% ± 1.9%,5,UCI,Freeze
TS-TCC Encoder,56.30143880844116,0.4666985003515338,56.3% ± 0.5%,0,0,0,RW-Waist + 200.0,Diet,56.3% ± 0.5%,200,RW-Waist,Freeze
IMU Transformer,56.03864789009094,2.739603701512532,56.0% ± 2.7%,0,0,0,UCI + 25.0,Diet,56.0% ± 2.7%,25,UCI,Freeze
RNN,55.79710006713867,4.676498105161164,55.8% ± 4.7%,0,0,0,RW-Thigh + 1000.0,Diet,55.8% ± 4.7%,1000,RW-Thigh,Freeze
CNN-PFF,55.41752974192301,1.4130849061583133,55.4% ± 1.4%,0,0,0,RW-Thigh + 100.0,Diet,55.4% ± 1.4%,100,RW-Thigh,Freeze
ResNet-SE-5,55.31401137510935,7.497579621618339,55.3% ± 7.5%,0,0,0,UCI + 10.0,Diet,55.3% ± 7.5%,10,UCI,Freeze
IMU Transformer,54.833646615346275,1.9848604067819113,54.8% ± 2.0%,0,0,0,MS + 10.0,Diet,54.8% ± 2.0%,10,MS,Freeze
IMU Transformer,54.80030675729116,9.657510899410674,54.8% ± 9.7%,0,0,0,WISDM + 5.0,Diet,54.8% ± 9.7%,5,WISDM,Freeze
RNN,54.66820995012919,1.8534592042049152,54.7% ± 1.9%,0,0,0,RW-Waist + 100.0,Diet,54.7% ± 1.9%,100,RW-Waist,Freeze
RNN,54.61393594741821,1.7964975815877244,54.6% ± 1.8%,0,0,0,MS + 25.0,Diet,54.6% ± 1.8%,25,MS,Freeze
IMU Transformer,54.299517472585045,4.410975966316691,54.3% ± 4.4%,0,0,0,UCI + 10.0,Diet,54.3% ± 4.4%,10,UCI,Freeze
CNN-PFF,54.26954825719198,6.441900591606449,54.3% ± 6.4%,0,0,0,RW-Waist + 25.0,Diet,54.3% ± 6.4%,25,RW-Waist,Freeze
RNN,54.00275985399882,3.2661152131115654,54.0% ± 3.3%,0,0,0,RW-Thigh + 200.0,Diet,54.0% ± 3.3%,200,RW-Thigh,Freeze
TS-TCC Encoder,53.7122368812561,3.7292593967085597,53.7% ± 3.7%,0,0,0,WISDM + 5.0,Diet,53.7% ± 3.7%,5,WISDM,Freeze
CNN-PFF,52.777777115503945,13.871516068042142,52.8% ± 13.9%,0,0,0,KH + 10.0,Diet,52.8% ± 13.9%,10,KH,Freeze
RNN,52.54629651705424,1.0607806160100157,52.5% ± 1.1%,0,0,0,KH + 25.0,Diet,52.5% ± 1.1%,25,KH,Freeze
RNN,52.270529667536415,2.3293836864172563,52.3% ± 2.3%,0,0,0,UCI + 25.0,Diet,52.3% ± 2.3%,25,UCI,Freeze
RNN,52.237653732299805,1.6481493270934413,52.2% ± 1.6%,0,0,0,RW-Waist + 50.0,Diet,52.2% ± 1.6%,50,RW-Waist,Freeze
TS-TCC Encoder,52.231425046920776,4.168349468895529,52.2% ± 4.2%,0,0,0,RW-Thigh + 200.0,Diet,52.2% ± 4.2%,200,RW-Thigh,Freeze
CNN-PFF,51.98987921079,1.1086951804791672,52.0% ± 1.1%,0,0,0,RW-Thigh + 50.0,Diet,52.0% ± 1.1%,50,RW-Thigh,Freeze
RNN,51.63850585619608,0.8876985217281934,51.6% ± 0.9%,0,0,0,WISDM + 25.0,Diet,51.6% ± 0.9%,25,WISDM,Freeze
CNN-PFF,51.388888557751976,7.316426877291736,51.4% ± 7.3%,0,0,0,KH + 5.0,Diet,51.4% ± 7.3%,5,KH,Freeze
TS2Vec Encoder,51.380262772242226,6.462314089384842,51.4% ± 6.5%,0,0,0,RW-Thigh + 200.0,Diet,51.4% ± 6.5%,200,RW-Thigh,Freeze
ResNet-SE-5,51.10596716403961,5.528877593155899,51.1% ± 5.5%,0,0,0,RW-Waist + 10.0,Diet,51.1% ± 5.5%,10,RW-Waist,Freeze
IMU Transformer,50.92592636744181,7.024996487905734,50.9% ± 7.0%,0,0,0,KH + 10.0,Diet,50.9% ± 7.0%,10,KH,Freeze
CNN-PFF,50.84745685259501,7.0130121063360304,50.8% ± 7.0%,0,0,0,MS + 5.0,Diet,50.8% ± 7.0%,5,MS,Freeze
RNN,50.78214804331461,5.083757472455687,50.8% ± 5.1%,0,0,0,RW-Thigh + 100.0,Diet,50.8% ± 5.1%,100,RW-Thigh,Freeze
TS-TCC Encoder,50.694442788759865,2.7777776122094533,50.7% ± 2.8%,0,0,0,KH + 10.0,Diet,50.7% ± 2.8%,10,KH,Freeze
TS2Vec Encoder,50.59635837872823,7.3581015609671026,50.6% ± 7.4%,0,0,0,MS + 5.0,Diet,50.6% ± 7.4%,5,MS,Freeze
ResNet-SE-5,50.102405746777855,8.948459987758394,50.1% ± 8.9%,0,0,0,WISDM + 10.0,Diet,50.1% ± 8.9%,10,WISDM,Freeze
TS2Vec Encoder,50.04830857117971,1.097372780728013,50.0% ± 1.1%,0,0,0,UCI + 1.0,Diet,50.0% ± 1.1%,1,UCI,Freeze
TS-TCC Encoder,50.03138681252798,4.768289749209178,50.0% ± 4.8%,0,0,0,MS + 10.0,Diet,50.0% ± 4.8%,10,MS,Freeze
ResNet-SE-5,50.0,5.071650599382897,50.0% ± 5.1%,0,0,0,MS + 5.0,Diet,50.0% ± 5.1%,5,MS,Freeze
TS-TCC Encoder,49.78137910366058,1.0975625147814112,49.8% ± 1.1%,0,0,0,RW-Waist + 100.0,Diet,49.8% ± 1.1%,100,RW-Waist,Freeze
TS-TCC Encoder,49.66183503468831,1.2989673984369485,49.7% ± 1.3%,0,0,0,UCI + 10.0,Diet,49.7% ± 1.3%,10,UCI,Freeze
CNN-PFF,49.61597522099812,4.839166691323768,49.6% ± 4.8%,0,0,0,WISDM + 10.0,Diet,49.6% ± 4.8%,10,WISDM,Freeze
TS2Vec Encoder,49.57561691602071,4.1928400963425805,49.6% ± 4.2%,0,0,0,RW-Waist + 200.0,Diet,49.6% ± 4.2%,200,RW-Waist,Freeze
ResNet-SE-5,49.5169073343277,4.9980732214898085,49.5% ± 5.0%,0,0,0,UCI + 5.0,Diet,49.5% ± 5.0%,5,UCI,Freeze
IMU Transformer,48.98550709088643,7.6975494821162975,49.0% ± 7.7%,0,0,0,UCI + 5.0,Diet,49.0% ± 7.7%,5,UCI,Freeze
TS2Vec Encoder,48.93261293570201,6.497573177148587,48.9% ± 6.5%,0,0,0,RW-Waist + 1000.0,Diet,48.9% ± 6.5%,1000,RW-Waist,Freeze
CNN-PFF,48.4011967976888,8.510210950109311,48.4% ± 8.5%,0,0,0,RW-Thigh + 25.0,Diet,48.4% ± 8.5%,25,RW-Thigh,Freeze
RNN,48.16100895404816,0.7001368647080212,48.2% ± 0.7%,0,0,0,RW-Waist + 25.0,Diet,48.2% ± 0.7%,25,RW-Waist,Freeze
IMU Transformer,47.95982440312703,4.2678683765453655,48.0% ± 4.3%,0,0,0,MS + 5.0,Diet,48.0% ± 4.3%,5,MS,Freeze
TS-TCC Encoder,47.42351075013478,1.9352408186840846,47.4% ± 1.9%,0,0,0,RW-Thigh + 100.0,Diet,47.4% ± 1.9%,100,RW-Thigh,Freeze
TS2Vec Encoder,47.423509756724044,6.637586899045088,47.4% ± 6.6%,0,0,0,RW-Thigh + 100.0,Diet,47.4% ± 6.6%,100,RW-Thigh,Freeze
ResNet-SE-5,47.363466024398804,3.238679040655115,47.4% ± 3.2%,0,0,0,MS + 10.0,Diet,47.4% ± 3.2%,10,MS,Freeze
RNN,47.28548427422841,3.222500663663065,47.3% ± 3.2%,0,0,0,RW-Thigh + 50.0,Diet,47.3% ± 3.2%,50,RW-Thigh,Freeze
ResNet-SE-5,46.53097788492839,5.895288578191643,46.5% ± 5.9%,0,0,0,WISDM + 5.0,Diet,46.5% ± 5.9%,5,WISDM,Freeze
CNN-PFF,46.50205870469411,6.56457898144721,46.5% ± 6.6%,0,0,0,RW-Waist + 10.0,Diet,46.5% ± 6.6%,10,RW-Waist,Freeze
TS-TCC Encoder,46.17255528767903,1.3622501609280326,46.2% ± 1.4%,0,0,0,WISDM + 1.0,Diet,46.2% ± 1.4%,1,WISDM,Freeze
TS-TCC Encoder,45.56327164173126,0.6825536058705203,45.6% ± 0.7%,0,0,0,RW-Waist + 50.0,Diet,45.6% ± 0.7%,50,RW-Waist,Freeze
ResNet-SE-5,45.37037014961243,3.948778926020159,45.4% ± 3.9%,0,0,0,KH + 10.0,Diet,45.4% ± 3.9%,10,KH,Freeze
TS-TCC Encoder,45.3232894341151,1.4597641343049348,45.3% ± 1.5%,0,0,0,MS + 5.0,Diet,45.3% ± 1.5%,5,MS,Freeze
TS2Vec Encoder,45.13888955116272,4.553775970269972,45.1% ± 4.6%,0,0,0,KH + 1.0,Diet,45.1% ± 4.6%,1,KH,Freeze
RNN,45.13568977514903,3.046245321654371,45.1% ± 3.0%,0,0,0,WISDM + 10.0,Diet,45.1% ± 3.0%,10,WISDM,Freeze
TS-TCC Encoder,44.67592537403107,4.41031321803573,44.7% ± 4.4%,0,0,0,KH + 5.0,Diet,44.7% ± 4.4%,5,KH,Freeze
TS-TCC Encoder,44.49045260747273,1.3374715510930228,44.5% ± 1.3%,0,0,0,RW-Thigh + 50.0,Diet,44.5% ± 1.3%,50,RW-Thigh,Freeze
RNN,44.2129631837209,2.438809902000911,44.2% ± 2.4%,0,0,0,KH + 10.0,Diet,44.2% ± 2.4%,10,KH,Freeze
TS2Vec Encoder,43.77572039763133,3.9067780296074064,43.8% ± 3.9%,0,0,0,RW-Waist + 100.0,Diet,43.8% ± 3.9%,100,RW-Waist,Freeze
ResNet-SE-5,43.70830456415813,2.8089118978041747,43.7% ± 2.8%,0,0,0,RW-Thigh + 10.0,Diet,43.7% ± 2.8%,10,RW-Thigh,Freeze
RNN,43.67149770259857,1.5963981060009351,43.7% ± 1.6%,0,0,0,UCI + 10.0,Diet,43.7% ± 1.6%,10,UCI,Freeze
TS-TCC Encoder,43.67149670918782,4.9558718230762615,43.7% ± 5.0%,0,0,0,UCI + 5.0,Diet,43.7% ± 5.0%,5,UCI,Freeze
RNN,43.54727466901143,3.2347937863803597,43.5% ± 3.2%,0,0,0,RW-Thigh + 25.0,Diet,43.5% ± 3.2%,25,RW-Thigh,Freeze
ResNet-SE-5,43.544238805770874,7.061064919809714,43.5% ± 7.1%,0,0,0,RW-Waist + 5.0,Diet,43.5% ± 7.1%,5,RW-Waist,Freeze
TS-TCC Encoder,43.197015921274826,0.9913946823203901,43.2% ± 1.0%,0,0,0,RW-Waist + 25.0,Diet,43.2% ± 1.0%,25,RW-Waist,Freeze
TS2Vec Encoder,42.939813931783036,5.049592593089327,42.9% ± 5.0%,0,0,0,RW-Waist + 50.0,Diet,42.9% ± 5.0%,50,RW-Waist,Freeze
ResNet-SE-5,42.82407363255818,8.138145012555789,42.8% ± 8.1%,0,0,0,KH + 5.0,Diet,42.8% ± 8.1%,5,KH,Freeze
RNN,42.48971243699391,1.5414413263444329,42.5% ± 1.5%,0,0,0,RW-Waist + 10.0,Diet,42.5% ± 1.5%,10,RW-Waist,Freeze
IMU Transformer,41.7391300201416,2.1739125251769993,41.7% ± 2.2%,0,0,0,UCI + 1.0,Diet,41.7% ± 2.2%,1,UCI,Freeze
IMU Transformer,41.66666766007741,8.419691999228004,41.7% ± 8.4%,0,0,0,KH + 5.0,Diet,41.7% ± 8.4%,5,KH,Freeze
TS2Vec Encoder,41.58819913864136,8.267147820875703,41.6% ± 8.3%,0,0,0,MS + 1.0,Diet,41.6% ± 8.3%,1,MS,Freeze
TS-TCC Encoder,41.35802487532298,1.1822192262407836,41.4% ± 1.2%,0,0,0,RW-Waist + 10.0,Diet,41.4% ± 1.2%,10,RW-Waist,Freeze
TS-TCC Encoder,41.23533467451732,2.561167151304631,41.2% ± 2.6%,0,0,0,RW-Thigh + 25.0,Diet,41.2% ± 2.6%,25,RW-Thigh,Freeze
TS2Vec Encoder,41.06280207633972,6.274786993453082,41.1% ± 6.3%,0,0,0,RW-Thigh + 1000.0,Diet,41.1% ± 6.3%,1000,RW-Thigh,Freeze
RNN,40.740741292635605,2.2329161231808667,40.7% ± 2.2%,0,0,0,MS + 10.0,Diet,40.7% ± 2.2%,10,MS,Freeze
RNN,40.74074029922485,7.29442086399823,40.7% ± 7.3%,0,0,0,KH + 5.0,Diet,40.7% ± 7.3%,5,KH,Freeze
IMU Transformer,40.20715554555257,4.184648438791781,40.2% ± 4.2%,0,0,0,MS + 1.0,Diet,40.2% ± 4.2%,1,MS,Freeze
TS-TCC Encoder,39.75845376650493,0.9649753370013439,39.8% ± 1.0%,0,0,0,UCI + 1.0,Diet,39.8% ± 1.0%,1,UCI,Freeze
IMU Transformer,39.351851741472885,3.5636125516751047,39.4% ± 3.6%,0,0,0,KH + 1.0,Diet,39.4% ± 3.6%,1,KH,Freeze
TS2Vec Encoder,39.107510447502136,4.760296809555959,39.1% ± 4.8%,0,0,0,RW-Waist + 10.0,Diet,39.1% ± 4.8%,10,RW-Waist,Freeze
RNN,38.309178749720246,3.718552526631875,38.3% ± 3.7%,0,0,0,UCI + 5.0,Diet,38.3% ± 3.7%,5,UCI,Freeze
TS2Vec Encoder,38.24476599693298,11.760729410184885,38.2% ± 11.8%,0,0,0,RW-Thigh + 50.0,Diet,38.2% ± 11.8%,50,RW-Thigh,Freeze
RNN,38.082437713940934,1.2320753885917801,38.1% ± 1.2%,0,0,0,WISDM + 5.0,Diet,38.1% ± 1.2%,5,WISDM,Freeze
TS2Vec Encoder,38.01843225955963,22.238437582510436,38.0% ± 22.2%,0,0,0,WISDM + 1000.0,Diet,38.0% ± 22.2%,1000,WISDM,Freeze
RNN,37.91152238845825,2.609330425013131,37.9% ± 2.6%,0,0,0,RW-Waist + 5.0,Diet,37.9% ± 2.6%,5,RW-Waist,Freeze
TS-TCC Encoder,37.57062156995137,3.2956683209964255,37.6% ± 3.3%,0,0,0,MS + 1.0,Diet,37.6% ± 3.3%,1,MS,Freeze
RNN,37.44507133960724,2.495439882704119,37.4% ± 2.5%,0,0,0,MS + 5.0,Diet,37.4% ± 2.5%,5,MS,Freeze
CNN-PFF,37.42959598700206,6.054976335774932,37.4% ± 6.1%,0,0,0,WISDM + 5.0,Diet,37.4% ± 6.1%,5,WISDM,Freeze
RNN,36.84149980545044,3.9387902071150727,36.8% ± 3.9%,0,0,0,RW-Thigh + 10.0,Diet,36.8% ± 3.9%,10,RW-Thigh,Freeze
CNN-PFF,36.57407363255818,1.7476476933593394,36.6% ± 1.7%,0,0,0,KH + 1.0,Diet,36.6% ± 1.7%,1,KH,Freeze
TS-TCC Encoder,36.53094172477722,1.0815117872319484,36.5% ± 1.1%,0,0,0,RW-Thigh + 10.0,Diet,36.5% ± 1.1%,10,RW-Thigh,Freeze
TS2Vec Encoder,36.31592492262523,8.60509306813359,36.3% ± 8.6%,0,0,0,WISDM + 200.0,Diet,36.3% ± 8.6%,200,WISDM,Freeze
TS-TCC Encoder,36.291153232256576,3.2440301162666754,36.3% ± 3.2%,0,0,0,RW-Waist + 5.0,Diet,36.3% ± 3.2%,5,RW-Waist,Freeze
TS2Vec Encoder,36.09825174013774,14.215464756578388,36.1% ± 14.2%,0,0,0,RW-Waist + 25.0,Diet,36.1% ± 14.2%,25,RW-Waist,Freeze
IMU Transformer,35.7782890399297,10.022771733559784,35.8% ± 10.0%,0,0,0,WISDM + 1.0,Diet,35.8% ± 10.0%,1,WISDM,Freeze
CNN-PFF,35.45524577299754,7.400873758215876,35.5% ± 7.4%,0,0,0,RW-Waist + 5.0,Diet,35.5% ± 7.4%,5,RW-Waist,Freeze
TS-TCC Encoder,35.41522820790608,4.42442662564,35.4% ± 4.4%,0,0,0,RW-Thigh + 5.0,Diet,35.4% ± 4.4%,5,RW-Thigh,Freeze
TS-TCC Encoder,34.72222089767456,0.0,34.7% ± 0.0%,0,0,0,KH + 1.0,Diet,34.7% ± 0.0%,1,KH,Freeze
ResNet-SE-5,34.49466427167256,4.674392027937249,34.5% ± 4.7%,0,0,0,MS + 1.0,Diet,34.5% ± 4.7%,1,MS,Freeze
CNN-PFF,34.35702820618947,6.207089118024065,34.4% ± 6.2%,0,0,0,RW-Thigh + 10.0,Diet,34.4% ± 6.2%,10,RW-Thigh,Freeze
RNN,34.14998849232991,4.030378739604854,34.1% ± 4.0%,0,0,0,RW-Thigh + 5.0,Diet,34.1% ± 4.0%,5,RW-Thigh,Freeze
TS2Vec Encoder,34.13848578929901,6.223565167465298,34.1% ± 6.2%,0,0,0,RW-Thigh + 10.0,Diet,34.1% ± 6.2%,10,RW-Thigh,Freeze
CNN-PFF,33.474142352739975,3.1443933174798313,33.5% ± 3.1%,0,0,0,WISDM + 1.0,Diet,33.5% ± 3.1%,1,WISDM,Freeze
ResNet-SE-5,33.33333333333333,6.839484517336965,33.3% ± 6.8%,0,0,0,KH + 1.0,Diet,33.3% ± 6.8%,1,KH,Freeze
ResNet-SE-5,31.690821051597595,1.3387836019678347,31.7% ± 1.3%,0,0,0,UCI + 1.0,Diet,31.7% ± 1.3%,1,UCI,Freeze
RNN,31.391461690266926,4.721996806254509,31.4% ± 4.7%,0,0,0,RW-Waist + 1.0,Diet,31.4% ± 4.7%,1,RW-Waist,Freeze
RNN,31.169994672139484,5.399654159192833,31.2% ± 5.4%,0,0,0,WISDM + 1.0,Diet,31.2% ± 5.4%,1,WISDM,Freeze
TS-TCC Encoder,31.108539303143818,1.130297899572837,31.1% ± 1.1%,0,0,0,RW-Waist + 1.0,Diet,31.1% ± 1.1%,1,RW-Waist,Freeze
CNN-PFF,30.821255842844636,1.2154345321301567,30.8% ± 1.2%,0,0,0,UCI + 1.0,Diet,30.8% ± 1.2%,1,UCI,Freeze
ResNet-SE-5,30.7219664255778,16.310740586507976,30.7% ± 16.3%,0,0,0,WISDM + 1.0,Diet,30.7% ± 16.3%,1,WISDM,Freeze
CNN-PFF,30.492292841275532,5.19324579500897,30.5% ± 5.2%,0,0,0,RW-Thigh + 5.0,Diet,30.5% ± 5.2%,5,RW-Thigh,Freeze
ResNet-SE-5,30.273752411206562,6.2087197720178375,30.3% ± 6.2%,0,0,0,RW-Thigh + 5.0,Diet,30.3% ± 6.2%,5,RW-Thigh,Freeze
TS2Vec Encoder,29.467486031353467,30.692437833407137,29.5% ± 30.7%,0,0,0,WISDM + 50.0,Diet,29.5% ± 30.7%,50,WISDM,Freeze
TS-TCC Encoder,29.434092839558918,3.245819487645489,29.4% ± 3.2%,0,0,0,RW-Thigh + 1.0,Diet,29.4% ± 3.2%,1,RW-Thigh,Freeze
RNN,27.632850408554077,3.2611374965086206,27.6% ± 3.3%,0,0,0,UCI + 1.0,Diet,27.6% ± 3.3%,1,UCI,Freeze
TS2Vec Encoder,27.54629651705424,8.126891174395015,27.5% ± 8.1%,0,0,0,RW-Waist + 5.0,Diet,27.5% ± 8.1%,5,RW-Waist,Freeze
TS2Vec Encoder,26.996928018828232,25.88869794330139,27.0% ± 25.9%,0,0,0,WISDM + 100.0,Diet,27.0% ± 25.9%,100,WISDM,Freeze
RNN,26.157407959302265,6.990587812876842,26.2% ± 7.0%,0,0,0,KH + 1.0,Diet,26.2% ± 7.0%,1,KH,Freeze
TS2Vec Encoder,25.557856261730187,8.798450408112839,25.6% ± 8.8%,0,0,0,RW-Thigh + 25.0,Diet,25.6% ± 8.8%,25,RW-Thigh,Freeze
RNN,25.360954801241554,3.647282426074893,25.4% ± 3.6%,0,0,0,MS + 1.0,Diet,25.4% ± 3.6%,1,MS,Freeze
CNN-PFF,24.92153147856394,3.003357961034398,24.9% ± 3.0%,0,0,0,MS + 1.0,Diet,24.9% ± 3.0%,1,MS,Freeze
RNN,24.89072879155477,5.863102402593774,24.9% ± 5.9%,0,0,0,RW-Thigh + 1.0,Diet,24.9% ± 5.9%,1,RW-Thigh,Freeze
CNN-PFF,24.55716580152511,0.7946503429798102,24.6% ± 0.8%,0,0,0,RW-Thigh + 1.0,Diet,24.6% ± 0.8%,1,RW-Thigh,Freeze
TS2Vec Encoder,23.835126062234245,6.02139472332731,23.8% ± 6.0%,0,0,0,WISDM + 1.0,Diet,23.8% ± 6.0%,1,WISDM,Freeze
TS2Vec Encoder,23.326432208220158,4.465500985159242,23.3% ± 4.5%,0,0,0,RW-Thigh + 5.0,Diet,23.3% ± 4.5%,5,RW-Thigh,Freeze
CNN-PFF,23.302469154198967,2.074742047742298,23.3% ± 2.1%,0,0,0,RW-Waist + 1.0,Diet,23.3% ± 2.1%,1,RW-Waist,Freeze
TS2Vec Encoder,22.235082586606346,1.526887324884318,22.2% ± 1.5%,0,0,0,RW-Waist + 1.0,Diet,22.2% ± 1.5%,1,RW-Waist,Freeze
TS2Vec Encoder,21.42857114473978,7.167076168306287,21.4% ± 7.2%,0,0,0,WISDM + 10.0,Diet,21.4% ± 7.2%,10,WISDM,Freeze
ResNet-SE-5,19.036116947730374,11.65981285954993,19.0% ± 11.7%,0,0,0,RW-Thigh + 1.0,Diet,19.0% ± 11.7%,1,RW-Thigh,Freeze
TS2Vec Encoder,17.153097937504448,5.461030730555621,17.2% ± 5.5%,0,0,0,WISDM + 5.0,Diet,17.2% ± 5.5%,5,WISDM,Freeze
IMU Transformer,16.66666716337204,0.0,16.7% ± 0.0%,0,0,0,RW-Thigh + 1.0,Diet,16.7% ± 0.0%,1,RW-Thigh,Freeze
IMU Transformer,16.66666716337204,0.0,16.7% ± 0.0%,0,0,0,RW-Thigh + 5.0,Diet,16.7% ± 0.0%,5,RW-Thigh,Freeze
IMU Transformer,16.66666716337204,0.0,16.7% ± 0.0%,0,0,0,RW-Thigh + 10.0,Diet,16.7% ± 0.0%,10,RW-Thigh,Freeze
IMU Transformer,16.66666716337204,0.0,16.7% ± 0.0%,0,0,0,RW-Thigh + 25.0,Diet,16.7% ± 0.0%,25,RW-Thigh,Freeze
IMU Transformer,16.66666716337204,0.0,16.7% ± 0.0%,0,0,0,RW-Thigh + 50.0,Diet,16.7% ± 0.0%,50,RW-Thigh,Freeze
IMU Transformer,16.66666716337204,0.0,16.7% ± 0.0%,0,0,0,RW-Thigh + 100.0,Diet,16.7% ± 0.0%,100,RW-Thigh,Freeze
IMU Transformer,16.66666716337204,0.0,16.7% ± 0.0%,0,0,0,RW-Thigh + 200.0,Diet,16.7% ± 0.0%,200,RW-Thigh,Freeze
IMU Transformer,16.66666716337204,0.0,16.7% ± 0.0%,0,0,0,RW-Thigh + 1000.0,Diet,16.7% ± 0.0%,1000,RW-Thigh,Freeze
IMU Transformer,16.66666716337204,0.0,16.7% ± 0.0%,0,0,0,RW-Waist + 1.0,Diet,16.7% ± 0.0%,1,RW-Waist,Freeze
IMU Transformer,16.66666716337204,0.0,16.7% ± 0.0%,0,0,0,RW-Waist + 5.0,Diet,16.7% ± 0.0%,5,RW-Waist,Freeze
IMU Transformer,16.66666716337204,0.0,16.7% ± 0.0%,0,0,0,RW-Waist + 10.0,Diet,16.7% ± 0.0%,10,RW-Waist,Freeze
IMU Transformer,16.66666716337204,0.0,16.7% ± 0.0%,0,0,0,RW-Waist + 25.0,Diet,16.7% ± 0.0%,25,RW-Waist,Freeze
IMU Transformer,16.66666716337204,0.0,16.7% ± 0.0%,0,0,0,RW-Waist + 50.0,Diet,16.7% ± 0.0%,50,RW-Waist,Freeze
IMU Transformer,16.66666716337204,0.0,16.7% ± 0.0%,0,0,0,RW-Waist + 100.0,Diet,16.7% ± 0.0%,100,RW-Waist,Freeze
IMU Transformer,16.66666716337204,0.0,16.7% ± 0.0%,0,0,0,RW-Waist + 200.0,Diet,16.7% ± 0.0%,200,RW-Waist,Freeze
IMU Transformer,16.66666716337204,0.0,16.7% ± 0.0%,0,0,0,RW-Waist + 1000.0,Diet,16.7% ± 0.0%,1000,RW-Waist,Freeze
ResNet-SE-5,16.216563681761418,6.689010783169803,16.2% ± 6.7%,0,0,0,RW-Waist + 1.0,Diet,16.2% ± 6.7%,1,RW-Waist,Freeze
TS2Vec Encoder,14.925755063692728,1.3070001975226209,14.9% ± 1.3%,0,0,0,WISDM + 25.0,Diet,14.9% ± 1.3%,25,WISDM,Freeze
TS2Vec Encoder,14.251207808653513,0.7180345089416029,14.3% ± 0.7%,0,0,0,RW-Thigh + 1.0,Diet,14.3% ± 0.7%,1,RW-Thigh,Freeze
CNN-PFF,82.89391001065573,1.0372061978666116,82.9% ± 1.0%,0,0,0,MS + 200.0,TNC,82.9% ± 1.0%,200,MS,Freeze
CNN-PFF,82.1739137172699,0.9503550915584009,82.2% ± 1.0%,0,0,0,UCI + 1000.0,TNC,82.2% ± 1.0%,1000,UCI,Freeze
CNN-PFF,80.88512221972147,5.273070931434912,80.9% ± 5.3%,0,0,0,MS + 1000.0,TNC,80.9% ± 5.3%,1000,MS,Freeze
CNN-PFF,80.48309087753296,0.7981995941199006,80.5% ± 0.8%,0,0,0,UCI + 200.0,TNC,80.5% ± 0.8%,200,UCI,Freeze
ResNet-SE-5,80.3515374660492,0.9890716062042565,80.4% ± 1.0%,0,0,0,MS + 1000.0,TNC,80.4% ± 1.0%,1000,MS,Freeze
TS-TCC Encoder,80.32015164693198,2.6213563240201263,80.3% ± 2.6%,0,0,0,MS + 200.0,TNC,80.3% ± 2.6%,200,MS,Freeze
ResNet-SE-5,79.59824204444885,2.8766970098168803,79.6% ± 2.9%,0,0,0,MS + 200.0,TNC,79.6% ± 2.9%,200,MS,Freeze
TS-TCC Encoder,79.55709298451742,0.825726903330021,79.6% ± 0.8%,0,0,0,WISDM + 1000.0,TNC,79.6% ± 0.8%,1000,WISDM,Freeze
TS2Vec Encoder,78.79227002461752,2.3112812748610305,78.8% ± 2.3%,0,0,0,UCI + 200.0,TNC,78.8% ± 2.3%,200,UCI,Freeze
TS-TCC Encoder,78.65662177403769,4.681976686568107,78.7% ± 4.7%,0,0,0,MS + 1000.0,TNC,78.7% ± 4.7%,1000,MS,Freeze
CNN-PFF,78.01932295163473,0.8735796192014166,78.0% ± 0.9%,0,0,0,UCI + 100.0,TNC,78.0% ± 0.9%,100,UCI,Freeze
TS2Vec Encoder,77.72946953773499,0.7294525074751663,77.7% ± 0.7%,0,0,0,UCI + 1000.0,TNC,77.7% ± 0.7%,1000,UCI,Freeze
TS2Vec Encoder,77.58454084396362,3.1927962120018702,77.6% ± 3.2%,0,0,0,UCI + 100.0,TNC,77.6% ± 3.2%,100,UCI,Freeze
ResNet-SE-5,77.58454084396362,1.6289593439477672,77.6% ± 1.6%,0,0,0,UCI + 1000.0,TNC,77.6% ± 1.6%,1000,UCI,Freeze
CNN-PFF,77.38095124562582,1.8817197911594326,77.4% ± 1.9%,0,0,0,WISDM + 1000.0,TNC,77.4% ± 1.9%,1000,WISDM,Freeze
CNN-PFF,77.36974159876505,4.244955163890115,77.4% ± 4.2%,0,0,0,MS + 100.0,TNC,77.4% ± 4.2%,100,MS,Freeze
ResNet-SE-5,77.36815015474954,1.0306839402127919,77.4% ± 1.0%,0,0,0,WISDM + 1000.0,TNC,77.4% ± 1.0%,1000,WISDM,Freeze
ResNet-SE-5,76.42512122790018,1.2154353020806803,76.4% ± 1.2%,0,0,0,UCI + 200.0,TNC,76.4% ± 1.2%,200,UCI,Freeze
TS2Vec Encoder,76.23188495635986,0.6641408565193738,76.2% ± 0.7%,0,0,0,UCI + 50.0,TNC,76.2% ± 0.7%,50,UCI,Freeze
ResNet-SE-5,75.99033713340759,0.603380541714997,76.0% ± 0.6%,0,0,0,UCI + 100.0,TNC,76.0% ± 0.6%,100,UCI,Freeze
ResNet-SE-5,75.93445777893066,1.6267112691028147,75.9% ± 1.6%,0,0,0,WISDM + 200.0,TNC,75.9% ± 1.6%,200,WISDM,Freeze
TS-TCC Encoder,75.72964628537497,2.022976052039757,75.7% ± 2.0%,0,0,0,WISDM + 200.0,TNC,75.7% ± 2.0%,200,WISDM,Freeze
CNN-PFF,75.60386459032694,1.8691345672943147,75.6% ± 1.9%,0,0,0,UCI + 50.0,TNC,75.6% ± 1.9%,50,UCI,Freeze
TS-TCC Encoder,75.31400918960571,2.720369826506731,75.3% ± 2.7%,0,0,0,UCI + 1000.0,TNC,75.3% ± 2.7%,1000,UCI,Freeze
TS-TCC Encoder,74.79598323504129,1.3720950675351815,74.8% ± 1.4%,0,0,0,MS + 100.0,TNC,74.8% ± 1.4%,100,MS,Freeze
TS2Vec Encoder,74.49275453885397,1.427369689887974,74.5% ± 1.4%,0,0,0,UCI + 25.0,TNC,74.5% ± 1.4%,25,UCI,Freeze
CNN-PFF,74.45987462997437,0.6351103470587994,74.5% ± 0.6%,0,0,0,RW-Waist + 1000.0,TNC,74.5% ± 0.6%,1000,RW-Waist,Freeze
CNN-PFF,74.06554023424783,2.439183621627532,74.1% ± 2.4%,0,0,0,WISDM + 200.0,TNC,74.1% ± 2.4%,200,WISDM,Freeze
ResNet-SE-5,73.29749266306558,1.1529271801491447,73.3% ± 1.2%,0,0,0,WISDM + 100.0,TNC,73.3% ± 1.2%,100,WISDM,Freeze
TS2Vec Encoder,73.22661677996317,3.3189030250520397,73.2% ± 3.3%,0,0,0,MS + 1000.0,TNC,73.2% ± 3.3%,1000,MS,Freeze
TS-TCC Encoder,73.14009666442871,1.4803449397549813,73.1% ± 1.5%,0,0,0,UCI + 200.0,TNC,73.1% ± 1.5%,200,UCI,Freeze
TS-TCC Encoder,72.83666332562765,2.236043508730817,72.8% ± 2.2%,0,0,0,WISDM + 25.0,TNC,72.8% ± 2.2%,25,WISDM,Freeze
TS-TCC Encoder,72.8238602479299,2.890491184098607,72.8% ± 2.9%,0,0,0,WISDM + 100.0,TNC,72.8% ± 2.9%,100,WISDM,Freeze
CNN-PFF,72.7858304977417,1.7663624650531566,72.8% ± 1.8%,0,0,0,RW-Thigh + 1000.0,TNC,72.8% ± 1.8%,1000,RW-Thigh,Freeze
TS-TCC Encoder,72.75580565134683,1.7088078934015178,72.8% ± 1.7%,0,0,0,MS + 50.0,TNC,72.8% ± 1.7%,50,MS,Freeze
ResNet-SE-5,72.75362412134805,1.6713842443855205,72.8% ± 1.7%,0,0,0,UCI + 50.0,TNC,72.8% ± 1.7%,50,UCI,Freeze
IMU Transformer,72.43983745574951,1.0741255533754783,72.4% ± 1.1%,0,0,0,WISDM + 1000.0,TNC,72.4% ± 1.1%,1000,WISDM,Freeze
CNN-PFF,72.36303091049194,0.7625873734204298,72.4% ± 0.8%,0,0,0,WISDM + 50.0,TNC,72.4% ± 0.8%,50,WISDM,Freeze
ResNet-SE-5,72.34777212142944,1.7422093635433011,72.3% ± 1.7%,0,0,0,MS + 100.0,TNC,72.3% ± 1.7%,100,MS,Freeze
CNN-PFF,72.28622635205588,2.2168350798515286,72.3% ± 2.2%,0,0,0,WISDM + 100.0,TNC,72.3% ± 2.2%,100,WISDM,Freeze
IMU Transformer,72.1454163392385,1.1776048384259308,72.1% ± 1.2%,0,0,0,WISDM + 200.0,TNC,72.1% ± 1.2%,200,WISDM,Freeze
CNN-PFF,72.0679004987081,1.8530559801005753,72.1% ± 1.9%,0,0,0,RW-Waist + 200.0,TNC,72.1% ± 1.9%,200,RW-Waist,Freeze
TS-TCC Encoder,71.93236748377481,2.8412222389481685,71.9% ± 2.8%,0,0,0,UCI + 100.0,TNC,71.9% ± 2.8%,100,UCI,Freeze
ResNet-SE-5,71.92643880844116,0.6562407962488658,71.9% ± 0.7%,0,0,0,RW-Waist + 1000.0,TNC,71.9% ± 0.7%,1000,RW-Waist,Freeze
TS2Vec Encoder,71.81259592374167,4.723190517490789,71.8% ± 4.7%,0,0,0,WISDM + 1000.0,TNC,71.8% ± 4.7%,1000,WISDM,Freeze
TS-TCC Encoder,71.53097987174988,1.9616600662377601,71.5% ± 2.0%,0,0,0,WISDM + 50.0,TNC,71.5% ± 2.0%,50,WISDM,Freeze
ResNet-SE-5,71.50537570317587,1.2690255240909707,71.5% ± 1.3%,0,0,0,WISDM + 50.0,TNC,71.5% ± 1.3%,50,WISDM,Freeze
RNN,71.46697441736856,0.3897415464729917,71.5% ± 0.4%,0,0,0,WISDM + 1000.0,TNC,71.5% ± 0.4%,1000,WISDM,Freeze
TS-TCC Encoder,71.4009682337443,2.4437955157030427,71.4% ± 2.4%,0,0,0,UCI + 50.0,TNC,71.4% ± 2.4%,50,UCI,Freeze
CNN-PFF,71.207727988561,2.170689206486733,71.2% ± 2.2%,0,0,0,UCI + 25.0,TNC,71.2% ± 2.2%,25,UCI,Freeze
TS-TCC Encoder,71.10650936762491,1.9201077933174209,71.1% ± 1.9%,0,0,0,RW-Thigh + 1000.0,TNC,71.1% ± 1.9%,1000,RW-Thigh,Freeze
TS2Vec Encoder,71.09227975209555,0.8369303583630248,71.1% ± 0.8%,0,0,0,MS + 100.0,TNC,71.1% ± 0.8%,100,MS,Freeze
CNN-PFF,70.46453158060709,5.2632541963890045,70.5% ± 5.3%,0,0,0,MS + 50.0,TNC,70.5% ± 5.3%,50,MS,Freeze
IMU Transformer,70.30209700266519,1.1838511875336477,70.3% ± 1.2%,0,0,0,WISDM + 100.0,TNC,70.3% ± 1.2%,100,WISDM,Freeze
CNN-PFF,70.2674905459086,1.8648013733206463,70.3% ± 1.9%,0,0,0,RW-Waist + 100.0,TNC,70.3% ± 1.9%,100,RW-Waist,Freeze
TS2Vec Encoder,70.25089661280313,3.400804191845863,70.3% ± 3.4%,0,0,0,WISDM + 25.0,TNC,70.3% ± 3.4%,25,WISDM,Freeze
TS2Vec Encoder,70.09661793708801,1.8691337200040852,70.1% ± 1.9%,0,0,0,UCI + 10.0,TNC,70.1% ± 1.9%,10,UCI,Freeze
TS2Vec Encoder,70.05888422330221,2.4533544343477076,70.1% ± 2.5%,0,0,0,WISDM + 50.0,TNC,70.1% ± 2.5%,50,WISDM,Freeze
TS2Vec Encoder,70.02511024475098,0.9525409496010733,70.0% ± 1.0%,0,0,0,MS + 200.0,TNC,70.0% ± 1.0%,200,MS,Freeze
ResNet-SE-5,68.8010036945343,1.3193868843001766,68.8% ± 1.3%,0,0,0,MS + 50.0,TNC,68.8% ± 1.3%,50,MS,Freeze
CNN-PFF,68.73705983161926,4.379478928472019,68.7% ± 4.4%,0,0,0,RW-Thigh + 200.0,TNC,68.7% ± 4.4%,200,RW-Thigh,Freeze
TS-TCC Encoder,68.7019964059194,5.590955003520344,68.7% ± 5.6%,0,0,0,WISDM + 5.0,TNC,68.7% ± 5.6%,5,WISDM,Freeze
TS-TCC Encoder,68.5185194015503,7.093310689145508,68.5% ± 7.1%,0,0,0,KH + 200.0,TNC,68.5% ± 7.1%,200,KH,Freeze
TS-TCC Encoder,68.2283659776052,3.999452406540599,68.2% ± 4.0%,0,0,0,WISDM + 10.0,TNC,68.2% ± 4.0%,10,WISDM,Freeze
TS2Vec Encoder,68.21256081263223,2.630077214419209,68.2% ± 2.6%,0,0,0,UCI + 5.0,TNC,68.2% ± 2.6%,5,UCI,Freeze
TS-TCC Encoder,67.8240736325582,1.4455992145203242,67.8% ± 1.4%,0,0,0,KH + 1000.0,TNC,67.8% ± 1.4%,1000,KH,Freeze
TS-TCC Encoder,67.77777671813965,3.4367492427354374,67.8% ± 3.4%,0,0,0,UCI + 25.0,TNC,67.8% ± 3.4%,25,UCI,Freeze
CNN-PFF,67.47685074806213,1.8602718399476086,67.5% ± 1.9%,0,0,0,RW-Waist + 50.0,TNC,67.5% ± 1.9%,50,RW-Waist,Freeze
TS2Vec Encoder,67.3707107702891,2.5124525799185715,67.4% ± 2.5%,0,0,0,WISDM + 200.0,TNC,67.4% ± 2.5%,200,WISDM,Freeze
TS-TCC Encoder,67.12962985038757,2.8065649010296965,67.1% ± 2.8%,0,0,0,KH + 100.0,TNC,67.1% ± 2.8%,100,KH,Freeze
TS-TCC Encoder,66.89814925193787,1.7476461143938606,66.9% ± 1.7%,0,0,0,KH + 50.0,TNC,66.9% ± 1.7%,50,KH,Freeze
CNN-PFF,66.89708232879639,0.48117973440836637,66.9% ± 0.5%,0,0,0,WISDM + 25.0,TNC,66.9% ± 0.5%,25,WISDM,Freeze
TS2Vec Encoder,66.71810547510782,1.6278549391282027,66.7% ± 1.6%,0,0,0,RW-Waist + 1000.0,TNC,66.7% ± 1.6%,1000,RW-Waist,Freeze
TS-TCC Encoder,66.66666666666666,2.503854593201314,66.7% ± 2.5%,0,0,0,KH + 25.0,TNC,66.7% ± 2.5%,25,KH,Freeze
CNN-PFF,66.52864217758179,1.1732220649719238,66.5% ± 1.2%,0,0,0,RW-Thigh + 100.0,TNC,66.5% ± 1.2%,100,RW-Thigh,Freeze
TS-TCC Encoder,66.31944378217062,0.4677588503948991,66.3% ± 0.5%,0,0,0,RW-Waist + 1000.0,TNC,66.3% ± 0.5%,1000,RW-Waist,Freeze
RNN,66.1644697189331,0.9890716062042565,66.2% ± 1.0%,0,0,0,MS + 1000.0,TNC,66.2% ± 1.0%,1000,MS,Freeze
TS2Vec Encoder,66.09063148498535,4.390158735070056,66.1% ± 4.4%,0,0,0,WISDM + 100.0,TNC,66.1% ± 4.4%,100,WISDM,Freeze
CNN-PFF,65.97614487012228,2.4740301730892873,66.0% ± 2.5%,0,0,0,MS + 25.0,TNC,66.0% ± 2.5%,25,MS,Freeze
IMU Transformer,65.94982147216797,2.003686261161779,65.9% ± 2.0%,0,0,0,WISDM + 50.0,TNC,65.9% ± 2.0%,50,WISDM,Freeze
TS2Vec Encoder,65.8819834391276,0.8226834957879868,65.9% ± 0.8%,0,0,0,MS + 50.0,TNC,65.9% ± 0.8%,50,MS,Freeze
TS2Vec Encoder,64.94036316871643,4.823753622403103,64.9% ± 4.8%,0,0,0,MS + 25.0,TNC,64.9% ± 4.8%,25,MS,Freeze
TS-TCC Encoder,64.90897536277771,2.7586946786120468,64.9% ± 2.8%,0,0,0,MS + 25.0,TNC,64.9% ± 2.8%,25,MS,Freeze
TS2Vec Encoder,64.42901293436685,2.105011826658632,64.4% ± 2.1%,0,0,0,RW-Waist + 50.0,TNC,64.4% ± 2.1%,50,RW-Waist,Freeze
ResNet-SE-5,64.38812017440796,5.0395591431500675,64.4% ± 5.0%,0,0,0,WISDM + 25.0,TNC,64.4% ± 5.0%,25,WISDM,Freeze
TS2Vec Encoder,64.27469054857889,0.8738228598285692,64.3% ± 0.9%,0,0,0,RW-Waist + 100.0,TNC,64.3% ± 0.9%,100,RW-Waist,Freeze
CNN-PFF,63.9146089553833,3.5446255078435414,63.9% ± 3.5%,0,0,0,RW-Waist + 25.0,TNC,63.9% ± 3.5%,25,RW-Waist,Freeze
TS-TCC Encoder,63.35403720537821,1.4397965773736847,63.4% ± 1.4%,0,0,0,RW-Thigh + 200.0,TNC,63.4% ± 1.4%,200,RW-Thigh,Freeze
TS2Vec Encoder,62.834362188975014,1.4743166394421798,62.8% ± 1.5%,0,0,0,RW-Waist + 200.0,TNC,62.8% ± 1.5%,200,RW-Waist,Freeze
TS2Vec Encoder,62.73291905721029,0.570139217462925,62.7% ± 0.6%,0,0,0,RW-Thigh + 1000.0,TNC,62.7% ± 0.6%,1000,RW-Thigh,Freeze
TS-TCC Encoder,62.55492766698202,1.7899038808394026,62.6% ± 1.8%,0,0,0,MS + 10.0,TNC,62.6% ± 1.8%,10,MS,Freeze
RNN,62.51920064290365,1.0690777768449846,62.5% ± 1.1%,0,0,0,WISDM + 200.0,TNC,62.5% ± 1.1%,200,WISDM,Freeze
TS-TCC Encoder,62.43569850921631,1.2680724375879426,62.4% ± 1.3%,0,0,0,RW-Waist + 200.0,TNC,62.4% ± 1.3%,200,RW-Waist,Freeze
TS-TCC Encoder,62.2685174147288,5.212190959625672,62.3% ± 5.2%,0,0,0,KH + 10.0,TNC,62.3% ± 5.2%,10,KH,Freeze
ResNet-SE-5,62.25565870602926,0.7179807601884125,62.3% ± 0.7%,0,0,0,RW-Waist + 200.0,TNC,62.3% ± 0.7%,200,RW-Waist,Freeze
IMU Transformer,61.92717949549357,2.122999017101631,61.9% ± 2.1%,0,0,0,MS + 1000.0,TNC,61.9% ± 2.1%,1000,MS,Freeze
ResNet-SE-5,61.805554231007896,3.6746529716470113,61.8% ± 3.7%,0,0,0,KH + 200.0,TNC,61.8% ± 3.7%,200,KH,Freeze
TS-TCC Encoder,61.644697189331055,2.7182224358895732,61.6% ± 2.7%,0,0,0,MS + 5.0,TNC,61.6% ± 2.7%,5,MS,Freeze
ResNet-SE-5,61.57407363255819,5.394062490581444,61.6% ± 5.4%,0,0,0,KH + 1000.0,TNC,61.6% ± 5.4%,1000,KH,Freeze
ResNet-SE-5,60.99537213643392,3.4127712299533277,61.0% ± 3.4%,0,0,0,RW-Waist + 100.0,TNC,61.0% ± 3.4%,100,RW-Waist,Freeze
TS-TCC Encoder,60.931068658828735,1.9605182513271548,60.9% ± 2.0%,0,0,0,RW-Waist + 100.0,TNC,60.9% ± 2.0%,100,RW-Waist,Freeze
IMU Transformer,60.92278758684794,3.013184666634097,60.9% ± 3.0%,0,0,0,MS + 200.0,TNC,60.9% ± 3.0%,200,MS,Freeze
ResNet-SE-5,60.73153813680013,8.029579297557207,60.7% ± 8.0%,0,0,0,RW-Thigh + 1000.0,TNC,60.7% ± 8.0%,1000,RW-Thigh,Freeze
TS2Vec Encoder,60.651024182637535,2.509586135173637,60.7% ± 2.5%,0,0,0,RW-Thigh + 100.0,TNC,60.7% ± 2.5%,100,RW-Thigh,Freeze
IMU Transformer,60.62802076339722,0.7981990530004676,60.6% ± 0.8%,0,0,0,UCI + 1000.0,TNC,60.6% ± 0.8%,1000,UCI,Freeze
TS2Vec Encoder,60.59670845667521,2.104070230794257,60.6% ± 2.1%,0,0,0,RW-Waist + 25.0,TNC,60.6% ± 2.1%,25,RW-Waist,Freeze
IMU Transformer,60.57970921198527,1.5337676091651566,60.6% ± 1.5%,0,0,0,UCI + 200.0,TNC,60.6% ± 1.5%,200,UCI,Freeze
IMU Transformer,60.2150559425354,7.334870100021362,60.2% ± 7.3%,0,0,0,WISDM + 10.0,TNC,60.2% ± 7.3%,10,WISDM,Freeze
ResNet-SE-5,60.01840432484945,5.369773203768785,60.0% ± 5.4%,0,0,0,RW-Thigh + 200.0,TNC,60.0% ± 5.4%,200,RW-Thigh,Freeze
TS2Vec Encoder,59.95370546976725,9.169122882487502,60.0% ± 9.2%,0,0,0,KH + 100.0,TNC,60.0% ± 9.2%,100,KH,Freeze
IMU Transformer,59.93343393007914,4.29632902684939,59.9% ± 4.3%,0,0,0,WISDM + 25.0,TNC,59.9% ± 4.3%,25,WISDM,Freeze
ResNet-SE-5,59.77982680002848,6.439066986242145,59.8% ± 6.4%,0,0,0,WISDM + 10.0,TNC,59.8% ± 6.4%,10,WISDM,Freeze
IMU Transformer,59.761456648508705,3.7075607162466198,59.8% ± 3.7%,0,0,0,MS + 100.0,TNC,59.8% ± 3.7%,100,MS,Freeze
CNN-PFF,59.73084966341654,3.129842277449111,59.7% ± 3.1%,0,0,0,RW-Thigh + 50.0,TNC,59.7% ± 3.1%,50,RW-Thigh,Freeze
CNN-PFF,59.70302224159241,1.3633306669939884,59.7% ± 1.4%,0,0,0,WISDM + 10.0,TNC,59.7% ± 1.4%,10,WISDM,Freeze
RNN,59.549411137898765,2.112598143522572,59.5% ± 2.1%,0,0,0,WISDM + 100.0,TNC,59.5% ± 2.1%,100,WISDM,Freeze
TS2Vec Encoder,59.48930184046427,1.777339893697237,59.5% ± 1.8%,0,0,0,RW-Thigh + 50.0,TNC,59.5% ± 1.8%,50,RW-Thigh,Freeze
TS-TCC Encoder,59.48930184046427,3.265018220924258,59.5% ± 3.3%,0,0,0,RW-Thigh + 100.0,TNC,59.5% ± 3.3%,100,RW-Thigh,Freeze
TS2Vec Encoder,59.48540767033895,2.592377603351908,59.5% ± 2.6%,0,0,0,WISDM + 10.0,TNC,59.5% ± 2.6%,10,WISDM,Freeze
RNN,59.32203531265259,1.5153953119785322,59.3% ± 1.5%,0,0,0,MS + 200.0,TNC,59.3% ± 1.5%,200,MS,Freeze
IMU Transformer,59.027777115503945,7.511564606171752,59.0% ± 7.5%,0,0,0,KH + 200.0,TNC,59.0% ± 7.5%,200,KH,Freeze
ResNet-SE-5,58.79629651705424,3.2818162903369017,58.8% ± 3.3%,0,0,0,KH + 100.0,TNC,58.8% ± 3.3%,100,KH,Freeze
TS-TCC Encoder,58.454108238220215,2.320350413361459,58.5% ± 2.3%,0,0,0,UCI + 10.0,TNC,58.5% ± 2.3%,10,UCI,Freeze
TS2Vec Encoder,58.33333432674408,9.186638061226974,58.3% ± 9.2%,0,0,0,KH + 50.0,TNC,58.3% ± 9.2%,50,KH,Freeze
IMU Transformer,58.33333134651184,6.25,58.3% ± 6.2%,0,0,0,KH + 1000.0,TNC,58.3% ± 6.2%,1000,KH,Freeze
TS2Vec Encoder,58.17805528640747,1.4348267351601847,58.2% ± 1.4%,0,0,0,RW-Thigh + 200.0,TNC,58.2% ± 1.4%,200,RW-Thigh,Freeze
ResNet-SE-5,58.15412203470866,10.380127899426913,58.2% ± 10.4%,0,0,0,WISDM + 1.0,TNC,58.2% ± 10.4%,1,WISDM,Freeze
IMU Transformer,57.9227070013682,0.4427612213537036,57.9% ± 0.4%,0,0,0,UCI + 50.0,TNC,57.9% ± 0.4%,50,UCI,Freeze
IMU Transformer,57.85970290501913,9.728587789239468,57.9% ± 9.7%,0,0,0,WISDM + 5.0,TNC,57.9% ± 9.7%,5,WISDM,Freeze
ResNet-SE-5,57.68115917841593,4.6444689153218475,57.7% ± 4.6%,0,0,0,UCI + 25.0,TNC,57.7% ± 4.6%,25,UCI,Freeze
IMU Transformer,57.55693515141805,2.004057169176257,57.6% ± 2.0%,0,0,0,RW-Thigh + 1000.0,TNC,57.6% ± 2.0%,1000,RW-Thigh,Freeze
TS2Vec Encoder,57.40740497907003,6.956009231104426,57.4% ± 7.0%,0,0,0,KH + 200.0,TNC,57.4% ± 7.0%,200,KH,Freeze
IMU Transformer,57.29468663533529,2.4437955157030427,57.3% ± 2.4%,0,0,0,UCI + 100.0,TNC,57.3% ± 2.4%,100,UCI,Freeze
TS-TCC Encoder,57.29238589604696,0.8826740022347216,57.3% ± 0.9%,0,0,0,RW-Thigh + 50.0,TNC,57.3% ± 0.9%,50,RW-Thigh,Freeze
ResNet-SE-5,57.0935328801473,2.8951290919418664,57.1% ± 2.9%,0,0,0,MS + 25.0,TNC,57.1% ± 2.9%,25,MS,Freeze
IMU Transformer,57.05083807309469,1.031932189320862,57.1% ± 1.0%,0,0,0,RW-Thigh + 100.0,TNC,57.1% ± 1.0%,100,RW-Thigh,Freeze
ResNet-SE-5,56.820795933405556,1.1022305891063577,56.8% ± 1.1%,0,0,0,RW-Thigh + 100.0,TNC,56.8% ± 1.1%,100,RW-Thigh,Freeze
TS-TCC Encoder,56.70010248819987,1.6066870255129624,56.7% ± 1.6%,0,0,0,RW-Waist + 50.0,TNC,56.7% ± 1.6%,50,RW-Waist,Freeze
ResNet-SE-5,56.65976603825887,8.979463843886998,56.7% ± 9.0%,0,0,0,RW-Thigh + 50.0,TNC,56.7% ± 9.0%,50,RW-Thigh,Freeze
RNN,56.656426191329956,3.053980630929675,56.7% ± 3.1%,0,0,0,WISDM + 50.0,TNC,56.7% ± 3.1%,50,WISDM,Freeze
ResNet-SE-5,56.584362188975014,1.9827893646407801,56.6% ± 2.0%,0,0,0,RW-Waist + 50.0,TNC,56.6% ± 2.0%,50,RW-Waist,Freeze
TS-TCC Encoder,56.47342999776205,1.6797440242640804,56.5% ± 1.7%,0,0,0,UCI + 5.0,TNC,56.5% ± 1.7%,5,UCI,Freeze
TS-TCC Encoder,56.25,4.336803370189378,56.2% ± 4.3%,0,0,0,KH + 5.0,TNC,56.2% ± 4.3%,5,KH,Freeze
TS2Vec Encoder,56.107660134633385,5.615033300388193,56.1% ± 5.6%,0,0,0,RW-Thigh + 25.0,TNC,56.1% ± 5.6%,25,RW-Thigh,Freeze
IMU Transformer,55.93220194180807,0.8982467601075954,55.9% ± 0.9%,0,0,0,MS + 50.0,TNC,55.9% ± 0.9%,50,MS,Freeze
CNN-PFF,55.74756860733032,3.4565045159716012,55.7% ± 3.5%,0,0,0,WISDM + 5.0,TNC,55.7% ± 3.5%,5,WISDM,Freeze
CNN-PFF,55.48654397328695,1.8579135980135348,55.5% ± 1.9%,0,0,0,RW-Thigh + 25.0,TNC,55.5% ± 1.9%,25,RW-Thigh,Freeze
IMU Transformer,55.09259303410848,1.4456025550546374,55.1% ± 1.4%,0,0,0,KH + 100.0,TNC,55.1% ± 1.4%,100,KH,Freeze
IMU Transformer,54.84242041905721,3.6590487915668968,54.8% ± 3.7%,0,0,0,RW-Thigh + 200.0,TNC,54.8% ± 3.7%,200,RW-Thigh,Freeze
IMU Transformer,54.68599001566569,2.1118327822586105,54.7% ± 2.1%,0,0,0,UCI + 25.0,TNC,54.7% ± 2.1%,25,UCI,Freeze
RNN,54.637680451075234,1.4273730184522468,54.6% ± 1.4%,0,0,0,UCI + 1000.0,TNC,54.6% ± 1.4%,1000,UCI,Freeze
CNN-PFF,54.62962885697683,15.471207710420726,54.6% ± 15.5%,0,0,0,KH + 1000.0,TNC,54.6% ± 15.5%,1000,KH,Freeze
IMU Transformer,54.475309451421104,1.0119504681052125,54.5% ± 1.0%,0,0,0,RW-Waist + 200.0,TNC,54.5% ± 1.0%,200,RW-Waist,Freeze
IMU Transformer,54.39814627170563,7.6494027663067055,54.4% ± 7.6%,0,0,0,KH + 50.0,TNC,54.4% ± 7.6%,50,KH,Freeze
IMU Transformer,53.948044776916504,4.187571481869838,53.9% ± 4.2%,0,0,0,RW-Waist + 1000.0,TNC,53.9% ± 4.2%,1000,RW-Waist,Freeze
RNN,53.93518408139547,2.8065621971696775,53.9% ± 2.8%,0,0,0,KH + 1000.0,TNC,53.9% ± 2.8%,1000,KH,Freeze
CNN-PFF,53.913041949272156,14.317050694377595,53.9% ± 14.3%,0,0,0,UCI + 10.0,TNC,53.9% ± 14.3%,10,UCI,Freeze
ResNet-SE-5,53.70370348294576,3.5636134228162955,53.7% ± 3.6%,0,0,0,KH + 50.0,TNC,53.7% ± 3.6%,50,KH,Freeze
ResNet-SE-5,53.545827666918434,3.2372930971252734,53.5% ± 3.2%,0,0,0,WISDM + 5.0,TNC,53.5% ± 3.2%,5,WISDM,Freeze
RNN,53.47222089767456,2.7777791023254395,53.5% ± 2.8%,0,0,0,KH + 200.0,TNC,53.5% ± 2.8%,200,KH,Freeze
IMU Transformer,53.42121720314026,3.2240436375102286,53.4% ± 3.2%,0,0,0,MS + 25.0,TNC,53.4% ± 3.2%,25,MS,Freeze
TS2Vec Encoder,53.333333134651184,8.729404540965078,53.3% ± 8.7%,0,0,0,UCI + 1.0,TNC,53.3% ± 8.7%,1,UCI,Freeze
IMU Transformer,53.285022576649986,4.785535071719751,53.3% ± 4.8%,0,0,0,UCI + 10.0,TNC,53.3% ± 4.8%,10,UCI,Freeze
IMU Transformer,53.25511693954468,2.088810836768601,53.3% ± 2.1%,0,0,0,RW-Thigh + 50.0,TNC,53.3% ± 2.1%,50,RW-Thigh,Freeze
IMU Transformer,53.25360099474589,2.03611964490544,53.3% ± 2.0%,0,0,0,RW-Waist + 50.0,TNC,53.3% ± 2.0%,50,RW-Waist,Freeze
TS2Vec Encoder,53.24074029922485,2.2323282475728727,53.2% ± 2.2%,0,0,0,KH + 1000.0,TNC,53.2% ± 2.2%,1000,KH,Freeze
ResNet-SE-5,53.20216019948324,2.5535914160097883,53.2% ± 2.6%,0,0,0,RW-Waist + 25.0,TNC,53.2% ± 2.6%,25,RW-Waist,Freeze
RNN,52.94418732325236,2.2849709426032625,52.9% ± 2.3%,0,0,0,WISDM + 25.0,TNC,52.9% ± 2.3%,25,WISDM,Freeze
RNN,52.86779801050822,0.6652514778138214,52.9% ± 0.7%,0,0,0,RW-Waist + 1000.0,TNC,52.9% ± 0.7%,1000,RW-Waist,Freeze
IMU Transformer,52.8292179107666,2.77679620566468,52.8% ± 2.8%,0,0,0,RW-Waist + 100.0,TNC,52.8% ± 2.8%,100,RW-Waist,Freeze
TS2Vec Encoder,52.777777115503945,4.054019934093249,52.8% ± 4.1%,0,0,0,WISDM + 5.0,TNC,52.8% ± 4.1%,5,WISDM,Freeze
TS-TCC Encoder,52.63400077819824,2.141726073605136,52.6% ± 2.1%,0,0,0,RW-Thigh + 25.0,TNC,52.6% ± 2.1%,25,RW-Thigh,Freeze
TS2Vec Encoder,52.47959792613983,16.582220093753214,52.5% ± 16.6%,0,0,0,MS + 10.0,TNC,52.5% ± 16.6%,10,MS,Freeze
IMU Transformer,52.31481293837229,4.069072251968767,52.3% ± 4.1%,0,0,0,KH + 25.0,TNC,52.3% ± 4.1%,25,KH,Freeze
TS-TCC Encoder,52.30195422967275,2.177420733014946,52.3% ± 2.2%,0,0,0,RW-Waist + 25.0,TNC,52.3% ± 2.2%,25,RW-Waist,Freeze
CNN-PFF,51.851850748062134,11.31184275127483,51.9% ± 11.3%,0,0,0,KH + 100.0,TNC,51.9% ± 11.3%,100,KH,Freeze
IMU Transformer,51.207730174064636,4.4285504222828695,51.2% ± 4.4%,0,0,0,RW-Thigh + 25.0,TNC,51.2% ± 4.4%,25,RW-Thigh,Freeze
RNN,51.098556319872536,1.7674710057737026,51.1% ± 1.8%,0,0,0,MS + 100.0,TNC,51.1% ± 1.8%,100,MS,Freeze
CNN-PFF,51.06280247370402,3.5568820697500656,51.1% ± 3.6%,0,0,0,UCI + 5.0,TNC,51.1% ± 3.6%,5,UCI,Freeze
TS2Vec Encoder,50.4758228858312,4.491298911147471,50.5% ± 4.5%,0,0,0,RW-Waist + 5.0,TNC,50.5% ± 4.5%,5,RW-Waist,Freeze
CNN-PFF,50.33436119556427,6.369870288450922,50.3% ± 6.4%,0,0,0,RW-Waist + 10.0,TNC,50.3% ± 6.4%,10,RW-Waist,Freeze
TS2Vec Encoder,50.2957820892334,3.199216606257107,50.3% ± 3.2%,0,0,0,RW-Waist + 10.0,TNC,50.3% ± 3.2%,10,RW-Waist,Freeze
RNN,50.23148059844971,2.6291244382520054,50.2% ± 2.6%,0,0,0,KH + 100.0,TNC,50.2% ± 2.6%,100,KH,Freeze
TS2Vec Encoder,50.230042139689125,2.4730226254244236,50.2% ± 2.5%,0,0,0,RW-Thigh + 10.0,TNC,50.2% ± 2.5%,10,RW-Thigh,Freeze
RNN,50.17253359158834,0.7130438100861146,50.2% ± 0.7%,0,0,0,RW-Thigh + 1000.0,TNC,50.2% ± 0.7%,1000,RW-Thigh,Freeze
CNN-PFF,50.0,5.571932521762567,50.0% ± 5.6%,0,0,0,WISDM + 1.0,TNC,50.0% ± 5.6%,1,WISDM,Freeze
TS-TCC Encoder,49.66643651326497,2.6644622785112917,49.7% ± 2.7%,0,0,0,RW-Thigh + 10.0,TNC,49.7% ± 2.7%,10,RW-Thigh,Freeze
ResNet-SE-5,49.44789409637451,1.9434253462167976,49.4% ± 1.9%,0,0,0,RW-Thigh + 25.0,TNC,49.4% ± 1.9%,25,RW-Thigh,Freeze
ResNet-SE-5,49.0821252266566,5.606154737798176,49.1% ± 5.6%,0,0,0,UCI + 5.0,TNC,49.1% ± 5.6%,5,UCI,Freeze
CNN-PFF,48.96421829859416,3.8972139015499354,49.0% ± 3.9%,0,0,0,MS + 10.0,TNC,49.0% ± 3.9%,10,MS,Freeze
ResNet-SE-5,48.88888895511627,6.603884593530377,48.9% ± 6.6%,0,0,0,UCI + 10.0,TNC,48.9% ± 6.6%,10,UCI,Freeze
RNN,48.84058038393657,1.3825213143512438,48.8% ± 1.4%,0,0,0,UCI + 200.0,TNC,48.8% ± 1.4%,200,UCI,Freeze
TS2Vec Encoder,48.643114169438675,4.458050056752513,48.6% ± 4.5%,0,0,0,WISDM + 1.0,TNC,48.6% ± 4.5%,1,WISDM,Freeze
IMU Transformer,48.61111144224803,10.780677501649723,48.6% ± 10.8%,0,0,0,KH + 10.0,TNC,48.6% ± 10.8%,10,KH,Freeze
IMU Transformer,48.24231068293254,4.356284594922723,48.2% ± 4.4%,0,0,0,MS + 5.0,TNC,48.2% ± 4.4%,5,MS,Freeze
CNN-PFF,48.22530845801036,3.7087233936339974,48.2% ± 3.7%,0,0,0,RW-Waist + 5.0,TNC,48.2% ± 3.7%,5,RW-Waist,Freeze
RNN,48.022599021593734,3.061349491235603,48.0% ± 3.1%,0,0,0,MS + 50.0,TNC,48.0% ± 3.1%,50,MS,Freeze
ResNet-SE-5,47.91666666666667,3.608437461797276,47.9% ± 3.6%,0,0,0,KH + 25.0,TNC,47.9% ± 3.6%,25,KH,Freeze
IMU Transformer,47.606246670087174,4.614264470516445,47.6% ± 4.6%,0,0,0,WISDM + 1.0,TNC,47.6% ± 4.6%,1,WISDM,Freeze
IMU Transformer,47.39485283692677,1.2990709284834974,47.4% ± 1.3%,0,0,0,MS + 10.0,TNC,47.4% ± 1.3%,10,MS,Freeze
TS-TCC Encoder,47.22222288449605,14.634529415422287,47.2% ± 14.6%,0,0,0,WISDM + 1.0,TNC,47.2% ± 14.6%,1,WISDM,Freeze
TS-TCC Encoder,46.99074029922485,1.7476461143938606,47.0% ± 1.7%,0,0,0,KH + 1.0,TNC,47.0% ± 1.7%,1,KH,Freeze
TS2Vec Encoder,46.9907393058141,25.11867309112373,47.0% ± 25.1%,0,0,0,KH + 25.0,TNC,47.0% ± 25.1%,25,KH,Freeze
TS-TCC Encoder,46.90071940422058,2.2277661945842078,46.9% ± 2.2%,0,0,0,RW-Waist + 10.0,TNC,46.9% ± 2.2%,10,RW-Waist,Freeze
ResNet-SE-5,46.54739399751027,8.508163258796337,46.5% ± 8.5%,0,0,0,MS + 1.0,TNC,46.5% ± 8.5%,1,MS,Freeze
CNN-PFF,46.52777810891469,8.673607933426323,46.5% ± 8.7%,0,0,0,KH + 25.0,TNC,46.5% ± 8.7%,25,KH,Freeze
TS-TCC Encoder,46.5149184068044,4.766236980942625,46.5% ± 4.8%,0,0,0,RW-Waist + 5.0,TNC,46.5% ± 4.8%,5,RW-Waist,Freeze
RNN,46.411318580309555,0.6325154730699678,46.4% ± 0.6%,0,0,0,RW-Thigh + 200.0,TNC,46.4% ± 0.6%,200,RW-Thigh,Freeze
IMU Transformer,46.076585849126175,5.620085296797826,46.1% ± 5.6%,0,0,0,MS + 1.0,TNC,46.1% ± 5.6%,1,MS,Freeze
TS2Vec Encoder,46.013810237248734,10.604130748272347,46.0% ± 10.6%,0,0,0,MS + 5.0,TNC,46.0% ± 10.6%,5,MS,Freeze
TS-TCC Encoder,45.97423473993938,2.8152640383589422,46.0% ± 2.8%,0,0,0,RW-Thigh + 5.0,TNC,46.0% ± 2.8%,5,RW-Thigh,Freeze
CNN-PFF,45.12307345867157,2.70152013357308,45.1% ± 2.7%,0,0,0,RW-Thigh + 10.0,TNC,45.1% ± 2.7%,10,RW-Thigh,Freeze
RNN,44.86882785956065,1.8817503195325762,44.9% ± 1.9%,0,0,0,RW-Waist + 200.0,TNC,44.9% ± 1.9%,200,RW-Waist,Freeze
IMU Transformer,44.67592636744182,8.342973821330254,44.7% ± 8.3%,0,0,0,KH + 5.0,TNC,44.7% ± 8.3%,5,KH,Freeze
RNN,44.67592636744182,1.4456020778346057,44.7% ± 1.4%,0,0,0,KH + 50.0,TNC,44.7% ± 1.4%,50,KH,Freeze
RNN,44.54106291135151,2.311279281540006,44.5% ± 2.3%,0,0,0,UCI + 100.0,TNC,44.5% ± 2.3%,100,UCI,Freeze
IMU Transformer,44.52160497506459,5.446378072750411,44.5% ± 5.4%,0,0,0,RW-Waist + 25.0,TNC,44.5% ± 5.4%,25,RW-Waist,Freeze
CNN-PFF,44.44444378217061,18.215106607966757,44.4% ± 18.2%,0,0,0,KH + 200.0,TNC,44.4% ± 18.2%,200,KH,Freeze
IMU Transformer,44.07637516657512,3.554734048057948,44.1% ± 3.6%,0,0,0,RW-Thigh + 5.0,TNC,44.1% ± 3.6%,5,RW-Thigh,Freeze
ResNet-SE-5,43.96135310331981,3.1630520395464754,44.0% ± 3.2%,0,0,0,UCI + 1.0,TNC,44.0% ± 3.2%,1,UCI,Freeze
TS-TCC Encoder,43.942247827847794,4.052612250472148,43.9% ± 4.1%,0,0,0,MS + 1.0,TNC,43.9% ± 4.1%,1,MS,Freeze
TS-TCC Encoder,43.816424409548446,1.458904817579033,43.8% ± 1.5%,0,0,0,UCI + 1.0,TNC,43.8% ± 1.5%,1,UCI,Freeze
TS-TCC Encoder,43.5828189055125,3.859054477051759,43.6% ± 3.9%,0,0,0,RW-Waist + 1.0,TNC,43.6% ± 3.9%,1,RW-Waist,Freeze
RNN,43.50282450517018,2.0651314831424754,43.5% ± 2.1%,0,0,0,MS + 25.0,TNC,43.5% ± 2.1%,25,MS,Freeze
RNN,43.30517053604126,1.524694783905366,43.3% ± 1.5%,0,0,0,WISDM + 5.0,TNC,43.3% ± 1.5%,5,WISDM,Freeze
RNN,43.236714601516724,4.48625115266563,43.2% ± 4.5%,0,0,0,RW-Thigh + 100.0,TNC,43.2% ± 4.5%,100,RW-Thigh,Freeze
TS2Vec Encoder,42.53508150577545,5.07168219324323,42.5% ± 5.1%,0,0,0,RW-Thigh + 5.0,TNC,42.5% ± 5.1%,5,RW-Thigh,Freeze
IMU Transformer,42.463992039362594,6.346107377786257,42.5% ± 6.3%,0,0,0,RW-Waist + 5.0,TNC,42.5% ± 6.3%,5,RW-Waist,Freeze
IMU Transformer,42.42006043593089,3.874017039053104,42.4% ± 3.9%,0,0,0,RW-Thigh + 10.0,TNC,42.4% ± 3.9%,10,RW-Thigh,Freeze
TS2Vec Encoder,42.36111144224803,11.47410735106047,42.4% ± 11.5%,0,0,0,KH + 5.0,TNC,42.4% ± 11.5%,5,KH,Freeze
IMU Transformer,42.27053125699361,3.5272310087240593,42.3% ± 3.5%,0,0,0,UCI + 5.0,TNC,42.3% ± 3.5%,5,UCI,Freeze
RNN,42.222222685813904,2.7738899852302983,42.2% ± 2.8%,0,0,0,UCI + 50.0,TNC,42.2% ± 2.8%,50,UCI,Freeze
RNN,42.12962985038757,3.82470205954787,42.1% ± 3.8%,0,0,0,KH + 25.0,TNC,42.1% ± 3.8%,25,KH,Freeze
IMU Transformer,42.05246965090434,9.651925678103945,42.1% ± 9.7%,0,0,0,RW-Waist + 10.0,TNC,42.1% ± 9.7%,10,RW-Waist,Freeze
RNN,41.71810746192932,1.8842545421573522,41.7% ± 1.9%,0,0,0,RW-Waist + 100.0,TNC,41.7% ± 1.9%,100,RW-Waist,Freeze
RNN,41.23143951098125,10.961621294031804,41.2% ± 11.0%,0,0,0,WISDM + 10.0,TNC,41.2% ± 11.0%,10,WISDM,Freeze
RNN,40.48309127489726,0.9649753370013385,40.5% ± 1.0%,0,0,0,UCI + 25.0,TNC,40.5% ± 1.0%,25,UCI,Freeze
TS-TCC Encoder,40.01610279083252,6.260285208417693,40.0% ± 6.3%,0,0,0,RW-Thigh + 1.0,TNC,40.0% ± 6.3%,1,RW-Thigh,Freeze
ResNet-SE-5,39.90108172098796,5.766450376447704,39.9% ± 5.8%,0,0,0,RW-Thigh + 5.0,TNC,39.9% ± 5.8%,5,RW-Thigh,Freeze
RNN,39.34897681077321,1.0191607319868532,39.3% ± 1.0%,0,0,0,RW-Thigh + 50.0,TNC,39.3% ± 1.0%,50,RW-Thigh,Freeze
CNN-PFF,39.139988025029496,10.72468376304935,39.1% ± 10.7%,0,0,0,MS + 5.0,TNC,39.1% ± 10.7%,5,MS,Freeze
RNN,39.094650745391846,1.0596123751502824,39.1% ± 1.1%,0,0,0,RW-Waist + 50.0,TNC,39.1% ± 1.1%,50,RW-Waist,Freeze
IMU Transformer,38.86316915353139,11.085451452893768,38.9% ± 11.1%,0,0,0,RW-Waist + 1.0,TNC,38.9% ± 11.1%,1,RW-Waist,Freeze
RNN,38.53046596050262,1.721841668892886,38.5% ± 1.7%,0,0,0,WISDM + 1.0,TNC,38.5% ± 1.7%,1,WISDM,Freeze
ResNet-SE-5,38.22176257769267,7.01886802162357,38.2% ± 7.0%,0,0,0,RW-Thigh + 10.0,TNC,38.2% ± 7.0%,10,RW-Thigh,Freeze
ResNet-SE-5,38.04143071174621,3.6077660603453894,38.0% ± 3.6%,0,0,0,MS + 10.0,TNC,38.0% ± 3.6%,10,MS,Freeze
ResNet-SE-5,37.73148159186046,4.185911372067015,37.7% ± 4.2%,0,0,0,KH + 5.0,TNC,37.7% ± 4.2%,5,KH,Freeze
CNN-PFF,37.696171303590134,11.828607000859503,37.7% ± 11.8%,0,0,0,MS + 1.0,TNC,37.7% ± 11.8%,1,MS,Freeze
CNN-PFF,37.13991741339366,7.992197976988362,37.1% ± 8.0%,0,0,0,RW-Waist + 1.0,TNC,37.1% ± 8.0%,1,RW-Waist,Freeze
RNN,36.985597014427185,4.185438389999971,37.0% ± 4.2%,0,0,0,RW-Waist + 25.0,TNC,37.0% ± 4.2%,25,RW-Waist,Freeze
ResNet-SE-5,36.81841591993968,7.17741211712654,36.8% ± 7.2%,0,0,0,RW-Waist + 10.0,TNC,36.8% ± 7.2%,10,RW-Waist,Freeze
RNN,36.53094172477722,0.9676207104654708,36.5% ± 1.0%,0,0,0,RW-Thigh + 25.0,TNC,36.5% ± 1.0%,25,RW-Thigh,Freeze
ResNet-SE-5,36.342593034108475,2.438808487645478,36.3% ± 2.4%,0,0,0,KH + 10.0,TNC,36.3% ± 2.4%,10,KH,Freeze
ResNet-SE-5,36.252573132514954,5.4834644370889825,36.3% ± 5.5%,0,0,0,RW-Waist + 5.0,TNC,36.3% ± 5.5%,5,RW-Waist,Freeze
RNN,36.12680534521739,8.990536078244002,36.1% ± 9.0%,0,0,0,MS + 10.0,TNC,36.1% ± 9.0%,10,MS,Freeze
CNN-PFF,36.05935076872508,6.1109734960693185,36.1% ± 6.1%,0,0,0,RW-Thigh + 5.0,TNC,36.1% ± 6.1%,5,RW-Thigh,Freeze
RNN,35.893720388412476,8.888364936146871,35.9% ± 8.9%,0,0,0,UCI + 10.0,TNC,35.9% ± 8.9%,10,UCI,Freeze
TS2Vec Encoder,35.86676915486653,11.036199424681595,35.9% ± 11.0%,0,0,0,RW-Waist + 1.0,TNC,35.9% ± 11.0%,1,RW-Waist,Freeze
CNN-PFF,34.953703482945755,8.486250781135265,35.0% ± 8.5%,0,0,0,KH + 50.0,TNC,35.0% ± 8.5%,50,KH,Freeze
ResNet-SE-5,34.77714955806732,1.8022430507934384,34.8% ± 1.8%,0,0,0,MS + 5.0,TNC,34.8% ± 1.8%,5,MS,Freeze
RNN,34.25925970077515,4.243126040907661,34.3% ± 4.2%,0,0,0,KH + 5.0,TNC,34.3% ± 4.2%,5,KH,Freeze
TS2Vec Encoder,34.02777810891469,7.3164251800647335,34.0% ± 7.3%,0,0,0,KH + 1.0,TNC,34.0% ± 7.3%,1,KH,Freeze
TS2Vec Encoder,33.796296517054245,13.578712661848863,33.8% ± 13.6%,0,0,0,KH + 10.0,TNC,33.8% ± 13.6%,10,KH,Freeze
IMU Transformer,33.71980686982472,14.389730364071248,33.7% ± 14.4%,0,0,0,UCI + 1.0,TNC,33.7% ± 14.4%,1,UCI,Freeze
ResNet-SE-5,33.33333333333333,1.3888880610468668,33.3% ± 1.4%,0,0,0,KH + 1.0,TNC,33.3% ± 1.4%,1,KH,Freeze
RNN,32.97325074672698,1.515143855909858,33.0% ± 1.5%,0,0,0,RW-Waist + 10.0,TNC,33.0% ± 1.5%,10,RW-Waist,Freeze
ResNet-SE-5,32.793209950129196,5.048118454148585,32.8% ± 5.0%,0,0,0,RW-Waist + 1.0,TNC,32.8% ± 5.0%,1,RW-Waist,Freeze
RNN,32.63888955116272,0.6944447755813599,32.6% ± 0.7%,0,0,0,KH + 1.0,TNC,32.6% ± 0.7%,1,KH,Freeze
IMU Transformer,32.40740746259689,12.194044276888723,32.4% ± 12.2%,0,0,0,KH + 1.0,TNC,32.4% ± 12.2%,1,KH,Freeze
RNN,32.05659091472626,1.7773381868151867,32.1% ± 1.8%,0,0,0,RW-Thigh + 10.0,TNC,32.1% ± 1.8%,10,RW-Thigh,Freeze
CNN-PFF,31.71296219031016,11.750962508272798,31.7% ± 11.8%,0,0,0,KH + 1.0,TNC,31.7% ± 11.8%,1,KH,Freeze
RNN,31.512868404388428,6.908134379749932,31.5% ± 6.9%,0,0,0,MS + 5.0,TNC,31.5% ± 6.9%,5,MS,Freeze
TS2Vec Encoder,31.387319664160408,10.90017116846193,31.4% ± 10.9%,0,0,0,MS + 1.0,TNC,31.4% ± 10.9%,1,MS,Freeze
RNN,31.062801678975415,3.116222431747231,31.1% ± 3.1%,0,0,0,UCI + 1.0,TNC,31.1% ± 3.1%,1,UCI,Freeze
RNN,31.055901447931927,0.8971706032757116,31.1% ± 0.9%,0,0,0,RW-Thigh + 5.0,TNC,31.1% ± 0.9%,5,RW-Thigh,Freeze
RNN,30.889917413393658,3.544837673099219,30.9% ± 3.5%,0,0,0,RW-Waist + 1.0,TNC,30.9% ± 3.5%,1,RW-Waist,Freeze
RNN,30.579710503419232,7.57376372889995,30.6% ± 7.6%,0,0,0,UCI + 5.0,TNC,30.6% ± 7.6%,5,UCI,Freeze
IMU Transformer,30.20473917325337,2.8955357527493137,30.2% ± 2.9%,0,0,0,RW-Thigh + 1.0,TNC,30.2% ± 2.9%,1,RW-Thigh,Freeze
ResNet-SE-5,29.250056544939678,10.82435691415005,29.3% ± 10.8%,0,0,0,RW-Thigh + 1.0,TNC,29.3% ± 10.8%,1,RW-Thigh,Freeze
CNN-PFF,28.550724188486736,3.2921200477504042,28.6% ± 3.3%,0,0,0,UCI + 1.0,TNC,28.6% ± 3.3%,1,UCI,Freeze
CNN-PFF,27.54629651705424,8.342972291591552,27.5% ± 8.3%,0,0,0,KH + 5.0,TNC,27.5% ± 8.3%,5,KH,Freeze
TS2Vec Encoder,27.260178824265797,9.246983923655968,27.3% ± 9.2%,0,0,0,RW-Thigh + 1.0,TNC,27.3% ± 9.2%,1,RW-Thigh,Freeze
RNN,27.08333283662796,7.250212385581943,27.1% ± 7.3%,0,0,0,KH + 10.0,TNC,27.1% ± 7.3%,10,KH,Freeze
RNN,24.408435821533203,7.707974604802763,24.4% ± 7.7%,0,0,0,RW-Waist + 5.0,TNC,24.4% ± 7.7%,5,RW-Waist,Freeze
CNN-PFF,23.867034415403996,12.149656814638806,23.9% ± 12.1%,0,0,0,RW-Thigh + 1.0,TNC,23.9% ± 12.1%,1,RW-Thigh,Freeze
RNN,23.13245385885238,7.27082294099456,23.1% ± 7.3%,0,0,0,MS + 1.0,TNC,23.1% ± 7.3%,1,MS,Freeze
CNN-PFF,20.833333333333336,4.224140945452587,20.8% ± 4.2%,0,0,0,KH + 10.0,TNC,20.8% ± 4.2%,10,KH,Freeze
RNN,19.45019563039143,4.976646272620394,19.5% ± 5.0%,0,0,0,RW-Thigh + 1.0,TNC,19.5% ± 5.0%,1,RW-Thigh,Freeze
